,∆ Salmon (NOK/KG) 1w,∆ Salmon (NOK/KG) 2w,∆ Salmon (NOK/KG) 1m,∆ Salmon (NOK/KG) 3m,∆ Salmon (NOK/KG) 6m,∆ Salmon (NOK/KG) 12m,Acc 1w,Acc 1m,RVol 4w,RVol 13w,RVol 52w,Spread (FP - SSB),∆ Spread (FP - SSB),FWD 1m,∆ FWD 1m,FWD 3m,∆ FWD 3m,FWD 6m,∆ FWD 6m,FWD 12m,∆ FWD 12m,FWD Slope,FWD Curvature,∆ Export Volume 1w,∆ Export Volume 2w,∆ Export Volume 1m,∆ Chilean Exports 1w,∆ Chilean Exports 2w,∆ Chilean Exports 1m,∆ Chilean Exports 3m,∆ Total Biomass Monthly,∆YOY Total Biomass Monthly,Avg Weight (KG) Monthly,YOY Avg Weight (KG) Monthly,Harvest Intensity 1m Monthly,Harvest Intensity 3m Monthly,Loss Rate 1m Monthly,Loss Rate 3m Monthly,Loss Rate 6m Monthly,Smolt Release 2m Monthly,Smolt Release 3m Monthly,Smolt Release 4m Monthly,Smolt Release 5m Monthly,Smolt Release 6m Monthly,Smolt Release 7m Monthly,Smolt Release 8m Monthly,Smolt Release 9m Monthly,Smolt Release 10m Monthly,Smolt Release 11m Monthly,Smolt Release 12m Monthly,Smolt Release 13m Monthly,Smolt Release 14m Monthly,Smolt Release 15m Monthly,Smolt Release 16m Monthly,Smolt Release 17m Monthly,Smolt Release 18m Monthly,ISA Outbreak,ISA Outbreak 1m,ISA Outbreak 3m,Lice Outbreak,Lice Outbreak 1m,Lice Outbreak 3m,Sea Temp,Sea Temp 12m Avg,∆ EURNOK,∆ EURNOK 1w,∆ EURNOK 2w,∆ EURNOK 1m,∆ EURNOK 3m,∆ EURNOK 6m,∆ EURNOK 12m,CPI NO Monthly,NIBOR 3m,∆ Shrimp Price (Global) 1m Monthly,∆ Shrimp Price (Global) 3m Monthly,∆ Shrimp Price (Global) 6m Monthly,∆ Shrimp Price (Global) 12m Monthly,∆ Broiler Price (EU) 1w,∆ Broiler Price (EU) 2w,∆ Broiler Price (EU) 1m,∆ Broiler Price (EU) 3m,∆ Broiler Price (EU) 6m,∆ Broiler Price (EU) 12m,∆ Pig Price (EU),∆ Pig Price (EU) 1w,∆ Pig Price (EU) 2w,∆ Pig Price (EU) 1m,∆ Pig Price (EU) 3m,∆ Pig Price (EU) 6m,∆ Pig Price (EU) 12m,Meat CPI (EU) Monthly,∆ Fishmeal 1m Monthly,∆ Fishmeal 3m Monthly,∆ Fishmeal 6m Monthly,∆ Fishmeal 12m Monthly,Brent FWD Slope,Brent FWD Curvature,Soybean FWD Slope,Soybean FWD Curvature,Month_01,Month_02,Month_03,Month_04,Month_05,Month_06,Month_07,Month_08,Month_09,Month_10,Month_11
2022-01-05,0.0,0.0,-5.903321057339014e-05,-0.0034120570762534823,-0.00841319115744204,0.0010999693141974952,0.0,-0.0005386860667035637,0.0,-0.00032734011236362624,-0.0015511757563607816,0.008064228756567577,0.0,0.0035361274527924563,0.0,0.012855216341079962,-0.0003557335984437309,-0.017096044512810864,0.0,0.006130884550273155,0.0,0.0006785311818458424,-0.006637646205496042,0.0,0.0,0.0,0.0,0.0,0.0,0.0,0.0,0.01901758844652095,0.0029042526536086372,0.0,0.0008486819583740711,0.0,0.0,0.0,-0.0003457067573944405,0.0015068685433991347,0.02815056735610257,0.010647204375106491,0.00012148244354781908,0.0,0.0,0.016195429217109383,0.005001039940577089,-0.0017148977933063897,0.0,0.0009526864041431555,-0.0004373783893821296,-0.000614202190376962,0.0030907591362821377,0.0,0.0,-0.00022377893995455242,-0.001630121856706193,-0.0008310772632589594,0.022318646002867794,-0.0010801404550587358,-0.0015151843717852206,0.0,0.0,-0.00021872922562264798,0.0,0.0,0.0,0.0,0.0,0.0,0.0034369920226360547,0.0,0.0,0.0,0.0004748622097504096,0.00010157960452200423,0.00019973468141328931,0.0,0.0,0.0,0.0,0.0,0.0001601185356155493,0.0,0.0,0.0,0.0,0.0,0.0,0.0,-0.007236852525449172,-0.0007985447313203634,-0.0047919652251307305,-0.0038757756835575167,0.0007673212797205669,-0.00140001283022894,0.0,0.0,-0.000738442766503617,0.0,0.0,0.0,0.0,0.0002193345377078792,0.0,0.0,0.0,0.0,0.0,0.0
2022-01-12,0.0,0.0,-5.903321057339014e-05,-0.0034120570762534823,-0.00841319115744204,0.0010999693141974952,0.0,-0.0005386860667035637,0.0,-0.00032734011236362624,-0.0015511757563607816,0.008064228756567577,0.0,-0.0006174350806919124,0.0,0.008892978960321346,-0.00011144923113024288,-0.017096044512810864,0.0,0.006153237593872141,0.0,0.0006785311818458424,-0.006637646205496042,0.0,0.0,0.0,0.0,0.0,0.0,0.0,0.0,0.01901758844652095,0.0029042526536086372,0.0,0.00036335398142291707,0.0,0.0,0.0,0.0005257900668578242,0.0015068685433991347,0.02815056735610257,0.010647204375106491,0.00012148244354781908,0.0,0.0,0.016195429217109383,0.005909309289012265,-0.0017148977933063897,0.0,0.0009526864041431555,-0.0004373783893821296,-0.000614202190376962,0.0030907591362821377,0.0,0.0,-0.00022377893995455242,-0.001630121856706193,-0.0008310772632589594,0.022318646002867794,-0.0004930225245348783,-0.0015151843717852206,0.0,0.0,-0.00021872922562264798,0.0,0.0,0.0,0.0,0.0,0.0,0.0034369920226360547,0.0,0.0,0.0,0.0004748622097504096,0.00010157960452200423,0.00019973468141328931,0.0,0.0,0.0,0.0,0.0,0.0001601185356155493,0.0,0.0,0.0,0.0,0.0,0.0,0.0,0.0018410681456922369,-0.0007985447313203634,-0.0047919652251307305,-0.003947463360303693,0.00029968006318442886,-0.00140001283022894,0.0,0.0,0.013049615230853717,0.0,0.0,0.0,0.0,0.0002193345377078792,0.0,0.0,0.0,0.0,0.0,0.0
2022-01-19,0.0,0.0,-5.903321057339014e-05,-0.0034120570762534823,-0.00841319115744204,0.0010999693141974952,0.0,-0.0005386860667035637,0.0,-0.0005669456665682419,-0.0012968617002076445,0.008064228756567577,0.0,-0.007926670433715635,0.0,-0.008969468950145302,-0.00011144923113024288,-0.0188581130445434,0.0,-0.005306457515561714,0.0,0.0006785311818458424,-0.006637646205496042,0.0,0.0,0.0,0.0,0.0,0.0,0.0,0.0,0.01901758844652095,0.0029042526536086372,0.0,0.00036335398142291707,0.0,0.0,0.0,0.0005257900668578242,0.0015068685433991347,0.0288763881974433,0.010578282832082137,0.00012148244354781908,0.0,0.0,0.01615269736767639,0.005909309289012265,-0.0017148977933063897,0.0,0.0009526864041431555,-0.0004373783893821296,-0.000614202190376962,0.0030907591362821377,0.0,0.0,-0.0003649840985449867,-0.001630121856706193,-0.0008310772632589594,0.022318646002867794,-0.0004930225245348783,-0.0015151843717852206,0.0,0.0,-0.00021872922562264798,0.0,0.0,0.0,0.0,0.0,0.0,0.0034369920226360547,0.0,0.0,0.0,0.0004437983155385656,0.00010157960452200423,0.00019973468141328931,0.0,0.0,0.0,0.0,0.0,0.0001601185356155493,0.0,0.0,0.0,0.0,0.0,0.0,0.0,0.0018410681456922369,-0.0007985447313203634,-0.0047919652251307305,-0.003947463360303693,0.00029968006318442886,-0.00140001283022894,0.0,0.0,0.013049615230853717,0.0,0.0,0.0,0.0,0.0002193345377078792,0.0,0.0,0.0,0.0,0.0,0.0
2022-01-26,0.0,0.0,-5.903321057339014e-05,-0.0034120570762534823,-0.00841319115744204,0.0010999693141974952,0.0,-0.0005386860667035637,0.0,-0.0005669456665682419,-0.0012968617002076445,0.008064228756567577,0.0,-0.007926670433715635,0.0,-0.008969468950145302,-0.00011144923113024288,-0.0188581130445434,0.0,-0.005306457515561714,0.0,0.0006785311818458424,-0.006637646205496042,0.0,0.0,0.0,0.0,0.0,0.0,0.0,0.0,0.01901758844652095,0.0029042526536086372,0.0,0.00036335398142291707,0.0,0.0,0.0,0.0005257900668578242,0.0015068685433991347,0.0288763881974433,0.010578282832082137,0.00012148244354781908,0.0,0.0,0.01615269736767639,0.005909309289012265,-0.0017148977933063897,0.0,0.0009526864041431555,-0.0004373783893821296,-0.000614202190376962,0.0030907591362821377,0.0,0.0,-0.0003649840985449867,-0.001630121856706193,-0.0008310772632589594,0.022318646002867794,-0.0004930225245348783,-0.0015151843717852206,0.0,0.0,-0.00021872922562264798,0.0,0.0,0.0,0.0,0.0,0.0,0.0034369920226360547,0.0,0.0,0.0,0.0004437983155385656,0.00010157960452200423,0.00019973468141328931,0.0,0.0,0.0,0.0,0.0,0.0001601185356155493,0.0,0.0,0.0,0.0,0.0,0.0,0.0,0.0018410681456922369,-0.0007985447313203634,-0.0047919652251307305,-0.003947463360303693,0.00029968006318442886,-0.00140001283022894,0.0,0.0,0.013049615230853717,0.0,0.0,0.0,0.0,0.0002193345377078792,0.0,0.0,0.0,0.0,0.0,0.0
2022-02-02,0.0,0.0,-5.903321057339014e-05,-0.0034120570762534823,-0.00878170658720664,0.0010999693141974952,0.0,-0.0005386860667035637,0.0,0.0019247467338684003,-0.0012968617002076445,-0.0006802727215567727,0.0,-0.005406735091893453,0.0,-0.00856569579902519,-0.00011144923113024288,-0.01842261374512721,0.0,-0.005251744803164036,0.0,0.0006785311818458424,-0.0068026993920621,0.0,0.0,0.0,0.0,0.0,0.0,0.0,0.0,0.01947596866105893,0.002826084862733938,0.0,0.00036335398142291707,0.0,0.0,0.0,0.0005257900668578242,0.0015068685433991347,0.0288763881974433,0.009841530085114188,0.00012148244354781908,0.0,0.0,-0.008490898431030063,0.0020144303520421916,0.0026200895301579192,0.0,0.0009526864041431555,-0.0004373783893821296,-0.000614202190376962,0.0030907591362821377,0.0,0.0,-0.0003649840985449867,-0.001630121856706193,-0.0008310772632589594,0.022318646002867794,0.0005887429220570444,0.00213941852275055,0.0,0.0,-0.00021872922562264798,0.0,0.0,0.0,0.0,0.0,0.0,0.004028815766674872,0.0,0.0,0.0,0.0004437983155385656,0.00010157960452200423,0.00019973468141328931,0.0,0.0,0.0,0.0,0.0,0.0001601185356155493,0.0,0.0,0.0,0.0,0.0,0.0,0.0,0.0018410681456922369,-0.0007985447313203634,-0.005075961179640419,-0.003947463360303693,0.00029968006318442886,-0.00140001283022894,0.0,0.0,0.012115958058057213,0.0,0.0,0.0,0.0,0.0002193345377078792,0.0,0.0,0.0,0.0,0.0,0.0
2022-02-09,0.0,0.0,-5.903321057339014e-05,-0.006210566909575451,-0.009216228107200483,0.0010999693141974952,0.0,-0.0005386860667035637,0.0,-0.001537477948861771,-0.0012968617002076445,0.008064228756567577,0.0,-0.005406735091893453,0.0,-0.016842272336267027,-0.00011144923113024288,-0.01842261374512721,0.0,-0.005251744803164036,0.0,0.0006785311818458424,-0.0068145360251855025,0.0,0.0,0.0,0.0,0.0,0.0,0.0,0.0,0.01947596866105893,0.0028692568410774518,0.0,0.00036335398142291707,0.0,0.0,0.0,0.0005257900668578242,0.0015068685433991347,0.0288763881974433,0.009841530085114188,0.00012148244354781908,0.0,0.0,-0.008490898431030063,0.0020144303520421916,0.0026200895301579192,0.0,0.0009526864041431555,-0.0004373783893821296,-0.000614202190376962,0.0030907591362821377,0.0,0.0,-0.0003649840985449867,-0.001630121856706193,-0.0008310772632589594,0.022318646002867794,0.0005887429220570444,1.450796927253241e-05,0.0,0.0,-0.00021872922562264798,0.0,0.0,0.0,0.0,0.0,0.0,0.0034369920226360547,0.0,0.0,0.0,0.0004437983155385656,0.00010157960452200423,0.00019973468141328931,0.0,0.0,0.0,0.0,0.0,0.0010825475414468263,0.0,0.0,0.0,0.0,0.0,0.0,0.0,0.0018410681456922369,-0.0007985447313203634,-0.005075961179640419,-0.003947463360303693,0.00029968006318442886,-0.00140001283022894,0.0,0.0,0.012115958058057213,0.0,0.0,0.0,0.0,0.0002193345377078792,0.0,0.0,0.0,0.0,0.0,0.0
2022-02-16,0.0,0.0,-5.903321057339014e-05,-0.006210566909575451,-0.009584743536965082,0.0010999693141974952,0.0,-0.0005386860667035637,0.0,0.0011219771104256577,-0.0012968617002076445,-0.029031601256888667,0.0,-0.007938356117894766,0.0,-0.016842272336267027,-0.0003557335984437309,-0.01842261374512721,0.0,-0.01257785256077908,0.0,0.0006785311818458424,-0.006745773999908587,0.0,0.0,0.0,0.0,0.0,0.0,0.0,0.0,0.020199264286910188,0.002826084862733938,0.0,9.411766692677401e-05,0.0,0.0,0.0,-0.0003457067573944405,0.0015068685433991347,0.0288763881974433,0.009841530085114188,0.00012148244354781908,0.0,0.0,-0.008490898431030063,0.0020144303520421916,0.0026200895301579192,0.0,0.0009526864041431555,-0.0004373783893821296,-0.000614202190376962,0.0030907591362821377,0.0,0.0,-0.0003649840985449867,-0.001630121856706193,-0.0008310772632589594,0.028325610176384793,0.002531305951444623,0.00213941852275055,0.0,0.0,-0.00021872922562264798,0.0,0.0,0.0,0.0,0.0,0.0,-0.001859713785332156,0.0,0.0,0.0,0.0004437983155385656,4.4767309748887306e-05,0.00019973468141328931,0.0,0.0,0.0,0.0,0.0,0.0010825475414468263,0.0,0.0,0.0,0.0,0.0,0.0,0.0,0.00300762902883636,-0.0007985447313203634,-0.005075961179640419,-0.003947463360303693,0.00029968006318442886,-0.00140001283022894,0.0,0.0,0.0008575810206113152,0.0,0.0,0.0,0.0,0.0002193345377078792,0.0,0.0,0.0,0.0,0.0,0.0
2022-02-23,0.0,0.0,-5.903321057339014e-05,-0.006210566909575451,-0.009584743536965082,0.0010999693141974952,0.0,-0.0005386860667035637,0.0,0.0011219771104256577,-0.0012968617002076445,-0.029031601256888667,0.0,-0.007938356117894766,0.0,-0.016842272336267027,-0.00011144923113024288,-0.01842261374512721,0.0,-0.012555499517180093,0.0,0.0006785311818458424,-0.006745773999908587,0.0,0.0,0.0,0.0,0.0,0.0,0.0,0.0,0.020199264286910188,0.002826084862733938,0.0,-0.00039121031002438005,0.0,0.0,0.0,0.0005257900668578242,0.0015068685433991347,0.0288763881974433,0.009841530085114188,0.00012148244354781908,0.0,0.0,-0.008490898431030063,0.0020144303520421916,0.0026200895301579192,0.0,0.0009526864041431555,-0.0004373783893821296,-0.000614202190376962,0.0030907591362821377,0.0,0.0,-0.0003649840985449867,-0.001630121856706193,-0.0008310772632589594,0.028325610176384793,0.0005887429220570444,0.00213941852275055,0.0,0.0,-0.00021872922562264798,0.0,0.0,0.0,0.0,0.0,0.0,-0.001859713785332156,0.0,0.0,0.0,0.0004437983155385656,4.4767309748887306e-05,0.00019973468141328931,0.0,0.0,0.0,0.0,0.0,0.0010825475414468263,0.0,0.0,0.0,0.0,0.0,0.0,0.0,0.00300762902883636,-0.0007985447313203634,-0.005075961179640419,-0.003947463360303693,0.00029968006318442886,-0.00140001283022894,0.0,0.0,0.012115958058057213,0.0,0.0,0.0,0.0,0.0002193345377078792,0.0,0.0,0.0,0.0,0.0,0.0
2022-03-02,0.0,0.0,-5.903321057339014e-05,-0.006210566909575451,-0.00878170658720664,0.0010999693141974952,0.0,-0.0005386860667035637,0.0,0.0011219771104256577,-0.0012968617002076445,-0.029031601256888667,0.0,-0.007938356117894766,0.0,-0.016842272336267027,-0.00011144923113024288,-0.0188581130445434,0.0,-0.012555499517180093,0.0,0.0006785311818458424,-0.006749199081317331,0.0,0.0,0.0,0.0,0.0,0.0,0.0,0.0,0.020199264286910188,0.002826084862733938,0.0,-0.00039121031002438005,0.0,0.0,0.0,0.0005257900668578242,0.0015068685433991347,0.026624298871555437,0.009841530085114188,-0.0007710938258877364,0.0,0.0,-0.008490898431030063,-0.0030573341337667816,0.0005217091708611199,0.0,0.0009526864041431555,-0.0004373783893821296,-0.000614202190376962,0.0030907591362821377,0.0,0.0,-0.0006595399888959504,-0.001630121856706193,-0.0008310772632589594,0.028325610176384793,0.0005887429220570444,0.00213941852275055,0.0,0.0,-0.00021872922562264798,0.0,0.0,0.0,0.0,0.0,0.0,-0.001859713785332156,0.0,0.0,0.0,0.0004437983155385656,4.4767309748887306e-05,0.00019973468141328931,0.0,0.0,0.0,0.0,0.0,0.0001601185356155493,0.0,0.0,0.0,0.0,0.0,0.0,0.0,0.00300762902883636,-0.0007985447313203634,-0.0015970672907964526,-0.003947463360303693,0.00029968006318442886,-0.00140001283022894,0.0,0.0,0.012115958058057213,0.0,0.0,0.0,0.0,0.0002193345377078792,0.0,0.0,0.0,0.0,0.0,0.0
2022-03-09,0.0,0.0,-5.903321057339014e-05,-0.006210566909575451,-0.00878170658720664,0.0010999693141974952,0.0,-0.0005386860667035637,0.0,0.0011219771104256577,-0.0012968617002076445,-0.02595463451769659,0.0,-0.007926670433715635,0.0,-0.016842272336267027,0.0007161205915177307,-0.0188581130445434,0.0,-0.012555499517180093,0.0,0.0006785311818458424,-0.006749199081317331,0.0,0.0,0.0,0.0,0.0,0.0,0.0,0.0,0.01916347251932859,0.002826084862733938,0.0,-0.00039121031002438005,0.0,0.0,0.0,0.0005257900668578242,0.0015068685433991347,0.026624298871555437,0.009841530085114188,-0.0007710938258877364,0.0,0.0,-0.008490898431030063,-0.0030573341337667816,0.0005217091708611199,0.0,0.0009526864041431555,-0.0004373783893821296,-0.000614202190376962,0.0030907591362821377,0.0,0.0,-0.0006595399888959504,-0.001630121856706193,-0.0008310772632589594,0.025929855023490374,-0.0004930225245348783,0.00213941852275055,0.0,0.0,-0.00021872922562264798,0.0,0.0,0.0,0.0,0.0,0.0,0.004028815766674872,0.0,0.0,0.0,0.0004437983155385656,4.4767309748887306e-05,0.00019973468141328931,0.0,0.0,0.0,0.0,0.0,0.0001601185356155493,0.0,0.0,0.0,0.0,0.0,0.0,0.0,0.00300762902883636,-0.0007985447313203634,-0.0015970672907964526,-0.003947463360303693,0.00029968006318442886,-0.00140001283022894,0.0,0.0,0.012516070908493843,0.0,0.0,0.0,0.0,0.0002193345377078792,0.0,0.0,0.0,0.0,0.0,0.0
2022-03-16,0.0,0.0,-5.903321057339014e-05,-0.0037988750563897195,-0.009584743536965082,0.0010999693141974952,0.0,-0.0005386860667035637,0.0,0.0011219771104256577,-0.0012968617002076445,0.003218076068876037,0.0,-0.007938356117894766,0.0,-0.016842272336267027,-0.0003557335984437309,-0.017640599776330982,0.0,-0.01257785256077908,0.0,-0.0033505568150280175,-0.006806124473470844,0.0,0.0,0.0,0.0,0.0,0.0,0.0,0.0,0.01916347251932859,0.0028692568410774518,0.0,0.0008486819583740711,0.0,0.0,0.0,-0.0003457067573944405,0.0015068685433991347,0.026624298871555437,0.009841530085114188,-0.0007710938258877364,0.0,0.0,-0.008490898431030063,-0.0030573341337667816,0.0005217091708611199,0.0,0.0009526864041431555,-0.0004373783893821296,-0.0015593492878251442,0.0030907591362821377,0.0,0.0,-0.0006595399888959504,-0.001630121856706193,-0.0008310772632589594,0.024714401155762213,-0.0010801404550587358,0.00213941852275055,0.0,0.0,-0.00021872922562264798,0.0,0.0,0.0,0.0,0.0,0.0,-0.001859713785332156,0.0,0.0,0.0,0.0004437983155385656,4.4767309748887306e-05,0.00019973468141328931,0.0,0.0,0.0,0.0,0.0,0.0010825475414468263,0.0,0.0,0.0,0.0,0.0,0.0,0.0,0.008390065908037992,-0.0007985447313203634,-0.0015970672907964526,-0.003947463360303693,0.00029968006318442886,-0.00140001283022894,0.0,0.0,-0.0003782071485605035,0.0,0.0,0.0,0.0,0.0002193345377078792,0.0,0.0,0.0,0.0,0.0,0.0
2022-03-23,0.0,0.0,-5.903321057339014e-05,-6.874021613411611e-05,-0.009584743536965082,0.0010999693141974952,0.0,0.009120279033348184,0.0,0.0019247467338684003,-0.0012968617002076445,-0.028541112468160382,0.0,-0.005406735091893453,0.0,-0.016842272336267027,-0.00011144923113024288,-0.017640599776330982,0.0,-0.008936711345968728,0.0,-0.0033505568150280175,-0.006737362448193929,0.0,0.0,0.0,0.0,0.0,0.0,0.0,0.0,0.020358784011584138,0.002696350488661478,0.0,-0.00039121031002438005,0.0,0.0,0.0,0.0005257900668578242,0.0015068685433991347,0.026502354040124375,0.009841530085114188,-0.0007710938258877364,0.0,0.0,-0.008490898431030063,-0.0030573341337667816,0.0005217091708611199,0.0,0.0009526864041431555,-0.0004373783893821296,-0.0015593492878251442,0.0030907591362821377,0.0,0.0,-0.0006595399888959504,-0.001630121856706193,-0.0008310772632589594,0.025929855023490374,-0.0004930225245348783,0.00213941852275055,0.0,0.0,-0.00021872922562264798,0.0,0.0,0.0,0.0,0.0,0.0,0.004028815766674872,0.0,0.0,0.0,0.0004437983155385656,4.4767309748887306e-05,0.00019973468141328931,0.0,0.0,0.0,0.0,0.0,0.0010825475414468263,0.0,0.0,0.0,0.0,0.0,0.0,0.0,0.007204227023393096,-0.0007985447313203634,-0.0015970672907964526,-0.003947463360303693,0.00029968006318442886,-0.00140001283022894,0.0,0.0,0.013409850848796829,0.0,0.0,0.0,0.0,0.0002193345377078792,0.0,0.0,0.0,0.0,0.0,0.0
2022-03-30,0.0,0.0,-5.903321057339014e-05,-0.0037988750563897195,-0.009584743536965082,0.0010999693141974952,0.0,-0.0005386860667035637,0.0,0.0013615826646302734,-0.0012968617002076445,-0.028541112468160382,0.0,-0.005406735091893453,0.0,-0.01892207523286151,-0.00011144923113024288,-0.017640599776330982,0.0,-0.012555499517180093,0.0,-0.007414023249083161,-0.006737362448193929,0.0,0.0,0.0,0.0,0.0,0.0,0.0,0.0,0.020199264286910188,0.002826084862733938,0.0,-0.00039121031002438005,0.0,0.0,0.0,0.0005257900668578242,0.0015068685433991347,0.026624298871555437,0.009841530085114188,-0.0007710938258877364,0.0,0.0,-0.008490898431030063,-0.0030573341337667816,0.0005217091708611199,0.0,0.0009526864041431555,-0.0004373783893821296,-0.0015593492878251442,0.0030907591362821377,0.0,0.0,-0.0006595399888959504,-0.001630121856706193,-0.0008310772632589594,0.025929855023490374,-0.0004930225245348783,0.00213941852275055,0.0,0.0,-0.00021872922562264798,0.0,0.0,0.0,0.0,0.0,0.0,0.004028815766674872,0.0,0.0,0.0,0.0004437983155385656,4.4767309748887306e-05,0.00019973468141328931,0.0,0.0,0.0,0.0,0.0,0.0010825475414468263,0.0,0.0,0.0,0.0,0.0,0.0,0.0,0.007204227023393096,-0.0007985447313203634,-0.0015970672907964526,-0.003947463360303693,0.00029968006318442886,-0.00140001283022894,0.0,0.0,0.013409850848796829,0.0,0.0,0.0,0.0,0.0002193345377078792,0.0,0.0,0.0,0.0,0.0,0.0
2022-04-06,0.0,0.0,-5.903321057339014e-05,-0.006210566909575451,-0.009584743536965082,0.0010999693141974952,0.0,-0.0005386860667035637,0.0,-0.002340247572304514,0.0013760257142565132,-0.028541112468160382,0.0,-0.007926670433715635,0.0,-0.014045077434776775,-0.00011144923113024288,-0.017640599776330982,0.0,-0.012555499517180093,0.0,-0.0022129615225721035,-0.006749199081317331,0.0,0.0,0.0,0.0,0.0,0.0,0.0,0.0,0.020199264286910188,0.0028610806752651236,0.0,-0.00039121031002438005,0.0,0.0,0.0,0.0005257900668578242,0.0015068685433991347,0.027409657035514234,0.009841530085114188,0.00012148244354781908,0.0,0.0,-0.008490898431030063,-0.0030573341337667816,-0.0017148977933063897,0.0,-0.00278205466871578,-0.0004373783893821296,-0.005066468586162996,0.0008947410849583768,0.0,0.0,-0.0003649840985449867,-0.001630121856706193,-0.0008310772632589594,0.025929855023490374,-0.0004930225245348783,1.450796927253241e-05,0.0,0.0,-0.00021872922562264798,0.0,0.0,0.0,0.0,0.0,0.0,0.004028815766674872,0.0,0.0,0.0,0.0004437983155385656,4.4767309748887306e-05,0.00019973468141328931,0.0,0.0,0.0,0.0,0.0,0.0010825475414468263,0.0,0.0,0.0,0.0,0.0,0.0,0.0,0.007204227023393096,-0.0007918045762549393,-0.005075961179640419,-0.003947463360303693,0.00029968006318442886,-0.00140001283022894,0.0,0.0,0.013409850848796829,0.0,0.0,0.0,0.0,0.0002193345377078792,0.0,0.0,0.0,0.0,0.0,0.0
2022-04-13,0.0,0.0,-5.903321057339014e-05,-0.006210566909575451,-0.009584743536965082,0.0010999693141974952,0.0,-0.0005386860667035637,0.0,-0.0011301097358063688,-0.0009806938214099118,-0.028541112468160382,0.0,-0.007926670433715635,0.0,-0.014045077434776775,-0.00011144923113024288,-0.017640599776330982,0.0,-0.012555499517180093,0.0,-0.0022129615225721035,-0.006749199081317331,0.0,0.0,0.0,0.0,0.0,0.0,0.0,0.0,0.020199264286910188,0.0028610806752651236,0.0,-0.00039121031002438005,0.0,0.0,0.0,0.0005257900668578242,0.0015068685433991347,0.027409657035514234,0.009841530085114188,0.00012148244354781908,0.0,0.0,-0.008490898431030063,-0.0030573341337667816,-0.0017148977933063897,0.0,-0.00278205466871578,-0.0004373783893821296,-0.005066468586162996,0.0008947410849583768,0.0,0.0,-0.0003649840985449867,-0.001630121856706193,-0.0008310772632589594,0.025929855023490374,-0.0004930225245348783,-0.0015151843717852206,0.0,0.0,-0.00021872922562264798,0.0,0.0,0.0,0.0,0.0,0.0,0.004028815766674872,0.0,0.0,0.0,0.0004437983155385656,4.4767309748887306e-05,0.00019973468141328931,0.0,0.0,0.0,0.0,0.0,0.0010825475414468263,0.0,0.0,0.0,0.0,0.0,0.0,0.0,0.007204227023393096,-0.0007985447313203634,-0.005075961179640419,-0.003947463360303693,0.00029968006318442886,-0.00140001283022894,0.0,0.0,0.013409850848796829,0.0,0.0,0.0,0.0,0.0002193345377078792,0.0,0.0,0.0,0.0,0.0,0.0
2022-04-20,0.0,0.0,-5.903321057339014e-05,-0.006210566909575451,-0.009584743536965082,0.0010999693141974952,0.0,-0.0005386860667035637,0.0,-0.0011301097358063688,-0.0009806938214099118,-0.028541112468160382,0.0,-0.007926670433715635,0.0,-0.014045077434776775,-0.00011144923113024288,-0.017640599776330982,0.0,-0.012555499517180093,0.0,-0.0022129615225721035,-0.006749199081317331,0.0,0.0,0.0,0.0,0.0,0.0,0.0,0.0,0.020199264286910188,0.0028610806752651236,0.0,-0.00039121031002438005,0.0,0.0,0.0,0.0005257900668578242,0.0015068685433991347,0.027409657035514234,0.009841530085114188,0.00012148244354781908,0.0,0.0,-0.008490898431030063,-0.0030573341337667816,-0.0017148977933063897,0.0,-0.00278205466871578,-0.0004373783893821296,-0.005066468586162996,0.0008947410849583768,0.0,0.0,-0.0003649840985449867,-0.001630121856706193,-0.0008310772632589594,0.025929855023490374,-0.0004930225245348783,-0.0015151843717852206,0.0,0.0,-0.00021872922562264798,0.0,0.0,0.0,0.0,0.0,0.0,0.004028815766674872,0.0,0.0,0.0,0.0004437983155385656,4.4767309748887306e-05,0.00019973468141328931,0.0,0.0,0.0,0.0,0.0,0.0010825475414468263,0.0,0.0,0.0,0.0,0.0,0.0,0.0,0.007204227023393096,-0.0007985447313203634,-0.005075961179640419,-0.003947463360303693,0.00029968006318442886,-0.00140001283022894,0.0,0.0,0.013409850848796829,0.0,0.0,0.0,0.0,0.0002193345377078792,0.0,0.0,0.0,0.0,0.0,0.0
2022-04-27,0.0,0.0,-5.903321057339014e-05,-0.006210566909575451,-0.009584743536965082,0.0010999693141974952,0.0,-0.0005386860667035637,0.0,-0.0011301097358063688,-0.0009806938214099118,-0.028541112468160382,0.0,-0.007926670433715635,0.0,-0.014045077434776775,-0.00011144923113024288,-0.017640599776330982,0.0,-0.012555499517180093,0.0,-0.0022129615225721035,-0.006749199081317331,0.0,0.0,0.0,0.0,0.0,0.0,0.0,0.0,0.020199264286910188,0.0028610806752651236,0.0,-0.00039121031002438005,0.0,0.0,0.0,0.0005257900668578242,0.0015068685433991347,0.027409657035514234,0.009841530085114188,0.00012148244354781908,0.0,0.0,-0.008490898431030063,-0.0030573341337667816,-0.0017148977933063897,0.0,-0.00278205466871578,-0.0004373783893821296,-0.005066468586162996,0.0008947410849583768,0.0,0.0,-0.0003649840985449867,-0.001630121856706193,-0.0008310772632589594,0.025929855023490374,-0.0004930225245348783,-0.0015151843717852206,0.0,0.0,-0.00021872922562264798,0.0,0.0,0.0,0.0,0.0,0.0,0.004028815766674872,0.0,0.0,0.0,0.0004437983155385656,4.4767309748887306e-05,0.00019973468141328931,0.0,0.0,0.0,0.0,0.0,0.0010825475414468263,0.0,0.0,0.0,0.0,0.0,0.0,0.0,0.007204227023393096,-0.0007985447313203634,-0.005075961179640419,-0.003947463360303693,0.00029968006318442886,-0.00140001283022894,0.0,0.0,0.013409850848796829,0.0,0.0,0.0,0.0,0.0002193345377078792,0.0,0.0,0.0,0.0,0.0,0.0
2022-05-04,0.0,0.0,-5.903321057339014e-05,-0.0062499414579887625,-0.009584743536965082,0.0010999693141974952,0.0,-0.0005386860667035637,0.0,-0.0011301097358063688,-0.0012968617002076445,-0.029031601256888667,0.0,-0.007938356117894766,0.0,-0.01773433286693448,-0.00011144923113024288,-0.016502812656783605,0.0,-0.012555499517180093,0.0,0.00023221434838936915,-0.006749199081317331,0.0,0.0,0.0,0.0,0.0,0.0,0.0,0.0,0.020199264286910188,0.0028610806752651236,0.0,-0.00039121031002438005,0.0,0.0,0.0,0.0005257900668578242,0.0015068685433991347,0.01488988976948381,0.008326748177212347,0.00012148244354781908,0.0,0.0,-0.008490898431030063,-0.0030573341337667816,-0.0017148977933063897,0.0,-0.00278205466871578,-0.0004373783893821296,-0.0002843476059451437,0.0008947410849583768,0.0,0.0,-0.0003649840985449867,-0.001630121856706193,-0.0008310772632589594,0.028325610176384793,-0.0004930225245348783,-0.0015151843717852206,0.0,0.0,-0.00021872922562264798,0.0,0.0,0.0,0.0,0.0,0.0,-0.001859713785332156,0.0,0.0,0.0,-0.016629821671043737,4.4767309748887306e-05,0.00019973468141328931,0.0,0.0,0.0,0.0,0.0,0.0010825475414468263,0.0,0.0,0.0,0.0,0.0,0.0,0.0,0.007204227023393096,-0.0007985447313203634,-0.005075961179640419,-0.003947463360303693,0.00029968006318442886,-0.00140001283022894,0.0,0.0,0.013409850848796829,0.0,0.0,0.0,0.0,-0.002249947838422761,0.0,0.0,0.0,0.0,0.0,0.0
2022-05-11,0.0,0.0,-5.903321057339014e-05,-0.0062499414579887625,-0.009584743536965082,0.0010999693141974952,0.0,-0.0005386860667035637,0.0,-0.0011301097358063688,-0.0012968617002076445,-0.029031601256888667,0.0,-0.007938356117894766,0.0,-0.014045077434776775,-0.00011144923113024288,-0.016502812656783605,0.0,-0.012555499517180093,0.0,-0.0020912817537874413,-0.006749199081317331,0.0,0.0,0.0,0.0,0.0,0.0,0.0,0.0,0.020199264286910188,0.0028610806752651236,0.0,-0.00039121031002438005,0.0,0.0,0.0,0.0005257900668578242,0.0015068685433991347,0.01488988976948381,0.008326748177212347,0.00012148244354781908,0.0,0.0,-0.008490898431030063,-0.0030573341337667816,-0.0017148977933063897,0.0,-0.00278205466871578,-0.0004373783893821296,-0.0012294947033933256,0.0008947410849583768,0.0,0.0,-0.0003649840985449867,-0.001630121856706193,-0.0008310772632589594,0.028325610176384793,-0.0004930225245348783,-0.0015151843717852206,0.0,0.0,-0.00021872922562264798,0.0,0.0,0.0,0.0,0.0,0.0,-0.001859713785332156,0.0,0.0,0.0,-0.016629821671043737,4.4767309748887306e-05,0.00019973468141328931,0.0,0.0,0.0,0.0,0.0,0.0010825475414468263,0.0,0.0,0.0,0.0,0.0,0.0,0.0,0.007204227023393096,-0.0007985447313203634,-0.005075961179640419,-0.003947463360303693,0.00029968006318442886,-0.00140001283022894,0.0,0.0,0.013409850848796829,0.0,0.0,0.0,0.0,-0.002249947838422761,0.0,0.0,0.0,0.0,0.0,0.0
2022-05-18,0.0,0.0,-5.903321057339014e-05,-0.0062499414579887625,-0.009584743536965082,0.0010999693141974952,0.0,0.009120279033348184,0.0,-0.0011301097358063688,-0.0012968617002076445,-0.029031601256888667,0.0,-0.007938356117894766,0.0,-0.01892207523286151,0.0022857775900001435,-0.016502812656783605,0.0,-0.01257785256077908,0.0,-0.007414023249083161,-0.006749199081317331,0.0,0.0,0.0,0.0,0.0,0.0,0.0,0.0,0.020358784011584138,0.0027313463011926636,0.0,9.411766692677401e-05,0.0,0.0,0.0,-0.0003457067573944405,0.0015068685433991347,0.01488988976948381,0.008326748177212347,0.00012148244354781908,0.0,0.0,-0.008490898431030063,-0.0030573341337667816,-0.0017148977933063897,0.0,-0.0021891437744154946,-0.0004373783893821296,-0.0012294947033933256,0.0008947410849583768,0.0,0.0,-0.0003649840985449867,-0.001630121856706193,-0.0008310772632589594,0.028325610176384793,-0.0010801404550587358,-0.0015151843717852206,0.0,0.0,-0.00021872922562264798,0.0,0.0,0.0,0.0,0.0,0.0,-0.001859713785332156,0.0,0.0,0.0,-0.016629821671043737,4.4767309748887306e-05,0.00019973468141328931,0.0,0.0,0.0,0.0,0.0,0.0010825475414468263,0.0,0.0,0.0,0.0,0.0,0.0,0.0,0.007204227023393096,-0.0007985447313203634,-0.005075961179640419,-0.003947463360303693,0.00029968006318442886,-0.00140001283022894,0.0,0.0,-0.001851811868774529,0.0,0.0,0.0,0.0,-0.002249947838422761,0.0,0.0,0.0,0.0,0.0,0.0
2022-05-25,0.0,0.0,-5.903321057339014e-05,-4.771161115733652e-05,-0.009584743536965082,0.0010999693141974952,0.0,0.01694603642599335,0.0,-0.000890504181601753,-0.0012968617002076445,-0.025709433277302275,0.0,-0.005418420776072586,0.0,-0.01892207523286151,0.0022857775900001435,-0.016502812656783605,0.0,-0.01257785256077908,0.0,-0.007414023249083161,-0.006737362448193929,0.0,0.0,0.0,0.0,0.0,0.0,0.0,0.0,0.020358784011584138,0.0027313463011926636,0.0,0.0018839291818278294,0.0,0.0,0.0,-0.0003457067573944405,0.0015068685433991347,0.014593458218634786,0.008326748177212347,0.00012148244354781908,0.0,0.0,-0.008490898431030063,-0.0030573341337667816,-0.0017148977933063897,0.0,-0.00278205466871578,-0.0004373783893821296,-0.0012294947033933256,0.0008947410849583768,0.0,0.0,-0.0003649840985449867,-0.001630121856706193,-0.0008310772632589594,0.028325610176384793,-0.0010801404550587358,-0.0015151843717852206,0.0,0.0,-0.00021872922562264798,0.0,0.0,0.0,0.0,0.0,0.0,-0.001859713785332156,0.0,0.0,0.0,-0.016629821671043737,4.4767309748887306e-05,0.00019973468141328931,0.0,0.0,0.0,0.0,0.0,0.0010825475414468263,0.0,0.0,0.0,0.0,0.0,0.0,0.0,0.007204227023393096,-0.0007985447313203634,-0.005075961179640419,-0.003947463360303693,0.00029968006318442886,-0.00140001283022894,0.0,0.0,0.0005419542769324107,0.0,0.0,0.0,0.0,-0.002249947838422761,0.0,0.0,0.0,0.0,0.0,0.0
2022-06-01,0.0,0.0,-9.742758840024446e-05,-0.0038382496048030307,-0.009584743536965082,0.0010999693141974952,0.0,0.01724877289743578,0.0,-0.0011301097358063688,-0.0009806938214099118,-0.025709433277302275,0.0,-0.007883929866839626,0.0,-0.016842272336267027,-0.0003557335984437309,-0.017575962328011376,0.0,-0.012689412231473355,0.0,0.0005568514130611802,-0.007940263973538248,0.0,0.0,0.0,0.0,0.0,0.0,0.0,0.0,0.020358784011584138,0.0027313463011926636,0.0,0.0018839291818278294,0.0,0.0,0.0,-0.0003457067573944405,-0.006461269663362957,0.0011173070931431955,0.009841530085114188,-0.0006047987233532,0.0,0.0,-0.009362901155012987,-0.0030573341337667816,-0.0017148977933063897,0.0,0.001545597298443441,-0.0004373783893821296,-0.003847497843399951,0.0030907591362821377,0.0,0.0,-0.0003649840985449867,-0.001630121856706193,-0.0008310772632589594,0.02692423575592949,-0.0010801404550587358,-0.0015151843717852206,0.0,0.0,-0.00021872922562264798,0.0,0.0,0.0,0.0,0.0,0.0,-0.001859713785332156,0.0,0.0,0.0,0.0004437983155385656,4.4767309748887306e-05,0.00019973468141328931,0.0,0.0,0.0,0.0,0.0,-0.0008204764828655574,0.0,0.0,0.0,0.0,0.0,0.0,0.0,0.007204227023393096,-0.0007985447313203634,-0.005075961179640419,0.00501564158213693,0.00029968006318442886,-0.00140001283022894,0.0,0.0,-0.021402717291453214,0.0,0.0,0.0,0.0,0.0002193345377078792,0.0,0.0,0.0,0.0,0.0,0.0
2022-06-08,0.0,0.0,-5.903321057339014e-05,-0.0038382496048030307,-0.009584743536965082,0.0010999693141974952,0.0,0.009114533669656574,0.0,-0.0011301097358063688,-0.0009806938214099118,-0.025709433277302275,0.0,-0.007883929866839626,0.0,-0.016842272336267027,-0.0003557335984437309,-0.017575962328011376,0.0,-0.012689412231473355,0.0,0.0005568514130611802,-0.007940263973538248,0.0,0.0,0.0,0.0,0.0,0.0,0.0,0.0,0.020358784011584138,0.0027313463011926636,0.0,0.0018839291818278294,0.0,0.0,0.0,-0.0003457067573944405,-0.006461269663362957,0.0010437151308172053,0.009841530085114188,-0.0006047987233532,0.0,0.0,-0.009362901155012987,-0.0030573341337667816,-0.0017148977933063897,0.0,0.001545597298443441,-0.0004373783893821296,-0.003847497843399951,0.0030907591362821377,0.0,0.0,-0.0003649840985449867,-0.001630121856706193,-0.0008310772632589594,0.02692423575592949,-0.0010801404550587358,-0.0015151843717852206,0.0,0.0,-0.00021872922562264798,0.0,0.0,0.0,0.0,0.0,0.0,-0.001859713785332156,0.0,0.0,0.0,0.0004437983155385656,4.4767309748887306e-05,0.00019973468141328931,0.0,0.0,0.0,0.0,0.0,-0.0008204764828655574,0.0,0.0,0.0,0.0,0.0,0.0,0.0,0.007204227023393096,-0.0007985447313203634,-0.005075961179640419,0.00501564158213693,0.00029968006318442886,-0.00140001283022894,0.0,0.0,-0.018591169014244447,0.0,0.0,0.0,0.0,0.0002193345377078792,0.0,0.0,0.0,0.0,0.0,0.0
2022-06-15,0.0,0.0,-5.903321057339014e-05,-0.0062499414579887625,-0.009584743536965082,0.0010999693141974952,0.0,-0.0005444314303951719,0.0,-0.0011301097358063688,-0.0009806938214099118,-0.025709433277302275,0.0,-0.007883929866839626,0.0,-0.01773433286693448,-0.0003557335984437309,-0.0167642952919676,0.0,-0.012689412231473355,0.0,0.00011053457960470694,-0.006749199081317331,0.0,0.0,0.0,0.0,0.0,0.0,0.0,0.0,0.020199264286910188,0.0028610806752651236,0.0,0.0013986012048766753,0.0,0.0,0.0,-0.0003457067573944405,-0.006461269663362957,0.0010437151308172053,0.009841530085114188,-0.0006047987233532,0.0,0.0,-0.008490898431030063,-0.0030573341337667816,-0.0017148977933063897,0.0,0.0009526864041431555,-0.0004373783893821296,-0.003847497843399951,0.0030907591362821377,0.0,0.0,-0.0003649840985449867,-0.001630121856706193,-0.0008310772632589594,0.02692423575592949,-0.0010801404550587358,-0.0015151843717852206,0.0,0.0,-0.00021872922562264798,0.0,0.0,0.0,0.0,0.0,0.0,-0.001859713785332156,0.0,0.0,0.0,0.0004437983155385656,4.4767309748887306e-05,0.00019973468141328931,0.0,0.0,0.0,0.0,0.0,-0.0008204764828655574,0.0,0.0,0.0,0.0,0.0,0.0,0.0,0.007204227023393096,-0.0007985447313203634,-0.005075961179640419,0.00501564158213693,0.00029968006318442886,-0.00140001283022894,0.0,0.0,0.001534881402977896,0.0,0.0,0.0,0.0,0.0002193345377078792,0.0,0.0,0.0,0.0,0.0,0.0
2022-06-22,0.0,0.0,-5.903321057339014e-05,-0.0062499414579887625,-0.009584743536965082,0.0010999693141974952,0.0,-0.0005444314303951719,0.0,-0.0011301097358063688,0.0013760257142565132,-0.029031601256888667,0.0,-0.007883929866839626,0.0,-0.01773433286693448,-0.00011144923113024288,-0.0167642952919676,0.0,-0.012667059187874368,0.0,0.00011053457960470694,-0.006749199081317331,0.0,0.0,0.0,0.0,0.0,0.0,0.0,0.0,0.020199264286910188,0.0028610806752651236,0.0,-0.00039121031002438005,0.0,0.0,0.0,0.0005257900668578242,-0.006461269663362957,0.0010437151308172053,0.009841530085114188,-0.0006047987233532,0.0,0.0,-0.008490898431030063,-0.0030573341337667816,-0.0017148977933063897,0.0,0.0009526864041431555,-0.0004373783893821296,-0.003847497843399951,0.0030907591362821377,0.0,0.0,-0.0003649840985449867,-0.001630121856706193,-0.0008310772632589594,0.02692423575592949,-0.0004930225245348783,-0.0015151843717852206,0.0,0.0,-0.00021872922562264798,0.0,0.0,0.0,0.0,0.0,0.0,-0.001859713785332156,0.0,0.0,0.0,0.0004437983155385656,4.4767309748887306e-05,0.00019973468141328931,0.0,0.0,0.0,0.0,0.0,-0.0008204764828655574,0.0,0.0,0.0,0.0,0.0,0.0,0.0,0.007204227023393096,-0.0007918045762549393,-0.005075961179640419,0.00501564158213693,0.00029968006318442886,-0.00140001283022894,0.0,0.0,0.013409850848796829,0.0,0.0,0.0,0.0,0.0002193345377078792,0.0,0.0,0.0,0.0,0.0,0.0
2022-06-29,0.0,0.0,-5.903321057339014e-05,-0.0038382496048030307,-0.009584743536965082,0.0010999693141974952,0.0,-0.0005444314303951719,0.0,-0.0011301097358063688,0.0013760257142565132,-0.029031601256888667,0.0,-0.007883929866839626,0.0,-0.016842272336267027,-0.00011144923113024288,-0.0167642952919676,0.0,-0.012667059187874368,0.0,0.0005568514130611802,-0.006737362448193929,0.0,0.0,0.0,0.0,0.0,0.0,0.0,0.0,0.020199264286910188,0.0028610806752651236,0.0,-0.00039121031002438005,0.0,0.0,0.0,0.0005257900668578242,-0.006461269663362957,0.0010437151308172053,0.009841530085114188,-0.0006047987233532,0.0,0.0,-0.008490898431030063,-0.0030573341337667816,-0.0017148977933063897,0.0,0.0009526864041431555,-0.0004373783893821296,-0.003847497843399951,0.0030907591362821377,0.0,0.0,-0.0003649840985449867,-0.001630121856706193,-0.0008310772632589594,0.02692423575592949,-0.0004930225245348783,-0.0015151843717852206,0.0,0.0,-0.00021872922562264798,0.0,0.0,0.0,0.0,0.0,0.0,-0.001859713785332156,0.0,0.0,0.0,0.0004437983155385656,4.4767309748887306e-05,0.00019973468141328931,0.0,0.0,0.0,0.0,0.0,-0.0008204764828655574,0.0,0.0,0.0,0.0,0.0,0.0,0.0,0.007204227023393096,-0.0007918045762549393,-0.005075961179640419,0.00501564158213693,0.00029968006318442886,-0.00140001283022894,0.0,0.0,0.013409850848796829,0.0,0.0,0.0,0.0,0.0002193345377078792,0.0,0.0,0.0,0.0,0.0,0.0
2022-07-06,0.0,0.0,-5.903321057339014e-05,-0.0038382496048030307,-0.009584743536965082,0.0010999693141974952,0.0,-0.0005444314303951719,0.0,-0.0010654401422699326,0.0013760257142565132,-0.029031601256888667,0.0,-0.007662004408169573,0.0,-0.015573715216209106,-0.00011144923113024288,-0.015677818456786844,0.0,-0.012668205112391367,0.0,0.0005568514130611802,0.009990904956859495,0.0,0.0,0.0,0.0,0.0,0.0,0.0,0.0,0.020199264286910188,0.0028610806752651236,0.0,-0.00039121031002438005,0.0,0.0,0.0,0.0005257900668578242,0.00033161815962547673,-0.055201256421230464,0.011355769122622136,-0.0006047987233532,0.0,0.0,-0.008490898431030063,-0.0026841398884155663,-0.0017148977933063897,0.0,-0.0028483308951659015,-0.0004373783893821296,-0.003825923540993084,-0.005016628397703431,0.0,0.0,-0.0003649840985449867,-0.001630121856706193,-0.0008310772632589594,0.028325610176384793,-0.0004930225245348783,-0.0015151843717852206,0.0,0.0,-0.00021872922562264798,0.0,0.0,0.0,0.0,0.0,0.0,-0.001859713785332156,0.0,0.0,0.0,0.0004748622097504096,4.4767309748887306e-05,0.00019973468141328931,0.0,0.0,0.0,0.0,0.0,0.0010825475414468263,0.0,0.0,0.0,0.0,0.0,0.0,0.0,0.007204227023393096,-0.0007918045762549393,-0.005075961179640419,-0.0007544887537781274,0.00029968006318442886,-0.00140001283022894,0.0,0.0,0.013374871787597952,0.0,0.0,0.0,0.0,0.0002193345377078792,0.0,0.0,0.0,0.0,0.0,0.0
2022-07-13,0.0,0.0,-5.903321057339014e-05,0.002338569427529565,-0.009584743536965082,0.0010999693141974952,0.0,-0.0005444314303951719,0.0,-0.0010654401422699326,0.0013760257142565132,-0.029031601256888667,0.0,-0.007662004408169573,0.0,-0.015573715216209106,-0.00011144923113024288,-0.015677818456786844,0.0,-0.012668205112391367,0.0,0.0005568514130611802,0.009990904956859495,0.0,0.0,0.0,0.0,0.0,0.0,0.0,0.0,0.020199264286910188,0.0028610806752651236,0.0,-0.00039121031002438005,0.0,0.0,0.0,0.0005257900668578242,0.00033161815962547673,-0.05526279809927144,0.011355769122622136,-0.0006047987233532,0.0,0.0,-0.008490898431030063,-0.0026841398884155663,-0.0017148977933063897,0.0,-0.0028483308951659015,-0.0004373783893821296,-0.003825923540993084,-0.005016628397703431,0.0,0.0,-0.0003649840985449867,-0.001630121856706193,-0.0008310772632589594,0.02796942520287405,-0.0004930225245348783,-0.0015151843717852206,0.0,0.0,-0.00021872922562264798,0.0,0.0,0.0,0.0,0.0,0.0,-0.001859713785332156,0.0,0.0,0.0,0.0004748622097504096,4.4767309748887306e-05,0.00019973468141328931,0.0,0.0,0.0,0.0,0.0,0.0010825475414468263,0.0,0.0,0.0,0.0,0.0,0.0,0.0,0.007204227023393096,-0.0007918045762549393,-0.005075961179640419,-0.0007544887537781274,0.00029968006318442886,-0.00140001283022894,0.0,0.0,0.013374871787597952,0.0,0.0,0.0,0.0,0.0002193345377078792,0.0,0.0,0.0,0.0,0.0,0.0
2022-07-20,0.0,0.0,-5.903321057339014e-05,0.002338569427529565,-0.009584743536965082,0.0010999693141974952,0.0,-0.0005444314303951719,0.0,-0.0010728151136375668,0.0013760257142565132,-0.029031601256888667,0.0,-0.007662004408169573,0.0,-0.015573715216209106,-0.00011144923113024288,-0.015677818456786844,0.0,-0.012668205112391367,0.0,0.0005568514130611802,0.009990904956859495,0.0,0.0,0.0,0.0,0.0,0.0,0.0,0.0,0.020199264286910188,0.0028610806752651236,0.0,-0.00039121031002438005,0.0,0.0,0.0,0.0005257900668578242,0.00033161815962547673,-0.05526279809927144,0.011355769122622136,-0.0006047987233532,0.0,0.0,-0.008490898431030063,-0.0026841398884155663,-0.0017148977933063897,0.0,-0.0028483308951659015,-0.0004373783893821296,-0.003825923540993084,-0.005016628397703431,0.0,0.0,-0.0003649840985449867,-0.001630121856706193,-0.0008310772632589594,0.02796942520287405,-0.0004930225245348783,-0.00018524521390069987,0.0,0.0,-0.00021872922562264798,0.0,0.0,0.0,0.0,0.0,0.0,-0.001859713785332156,0.0,0.0,0.0,0.0004748622097504096,4.4767309748887306e-05,0.00019973468141328931,0.0,0.0,0.0,0.0,0.0,0.0010825475414468263,0.0,0.0,0.0,0.0,0.0,0.0,0.0,0.007204227023393096,-0.0007918045762549393,-0.005075961179640419,-0.0007544887537781274,0.00029968006318442886,-0.00140001283022894,0.0,0.0,0.013374871787597952,0.0,0.0,0.0,0.0,0.0002193345377078792,0.0,0.0,0.0,0.0,0.0,0.0
2022-07-27,0.0,0.0,-5.903321057339014e-05,0.002816693943498664,-0.009216228107200483,0.0010999693141974952,0.0,-0.0005444314303951719,0.0,-0.0005022760730318058,-0.0009806938214099118,0.008064228756567577,0.0,-0.00765031872399044,0.0,-0.00729713867896727,0.0007161205915177307,0.009284842799673025,0.0,-0.005364450398375312,0.0,0.0005568514130611802,0.014090974448649096,0.0,0.0,0.0,0.0,0.0,0.0,0.0,0.0,0.01947596866105893,0.0027414650387508773,0.0,0.00036335398142291707,0.0,0.0,0.0,0.0005257900668578242,0.00033161815962547673,-0.05526279809927144,0.011417251818756528,-0.0006047987233532,0.0,0.0,-0.008490898431030063,-0.0026841398884155663,-0.0015384388160891054,0.0,-0.0028483308951659015,-0.0004373783893821296,-0.003825923540993084,-0.005016628397703431,0.0,0.0,-0.0003649840985449867,-0.001630121856706193,-0.0008310772632589594,0.021962461029357054,-0.0004930225245348783,-0.0015151843717852206,0.0,0.0,-0.00021872922562264798,0.0,0.0,0.0,0.0,0.0,0.0,0.0034369920226360547,0.0,0.0,0.0,0.0004748622097504096,4.4767309748887306e-05,0.00019973468141328931,0.0,0.0,0.0,0.0,0.0,0.0010825475414468263,0.0,0.0,0.0,0.0,0.0,0.0,0.0,0.00663132834161652,-0.0007985447313203634,-0.005075961179640419,-4.250730801352929e-05,0.00029968006318442886,-0.00140001283022894,0.0,0.0,0.012449455393987268,0.0,0.0,0.0,0.0,0.0002193345377078792,0.0,0.0,0.0,0.0,0.0,0.0
2022-08-03,0.0,0.0,0.004517409859666945,0.004123921563629035,-0.0003617594361815168,0.0010999693141974952,0.0,-0.0005444314303951719,0.0,-0.00032734011236362624,0.0008055437793056433,0.008064228756567577,0.0,0.0034411865445376543,0.0,0.011596284265276681,0.0007161205915177307,0.015714191373176138,0.0,0.008927922501127594,0.0,0.0006785311818458424,0.011574616304773825,0.0,0.0,0.0,0.0,0.0,0.0,0.0,0.0,0.01947596866105893,0.0027414650387508773,0.0,0.00036335398142291707,0.0,0.0,0.0,0.0005257900668578242,0.0015068685433991347,0.0030841211830652565,-0.03239359219947911,-0.0006047987233532,0.0,0.0,-0.008618920648581212,-0.002351759520201519,-0.0015384388160891054,0.0,0.0009526864041431555,-0.0004373783893821296,-0.00025664886613364934,0.0030907591362821377,0.0,0.0,-0.0005183348303055161,-0.001630121856706193,-0.0008310772632589594,0.019852113582612286,-0.0004930225245348783,-0.0015151843717852206,0.0,0.0,-0.00021872922562264798,0.0,0.0,0.0,0.0,0.0,0.0,0.0034369920226360547,0.0,0.0,0.0,0.00037068471517366414,4.4767309748887306e-05,0.00019973468141328931,0.0,0.0,0.0,0.0,0.0,-0.0008204764828655574,0.0,0.0,0.0,0.0,0.0,0.0,0.0,0.008168264342753301,-0.00016033950367881357,-0.0015970672907964526,0.0040360635187265785,0.00029968006318442886,-0.00140001283022894,0.0,0.0,0.01187169164917029,0.0,0.0,0.0,0.0,-9.77504497192612e-06,0.0,0.0,0.0,0.0,0.0,0.0
2022-08-10,0.0,0.0,-5.903321057339014e-05,0.004123921563629035,-0.0003617594361815168,0.0010999693141974952,0.0,-0.0005444314303951719,0.0,0.0019247467338684003,0.0008055437793056433,0.008551314197906548,0.0,-0.005352308840838312,0.0,0.007480866407814204,-0.00011144923113024288,0.015714191373176138,0.0,0.005873707895802748,0.0,0.0006785311818458424,0.018086967617528038,0.0,0.0,0.0,0.0,0.0,0.0,0.0,0.0,0.01947596866105893,0.0027414650387508773,0.0,0.00036335398142291707,0.0,0.0,0.0,0.0005257900668578242,0.0015068685433991347,0.0030841211830652565,-0.03239359219947911,-0.0006047987233532,0.0,0.0,-0.008618920648581212,-0.002351759520201519,-0.0015384388160891054,0.0,0.0009526864041431555,-0.0004373783893821296,-0.00025664886613364934,0.0030907591362821377,0.0,0.0,-0.0006595399888959504,-0.001630121856706193,-0.0008310772632589594,0.02056108660890175,-0.0004930225245348783,0.00213941852275055,0.0,0.0,-0.00021872922562264798,0.0,0.0,0.0,0.0,0.0,0.0,0.0034369920226360547,0.0,0.0,0.0,0.00037068471517366414,4.4767309748887306e-05,0.00019973468141328931,0.0,0.0,0.0,0.0,0.0,-0.0008204764828655574,0.0,0.0,0.0,0.0,0.0,0.0,0.0,0.00663132834161652,-0.00016033950367881357,-0.0015970672907964526,0.004113743001290345,0.00029968006318442886,-0.00140001283022894,0.0,0.0,0.013343235334290254,0.0,0.0,0.0,0.0,-9.77504497192612e-06,0.0,0.0,0.0,0.0,0.0,0.0
2022-08-17,0.0,0.0,-5.903321057339014e-05,0.002816693943498664,0.010327433813500767,0.0010999693141974952,0.0,-0.0005444314303951719,0.0,-0.001537477948861771,0.0008055437793056433,0.007893881347458151,0.0,-0.005352308840838312,0.0,0.00812396926573707,-0.00011144923113024288,0.015714191373176138,0.0,0.0054936811655073225,0.0,0.0006785311818458424,0.018086967617528038,0.0,0.0,0.0,0.0,0.0,0.0,0.0,0.0,0.01947596866105893,0.0027414650387508773,0.0,0.00036335398142291707,0.0,0.0,0.0,0.0005257900668578242,0.0015068685433991347,0.0030841211830652565,-0.03239359219947911,-0.0006047987233532,0.0,0.0,-0.008618920648581212,-0.0026841398884155663,-0.0015384388160891054,0.0,0.0009526864041431555,-0.0004373783893821296,-0.00025664886613364934,0.0030907591362821377,0.0,0.0,-0.0006595399888959504,-0.001630121856706193,-0.0008310772632589594,0.00876404190825937,-0.0004930225245348783,1.450796927253241e-05,0.0,0.0,-0.00021872922562264798,0.0,0.0,0.0,0.0,0.0,0.0,0.0034369920226360547,0.0,0.0,0.0,0.00037068471517366414,4.4767309748887306e-05,0.00019973468141328931,0.0,0.0,0.0,0.0,0.0,0.001722695942016279,0.0,0.0,0.0,0.0,0.0,0.0,0.0,0.00663132834161652,-0.00016033950367881357,-0.0015970672907964526,0.004113743001290345,0.00029968006318442886,-0.001124183608671078,0.0,0.0,0.013343235334290254,0.0,0.0,0.0,0.0,-9.77504497192612e-06,0.0,0.0,0.0,0.0,0.0,0.0
2022-08-24,0.0,0.0,-5.903321057339014e-05,0.002816693943498664,0.010327433813500767,0.0010999693141974952,0.0,-0.0005444314303951719,0.0,-0.001537477948861771,-0.0015511757563607816,0.007893881347458151,0.0,0.0034411865445376543,0.0,0.017175628973299415,0.0007161205915177307,0.015714191373176138,0.0,0.00930341206449636,0.0,0.0006785311818458424,0.0255604524415873,0.0,0.0,0.0,0.0,0.0,0.0,0.0,0.0,0.01947596866105893,0.0027414650387508773,0.0,0.00036335398142291707,0.0,0.0,0.0,0.0005257900668578242,0.0015068685433991347,0.0030841211830652565,-0.03239359219947911,-0.0006047987233532,0.0,0.0,-0.007404029602096343,-0.002351759520201519,-0.0015384388160891054,0.0,0.0009526864041431555,-0.0004373783893821296,-0.00025664886613364934,0.0030907591362821377,0.0,0.0,-0.0005183348303055161,-0.001630121856706193,-0.0008310772632589594,0.008810585175634099,-0.0004930225245348783,1.450796927253241e-05,0.0,0.0,-0.00021872922562264798,0.0,0.0,0.0,0.0,0.0,0.0,0.0034369920226360547,0.0,0.0,0.0,0.00037068471517366414,4.4767309748887306e-05,0.00019973468141328931,0.0,0.0,0.0,0.0,0.0,0.001722695942016279,0.0,0.0,0.0,0.0,0.0,0.0,0.0,0.008168264342753301,-0.00016707965874423775,-0.0015970672907964526,0.0040360635187265785,0.00029968006318442886,-0.001124183608671078,0.0,0.0,0.012449455393987268,0.0,0.0,0.0,0.0,-9.77504497192612e-06,0.0,0.0,0.0,0.0,0.0,0.0
2022-08-31,0.0,0.0,-5.903321057339014e-05,0.004123921563629035,0.008887361837299258,0.0010760444248376574,0.0,-0.0005444314303951719,0.0,-0.001537477948861771,-0.0015511757563607816,0.007893881347458151,0.0,-0.005352308840838312,0.0,0.018280208302947132,-0.00011144923113024288,0.015714191373176138,0.0,0.03036433972854738,0.0,0.0006785311818458424,0.0255604524415873,0.0,0.0,0.0,0.0,0.0,0.0,0.0,0.0,0.01947596866105893,0.0027414650387508773,0.0,0.00036335398142291707,0.0,0.0,0.0,0.0005257900668578242,0.0015068685433991347,0.0030841211830652565,-0.03239359219947911,-0.0006047987233532,0.0,0.0,-0.008193142507097882,-0.002351759520201519,-0.0010419749905076958,0.0,0.0009526864041431555,1.3891977956462535e-05,-0.00025664886613364934,0.0030907591362821377,0.0,0.0,-0.0006595399888959504,-0.001630121856706193,-0.0008310772632589594,0.008810585175634099,0.002167095443341657,1.450796927253241e-05,0.0,0.0,-0.00021872922562264798,0.0,0.0,0.0,0.0,0.0,0.0,0.0034369920226360547,0.0,0.0,0.0,0.00037068471517366414,4.4767309748887306e-05,0.00020207291169136956,0.0,0.0,0.0,0.0,0.0,0.001722695942016279,0.0,0.0,0.0,0.0,0.0,0.0,0.0,0.008168264342753301,-0.0006325153932751458,-0.0015970672907964526,0.0040507744074154695,0.00029968006318442886,-0.001124183608671078,0.0,0.0,0.011269448248401174,0.0,0.0,0.0,0.0,-9.77504497192612e-06,0.0,0.0,0.0,0.0,0.0,0.0
2022-09-07,0.0,0.0,-5.903321057339014e-05,0.004102892958652255,0.009920904455379603,-0.0006117735718739943,0.0,-0.0005386860667035637,0.0,-0.0016009474896354875,-0.0015511757563607816,0.007893881347458151,0.0,0.021007630018142213,0.0,0.018280208302947132,0.0007161205915177307,0.016470320814707465,0.0,0.030709858865399776,0.0,0.0006785311818458424,0.027471659856331175,0.0,0.0,0.0,0.0,0.0,0.0,0.0,0.0,0.01947596866105893,0.0027414650387508773,0.0,0.00036335398142291707,0.0,0.0,0.0,0.0005257900668578242,0.0015068685433991347,0.026136643572517267,0.012032269225980816,0.00012148244354781908,0.0,0.0,-0.009195171285818125,-0.002351759520201519,-0.0010419749905076958,0.0,0.0009526864041431555,1.3891977956462535e-05,-0.000614202190376962,0.0030907591362821377,0.0,0.0,-0.00022377893995455242,-0.001630121856706193,-0.0008310772632589594,0.0102119595960894,0.002167095443341657,1.450796927253241e-05,0.0,0.0,-0.00021872922562264798,0.0,0.0,0.0,0.0,0.0,0.0,0.0032419366099944147,0.0,0.0,0.0,0.0004748622097504096,4.4767309748887306e-05,0.00020207291169136956,0.0,0.0,0.0,0.0,0.0,0.003625719966328663,0.0,0.0,0.0,0.0,0.0,0.0,0.0,0.008168264342753301,-0.0006325153932751458,-0.005203345948889913,-0.003126871744111742,0.00029968006318442886,-0.001124183608671078,0.0,0.0,0.010375668308098187,0.0,0.0,0.0,0.0,0.0002193345377078792,0.0,0.0,0.0,0.0,0.0,0.0
2022-09-14,0.0,0.0,-5.903321057339014e-05,0.004102892958652255,0.009920904455379603,0.0010760444248376574,0.0,-0.0005386860667035637,0.0,-0.0016009474896354875,-0.0015511757563607816,0.007893881347458151,0.0,0.021007630018142213,0.0,0.018280208302947132,-0.00011144923113024288,0.016470320814707465,0.0,0.0307984732265705,0.0,0.0006785311818458424,0.027471659856331175,0.0,0.0,0.0,0.0,0.0,0.0,0.0,0.0,0.01947596866105893,0.0027414650387508773,0.0,0.00036335398142291707,0.0,0.0,0.0,0.0005257900668578242,0.0015068685433991347,0.026136643572517267,0.012032269225980816,0.00012148244354781908,0.0,0.0,-0.009195171285818125,-0.002351759520201519,-0.0015384388160891054,0.0,0.0009526864041431555,1.3891977956462535e-05,-0.000614202190376962,0.0030907591362821377,0.0,0.0,-0.00022377893995455242,-0.001630121856706193,-0.0008310772632589594,0.0102119595960894,0.0005887429220570444,1.450796927253241e-05,0.0,0.0,-0.00021872922562264798,0.0,0.0,0.0,0.0,0.0,0.0,0.0032419366099944147,0.0,0.0,0.0,0.0004748622097504096,4.4767309748887306e-05,0.00020207291169136956,0.0,0.0,0.0,0.0,0.0,0.003625719966328663,0.0,0.0,0.0,0.0,0.0,0.0,0.0,0.008168264342753301,-0.0006325153932751458,-0.005203345948889913,-0.003126871744111742,0.00029968006318442886,-0.001124183608671078,0.0,0.0,0.011269448248401174,0.0,0.0,0.0,0.0,0.0002193345377078792,0.0,0.0,0.0,0.0,0.0,0.0
2022-09-21,0.0,0.0,-5.903321057339014e-05,0.004102892958652255,0.009920904455379603,0.0010760444248376574,0.0,-0.0005386860667035637,0.0,-0.0016009474896354875,-0.0015511757563607816,0.008265799601191443,0.0,0.021281970968467,0.0,0.018280208302947132,-0.00011144923113024288,0.016470320814707465,0.0,0.0307984732265705,0.0,0.0006785311818458424,0.027471659856331175,0.0,0.0,0.0,0.0,0.0,0.0,0.0,0.0,0.01947596866105893,0.0027414650387508773,0.0,0.00036335398142291707,0.0,0.0,0.0,0.0005257900668578242,0.0015068685433991347,0.026136643572517267,0.012032269225980816,0.00012148244354781908,0.0,0.0,-0.009195171285818125,-0.002351759520201519,-0.0010419749905076958,0.0,0.0009526864041431555,1.3891977956462535e-05,-0.000614202190376962,0.0030907591362821377,0.0,0.0,-0.00022377893995455242,-0.001630121856706193,-0.0008310772632589594,0.012607714748983818,0.002167095443341657,1.450796927253241e-05,0.0,0.0,-0.00021872922562264798,0.0,0.0,0.0,0.0,0.0,0.0,-0.0014981592650471207,0.0,0.0,0.0,0.0004748622097504096,4.4767309748887306e-05,0.00020207291169136956,0.0,0.0,0.0,0.0,0.0,0.003625719966328663,0.0,0.0,0.0,0.0,0.0,0.0,0.0,0.008168264342753301,-0.0006325153932751458,-0.005203345948889913,-0.003126871744111742,0.00029968006318442886,-0.001124183608671078,0.0,0.0,0.011269448248401174,0.0,0.0,0.0,0.0,0.0002193345377078792,0.0,0.0,0.0,0.0,0.0,0.0
2022-09-28,0.0,0.0,-5.903321057339014e-05,0.004102892958652255,0.011360976431581113,0.0010760444248376574,0.0,-0.0005386860667035637,0.0,-0.0016009474896354875,-0.0015511757563607816,0.008265799601191443,0.0,0.01344436242266611,0.0,0.018280208302947132,-0.00011144923113024288,0.016470320814707465,0.0,0.0307984732265705,0.0,0.0006785311818458424,0.027471659856331175,0.0,0.0,0.0,0.0,0.0,0.0,0.0,0.0,0.01947596866105893,0.0027414650387508773,0.0,0.00036335398142291707,0.0,0.0,0.0,0.0005257900668578242,0.0015068685433991347,0.026733636321463364,0.012032269225980816,0.00012148244354781908,0.0,0.0,-0.009195171285818125,-0.002351759520201519,-0.0010419749905076958,0.0,0.0009526864041431555,1.3891977956462535e-05,-0.000614202190376962,0.0030907591362821377,0.0,0.0,-0.00022377893995455242,-0.001630121856706193,-0.0008310772632589594,0.008326708188369884,0.002167095443341657,1.450796927253241e-05,0.0,0.0,-0.00021872922562264798,0.0,0.0,0.0,0.0,0.0,0.0,-0.0014981592650471207,0.0,0.0,0.0,0.0004748622097504096,4.4767309748887306e-05,0.00020207291169136956,0.0,0.0,0.0,0.0,0.0,0.003625719966328663,0.0,0.0,0.0,0.0,0.0,0.0,0.0,0.008168264342753301,-0.00016707965874423775,-0.005203345948889913,-0.0037935916012926075,0.00029968006318442886,-0.001124183608671078,0.0,0.0,0.011269448248401174,0.0,0.0,0.0,0.0,0.0002193345377078792,0.0,0.0,0.0,0.0,0.0,0.0
2022-10-05,0.0,0.0,-5.903321057339014e-05,0.004102892958652255,0.011360976431581113,0.0010760444248376574,0.0,-0.0005386860667035637,0.0,-0.0016009474896354875,-0.0015511757563607816,0.008265799601191443,0.0,0.021187030060212195,0.0,0.018280208302947132,-0.0003557335984437309,0.016470320814707465,0.0,0.03234489890923758,0.0,0.0006785311818458424,0.027471659856331175,0.0,0.0,0.0,0.0,0.0,0.0,0.0,0.0,0.01947596866105893,0.0027414650387508773,0.0,0.0008486819583740711,0.0,0.0,0.0,-0.0003457067573944405,0.0015068685433991347,0.026136643572517267,0.012032269225980816,0.00012148244354781908,0.0,0.0,-0.009195171285818125,-0.002351759520201519,-0.0015384388160891054,0.0,0.0009526864041431555,1.3891977956462535e-05,-0.000614202190376962,0.0030907591362821377,0.0,0.0,-0.00022377893995455242,-0.001630121856706193,-0.0008310772632589594,0.008326708188369884,0.002531305951444623,1.450796927253241e-05,0.0,0.0,-0.00021872922562264798,0.0,0.0,0.0,0.0,0.0,0.0,-0.0014981592650471207,0.0,0.0,0.0,0.0004748622097504096,4.4767309748887306e-05,0.00020207291169136956,0.0,0.0,0.0,0.0,0.0,0.003625719966328663,0.0,0.0,0.0,0.0,0.0,0.0,0.0,0.008168264342753301,-0.00016707965874423775,-0.005203345948889913,-0.0007499841540769843,0.00029968006318442886,-0.001124183608671078,0.0,0.0,0.0015798499372213417,0.0,0.0,0.0,0.0,0.0002193345377078792,0.0,0.0,0.0,0.0,0.0,0.0
2022-10-12,0.0,0.0,-5.903321057339014e-05,0.0027956653385218843,0.011360976431581113,0.0010760444248376574,0.0,-0.0005386860667035637,0.0,0.0018612771930946838,-0.0015511757563607816,0.008265799601191443,0.0,0.021187030060212195,0.0,0.02385955301096987,-0.00011144923113024288,0.016470320814707465,0.0,0.0307984732265705,0.0,0.0006785311818458424,0.027471659856331175,0.0,0.0,0.0,0.0,0.0,0.0,0.0,0.0,0.01947596866105893,0.0027414650387508773,0.0,0.00036335398142291707,0.0,0.0,0.0,0.0005257900668578242,0.0015068685433991347,0.026136643572517267,0.012032269225980816,0.00012148244354781908,0.0,0.0,-0.009195171285818125,-0.002351759520201519,-0.0015384388160891054,0.0,0.0009526864041431555,1.3891977956462535e-05,-0.000614202190376962,0.0030907591362821377,0.0,0.0,-0.00022377893995455242,-0.001630121856706193,-0.0008310772632589594,0.004074223269725976,0.0005887429220570444,0.00213941852275055,0.0,0.0,-0.00021872922562264798,0.0,0.0,0.0,0.0,0.0,0.0,-0.0023291570009978035,0.0,0.0,0.0,0.0004748622097504096,4.4767309748887306e-05,0.00020207291169136956,0.0,0.0,0.0,0.0,0.0,0.003625719966328663,0.0,0.0,0.0,0.0,0.0,0.0,0.0,0.008168264342753301,-0.00016707965874423775,-0.005203345948889913,-0.0007499841540769843,0.00029968006318442886,-0.001124183608671078,0.0,0.0,0.011269448248401174,0.0,0.0,0.0,0.0,0.0002193345377078792,0.0,0.0,0.0,0.0,0.0,0.0
2022-10-19,0.0,0.0,-5.903321057339014e-05,0.0027956653385218843,0.011360976431581113,0.0010999693141974952,0.0,-0.0005386860667035637,0.0,0.0018612771930946838,-0.0015511757563607816,0.008265799601191443,0.0,0.021187030060212195,0.0,0.02385955301096987,-0.00011144923113024288,0.016470320814707465,0.0,0.012850271006259524,0.0,0.0006785311818458424,0.027471659856331175,0.0,0.0,0.0,0.0,0.0,0.0,0.0,0.0,0.01947596866105893,0.0027414650387508773,0.0,0.00036335398142291707,0.0,0.0,0.0,0.0005257900668578242,0.0015068685433991347,0.026136643572517267,0.012032269225980816,0.00012148244354781908,0.0,0.0,-0.009195171285818125,-0.002351759520201519,-0.0015384388160891054,0.0,0.0009526864041431555,1.3891977956462535e-05,-0.000614202190376962,0.0030907591362821377,0.0,0.0,-0.00022377893995455242,-0.001630121856706193,-0.0008310772632589594,0.004074223269725976,0.0005887429220570444,0.00213941852275055,0.0,0.0,-0.00021872922562264798,0.0,0.0,0.0,0.0,0.0,0.0,-0.0023291570009978035,0.0,0.0,0.0,0.0004748622097504096,4.4767309748887306e-05,0.00019973468141328931,0.0,0.0,0.0,0.0,0.0,0.003625719966328663,0.0,0.0,0.0,0.0,0.0,0.0,0.0,0.008168264342753301,-0.00016707965874423775,-0.005203345948889913,-0.0007869066477581618,0.00029968006318442886,-0.001124183608671078,0.0,0.0,0.012049342543550638,0.0,0.0,0.0,0.0,0.0002193345377078792,0.0,0.0,0.0,0.0,0.0,0.0
2022-10-26,0.0,0.0,-5.903321057339014e-05,0.0027956653385218843,0.011360976431581113,0.0010760444248376574,0.0,-0.0005386860667035637,0.0,-0.0016009474896354875,-0.0015511757563607816,0.008265799601191443,0.0,0.021187030060212195,0.0,0.02385955301096987,-0.00011144923113024288,0.016470320814707465,0.0,0.0307984732265705,0.0,0.0006785311818458424,0.027471659856331175,0.0,0.0,0.0,0.0,0.0,0.0,0.0,0.0,0.01947596866105893,0.0027414650387508773,0.0,0.00036335398142291707,0.0,0.0,0.0,0.0005257900668578242,0.0015068685433991347,0.026136643572517267,0.012032269225980816,0.00012148244354781908,0.0,0.0,-0.009195171285818125,-0.002351759520201519,-0.0015384388160891054,0.0,0.0009526864041431555,1.3891977956462535e-05,-0.000614202190376962,0.0030907591362821377,0.0,0.0,-0.00022377893995455242,-0.001630121856706193,-0.0008310772632589594,0.004074223269725976,0.0005887429220570444,1.450796927253241e-05,0.0,0.0,-0.00021872922562264798,0.0,0.0,0.0,0.0,0.0,0.0,-0.0023291570009978035,0.0,0.0,0.0,0.0004748622097504096,4.4767309748887306e-05,0.00020207291169136956,0.0,0.0,0.0,0.0,0.0,0.003625719966328663,0.0,0.0,0.0,0.0,0.0,0.0,0.0,0.008168264342753301,-0.00016707965874423775,-0.005203345948889913,-0.0007499841540769843,0.00029968006318442886,-0.001124183608671078,0.0,0.0,0.011269448248401174,0.0,0.0,0.0,0.0,0.0002193345377078792,0.0,0.0,0.0,0.0,0.0,0.0
2022-11-02,0.0,0.0,-5.903321057339014e-05,0.0027956653385218843,0.011360976431581113,0.0010760444248376574,0.0,-0.0005386860667035637,0.0,-0.0016009474896354875,-0.0015511757563607816,0.008265799601191443,0.0,0.021187030060212195,0.0,0.02385955301096987,-0.00011144923113024288,0.01573274527245966,0.0,0.03058702246832017,0.0,0.0006785311818458424,0.027471659856331175,0.0,0.0,0.0,0.0,0.0,0.0,0.0,0.0,0.01947596866105893,0.0027414650387508773,0.0,0.00036335398142291707,0.0,0.0,0.0,0.0005257900668578242,0.0015068685433991347,0.026136643572517267,0.012032269225980816,0.00012148244354781908,0.0,0.0,-0.009195171285818125,-0.002351759520201519,-0.0015384388160891054,0.0,0.0009526864041431555,1.3891977956462535e-05,-0.000614202190376962,0.0030907591362821377,0.0,0.0,-0.00022377893995455242,-0.001630121856706193,-0.0008310772632589594,0.008519068221038706,0.0005887429220570444,1.450796927253241e-05,0.0,0.0,-0.00021872922562264798,0.0,0.0,0.0,0.0,0.0,0.0,-0.0014981592650471207,0.0,0.0,0.0,0.0004748622097504096,-0.0016912094794024114,0.00020207291169136956,0.0,0.0,0.0,0.0,0.0,0.001722695942016279,0.0,0.0,0.0,0.0,0.0,0.0,0.0,0.009762922701505252,-0.00016707965874423775,-0.005203345948889913,0.004900109520794961,0.00029968006318442886,-0.001124183608671078,0.0,0.0,0.011269448248401174,0.0,0.0,0.0,0.0,0.0002193345377078792,0.0,0.0,0.0,0.0,0.0,0.0
2022-11-09,0.0,0.0,-5.903321057339014e-05,0.0027956653385218843,0.011360976431581113,0.0010760444248376574,0.0,-0.0005386860667035637,0.0,-0.0016009474896354875,-0.0015511757563607816,0.008265799601191443,0.0,0.021187030060212195,0.0,0.02385955301096987,-0.00011144923113024288,0.01573274527245966,0.0,0.03058702246832017,0.0,0.0006785311818458424,0.027471659856331175,0.0,0.0,0.0,0.0,0.0,0.0,0.0,0.0,0.01947596866105893,0.0027414650387508773,0.0,0.00036335398142291707,0.0,0.0,0.0,0.0005257900668578242,0.0015068685433991347,0.026136643572517267,0.012032269225980816,0.00012148244354781908,0.0,0.0,-0.009195171285818125,-0.002351759520201519,-0.0015384388160891054,0.0,0.0009526864041431555,1.3891977956462535e-05,-0.000614202190376962,0.0030907591362821377,0.0,0.0,-0.00022377893995455242,-0.001630121856706193,-0.0008310772632589594,0.008519068221038706,0.0005887429220570444,1.450796927253241e-05,0.0,0.0,-0.00021872922562264798,0.0,0.0,0.0,0.0,0.0,0.0,-0.0014981592650471207,0.0,0.0,0.0,0.0004748622097504096,-0.0016912094794024114,0.00020207291169136956,0.0,0.0,0.0,0.0,0.0,0.001722695942016279,0.0,0.0,0.0,0.0,0.0,0.0,0.0,0.009762922701505252,-0.00016707965874423775,-0.005203345948889913,0.004900109520794961,0.00029968006318442886,-0.001124183608671078,0.0,0.0,0.011269448248401174,0.0,0.0,0.0,0.0,0.0002193345377078792,0.0,0.0,0.0,0.0,0.0,0.0
2022-11-16,0.0,0.0,-5.903321057339014e-05,0.0027956653385218843,0.011360976431581113,0.0010760444248376574,0.0,-0.0005386860667035637,0.0,-0.0016009474896354875,-0.0015511757563607816,0.008265799601191443,0.0,0.021187030060212195,0.0,0.02385955301096987,-0.0003557335984437309,0.01573274527245966,0.0,0.03213344815098725,0.0,0.0006785311818458424,0.027471659856331175,0.0,0.0,0.0,0.0,0.0,0.0,0.0,0.0,0.01947596866105893,0.0027414650387508773,0.0,0.00036335398142291707,0.0,0.0,0.0,-0.0003457067573944405,0.0015068685433991347,0.026136643572517267,0.012032269225980816,0.00012148244354781908,0.0,0.0,-0.009195171285818125,-0.002351759520201519,-0.0015384388160891054,0.0,0.0009526864041431555,1.3891977956462535e-05,-0.000614202190376962,0.0030907591362821377,0.0,0.0,-0.00022377893995455242,-0.001630121856706193,-0.0008310772632589594,0.008519068221038706,0.002531305951444623,1.450796927253241e-05,0.0,0.0,-0.00021872922562264798,0.0,0.0,0.0,0.0,0.0,0.0,-0.0014981592650471207,0.0,0.0,0.0,0.0004748622097504096,-0.0016912094794024114,0.00020207291169136956,0.0,0.0,0.0,0.0,0.0,0.001722695942016279,0.0,0.0,0.0,0.0,0.0,0.0,0.0,0.009762922701505252,-0.00016707965874423775,-0.005203345948889913,0.004900109520794961,0.00029968006318442886,-0.001124183608671078,0.0,0.0,0.003492938488759741,0.0,0.0,0.0,0.0,0.0002193345377078792,0.0,0.0,0.0,0.0,0.0,0.0
2022-11-23,0.0,0.0,-5.903321057339014e-05,0.00040938429983498263,0.01183859182410497,0.0010999693141974952,0.0,-0.0005386860667035637,0.0,-0.0016009474896354875,-0.0015511757563607816,-0.000494978097106028,0.0,0.021187030060212195,0.0,0.02385955301096987,-0.0003557335984437309,0.01573274527245966,0.0,0.027573819226000884,0.0,0.0006785311818458424,0.027471659856331175,0.0,0.0,0.0,0.0,0.0,0.0,0.0,0.0,0.01947596866105893,0.0026982930604073636,0.0,0.0008486819583740711,0.0,0.0,0.0,-0.0003457067573944405,0.0015068685433991347,0.026136643572517267,0.012032269225980816,0.00012148244354781908,0.0,0.0,-0.009195171285818125,-0.002351759520201519,-0.0015384388160891054,0.0,0.0009526864041431555,1.3891977956462535e-05,-0.000614202190376962,0.0030907591362821377,0.0,0.0,-0.00022377893995455242,-0.001630121856706193,-0.0008310772632589594,0.008875253194549447,0.002531305951444623,1.450796927253241e-05,0.0,0.0,-0.00021872922562264798,0.0,0.0,0.0,0.0,0.0,0.0,-0.0017687425634698786,0.0,0.0,0.0,0.0004748622097504096,-0.0016912094794024114,0.00020207291169136956,0.0,0.0,0.0,0.0,0.0,0.001722695942016279,0.0,0.0,0.0,0.0,0.0,0.0,0.0,0.009762922701505252,-0.00016707965874423775,-0.005203345948889913,0.004900109520794961,0.00029968006318442886,-0.001124183608671078,0.0,0.0,0.0015798499372213417,0.0,0.0,0.0,0.0,0.0002193345377078792,0.0,0.0,0.0,0.0,0.0,0.0
2022-11-30,0.0,0.0,-5.903321057339014e-05,-0.0065192567394253345,0.01039851984790346,0.0010999693141974952,0.0,-0.0005386860667035637,0.0,-0.001537477948861771,-0.0014459628764440255,-0.031187501543870347,0.0,-0.005363994525017445,0.0,0.017175628973299415,-0.0003557335984437309,0.016250992769651928,0.0,0.0056940108616811294,0.0,0.0006785311818458424,0.02602811979602166,0.0,0.0,0.0,0.0,0.0,0.0,0.0,0.0,0.020511760428640526,0.0026982930604073636,0.0,9.411766692677401e-05,0.0,0.0,0.0,-0.0003457067573944405,0.0015068685433991347,0.026855581152894426,0.012032269225980816,0.00012148244354781908,0.0,0.0,-0.009278061104799512,-0.002351759520201519,-0.0015384388160891054,0.0,0.001545597298443441,-0.0004373783893821296,-0.000614202190376962,0.0030907591362821377,0.0,0.0,-0.0003649840985449867,-0.001630121856706193,-0.0008310772632589594,0.010905421562320007,0.002531305951444623,1.450796927253241e-05,0.0,0.0,-0.00021872922562264798,0.0,0.0,0.0,0.0,0.0,0.0,-0.001859713785332156,0.0,0.0,0.0,0.0004748622097504096,-0.0016912094794024114,0.00019973468141328931,0.0,0.0,0.0,0.0,0.0,0.001722695942016279,0.0,0.0,0.0,0.0,0.0,0.0,0.0,0.008577083816860355,0.0037350317668918102,-0.005075961179640419,0.005040757597233603,0.00029968006318442886,-0.001124183608671078,0.0,0.0,-0.014305645092959477,0.0,0.0,0.0,0.0,0.0002193345377078792,0.0,0.0,0.0,0.0,0.0,0.0
2022-12-07,0.0,0.0,-5.903321057339014e-05,-0.005823748929439214,0.01039851984790346,0.0010999693141974952,0.0,-0.0005386860667035637,0.0,-0.0016009474896354875,-0.0014459628764440255,-0.009397682159062537,0.0,0.021281970968467,0.0,0.024430822591972007,-0.0003557335984437309,0.01698856831189973,0.0,-0.0032187698959912827,0.0,0.0006785311818458424,0.010122505989210126,0.0,0.0,0.0,0.0,0.0,0.0,0.0,0.0,0.01901758844652095,0.0026982930604073636,0.0,0.0008486819583740711,0.0,0.0,0.0,-0.0003457067573944405,0.0015068685433991347,0.02418753436138063,0.012700100429924411,-0.0007710938258877364,0.0,0.0,0.016397975473144807,-0.002351759520201519,-0.0015384388160891054,0.0,0.001545597298443441,1.3891977956462535e-05,-0.000614202190376962,0.0030907591362821377,0.0,0.0,-0.00022377893995455242,-0.001630121856706193,-0.0008310772632589594,0.012917356455119829,-0.0010801404550587358,1.450796927253241e-05,0.0,0.0,-0.00021872922562264798,0.0,0.0,0.0,0.0,0.0,0.0,-0.0017687425634698786,0.0,0.0,0.0,0.0004748622097504096,4.4767309748887306e-05,0.00019973468141328931,0.0,0.0,0.0,0.0,0.0,0.003625719966328663,0.0,0.0,0.0,0.0,0.0,0.0,0.0,0.007656699767238673,0.0037350317668918102,-0.004919349994380224,-0.003163794237792919,0.00029968006318442886,-0.001124183608671078,0.0,0.0,-0.014827119900056062,0.0,0.0,0.0,0.0,0.0002193345377078792,0.0,0.0,0.0,0.0,0.0,0.0
2022-12-14,0.0,0.0,-5.903321057339014e-05,-0.005823748929439214,0.01039851984790346,0.0010999693141974952,0.0,-0.0005386860667035637,0.0,-0.0016009474896354875,-0.0014459628764440255,-0.020635592870916604,0.0,0.021281970968467,0.0,0.024430822591972007,-0.0003557335984437309,0.01698856831189973,0.0,0.009560588718966765,0.0,0.0006785311818458424,0.010122505989210126,0.0,0.0,0.0,0.0,0.0,0.0,0.0,0.0,0.01901758844652095,0.0026982930604073636,0.0,9.411766692677401e-05,0.0,0.0,0.0,-0.0003457067573944405,0.0015068685433991347,0.02400649907806047,0.012769021972948762,-0.0007710938258877364,0.0,0.0,0.016397975473144807,-0.002351759520201519,-0.0015384388160891054,0.0,0.001545597298443441,1.3891977956462535e-05,-0.000614202190376962,0.0030907591362821377,0.0,0.0,-0.00022377893995455242,-0.001630121856706193,-0.0008310772632589594,0.012869367648604125,-0.0010801404550587358,1.450796927253241e-05,0.0,0.0,-0.00021872922562264798,0.0,0.0,0.0,0.0,0.0,0.0,-0.0017687425634698786,0.0,0.0,0.0,0.0004748622097504096,4.4767309748887306e-05,0.00019973468141328931,0.0,0.0,0.0,0.0,0.0,0.003625719966328663,0.0,0.0,0.0,0.0,0.0,0.0,0.0,0.007656699767238673,0.0037350317668918102,-0.004919349994380224,-0.003163794237792919,0.00029968006318442886,-0.001124183608671078,0.0,0.0,-0.014827119900056062,0.0,0.0,0.0,0.0,0.0002193345377078792,0.0,0.0,0.0,0.0,0.0,0.0
2022-12-21,0.0,0.0,-5.903321057339014e-05,-0.0034120570762534823,0.01039851984790346,-0.0006253758123414973,0.0,-0.0005386860667035637,0.0,-0.0016009474896354875,-0.0014459628764440255,-0.009397682159062537,0.0,0.021281970968467,0.0,0.024430822591972007,-0.00011144923113024288,0.016470320814707465,0.0,0.009456800271567688,0.0,0.0006785311818458424,0.009550807414294158,0.0,0.0,0.0,0.0,0.0,0.0,0.0,0.0,0.01901758844652095,0.0026982930604073636,0.0,0.00036335398142291707,0.0,0.0,0.0,0.0005257900668578242,0.0015068685433991347,0.02400649907806047,0.012769021972948762,-0.0007710938258877364,0.0,0.0,0.016195429217109383,-0.002351759520201519,-0.0015384388160891054,0.0,0.0009526864041431555,1.3891977956462535e-05,-0.000614202190376962,0.0030907591362821377,0.0,0.0,-0.00022377893995455242,-0.001630121856706193,-0.0008310772632589594,0.012963899722494558,-0.0004930225245348783,1.450796927253241e-05,0.0,0.0,-0.00021872922562264798,0.0,0.0,0.0,0.0,0.0,0.0,-0.0017687425634698786,0.0,0.0,0.0,0.0004748622097504096,4.4767309748887306e-05,0.00019973468141328931,0.0,0.0,0.0,0.0,0.0,0.003625719966328663,0.0,0.0,0.0,0.0,0.0,0.0,0.0,0.007656699767238673,0.0037350317668918102,-0.004919349994380224,-0.003163794237792919,0.00029968006318442886,-0.001124183608671078,0.0,0.0,0.01298299971634714,0.0,0.0,0.0,0.0,0.0002193345377078792,0.0,0.0,0.0,0.0,0.0,0.0
2022-12-28,0.0,0.0,-5.903321057339014e-05,-0.0034120570762534823,0.01183859182410497,-0.0006253758123414973,0.0,-0.0005386860667035637,0.0,-0.0016009474896354875,0.0008055437793056433,-0.01346287439503988,0.0,0.021281970968467,0.0,0.024430822591972007,-0.00011144923113024288,0.016470320814707465,0.0,0.009081310708198922,0.0,0.0006785311818458424,0.009550807414294158,0.0,0.0,0.0,0.0,0.0,0.0,0.0,0.0,0.01901758844652095,0.0026982930604073636,0.0,0.00036335398142291707,0.0,0.0,0.0,0.0005257900668578242,0.0015068685433991347,0.02400649907806047,0.012769021972948762,-0.0007710938258877364,0.0,0.0,0.016195429217109383,-0.002351759520201519,-0.0015384388160891054,0.0,0.0009526864041431555,1.3891977956462535e-05,-0.000614202190376962,0.0030907591362821377,0.0,0.0,-0.00022377893995455242,-0.001630121856706193,-0.0008310772632589594,0.025445393441059606,-0.0004930225245348783,1.450796927253241e-05,0.0,0.0,-0.00021872922562264798,0.0,0.0,0.0,0.0,0.0,0.0,-0.0017687425634698786,0.0,0.0,0.0,0.0004748622097504096,4.4767309748887306e-05,0.00019973468141328931,0.0,0.0,0.0,0.0,0.0,0.003625719966328663,0.0,0.0,0.0,0.0,0.0,0.0,0.0,0.007656699767238673,-0.00016033950367881357,-0.004919349994380224,-0.003163794237792919,0.00029968006318442886,-0.001124183608671078,0.0,0.0,0.01298299971634714,0.0,0.0,0.0,0.0,0.0002193345377078792,0.0,0.0,0.0,0.0,0.0,0.0
2023-01-04,0.0,0.0,-5.903321057339014e-05,-0.005823748929439214,0.01183859182410497,0.0010999693141974952,0.0,-0.0005386860667035637,0.0,-0.001537477948861771,-0.0012968617002076445,-0.001123751025537123,0.0,0.0035244417686133237,0.0,0.01613271937023233,-0.00011144923113024288,-0.008813405207754211,0.0,-0.005251744803164036,0.0,0.0006785311818458424,-0.0068145360251855025,0.0,0.0,0.0,0.0,0.0,0.0,0.0,0.0,0.01947596866105893,0.0028610806752651236,0.0,0.00036335398142291707,0.0,0.0,0.0,0.0005257900668578242,0.0015068685433991347,0.02833160263942273,0.009282272244348194,0.00012148244354781908,0.0,0.0,-0.009620949427301455,0.005001039940577089,-0.0017148977933063897,0.0,0.0009526864041431555,-0.0004373783893821296,-0.0005581712512600072,0.0030907591362821377,0.0,0.0,-0.00022377893995455242,-0.001630121856706193,-0.0008310772632589594,0.024714401155762213,-0.0004930225245348783,1.450796927253241e-05,0.0,0.0,-0.00021872922562264798,0.0,0.0,0.0,0.0,0.0,0.0,-0.001859713785332156,0.0,0.0,0.0,-0.01799449663349985,4.4767309748887306e-05,0.00019973468141328931,0.0,0.0,0.0,0.0,0.0,0.003625719966328663,0.0,0.0,0.0,0.0,0.0,0.0,0.0,0.009927001909174773,-0.00016707965874423775,-0.005075961179640419,-0.0038757756835575167,0.00029968006318442886,-0.001124183608671078,0.0,0.0,0.013409850848796829,0.0,0.0,0.0,0.0,0.0002193345377078792,0.0,0.0,0.0,0.0,0.0,0.0
2023-01-11,0.0,0.0,-5.903321057339014e-05,-0.005823748929439214,0.011360976431581113,0.0010999693141974952,0.0,-0.0005386860667035637,0.0,-0.001537477948861771,-0.0012968617002076445,0.007637026672760347,0.0,-0.0006291207648710447,0.0,0.012017301512769859,-0.00011144923113024288,-0.016136482981719026,0.0,-0.005251744803164036,0.0,0.0006785311818458424,-0.0068145360251855025,0.0,0.0,0.0,0.0,0.0,0.0,0.0,0.0,0.01947596866105893,0.0029042526536086372,0.0,0.00036335398142291707,0.0,0.0,0.0,0.0005257900668578242,0.0015068685433991347,0.02833160263942273,0.009298120019144242,0.00012148244354781908,0.0,0.0,-0.009620949427301455,0.005001039940577089,-0.0017148977933063897,0.0,0.0009526864041431555,-0.0004373783893821296,-0.0005581712512600072,0.0030907591362821377,0.0,0.0,-0.00022377893995455242,-0.001630121856706193,-0.0008310772632589594,0.024714401155762213,-0.0004930225245348783,1.450796927253241e-05,0.0,0.0,-0.00021872922562264798,0.0,0.0,0.0,0.0,0.0,0.0,-0.0015891304869093984,0.0,0.0,0.0,-0.01799449663349985,4.4767309748887306e-05,0.00019973468141328931,0.0,0.0,0.0,0.0,0.0,0.003625719966328663,0.0,0.0,0.0,0.0,0.0,0.0,0.0,0.008390065908037992,-0.00016707965874423775,-0.005075961179640419,-0.003947463360303693,0.00029968006318442886,-0.001124183608671078,0.0,0.0,0.013409850848796829,0.0,0.0,0.0,0.0,0.0002193345377078792,0.0,0.0,0.0,0.0,0.0,0.0
2023-01-18,0.0,0.0,-5.903321057339014e-05,-0.005823748929439214,-0.002869302972102807,0.0010999693141974952,0.0,-0.0005386860667035637,0.0,-0.0017770835030663868,-0.0012968617002076445,0.00843614701030087,0.0,-0.007938356117894766,0.0,0.0019088449873886785,-0.00011144923113024288,-0.016502812656783605,0.0,-0.008936711345968728,0.0,0.0006785311818458424,-0.0068145360251855025,0.0,0.0,0.0,0.0,0.0,0.0,0.0,0.0,0.01916347251932859,0.0029042526536086372,0.0,0.00036335398142291707,0.0,0.0,0.0,0.0005257900668578242,0.0015068685433991347,0.028999528732972894,0.009298120019144242,0.00012148244354781908,0.0,0.0,-0.009620949427301455,0.005909309289012265,-0.0017148977933063897,0.0,0.0009526864041431555,-0.0004373783893821296,-0.0005581712512600072,0.0030907591362821377,0.0,0.0,-0.0003649840985449867,-0.001630121856706193,-0.0008310772632589594,0.024714401155762213,-0.0004930225245348783,1.450796927253241e-05,0.0,0.0,-0.00021872922562264798,0.0,0.0,0.0,0.0,0.0,0.0,-0.0015891304869093984,0.0,0.0,0.0,-0.016629821671043737,4.4767309748887306e-05,0.00019973468141328931,0.0,0.0,0.0,0.0,0.0,0.0010825475414468263,0.0,0.0,0.0,0.0,0.0,0.0,0.0,0.008390065908037992,-0.0007985447313203634,-0.005075961179640419,-0.003947463360303693,0.00029968006318442886,-0.00140001283022894,0.0,0.0,0.013409850848796829,0.0,0.0,0.0,0.0,0.0002193345377078792,0.0,0.0,0.0,0.0,0.0,0.0
2023-01-25,0.0,0.0,-5.903321057339014e-05,-0.0034120570762534823,-0.009216228107200483,0.0010999693141974952,0.0,-0.0005386860667035637,0.0,0.0019247467338684003,-0.0012968617002076445,0.00843614701030087,0.0,-0.005418420776072586,0.0,0.012017301512769859,0.0007161205915177307,-0.016136482981719026,0.0,-0.005251744803164036,0.0,0.0006785311818458424,-0.0068026993920621,0.0,0.0,0.0,0.0,0.0,0.0,0.0,0.0,0.01947596866105893,0.0029042526536086372,0.0,0.00036335398142291707,0.0,0.0,0.0,0.0005257900668578242,0.0015068685433991347,0.02833160263942273,0.008752024154944306,0.00012148244354781908,0.0,0.0,-0.009620949427301455,0.005001039940577089,-0.0017148977933063897,0.0,0.0009526864041431555,-0.0004373783893821296,-0.0005581712512600072,0.0030907591362821377,0.0,0.0,-0.0003649840985449867,-0.001630121856706193,-0.0008310772632589594,0.024714401155762213,-0.0004930225245348783,0.00213941852275055,0.0,0.0,-0.00021872922562264798,0.0,0.0,0.0,0.0,0.0,0.0,-0.0015891304869093984,0.0,0.0,0.0,-0.01799449663349985,4.4767309748887306e-05,0.00019973468141328931,0.0,0.0,0.0,0.0,0.0,0.0010825475414468263,0.0,0.0,0.0,0.0,0.0,0.0,0.0,0.008390065908037992,-0.0007985447313203634,-0.005075961179640419,-0.003947463360303693,0.00029968006318442886,-0.00140001283022894,0.0,0.0,0.012516070908493843,0.0,0.0,0.0,0.0,0.0002193345377078792,0.0,0.0,0.0,0.0,0.0,0.0
2023-02-01,0.0,0.0,-5.903321057339014e-05,-0.0034120570762534823,-0.009216228107200483,0.0010999693141974952,0.0,-0.0005386860667035637,0.0,0.0018612771930946838,-0.0012968617002076445,0.00843614701030087,0.0,0.021281970968467,0.0,0.02385955301096987,-0.00011144923113024288,-0.015700983682302837,0.0,-0.005251744803164036,0.0,0.0006785311818458424,-0.006806124473470844,0.0,0.0,0.0,0.0,0.0,0.0,0.0,0.0,0.01753006194046962,0.0028692568410774518,0.0,0.00036335398142291707,0.0,0.0,0.0,0.0005257900668578242,0.0015068685433991347,0.027734609890476634,0.008752024154944306,0.00012148244354781908,0.0,0.0,-0.009620949427301455,-0.0027249537655527345,0.0026200895301579192,0.0,0.0009526864041431555,1.3891977956462535e-05,-0.0005581712512600072,0.0030907591362821377,0.0,0.0,-0.00022377893995455242,-0.001630121856706193,-0.0008310772632589594,0.024714401155762213,-0.0004930225245348783,0.00213941852275055,0.0,0.0,-0.00021872922562264798,0.0,0.0,0.0,0.0,0.0,0.0,-0.0014981592650471207,0.0,0.0,0.0,-0.01799449663349985,4.4767309748887306e-05,0.00016340936237137235,0.0,0.0,0.0,0.0,0.0,0.0010825475414468263,0.0,0.0,0.0,0.0,0.0,0.0,0.0,0.009927001909174773,-0.0007985447313203634,-0.005203345948889913,-0.0038757756835575167,0.00029968006318442886,-0.00140001283022894,0.0,0.0,0.013409850848796829,0.0,0.0,0.0,0.0,0.0002193345377078792,0.0,0.0,0.0,0.0,0.0,0.0
2023-02-08,0.0,0.0,-5.903321057339014e-05,-0.005823748929439214,-0.009216228107200483,0.0010999693141974952,0.0,-0.0005386860667035637,0.0,0.0019247467338684003,-0.0012968617002076445,0.00843614701030087,0.0,0.0035244417686133237,0.0,0.013060211115836943,-0.00011144923113024288,-0.015700983682302837,0.0,-0.005251744803164036,0.0,0.0006785311818458424,-0.0068179611065942464,0.0,0.0,0.0,0.0,0.0,0.0,0.0,0.0,0.01753006194046962,0.0028692568410774518,0.0,0.00036335398142291707,0.0,0.0,0.0,0.0005257900668578242,0.0015068685433991347,0.02833160263942273,0.008752024154944306,0.00012148244354781908,0.0,0.0,-0.009620949427301455,-0.0027249537655527345,0.0026200895301579192,0.0,0.0009526864041431555,-0.0004373783893821296,-0.0005581712512600072,0.0030907591362821377,0.0,0.0,-0.00022377893995455242,-0.001630121856706193,-0.0008310772632589594,0.024714401155762213,-0.0004930225245348783,0.00213941852275055,0.0,0.0,-0.00021872922562264798,0.0,0.0,0.0,0.0,0.0,0.0,-0.0015891304869093984,0.0,0.0,0.0,-0.01799449663349985,4.4767309748887306e-05,0.00016340936237137235,0.0,0.0,0.0,0.0,0.0,0.0010825475414468263,0.0,0.0,0.0,0.0,0.0,0.0,0.0,0.008390065908037992,-0.0007985447313203634,-0.005075961179640419,-0.0038757756835575167,0.00029968006318442886,-0.00140001283022894,0.0,0.0,0.013409850848796829,0.0,0.0,0.0,0.0,0.0002193345377078792,0.0,0.0,0.0,0.0,0.0,0.0
2023-02-15,0.0,0.0,-5.903321057339014e-05,-0.005823748929439214,-0.009216228107200483,0.0010999693141974952,0.0,-0.0005386860667035637,0.0,-0.00032734011236362624,-0.0012968617002076445,0.00843614701030087,0.0,0.0035244417686133237,0.0,0.013060211115836943,-0.00011144923113024288,-0.015700983682302837,0.0,-0.005251744803164036,0.0,0.0006785311818458424,-0.0068179611065942464,0.0,0.0,0.0,0.0,0.0,0.0,0.0,0.0,0.01753006194046962,0.0028692568410774518,0.0,0.00036335398142291707,0.0,0.0,0.0,0.0005257900668578242,0.0015068685433991347,0.02833160263942273,0.008752024154944306,0.00012148244354781908,0.0,0.0,-0.009620949427301455,-0.0027249537655527345,0.0026200895301579192,0.0,0.0009526864041431555,-0.0004373783893821296,-0.0005581712512600072,0.0030907591362821377,0.0,0.0,-0.00022377893995455242,-0.001630121856706193,-0.0008310772632589594,0.024714401155762213,-0.0004930225245348783,-0.0015151843717852206,0.0,0.0,-0.00021872922562264798,0.0,0.0,0.0,0.0,0.0,0.0,-0.0015891304869093984,0.0,0.0,0.0,-0.01799449663349985,4.4767309748887306e-05,0.00016340936237137235,0.0,0.0,0.0,0.0,0.0,0.0010825475414468263,0.0,0.0,0.0,0.0,0.0,0.0,0.0,0.008390065908037992,-0.0007985447313203634,-0.005075961179640419,-0.0038757756835575167,0.00029968006318442886,-0.00140001283022894,0.0,0.0,0.013409850848796829,0.0,0.0,0.0,0.0,0.0002193345377078792,0.0,0.0,0.0,0.0,0.0,0.0
2023-02-22,0.0,0.0,-5.903321057339014e-05,-0.005823748929439214,-0.009216228107200483,-0.0006253758123414973,0.0,-0.0005386860667035637,0.0,-0.0005669456665682419,-0.0012968617002076445,0.00843614701030087,0.0,-0.007938356117894766,0.0,0.0017111048738065403,-0.00011144923113024288,-0.016067313357367417,0.0,-0.00906285283696679,0.0,0.0006785311818458424,-0.0068179611065942464,0.0,0.0,0.0,0.0,0.0,0.0,0.0,0.0,0.01721756579873928,0.0028692568410774518,0.0,0.00036335398142291707,0.0,0.0,0.0,0.0005257900668578242,0.0015068685433991347,0.028999528732972894,0.008752024154944306,0.00012148244354781908,0.0,0.0,-0.009620949427301455,-0.0030573341337667816,0.0026200895301579192,0.0,0.0009526864041431555,-0.0004373783893821296,-0.0005581712512600072,0.0030907591362821377,0.0,0.0,-0.0003649840985449867,-0.001630121856706193,-0.0008310772632589594,0.024714401155762213,-0.0004930225245348783,-0.0015151843717852206,0.0,0.0,-0.00021872922562264798,0.0,0.0,0.0,0.0,0.0,0.0,-0.0015891304869093984,0.0,0.0,0.0,-0.016629821671043737,4.4767309748887306e-05,0.00016340936237137235,0.0,0.0,0.0,0.0,0.0,0.0010825475414468263,0.0,0.0,0.0,0.0,0.0,0.0,0.0,0.008390065908037992,-0.0007985447313203634,-0.005075961179640419,-0.003947463360303693,0.00029968006318442886,-0.00140001283022894,0.0,0.0,0.013409850848796829,0.0,0.0,0.0,0.0,0.0002193345377078792,0.0,0.0,0.0,0.0,0.0,0.0
2023-03-01,0.0,0.0,-5.903321057339014e-05,-0.006210566909575451,-0.009584743536965082,0.0010999693141974952,0.0,-0.0005386860667035637,0.0,-0.0011301097358063688,-0.0012968617002076445,-0.029031601256888667,0.0,-0.007972385879722687,0.0,-0.016842272336267027,-0.00011144923113024288,-0.015626508172420228,0.0,-0.012555499517180093,0.0,0.0006785311818458424,-0.006749199081317331,0.0,0.0,0.0,0.0,0.0,0.0,0.0,0.0,0.020199264286910188,0.0028610806752651236,0.0,-0.00039121031002438005,0.0,0.0,0.0,0.0005257900668578242,0.0015068685433991347,0.026624298871555437,0.008752024154944306,-0.0007710938258877364,0.0,0.0,-0.008490898431030063,-0.0030573341337667816,-0.0017148977933063897,0.0,0.0009526864041431555,-0.0004373783893821296,-0.0005581712512600072,0.0030907591362821377,0.0,0.0,-0.0006595399888959504,-0.001630121856706193,-0.0008310772632589594,0.02692423575592949,-0.0004930225245348783,-0.0015151843717852206,0.0,0.0,-0.00021872922562264798,0.0,0.0,0.0,0.0,0.0,0.0,-0.001859713785332156,0.0,0.0,0.0,-0.016629821671043737,4.4767309748887306e-05,0.00019973468141328931,0.0,0.0,0.0,0.0,0.0,0.0010825475414468263,0.0,0.0,0.0,0.0,0.0,0.0,0.0,0.007204227023393096,-0.0007985447313203634,0.0028864142029098082,0.00296671926162605,0.00029968006318442886,-0.00140001283022894,0.0,0.0,0.013409850848796829,0.0,0.0,0.0,0.0,0.0002193345377078792,0.0,0.0,0.0,0.0,0.0,0.0
2023-03-08,0.0,0.0,-5.903321057339014e-05,-0.006210566909575451,-0.009584743536965082,0.0010999693141974952,0.0,-0.0005386860667035637,0.0,-0.0011301097358063688,-0.0012968617002076445,-0.029031601256888667,0.0,-0.007972385879722687,0.0,-0.016842272336267027,-0.00011144923113024288,-0.015626508172420228,0.0,-0.012555499517180093,0.0,0.0006785311818458424,-0.006749199081317331,0.0,0.0,0.0,0.0,0.0,0.0,0.0,0.0,0.020199264286910188,0.0028610806752651236,0.0,-0.00039121031002438005,0.0,0.0,0.0,0.0005257900668578242,0.0015068685433991347,0.026624298871555437,0.008752024154944306,-0.0007710938258877364,0.0,0.0,-0.008490898431030063,-0.0030573341337667816,-0.0017148977933063897,0.0,0.0009526864041431555,-0.0004373783893821296,-0.0005581712512600072,0.0030907591362821377,0.0,0.0,-0.0006595399888959504,-0.001630121856706193,-0.0008310772632589594,0.02692423575592949,-0.0004930225245348783,-0.0015151843717852206,0.0,0.0,-0.00021872922562264798,0.0,0.0,0.0,0.0,0.0,0.0,-0.001859713785332156,0.0,0.0,0.0,-0.016629821671043737,4.4767309748887306e-05,0.00019973468141328931,0.0,0.0,0.0,0.0,0.0,0.0010825475414468263,0.0,0.0,0.0,0.0,0.0,0.0,0.0,0.007204227023393096,-0.0007985447313203634,0.0028864142029098082,0.00296671926162605,0.00029968006318442886,-0.00140001283022894,0.0,0.0,0.013409850848796829,0.0,0.0,0.0,0.0,0.0002193345377078792,0.0,0.0,0.0,0.0,0.0,0.0
2023-03-15,0.0,0.0,-5.903321057339014e-05,-0.006210566909575451,-0.009584743536965082,0.0010999693141974952,0.0,-0.0005386860667035637,0.0,-0.0011301097358063688,-0.0012968617002076445,-0.029031601256888667,0.0,-0.007972385879722687,0.0,-0.016842272336267027,-0.00011144923113024288,-0.015626508172420228,0.0,-0.012555499517180093,0.0,0.0006785311818458424,-0.006749199081317331,0.0,0.0,0.0,0.0,0.0,0.0,0.0,0.0,0.020199264286910188,0.0028610806752651236,0.0,-0.00039121031002438005,0.0,0.0,0.0,0.0005257900668578242,0.0015068685433991347,0.026624298871555437,0.008752024154944306,-0.0007710938258877364,0.0,0.0,-0.008490898431030063,-0.0030573341337667816,-0.0017148977933063897,0.0,0.0009526864041431555,-0.0004373783893821296,-0.0005581712512600072,0.0030907591362821377,0.0,0.0,-0.0006595399888959504,-0.001630121856706193,-0.0008310772632589594,0.02692423575592949,-0.0004930225245348783,-0.0015151843717852206,0.0,0.0,-0.00021872922562264798,0.0,0.0,0.0,0.0,0.0,0.0,-0.001859713785332156,0.0,0.0,0.0,-0.016629821671043737,4.4767309748887306e-05,0.00019973468141328931,0.0,0.0,0.0,0.0,0.0,0.0010825475414468263,0.0,0.0,0.0,0.0,0.0,0.0,0.0,0.007204227023393096,-0.0007985447313203634,0.0028864142029098082,0.00296671926162605,0.00029968006318442886,-0.00140001283022894,0.0,0.0,0.013409850848796829,0.0,0.0,0.0,0.0,0.0002193345377078792,0.0,0.0,0.0,0.0,0.0,0.0
2023-03-22,0.0,0.0,-5.903321057339014e-05,-0.006210566909575451,-0.009584743536965082,0.0010999693141974952,0.0,-0.0005386860667035637,0.0,0.0011219771104256577,-0.0012968617002076445,-0.025709433277302275,0.0,-0.007972385879722687,0.0,-0.016842272336267027,-0.00011144923113024288,-0.015626508172420228,0.0,-0.012555499517180093,0.0,0.0006785311818458424,-0.006749199081317331,0.0,0.0,0.0,0.0,0.0,0.0,0.0,0.0,0.020199264286910188,0.0028610806752651236,0.0,0.0013986012048766753,0.0,0.0,0.0,0.0005257900668578242,0.0015068685433991347,0.026624298871555437,0.008752024154944306,-0.0007710938258877364,0.0,0.0,-0.008490898431030063,-0.0030573341337667816,-0.0017148977933063897,0.0,0.0009526864041431555,-0.0004373783893821296,-0.0005581712512600072,0.0030907591362821377,0.0,0.0,-0.0006595399888959504,-0.001630121856706193,-0.0008310772632589594,0.02692423575592949,-0.0004930225245348783,0.00213941852275055,0.0,0.0,-0.00021872922562264798,0.0,0.0,0.0,0.0,0.0,0.0,-0.001859713785332156,0.0,0.0,0.0,-0.016629821671043737,4.4767309748887306e-05,0.00019973468141328931,0.0,0.0,0.0,0.0,0.0,0.0010825475414468263,0.0,0.0,0.0,0.0,0.0,0.0,0.0,0.007204227023393096,-0.0007985447313203634,0.0028864142029098082,0.00296671926162605,0.00029968006318442886,-0.00140001283022894,0.0,0.0,0.013409850848796829,0.0,0.0,0.0,0.0,0.0002193345377078792,0.0,0.0,0.0,0.0,0.0,0.0
2023-03-29,0.0,0.0,-5.903321057339014e-05,-0.006210566909575451,-0.009584743536965082,0.0010999693141974952,0.0,-0.0005386860667035637,0.0,0.0011219771104256577,-0.0012968617002076445,-0.025709433277302275,0.0,-0.007972385879722687,0.0,-0.016842272336267027,0.0007161205915177307,-0.015626508172420228,0.0,-0.012555499517180093,0.0,0.0006785311818458424,-0.006749199081317331,0.0,0.0,0.0,0.0,0.0,0.0,0.0,0.0,0.020199264286910188,0.0028610806752651236,0.0,0.0013986012048766753,0.0,0.0,0.0,0.0005257900668578242,0.0015068685433991347,0.026624298871555437,0.008752024154944306,-0.0007710938258877364,0.0,0.0,-0.008490898431030063,-0.0030573341337667816,-0.0017148977933063897,0.0,0.0009526864041431555,-0.0004373783893821296,-0.0005581712512600072,0.0030907591362821377,0.0,0.0,-0.0006595399888959504,-0.001630121856706193,-0.0008310772632589594,0.02692423575592949,-0.0004930225245348783,0.00213941852275055,0.0,0.0,-0.00021872922562264798,0.0,0.0,0.0,0.0,0.0,0.0,-0.001859713785332156,0.0,0.0,0.0,-0.016629821671043737,4.4767309748887306e-05,0.00019973468141328931,0.0,0.0,0.0,0.0,0.0,0.0010825475414468263,0.0,0.0,0.0,0.0,0.0,0.0,0.0,0.007204227023393096,-0.0007985447313203634,0.0028864142029098082,0.00296671926162605,0.00029968006318442886,-0.00140001283022894,0.0,0.0,0.012516070908493843,0.0,0.0,0.0,0.0,0.0002193345377078792,0.0,0.0,0.0,0.0,0.0,0.0
2023-04-05,0.0,0.0,-5.903321057339014e-05,-0.006210566909575451,-0.009584743536965082,0.0010999693141974952,0.0,0.009120279033348184,0.0,-0.0005669456665682419,-0.0012968617002076445,-0.01408909375524004,0.0,-0.007972385879722687,0.0,-0.016842272336267027,-0.00011144923113024288,-0.0167642952919676,0.0,-0.008936711345968728,0.0,0.0006785311818458424,-0.006749199081317331,0.0,0.0,0.0,0.0,0.0,0.0,0.0,0.0,0.018454016389514747,0.0027313463011926636,0.0,-0.001748211358714646,0.0,0.0,0.0,0.0005257900668578242,0.0015068685433991347,0.027409657035514234,0.009841530085114188,0.00012148244354781908,0.0,0.0,-0.008088489438131924,-0.0030573341337667816,-0.0017148977933063897,0.0,-0.00278205466871578,-0.0004373783893821296,-0.000614202190376962,0.0008947410849583768,0.0,0.0,-0.0006595399888959504,-0.001630121856706193,-0.0008310772632589594,0.024752992046893768,-0.0004930225245348783,-0.0015151843717852206,0.0,0.0,-0.00021872922562264798,0.0,0.0,0.0,0.0,0.0,0.0,-0.001859713785332156,0.0,0.0,0.0,0.0004437983155385656,4.4767309748887306e-05,0.00019973468141328931,0.0,0.0,0.0,0.0,0.0,0.0010825475414468263,0.0,0.0,0.0,0.0,0.0,0.0,0.0,0.007878501332523366,-0.0007985447313203634,0.016210504220448348,0.00296671926162605,0.00029968006318442886,-0.000275218283146325,0.0,0.0,0.013409850848796829,0.0,0.0,0.0,0.0,0.0002193345377078792,0.0,0.0,0.0,0.0,0.0,0.0
2023-04-12,0.0,0.0,-5.903321057339014e-05,-0.0037988750563897195,-0.009584743536965082,-0.0006253758123414973,0.0,0.009120279033348184,0.0,-0.0005669456665682419,-0.0012968617002076445,-0.025709433277302275,0.0,-0.007972385879722687,0.0,-0.016842272336267027,-0.00011144923113024288,-0.0167642952919676,0.0,-0.00906285283696679,0.0,0.0006785311818458424,-0.006737362448193929,0.0,0.0,0.0,0.0,0.0,0.0,0.0,0.0,0.019489808157096344,0.0027313463011926636,0.0,0.0013986012048766753,0.0,0.0,0.0,0.0005257900668578242,0.0015068685433991347,0.027409657035514234,0.009841530085114188,0.00012148244354781908,0.0,0.0,-0.008088489438131924,-0.0030573341337667816,-0.0017148977933063897,0.0,-0.00278205466871578,-0.0004373783893821296,-0.000614202190376962,0.0008947410849583768,0.0,0.0,-0.0006595399888959504,-0.001630121856706193,-0.0008310772632589594,0.02692423575592949,-0.0004930225245348783,-0.0015151843717852206,0.0,0.0,-0.00021872922562264798,0.0,0.0,0.0,0.0,0.0,0.0,-0.001859713785332156,0.0,0.0,0.0,0.0004437983155385656,4.4767309748887306e-05,0.00019973468141328931,0.0,0.0,0.0,0.0,0.0,0.0010825475414468263,0.0,0.0,0.0,0.0,0.0,0.0,0.0,0.007204227023393096,-0.0007985447313203634,0.016210504220448348,0.00296671926162605,0.00029968006318442886,-0.000275218283146325,0.0,0.0,0.013409850848796829,0.0,0.0,0.0,0.0,0.0002193345377078792,0.0,0.0,0.0,0.0,0.0,0.0
2023-04-19,0.0,0.0,-5.903321057339014e-05,-0.0037988750563897195,-0.009584743536965082,-0.0006253758123414973,0.0,-0.0005152988732495764,0.0,-0.0011301097358063688,-0.0012968617002076445,-0.028531106117892897,0.0,-0.007972385879722687,0.0,-0.016842272336267027,-0.00011144923113024288,-0.0167642952919676,0.0,-0.012671204611626338,0.0,0.0006785311818458424,-0.006737362448193929,0.0,0.0,0.0,0.0,0.0,0.0,0.0,0.0,-0.008895400651807809,0.0028071227342356384,0.0,0.0013986012048766753,0.0,0.0,0.0,0.0005257900668578242,0.0015068685433991347,0.027409657035514234,0.009841530085114188,0.00012148244354781908,0.0,0.0,-0.008263031268558197,-0.0030573341337667816,-0.0017148977933063897,0.0,-0.00278205466871578,-0.0004373783893821296,-0.000614202190376962,0.0008947410849583768,0.0,0.0,-0.0006595399888959504,-0.001630121856706193,-0.000945705237118843,0.02692423575592949,-0.0004930225245348783,-0.0015151843717852206,0.0,0.0,-0.00021872922562264798,0.0,0.0,0.0,0.0,0.0,0.0,-0.001859713785332156,0.0,0.0,0.0,0.0004437983155385656,4.4767309748887306e-05,-0.0002944388019479625,0.0,0.0,0.0,0.0,0.0,0.0010825475414468263,0.0,0.0,0.0,0.0,0.0,0.0,0.0,0.007204227023393096,-0.0007985447313203634,0.01702722764620033,0.00296671926162605,0.00029968006318442886,-0.000275218283146325,0.0,0.0,0.013409850848796829,0.0,0.0,0.0,0.0,0.0002193345377078792,0.0,0.0,0.0,0.0,0.0,0.0
2023-04-26,0.0,0.0,-5.903321057339014e-05,-0.006210566909575451,-0.009584743536965082,-0.0006253758123414973,0.0,-0.0005152988732495764,0.0,-0.0011374847071740032,-0.0012968617002076445,-0.03185327409747929,0.0,-0.007972385879722687,0.0,-0.01773433286693448,-0.00011144923113024288,-0.0167642952919676,0.0,-0.012681641008178157,0.0,0.00023221434838936915,-0.006749199081317331,0.0,0.0,0.0,0.0,0.0,0.0,0.0,0.0,0.0014665228507994557,0.0028071227342356384,0.0,-0.00039121031002438005,0.0,0.0,0.0,0.0005257900668578242,0.0015068685433991347,0.027409657035514234,0.009841530085114188,0.00012148244354781908,0.0,0.0,-0.008088489438131924,-0.0030573341337667816,-0.0017148977933063897,0.0,-0.00278205466871578,-0.0004373783893821296,-0.000614202190376962,0.0008947410849583768,0.0,0.0,-0.0006595399888959504,-0.001630121856706193,-0.000945705237118843,0.02692423575592949,-0.0004930225245348783,-0.00018524521390069987,0.0,0.0,-0.00021872922562264798,0.0,0.0,0.0,0.0,0.0,0.0,-0.001859713785332156,0.0,0.0,0.0,0.0004437983155385656,4.4767309748887306e-05,0.00019973468141328931,0.0,0.0,0.0,0.0,0.0,0.0010825475414468263,0.0,0.0,0.0,0.0,0.0,0.0,0.0,0.007204227023393096,-0.0007985447313203634,0.01702722764620033,0.00296671926162605,0.00029968006318442886,-0.000275218283146325,0.0,0.0,0.013409850848796829,0.0,0.0,0.0,0.0,0.0002193345377078792,0.0,0.0,0.0,0.0,0.0,0.0
2023-05-03,0.0,0.0,-5.903321057339014e-05,-0.006210566909575451,-0.009584743536965082,-0.0006253758123414973,0.0,-0.0005152988732495764,0.0,-0.0005669456665682419,-0.0009806938214099118,-0.03185327409747929,0.0,-0.007972385879722687,0.0,-0.016842272336267027,-0.00011144923113024288,-0.0167642952919676,0.0,-0.00906285283696679,0.0,0.0006785311818458424,-0.006749199081317331,0.0,0.0,0.0,0.0,0.0,0.0,0.0,0.0,0.0011823710504726484,0.0028071227342356384,0.0,-0.00039121031002438005,0.0,0.0,0.0,0.0005257900668578242,0.0015068685433991347,0.0288763881974433,0.009416254107382229,0.00012148244354781908,0.0,0.0,-0.008490898431030063,-0.0030573341337667816,-0.0017148977933063897,0.0,0.0009526864041431555,-0.0004373783893821296,-0.0015409171121253545,0.0030907591362821377,0.0,0.0,-0.0006595399888959504,-0.001630121856706193,-0.000945705237118843,0.02692423575592949,-0.0004930225245348783,-0.0015151843717852206,0.0,0.0,-0.00021872922562264798,0.0,0.0,0.0,0.0,0.0,0.0,-0.001859713785332156,0.0,0.0,0.0,0.0004437983155385656,4.4767309748887306e-05,0.00019973468141328931,0.0,0.0,0.0,0.0,0.0,0.0010825475414468263,0.0,0.0,0.0,0.0,0.0,0.0,0.0,0.007204227023393096,-0.0007985447313203634,0.002550009973847186,0.00296671926162605,0.00029968006318442886,-0.00140001283022894,0.0,0.0,0.013409850848796829,0.0,0.0,0.0,0.0,-0.002249947838422761,0.0,0.0,0.0,0.0,0.0,0.0
2023-05-10,0.0,0.0,-5.903321057339014e-05,-0.0037988750563897195,-0.009584743536965082,-0.0006253758123414973,0.0,-0.0005152988732495764,0.0,-0.0005669456665682419,-0.0009806938214099118,-0.01327802649133618,0.0,-0.007972385879722687,0.0,-0.01773433286693448,-0.00011144923113024288,-0.0167642952919676,0.0,-0.00906285283696679,0.0,0.00023221434838936915,-0.006737362448193929,0.0,0.0,0.0,0.0,0.0,0.0,0.0,0.0,0.003200110511933308,0.0028071227342356384,0.0,0.00036335398142291707,0.0,0.0,0.0,0.0005257900668578242,0.0015068685433991347,0.0288763881974433,0.009416254107382229,0.00012148244354781908,0.0,0.0,-0.008490898431030063,-0.0030573341337667816,-0.0017148977933063897,0.0,0.0009526864041431555,-0.0004373783893821296,-0.0015409171121253545,0.0030907591362821377,0.0,0.0,-0.0006595399888959504,-0.001630121856706193,-0.000945705237118843,0.024752992046893768,-0.0004930225245348783,-0.0015151843717852206,0.0,0.0,-0.00021872922562264798,0.0,0.0,0.0,0.0,0.0,0.0,-0.001859713785332156,0.0,0.0,0.0,0.0004437983155385656,4.4767309748887306e-05,0.00019973468141328931,0.0,0.0,0.0,0.0,0.0,0.0010825475414468263,0.0,0.0,0.0,0.0,0.0,0.0,0.0,0.007878501332523366,-0.0007985447313203634,0.002550009973847186,0.00296671926162605,0.00029968006318442886,-0.00140001283022894,0.0,0.0,0.013409850848796829,0.0,0.0,0.0,0.0,-0.002249947838422761,0.0,0.0,0.0,0.0,0.0,0.0
2023-05-17,0.0,0.0,-5.903321057339014e-05,-0.0037988750563897195,-0.009216228107200483,-0.0006253758123414973,0.0,-0.0005152988732495764,0.0,-0.0005669456665682419,0.0013760257142565132,0.008668005398752503,0.0,-0.007972385879722687,0.0,-0.016842272336267027,-0.00011144923113024288,-0.0167642952919676,0.0,-0.005377886294162099,0.0,0.0006785311818458424,-0.006806124473470844,0.0,0.0,0.0,0.0,0.0,0.0,0.0,0.0,0.0035126066536636464,0.002850294712579152,0.0,0.00036335398142291707,0.0,0.0,0.0,0.0005257900668578242,0.0015068685433991347,0.0288763881974433,0.009416254107382229,0.00012148244354781908,0.0,0.0,-0.008490898431030063,-0.0030573341337667816,-0.0017148977933063897,0.0,0.0009526864041431555,-0.0004373783893821296,-0.0015409171121253545,0.0030907591362821377,0.0,0.0,-0.0006595399888959504,-0.001630121856706193,-0.000945705237118843,0.02331302673530691,-0.0004930225245348783,-0.0015151843717852206,0.0,0.0,-0.00021872922562264798,0.0,0.0,0.0,0.0,0.0,0.0,-0.0015891304869093984,0.0,0.0,0.0,0.0004437983155385656,4.4767309748887306e-05,0.00019973468141328931,0.0,0.0,0.0,0.0,0.0,0.0010825475414468263,0.0,0.0,0.0,0.0,0.0,0.0,0.0,0.008390065908037992,-0.0007918045762549393,0.002550009973847186,0.00296671926162605,0.00029968006318442886,-0.00140001283022894,0.0,0.0,0.013409850848796829,0.0,0.0,0.0,0.0,-0.002249947838422761,0.0,0.0,0.0,0.0,0.0,0.0
2023-05-24,0.0,0.0,-5.903321057339014e-05,-0.0037988750563897195,-0.009584743536965082,-0.0006253758123414973,0.0,-0.0005152988732495764,0.0,-0.0005669456665682419,0.0013760257142565132,-0.0009389031218334225,0.0,-0.007972385879722687,0.0,-0.01773433286693448,-0.00011144923113024288,-0.0167642952919676,0.0,-0.005382657840811051,0.0,0.00023221434838936915,-0.006806124473470844,0.0,0.0,0.0,0.0,0.0,0.0,0.0,0.0,-0.006864524792144385,0.0028071227342356384,0.0,0.00036335398142291707,0.0,0.0,0.0,0.0005257900668578242,0.0015068685433991347,0.0288763881974433,0.009416254107382229,0.00012148244354781908,0.0,0.0,-0.008665440261456336,-0.0030573341337667816,-0.0017148977933063897,0.0,0.0009526864041431555,-0.0004373783893821296,-0.0015409171121253545,0.0030907591362821377,0.0,0.0,-0.0006595399888959504,-0.001630121856706193,-0.000945705237118843,0.02331302673530691,-0.0004930225245348783,-0.0015151843717852206,0.0,0.0,-0.00021872922562264798,0.0,0.0,0.0,0.0,0.0,0.0,-0.001859713785332156,0.0,0.0,0.0,0.0004437983155385656,4.4767309748887306e-05,-0.0002944388019479625,0.0,0.0,0.0,0.0,0.0,0.0010825475414468263,0.0,0.0,0.0,0.0,0.0,0.0,0.0,0.008390065908037992,-0.0007918045762549393,0.002550009973847186,0.00296671926162605,0.00029968006318442886,-0.00140001283022894,0.0,0.0,0.013409850848796829,0.0,0.0,0.0,0.0,-0.002249947838422761,0.0,0.0,0.0,0.0,0.0,0.0
2023-05-31,0.0,0.0,-5.903321057339014e-05,0.0023175408225527853,-0.009584743536965082,-0.0006253758123414973,0.0,-0.0005152988732495764,0.0,-0.0005743206379358762,0.0013760257142565132,-0.03185327409747929,0.0,-0.007972385879722687,0.0,-0.01773433286693448,-0.00011144923113024288,-0.0167642952919676,0.0,-0.005382657840811051,0.0,0.00023221434838936915,-0.006737362448193929,0.0,0.0,0.0,0.0,0.0,0.0,0.0,0.0,-0.008882264253605046,0.0028071227342356384,0.0,-0.00039121031002438005,0.0,0.0,0.0,0.0005257900668578242,0.0015068685433991347,0.02875444336601224,0.009416254107382229,0.00012148244354781908,0.0,0.0,-0.008665440261456336,-0.0030573341337667816,-0.0017148977933063897,0.0,0.0009526864041431555,-0.0004373783893821296,-0.0015409171121253545,0.0030907591362821377,0.0,0.0,-0.0006595399888959504,-0.001630121856706193,-0.000945705237118843,0.026568050782418747,-0.0004930225245348783,-0.00018524521390069987,0.0,0.0,-0.00021872922562264798,0.0,0.0,0.0,0.0,0.0,0.0,-0.001859713785332156,0.0,0.0,0.0,0.0004437983155385656,4.4767309748887306e-05,-0.0002944388019479625,0.0,0.0,0.0,0.0,0.0,0.0010825475414468263,0.0,0.0,0.0,0.0,0.0,0.0,0.0,0.007204227023393096,-0.0007918045762549393,0.002550009973847186,0.00296671926162605,0.00029968006318442886,-0.00140001283022894,0.0,0.0,0.013409850848796829,0.0,0.0,0.0,0.0,-0.002249947838422761,0.0,0.0,0.0,0.0,0.0,0.0
2023-06-07,0.0,0.0,-5.903321057339014e-05,0.002338569427529565,-0.009584743536965082,0.0010999693141974952,0.0,-0.0005210442369411846,0.0,-0.0005096510443994401,0.0013760257142565132,-0.03185327409747929,0.0,-0.007972385879722687,0.0,-0.017302985723501578,-0.00011144923113024288,-0.016563582504156002,0.0,-0.009037834620111184,0.0,0.00011053457960470694,-0.007984822284561282,0.0,0.0,0.0,0.0,0.0,0.0,0.0,0.0,-0.008895400651807809,0.0028071227342356384,0.0,-0.00039121031002438005,0.0,0.0,0.0,0.0005257900668578242,-0.001421938472333483,-0.03372640765694612,0.009841530085114188,-0.0006047987233532,0.0,0.0,-0.008263031268558197,-0.0030573341337667816,-0.0017148977933063897,0.0,-0.0005186907289465039,-0.0004373783893821296,-0.003825923540993084,0.0030907591362821377,0.0,0.0,-0.0006595399888959504,-0.001630121856706193,-0.000945705237118843,0.026568050782418747,-0.0004930225245348783,-0.00018524521390069987,0.0,0.0,-0.00021872922562264798,0.0,0.0,0.0,0.0,0.0,0.0,-0.001859713785332156,0.0,0.0,0.0,0.0004437983155385656,4.4767309748887306e-05,-0.0002944388019479625,0.0,0.0,0.0,0.0,0.0,-0.0008204764828655574,0.0,0.0,0.0,0.0,0.0,0.0,0.0,0.007204227023393096,-0.0007918045762549393,0.01702722764620033,0.00501564158213693,0.00029968006318442886,-0.000275218283146325,0.0,0.0,0.013409850848796829,0.0,0.0,0.0,0.0,0.0002193345377078792,0.0,0.0,0.0,0.0,0.0,0.0
2023-06-14,0.0,0.0,-5.903321057339014e-05,0.002338569427529565,-0.009584743536965082,-0.0006253758123414973,0.0,-0.0005210442369411846,0.0,-0.0005096510443994401,0.0013760257142565132,-0.03185327409747929,0.0,-0.007972385879722687,0.0,-0.017302985723501578,-0.00011144923113024288,-0.016563582504156002,0.0,-0.009163976111109248,0.0,0.00011053457960470694,-0.007984822284561282,0.0,0.0,0.0,0.0,0.0,0.0,0.0,0.0,-0.008895400651807809,0.0028071227342356384,0.0,-0.00039121031002438005,0.0,0.0,0.0,0.0005257900668578242,-0.001421938472333483,-0.03372640765694612,0.009841530085114188,-0.0006047987233532,0.0,0.0,-0.008263031268558197,-0.0030573341337667816,-0.0017148977933063897,0.0,-0.0005186907289465039,-0.0004373783893821296,-0.003825923540993084,0.0030907591362821377,0.0,0.0,-0.0006595399888959504,-0.001630121856706193,-0.000945705237118843,0.026568050782418747,-0.0004930225245348783,-0.00018524521390069987,0.0,0.0,-0.00021872922562264798,0.0,0.0,0.0,0.0,0.0,0.0,-0.001859713785332156,0.0,0.0,0.0,0.0004437983155385656,4.4767309748887306e-05,-0.0002944388019479625,0.0,0.0,0.0,0.0,0.0,-0.0008204764828655574,0.0,0.0,0.0,0.0,0.0,0.0,0.0,0.007204227023393096,-0.0007918045762549393,0.01702722764620033,0.00501564158213693,0.00029968006318442886,-0.000275218283146325,0.0,0.0,0.013409850848796829,0.0,0.0,0.0,0.0,0.0002193345377078792,0.0,0.0,0.0,0.0,0.0,0.0
2023-06-21,0.0,0.0,-9.742758840024446e-05,0.002338569427529565,-0.009216228107200483,-0.0006253758123414973,0.0,-0.0005210442369411846,0.0,-0.0005022760730318058,-0.001235007877563049,0.008668005398752503,0.0,-0.007972385879722687,0.0,-0.016410925192834123,0.0022857775900001435,-0.00444568208558895,0.0,0.008997339159654387,0.0,0.0005568514130611802,-0.009256485835182515,0.0,0.0,0.0,0.0,0.0,0.0,0.0,0.0,-0.006580372991817577,0.002850294712579152,0.0,0.0008486819583740711,0.0,0.0,0.0,-0.0003457067573944405,-0.001421938472333483,-0.033907442940266284,0.009894603853342492,-0.0006047987233532,0.0,0.0,-0.009135033992541123,-0.0030573341337667816,-0.0017148977933063897,0.0,7.422016535378178e-05,-0.0004373783893821296,-0.003825923540993084,0.0030907591362821377,0.0,0.0,-0.0006595399888959504,-0.001630121856706193,-0.000945705237118843,0.022247868735506705,-0.0010801404550587358,-0.0015151843717852206,0.0,0.0,-0.00021872922562264798,0.0,0.0,0.0,0.0,0.0,0.0,-0.0015891304869093984,0.0,0.0,0.0,0.0004748622097504096,4.4767309748887306e-05,-0.0002944388019479625,0.0,0.0,0.0,0.0,0.0,-0.0008204764828655574,0.0,0.0,0.0,0.0,0.0,0.0,0.0,0.008390065908037992,-0.0007985447313203634,0.01702722764620033,0.00501564158213693,0.00029968006318442886,-0.000275218283146325,0.0,0.0,-0.01918427778603196,0.0,0.0,0.0,0.0,0.0002193345377078792,0.0,0.0,0.0,0.0,0.0,0.0
2023-06-28,0.0,0.0,-5.903321057339014e-05,0.002338569427529565,-0.009216228107200483,-0.0006253758123414973,0.0,-0.0005210442369411846,0.0,-0.0002626705188271902,-0.001235007877563049,0.008668005398752503,0.0,-0.005452450537900507,0.0,-0.016410925192834123,0.0007161205915177307,0.00854726725742522,0.0,0.009019692203253373,0.0,0.0005568514130611802,-0.008053584309838196,0.0,0.0,0.0,0.0,0.0,0.0,0.0,0.0,-0.006580372991817577,0.002687507097721392,0.0,0.00036335398142291707,0.0,0.0,0.0,0.0005257900668578242,-0.001421938472333483,-0.033907442940266284,0.009971934324272931,-0.0006047987233532,0.0,0.0,-0.008263031268558197,-0.0030573341337667816,-0.0015384388160891054,0.0,-0.0005186907289465039,-0.0004373783893821296,-0.003825923540993084,0.0030907591362821377,0.0,0.0,-0.0006595399888959504,-0.001630121856706193,-0.000945705237118843,0.022247868735506705,-0.0004930225245348783,-0.0015151843717852206,0.0,0.0,-0.00021872922562264798,0.0,0.0,0.0,0.0,0.0,0.0,-0.0015891304869093984,0.0,0.0,0.0,0.0004748622097504096,4.4767309748887306e-05,-0.0002944388019479625,0.0,0.0,0.0,0.0,0.0,-0.0008204764828655574,0.0,0.0,0.0,0.0,0.0,0.0,0.0,0.00663132834161652,-0.0007985447313203634,0.01702722764620033,0.004113743001290345,0.00029968006318442886,-0.000275218283146325,0.0,0.0,0.012484434455186145,0.0,0.0,0.0,0.0,0.0002193345377078792,0.0,0.0,0.0,0.0,0.0,0.0
2023-07-05,0.0,0.0,-5.903321057339014e-05,0.002429875963362427,-0.009216228107200483,-0.0006253758123414973,0.0,-0.0005210442369411846,0.0,-0.0005022760730318058,-0.0009806938214099118,0.009155090840091473,0.0,-0.007750460421052635,0.0,-0.015573715216209106,-0.00011144923113024288,0.00854726725742522,0.0,-0.005606923106716602,0.0,0.0006785311818458424,0.028076810585462568,0.0,0.0,0.0,0.0,0.0,0.0,0.0,0.0,-0.006580372991817577,0.002687507097721392,0.0,0.00036335398142291707,0.0,0.0,0.0,0.0005257900668578242,0.00033161815962547673,-0.052178632114665495,0.011417251818756528,0.0038388803177050496,0.0,0.0,-0.007048140222073329,-0.0026841398884155663,-0.0015384388160891054,0.0,-0.0028483308951659015,-0.0004373783893821296,-0.001245519164403624,-0.005016628397703431,0.0,0.0,-0.0006595399888959504,-0.001630121856706193,-0.000945705237118843,0.02295684176179617,-0.0004930225245348783,-0.0015151843717852206,0.0,0.0,-0.00021872922562264798,0.0,0.0,0.0,0.0,0.0,0.0,-0.0015891304869093984,0.0,0.0,0.0,0.0004748622097504096,4.4767309748887306e-05,-0.0002944388019479625,0.0,0.0,0.0,0.0,0.0,-0.0008204764828655574,0.0,0.0,0.0,0.0,0.0,0.0,0.0,0.00663132834161652,-0.0007985447313203634,0.01702722764620033,0.004113743001290345,0.00029968006318442886,-0.000275218283146325,0.0,0.0,0.013343235334290254,0.0,0.0,0.0,0.0,0.0002193345377078792,0.0,0.0,0.0,0.0,0.0,0.0
2023-07-12,0.0,0.0,-5.903321057339014e-05,0.002429875963362427,-0.009584743536965082,-0.0006253758123414973,0.0,-0.0005210442369411846,0.0,-0.0005022760730318058,-0.0009806938214099118,-0.02143821140698994,0.0,-0.007750460421052635,0.0,-0.015573715216209106,-0.00011144923113024288,0.00854726725742522,0.0,-0.009276681706320527,0.0,0.0006785311818458424,0.02684838629605607,0.0,0.0,0.0,0.0,0.0,0.0,0.0,0.0,-0.00687766119034715,0.0026443351193778785,0.0,-0.00039121031002438005,0.0,0.0,0.0,0.0005257900668578242,0.00033161815962547673,-0.052178632114665495,0.011417251818756528,0.0038388803177050496,0.0,0.0,-0.007048140222073329,-0.0026841398884155663,-0.0015384388160891054,0.0,-0.0028483308951659015,-0.0004373783893821296,-0.001245519164403624,-0.005016628397703431,0.0,0.0,-0.0006595399888959504,-0.001630121856706193,-0.000945705237118843,0.026568050782418747,-0.0004930225245348783,-0.0015151843717852206,0.0,0.0,-0.00021872922562264798,0.0,0.0,0.0,0.0,0.0,0.0,-0.001859713785332156,0.0,0.0,0.0,0.0004748622097504096,4.4767309748887306e-05,-0.0002944388019479625,0.0,0.0,0.0,0.0,0.0,-0.0008204764828655574,0.0,0.0,0.0,0.0,0.0,0.0,0.0,0.006119763766101893,-0.0007985447313203634,0.01702722764620033,0.004113743001290345,0.00029968006318442886,-0.000275218283146325,0.0,0.0,0.013343235334290254,0.0,0.0,0.0,0.0,0.0002193345377078792,0.0,0.0,0.0,0.0,0.0,0.0
2023-07-19,0.0,0.0,-5.903321057339014e-05,0.002429875963362427,0.0003032677521342302,-0.0006253758123414973,0.0,-0.0005444314303951719,0.0,-0.0005022760730318058,-0.0009806938214099118,-0.02725522417976932,0.0,-0.007750460421052635,0.0,-0.015573715216209106,-0.00011144923113024288,0.00854726725742522,0.0,-0.009287118102872341,0.0,0.0006785311818458424,0.02684838629605607,0.0,0.0,0.0,0.0,0.0,0.0,0.0,0.0,0.015705784863952306,0.0026443351193778785,0.0,-0.00039121031002438005,0.0,0.0,0.0,0.0005257900668578242,0.00033161815962547673,-0.052178632114665495,0.011963347682956461,0.0038388803177050496,0.0,0.0,-0.006873598391647056,-0.0026841398884155663,-0.0015384388160891054,0.0,-0.0028483308951659015,-0.0004373783893821296,-0.001245519164403624,-0.005016628397703431,0.0,0.0,-0.0006595399888959504,-0.001630121856706193,-0.0008310772632589594,0.026568050782418747,-0.0004930225245348783,-0.0015151843717852206,0.0,0.0,-0.00021872922562264798,0.0,0.0,0.0,0.0,0.0,0.0,-0.001859713785332156,0.0,0.0,0.0,0.0004748622097504096,4.4767309748887306e-05,0.00019973468141328931,0.0,0.0,0.0,0.0,0.0,-0.0008204764828655574,0.0,0.0,0.0,0.0,0.0,0.0,0.0,0.005445489456971622,-0.00016707965874423775,0.016210504220448348,0.004113743001290345,0.00029968006318442886,-0.000275218283146325,0.0,0.0,0.013343235334290254,0.0,0.0,0.0,0.0,0.0002193345377078792,0.0,0.0,0.0,0.0,0.0,0.0
2023-07-26,0.0,0.0,-5.903321057339014e-05,0.002429875963362427,0.0006717831818988287,-0.0006253758123414973,0.0,-0.0005444314303951719,0.0,-0.0005022760730318058,-0.0009806938214099118,0.00892323245163984,0.0,-0.007750460421052635,0.0,-0.015573715216209106,0.0007161205915177307,0.015155138471979607,0.0,-0.005602151560067651,0.0,0.0006785311818458424,0.028076810585462568,0.0,0.0,0.0,0.0,0.0,0.0,0.0,0.0,0.009612591359897333,0.002687507097721392,0.0,0.00036335398142291707,0.0,0.0,0.0,0.0005257900668578242,0.00033161815962547673,-0.05358502781496555,0.011963347682956461,0.0038388803177050496,0.0,0.0,-0.006873598391647056,-0.0026841398884155663,-0.0015384388160891054,0.0,-0.0028483308951659015,-0.0004373783893821296,-0.001245519164403624,-0.005016628397703431,0.0,0.0,-0.0006595399888959504,-0.001630121856706193,-0.000945705237118843,0.02295684176179617,-0.0004930225245348783,-0.0015151843717852206,0.0,0.0,-0.00021872922562264798,0.0,0.0,0.0,0.0,0.0,0.0,-0.0015891304869093984,0.0,0.0,0.0,0.0004748622097504096,4.4767309748887306e-05,0.00019973468141328931,0.0,0.0,0.0,0.0,0.0,-0.0008204764828655574,0.0,0.0,0.0,0.0,0.0,0.0,0.0,0.00663132834161652,-0.00016707965874423775,0.01702722764620033,0.004113743001290345,0.00029968006318442886,-0.000275218283146325,0.0,0.0,0.012449455393987268,0.0,0.0,0.0,0.0,0.0002193345377078792,0.0,0.0,0.0,0.0,0.0,0.0
2023-08-02,0.0,0.0,-5.903321057339014e-05,0.002816693943498664,0.010327433813500767,0.0010999693141974952,0.0,-0.0005444314303951719,0.0,-0.0005669456665682419,-0.0015511757563607816,0.008124112114099318,0.0,-0.007972385879722687,0.0,-0.00856569579902519,0.0007161205915177307,0.015714191373176138,0.0,0.008927922501127594,0.0,0.0006785311818458424,0.0255604524415873,0.0,0.0,0.0,0.0,0.0,0.0,0.0,0.0,0.009612591359897333,0.002687507097721392,0.0,0.00036335398142291707,0.0,0.0,0.0,0.0005257900668578242,0.00033161815962547673,-0.00036503272661073333,-0.03432246562537166,-0.0006047987233532,0.0,0.0,-0.005871569612926812,-0.0026841398884155663,-0.0015384388160891054,0.0,0.0009526864041431555,-0.0004373783893821296,-0.00025664886613364934,0.0030907591362821377,0.0,0.0,-0.0006595399888959504,-0.0008751603981638688,-0.000945705237118843,0.022247868735506705,-0.0004930225245348783,-0.0015151843717852206,0.0,0.0,-0.00021872922562264798,0.0,0.0,0.0,0.0,0.0,0.0,-0.0015891304869093984,0.0,0.0,0.0,0.00037068471517366414,4.4767309748887306e-05,0.00019973468141328931,0.0,0.0,0.0,0.0,0.0,0.001722695942016279,0.0,0.0,0.0,0.0,0.0,0.0,0.0,0.00663132834161652,-0.00016707965874423775,0.01702722764620033,0.004113743001290345,0.00029968006318442886,6.109384115370986e-07,0.0,0.0,0.012449455393987268,0.0,0.0,0.0,0.0,-9.77504497192612e-06,0.0,0.0,0.0,0.0,0.0,0.0
2023-08-09,0.0,0.0,-5.903321057339014e-05,0.002816693943498664,0.010327433813500767,-0.0006253758123414973,0.0,-0.0005444314303951719,0.0,-0.0005669456665682419,-0.0015511757563607816,0.008124112114099318,0.0,-0.007972385879722687,0.0,-0.00856569579902519,-0.00011144923113024288,0.015714191373176138,0.0,0.00880178101012953,0.0,0.0006785311818458424,0.0255604524415873,0.0,0.0,0.0,0.0,0.0,0.0,0.0,0.0,0.009612591359897333,0.002687507097721392,0.0,0.00036335398142291707,0.0,0.0,0.0,0.0005257900668578242,0.00033161815962547673,-0.00036503272661073333,-0.03432246562537166,-0.0006047987233532,0.0,0.0,-0.005871569612926812,-0.0026841398884155663,-0.0015384388160891054,0.0,0.0009526864041431555,-0.0004373783893821296,-0.00025664886613364934,0.0030907591362821377,0.0,0.0,-0.0006595399888959504,-0.0008751603981638688,-0.000945705237118843,0.022247868735506705,-0.0004930225245348783,-0.0015151843717852206,0.0,0.0,-0.00021872922562264798,0.0,0.0,0.0,0.0,0.0,0.0,-0.0015891304869093984,0.0,0.0,0.0,0.00037068471517366414,4.4767309748887306e-05,0.00019973468141328931,0.0,0.0,0.0,0.0,0.0,0.001722695942016279,0.0,0.0,0.0,0.0,0.0,0.0,0.0,0.00663132834161652,-0.00016707965874423775,0.01702722764620033,0.004113743001290345,0.00029968006318442886,6.109384115370986e-07,0.0,0.0,0.013343235334290254,0.0,0.0,0.0,0.0,-9.77504497192612e-06,0.0,0.0,0.0,0.0,0.0,0.0
2023-08-16,0.0,0.0,-5.903321057339014e-05,0.002816693943498664,0.010327433813500767,-0.0006253758123414973,0.0,0.00419300776537848,0.0,-0.0005669456665682419,-0.0015511757563607816,0.008124112114099318,0.0,-0.007972385879722687,0.0,0.00812396926573707,0.0007161205915177307,0.015714191373176138,0.0,0.00880178101012953,0.0,0.0006785311818458424,0.0255604524415873,0.0,0.0,0.0,0.0,0.0,0.0,0.0,0.0,0.009772111084571282,0.002687507097721392,0.0,0.00036335398142291707,0.0,0.0,0.0,0.0005257900668578242,0.00033161815962547673,-0.0009098182846313005,-0.03432246562537166,-0.0006047987233532,0.0,0.0,-0.007001620609198205,-0.0026841398884155663,-0.0015384388160891054,0.0,0.0009526864041431555,-0.0004373783893821296,-0.00025664886613364934,0.0030907591362821377,0.0,0.0,-0.0006595399888959504,-0.0008751603981638688,-0.000945705237118843,0.022247868735506705,-0.0004930225245348783,-0.0015151843717852206,0.0,0.0,-0.00021872922562264798,0.0,0.0,0.0,0.0,0.0,0.0,-0.0015891304869093984,0.0,0.0,0.0,0.00037068471517366414,4.4767309748887306e-05,0.00019973468141328931,0.0,0.0,0.0,0.0,0.0,0.001722695942016279,0.0,0.0,0.0,0.0,0.0,0.0,0.0,0.00663132834161652,-0.00016707965874423775,0.01702722764620033,0.004113743001290345,0.00029968006318442886,6.109384115370986e-07,0.0,0.0,0.012449455393987268,0.0,0.0,0.0,0.0,-9.77504497192612e-06,0.0,0.0,0.0,0.0,0.0,0.0
2023-08-23,0.0,0.0,-5.903321057339014e-05,0.004123921563629035,0.010327433813500767,-0.0006253758123414973,0.0,-0.0005210442369411846,0.0,-0.0005669456665682419,-0.0015511757563607816,0.008355970502550951,0.0,-0.007972385879722687,0.0,0.007480866407814204,-0.00011144923113024288,0.015714191373176138,0.0,0.00879700946348058,0.0,0.0006785311818458424,0.0255604524415873,0.0,0.0,0.0,0.0,0.0,0.0,0.0,0.0,-0.006580372991817577,0.002687507097721392,0.0,0.00036335398142291707,0.0,0.0,0.0,0.0005257900668578242,0.00033161815962547673,-0.0009098182846313005,-0.03432246562537166,-0.0006047987233532,0.0,0.0,-0.007176162439624478,-0.002351759520201519,-0.0015384388160891054,0.0,0.0009526864041431555,-0.0004373783893821296,-0.00025664886613364934,0.0030907591362821377,0.0,0.0,-0.0006595399888959504,-0.0008751603981638688,-0.000945705237118843,0.022247868735506705,-0.0004930225245348783,-0.0015151843717852206,0.0,0.0,-0.00021872922562264798,0.0,0.0,0.0,0.0,0.0,0.0,-0.0015891304869093984,0.0,0.0,0.0,0.00037068471517366414,4.4767309748887306e-05,-0.0002944388019479625,0.0,0.0,0.0,0.0,0.0,0.001722695942016279,0.0,0.0,0.0,0.0,0.0,0.0,0.0,0.00663132834161652,-0.00016707965874423775,0.01702722764620033,0.004113743001290345,0.00029968006318442886,6.109384115370986e-07,0.0,0.0,0.013343235334290254,0.0,0.0,0.0,0.0,-9.77504497192612e-06,0.0,0.0,0.0,0.0,0.0,0.0
2023-08-30,0.0,0.0,-5.903321057339014e-05,0.004123921563629035,0.010327433813500767,0.0010999693141974952,0.0,-0.0005210442369411846,0.0,-0.00032734011236362624,0.0008055437793056433,0.008355970502550951,0.0,-0.005452450537900507,0.0,0.007480866407814204,-0.00011144923113024288,0.015714191373176138,0.0,0.008923150954478643,0.0,0.0006785311818458424,0.0255604524415873,0.0,0.0,0.0,0.0,0.0,0.0,0.0,0.0,-0.006580372991817577,0.002687507097721392,0.0,0.00036335398142291707,0.0,0.0,0.0,0.0005257900668578242,0.00033161815962547673,-0.0009098182846313005,-0.03432246562537166,-0.0006047987233532,0.0,0.0,-0.007176162439624478,-0.002351759520201519,-0.0015384388160891054,0.0,0.0009526864041431555,-0.0004373783893821296,-0.00025664886613364934,0.0030907591362821377,0.0,0.0,-0.0006595399888959504,-0.0008751603981638688,-0.000945705237118843,0.022247868735506705,-0.0004930225245348783,-0.0015151843717852206,0.0,0.0,-0.00021872922562264798,0.0,0.0,0.0,0.0,0.0,0.0,-0.0015891304869093984,0.0,0.0,0.0,0.00037068471517366414,4.4767309748887306e-05,-0.0002944388019479625,0.0,0.0,0.0,0.0,0.0,0.001722695942016279,0.0,0.0,0.0,0.0,0.0,0.0,0.0,0.00663132834161652,-0.00016033950367881357,0.01702722764620033,0.004113743001290345,0.00029968006318442886,6.109384115370986e-07,0.0,0.0,0.013343235334290254,0.0,0.0,0.0,0.0,-9.77504497192612e-06,0.0,0.0,0.0,0.0,0.0,0.0
2023-09-06,0.0,0.0,-5.903321057339014e-05,0.004102892958652255,0.011360976431581113,0.0010999693141974952,0.0,-0.0005152988732495764,0.0,-0.00032734011236362624,0.0008055437793056433,0.008355970502550951,0.0,-0.005452450537900507,0.0,0.018280208302947132,0.0007161205915177307,0.01573274527245966,0.0,0.009145833694251437,0.0,0.0006785311818458424,0.027471659856331175,0.0,0.0,0.0,0.0,0.0,0.0,0.0,0.0,-0.006177354479251609,0.002687507097721392,0.0,0.00036335398142291707,0.0,0.0,0.0,0.0005257900668578242,0.0015068685433991347,0.026733636321463364,0.012032269225980816,0.00012148244354781908,0.0,0.0,-0.008178191218344722,-0.002351759520201519,-0.0015384388160891054,0.0,0.0009526864041431555,1.3891977956462535e-05,-0.000614202190376962,0.0030907591362821377,0.0,0.0,-0.0006595399888959504,-0.001630121856706193,-0.000945705237118843,0.022247868735506705,-0.0004930225245348783,-0.0015151843717852206,0.0,0.0,-0.00021872922562264798,0.0,0.0,0.0,0.0,0.0,0.0,-0.0015891304869093984,0.0,0.0,0.0,0.0004748622097504096,4.4767309748887306e-05,0.0023023129124922106,0.0,0.0,0.0,0.0,0.0,0.001722695942016279,0.0,0.0,0.0,0.0,0.0,0.0,0.0,0.008168264342753301,-0.00016033950367881357,0.0069687679086947885,0.004113743001290345,0.00029968006318442886,-0.001124183608671078,0.0,0.0,0.012449455393987268,0.0,0.0,0.0,0.0,0.0002193345377078792,0.0,0.0,0.0,0.0,0.0,0.0
2023-09-13,0.0,0.0,-5.903321057339014e-05,0.004102892958652255,0.011360976431581113,0.0010999693141974952,0.0,-0.0005152988732495764,0.0,-0.00032734011236362624,0.0008055437793056433,0.008355970502550951,0.0,-0.005452450537900507,0.0,0.018280208302947132,-0.00011144923113024288,0.01573274527245966,0.0,0.009145833694251437,0.0,0.0006785311818458424,0.027471659856331175,0.0,0.0,0.0,0.0,0.0,0.0,0.0,0.0,-0.006177354479251609,0.002687507097721392,0.0,0.00036335398142291707,0.0,0.0,0.0,0.0005257900668578242,0.0015068685433991347,0.026733636321463364,0.012032269225980816,0.00012148244354781908,0.0,0.0,-0.008178191218344722,-0.002351759520201519,-0.0015384388160891054,0.0,0.0009526864041431555,1.3891977956462535e-05,-0.000614202190376962,0.0030907591362821377,0.0,0.0,-0.0006595399888959504,-0.001630121856706193,-0.000945705237118843,0.022247868735506705,-0.0004930225245348783,-0.0015151843717852206,0.0,0.0,-0.00021872922562264798,0.0,0.0,0.0,0.0,0.0,0.0,-0.0015891304869093984,0.0,0.0,0.0,0.0004748622097504096,4.4767309748887306e-05,0.0023023129124922106,0.0,0.0,0.0,0.0,0.0,0.001722695942016279,0.0,0.0,0.0,0.0,0.0,0.0,0.0,0.008168264342753301,-0.00016033950367881357,0.0069687679086947885,0.004113743001290345,0.00029968006318442886,-0.001124183608671078,0.0,0.0,0.013343235334290254,0.0,0.0,0.0,0.0,0.0002193345377078792,0.0,0.0,0.0,0.0,0.0,0.0
2023-09-20,0.0,0.0,-5.903321057339014e-05,0.0027956653385218843,0.011360976431581113,0.0010999693141974952,0.0,-0.0005152988732495764,0.0,-0.00033471508373126056,0.0008055437793056433,0.008355970502550951,0.0,-0.005452450537900507,0.0,0.02385955301096987,-0.00011144923113024288,0.01573274527245966,0.0,0.009145833694251437,0.0,0.0006785311818458424,0.027471659856331175,0.0,0.0,0.0,0.0,0.0,0.0,0.0,0.0,-0.006177354479251609,0.002687507097721392,0.0,0.00036335398142291707,0.0,0.0,0.0,0.0005257900668578242,0.0015068685433991347,0.026733636321463364,0.012032269225980816,0.00012148244354781908,0.0,0.0,-0.008178191218344722,-0.002351759520201519,-0.0015384388160891054,0.0,0.0009526864041431555,1.3891977956462535e-05,-0.000614202190376962,0.0030907591362821377,0.0,0.0,-0.0006595399888959504,-0.001630121856706193,-0.000945705237118843,0.022247868735506705,-0.0004930225245348783,-0.00018524521390069987,0.0,0.0,-0.00021872922562264798,0.0,0.0,0.0,0.0,0.0,0.0,-0.0015891304869093984,0.0,0.0,0.0,0.0004748622097504096,4.4767309748887306e-05,0.0023023129124922106,0.0,0.0,0.0,0.0,0.0,0.001722695942016279,0.0,0.0,0.0,0.0,0.0,0.0,0.0,0.008168264342753301,-0.00016033950367881357,0.0069687679086947885,0.004113743001290345,0.00029968006318442886,-0.001124183608671078,0.0,0.0,0.013343235334290254,0.0,0.0,0.0,0.0,0.0002193345377078792,0.0,0.0,0.0,0.0,0.0,0.0
2023-09-27,0.0,0.0,-5.903321057339014e-05,0.0027956653385218843,0.011360976431581113,0.0010999693141974952,0.0,-0.0005152988732495764,0.0,-0.00033471508373126056,0.0008055437793056433,0.008355970502550951,0.0,-0.005452450537900507,0.0,0.02385955301096987,-0.00011144923113024288,0.01573274527245966,0.0,0.009145833694251437,0.0,0.0006785311818458424,0.027471659856331175,0.0,0.0,0.0,0.0,0.0,0.0,0.0,0.0,-0.006177354479251609,0.002687507097721392,0.0,0.00036335398142291707,0.0,0.0,0.0,0.0005257900668578242,0.0015068685433991347,0.026733636321463364,0.012032269225980816,0.00012148244354781908,0.0,0.0,-0.008178191218344722,-0.002351759520201519,-0.0015384388160891054,0.0,0.0009526864041431555,1.3891977956462535e-05,-0.000614202190376962,0.0030907591362821377,0.0,0.0,-0.0006595399888959504,-0.001630121856706193,-0.000945705237118843,0.022247868735506705,0.0005887429220570444,-0.00018524521390069987,0.0,0.0,-0.00021872922562264798,0.0,0.0,0.0,0.0,0.0,0.0,-0.0015891304869093984,0.0,0.0,0.0,0.0004748622097504096,4.4767309748887306e-05,0.0023023129124922106,0.0,0.0,0.0,0.0,0.0,0.001722695942016279,0.0,0.0,0.0,0.0,0.0,0.0,0.0,0.008168264342753301,-0.00016033950367881357,0.0069687679086947885,0.004113743001290345,0.00029968006318442886,-0.001124183608671078,0.0,0.0,0.012049342543550638,0.0,0.0,0.0,0.0,0.0002193345377078792,0.0,0.0,0.0,0.0,0.0,0.0
2023-10-04,0.0,0.0,-5.903321057339014e-05,0.0027956653385218843,0.011360976431581113,0.0010999693141974952,0.0,-0.0005152988732495764,0.0,-0.001537477948861771,0.0008055437793056433,0.005850753111714417,0.0,-0.005363994525017445,0.0,0.02385955301096987,0.0022857775900001435,0.016250992769651928,0.0,0.006069266045327604,0.0,0.0006785311818458424,0.02805519506437055,0.0,0.0,0.0,0.0,0.0,0.0,0.0,0.0,-0.006177354479251609,0.002687507097721392,0.0,0.0008486819583740711,0.0,0.0,0.0,-0.0003457067573944405,0.0015068685433991347,0.026733636321463364,0.012032269225980816,0.00012148244354781908,0.0,0.0,-0.009452602935225785,-0.002351759520201519,-0.0015384388160891054,0.0,0.001545597298443441,1.3891977956462535e-05,-0.000614202190376962,0.0030907591362821377,0.0,0.0,-0.0003649840985449867,-0.001630121856706193,-0.000945705237118843,0.02295684176179617,0.002531305951444623,1.450796927253241e-05,0.0,0.0,-0.00021872922562264798,0.0,0.0,0.0,0.0,0.0,0.0,-0.001859713785332156,0.0,0.0,0.0,0.0004748622097504096,4.4767309748887306e-05,0.0023023129124922106,0.0,0.0,0.0,0.0,0.0,0.001722695942016279,0.0,0.0,0.0,0.0,0.0,0.0,0.0,0.008168264342753301,-0.00016033950367881357,-0.005412365408703041,0.004113743001290345,0.00029968006318442886,-0.001124183608671078,0.0,0.0,-0.013385483667466563,0.0,0.0,0.0,0.0,0.0002193345377078792,0.0,0.0,0.0,0.0,0.0,0.0
2023-10-11,0.0,0.0,-5.903321057339014e-05,0.0027956653385218843,0.011360976431581113,0.0010999693141974952,0.0,-0.0005152988732495764,0.0,-0.0017770835030663868,0.0008055437793056433,0.008355970502550951,0.0,-0.007883929866839626,0.0,0.02385955301096987,-0.0003557335984437309,0.01573274527245966,0.0,0.006069266045327604,0.0,0.0006785311818458424,0.027471659856331175,0.0,0.0,0.0,0.0,0.0,0.0,0.0,0.0,-0.006177354479251609,0.002687507097721392,0.0,0.0008486819583740711,0.0,0.0,0.0,-0.0003457067573944405,0.0015068685433991347,0.026733636321463364,0.012032269225980816,0.00012148244354781908,0.0,0.0,-0.00858060021124286,-0.002351759520201519,-0.0015384388160891054,0.0,0.0009526864041431555,1.3891977956462535e-05,-0.000614202190376962,0.0030907591362821377,0.0,0.0,-0.0003649840985449867,-0.001630121856706193,-0.000945705237118843,0.02295684176179617,0.002531305951444623,1.450796927253241e-05,0.0,0.0,-0.00021872922562264798,0.0,0.0,0.0,0.0,0.0,0.0,-0.0015891304869093984,0.0,0.0,0.0,0.0004748622097504096,4.4767309748887306e-05,0.0023023129124922106,0.0,0.0,0.0,0.0,0.0,0.001722695942016279,0.0,0.0,0.0,0.0,0.0,0.0,0.0,0.008168264342753301,-0.00016033950367881357,-0.005412365408703041,0.004113743001290345,0.00029968006318442886,-0.001124183608671078,0.0,0.0,0.0007909655061047391,0.0,0.0,0.0,0.0,0.0002193345377078792,0.0,0.0,0.0,0.0,0.0,0.0
2023-10-18,0.0,0.0,-5.903321057339014e-05,0.0027956653385218843,0.01183859182410497,0.0010999693141974952,0.0,-0.0005152988732495764,0.0,-0.001537477948861771,0.0008055437793056433,-0.00040480719574651993,0.0,-0.005363994525017445,0.0,0.02385955301096987,-0.00011144923113024288,0.01573274527245966,0.0,0.00609161908892659,0.0,0.0006785311818458424,0.027471659856331175,0.0,0.0,0.0,0.0,0.0,0.0,0.0,0.0,-0.006177354479251609,0.0026443351193778785,0.0,0.00036335398142291707,0.0,0.0,0.0,0.0005257900668578242,0.0015068685433991347,0.026733636321463364,0.012032269225980816,0.00012148244354781908,0.0,0.0,-0.00858060021124286,-0.002351759520201519,-0.0015384388160891054,0.0,0.0009526864041431555,1.3891977956462535e-05,-0.000614202190376962,0.0030907591362821377,0.0,0.0,-0.0003649840985449867,-0.001630121856706193,-0.000945705237118843,0.02295684176179617,0.0005887429220570444,1.450796927253241e-05,0.0,0.0,-0.00021872922562264798,0.0,0.0,0.0,0.0,0.0,0.0,-0.001859713785332156,0.0,0.0,0.0,0.0004748622097504096,4.4767309748887306e-05,0.0023023129124922106,0.0,0.0,0.0,0.0,0.0,0.001722695942016279,0.0,0.0,0.0,0.0,0.0,0.0,0.0,0.008168264342753301,-0.00016033950367881357,-0.005412365408703041,0.004113743001290345,0.00029968006318442886,-0.001124183608671078,0.0,0.0,0.012049342543550638,0.0,0.0,0.0,0.0,0.0002193345377078792,0.0,0.0,0.0,0.0,0.0,0.0
2023-10-25,0.0,0.0,-5.903321057339014e-05,0.0027956653385218843,0.011360976431581113,0.0010999693141974952,0.0,-0.0005152988732495764,0.0,-0.0017770835030663868,0.0010598578354587803,0.008355970502550951,0.0,-0.007883929866839626,0.0,0.02385955301096987,-0.00011144923113024288,0.01573274527245966,0.0,-0.005368076020507264,0.0,0.0006785311818458424,0.027471659856331175,0.0,0.0,0.0,0.0,0.0,0.0,0.0,0.0,-0.006177354479251609,0.002687507097721392,0.0,0.00036335398142291707,0.0,0.0,0.0,0.0005257900668578242,0.0015068685433991347,0.026914671604783526,0.011963347682956461,0.00012148244354781908,0.0,0.0,-0.00858060021124286,-0.002351759520201519,-0.0015384388160891054,0.0,0.0009526864041431555,1.3891977956462535e-05,-0.000614202190376962,0.0030907591362821377,0.0,0.0,-0.0003649840985449867,-0.001630121856706193,-0.000945705237118843,0.02295684176179617,0.0005887429220570444,1.450796927253241e-05,0.0,0.0,-0.00021872922562264798,0.0,0.0,0.0,0.0,0.0,0.0,-0.0015891304869093984,0.0,0.0,0.0,0.0004748622097504096,4.4767309748887306e-05,0.0023023129124922106,0.0,0.0,0.0,0.0,0.0,0.001722695942016279,0.0,0.0,0.0,0.0,0.0,0.0,0.0,0.008168264342753301,-0.00016033950367881357,-0.005412365408703041,0.004113743001290345,0.00029968006318442886,-0.001124183608671078,0.0,0.0,0.012049342543550638,0.0,0.0,0.0,0.0,0.0002193345377078792,0.0,0.0,0.0,0.0,0.0,0.0
2023-11-01,0.0,0.0,-5.903321057339014e-05,0.0027956653385218843,0.011360976431581113,0.0010999693141974952,0.0,-0.0005152988732495764,0.0,-0.0016009474896354875,0.0008055437793056433,0.008355970502550951,0.0,0.021187030060212195,0.0,0.024430822591972007,0.0007161205915177307,0.01573274527245966,0.0,0.00909112098185376,0.0,0.0006785311818458424,0.024036490410925072,0.0,0.0,0.0,0.0,0.0,0.0,0.0,0.0,-0.006008382949186629,0.002687507097721392,0.0,0.00036335398142291707,0.0,0.0,0.0,0.0005257900668578242,0.0015068685433991347,0.026136643572517267,0.012769021972948762,0.00012148244354781908,0.0,0.0,0.014262907545798778,-0.002351759520201519,-0.0015384388160891054,0.0,0.0009526864041431555,1.3891977956462535e-05,-0.000614202190376962,0.0030907591362821377,0.0,0.0,-0.00022377893995455242,-0.001630121856706193,-0.000945705237118843,0.022247868735506705,0.0005887429220570444,1.450796927253241e-05,0.0,0.0,-0.00021872922562264798,0.0,0.0,0.0,0.0,0.0,0.0,-0.0014981592650471207,0.0,0.0,0.0,0.0004748622097504096,4.4767309748887306e-05,0.0023023129124922106,0.0,0.0,0.0,0.0,0.0,0.001722695942016279,0.0,0.0,0.0,0.0,0.0,0.0,0.0,0.008168264342753301,-0.00016033950367881357,-0.0052557542234428455,0.0040360635187265785,0.00029968006318442886,-0.001124183608671078,0.0,0.0,0.010795326985304537,0.0,0.0,0.0,0.0,0.0002193345377078792,0.0,0.0,0.0,0.0,0.0,0.0
2023-11-08,0.0,0.0,-5.903321057339014e-05,0.0027956653385218843,0.011360976431581113,0.0010999693141974952,0.0,-0.0005152988732495764,0.0,-0.0016009474896354875,0.0008055437793056433,0.008355970502550951,0.0,0.021187030060212195,0.0,0.024430822591972007,-0.00011144923113024288,0.01573274527245966,0.0,0.00909112098185376,0.0,0.0006785311818458424,0.024036490410925072,0.0,0.0,0.0,0.0,0.0,0.0,0.0,0.0,-0.006008382949186629,0.002687507097721392,0.0,0.00036335398142291707,0.0,0.0,0.0,0.0005257900668578242,0.0015068685433991347,0.026136643572517267,0.012769021972948762,0.00012148244354781908,0.0,0.0,0.014262907545798778,-0.002351759520201519,-0.0015384388160891054,0.0,0.0009526864041431555,1.3891977956462535e-05,-0.000614202190376962,0.0030907591362821377,0.0,0.0,-0.00022377893995455242,-0.001630121856706193,-0.000945705237118843,0.022247868735506705,-0.0004930225245348783,1.450796927253241e-05,0.0,0.0,-0.00021872922562264798,0.0,0.0,0.0,0.0,0.0,0.0,-0.0014981592650471207,0.0,0.0,0.0,0.0004748622097504096,4.4767309748887306e-05,0.0023023129124922106,0.0,0.0,0.0,0.0,0.0,0.001722695942016279,0.0,0.0,0.0,0.0,0.0,0.0,0.0,0.008168264342753301,-0.00016033950367881357,-0.0052557542234428455,0.0040360635187265785,0.00029968006318442886,-0.001124183608671078,0.0,0.0,0.01298299971634714,0.0,0.0,0.0,0.0,0.0002193345377078792,0.0,0.0,0.0,0.0,0.0,0.0
2023-11-15,0.0,0.0,-5.903321057339014e-05,0.00040938429983498263,0.011360976431581113,0.0010999693141974952,0.0,-0.0005152988732495764,0.0,0.006340463243774495,0.0008055437793056433,0.008355970502550951,0.0,0.021187030060212195,0.0,0.024430822591972007,-0.00011144923113024288,0.01573274527245966,0.0,0.00909112098185376,0.0,0.0006785311818458424,0.024036490410925072,0.0,0.0,0.0,0.0,0.0,0.0,0.0,0.0,-0.006008382949186629,0.002687507097721392,0.0,0.00036335398142291707,0.0,0.0,0.0,0.0005257900668578242,0.0015068685433991347,0.028025989716512798,0.012769021972948762,0.00012148244354781908,0.0,0.0,0.014262907545798778,-0.002351759520201519,-0.0015384388160891054,0.0,0.0009526864041431555,1.3891977956462535e-05,-0.000614202190376962,0.0030907591362821377,0.0,0.0,-0.00022377893995455242,-0.001630121856706193,-0.000945705237118843,0.022604053709017444,-0.0004930225245348783,1.450796927253241e-05,0.0,0.0,-0.00021872922562264798,0.0,0.0,0.0,0.0,0.0,0.0,-0.0014981592650471207,0.0,0.0,0.0,0.0004748622097504096,4.4767309748887306e-05,0.0023023129124922106,0.0,0.0,0.0,0.0,0.0,0.001722695942016279,0.0,0.0,0.0,0.0,0.0,0.0,0.0,0.008168264342753301,-0.00016033950367881357,-0.0052557542234428455,0.0040360635187265785,0.00029968006318442886,-0.001124183608671078,0.0,0.0,0.01298299971634714,0.0,0.0,0.0,0.0,0.0002193345377078792,0.0,0.0,0.0,0.0,0.0,0.0
2023-11-22,0.0,0.0,-5.903321057339014e-05,0.00040938429983498263,0.011360976431581113,-0.0006253758123414973,0.0,-0.0005152988732495764,0.0,0.006340463243774495,0.0008055437793056433,0.008355970502550951,0.0,0.021187030060212195,0.0,0.024430822591972007,-0.00011144923113024288,0.01573274527245966,0.0,0.008964979490855696,0.0,0.0006785311818458424,0.024036490410925072,0.0,0.0,0.0,0.0,0.0,0.0,0.0,0.0,-0.006008382949186629,0.002687507097721392,0.0,0.00036335398142291707,0.0,0.0,0.0,0.0005257900668578242,0.0015068685433991347,0.028025989716512798,0.012769021972948762,0.00012148244354781908,0.0,0.0,0.014262907545798778,-0.002351759520201519,-0.0015384388160891054,0.0,0.0009526864041431555,1.3891977956462535e-05,-0.000614202190376962,0.0030907591362821377,0.0,0.0,-0.00022377893995455242,-0.001630121856706193,-0.000945705237118843,0.022604053709017444,-0.0004930225245348783,1.450796927253241e-05,0.0,0.0,-0.00021872922562264798,0.0,0.0,0.0,0.0,0.0,0.0,-0.0014981592650471207,0.0,0.0,0.0,0.0004748622097504096,4.4767309748887306e-05,0.0023023129124922106,0.0,0.0,0.0,0.0,0.0,0.001722695942016279,0.0,0.0,0.0,0.0,0.0,0.0,0.0,0.008168264342753301,-0.00016033950367881357,-0.0052557542234428455,0.0040360635187265785,0.00029968006318442886,-0.001124183608671078,0.0,0.0,0.01298299971634714,0.0,0.0,0.0,0.0,0.0002193345377078792,0.0,0.0,0.0,0.0,0.0,0.0
2023-11-29,0.0,0.0,-5.903321057339014e-05,-0.0033207505404206205,0.011360976431581113,-0.0006253758123414973,0.0,-0.0005152988732495764,0.0,0.006340463243774495,0.0008055437793056433,0.008355970502550951,0.0,0.021187030060212195,0.0,0.024430822591972007,-0.00011144923113024288,0.01573274527245966,0.0,0.008964979490855696,0.0,0.0006785311818458424,0.024036490410925072,0.0,0.0,0.0,0.0,0.0,0.0,0.0,0.0,-0.006008382949186629,0.002687507097721392,0.0,0.00036335398142291707,0.0,0.0,0.0,0.0005257900668578242,0.0015068685433991347,0.02814793454794386,0.012769021972948762,0.00012148244354781908,0.0,0.0,0.014262907545798778,-0.002351759520201519,-0.0015384388160891054,0.0,0.0009526864041431555,1.3891977956462535e-05,-0.000614202190376962,0.0030907591362821377,0.0,0.0,-0.00022377893995455242,-0.001630121856706193,-0.000945705237118843,0.022604053709017444,-0.0004930225245348783,1.450796927253241e-05,0.0,0.0,-0.00021872922562264798,0.0,0.0,0.0,0.0,0.0,0.0,-0.0014981592650471207,0.0,0.0,0.0,0.0004748622097504096,4.4767309748887306e-05,0.0023023129124922106,0.0,0.0,0.0,0.0,0.0,0.001722695942016279,0.0,0.0,0.0,0.0,0.0,0.0,0.0,0.008168264342753301,-0.00016033950367881357,-0.0052557542234428455,0.0040360635187265785,0.00029968006318442886,-0.001124183608671078,0.0,0.0,0.01298299971634714,0.0,0.0,0.0,0.0,0.0002193345377078792,0.0,0.0,0.0,0.0,0.0,0.0
2023-12-06,0.0,0.0,-5.903321057339014e-05,-0.0034120570762534823,0.011360976431581113,-0.0006253758123414973,0.0,-0.0005152988732495764,0.0,-0.0016009474896354875,0.0008055437793056433,0.00786888506121198,0.0,0.021187030060212195,0.0,0.022351019695377523,-0.00011144923113024288,0.01573274527245966,0.0,0.008964979490855696,0.0,-0.007414023249083161,0.009468271140761937,0.0,0.0,0.0,0.0,0.0,0.0,0.0,0.0,-0.006008382949186629,0.002687507097721392,0.0,0.00036335398142291707,0.0,0.0,0.0,0.0005257900668578242,0.0015068685433991347,0.02400649907806047,0.012769021972948762,-0.0007710938258877364,0.0,0.0,0.01664823913128607,0.002702805635943401,-0.0015384388160891054,0.0,0.0009526864041431555,1.3891977956462535e-05,-0.0015593492878251442,0.0030907591362821377,0.0,0.0,-0.0005183348303055161,-0.001630121856706193,-0.000945705237118843,0.022604053709017444,-0.0004930225245348783,1.450796927253241e-05,0.0,0.0,-0.00021872922562264798,0.0,0.0,0.0,0.0,0.0,0.0,-0.0014981592650471207,0.0,0.0,0.0,0.0004748622097504096,4.4767309748887306e-05,0.0023023129124922106,0.0,0.0,0.0,0.0,0.0,0.001722695942016279,0.0,0.0,0.0,0.0,0.0,0.0,0.0,0.008168264342753301,-0.00016033950367881357,-0.0017768603345988798,0.0040360635187265785,0.00029968006318442886,-0.001124183608671078,0.0,0.0,0.01298299971634714,0.0,0.0,0.0,0.0,0.0002193345377078792,0.0,0.0,0.0,0.0,0.0,0.0
2023-12-13,0.0,0.0,-5.903321057339014e-05,-0.0034120570762534823,0.011360976431581113,-0.0006253758123414973,0.0,-0.0005152988732495764,0.0,-0.0003981846245049769,0.0008055437793056433,0.00786888506121198,0.0,0.021187030060212195,0.0,0.024430822591972007,-0.00011144923113024288,0.01573274527245966,0.0,0.008964979490855696,0.0,-0.0033505568150280175,0.009468271140761937,0.0,0.0,0.0,0.0,0.0,0.0,0.0,0.0,-0.006008382949186629,0.002687507097721392,0.0,0.00036335398142291707,0.0,0.0,0.0,0.0005257900668578242,0.0015068685433991347,0.02400649907806047,0.012769021972948762,-0.0007710938258877364,0.0,0.0,0.01664823913128607,0.002702805635943401,-0.0015384388160891054,0.0,0.0009526864041431555,1.3891977956462535e-05,-0.0015593492878251442,0.0030907591362821377,0.0,0.0,-0.0005183348303055161,-0.001630121856706193,-0.000945705237118843,0.022604053709017444,-0.0004930225245348783,-0.00018524521390069987,0.0,0.0,-0.00021872922562264798,0.0,0.0,0.0,0.0,0.0,0.0,-0.0014981592650471207,0.0,0.0,0.0,0.0004748622097504096,4.4767309748887306e-05,0.0023023129124922106,0.0,0.0,0.0,0.0,0.0,0.001722695942016279,0.0,0.0,0.0,0.0,0.0,0.0,0.0,0.008168264342753301,-0.00016033950367881357,-0.0017768603345988798,0.0040360635187265785,0.00029968006318442886,-0.001124183608671078,0.0,0.0,0.01298299971634714,0.0,0.0,0.0,0.0,0.0002193345377078792,0.0,0.0,0.0,0.0,0.0,0.0
2023-12-20,0.0,0.0,-5.903321057339014e-05,-0.0033207505404206205,0.011360976431581113,-0.0006253758123414973,0.0,-0.0005152988732495764,0.0,0.007543226108905005,0.0008055437793056433,0.00786888506121198,0.0,0.021187030060212195,0.0,0.024430822591972007,-0.00011144923113024288,0.01573274527245966,0.0,0.008964979490855696,0.0,-0.0033505568150280175,0.013637102657828453,0.0,0.0,0.0,0.0,0.0,0.0,0.0,0.0,-0.006008382949186629,0.002687507097721392,0.0,0.00036335398142291707,0.0,0.0,0.0,0.0005257900668578242,0.0015068685433991347,0.025895845222056,0.012769021972948762,-0.0007710938258877364,0.0,0.0,0.01664823913128607,0.002702805635943401,-0.0015384388160891054,0.0,0.0009526864041431555,1.3891977956462535e-05,-0.0015593492878251442,0.0030907591362821377,0.0,0.0,-0.0005183348303055161,-0.001630121856706193,-0.000945705237118843,0.022604053709017444,-0.0004930225245348783,-0.00018524521390069987,0.0,0.0,-0.00021872922562264798,0.0,0.0,0.0,0.0,0.0,0.0,-0.0014981592650471207,0.0,0.0,0.0,0.0004748622097504096,4.4767309748887306e-05,0.0023023129124922106,0.0,0.0,0.0,0.0,0.0,0.001722695942016279,0.0,0.0,0.0,0.0,0.0,0.0,0.0,0.008168264342753301,-0.00016033950367881357,-0.0017768603345988798,0.0040360635187265785,0.00029968006318442886,-0.001124183608671078,0.0,0.0,0.01298299971634714,0.0,0.0,0.0,0.0,0.0002193345377078792,0.0,0.0,0.0,0.0,0.0,0.0
2023-12-27,0.0,0.0,-5.903321057339014e-05,-0.0033207505404206205,0.0006717831818988287,0.0010999693141974952,0.0,-0.0005152988732495764,0.0,0.006340463243774495,0.0008055437793056433,0.008668005398752503,0.0,0.021187030060212195,0.0,0.024430822591972007,-0.00011144923113024288,0.01573274527245966,0.0,0.00909112098185376,0.0,-0.0033505568150280175,0.013637102657828453,0.0,0.0,0.0,0.0,0.0,0.0,0.0,0.0,-0.006008382949186629,0.002687507097721392,0.0,0.00036335398142291707,0.0,0.0,0.0,0.0005257900668578242,0.0015068685433991347,0.025895845222056,0.012769021972948762,-0.0007710938258877364,0.0,0.0,0.01664823913128607,0.002702805635943401,-0.0015384388160891054,0.0,0.0009526864041431555,1.3891977956462535e-05,-0.0015593492878251442,0.0030907591362821377,0.0,0.0,-0.0005183348303055161,-0.001630121856706193,-0.000945705237118843,0.022604053709017444,-0.0004930225245348783,1.450796927253241e-05,0.0,0.0,-0.00021872922562264798,0.0,0.0,0.0,0.0,0.0,0.0,-0.0014981592650471207,0.0,0.0,0.0,0.0004748622097504096,4.4767309748887306e-05,0.0023023129124922106,0.0,0.0,0.0,0.0,0.0,-0.0008204764828655574,0.0,0.0,0.0,0.0,0.0,0.0,0.0,0.008168264342753301,-0.00016033950367881357,-0.0017768603345988798,0.0040360635187265785,0.00029968006318442886,-0.00140001283022894,0.0,0.0,0.01298299971634714,0.0,0.0,0.0,0.0,0.0002193345377078792,0.0,0.0,0.0,0.0,0.0,0.0
2024-01-03,0.0,0.0,-5.903321057339014e-05,-0.0034120570762534823,-0.00878170658720664,0.0010999693141974952,0.0,-0.0005152988732495764,0.0,-0.0003981846245049769,0.0010598578354587803,-0.0009389031218334225,0.0,0.021187030060212195,0.0,0.020736840511308297,-0.00011144923113024288,-0.015878531244598443,0.0,-0.00892627494941691,0.0,-0.007414023249083161,-0.0068026993920621,0.0,0.0,0.0,0.0,0.0,0.0,0.0,0.0,-0.007161812990673958,0.002772126921704453,0.0,0.00036335398142291707,0.0,0.0,0.0,0.0005257900668578242,0.0015068685433991347,0.027734609890476634,0.009841530085114188,0.00012148244354781908,0.0,0.0,-0.009795491257727728,0.005001039940577089,0.0005217091708611199,0.0,0.0009526864041431555,1.3891977956462535e-05,-0.0015593492878251442,0.0030907591362821377,0.0,0.0,-0.00022377893995455242,-0.001630121856706193,-0.000945705237118843,0.024714401155762213,-0.0004930225245348783,-0.00018524521390069987,0.0,0.0,-0.00021872922562264798,0.0,0.0,0.0,0.0,0.0,0.0,-0.0017687425634698786,0.0,0.0,0.0,0.0004748622097504096,4.4767309748887306e-05,-0.0002944388019479625,0.0,0.0,0.0,0.0,0.0,0.0001601185356155493,0.0,0.0,0.0,0.0,0.0,0.0,0.0,0.009927001909174773,-0.0007918045762549393,-0.005539750177952534,-0.0008321682363418943,0.00029968006318442886,-0.00140001283022894,0.0,0.0,0.013409850848796829,0.0,0.0,0.0,0.0,0.0002193345377078792,0.0,0.0,0.0,0.0,0.0,0.0
2024-01-10,0.0,0.0,-5.903321057339014e-05,-0.0065192567394253345,-0.00878170658720664,0.0010999693141974952,0.0,-0.0005152988732495764,0.0,-0.0011301097358063688,0.0010598578354587803,-0.03266337497082373,0.0,-0.007883929866839626,0.0,-0.010447758582037538,-0.0003557335984437309,-0.017640599776330982,0.0,-0.012567416164227262,0.0,-0.0052324767819868345,0.025430810339726977,0.0,0.0,0.0,0.0,0.0,0.0,0.0,0.0,-0.009179552452134617,0.002772126921704453,0.0,9.411766692677401e-05,0.0,0.0,0.0,-0.0003457067573944405,0.0015068685433991347,0.028209478106243555,0.011355769122622136,0.00012148244354781908,0.0,0.0,-0.007450549214971467,0.006265304204699429,0.0005217091708611199,0.0,0.0009526864041431555,-0.0004373783893821296,-0.004568520161701026,0.0030907591362821377,0.0,0.0,-0.0003649840985449867,-0.001630121856706193,-0.000945705237118843,0.028325610176384793,-0.0010801404550587358,-0.0015151843717852206,0.0,0.0,-0.00021872922562264798,0.0,0.0,0.0,0.0,0.0,0.0,-0.001859713785332156,0.0,0.0,0.0,0.0004437983155385656,4.4767309748887306e-05,-0.0002944388019479625,0.0,0.0,0.0,0.0,0.0,0.0001601185356155493,0.0,0.0,0.0,0.0,0.0,0.0,0.0,0.007204227023393096,-0.0007918045762549393,-0.005412365408703041,-0.0007544887537781274,0.00029968006318442886,-0.00140001283022894,0.0,0.0,-0.00041318620975938115,0.0,0.0,0.0,0.0,0.0002193345377078792,0.0,0.0,0.0,0.0,0.0,0.0
2024-01-17,0.0,0.0,-5.903321057339014e-05,-0.0065192567394253345,-0.00841319115744204,-0.0006253758123414973,0.0,-0.0005152988732495764,0.0,-0.000890504181601753,-0.0012968617002076445,0.009155090840091473,0.0,-0.005363994525017445,0.0,0.009937498616175372,0.0007161205915177307,-0.017640599776330982,0.0,-0.012671204611626338,0.0,-0.0052324767819868345,0.026659234629133475,0.0,0.0,0.0,0.0,0.0,0.0,0.0,0.0,-0.007161812990673958,0.0028152989000479666,0.0,0.00036335398142291707,0.0,0.0,0.0,0.0005257900668578242,0.0015068685433991347,0.027664692548222986,0.011355769122622136,0.00012148244354781908,0.0,0.0,-0.00858060021124286,0.005357034856264252,0.0005217091708611199,0.0,0.0009526864041431555,-0.0004373783893821296,-0.004568520161701026,0.0030907591362821377,0.0,0.0,-0.0003649840985449867,-0.001630121856706193,-0.000945705237118843,0.024714401155762213,-0.0004930225245348783,-0.0015151843717852206,0.0,0.0,-0.00021872922562264798,0.0,0.0,0.0,0.0,0.0,0.0,-0.0015891304869093984,0.0,0.0,0.0,0.0004437983155385656,4.4767309748887306e-05,-0.0002944388019479625,0.0,0.0,0.0,0.0,0.0,0.0001601185356155493,0.0,0.0,0.0,0.0,0.0,0.0,0.0,0.008390065908037992,-0.0007985447313203634,-0.005412365408703041,-0.0007544887537781274,0.00029968006318442886,-0.00140001283022894,0.0,0.0,0.012481091847294967,0.0,0.0,0.0,0.0,0.0002193345377078792,0.0,0.0,0.0,0.0,0.0,0.0
2024-01-24,0.0,0.0,-5.903321057339014e-05,-0.0033207505404206205,-0.00878170658720664,-0.0006253758123414973,0.0,-0.0005386860667035637,0.0,-0.0009539737223754694,-0.0012968617002076445,0.0037051615102150076,0.0,0.021187030060212195,0.0,0.020736840511308297,0.0007161205915177307,-0.015878531244598443,0.0,-0.012681641008178157,0.0,-0.0052324767819868345,0.027457885608075862,0.0,0.0,0.0,0.0,0.0,0.0,0.0,0.0,0.012192088581949678,0.0028152989000479666,0.0,0.00036335398142291707,0.0,0.0,0.0,0.0005257900668578242,0.0015068685433991347,0.02706769979927689,0.011355769122622136,0.00012148244354781908,0.0,0.0,-0.008406058380816588,0.005357034856264252,0.0005217091708611199,0.0,0.0009526864041431555,1.3891977956462535e-05,-0.004568520161701026,0.0030907591362821377,0.0,0.0,-0.00022377893995455242,-0.001630121856706193,-0.000945705237118843,0.024714401155762213,-0.0004930225245348783,-0.0015151843717852206,0.0,0.0,-0.00021872922562264798,0.0,0.0,0.0,0.0,0.0,0.0,-0.0017687425634698786,0.0,0.0,0.0,0.0004748622097504096,4.4767309748887306e-05,0.00019973468141328931,0.0,0.0,0.0,0.0,0.0,0.0001601185356155493,0.0,0.0,0.0,0.0,0.0,0.0,0.0,0.009927001909174773,-0.0007985447313203634,-0.005203345948889913,-0.0008321682363418943,0.00029968006318442886,-0.00140001283022894,0.0,0.0,0.012481091847294967,0.0,0.0,0.0,0.0,0.0002193345377078792,0.0,0.0,0.0,0.0,0.0,0.0
2024-01-31,0.0,0.0,-5.903321057339014e-05,-0.0065192567394253345,-0.006539258467041025,0.0010999693141974952,0.0,-0.0005386860667035637,0.0,-0.000890504181601753,-0.0012968617002076445,0.00892323245163984,0.0,-0.005363994525017445,0.0,0.020736840511308297,-0.00011144923113024288,-0.015878531244598443,0.0,-0.012555499517180093,0.0,-0.0052324767819868345,0.026659234629133475,0.0,0.0,0.0,0.0,0.0,0.0,0.0,0.0,0.012192088581949678,0.0028152989000479666,0.0,0.00036335398142291707,0.0,0.0,0.0,0.0005257900668578242,0.0015068685433991347,0.027664692548222986,0.011355769122622136,0.00012148244354781908,0.0,0.0,-0.008406058380816588,0.005357034856264252,0.0005217091708611199,0.0,0.0009526864041431555,1.3891977956462535e-05,-0.004568520161701026,0.0030907591362821377,0.0,0.0,-0.0003649840985449867,-0.001630121856706193,-0.000945705237118843,0.024714401155762213,-0.0004930225245348783,-0.0015151843717852206,0.0,0.0,-0.00021872922562264798,0.0,0.0,0.0,0.0,0.0,0.0,-0.0015891304869093984,0.0,0.0,0.0,0.0004748622097504096,4.4767309748887306e-05,0.00019973468141328931,0.0,0.0,0.0,0.0,0.0,0.0001601185356155493,0.0,0.0,0.0,0.0,0.0,0.0,0.0,0.009927001909174773,0.002050024200751253,-0.005075961179640419,-0.0007544887537781274,0.00029968006318442886,-0.00140001283022894,0.0,0.0,0.013374871787597952,0.0,0.0,0.0,0.0,0.0002193345377078792,0.0,0.0,0.0,0.0,0.0,0.0
2024-02-07,0.0,0.0,-5.903321057339014e-05,-0.0065192567394253345,-0.006907773896805624,0.0010999693141974952,0.0,0.01694603642599335,0.0,-0.000890504181601753,-0.0012968617002076445,0.0038468489973071326,0.0,-0.005418420776072586,0.0,0.010980408219242456,-0.00011144923113024288,-0.017205100476914793,0.0,-0.01293552624747552,0.0,-0.0052324767819868345,0.026659234629133475,0.0,0.0,0.0,0.0,0.0,0.0,0.0,0.0,0.012351608306623628,0.0026855645259755067,0.0,0.00036335398142291707,0.0,0.0,0.0,0.0005257900668578242,0.0015068685433991347,0.027429802675414935,0.011355769122622136,0.00012148244354781908,0.0,0.0,-0.008406058380816588,0.002702805635943401,0.005833067678447052,0.0,0.0009526864041431555,-0.0004373783893821296,-0.004568520161701026,0.0030907591362821377,0.0,0.0,-0.0003649840985449867,-0.001630121856706193,-0.000945705237118843,0.012917356455119829,4.2409188514158094e-05,-0.0015151843717852206,0.0,0.0,-0.00021872922562264798,0.0,0.0,0.0,0.0,0.0,0.0,-0.001859713785332156,0.0,0.0,0.0,0.0004437983155385656,4.4767309748887306e-05,0.00019973468141328931,0.0,0.0,0.0,0.0,0.0,0.0001601185356155493,0.0,0.0,0.0,0.0,0.0,0.0,0.0,0.008390065908037992,0.002050024200751253,-0.005075961179640419,-0.003947463360303693,0.00029968006318442886,-0.00140001283022894,0.0,0.0,0.013374871787597952,0.0,0.0,0.0,0.0,0.0002193345377078792,0.0,0.0,0.0,0.0,0.0,0.0
2024-02-14,0.0,0.0,-5.903321057339014e-05,-0.0065192567394253345,-0.006907773896805624,0.0010999693141974952,0.0,-0.0005386860667035637,0.0,-0.000890504181601753,-0.0012968617002076445,-0.031234512028618277,0.0,-0.005418420776072586,0.0,0.010980408219242456,-0.00011144923113024288,-0.017205100476914793,0.0,-0.01293552624747552,0.0,-0.0052324767819868345,0.025430810339726977,0.0,0.0,0.0,0.0,0.0,0.0,0.0,0.0,0.013227880349531271,0.002772126921704453,0.0,-0.00039121031002438005,0.0,0.0,0.0,0.0005257900668578242,0.0015068685433991347,0.027664692548222986,0.011355769122622136,0.00012148244354781908,0.0,0.0,-0.008406058380816588,0.002702805635943401,0.005833067678447052,0.0,0.0009526864041431555,-0.0004373783893821296,-0.004568520161701026,0.0030907591362821377,0.0,0.0,-0.0003649840985449867,-0.001630121856706193,-0.000945705237118843,0.014994068090265118,4.2409188514158094e-05,-0.0015151843717852206,0.0,0.0,-0.00021872922562264798,0.0,0.0,0.0,0.0,0.0,0.0,-0.001859713785332156,0.0,0.0,0.0,0.0004437983155385656,4.4767309748887306e-05,0.00019973468141328931,0.0,0.0,0.0,0.0,0.0,0.0001601185356155493,0.0,0.0,0.0,0.0,0.0,0.0,0.0,0.007204227023393096,0.002050024200751253,-0.005075961179640419,-0.003947463360303693,0.00029968006318442886,-0.00140001283022894,0.0,0.0,0.013374871787597952,0.0,0.0,0.0,0.0,0.0002193345377078792,0.0,0.0,0.0,0.0,0.0,0.0
2024-02-21,0.0,0.0,-5.903321057339014e-05,-0.0065192567394253345,-0.006907773896805624,-0.0006253758123414973,0.0,-0.0005386860667035637,0.0,-0.000890504181601753,0.0010598578354587803,-0.031234512028618277,0.0,-0.005418420776072586,0.0,0.010980408219242456,-0.00011144923113024288,-0.017205100476914793,0.0,-0.013061667738473583,0.0,-0.0052324767819868345,0.025430810339726977,0.0,0.0,0.0,0.0,0.0,0.0,0.0,0.0,0.020199264286910188,0.002826084862733938,0.0,-0.00039121031002438005,0.0,0.0,0.0,0.0005257900668578242,0.0015068685433991347,0.027664692548222986,0.011355769122622136,0.00012148244354781908,0.0,0.0,-0.008406058380816588,0.002702805635943401,0.005833067678447052,0.0,0.0009526864041431555,-0.0004373783893821296,-0.004568520161701026,0.0030907591362821377,0.0,0.0,-0.0003649840985449867,-0.001630121856706193,-0.0008310772632589594,0.014994068090265118,4.2409188514158094e-05,-0.0015151843717852206,0.0,0.0,-0.00021872922562264798,0.0,0.0,0.0,0.0,0.0,0.0,-0.001859713785332156,0.0,0.0,0.0,0.0004437983155385656,4.4767309748887306e-05,0.00019973468141328931,0.0,0.0,0.0,0.0,0.0,0.0001601185356155493,0.0,0.0,0.0,0.0,0.0,0.0,0.0,0.007204227023393096,0.0020567643558166773,-0.005075961179640419,-0.003947463360303693,0.00029968006318442886,-0.00140001283022894,0.0,0.0,0.013374871787597952,0.0,0.0,0.0,0.0,0.0002193345377078792,0.0,0.0,0.0,0.0,0.0,0.0
2024-02-28,0.0,0.0,-5.903321057339014e-05,-0.0065192567394253345,-0.00878170658720664,-0.0006253758123414973,0.0,-0.0005386860667035637,0.0,-0.0011301097358063688,0.0010598578354587803,-0.031234512028618277,0.0,-0.007938356117894766,0.0,-0.0003686980227879458,-0.00011144923113024288,-0.017205100476914793,0.0,-0.013061667738473583,0.0,-0.0052324767819868345,0.025430810339726977,0.0,0.0,0.0,0.0,0.0,0.0,0.0,0.0,0.020199264286910188,0.002826084862733938,0.0,-0.00039121031002438005,0.0,0.0,0.0,0.0005257900668578242,0.0015068685433991347,0.02833261864177315,0.011355769122622136,0.00012148244354781908,0.0,0.0,-0.008406058380816588,0.002370425267729354,0.005833067678447052,0.0,0.0009526864041431555,-0.0004373783893821296,-0.004568520161701026,0.0030907591362821377,0.0,0.0,-0.0003649840985449867,-0.001630121856706193,-0.0008310772632589594,0.010713061529651183,4.2409188514158094e-05,-0.0015151843717852206,0.0,0.0,-0.00021872922562264798,0.0,0.0,0.0,0.0,0.0,0.0,-0.001859713785332156,0.0,0.0,0.0,0.0004437983155385656,4.4767309748887306e-05,0.00019973468141328931,0.0,0.0,0.0,0.0,0.0,0.0001601185356155493,0.0,0.0,0.0,0.0,0.0,0.0,0.0,0.007204227023393096,-0.0007918045762549393,-0.005075961179640419,-0.004614183217484559,0.00029968006318442886,-0.00140001283022894,0.0,0.0,0.013374871787597952,0.0,0.0,0.0,0.0,0.0002193345377078792,0.0,0.0,0.0,0.0,0.0,0.0
2024-03-06,0.0,0.0,-5.903321057339014e-05,-0.0065192567394253345,-0.00878170658720664,-0.0006253758123414973,0.0,-0.0005386860667035637,0.0,-0.000890504181601753,0.0010598578354587803,-0.031234512028618277,0.0,-0.005418420776072586,0.0,-0.010645498695619676,-0.00011144923113024288,-0.017640599776330982,0.0,-0.013061667738473583,0.0,-0.0052324767819868345,0.025444584587982287,0.0,0.0,0.0,0.0,0.0,0.0,0.0,0.0,0.020199264286910188,0.0028610806752651236,0.0,-0.00039121031002438005,0.0,0.0,0.0,0.0005257900668578242,0.0015068685433991347,0.02674274694431449,0.011355769122622136,0.00012148244354781908,0.0,0.0,-0.0072760073845451936,-0.0026841398884155663,-0.0017148977933063897,0.0,-0.00278205466871578,-0.0004373783893821296,-0.004568520161701026,0.0008947410849583768,0.0,0.0,-0.0003649840985449867,-0.001630121856706193,-0.0008310772632589594,0.010713061529651183,-0.0004930225245348783,-0.0015151843717852206,0.0,0.0,-0.00021872922562264798,0.0,0.0,0.0,0.0,0.0,0.0,-0.001859713785332156,0.0,0.0,0.0,0.0004437983155385656,4.4767309748887306e-05,0.00019973468141328931,0.0,0.0,0.0,0.0,0.0,0.0001601185356155493,0.0,0.0,0.0,0.0,0.0,0.0,0.0,0.007204227023393096,-0.0007918045762549393,-0.005075961179640419,-0.004614183217484559,0.00029968006318442886,-0.00140001283022894,0.0,0.0,0.013374871787597952,0.0,0.0,0.0,0.0,0.0002193345377078792,0.0,0.0,0.0,0.0,0.0,0.0
2024-03-13,0.0,0.0,-5.903321057339014e-05,-0.0065192567394253345,-0.00878170658720664,-0.0006253758123414973,0.0,-0.0005386860667035637,0.0,-0.000890504181601753,0.0010598578354587803,-0.031234512028618277,0.0,-0.005418420776072586,0.0,-0.010645498695619676,-0.0003557335984437309,-0.0188581130445434,0.0,-0.01308402078207257,0.0,-0.0052324767819868345,0.025444584587982287,0.0,0.0,0.0,0.0,0.0,0.0,0.0,0.0,0.020199264286910188,0.0028610806752651236,0.0,9.411766692677401e-05,0.0,0.0,0.0,-0.0003457067573944405,0.0015068685433991347,0.02674274694431449,0.011355769122622136,0.00012148244354781908,0.0,0.0,-0.0072760073845451936,-0.0026841398884155663,-0.0017148977933063897,0.0,-0.00278205466871578,-0.0004373783893821296,-0.004568520161701026,0.0008947410849583768,0.0,0.0,-0.0003649840985449867,-0.001630121856706193,-0.0008310772632589594,0.006460576611007277,-0.0010801404550587358,-0.0015151843717852206,0.0,0.0,-0.00021872922562264798,0.0,0.0,0.0,0.0,0.0,0.0,-0.0026907115212828387,0.0,0.0,0.0,0.0004437983155385656,4.4767309748887306e-05,0.00019973468141328931,0.0,0.0,0.0,0.0,0.0,-0.00030940450448059564,0.0,0.0,0.0,0.0,0.0,0.0,0.0,0.00300762902883636,-0.0007918045762549393,-0.005075961179640419,-0.005687083598275148,0.00029968006318442886,-0.00140001283022894,0.0,0.0,-0.00041318620975938115,0.0,0.0,0.0,0.0,0.0002193345377078792,0.0,0.0,0.0,0.0,0.0,0.0
2024-03-20,0.0,0.0,-5.903321057339014e-05,-0.0065192567394253345,-0.00878170658720664,-0.0006253758123414973,0.0,-0.0005386860667035637,0.0,-0.0009539737223754694,0.0010598578354587803,-0.027912344049031885,0.0,0.021281970968467,0.0,-0.0003686980227879458,-0.0003557335984437309,-0.01966978008058717,0.0,-0.01308402078207257,0.0,-0.0052324767819868345,0.02602811979602166,0.0,0.0,0.0,0.0,0.0,0.0,0.0,0.0,0.020199264286910188,0.0028610806752651236,0.0,0.0018839291818278294,0.0,0.0,0.0,-0.0003457067573944405,0.0015068685433991347,0.026268894730897985,0.011355769122622136,0.00012148244354781908,0.0,0.0,-0.009278061104799512,-0.0026841398884155663,-0.0017148977933063897,0.0,-0.0021891437744154946,-0.0004373783893821296,-0.004568520161701026,0.0008947410849583768,0.0,0.0,-0.00022377893995455242,-0.001630121856706193,-0.0008310772632589594,0.006460576611007277,-0.0010801404550587358,-0.0015151843717852206,0.0,0.0,-0.00021872922562264798,0.0,0.0,0.0,0.0,0.0,0.0,-0.002599740299420561,0.0,0.0,0.0,0.0004437983155385656,4.4767309748887306e-05,0.00019973468141328931,0.0,0.0,0.0,0.0,0.0,-0.00030940450448059564,0.0,0.0,0.0,0.0,0.0,0.0,0.0,0.00300762902883636,-0.0007918045762549393,-0.005203345948889913,-0.005615395921528972,0.00029968006318442886,-0.00140001283022894,0.0,0.0,-0.016839711342059638,0.0,0.0,0.0,0.0,0.0002193345377078792,0.0,0.0,0.0,0.0,0.0,0.0
2024-03-27,0.0,0.0,-5.903321057339014e-05,-0.0035606195779733264,-0.00878170658720664,-0.0006253758123414973,0.0,-0.0005386860667035637,0.0,-0.000890504181601753,0.0010598578354587803,-0.027912344049031885,0.0,0.0035244417686133237,0.0,-0.0003686980227879458,-0.0003557335984437309,-0.01966978008058717,0.0,-0.01308402078207257,0.0,-0.0052324767819868345,0.026826770774964044,0.0,0.0,0.0,0.0,0.0,0.0,0.0,0.0,0.020199264286910188,0.0028610806752651236,0.0,0.0018839291818278294,0.0,0.0,0.0,-0.0003457067573944405,0.0015068685433991347,0.026865887479844083,0.011355769122622136,0.00012148244354781908,0.0,0.0,-0.009278061104799512,-0.0026841398884155663,-0.0017148977933063897,0.0,-0.0021891437744154946,-0.0004373783893821296,-0.004568520161701026,0.0008947410849583768,0.0,0.0,-0.00022377893995455242,-0.001630121856706193,-0.0008310772632589594,0.001292586486611048,-0.0010801404550587358,-0.0015151843717852206,0.0,0.0,-0.00021872922562264798,0.0,0.0,0.0,0.0,0.0,0.0,-0.0026907115212828387,0.0,0.0,0.0,0.0004437983155385656,4.4767309748887306e-05,0.00019973468141328931,0.0,0.0,0.0,0.0,0.0,0.0001601185356155493,0.0,0.0,0.0,0.0,0.0,0.0,0.0,0.00300762902883636,-0.0007918045762549393,-0.005075961179640419,-0.004542495540738383,0.00029968006318442886,-0.00140001283022894,0.0,0.0,-0.016839711342059638,0.0,0.0,0.0,0.0,0.0002193345377078792,0.0,0.0,0.0,0.0,0.0,0.0
2024-04-03,0.0,0.0,-5.903321057339014e-05,-0.003947437558109563,-0.00878170658720664,-0.0006253758123414973,0.0,-0.0005386860667035637,0.0,-0.0011301097358063688,0.0010598578354587803,-0.027912344049031885,0.0,-0.007938356117894766,0.0,-0.01892207523286151,-0.0003557335984437309,-0.0188581130445434,0.0,-0.01308402078207257,0.0,-0.0052324767819868345,0.02624323556692467,0.0,0.0,0.0,0.0,0.0,0.0,0.0,0.0,0.020199264286910188,0.0028610806752651236,0.0,0.0018839291818278294,0.0,0.0,0.0,-0.0003457067573944405,0.0015068685433991347,0.02674274694431449,0.011355769122622136,0.00012148244354781908,0.0,0.0,-0.0072760073845451936,-0.0026841398884155663,-0.0017148977933063897,0.0,0.0001291313768838724,-0.0004373783893821296,-0.004568520161701026,0.0008947410849583768,0.0,0.0,-0.0003649840985449867,-0.001630121856706193,-0.0008310772632589594,0.001292586486611048,-0.0010801404550587358,-0.0015151843717852206,0.0,0.0,-0.00021872922562264798,0.0,0.0,0.0,0.0,0.0,0.0,-0.0026907115212828387,0.0,0.0,0.0,0.0004437983155385656,4.4767309748887306e-05,0.00019973468141328931,0.0,0.0,0.0,0.0,0.0,0.0001601185356155493,0.0,0.0,0.0,0.0,0.0,0.0,0.0,0.00300762902883636,-0.0007918045762549393,-0.005075961179640419,-0.004614183217484559,0.00029968006318442886,-0.00140001283022894,0.0,0.0,0.00035960364231356866,0.0,0.0,0.0,0.0,0.0002193345377078792,0.0,0.0,0.0,0.0,0.0,0.0
2024-04-10,0.0,0.0,-5.903321057339014e-05,-0.003947437558109563,-0.00878170658720664,0.0010999693141974952,0.0,-0.0005386860667035637,0.0,-0.0011301097358063688,0.0010598578354587803,-0.027912344049031885,0.0,-0.007938356117894766,0.0,-0.013778432187468813,-0.0003557335984437309,-0.0188581130445434,0.0,-0.012957879291074507,0.0,9.026471330888597e-05,0.02624323556692467,0.0,0.0,0.0,0.0,0.0,0.0,0.0,0.0,0.020199264286910188,0.0028610806752651236,0.0,0.0018839291818278294,0.0,0.0,0.0,-0.0003457067573944405,0.0015068685433991347,0.02674274694431449,0.011355769122622136,0.00012148244354781908,0.0,0.0,-0.0072760073845451936,-0.0026841398884155663,-0.0017148977933063897,0.0,0.0001291313768838724,-0.0004373783893821296,-0.004568520161701026,0.0008947410849583768,0.0,0.0,-0.0003649840985449867,-0.001630121856706193,-0.0008310772632589594,0.001292586486611048,-0.0010801404550587358,-0.0015151843717852206,0.0,0.0,-0.00021872922562264798,0.0,0.0,0.0,0.0,0.0,0.0,-0.0026907115212828387,0.0,0.0,0.0,0.0004437983155385656,0.00010157960452200423,0.00019973468141328931,0.0,0.0,0.0,0.0,0.0,0.0001601185356155493,0.0,0.0,0.0,0.0,0.0,0.0,0.0,-0.00842269141009407,-0.0007918045762549393,-0.005075961179640419,-0.004614183217484559,0.0007673212797205669,-0.00140001283022894,0.0,0.0,0.00035960364231356866,0.0,0.0,0.0,0.0,0.0002193345377078792,0.0,0.0,0.0,0.0,0.0,0.0
2024-04-17,0.0,0.0,-5.903321057339014e-05,-0.007145943757114277,-0.00878170658720664,0.0010999693141974952,0.0,-0.0005386860667035637,0.0,-0.0011374847071740032,0.0010598578354587803,-0.027912344049031885,0.0,-0.007938356117894766,0.0,-0.013778432187468813,-0.0003557335984437309,-0.0188581130445434,0.0,-0.012957879291074507,0.0,9.026471330888597e-05,0.025444584587982287,0.0,0.0,0.0,0.0,0.0,0.0,0.0,0.0,0.020199264286910188,0.0028610806752651236,0.0,0.0018839291818278294,0.0,0.0,0.0,-0.0003457067573944405,0.0015068685433991347,0.02674274694431449,0.011355769122622136,0.00012148244354781908,0.0,0.0,-0.0072760073845451936,-0.0026841398884155663,-0.0017148977933063897,0.0,0.0001291313768838724,-0.0004373783893821296,-0.004568520161701026,0.0008947410849583768,0.0,0.0,-0.0003649840985449867,-0.001630121856706193,-0.0008310772632589594,0.001292586486611048,-0.0010801404550587358,-0.00018524521390069987,0.0,0.0,-0.00021872922562264798,0.0,0.0,0.0,0.0,0.0,0.0,-0.0026907115212828387,0.0,0.0,0.0,0.0004437983155385656,0.00010157960452200423,0.00019973468141328931,0.0,0.0,0.0,0.0,0.0,-0.00030940450448059564,0.0,0.0,0.0,0.0,0.0,0.0,0.0,-0.00842269141009407,-0.0007918045762549393,-0.005075961179640419,-0.005687083598275148,0.0007673212797205669,-0.00140001283022894,0.0,0.0,0.00035960364231356866,0.0,0.0,0.0,0.0,0.0002193345377078792,0.0,0.0,0.0,0.0,0.0,0.0
2024-04-24,0.0,0.0,-5.903321057339014e-05,-0.007145943757114277,-0.00878170658720664,-0.0006253758123414973,0.0,-0.0005386860667035637,0.0,-0.0011374847071740032,0.0010598578354587803,-0.031234512028618277,0.0,-0.007938356117894766,0.0,-0.013778432187468813,-0.0003557335984437309,-0.0188581130445434,0.0,-0.01308402078207257,0.0,9.026471330888597e-05,0.025444584587982287,0.0,0.0,0.0,0.0,0.0,0.0,0.0,0.0,0.020199264286910188,0.0028610806752651236,0.0,9.411766692677401e-05,0.0,0.0,0.0,-0.0003457067573944405,0.0015068685433991347,0.02674274694431449,0.011355769122622136,0.00012148244354781908,0.0,0.0,-0.0072760073845451936,-0.0026841398884155663,-0.0017148977933063897,0.0,0.0001291313768838724,-0.0004373783893821296,-0.004568520161701026,0.0008947410849583768,0.0,0.0,-0.0003649840985449867,-0.001630121856706193,-0.0008310772632589594,0.001292586486611048,-0.0010801404550587358,-0.00018524521390069987,0.0,0.0,-0.00021872922562264798,0.0,0.0,0.0,0.0,0.0,0.0,-0.0026907115212828387,0.0,0.0,0.0,0.0004437983155385656,0.00010157960452200423,0.00019973468141328931,0.0,0.0,0.0,0.0,0.0,-0.00030940450448059564,0.0,0.0,0.0,0.0,0.0,0.0,0.0,-0.00842269141009407,-0.0007918045762549393,-0.005075961179640419,-0.005687083598275148,0.0007673212797205669,-0.00140001283022894,0.0,0.0,0.00035960364231356866,0.0,0.0,0.0,0.0,0.0002193345377078792,0.0,0.0,0.0,0.0,0.0,0.0
2024-05-01,0.0,0.0,-5.903321057339014e-05,-0.003947437558109563,-0.00878170658720664,-0.0006253758123414973,0.0,-0.0005386860667035637,0.0,-0.0008978791529693873,0.0013760257142565132,-0.031234512028618277,0.0,-0.005418420776072586,0.0,-0.01865542998555355,0.0022857775900001435,-0.01966978008058717,0.0,-0.01308402078207257,0.0,-0.0014935893411490353,0.026826770774964044,0.0,0.0,0.0,0.0,0.0,0.0,0.0,0.0,0.020199264286910188,0.0028610806752651236,0.0,9.411766692677401e-05,0.0,0.0,0.0,-0.0003457067573944405,0.0015068685433991347,0.028209478106243555,0.010930493144890177,0.00012148244354781908,0.0,0.0,-0.00814801010852812,-0.0026841398884155663,-0.0017148977933063897,0.0,0.001545597298443441,-0.0004373783893821296,-0.004215072250416417,0.0030907591362821377,0.0,0.0,-0.0003649840985449867,-0.001630121856706193,-0.0008310772632589594,0.001292586486611048,-0.0010801404550587358,-0.00018524521390069987,0.0,0.0,-0.00021872922562264798,0.0,0.0,0.0,0.0,0.0,0.0,-0.0026907115212828387,0.0,0.0,0.0,0.0004437983155385656,0.00010157960452200423,0.00019973468141328931,0.0,0.0,0.0,0.0,0.0,-0.00030940450448059564,0.0,0.0,0.0,0.0,0.0,0.0,0.0,-0.00842269141009407,-0.0007918045762549393,-0.005075961179640419,-0.005687083598275148,0.0007673212797205669,-0.00140001283022894,0.0,0.0,-0.015919549916566723,0.0,0.0,0.0,0.0,-0.002249947838422761,0.0,0.0,0.0,0.0,0.0,0.0
2024-05-08,0.0,0.0,-5.903321057339014e-05,-0.003947437558109563,-0.00878170658720664,-0.0006253758123414973,0.0,-0.0005386860667035637,0.0,-0.0011374847071740032,0.0013760257142565132,-0.031234512028618277,0.0,-0.007938356117894766,0.0,-0.013778432187468813,-0.0003557335984437309,-0.0188581130445434,0.0,-0.01308402078207257,0.0,0.0038291521541466847,0.02624323556692467,0.0,0.0,0.0,0.0,0.0,0.0,0.0,0.0,0.020199264286910188,0.0028610806752651236,0.0,9.411766692677401e-05,0.0,0.0,0.0,-0.0003457067573944405,0.0015068685433991347,0.028209478106243555,0.010930493144890177,0.00012148244354781908,0.0,0.0,-0.0072760073845451936,-0.0026841398884155663,-0.0017148977933063897,0.0,0.0009526864041431555,-0.0004373783893821296,-0.004215072250416417,0.0030907591362821377,0.0,0.0,-0.0003649840985449867,-0.001630121856706193,-0.0008310772632589594,0.001292586486611048,-0.0010801404550587358,-0.00018524521390069987,0.0,0.0,-0.00021872922562264798,0.0,0.0,0.0,0.0,0.0,0.0,-0.0026907115212828387,0.0,0.0,0.0,0.0004437983155385656,0.00010157960452200423,0.00019973468141328931,0.0,0.0,0.0,0.0,0.0,-0.00030940450448059564,0.0,0.0,0.0,0.0,0.0,0.0,0.0,-0.00842269141009407,-0.0007918045762549393,-0.005075961179640419,-0.005687083598275148,0.0007673212797205669,-0.00140001283022894,0.0,0.0,-0.00041318620975938115,0.0,0.0,0.0,0.0,-0.002249947838422761,0.0,0.0,0.0,0.0,0.0,0.0
2024-05-15,0.0,0.0,-5.903321057339014e-05,-0.003947437558109563,-0.00878170658720664,0.0010999693141974952,0.0,-0.0005386860667035637,0.0,-0.0011374847071740032,0.0013760257142565132,-0.031234512028618277,0.0,-0.007938356117894766,0.0,-0.013778432187468813,-0.0003557335984437309,-0.0188581130445434,0.0,-0.012957879291074507,0.0,0.0038291521541466847,0.02624323556692467,0.0,0.0,0.0,0.0,0.0,0.0,0.0,0.0,0.020199264286910188,0.0028610806752651236,0.0,9.411766692677401e-05,0.0,0.0,0.0,-0.0003457067573944405,0.0015068685433991347,0.028209478106243555,0.010930493144890177,0.00012148244354781908,0.0,0.0,-0.0072760073845451936,-0.0026841398884155663,-0.0017148977933063897,0.0,0.0009526864041431555,-0.0004373783893821296,-0.004215072250416417,0.0030907591362821377,0.0,0.0,-0.0003649840985449867,-0.001630121856706193,-0.0008310772632589594,0.001292586486611048,-0.0010801404550587358,-0.00018524521390069987,0.0,0.0,-0.00021872922562264798,0.0,0.0,0.0,0.0,0.0,0.0,-0.0026907115212828387,0.0,0.0,0.0,0.0004437983155385656,0.00010157960452200423,0.00019973468141328931,0.0,0.0,0.0,0.0,0.0,-0.00030940450448059564,0.0,0.0,0.0,0.0,0.0,0.0,0.0,-0.00842269141009407,-0.0007918045762549393,-0.005075961179640419,-0.005687083598275148,0.0007673212797205669,-0.00140001283022894,0.0,0.0,-0.00041318620975938115,0.0,0.0,0.0,0.0,-0.002249947838422761,0.0,0.0,0.0,0.0,0.0,0.0
2024-05-22,0.0,0.0,-5.903321057339014e-05,-0.003947437558109563,-0.00878170658720664,0.0010999693141974952,0.0,-0.0005386860667035637,0.0,-0.0011374847071740032,0.0013760257142565132,-0.027912344049031885,0.0,-0.007938356117894766,0.0,-0.013778432187468813,-0.0003557335984437309,-0.0188581130445434,0.0,-0.012957879291074507,0.0,0.0038291521541466847,0.02624323556692467,0.0,0.0,0.0,0.0,0.0,0.0,0.0,0.0,0.020199264286910188,0.0028610806752651236,0.0,0.0018839291818278294,0.0,0.0,0.0,-0.0003457067573944405,0.0015068685433991347,0.028209478106243555,0.010930493144890177,0.00012148244354781908,0.0,0.0,-0.0072760073845451936,-0.0026841398884155663,-0.0017148977933063897,0.0,0.0009526864041431555,-0.0004373783893821296,-0.004215072250416417,0.0030907591362821377,0.0,0.0,-0.0003649840985449867,-0.001630121856706193,-0.0008310772632589594,0.001292586486611048,-0.0010801404550587358,-0.00018524521390069987,0.0,0.0,-0.00021872922562264798,0.0,0.0,0.0,0.0,0.0,0.0,-0.0026907115212828387,0.0,0.0,0.0,0.0004437983155385656,0.00010157960452200423,0.00019973468141328931,0.0,0.0,0.0,0.0,0.0,-0.00030940450448059564,0.0,0.0,0.0,0.0,0.0,0.0,0.0,-0.00842269141009407,-0.0007918045762549393,-0.005075961179640419,-0.005687083598275148,0.0007673212797205669,-0.00140001283022894,0.0,0.0,-0.00041318620975938115,0.0,0.0,0.0,0.0,-0.002249947838422761,0.0,0.0,0.0,0.0,0.0,0.0
2024-05-29,0.0,0.0,-5.903321057339014e-05,2.256631969874568e-05,-0.006907773896805624,-0.0006253758123414973,0.0,-0.0005386860667035637,0.0,-0.0011301097358063688,0.0013760257142565132,-0.027912344049031885,0.0,-0.007938356117894766,0.0,-0.013778432187468813,-0.0003557335984437309,-0.0188581130445434,0.0,-0.01308402078207257,0.0,0.0038291521541466847,0.02624323556692467,0.0,0.0,0.0,0.0,0.0,0.0,0.0,0.0,0.020199264286910188,0.0028610806752651236,0.0,0.0018839291818278294,0.0,0.0,0.0,-0.0003457067573944405,0.0015068685433991347,0.028087533274812494,0.010930493144890177,0.00012148244354781908,0.0,0.0,-0.0072760073845451936,-0.0026841398884155663,-0.0017148977933063897,0.0,0.0009526864041431555,-0.0004373783893821296,-0.004215072250416417,0.0030907591362821377,0.0,0.0,-0.0003649840985449867,-0.001630121856706193,-0.0008310772632589594,0.006460576611007277,-0.0010801404550587358,-0.0015151843717852206,0.0,0.0,-0.00021872922562264798,0.0,0.0,0.0,0.0,0.0,0.0,-0.0026907115212828387,0.0,0.0,0.0,0.0004437983155385656,0.00010157960452200423,0.00019973468141328931,0.0,0.0,0.0,0.0,0.0,-0.00030940450448059564,0.0,0.0,0.0,0.0,0.0,0.0,0.0,-0.00842269141009407,0.0020567643558166773,-0.005075961179640419,-0.005687083598275148,0.0007673212797205669,-0.00140001283022894,0.0,0.0,-0.00041318620975938115,0.0,0.0,0.0,0.0,-0.002249947838422761,0.0,0.0,0.0,0.0,0.0,0.0
2024-06-05,0.0,0.0,-5.903321057339014e-05,0.002429875963362427,-0.006539258467041025,-0.0006253758123414973,0.0,-0.0005444314303951719,0.0,-0.0010654401422699326,-0.0009806938214099118,0.008113792809546445,0.0,-0.007926670433715635,0.0,-0.018224082842120647,0.0007161205915177307,-0.01689533172499926,0.0,-0.013061667738473583,0.0,-0.0014935893411490353,0.028076810585462568,0.0,0.0,0.0,0.0,0.0,0.0,0.0,0.0,0.01916347251932859,0.0029042526536086372,0.0,-0.001748211358714646,0.0,0.0,0.0,0.0005257900668578242,-0.001421938472333483,-0.032540707182647115,0.011355769122622136,-0.0006047987233532,0.0,0.0,-0.0072760073845451936,-0.0026841398884155663,-0.0017148977933063897,0.0,-0.0028483308951659015,-0.0004373783893821296,-0.003919674302694687,-0.005016628397703431,0.0,0.0,-0.0003649840985449867,-0.001630121856706193,-0.0008310772632589594,0.004280492975911517,-0.0004930225245348783,-0.0015151843717852206,0.0,0.0,-0.00021872922562264798,0.0,0.0,0.0,0.0,0.0,0.0,0.0052545624131400594,0.0,0.0,0.0,0.0004748622097504096,0.00010157960452200423,0.00019973468141328931,0.0,0.0,0.0,0.0,0.0,-0.00030940450448059564,0.0,0.0,0.0,0.0,0.0,0.0,0.0,-0.007236852525449172,0.002050024200751253,-0.005075961179640419,-0.005687083598275148,0.0007673212797205669,-0.00140001283022894,0.0,0.0,0.012481091847294967,0.0,0.0,0.0,0.0,0.0002193345377078792,0.0,0.0,0.0,0.0,0.0,0.0
2024-06-12,0.0,0.0,0.004517409859666945,0.002429875963362427,-0.00019233333194335024,-0.0006253758123414973,0.0,0.00419300776537848,0.0,-0.000825834588065317,-0.0009806938214099118,0.008113792809546445,0.0,-0.005406735091893453,0.0,-0.018224082842120647,0.0007161205915177307,0.010311568693000258,0.0,-0.013061667738473583,0.0,-0.0014935893411490353,0.028076810585462568,0.0,0.0,0.0,0.0,0.0,0.0,0.0,0.0,0.01932299224400254,0.0027414650387508773,0.0,-0.001748211358714646,0.0,0.0,0.0,0.0005257900668578242,-0.001421938472333483,-0.032540707182647115,0.011963347682956461,-0.0006047987233532,0.0,0.0,-0.0072760073845451936,-0.0026841398884155663,-0.0015384388160891054,0.0,-0.0028483308951659015,-0.0004373783893821296,-0.003919674302694687,-0.005016628397703431,0.0,0.0,-0.0003649840985449867,-0.001630121856706193,-0.0008310772632589594,0.010165416328714674,-0.0004930225245348783,-0.0015151843717852206,0.0,0.0,-0.00021872922562264798,0.0,0.0,0.0,0.0,0.0,0.0,0.0034369920226360547,0.0,0.0,0.0,0.0004748622097504096,0.00010157960452200423,0.00019973468141328931,0.0,0.0,0.0,0.0,0.0,-0.00030940450448059564,0.0,0.0,0.0,0.0,0.0,0.0,0.0,-0.006751350930330996,0.002050024200751253,-0.005075961179640419,-0.004308382295329685,0.0007673212797205669,-0.00140001283022894,0.0,0.0,0.01187169164917029,0.0,0.0,0.0,0.0,0.0002193345377078792,0.0,0.0,0.0,0.0,0.0,0.0
2024-06-19,0.0,0.0,0.004517409859666945,0.002816693943498664,0.0076843277877279076,-0.0006253758123414973,0.0,0.01724877289743578,0.0,-0.0008893041288390333,-0.0009806938214099118,0.007686590725739214,0.0,0.021281970968467,0.0,0.0003292943679529224,0.0007161205915177307,0.016919439907554644,0.0,-0.013061667738473583,0.0,-0.0014935893411490353,0.028076810585462568,0.0,0.0,0.0,0.0,0.0,0.0,0.0,0.0,0.01932299224400254,0.0026117306646784174,0.0,-0.001748211358714646,0.0,0.0,0.0,0.0005257900668578242,-0.001421938472333483,-0.034347363134037676,0.011963347682956461,-0.0006047987233532,0.0,0.0,-0.008406058380816588,-0.0026841398884155663,-0.0015384388160891054,0.0,-0.0028483308951659015,-0.0004373783893821296,-0.003919674302694687,-0.005016628397703431,0.0,0.0,-0.00022377893995455242,-0.001630121856706193,-0.0008310772632589594,0.012561171481609089,-0.0004930225245348783,-0.0015151843717852206,0.0,0.0,-0.00021872922562264798,0.0,0.0,0.0,0.0,0.0,0.0,-0.0014981592650471207,0.0,0.0,0.0,0.0004748622097504096,0.00010157960452200423,0.00019973468141328931,0.0,0.0,0.0,0.0,0.0,-0.0008058456970088994,0.0,0.0,0.0,0.0,0.0,0.0,0.0,-0.006751350930330996,-0.0006325153932751458,-0.005203345948889913,-0.004236694618583508,0.0007673212797205669,-0.001124183608671078,0.0,0.0,0.01187169164917029,0.0,0.0,0.0,0.0,0.0002193345377078792,0.0,0.0,0.0,0.0,0.0,0.0
2024-06-26,0.0,0.0,0.004517409859666945,0.002816693943498664,0.0076843277877279076,-0.0006253758123414973,0.0,0.01724877289743578,0.0,-0.000825834588065317,-0.0009806938214099118,0.007752193860366026,0.0,-0.005406735091893453,0.0,-0.004826902523959191,-0.00011144923113024288,0.016919439907554644,0.0,-0.012681641008178157,0.0,-0.0014935893411490353,0.028076810585462568,0.0,0.0,0.0,0.0,0.0,0.0,0.0,0.0,0.01673428044311405,0.0025577727236489323,0.0,0.00036335398142291707,0.0,0.0,0.0,0.0005257900668578242,-0.001421938472333483,-0.03375037038509158,0.011963347682956461,-0.0006047987233532,0.0,0.0,-0.0072760073845451936,-0.0026841398884155663,-0.0015384388160891054,0.0,-0.0028483308951659015,-0.0004373783893821296,-0.003919674302694687,-0.005016628397703431,0.0,0.0,-0.0003649840985449867,-0.001630121856706193,-0.0008310772632589594,0.021962461029357054,-0.0004930225245348783,-0.0015151843717852206,0.0,0.0,-0.00021872922562264798,0.0,0.0,0.0,0.0,0.0,0.0,0.0034369920226360547,0.0,0.0,0.0,0.0004748622097504096,0.00010157960452200423,0.00019973468141328931,0.0,0.0,0.0,0.0,0.0,-0.0008058456970088994,0.0,0.0,0.0,0.0,0.0,0.0,0.0,-0.006751350930330996,-0.0006325153932751458,-0.005075961179640419,-0.004308382295329685,0.0007673212797205669,-0.001124183608671078,0.0,0.0,0.012765471589473278,0.0,0.0,0.0,0.0,0.0002193345377078792,0.0,0.0,0.0,0.0,0.0,0.0
2024-07-03,0.0,0.0,-5.903321057339014e-05,0.004123921563629035,0.006650785169647562,-0.0006253758123414973,0.0,-0.0005444314303951719,0.0,-0.0008893041288390333,-0.000875480941493156,0.007752193860366026,0.0,0.020168569379882834,0.0,0.005115272692307217,0.0007161205915177307,0.01690088600827112,0.0,-0.01279434660338943,0.0,-0.0052324767819868345,0.026165603170718692,0.0,0.0,0.0,0.0,0.0,0.0,0.0,0.0,0.0165747607184401,0.002687507097721392,0.0,0.00036335398142291707,0.0,0.0,0.0,0.0005257900668578242,0.00033161815962547673,-0.06069295138974597,-0.022142649105364717,-0.0006047987233532,0.0,0.0,-0.008406058380816588,-0.002351759520201519,-0.0015384388160891054,0.0,-0.0028483308951659015,-0.0004373783893821296,-0.005116107456799239,-0.005016628397703431,0.0,0.0,-0.00022377893995455242,-0.001630121856706193,-0.0008310772632589594,0.021962461029357054,-0.0004930225245348783,-0.0015151843717852206,0.0,0.0,-0.00021872922562264798,0.0,0.0,0.0,0.0,0.0,0.0,0.0032419366099944147,0.0,0.0,0.0,0.00037068471517366414,0.00010157960452200423,0.00019973468141328931,0.0,0.0,0.0,0.0,0.0,-0.0008058456970088994,0.0,0.0,0.0,0.0,0.0,0.0,0.0,-0.00728687464471627,0.0037350317668918102,-0.005203345948889913,-0.004236694618583508,-0.0020696180702089078,-0.001124183608671078,0.0,0.0,0.012449455393987268,0.0,0.0,0.0,0.0,0.0002193345377078792,0.0,0.0,0.0,0.0,0.0,0.0
2024-07-10,0.0,0.0,-5.903321057339014e-05,0.004123921563629035,0.006650785169647562,-0.0006253758123414973,0.0,-0.0005444314303951719,0.0,-0.0008893041288390333,-0.000875480941493156,0.008124112114099318,0.0,0.02044291033020762,0.0,0.005115272692307217,-0.00011144923113024288,-0.018678201931838785,0.0,-0.01279434660338943,0.0,-0.0052324767819868345,0.026165603170718692,0.0,0.0,0.0,0.0,0.0,0.0,0.0,0.0,0.0165747607184401,0.002850294712579152,0.0,0.00036335398142291707,0.0,0.0,0.0,0.0005257900668578242,0.00033161815962547673,-0.059286555689445915,-0.02220637957732257,-0.0006047987233532,0.0,0.0,-0.008406058380816588,-0.002351759520201519,-0.0017148977933063897,0.0,-0.0028483308951659015,-0.0004373783893821296,-0.005116107456799239,-0.005016628397703431,0.0,0.0,-0.00022377893995455242,-0.001630121856706193,-0.0008310772632589594,0.024358216182251473,-0.0004930225245348783,-0.0015151843717852206,0.0,0.0,-0.00021872922562264798,0.0,0.0,0.0,0.0,0.0,0.0,-0.0014981592650471207,0.0,0.0,0.0,0.0003396208209618202,0.00010157960452200423,0.00019973468141328931,0.0,0.0,0.0,0.0,0.0,-0.0008058456970088994,0.0,0.0,0.0,0.0,0.0,0.0,0.0,-0.007772376239834447,0.0037350317668918102,-0.005203345948889913,-0.004948676064348106,-0.0020696180702089078,-0.001124183608671078,0.0,0.0,0.013374871787597952,0.0,0.0,0.0,0.0,0.0002193345377078792,0.0,0.0,0.0,0.0,0.0,0.0
2024-07-17,0.0,0.0,-5.903321057339014e-05,0.004123921563629035,0.006650785169647562,-0.0006253758123414973,0.0,-0.0005444314303951719,0.0,-0.0008893041288390333,-0.000875480941493156,0.008124112114099318,0.0,0.02044291033020762,0.0,0.005115272692307217,-0.00011144923113024288,-0.018678201931838785,0.0,-0.01279434660338943,0.0,-0.0052324767819868345,0.026165603170718692,0.0,0.0,0.0,0.0,0.0,0.0,0.0,0.0,0.0165747607184401,0.002850294712579152,0.0,0.00036335398142291707,0.0,0.0,0.0,0.0005257900668578242,0.00033161815962547673,-0.059286555689445915,-0.02220637957732257,-0.0006047987233532,0.0,0.0,-0.008406058380816588,-0.002351759520201519,-0.0017148977933063897,0.0,-0.0028483308951659015,-0.0004373783893821296,-0.005116107456799239,-0.005016628397703431,0.0,0.0,-0.00022377893995455242,-0.001630121856706193,-0.0008310772632589594,0.024358216182251473,-0.0004930225245348783,-0.0015151843717852206,0.0,0.0,-0.00021872922562264798,0.0,0.0,0.0,0.0,0.0,0.0,-0.0014981592650471207,0.0,0.0,0.0,0.0003396208209618202,0.00010157960452200423,0.00019973468141328931,0.0,0.0,0.0,0.0,0.0,-0.0003363226569127544,0.0,0.0,0.0,0.0,0.0,0.0,0.0,-0.007772376239834447,0.0037350317668918102,-0.005203345948889913,-0.0038757756835575167,-0.0020696180702089078,-0.001124183608671078,0.0,0.0,0.013374871787597952,0.0,0.0,0.0,0.0,0.0002193345377078792,0.0,0.0,0.0,0.0,0.0,0.0
2024-07-24,0.0,0.0,-5.903321057339014e-05,0.004123921563629035,0.008887361837299258,-0.0006253758123414973,0.0,-0.0005210442369411846,0.0,-0.000825834588065317,-0.000875480941493156,0.008355970502550951,0.0,-0.005196495317402533,0.0,0.00017903084220734396,-0.00011144923113024288,-0.018678201931838785,0.0,-0.012783910206837616,0.0,-0.0052324767819868345,0.026165603170718692,0.0,0.0,0.0,0.0,0.0,0.0,0.0,0.0,-0.007161812990673958,0.002850294712579152,0.0,0.00036335398142291707,0.0,0.0,0.0,0.0005257900668578242,0.00033161815962547673,-0.05762857684357039,-0.02220637957732257,-0.0006047987233532,0.0,0.0,-0.00858060021124286,-0.0026841398884155663,-0.0017148977933063897,0.0,-0.0028483308951659015,-0.0004373783893821296,-0.005116107456799239,-0.005016628397703431,0.0,0.0,-0.0003649840985449867,-0.001630121856706193,-0.000945705237118843,0.024358216182251473,0.0005887429220570444,-0.0015151843717852206,0.0,0.0,-0.00021872922562264798,0.0,0.0,0.0,0.0,0.0,0.0,-0.0015891304869093984,0.0,0.0,0.0,0.0003396208209618202,0.00010157960452200423,-0.0002944388019479625,0.0,0.0,0.0,0.0,0.0,0.003625719966328663,0.0,0.0,0.0,0.0,0.0,0.0,0.0,-0.007772376239834447,0.0037350317668918102,-0.005412365408703041,-0.003947463360303693,-0.0020696180702089078,-0.001124183608671078,0.0,0.0,0.012080978996858336,0.0,0.0,0.0,0.0,0.0002193345377078792,0.0,0.0,0.0,0.0,0.0,0.0
2024-07-31,0.0,0.0,-5.903321057339014e-05,0.004123921563629035,0.010327433813500767,-0.0006253758123414973,0.0,-0.0005210442369411846,0.0,-0.000825834588065317,0.0013760257142565132,0.008355970502550951,0.0,-0.005196495317402533,0.0,-0.004989700053375391,-0.00011144923113024288,-0.018678201931838785,0.0,-0.012783910206837616,0.0,-0.0052324767819868345,0.026165603170718692,0.0,0.0,0.0,0.0,0.0,0.0,0.0,0.0,-0.007161812990673958,0.002850294712579152,0.0,0.00036335398142291707,0.0,0.0,0.0,0.0005257900668578242,0.00033161815962547673,-0.05571651725367243,-0.02220637957732257,-0.0006047987233532,0.0,0.0,-0.00858060021124286,-0.0026841398884155663,-0.0017148977933063897,0.0,-0.0028483308951659015,-0.0004373783893821296,-0.005116107456799239,-0.005016628397703431,0.0,0.0,-0.0003649840985449867,-0.001630121856706193,-0.000945705237118843,0.024358216182251473,0.0005887429220570444,-0.0015151843717852206,0.0,0.0,-0.00021872922562264798,0.0,0.0,0.0,0.0,0.0,0.0,-0.0015891304869093984,0.0,0.0,0.0,0.0003396208209618202,0.00010157960452200423,-0.0002944388019479625,0.0,0.0,0.0,0.0,0.0,0.003625719966328663,0.0,0.0,0.0,0.0,0.0,0.0,0.0,-0.007772376239834447,-0.00016033950367881357,-0.005412365408703041,-0.003947463360303693,-0.0020696180702089078,-0.001124183608671078,0.0,0.0,0.012080978996858336,0.0,0.0,0.0,0.0,0.0002193345377078792,0.0,0.0,0.0,0.0,0.0,0.0
2024-08-07,0.0,0.0,-5.903321057339014e-05,0.004123921563629035,0.010327433813500767,-0.0006253758123414973,0.0,-0.0005210442369411846,0.0,0.0013615826646302734,0.0010598578354587803,0.008355970502550951,0.0,-0.0006291207648710447,0.0,0.015035370787345539,0.0007161205915177307,-0.018678201931838785,0.0,-0.012564385727899141,0.0,-0.0052324767819868345,0.0255604524415873,0.0,0.0,0.0,0.0,0.0,0.0,0.0,0.0,-0.007161812990673958,0.002850294712579152,0.0,0.00036335398142291707,0.0,0.0,0.0,0.0005257900668578242,0.00033161815962547673,-0.008112527353617026,-0.03412561601685387,-0.0006047987233532,0.0,0.0,-0.007578571432522616,-0.002351759520201519,-0.0012184339677249801,0.0,0.0009526864041431555,1.3891977956462535e-05,-0.0042109668374577134,0.0030907591362821377,0.0,0.0,-0.00022377893995455242,-0.0008751603981638688,-0.000945705237118843,0.024358216182251473,0.002167095443341657,0.00213941852275055,0.0,0.0,-0.00021872922562264798,0.0,0.0,0.0,0.0,0.0,0.0,-0.0015891304869093984,0.0,0.0,0.0,0.0003396208209618202,0.00010157960452200423,-0.0002944388019479625,0.0,0.0,0.0,0.0,0.0,0.003625719966328663,0.0,0.0,0.0,0.0,0.0,0.0,0.0,-0.007667120105012739,-0.00016033950367881357,-0.005412365408703041,-0.003947463360303693,-0.0020696180702089078,-0.001124183608671078,0.0,0.0,0.011187199056555349,0.0,0.0,0.0,0.0,-9.77504497192612e-06,0.0,0.0,0.0,0.0,0.0,0.0
2024-08-14,0.0,0.0,-5.903321057339014e-05,0.004123921563629035,0.010327433813500767,-0.0006253758123414973,0.0,-0.0005210442369411846,0.0,0.0013615826646302734,0.0010598578354587803,0.008355970502550951,0.0,0.0035244417686133237,0.0,0.015035370787345539,-0.00011144923113024288,-0.018678201931838785,0.0,-0.012564385727899141,0.0,-0.0052324767819868345,0.0255604524415873,0.0,0.0,0.0,0.0,0.0,0.0,0.0,0.0,-0.007161812990673958,0.002850294712579152,0.0,0.00036335398142291707,0.0,0.0,0.0,0.0005257900668578242,0.00033161815962547673,-0.008112527353617026,-0.03412561601685387,-0.0006047987233532,0.0,0.0,-0.007578571432522616,-0.002351759520201519,-0.0012184339677249801,0.0,0.0009526864041431555,1.3891977956462535e-05,-0.0042109668374577134,0.0030907591362821377,0.0,0.0,-0.00022377893995455242,-0.0008751603981638688,-0.000945705237118843,0.024358216182251473,0.002167095443341657,0.00213941852275055,0.0,0.0,-0.00021872922562264798,0.0,0.0,0.0,0.0,0.0,0.0,-0.0015891304869093984,0.0,0.0,0.0,0.0003396208209618202,0.00010157960452200423,-0.0002944388019479625,0.0,0.0,0.0,0.0,0.0,0.003625719966328663,0.0,0.0,0.0,0.0,0.0,0.0,0.0,-0.007667120105012739,-0.00016033950367881357,-0.005412365408703041,-0.0038757756835575167,-0.0020696180702089078,-0.001124183608671078,0.0,0.0,0.012080978996858336,0.0,0.0,0.0,0.0,-9.77504497192612e-06,0.0,0.0,0.0,0.0,0.0,0.0
2024-08-21,0.0,0.0,-5.903321057339014e-05,0.004123921563629035,0.00809085714584907,-0.0006253758123414973,0.0,-0.0005210442369411846,0.0,0.0013615826646302734,0.0010598578354587803,0.008355970502550951,0.0,-0.005418420776072586,0.0,0.015035370787345539,-0.00011144923113024288,-0.018678201931838785,0.0,-0.012564385727899141,0.0,-0.0052324767819868345,0.0255604524415873,0.0,0.0,0.0,0.0,0.0,0.0,0.0,0.0,-0.007161812990673958,0.002850294712579152,0.0,0.00036335398142291707,0.0,0.0,0.0,0.0005257900668578242,0.00033161815962547673,-0.008112527353617026,-0.03412561601685387,-0.0006047987233532,0.0,0.0,-0.007578571432522616,-0.002351759520201519,-0.0012184339677249801,0.0,0.0009526864041431555,1.3891977956462535e-05,-0.0042109668374577134,0.0030907591362821377,0.0,0.0,-0.0003649840985449867,-0.0008751603981638688,-0.000945705237118843,0.024358216182251473,0.002167095443341657,0.00213941852275055,0.0,0.0,-0.00021872922562264798,0.0,0.0,0.0,0.0,0.0,0.0,-0.0015891304869093984,0.0,0.0,0.0,0.0003396208209618202,0.00010157960452200423,-0.0002944388019479625,0.0,0.0,0.0,0.0,0.0,-0.0003363226569127544,0.0,0.0,0.0,0.0,0.0,0.0,0.0,-0.007667120105012739,-0.00016033950367881357,-0.005412365408703041,-0.003947463360303693,-0.0020696180702089078,-0.001124183608671078,0.0,0.0,0.012080978996858336,0.0,0.0,0.0,0.0,-9.77504497192612e-06,0.0,0.0,0.0,0.0,0.0,0.0
2024-08-28,0.0,0.0,-5.903321057339014e-05,0.004123921563629035,0.00809085714584907,-0.0006253758123414973,0.0,-0.0005210442369411846,0.0,0.0013615826646302734,0.0010598578354587803,0.008355970502550951,0.0,-0.005418420776072586,0.0,0.015035370787345539,-0.00011144923113024288,-0.018678201931838785,0.0,-0.012564385727899141,0.0,-0.0052324767819868345,0.0255604524415873,0.0,0.0,0.0,0.0,0.0,0.0,0.0,0.0,-0.007161812990673958,0.002850294712579152,0.0,0.00036335398142291707,0.0,0.0,0.0,0.0005257900668578242,0.00033161815962547673,-0.008112527353617026,-0.03412561601685387,-0.0006047987233532,0.0,0.0,-0.007578571432522616,-0.002351759520201519,-0.0012184339677249801,0.0,0.0009526864041431555,1.3891977956462535e-05,-0.0042109668374577134,0.0030907591362821377,0.0,0.0,-0.0003649840985449867,-0.0008751603981638688,-0.000945705237118843,0.024358216182251473,0.002167095443341657,0.00213941852275055,0.0,0.0,-0.00021872922562264798,0.0,0.0,0.0,0.0,0.0,0.0,-0.0015891304869093984,0.0,0.0,0.0,0.0003396208209618202,0.00010157960452200423,-0.0002944388019479625,0.0,0.0,0.0,0.0,0.0,-0.0003363226569127544,0.0,0.0,0.0,0.0,0.0,0.0,0.0,-0.007667120105012739,-0.00016033950367881357,-0.005412365408703041,-0.003947463360303693,-0.0020696180702089078,-0.001124183608671078,0.0,0.0,0.012080978996858336,0.0,0.0,0.0,0.0,-9.77504497192612e-06,0.0,0.0,0.0,0.0,0.0,0.0
2024-09-04,0.0,0.0,-5.903321057339014e-05,0.0027956653385218843,0.009124399763929416,-0.0006253758123414973,0.0,-0.0005152988732495764,0.0,-0.002100642018099898,0.0010598578354587803,0.008355970502550951,0.0,0.0035244417686133237,0.0,0.020614715495368276,-0.0003557335984437309,-0.0188581130445434,0.0,-0.012693557655225325,0.0,-0.0052324767819868345,0.027471659856331175,0.0,0.0,0.0,0.0,0.0,0.0,0.0,0.0,-0.007161812990673958,0.002850294712579152,0.0,0.0008486819583740711,0.0,0.0,0.0,-0.0003457067573944405,0.0015068685433991347,0.02754274771679192,0.011901864986822072,0.00012148244354781908,0.0,0.0,-0.00858060021124286,-0.002351759520201519,-0.0012184339677249801,0.0,0.0009526864041431555,1.3891977956462535e-05,-0.004568520161701026,0.0030907591362821377,0.0,0.0,-0.00022377893995455242,-0.001630121856706193,-0.000945705237118843,0.024358216182251473,0.0041096584727292355,1.450796927253241e-05,0.0,0.0,-0.00021872922562264798,0.0,0.0,0.0,0.0,0.0,0.0,-0.0015891304869093984,0.0,0.0,0.0,0.0004437983155385656,0.00010157960452200423,-0.0002944388019479625,0.0,0.0,0.0,0.0,0.0,-0.0003363226569127544,0.0,0.0,0.0,0.0,0.0,0.0,0.0,-0.007667120105012739,-0.00016033950367881357,-0.005412365408703041,-0.0038757756835575167,-0.0020696180702089078,-0.001124183608671078,0.0,0.0,0.0008226019594124376,0.0,0.0,0.0,0.0,0.0002193345377078792,0.0,0.0,0.0,0.0,0.0,0.0
2024-09-11,0.0,0.0,-5.903321057339014e-05,0.0027956653385218843,0.009124399763929416,-0.0006253758123414973,0.0,-0.0005152988732495764,0.0,-0.002100642018099898,0.0010598578354587803,0.008355970502550951,0.0,0.0035244417686133237,0.0,0.020614715495368276,-0.0003557335984437309,-0.01966978008058717,0.0,-0.012693557655225325,0.0,-0.0052324767819868345,0.02805519506437055,0.0,0.0,0.0,0.0,0.0,0.0,0.0,0.0,-0.007161812990673958,0.002850294712579152,0.0,0.0008486819583740711,0.0,0.0,0.0,-0.0003457067573944405,0.0015068685433991347,0.02754274771679192,0.011901864986822072,0.00012148244354781908,0.0,0.0,-0.009452602935225785,-0.002351759520201519,-0.0012184339677249801,0.0,0.001545597298443441,1.3891977956462535e-05,-0.004568520161701026,0.0030907591362821377,0.0,0.0,-0.00022377893995455242,-0.001630121856706193,-0.000945705237118843,0.024358216182251473,0.0041096584727292355,1.450796927253241e-05,0.0,0.0,-0.00021872922562264798,0.0,0.0,0.0,0.0,0.0,0.0,-0.0015891304869093984,0.0,0.0,0.0,0.0004437983155385656,0.00010157960452200423,-0.0002944388019479625,0.0,0.0,0.0,0.0,0.0,-0.0003363226569127544,0.0,0.0,0.0,0.0,0.0,0.0,0.0,-0.007667120105012739,-0.00016033950367881357,-0.005412365408703041,-0.0038757756835575167,-0.0020696180702089078,-0.001124183608671078,0.0,0.0,-0.015603923172887816,0.0,0.0,0.0,0.0,0.0002193345377078792,0.0,0.0,0.0,0.0,0.0,0.0
2024-09-18,0.0,0.0,-5.903321057339014e-05,0.0027956653385218843,0.011360976431581113,-0.0006253758123414973,0.0,-0.0005386860667035637,0.0,0.005840768715310085,0.0010598578354587803,0.008124112114099318,0.0,-0.005418420776072586,0.0,0.020614715495368276,-0.0003557335984437309,-0.01966978008058717,0.0,-0.012703994051777143,0.0,-0.0052324767819868345,0.02805519506437055,0.0,0.0,0.0,0.0,0.0,0.0,0.0,0.0,0.01916347251932859,0.0029042526536086372,0.0,0.0008486819583740711,0.0,0.0,0.0,-0.0003457067573944405,0.0015068685433991347,0.02943209386078745,0.011901864986822072,0.00012148244354781908,0.0,0.0,-0.009278061104799512,-0.002351759520201519,-0.0012184339677249801,0.0,0.001545597298443441,1.3891977956462535e-05,-0.004568520161701026,0.0030907591362821377,0.0,0.0,-0.0003649840985449867,-0.001630121856706193,-0.0008310772632589594,0.024358216182251473,0.0041096584727292355,1.450796927253241e-05,0.0,0.0,-0.00021872922562264798,0.0,0.0,0.0,0.0,0.0,0.0,-0.0015891304869093984,0.0,0.0,0.0,0.0004437983155385656,0.00010157960452200423,0.00019973468141328931,0.0,0.0,0.0,0.0,0.0,0.003625719966328663,0.0,0.0,0.0,0.0,0.0,0.0,0.0,-0.007667120105012739,-0.00016033950367881357,-0.005075961179640419,-0.003947463360303693,-0.0020696180702089078,-0.001124183608671078,0.0,0.0,-0.015603923172887816,0.0,0.0,0.0,0.0,0.0002193345377078792,0.0,0.0,0.0,0.0,0.0,0.0
2024-09-25,0.0,0.0,-5.903321057339014e-05,0.0027956653385218843,0.009124399763929416,-0.0006253758123414973,0.0,-0.0005152988732495764,0.0,0.005840768715310085,0.0010598578354587803,0.008355970502550951,0.0,-0.005418420776072586,0.0,0.020614715495368276,-0.0003557335984437309,-0.01966978008058717,0.0,-0.012693557655225325,0.0,-0.0052324767819868345,0.02805519506437055,0.0,0.0,0.0,0.0,0.0,0.0,0.0,0.0,-0.007161812990673958,0.002850294712579152,0.0,0.0008486819583740711,0.0,0.0,0.0,-0.0003457067573944405,0.0015068685433991347,0.02943209386078745,0.011901864986822072,0.00012148244354781908,0.0,0.0,-0.009452602935225785,-0.002351759520201519,-0.0012184339677249801,0.0,0.001545597298443441,1.3891977956462535e-05,-0.004568520161701026,0.0030907591362821377,0.0,0.0,-0.0003649840985449867,-0.001630121856706193,-0.000945705237118843,0.024358216182251473,0.0041096584727292355,1.450796927253241e-05,0.0,0.0,-0.00021872922562264798,0.0,0.0,0.0,0.0,0.0,0.0,-0.0015891304869093984,0.0,0.0,0.0,0.0004437983155385656,0.00010157960452200423,-0.0002944388019479625,0.0,0.0,0.0,0.0,0.0,-0.0003363226569127544,0.0,0.0,0.0,0.0,0.0,0.0,0.0,-0.007667120105012739,-0.00016033950367881357,-0.005412365408703041,-0.003947463360303693,-0.0020696180702089078,-0.001124183608671078,0.0,0.0,-0.015603923172887816,0.0,0.0,0.0,0.0,0.0002193345377078792,0.0,0.0,0.0,0.0,0.0,0.0
2024-10-02,0.0,0.0,-5.903321057339014e-05,0.0027956653385218843,0.009124399763929416,-0.0006253758123414973,0.0,-0.0005152988732495764,0.0,0.005777299174536368,0.0010598578354587803,0.008355970502550951,0.0,0.020638711930479125,0.0,0.020614715495368276,-0.00011144923113024288,-0.0188581130445434,0.0,-0.012671204611626338,0.0,-0.0052324767819868345,0.027471659856331175,0.0,0.0,0.0,0.0,0.0,0.0,0.0,0.0,-0.007161812990673958,0.002850294712579152,0.0,0.00036335398142291707,0.0,0.0,0.0,0.0005257900668578242,0.0015068685433991347,0.028835101111841354,0.011901864986822072,0.00012148244354781908,0.0,0.0,-0.00858060021124286,-0.002351759520201519,-0.0012184339677249801,0.0,0.0009526864041431555,1.3891977956462535e-05,-0.004568520161701026,0.0030907591362821377,0.0,0.0,0.0013268673839043627,-0.001630121856706193,-0.000945705237118843,0.024358216182251473,0.002167095443341657,1.450796927253241e-05,0.0,0.0,-0.00021872922562264798,0.0,0.0,0.0,0.0,0.0,0.0,-0.0014981592650471207,0.0,0.0,0.0,0.0004437983155385656,0.00010157960452200423,-0.0002944388019479625,0.0,0.0,0.0,0.0,0.0,-0.0003363226569127544,0.0,0.0,0.0,0.0,0.0,0.0,0.0,-0.007667120105012739,-0.00016033950367881357,-0.005539750177952534,-0.0038757756835575167,-0.0020696180702089078,-0.001124183608671078,0.0,0.0,0.012080978996858336,0.0,0.0,0.0,0.0,0.0002193345377078792,0.0,0.0,0.0,0.0,0.0,0.0
2024-10-09,0.0,0.0,-5.903321057339014e-05,0.002408847358385647,0.009124399763929416,-0.0006253758123414973,0.0,-0.0005152988732495764,0.0,0.005777299174536368,0.0010598578354587803,0.008355970502550951,0.0,0.020638711930479125,0.0,-0.013778432187468813,-0.00011144923113024288,-0.0188581130445434,0.0,-0.012671204611626338,0.0,9.026471330888597e-05,0.027471659856331175,0.0,0.0,0.0,0.0,0.0,0.0,0.0,0.0,-0.007161812990673958,0.002850294712579152,0.0,0.00036335398142291707,0.0,0.0,0.0,0.0005257900668578242,0.0015068685433991347,0.029379886669861927,0.011901864986822072,0.00012148244354781908,0.0,0.0,-0.007450549214971467,-0.0026841398884155663,-0.0012184339677249801,0.0,0.0009526864041431555,-0.0004373783893821296,-0.004568520161701026,0.0030907591362821377,0.0,0.0,0.0013268673839043627,-0.001630121856706193,-0.000945705237118843,0.024358216182251473,0.002167095443341657,1.450796927253241e-05,0.0,0.0,-0.00021872922562264798,0.0,0.0,0.0,0.0,0.0,0.0,-0.0014981592650471207,0.0,0.0,0.0,0.0004437983155385656,0.00010157960452200423,-0.0002944388019479625,0.0,0.0,0.0,0.0,0.0,-0.0003363226569127544,0.0,0.0,0.0,0.0,0.0,0.0,0.0,-0.007772376239834447,-0.00016033950367881357,-0.005539750177952534,-0.0038757756835575167,-0.0020696180702089078,-0.001124183608671078,0.0,0.0,0.012080978996858336,0.0,0.0,0.0,0.0,0.0002193345377078792,0.0,0.0,0.0,0.0,0.0,0.0
2024-10-16,0.0,0.0,-5.903321057339014e-05,0.0027956653385218843,0.009124399763929416,-0.0006253758123414973,0.0,-0.0005152988732495764,0.0,0.006340463243774495,0.0008055437793056433,0.008355970502550951,0.0,0.020638711930479125,0.0,0.02269451839196276,-0.00011144923113024288,0.017497046708034696,0.0,0.009131251873947649,0.0,0.0006785311818458424,0.027471659856331175,0.0,0.0,0.0,0.0,0.0,0.0,0.0,0.0,-0.006864524792144385,0.002687507097721392,0.0,0.00036335398142291707,0.0,0.0,0.0,-0.0003457067573944405,0.0015068685433991347,0.028025989716512798,0.012032269225980816,0.00012148244354781908,0.0,0.0,-0.00858060021124286,-0.002351759520201519,-0.0010419749905076958,0.0,0.0009526864041431555,1.3891977956462535e-05,-0.000614202190376962,0.0030907591362821377,0.0,0.0,0.0013268673839043627,-0.001630121856706193,-0.000945705237118843,0.023649243155962008,0.0041096584727292355,1.450796927253241e-05,0.0,0.0,-0.00021872922562264798,0.0,0.0,0.0,0.0,0.0,0.0,-0.0014981592650471207,0.0,0.0,0.0,0.0004748622097504096,0.00010157960452200423,-0.0002944388019479625,0.0,0.0,0.0,0.0,0.0,-0.0003363226569127544,0.0,0.0,0.0,0.0,0.0,0.0,0.0,-0.007181618509894563,-0.00016033950367881357,-0.005539750177952534,-0.003163794237792919,-0.0020696180702089078,-0.001124183608671078,0.0,0.0,0.007490348968421638,0.0,0.0,0.0,0.0,0.0002193345377078792,0.0,0.0,0.0,0.0,0.0,0.0
2024-10-23,0.0,0.0,-5.903321057339014e-05,0.0027956653385218843,0.009124399763929416,-0.0006253758123414973,0.0,-0.0005386860667035637,0.0,0.006340463243774495,0.0008055437793056433,0.008124112114099318,0.0,0.020638711930479125,0.0,0.02269451839196276,-0.00011144923113024288,0.017497046708034696,0.0,0.0091360234205966,0.0,0.0006785311818458424,0.027471659856331175,0.0,0.0,0.0,0.0,0.0,0.0,0.0,0.0,0.01947596866105893,0.0027414650387508773,0.0,0.00036335398142291707,0.0,0.0,0.0,0.0005257900668578242,0.0015068685433991347,0.028025989716512798,0.012032269225980816,0.00012148244354781908,0.0,0.0,-0.008406058380816588,-0.002351759520201519,-0.0010419749905076958,0.0,0.0009526864041431555,1.3891977956462535e-05,-0.000614202190376962,0.0030907591362821377,0.0,0.0,0.0013268673839043627,-0.001630121856706193,-0.0008310772632589594,0.023649243155962008,0.002167095443341657,1.450796927253241e-05,0.0,0.0,-0.00021872922562264798,0.0,0.0,0.0,0.0,0.0,0.0,-0.0014981592650471207,0.0,0.0,0.0,0.0004748622097504096,0.00010157960452200423,0.00019973468141328931,0.0,0.0,0.0,0.0,0.0,-0.0003363226569127544,0.0,0.0,0.0,0.0,0.0,0.0,0.0,-0.007181618509894563,-0.00016033950367881357,-0.005203345948889913,-0.003163794237792919,-0.0020696180702089078,-0.001124183608671078,0.0,0.0,0.012049342543550638,0.0,0.0,0.0,0.0,0.0002193345377078792,0.0,0.0,0.0,0.0,0.0,0.0
2024-10-30,0.0,0.0,-5.903321057339014e-05,0.0027956653385218843,0.009124399763929416,-0.0006253758123414973,0.0,-0.0005386860667035637,0.0,0.0064039327845482105,0.0008055437793056433,0.008124112114099318,0.0,0.0028811827306254503,0.0,0.016010594354292307,-0.0003557335984437309,0.01801529420522696,0.0,0.009113670376997613,0.0,0.0006785311818458424,0.02805519506437055,0.0,0.0,0.0,0.0,0.0,0.0,0.0,0.0,0.01947596866105893,0.0027414650387508773,0.0,0.0008486819583740711,0.0,0.0,0.0,-0.0003457067573944405,0.0015068685433991347,0.028622982465458895,0.012032269225980816,0.00012148244354781908,0.0,0.0,-0.009278061104799512,-0.002351759520201519,-0.0010419749905076958,0.0,0.001545597298443441,-0.0004373783893821296,-0.000614202190376962,0.0030907591362821377,0.0,0.0,0.0013268673839043627,-0.001630121856706193,-0.0008310772632589594,0.023649243155962008,0.0041096584727292355,1.450796927253241e-05,0.0,0.0,-0.00021872922562264798,0.0,0.0,0.0,0.0,0.0,0.0,-0.0015891304869093984,0.0,0.0,0.0,0.0004748622097504096,0.00010157960452200423,0.00019973468141328931,0.0,0.0,0.0,0.0,0.0,-0.0003363226569127544,0.0,0.0,0.0,0.0,0.0,0.0,0.0,-0.007181618509894563,-0.00016033950367881357,-0.005075961179640419,-0.003163794237792919,-0.0020696180702089078,-0.001124183608671078,0.0,0.0,-0.014305645092959477,0.0,0.0,0.0,0.0,0.0002193345377078792,0.0,0.0,0.0,0.0,0.0,0.0
2024-11-06,0.0,0.0,-5.903321057339014e-05,0.002816693943498664,0.009124399763929416,-0.0006253758123414973,0.0,-0.0005386860667035637,0.0,0.006340463243774495,0.0008055437793056433,0.008124112114099318,0.0,0.021281970968467,0.0,0.0232657879729649,0.0022857775900001435,0.01801529420522696,0.0,0.009058957664599935,0.0,0.0006785311818458424,0.024620025618964446,0.0,0.0,0.0,0.0,0.0,0.0,0.0,0.0,0.01901758844652095,0.0027414650387508773,0.0,0.0008486819583740711,0.0,0.0,0.0,-0.0003457067573944405,0.0015068685433991347,0.022414525973394817,0.012769021972948762,0.00012148244354781908,0.0,0.0,0.014012643887657515,-0.002351759520201519,-0.0010419749905076958,0.0,0.001545597298443441,1.3891977956462535e-05,-0.000614202190376962,0.0030907591362821377,0.0,0.0,-0.00022377893995455242,-0.001630121856706193,-0.0008310772632589594,0.023649243155962008,0.0041096584727292355,1.450796927253241e-05,0.0,0.0,-0.00021872922562264798,0.0,0.0,0.0,0.0,0.0,0.0,-0.0014981592650471207,0.0,0.0,0.0,0.0004748622097504096,0.00010157960452200423,0.00019973468141328931,0.0,0.0,0.0,0.0,0.0,-0.0003363226569127544,0.0,0.0,0.0,0.0,0.0,0.0,0.0,-0.007181618509894563,-0.00016033950367881357,-0.004919349994380224,-0.003163794237792919,-0.0020696180702089078,-0.001124183608671078,0.0,0.0,-0.012671170305391331,0.0,0.0,0.0,0.0,0.0002193345377078792,0.0,0.0,0.0,0.0,0.0,0.0
2024-11-13,0.0,0.0,-9.742758840024446e-05,0.002816693943498664,0.009124399763929416,-0.0006253758123414973,0.0,-0.0005386860667035637,0.0,0.006340463243774495,0.0008055437793056433,0.008124112114099318,0.0,0.021281970968467,0.0,0.0232657879729649,-0.0003557335984437309,0.01801529420522696,0.0,0.009058957664599935,0.0,0.0006785311818458424,0.024620025618964446,0.0,0.0,0.0,0.0,0.0,0.0,0.0,0.0,0.01901758844652095,0.0027414650387508773,0.0,0.0008486819583740711,0.0,0.0,0.0,-0.0003457067573944405,0.0015068685433991347,0.022414525973394817,0.012769021972948762,0.00012148244354781908,0.0,0.0,0.014012643887657515,-0.002351759520201519,-0.0010419749905076958,0.0,0.001545597298443441,1.3891977956462535e-05,-0.000614202190376962,0.0030907591362821377,0.0,0.0,-0.00022377893995455242,-0.001630121856706193,-0.0008310772632589594,0.023649243155962008,0.0041096584727292355,1.450796927253241e-05,0.0,0.0,-0.00021872922562264798,0.0,0.0,0.0,0.0,0.0,0.0,-0.0014981592650471207,0.0,0.0,0.0,0.0004748622097504096,0.00010157960452200423,0.00019973468141328931,0.0,0.0,0.0,0.0,0.0,-0.0003363226569127544,0.0,0.0,0.0,0.0,0.0,0.0,0.0,-0.007181618509894563,-0.00016033950367881357,-0.004919349994380224,-0.003163794237792919,-0.0020696180702089078,-0.001124183608671078,0.0,0.0,-0.01640288000809301,0.0,0.0,0.0,0.0,0.0002193345377078792,0.0,0.0,0.0,0.0,0.0,0.0
2024-11-20,0.0,0.0,-5.903321057339014e-05,0.0004304129048117622,0.009124399763929416,-0.0006253758123414973,0.0,-0.0005386860667035637,0.0,0.006340463243774495,0.0010598578354587803,0.008124112114099318,0.0,0.021281970968467,0.0,0.0232657879729649,-0.0003557335984437309,0.01801529420522696,0.0,-0.005454952050158763,0.0,0.0006785311818458424,0.024620025618964446,0.0,0.0,0.0,0.0,0.0,0.0,0.0,0.0,0.01901758844652095,0.0027414650387508773,0.0,0.0008486819583740711,0.0,0.0,0.0,-0.0003457067573944405,0.0015068685433991347,0.022595561256714983,0.012700100429924411,0.00012148244354781908,0.0,0.0,0.014012643887657515,-0.002351759520201519,-0.0010419749905076958,0.0,0.001545597298443441,1.3891977956462535e-05,-0.000614202190376962,0.0030907591362821377,0.0,0.0,-0.00022377893995455242,-0.001630121856706193,-0.0008310772632589594,0.024714401155762213,0.0041096584727292355,1.450796927253241e-05,0.0,0.0,-0.00021872922562264798,0.0,0.0,0.0,0.0,0.0,0.0,-0.0014981592650471207,0.0,0.0,0.0,0.0004748622097504096,0.00010157960452200423,0.00019973468141328931,0.0,0.0,0.0,0.0,0.0,-0.0003363226569127544,0.0,0.0,0.0,0.0,0.0,0.0,0.0,-0.007181618509894563,-0.00016033950367881357,-0.004919349994380224,-0.003163794237792919,-0.0020696180702089078,-0.001124183608671078,0.0,0.0,-0.013591331730884245,0.0,0.0,0.0,0.0,0.0002193345377078792,0.0,0.0,0.0,0.0,0.0,0.0
2024-11-27,0.0,0.0,-9.742758840024446e-05,-0.003360125088833932,0.009124399763929416,-0.0006253758123414973,0.0,-0.0005386860667035637,0.0,-0.001537477948861771,-0.0012968617002076445,0.008124112114099318,0.0,-0.005418420776072586,0.0,0.0232657879729649,-0.0003557335984437309,0.01801529420522696,0.0,-0.009139918592963455,0.0,0.0006785311818458424,0.024620025618964446,0.0,0.0,0.0,0.0,0.0,0.0,0.0,0.0,0.018705092304790612,0.0027414650387508773,0.0,0.0008486819583740711,0.0,0.0,0.0,-0.0003457067573944405,0.0015068685433991347,0.02136474953970652,0.012700100429924411,0.00012148244354781908,0.0,0.0,0.014012643887657515,-0.002351759520201519,-0.0010419749905076958,0.0,0.001545597298443441,1.3891977956462535e-05,-0.000614202190376962,0.0030907591362821377,0.0,0.0,-0.0003649840985449867,-0.001630121856706193,-0.0008310772632589594,0.024714401155762213,0.0041096584727292355,1.450796927253241e-05,0.0,0.0,-0.00021872922562264798,0.0,0.0,0.0,0.0,0.0,0.0,-0.0015891304869093984,0.0,0.0,0.0,0.0004748622097504096,0.00010157960452200423,0.00019973468141328931,0.0,0.0,0.0,0.0,0.0,-0.0003363226569127544,0.0,0.0,0.0,0.0,0.0,0.0,0.0,-0.007181618509894563,-0.00016707965874423775,-0.0047919652251307305,-0.0032354819145390956,-0.0020696180702089078,-0.001124183608671078,0.0,0.0,-0.01640288000809301,0.0,0.0,0.0,0.0,0.0002193345377078792,0.0,0.0,0.0,0.0,0.0,0.0
2024-12-04,0.0,0.0,-9.742758840024446e-05,-0.0033207505404206205,0.009124399763929416,-0.0006253758123414973,0.0,-0.0005386860667035637,0.0,-0.001537477948861771,0.0010598578354587803,0.008124112114099318,0.0,-0.005418420776072586,0.0,0.022222878369897812,-0.0003557335984437309,0.01801529420522696,0.0,-0.009139918592963455,0.0,0.0006785311818458424,0.02460625137070914,0.0,0.0,0.0,0.0,0.0,0.0,0.0,0.0,0.018705092304790612,0.0027414650387508773,0.0,0.0008486819583740711,0.0,0.0,0.0,-0.0003457067573944405,0.0015068685433991347,0.024784527110326728,0.012700100429924411,-0.0007710938258877364,0.0,0.0,0.014012643887657515,0.005357034856264252,-0.0010419749905076958,0.0,0.001545597298443441,1.3891977956462535e-05,-0.000614202190376962,0.0030907591362821377,0.0,0.0,-0.0003649840985449867,-0.001630121856706193,-0.0008310772632589594,0.024714401155762213,0.0041096584727292355,1.450796927253241e-05,0.0,0.0,-0.00021872922562264798,0.0,0.0,0.0,0.0,0.0,0.0,-0.0015891304869093984,0.0,0.0,0.0,0.0004748622097504096,0.00010157960452200423,0.00019973468141328931,0.0,0.0,0.0,0.0,0.0,-0.0003363226569127544,0.0,0.0,0.0,0.0,0.0,0.0,0.0,-0.007181618509894563,-0.00016033950367881357,-0.0047919652251307305,-0.0032354819145390956,-0.0020696180702089078,-0.001124183608671078,0.0,0.0,-0.01640288000809301,0.0,0.0,0.0,0.0,0.0002193345377078792,0.0,0.0,0.0,0.0,0.0,0.0
2024-12-11,0.0,0.0,-9.742758840024446e-05,-0.0033207505404206205,0.00608093606030675,-0.0006253758123414973,0.0,-0.0005386860667035637,0.0,-0.001537477948861771,0.0010598578354587803,0.008124112114099318,0.0,-0.005418420776072586,0.0,0.022222878369897812,-0.0003557335984437309,0.01801529420522696,0.0,-0.009139918592963455,0.0,0.0006785311818458424,0.02460625137070914,0.0,0.0,0.0,0.0,0.0,0.0,0.0,0.0,0.018705092304790612,0.0027414650387508773,0.0,0.0008486819583740711,0.0,0.0,0.0,-0.0003457067573944405,0.0015068685433991347,0.024784527110326728,0.012700100429924411,-0.0007710938258877364,0.0,0.0,0.014012643887657515,0.005357034856264252,-0.0010419749905076958,0.0,0.001545597298443441,1.3891977956462535e-05,-0.000614202190376962,0.0030907591362821377,0.0,0.0,-0.0003649840985449867,-0.001630121856706193,-0.0008310772632589594,0.024714401155762213,0.0041096584727292355,1.450796927253241e-05,0.0,0.0,-0.00021872922562264798,0.0,0.0,0.0,0.0,0.0,0.0,-0.0015891304869093984,0.0,0.0,0.0,0.0004748622097504096,0.00010157960452200423,0.00019973468141328931,0.0,0.0,0.0,0.0,0.0,-0.0003363226569127544,0.0,0.0,0.0,0.0,0.0,0.0,0.0,-0.007181618509894563,-0.00016033950367881357,-0.0047919652251307305,-0.0032354819145390956,-0.0020696180702089078,-0.00140001283022894,0.0,0.0,-0.01640288000809301,0.0,0.0,0.0,0.0,0.0002193345377078792,0.0,0.0,0.0,0.0,0.0,0.0
2024-12-18,0.0,0.0,-5.903321057339014e-05,-0.0033207505404206205,-0.00841319115744204,-0.0006253758123414973,0.0,-0.0005152988732495764,0.0,-0.001537477948861771,-0.0012968617002076445,0.009155090840091473,0.0,-0.005418420776072586,0.0,0.022222878369897812,-0.0003557335984437309,0.01801529420522696,0.0,-0.009129482196411636,0.0,0.0006785311818458424,0.02460625137070914,0.0,0.0,0.0,0.0,0.0,0.0,0.0,0.0,-0.006992841460608976,0.002687507097721392,0.0,0.0008486819583740711,0.0,0.0,0.0,-0.0003457067573944405,0.0015068685433991347,0.024784527110326728,0.012154004565724474,-0.0007710938258877364,0.0,0.0,0.014465453801834201,0.005357034856264252,-0.0015384388160891054,0.0,0.001545597298443441,1.3891977956462535e-05,-0.000614202190376962,0.0030907591362821377,0.0,0.0,-0.0003649840985449867,-0.001630121856706193,-0.000945705237118843,0.024714401155762213,0.002531305951444623,1.450796927253241e-05,0.0,0.0,-0.00021872922562264798,0.0,0.0,0.0,0.0,0.0,0.0,-0.0015891304869093984,0.0,0.0,0.0,0.0004748622097504096,0.00010157960452200423,-0.0002944388019479625,0.0,0.0,0.0,0.0,0.0,0.0001601185356155493,0.0,0.0,0.0,0.0,0.0,0.0,0.0,-0.007181618509894563,-0.0007985447313203634,-0.005128369454193352,-0.0032354819145390956,-0.0020696180702089078,-0.00140001283022894,0.0,0.0,-0.013591331730884245,0.0,0.0,0.0,0.0,0.0002193345377078792,0.0,0.0,0.0,0.0,0.0,0.0
2024-12-25,0.0,0.0,-9.742758840024446e-05,-0.0033207505404206205,-0.009216228107200483,-0.0006253758123414973,0.0,-0.0005152988732495764,0.0,-0.001537477948861771,-0.0012968617002076445,0.009155090840091473,0.0,-0.005418420776072586,0.0,0.020143075473303327,-0.0003557335984437309,0.01801529420522696,0.0,-0.009139918592963455,0.0,-0.007414023249083161,0.02460625137070914,0.0,0.0,0.0,0.0,0.0,0.0,0.0,0.0,0.0027417302973953292,0.002687507097721392,0.0,0.0008486819583740711,0.0,0.0,0.0,-0.0003457067573944405,0.0015068685433991347,0.024784527110326728,0.012154004565724474,-0.0007710938258877364,0.0,0.0,0.014012643887657515,0.005357034856264252,-0.0015384388160891054,0.0,0.001545597298443441,1.3891977956462535e-05,-0.0015593492878251442,0.0030907591362821377,0.0,0.0,-0.0003649840985449867,-0.001630121856706193,-0.000945705237118843,0.024714401155762213,0.002531305951444623,1.450796927253241e-05,0.0,0.0,-0.00021872922562264798,0.0,0.0,0.0,0.0,0.0,0.0,-0.0015891304869093984,0.0,0.0,0.0,0.0004748622097504096,0.00010157960452200423,0.00019973468141328931,0.0,0.0,0.0,0.0,0.0,0.0010825475414468263,0.0,0.0,0.0,0.0,0.0,0.0,0.0,-0.007181618509894563,-0.0007985447313203634,-0.005128369454193352,-0.0032354819145390956,-0.0020696180702089078,-0.00140001283022894,0.0,0.0,-0.01640288000809301,0.0,0.0,0.0,0.0,0.0002193345377078792,0.0,0.0,0.0,0.0,0.0,0.0
2025-01-01,0.0,0.0,-9.742758840024446e-05,-0.0065192567394253345,-0.009584743536965082,0.0010999693141974952,0.0,-0.0005152988732495764,0.0,0.0011219771104256577,-0.0012968617002076445,-0.03266337497082373,0.0,-0.007938356117894766,0.0,-0.010181113334729573,-0.0003557335984437309,0.010391551520935561,0.0,-0.01257785256077908,0.0,-0.007414023249083161,0.02601434554776635,0.0,0.0,0.0,0.0,0.0,0.0,0.0,0.0,0.0007239908359346696,0.002609339306846693,0.0,9.411766692677401e-05,0.0,0.0,0.0,-0.0003457067573944405,0.0015068685433991347,0.028209478106243555,0.012154004565724474,0.00012148244354781908,0.0,0.0,0.007990770411893305,0.006265304204699429,0.002123497326513649,0.0,0.001545597298443441,-0.0004373783893821296,-0.0015593492878251442,0.0030907591362821377,0.0,0.0,-0.0003649840985449867,-0.001630121856706193,-0.000945705237118843,0.028325610176384793,-0.0010801404550587358,0.00213941852275055,0.0,0.0,-0.00021872922562264798,0.0,0.0,0.0,0.0,0.0,0.0,-0.001859713785332156,0.0,0.0,0.0,0.0004748622097504096,0.00010157960452200423,0.00019973468141328931,0.0,0.0,0.0,0.0,0.0,0.0010825475414468263,0.0,0.0,0.0,0.0,0.0,0.0,0.0,-0.008472713529361168,-0.0007985447313203634,-0.005128369454193352,-0.0032354819145390956,-0.0020696180702089078,-0.00140001283022894,0.0,0.0,-0.017638668177264828,0.0,0.0,0.0,0.0,0.0002193345377078792,0.0,0.0,0.0,0.0,0.0,0.0
2025-01-08,0.0,0.0,-9.742758840024446e-05,-0.005823748929439214,-0.009584743536965082,-0.0006253758123414973,0.0,-0.0005152988732495764,0.0,0.0011219771104256577,-0.0012968617002076445,-0.03185327409747929,0.0,-0.007938356117894766,0.0,-0.010181113334729573,-0.0003557335984437309,-0.01923428078117098,0.0,-0.012703994051777143,0.0,-0.007414023249083161,0.004536460758943915,0.0,0.0,0.0,0.0,0.0,0.0,0.0,0.0,0.0007239908359346696,0.002772126921704453,0.0,9.411766692677401e-05,0.0,0.0,0.0,-0.0003457067573944405,0.0015068685433991347,0.028209478106243555,0.010578282832082137,0.00012148244354781908,0.0,0.0,0.006775879365408439,0.006265304204699429,0.0026200895301579192,0.0,0.001545597298443441,-0.0004373783893821296,-0.0015593492878251442,0.0030907591362821377,0.0,0.0,-0.0003649840985449867,-0.001630121856706193,-0.000945705237118843,0.028325610176384793,-0.0010801404550587358,0.00213941852275055,0.0,0.0,-0.00021872922562264798,0.0,0.0,0.0,0.0,0.0,0.0,-0.001859713785332156,0.0,0.0,0.0,0.0004437983155385656,0.00010157960452200423,0.00019973468141328931,0.0,0.0,0.0,0.0,0.0,0.0010825475414468263,0.0,0.0,0.0,0.0,0.0,0.0,0.0,-0.008958215124479344,-0.0007985447313203634,-0.005128369454193352,-0.003947463360303693,-0.0020696180702089078,-0.00140001283022894,0.0,0.0,-0.01893694625719317,0.0,0.0,0.0,0.0,0.0002193345377078792,0.0,0.0,0.0,0.0,0.0,0.0
2025-01-15,0.0,0.0,-5.903321057339014e-05,-0.005823748929439214,-0.009216228107200483,-0.0006253758123414973,0.0,-0.0005152988732495764,0.0,0.0011219771104256577,-0.0012968617002076445,0.008668005398752503,0.0,-0.007938356117894766,0.0,0.006508551730032687,0.0022857775900001435,-0.006822960823752426,0.0,-0.012703994051777143,0.0,-0.007414023249083161,-0.00026916823154657556,0.0,0.0,0.0,0.0,0.0,0.0,0.0,0.0,0.0027417302973953292,0.0028152989000479666,0.0,0.0008486819583740711,0.0,0.0,0.0,-0.0003457067573944405,0.0015068685433991347,0.027664692548222986,0.010562435057286088,0.00012148244354781908,0.0,0.0,0.005443282113101623,0.005909309289012265,0.0026200895301579192,0.0,0.001545597298443441,-0.0004373783893821296,-0.0015593492878251442,0.0030907591362821377,0.0,0.0,-0.0003649840985449867,-0.001630121856706193,-0.000945705237118843,0.024714401155762213,-0.0010801404550587358,0.00213941852275055,0.0,0.0,-0.00021872922562264798,0.0,0.0,0.0,0.0,0.0,0.0,-0.0015891304869093984,0.0,0.0,0.0,0.0004748622097504096,0.00010157960452200423,0.00019973468141328931,0.0,0.0,0.0,0.0,0.0,0.0010825475414468263,0.0,0.0,0.0,0.0,0.0,0.0,0.0,-0.007772376239834447,-0.0007985447313203634,-0.005128369454193352,-0.003947463360303693,-0.0020696180702089078,-0.00140001283022894,0.0,0.0,-0.006345489281025013,0.0,0.0,0.0,0.0,0.0002193345377078792,0.0,0.0,0.0,0.0,0.0,0.0
2025-01-22,0.0,0.0,-5.903321057339014e-05,-0.005823748929439214,-0.009216228107200483,-0.0006253758123414973,0.0,-0.0005152988732495764,0.0,-6.145453124064334e-05,-0.0012968617002076445,0.008668005398752503,0.0,0.02346142747959653,0.0,0.021651608788895674,0.0022857775900001435,0.010391551520935561,0.0,-0.005405010884410037,0.0,0.0006785311818458424,-0.00026916823154657556,0.0,0.0,0.0,0.0,0.0,0.0,0.0,0.0,-0.006695553262079405,0.0026525112851902067,0.0,0.0008486819583740711,0.0,0.0,0.0,-0.0003457067573944405,0.0015068685433991347,0.02706769979927689,0.010639765528216527,0.00012148244354781908,0.0,0.0,0.006098638283313733,0.005001039940577089,0.002123497326513649,0.0,0.001545597298443441,1.3891977956462535e-05,-0.000614202190376962,0.0030907591362821377,0.0,0.0,-0.00022377893995455242,-0.001630121856706193,-0.000945705237118843,0.024714401155762213,-0.0010801404550587358,0.00213941852275055,0.0,0.0,-0.00021872922562264798,0.0,0.0,0.0,0.0,0.0,0.0,-0.0014981592650471207,0.0,0.0,0.0,0.0004748622097504096,0.00010157960452200423,-0.0002944388019479625,0.0,0.0,0.0,0.0,0.0,0.0010825475414468263,0.0,0.0,0.0,0.0,0.0,0.0,0.0,-0.007181618509894563,-0.0007985447313203634,-0.0052557542234428455,-0.003163794237792919,-0.0020696180702089078,-0.00140001283022894,0.0,0.0,-0.013906958474563148,0.0,0.0,0.0,0.0,0.0002193345377078792,0.0,0.0,0.0,0.0,0.0,0.0
2025-01-29,0.0,0.0,-5.903321057339014e-05,-0.0034120570762534823,-0.009216228107200483,-0.0006253758123414973,0.0,0.016489298295009596,0.0,-6.145453124064334e-05,-0.0015511757563607816,0.008668005398752503,0.0,0.02346142747959653,0.0,0.021651608788895674,-0.0003557335984437309,0.017777742323781598,0.0,0.009108898830348662,0.0,0.0006785311818458424,-0.00025733159842317274,0.0,0.0,0.0,0.0,0.0,0.0,0.0,0.0,-0.007016158861843194,0.002522776911117747,0.0,0.0008486819583740711,0.0,0.0,0.0,-0.0003457067573944405,0.0015068685433991347,0.02602369853114028,0.010708687071240881,0.00012148244354781908,0.0,0.0,0.006098638283313733,0.005001039940577089,0.002123497326513649,0.0,0.001545597298443441,1.3891977956462535e-05,-0.000614202190376962,0.0030907591362821377,0.0,0.0,-0.00022377893995455242,-0.001630121856706193,-0.000945705237118843,0.024005428129472747,0.002531305951444623,0.00213941852275055,0.0,0.0,-0.00021872922562264798,0.0,0.0,0.0,0.0,0.0,0.0,-0.0014981592650471207,0.0,0.0,0.0,0.0004748622097504096,0.00010157960452200423,-0.0002944388019479625,0.0,0.0,0.0,0.0,0.0,0.0010825475414468263,0.0,0.0,0.0,0.0,0.0,0.0,0.0,-0.007181618509894563,-0.0007985447313203634,-0.0052557542234428455,-0.003163794237792919,-0.0020696180702089078,-0.00140001283022894,0.0,0.0,-0.013591331730884245,0.0,0.0,0.0,0.0,0.0002193345377078792,0.0,0.0,0.0,0.0,0.0,0.0
2025-02-05,0.0,0.0,0.007203874224287723,-0.0034120570762534823,-0.009216228107200483,-0.0006117735718739943,0.0,0.016489298295009596,0.0,-6.145453124064334e-05,-0.0015511757563607816,0.008668005398752503,0.0,0.02346142747959653,0.0,0.02269451839196276,-0.0003557335984437309,-0.017472212249438446,0.0,0.03187602343804914,0.0,0.0006785311818458424,-0.00800560091740642,0.0,0.0,0.0,0.0,0.0,0.0,0.0,0.0,-0.007185130391908174,0.0026855645259755067,0.0,0.0008486819583740711,0.0,0.0,0.0,-0.0003457067573944405,0.0015068685433991347,0.02731868473434842,0.009910451628138542,0.00012148244354781908,0.0,0.0,-0.01145660688671219,0.0023468107202562387,0.005833067678447052,0.0,0.001545597298443441,1.3891977956462535e-05,-0.000614202190376962,0.0030907591362821377,0.0,0.0,-0.00022377893995455242,-0.001630121856706193,-0.000945705237118843,0.024005428129472747,0.0030667376644936597,0.00213941852275055,0.0,0.0,-0.00021872922562264798,0.0,0.0,0.0,0.0,0.0,0.0,-0.0014981592650471207,0.0,0.0,0.0,0.0004748622097504096,0.00010157960452200423,-0.00029210057166988233,0.0,0.0,0.0,0.0,0.0,0.0010825475414468263,0.0,0.0,0.0,0.0,0.0,0.0,0.0,-0.007667120105012739,-0.0007985447313203634,-0.005539750177952534,-0.0038388531898763405,-0.0020696180702089078,-0.00140001283022894,0.0,0.0,-0.017230949693534142,0.0,0.0,0.0,0.0,0.0002193345377078792,0.0,0.0,0.0,0.0,0.0,0.0
2025-02-12,0.0,0.0,-9.742758840024446e-05,-0.0034120570762534823,-0.009216228107200483,-0.0006117735718739943,0.0,0.016489298295009596,0.0,-0.0031623949518993525,-0.0015511757563607816,0.008668005398752503,0.0,-0.006403374226375477,0.0,0.02269451839196276,-0.0003557335984437309,0.008578355560153048,0.0,0.03187602343804914,0.0,0.0006785311818458424,-0.00800560091740642,0.0,0.0,0.0,0.0,0.0,0.0,0.0,0.0,-0.007185130391908174,0.002522776911117747,0.0,0.0008486819583740711,0.0,0.0,0.0,-0.0003457067573944405,0.0015068685433991347,0.02791567748329452,0.009971934324272931,0.00012148244354781908,0.0,0.0,-0.01145660688671219,0.0023468107202562387,0.005833067678447052,0.0,0.001545597298443441,1.3891977956462535e-05,-0.000614202190376962,0.0030907591362821377,0.0,0.0,-0.0003649840985449867,-0.001630121856706193,-0.000945705237118843,0.024005428129472747,0.0030667376644936597,0.00213941852275055,0.0,0.0,-0.00021872922562264798,0.0,0.0,0.0,0.0,0.0,0.0,-0.0015891304869093984,0.0,0.0,0.0,0.0004748622097504096,0.00010157960452200423,-0.00029210057166988233,0.0,0.0,0.0,0.0,0.0,0.0010825475414468263,0.0,0.0,0.0,0.0,0.0,0.0,0.0,-0.007181618509894563,-0.0007985447313203634,-0.005412365408703041,-0.0031985594208579185,-0.0020696180702089078,-0.00140001283022894,0.0,0.0,-0.018079766611236454,0.0,0.0,0.0,0.0,0.0002193345377078792,0.0,0.0,0.0,0.0,0.0,0.0
2025-02-19,0.0,0.0,-5.903321057339014e-05,-0.0034120570762534823,-0.009216228107200483,-0.0006117735718739943,0.0,-0.0005152988732495764,0.0,-0.0031623949518993525,-0.0015511757563607816,0.008809692885844628,0.0,-0.006403374226375477,0.0,0.02269451839196276,-0.0003557335984437309,-0.006304713326560158,0.0,0.03225151300141791,0.0,0.0006785311818458424,-0.00800560091740642,0.0,0.0,0.0,0.0,0.0,0.0,0.0,0.0,-0.006864524792144385,0.0028152989000479666,0.0,0.0008486819583740711,0.0,0.0,0.0,-0.0003457067573944405,0.0015068685433991347,0.02815056735610257,0.009894603853342492,0.00012148244354781908,0.0,0.0,-0.01145660688671219,0.0023468107202562387,0.005833067678447052,0.0,0.001545597298443441,1.3891977956462535e-05,-0.000614202190376962,0.0030907591362821377,0.0,0.0,-0.0003649840985449867,-0.001630121856706193,-0.000945705237118843,0.012963899722494558,0.0030667376644936597,0.00213941852275055,0.0,0.0,-0.00021872922562264798,0.0,0.0,0.0,0.0,0.0,0.0,-0.0015891304869093984,0.0,0.0,0.0,0.0004748622097504096,0.00010157960452200423,-0.00029210057166988233,0.0,0.0,0.0,0.0,0.0,0.0010825475414468263,0.0,0.0,0.0,0.0,0.0,0.0,0.0,-0.007667120105012739,-0.0007985447313203634,-0.005412365408703041,-0.0039105408666225165,-0.0020696180702089078,-0.00140001283022894,0.0,0.0,-0.015268218334027688,0.0,0.0,0.0,0.0,0.0002193345377078792,0.0,0.0,0.0,0.0,0.0,0.0
2025-02-26,0.0,0.0,-5.903321057339014e-05,0.00031807776400212084,-0.009216228107200483,-0.0006117735718739943,0.0,-0.0005152988732495764,0.0,-0.0031623949518993525,-0.0015511757563607816,0.008809692885844628,0.0,-0.006403374226375477,0.0,0.02269451839196276,-0.0003557335984437309,-0.017472212249438446,0.0,0.03225151300141791,0.0,0.0006785311818458424,-0.00800560091740642,0.0,0.0,0.0,0.0,0.0,0.0,0.0,0.0,-0.006864524792144385,0.0028152989000479666,0.0,0.0008486819583740711,0.0,0.0,0.0,-0.0003457067573944405,0.0015068685433991347,0.028028622524671504,0.009910451628138542,0.00012148244354781908,0.0,0.0,-0.01145660688671219,0.0023468107202562387,0.005833067678447052,0.0,0.001545597298443441,1.3891977956462535e-05,-0.000614202190376962,0.0030907591362821377,0.0,0.0,-0.0003649840985449867,-0.001630121856706193,-0.000945705237118843,0.004430408243236717,-0.0005447087420096994,0.00213941852275055,0.0,0.0,-0.00021872922562264798,0.0,0.0,0.0,0.0,0.0,0.0,-0.0024201282228600808,0.0,0.0,0.0,0.0004748622097504096,0.00010157960452200423,-0.00029210057166988233,0.0,0.0,0.0,0.0,0.0,0.0010825475414468263,0.0,0.0,0.0,0.0,0.0,0.0,0.0,-0.007667120105012739,-0.0007985447313203634,-0.005412365408703041,-0.004577260723803382,-0.0020696180702089078,-0.00140001283022894,0.0,0.0,-0.017802284583127846,0.0,0.0,0.0,0.0,0.0002193345377078792,0.0,0.0,0.0,0.0,0.0,0.0
2025-03-05,0.0,0.0,-5.903321057339014e-05,0.0028547835037713194,-0.009216228107200483,-0.0006117735718739943,0.0,-0.0005152988732495764,0.0,-0.0034020005061039683,-0.0015511757563607816,0.008809692885844628,0.0,-0.008923309568197658,0.0,0.02269451839196276,-0.0003557335984437309,-0.01966978008058717,0.0,0.03225151300141791,0.0,0.0006785311818458424,-0.008009025998815164,0.0,0.0,0.0,0.0,0.0,0.0,0.0,0.0,-0.006864524792144385,0.002850294712579152,0.0,0.0008486819583740711,0.0,0.0,0.0,-0.0003457067573944405,0.0015068685433991347,0.024309802036854577,0.009910451628138542,-0.0007710938258877364,0.0,0.0,-0.01145660688671219,-0.0027249537655527345,-0.0017148977933063897,0.0,-0.0021891437744154946,1.3891977956462535e-05,-0.000614202190376962,0.0008947410849583768,0.0,0.0,-0.0003649840985449867,-0.001630121856706193,-0.000945705237118843,-0.0007034731160352496,-0.0010801404550587358,0.00213941852275055,0.0,0.0,-0.00021872922562264798,0.0,0.0,0.0,0.0,0.0,0.0,-0.0024201282228600808,0.0,0.0,0.0,0.0004437983155385656,0.00010157960452200423,-0.00029210057166988233,0.0,0.0,0.0,0.0,0.0,0.0010825475414468263,0.0,0.0,0.0,0.0,0.0,0.0,0.0,-0.007667120105012739,-0.0007985447313203634,-0.005412365408703041,-0.004577260723803382,-0.0020696180702089078,-0.00140001283022894,0.0,0.0,-0.017802284583127846,0.0,0.0,0.0,0.0,0.0002193345377078792,0.0,0.0,0.0,0.0,0.0,0.0
2025-03-12,0.0,0.0,-5.903321057339014e-05,0.0028547835037713194,-0.009216228107200483,-0.0006117735718739943,0.0,-0.0005152988732495764,0.0,-0.0031623949518993525,-0.0015511757563607816,0.008809692885844628,0.0,-0.006403374226375477,0.0,0.02269451839196276,-0.0003557335984437309,-0.017907711548854635,0.0,0.03225151300141791,0.0,0.0006785311818458424,-0.008009025998815164,0.0,0.0,0.0,0.0,0.0,0.0,0.0,0.0,-0.006864524792144385,0.002850294712579152,0.0,0.0008486819583740711,0.0,0.0,0.0,-0.0003457067573944405,0.0015068685433991347,0.024309802036854577,0.009910451628138542,-0.0007710938258877364,0.0,0.0,-0.01145660688671219,-0.0027249537655527345,-0.0017148977933063897,0.0,-0.0021891437744154946,1.3891977956462535e-05,-0.000614202190376962,0.0008947410849583768,0.0,0.0,-0.0003649840985449867,-0.001630121856706193,-0.000945705237118843,-0.0007034731160352496,-0.0010801404550587358,0.00213941852275055,0.0,0.0,-0.00021872922562264798,0.0,0.0,0.0,0.0,0.0,0.0,-0.0024201282228600808,0.0,0.0,0.0,0.0004748622097504096,0.00010157960452200423,-0.00029210057166988233,0.0,0.0,0.0,0.0,0.0,0.0010825475414468263,0.0,0.0,0.0,0.0,0.0,0.0,0.0,-0.007667120105012739,-0.0007985447313203634,-0.005412365408703041,-0.004577260723803382,-0.0020696180702089078,-0.00140001283022894,0.0,0.0,-0.017802284583127846,0.0,0.0,0.0,0.0,0.0002193345377078792,0.0,0.0,0.0,0.0,0.0,0.0
2025-03-19,0.0,0.0,-5.903321057339014e-05,0.0028547835037713194,-0.00841319115744204,-0.0006117735718739943,0.0,-0.0005152988732495764,0.0,-0.0031623949518993525,-0.0015511757563607816,0.009148690997922787,0.0,-0.006403374226375477,0.0,0.02269451839196276,-0.0003557335984437309,-0.017907711548854635,0.0,0.03225151300141791,0.0,0.0006785311818458424,-0.008009025998815164,0.0,0.0,0.0,0.0,0.0,0.0,0.0,0.0,-0.006864524792144385,0.002850294712579152,0.0,0.0008486819583740711,0.0,0.0,0.0,-0.0003457067573944405,0.0015068685433991347,0.024309802036854577,0.009910451628138542,-0.0007710938258877364,0.0,0.0,-0.01145660688671219,-0.0027249537655527345,-0.0017148977933063897,0.0,-0.0021891437744154946,1.3891977956462535e-05,-0.000614202190376962,0.0008947410849583768,0.0,0.0,-0.0003649840985449867,-0.001630121856706193,-0.000945705237118843,-0.0020906179630318235,-0.0010801404550587358,0.00213941852275055,0.0,0.0,-0.00021872922562264798,0.0,0.0,0.0,0.0,0.0,0.0,-0.0024201282228600808,0.0,0.0,0.0,0.0004748622097504096,0.00010157960452200423,-0.00029210057166988233,0.0,0.0,0.0,0.0,0.0,0.0001601185356155493,0.0,0.0,0.0,0.0,0.0,0.0,0.0,-0.007667120105012739,-0.0007985447313203634,-0.005412365408703041,-0.004577260723803382,-0.0020696180702089078,-0.00140001283022894,0.0,0.0,-0.017802284583127846,0.0,0.0,0.0,0.0,0.0002193345377078792,0.0,0.0,0.0,0.0,0.0,0.0
2025-03-26,0.0,0.0,-5.903321057339014e-05,0.0028547835037713194,-0.00841319115744204,-0.0006117735718739943,0.0,-0.0005152988732495764,0.0,-0.0034020005061039683,-0.0015511757563607816,0.008569482122470558,0.0,-0.008923309568197658,0.0,0.02269451839196276,-0.0003557335984437309,-0.017907711548854635,0.0,0.03225151300141791,0.0,0.0006785311818458424,-0.008009025998815164,0.0,0.0,0.0,0.0,0.0,0.0,0.0,0.0,-0.006864524792144385,0.002850294712579152,0.0,-0.001262883381763492,0.0,0.0,0.0,-0.0003457067573944405,0.0015068685433991347,0.024309802036854577,0.009910451628138542,-0.0007710938258877364,0.0,0.0,-0.01145660688671219,-0.0027249537655527345,-0.0017148977933063897,0.0,-0.0021891437744154946,1.3891977956462535e-05,-0.000614202190376962,0.0008947410849583768,0.0,0.0,-0.0003649840985449867,-0.001630121856706193,-0.000945705237118843,-0.0020906179630318235,-0.0010801404550587358,0.00213941852275055,0.0,0.0,-0.00021872922562264798,0.0,0.0,0.0,0.0,0.0,0.0,-0.0024201282228600808,0.0,0.0,0.0,0.0004748622097504096,0.00010157960452200423,-0.00029210057166988233,0.0,0.0,0.0,0.0,0.0,0.0001601185356155493,0.0,0.0,0.0,0.0,0.0,0.0,0.0,-0.007667120105012739,-0.0007985447313203634,-0.005412365408703041,-0.004577260723803382,-0.0020696180702089078,-0.00140001283022894,0.0,0.0,-0.017802284583127846,0.0,0.0,0.0,0.0,0.0002193345377078792,0.0,0.0,0.0,0.0,0.0,0.0
2025-04-02,0.0,0.0,-5.903321057339014e-05,0.0028547835037713194,-0.00841319115744204,-0.0006117735718739943,0.0,-0.0005152988732495764,0.0,0.0019247467338684003,-0.0015511757563607816,0.008197563868737268,0.0,-0.005406735091893453,0.0,0.013326856363144908,-0.0003557335984437309,-0.017907711548854635,0.0,0.03225151300141791,0.0,0.0006785311818458424,-0.008009025998815164,0.0,0.0,0.0,0.0,0.0,0.0,0.0,0.0,-0.006864524792144385,0.002850294712579152,0.0,-0.001262883381763492,0.0,0.0,0.0,-0.0003457067573944405,0.0015068685433991347,0.026561891362742437,0.009910451628138542,0.00012148244354781908,0.0,0.0,-0.01145660688671219,-0.0027249537655527345,-0.0017148977933063897,0.0,-0.0034164757710318364,-0.0004373783893821296,-0.000614202190376962,0.0008947410849583768,0.0,0.0,-0.0003649840985449867,-0.001630121856706193,-0.000945705237118843,-0.0018378049894715546,-0.0010801404550587358,0.00213941852275055,0.0,0.0,-0.00021872922562264798,0.0,0.0,0.0,0.0,0.0,0.0,0.0052545624131400594,0.0,0.0,0.0,0.0004748622097504096,0.00010157960452200423,-0.00029210057166988233,0.0,0.0,0.0,0.0,0.0,0.0001601185356155493,0.0,0.0,0.0,0.0,0.0,0.0,0.0,-0.007772376239834447,-0.0007985447313203634,-0.005412365408703041,-0.004577260723803382,-0.0020696180702089078,-0.00140001283022894,0.0,0.0,-0.02116801277327089,0.0,0.0,0.0,0.0,0.0002193345377078792,0.0,0.0,0.0,0.0,0.0,0.0
2025-04-09,0.0,0.0,-5.903321057339014e-05,0.00416201112390169,-0.00841319115744204,-0.0006117735718739943,0.0,-0.0005152988732495764,0.0,-0.0016009474896354875,-0.0015511757563607816,0.008197563868737268,0.0,0.021007630018142213,0.0,0.017115173683940024,0.0022857775900001435,0.004136653876172531,0.0,0.03225151300141791,0.0,0.0006785311818458424,-0.006806124473470844,0.0,0.0,0.0,0.0,0.0,0.0,0.0,0.0,-0.006864524792144385,0.002850294712579152,0.0,-0.001262883381763492,0.0,0.0,0.0,-0.0003457067573944405,0.0015068685433991347,0.02596489861379634,0.009971934324272931,0.00012148244354781908,0.0,0.0,-0.010584604162729265,-0.0027249537655527345,-0.0017148977933063897,0.0,0.0001291313768838724,1.3891977956462535e-05,-0.000614202190376962,0.0008947410849583768,0.0,0.0,-0.00022377893995455242,-0.001630121856706193,-0.000945705237118843,-0.0018378049894715546,-0.0010801404550587358,1.450796927253241e-05,0.0,0.0,-0.00021872922562264798,0.0,0.0,0.0,0.0,0.0,0.0,0.005059507000498419,0.0,0.0,0.0,0.0004748622097504096,0.00010157960452200423,-0.00029210057166988233,0.0,0.0,0.0,0.0,0.0,0.0001601185356155493,0.0,0.0,0.0,0.0,0.0,0.0,0.0,-0.007181618509894563,-0.0007985447313203634,-0.005539750177952534,-0.0037935916012926075,-0.0020696180702089078,-0.00140001283022894,0.0,0.0,0.0020719921068142635,0.0,0.0,0.0,0.0,0.0002193345377078792,0.0,0.0,0.0,0.0,0.0,0.0
2025-04-16,0.0,0.0,-5.903321057339014e-05,0.0028547835037713194,-0.009584743536965082,-0.0006117735718739943,0.0,-0.0005152988732495764,0.0,-0.0016009474896354875,-0.0015511757563607816,-0.0010374263981153655,0.0,0.021281970968467,0.0,0.016010594354292307,-0.0003557335984437309,-0.017096044512810864,0.0,0.03225151300141791,0.0,0.0006785311818458424,-0.006806124473470844,0.0,0.0,0.0,0.0,0.0,0.0,0.0,0.0,-0.006864524792144385,0.0028071227342356384,0.0,-0.001262883381763492,0.0,0.0,0.0,-0.0003457067573944405,0.0015068685433991347,0.02596489861379634,0.009910451628138542,0.00012148244354781908,0.0,0.0,-0.010584604162729265,-0.0027249537655527345,-0.0017148977933063897,0.0,0.0001291313768838724,-0.0004373783893821296,-0.000614202190376962,0.0008947410849583768,0.0,0.0,-0.00022377893995455242,-0.001630121856706193,-0.000945705237118843,-0.0020906179630318235,-0.0010801404550587358,1.450796927253241e-05,0.0,0.0,-0.00021872922562264798,0.0,0.0,0.0,0.0,0.0,0.0,-0.002599740299420561,0.0,0.0,0.0,0.0004748622097504096,0.00010157960452200423,-0.00029210057166988233,0.0,0.0,0.0,0.0,0.0,0.0010825475414468263,0.0,0.0,0.0,0.0,0.0,0.0,0.0,-0.007667120105012739,-0.0007985447313203634,-0.005539750177952534,-0.004505573047057206,-0.0020696180702089078,-0.00140001283022894,0.0,0.0,0.001183467134629049,0.0,0.0,0.0,0.0,0.0002193345377078792,0.0,0.0,0.0,0.0,0.0,0.0
2025-04-23,0.0,0.0,-5.903321057339014e-05,0.0024679655236350823,-0.009584743536965082,-0.0006253758123414973,0.0,-0.0005152988732495764,0.0,-0.0005669456665682419,-0.004366286315900272,-0.00045821752266313794,0.0,-0.007938356117894766,0.0,-0.016575627088959065,-0.0003557335984437309,-0.0188581130445434,0.0,0.01107448546832329,0.0,0.0006785311818458424,-0.006806124473470844,0.0,0.0,0.0,0.0,0.0,0.0,0.0,0.0,-0.006864524792144385,0.0028071227342356384,0.0,0.0008486819583740711,0.0,0.0,0.0,-0.0003457067573944405,0.0015068685433991347,0.02710667692076301,0.009910451628138542,0.00012148244354781908,0.0,0.0,-0.008665440261456336,-0.0030573341337667816,-0.0017148977933063897,0.0,0.0001291313768838724,-0.0004373783893821296,-0.000614202190376962,0.0008947410849583768,0.0,0.0,-0.0003649840985449867,-0.001630121856706193,-0.000945705237118843,-0.0020906179630318235,-0.0010801404550587358,-0.0015151843717852206,0.0,0.0,-0.00021872922562264798,0.0,0.0,0.0,0.0,0.0,0.0,-0.0026907115212828387,0.0,0.0,0.0,0.0004437983155385656,0.00010157960452200423,-0.0002944388019479625,0.0,0.0,0.0,0.0,0.0,0.0010825475414468263,0.0,0.0,0.0,0.0,0.0,0.0,0.0,-0.007772376239834447,-0.0007985447313203634,-0.005412365408703041,-0.004614183217484559,-0.0020696180702089078,-0.00140001283022894,0.0,0.0,0.0003945827035124463,0.0,0.0,0.0,0.0,0.0002193345377078792,0.0,0.0,0.0,0.0,0.0,0.0
2025-04-30,0.0,0.0,-5.903321057339014e-05,0.0028547835037713194,-0.00841319115744204,-0.0006117735718739943,0.0,-0.0005152988732495764,0.0,-0.0005669456665682419,-0.004366286315900272,0.009148690997922787,0.0,-0.007938356117894766,0.0,-0.008299050551717225,-0.0003557335984437309,-0.0188581130445434,0.0,0.03384161007602377,0.0,0.0006785311818458424,-0.006806124473470844,0.0,0.0,0.0,0.0,0.0,0.0,0.0,0.0,-0.006864524792144385,0.002850294712579152,0.0,0.0008486819583740711,0.0,0.0,0.0,-0.0003457067573944405,0.0015068685433991347,0.02710667692076301,0.009910451628138542,0.00012148244354781908,0.0,0.0,-0.009454553166457873,-0.0030573341337667816,-0.0017148977933063897,0.0,0.0001291313768838724,-0.0004373783893821296,-0.000614202190376962,0.0008947410849583768,0.0,0.0,-0.0003649840985449867,-0.001630121856706193,-0.000945705237118843,-0.0020906179630318235,-0.0010801404550587358,-0.0015151843717852206,0.0,0.0,-0.00021872922562264798,0.0,0.0,0.0,0.0,0.0,0.0,-0.0024201282228600808,0.0,0.0,0.0,0.0004437983155385656,0.00010157960452200423,-0.00029210057166988233,0.0,0.0,0.0,0.0,0.0,0.0001601185356155493,0.0,0.0,0.0,0.0,0.0,0.0,0.0,-0.007772376239834447,-0.0007985447313203634,-0.005412365408703041,-0.004577260723803382,-0.0020696180702089078,-0.00140001283022894,0.0,0.0,0.001183467134629049,0.0,0.0,0.0,0.0,0.0002193345377078792,0.0,0.0,0.0,0.0,0.0,0.0
2025-05-07,0.0,0.0,-5.903321057339014e-05,0.0028547835037713194,0.009124399763929416,-0.0006117735718739943,0.0,-0.0005152988732495764,0.0,-0.0003908096531373426,-0.004050118437102538,0.008349570660382263,0.0,0.021281970968467,0.0,0.017326613278629346,0.0022857775900001435,0.009852904168068074,0.0,0.03384161007602377,0.0,0.0005568514130611802,-0.006806124473470844,0.0,0.0,0.0,0.0,0.0,0.0,0.0,0.0,-0.006177354479251609,0.002687507097721392,0.0,0.0008486819583740711,0.0,0.0,0.0,-0.0003457067573944405,0.0015068685433991347,0.02596489861379634,0.009003248280571027,0.00012148244354781908,0.0,0.0,-0.010584604162729265,-0.0027249537655527345,-0.0015384388160891054,0.0,-0.00278205466871578,-0.00016906275060223378,-0.0040652905495978595,0.0008947410849583768,0.0,0.0,-0.00022377893995455242,-0.001630121856706193,-0.000945705237118843,-0.0020906179630318235,-0.0010801404550587358,-0.0015151843717852206,0.0,0.0,-0.00021872922562264798,0.0,0.0,0.0,0.0,0.0,0.0,-0.0023291570009978035,0.0,0.0,0.0,-0.01799449663349985,0.00010157960452200423,0.002304651142770291,0.0,0.0,0.0,0.0,0.0,-0.0003363226569127544,0.0,0.0,0.0,0.0,0.0,0.0,0.0,-0.007181618509894563,-0.00016707965874423775,-0.005539750177952534,-0.0037935916012926075,-0.0020696180702089078,-0.001124183608671078,0.0,0.0,0.0012992022547413141,0.0,0.0,0.0,0.0,-0.002249947838422761,0.0,0.0,0.0,0.0,0.0,0.0
2025-05-14,0.0,0.0,-5.903321057339014e-05,0.0028547835037713194,0.009124399763929416,-0.0006117735718739943,0.0,-0.0005152988732495764,0.0,-0.0003908096531373426,-0.004050118437102538,0.008349570660382263,0.0,0.0065424478957281755,0.0,0.0025529906002780245,-0.0003557335984437309,0.010371151665260342,0.0,0.03384161007602377,0.0,0.0005568514130611802,-0.008009025998815164,0.0,0.0,0.0,0.0,0.0,0.0,0.0,0.0,-0.006177354479251609,0.002687507097721392,0.0,0.0008486819583740711,0.0,0.0,0.0,-0.0003457067573944405,0.0015068685433991347,0.027229817456292604,0.009003248280571027,0.00012148244354781908,0.0,0.0,-0.01145660688671219,-0.0030573341337667816,-0.0015384388160891054,0.0,-0.0021891437744154946,0.005322812474556107,-0.0040652905495978595,0.0008947410849583768,0.0,0.0,-0.00022377893995455242,-0.001630121856706193,-0.000945705237118843,-0.0020906179630318235,-0.0010801404550587358,-0.0015151843717852206,0.0,0.0,-0.00021872922562264798,0.0,0.0,0.0,0.0,0.0,0.0,-0.0024201282228600808,0.0,0.0,0.0,-0.01799449663349985,0.00010157960452200423,0.002304651142770291,0.0,0.0,0.0,0.0,0.0,-0.0003363226569127544,0.0,0.0,0.0,0.0,0.0,0.0,0.0,-0.00728687464471627,-0.00016707965874423775,-0.005412365408703041,-0.0037935916012926075,-0.0020696180702089078,-0.001124183608671078,0.0,0.0,-0.01650400650319951,0.0,0.0,0.0,0.0,-0.002249947838422761,0.0,0.0,0.0,0.0,0.0,0.0
2025-05-21,0.0,0.0,-5.903321057339014e-05,0.0028547835037713194,0.004010715461480733,-0.0006117735718739943,0.0,0.00866354090236443,0.0,-0.0005669456665682419,-0.004050118437102538,0.008349570660382263,0.0,-0.007938356117894766,0.0,-0.007723810072553706,-0.0003557335984437309,-0.0069981643630969296,0.0,0.03384161007602377,0.0,0.0005568514130611802,-0.008009025998815164,0.0,0.0,0.0,0.0,0.0,0.0,0.0,0.0,-0.006497960079015398,0.002720560338506692,0.0,0.0008486819583740711,0.0,0.0,0.0,-0.0003457067573944405,0.0015068685433991347,0.02710667692076301,0.008925917809640587,0.00012148244354781908,0.0,0.0,-0.010326555890440797,-0.0030573341337667816,-0.0017148977933063897,0.0,-0.0021891437744154946,0.005322812474556107,-0.0040652905495978595,0.0008947410849583768,0.0,0.0,-0.0003649840985449867,-0.001630121856706193,-0.000945705237118843,-0.0020906179630318235,-0.0010801404550587358,-0.0015151843717852206,0.0,0.0,-0.00021872922562264798,0.0,0.0,0.0,0.0,0.0,0.0,-0.0024201282228600808,0.0,0.0,0.0,-0.01799449663349985,0.00010157960452200423,0.002304651142770291,0.0,0.0,0.0,0.0,0.0,0.0001601185356155493,0.0,0.0,0.0,0.0,0.0,0.0,0.0,-0.007772376239834447,-0.00016707965874423775,-0.005412365408703041,-0.004577260723803382,-0.0020696180702089078,-0.00140001283022894,0.0,0.0,-0.01650400650319951,0.0,0.0,0.0,0.0,-0.002249947838422761,0.0,0.0,0.0,0.0,0.0,0.0
2025-05-28,0.0,0.0,-5.903321057339014e-05,0.0028547835037713194,0.009124399763929416,-0.0006117735718739943,0.0,-0.0005152988732495764,0.0,-0.0005669456665682419,-0.004050118437102538,0.008349570660382263,0.0,-0.007938356117894766,0.0,-0.007723810072553706,-0.0003557335984437309,0.007884904523616277,0.0,0.03384161007602377,0.0,0.0005568514130611802,-0.008009025998815164,0.0,0.0,0.0,0.0,0.0,0.0,0.0,0.0,-0.006177354479251609,0.002687507097721392,0.0,0.0008486819583740711,0.0,0.0,0.0,-0.0003457067573944405,0.0015068685433991347,0.02710667692076301,0.009003248280571027,0.00012148244354781908,0.0,0.0,-0.010326555890440797,-0.0030573341337667816,-0.0017148977933063897,0.0,-0.0021891437744154946,0.005322812474556107,-0.0040652905495978595,0.0008947410849583768,0.0,0.0,-0.0003649840985449867,-0.001630121856706193,-0.000945705237118843,-0.0020906179630318235,-0.0010801404550587358,-0.0015151843717852206,0.0,0.0,-0.00021872922562264798,0.0,0.0,0.0,0.0,0.0,0.0,-0.0024201282228600808,0.0,0.0,0.0,-0.01799449663349985,0.00010157960452200423,0.002304651142770291,0.0,0.0,0.0,0.0,0.0,-0.0003363226569127544,0.0,0.0,0.0,0.0,0.0,0.0,0.0,-0.00728687464471627,-0.00016707965874423775,-0.005412365408703041,-0.003865279278038784,-0.0020696180702089078,-0.001124183608671078,0.0,0.0,-0.01650400650319951,0.0,0.0,0.0,0.0,-0.002249947838422761,0.0,0.0,0.0,0.0,0.0,0.0
2025-06-04,0.0,0.0,-5.903321057339014e-05,0.0028758121087480984,0.009124399763929416,-0.0006117735718739943,0.0,-0.0005210442369411846,0.0,-0.002248871783936234,-0.004050118437102538,0.008349570660382263,0.0,0.02336648657134173,0.0,0.0024090972645474085,0.0022857775900001435,0.017179735667626327,0.0,0.03384161007602377,0.0,0.0005568514130611802,-0.009256485835182515,0.0,0.0,0.0,0.0,0.0,0.0,0.0,0.0,-0.006864524792144385,0.002687507097721392,0.0,0.0008486819583740711,0.0,0.0,0.0,-0.0003457067573944405,-0.001421938472333483,-0.03483646931556225,0.009428524258302986,-0.0006047987233532,0.0,0.0,-0.01145660688671219,-0.0030573341337667816,-0.0015384388160891054,0.0,-0.002255420000865616,-0.0004373783893821296,-0.000990154705236457,-0.005016628397703431,0.0,0.0,-0.00022377893995455242,-0.001630121856706193,-0.000945705237118843,-0.0020906179630318235,-0.0010801404550587358,-0.0015151843717852206,0.0,0.0,-0.00021872922562264798,0.0,0.0,0.0,0.0,0.0,0.0,-0.0023291570009978035,0.0,0.0,0.0,-0.01799449663349985,0.00010157960452200423,-0.00029210057166988233,0.0,0.0,0.0,0.0,0.0,-0.0003363226569127544,0.0,0.0,0.0,0.0,0.0,0.0,0.0,-0.006751350930330996,-0.00016707965874423775,-0.005539750177952534,-0.0007499841540769843,0.0007673212797205669,-0.001124183608671078,0.0,0.0,-0.015583845077706594,0.0,0.0,0.0,0.0,0.0002193345377078792,0.0,0.0,0.0,0.0,0.0,0.0
2025-06-11,0.0,0.0,-5.903321057339014e-05,0.0028758121087480984,0.009124399763929416,-0.0006117735718739943,0.0,-0.0005210442369411846,0.0,-0.005349812204594943,-0.004050118437102538,0.008010572548304104,0.0,0.00244454741005563,0.0,-0.008134348655592287,-0.0003557335984437309,0.009026891062552443,0.0,0.03384161007602377,0.0,0.0005568514130611802,-0.008053584309838196,0.0,0.0,0.0,0.0,0.0,0.0,0.0,0.0,-0.006864524792144385,0.002687507097721392,0.0,0.0008486819583740711,0.0,0.0,0.0,-0.0003457067573944405,-0.001421938472333483,-0.0329562214018457,0.009428524258302986,-0.0006047987233532,0.0,0.0,-0.009454553166457873,-0.0030573341337667816,-0.0015384388160891054,0.0,-0.0028483308951659015,-0.0004373783893821296,-0.000990154705236457,-0.005016628397703431,0.0,0.0,-0.00022377893995455242,-0.001630121856706193,-0.000945705237118843,-0.0007034731160352496,-0.0010801404550587358,-0.0015151843717852206,0.0,0.0,-0.00021872922562264798,0.0,0.0,0.0,0.0,0.0,0.0,-0.0024201282228600808,0.0,0.0,0.0,-0.01799449663349985,4.4767309748887306e-05,-0.00029210057166988233,0.0,0.0,0.0,0.0,0.0,-0.0003363226569127544,0.0,0.0,0.0,0.0,0.0,0.0,0.0,0.00663132834161652,-0.00016707965874423775,-0.005412365408703041,-0.0007499841540769843,0.00029968006318442886,-0.001124183608671078,0.0,0.0,0.00037904082924839985,0.0,0.0,0.0,0.0,0.0002193345377078792,0.0,0.0,0.0,0.0,0.0,0.0
2025-06-18,0.0,0.0,-5.903321057339014e-05,0.002488994128611862,0.009124399763929416,-0.0006117735718739943,0.0,-0.0005210442369411846,0.0,-0.005589417758799559,-0.004050118437102538,0.008010572548304104,0.0,-0.008868883317142518,0.0,-0.016410925192834123,-0.0003557335984437309,-0.006098185804265179,0.0,0.03384161007602377,0.0,0.0005568514130611802,-0.008053584309838196,0.0,0.0,0.0,0.0,0.0,0.0,0.0,0.0,-0.006864524792144385,0.002850294712579152,0.0,0.0008486819583740711,0.0,0.0,0.0,-0.0003457067573944405,-0.001421938472333483,-0.0329562214018457,0.009351193787372546,-0.0006047987233532,0.0,0.0,-0.009454553166457873,-0.0030573341337667816,-0.0017148977933063897,0.0,-0.0028483308951659015,-0.0004373783893821296,-0.000990154705236457,-0.005016628397703431,0.0,0.0,-0.0003649840985449867,-0.001630121856706193,-0.000945705237118843,-0.0007034731160352496,-0.0010801404550587358,-0.0015151843717852206,0.0,0.0,-0.00021872922562264798,0.0,0.0,0.0,0.0,0.0,0.0,-0.0024201282228600808,0.0,0.0,0.0,-0.01799449663349985,4.4767309748887306e-05,-0.00029210057166988233,0.0,0.0,0.0,0.0,0.0,-0.0003363226569127544,0.0,0.0,0.0,0.0,0.0,0.0,0.0,0.008390065908037992,-0.00016707965874423775,-0.005412365408703041,-0.0013842861172778155,0.00029968006318442886,-0.001124183608671078,0.0,0.0,0.00037904082924839985,0.0,0.0,0.0,0.0,0.0002193345377078792,0.0,0.0,0.0,0.0,0.0,0.0
2025-06-25,0.0,0.0,-5.903321057339014e-05,0.0027253874076658023,0.011360976431581113,-0.0006117735718739943,0.0,-0.0005210442369411846,0.0,-0.005349812204594943,-0.004050118437102538,0.008010572548304104,0.0,-0.006348947975320336,0.0,-0.008134348655592287,0.0022857775900001435,0.009026891062552443,0.0,0.03384161007602377,0.0,0.0005568514130611802,-0.008053584309838196,0.0,0.0,0.0,0.0,0.0,0.0,0.0,0.0,-0.006864524792144385,0.002687507097721392,0.0,0.0008486819583740711,0.0,0.0,0.0,-0.0003457067573944405,-0.001421938472333483,-0.0329562214018457,0.009428524258302986,-0.0006047987233532,0.0,0.0,-0.009454553166457873,-0.0030573341337667816,-0.0015384388160891054,0.0,-0.0028483308951659015,-0.0004373783893821296,-0.000990154705236457,-0.005016628397703431,0.0,0.0,-0.0003649840985449867,-0.001630121856706193,-0.000945705237118843,0.004074223269725976,-0.0010801404550587358,-0.0015151843717852206,0.0,0.0,-0.00021872922562264798,0.0,0.0,0.0,0.0,0.0,0.0,-0.0024201282228600808,0.0,0.0,0.0,-0.01799449663349985,4.4767309748887306e-05,-0.00029210057166988233,0.0,0.0,0.0,0.0,0.0,0.003625719966328663,0.0,0.0,0.0,0.0,0.0,0.0,0.0,0.00663132834161652,-0.00016707965874423775,-0.005412365408703041,-0.0006723046715132174,0.00029968006318442886,-0.001124183608671078,0.0,0.0,0.0012992022547413141,0.0,0.0,0.0,0.0,0.0002193345377078792,0.0,0.0,0.0,0.0,0.0,0.0
2025-07-02,0.0,0.0,-5.903321057339014e-05,0.0027253874076658023,0.009920904455379603,-0.0006117735718739943,0.0,-0.0005210442369411846,0.0,-0.002248871783936234,-0.004050118437102538,0.008010572548304104,0.0,0.02262236684133715,0.0,0.0024028023039338697,0.0022857775900001435,0.016153009774299096,0.0,0.03455480400863912,0.0,0.0005568514130611802,0.010505678139621952,0.0,0.0,0.0,0.0,0.0,0.0,0.0,0.0,-0.006177354479251609,0.002687507097721392,0.0,0.0008486819583740711,0.0,0.0,0.0,-0.0003457067573944405,0.00033161815962547673,-0.05813602755534155,0.010942763295810934,-0.0006047987233532,0.0,0.0,-0.01145660688671219,-0.0026841398884155663,-0.0015384388160891054,0.0,-0.002255420000865616,-0.0004373783893821296,-0.0037698926018761287,-0.005016628397703431,0.0,0.0,-0.00022377893995455242,-0.001630121856706193,-0.000945705237118843,0.012607714748983818,-0.0010801404550587358,-0.0015151843717852206,0.0,0.0,-0.00021872922562264798,0.0,0.0,0.0,0.0,0.0,0.0,-0.0014981592650471207,0.0,0.0,0.0,-0.01799449663349985,4.4767309748887306e-05,0.002304651142770291,0.0,0.0,0.0,0.0,0.0,0.003625719966328663,0.0,0.0,0.0,0.0,0.0,0.0,0.0,0.00663132834161652,-0.0006325153932751458,-0.005539750177952534,-0.003126871744111742,0.00029968006318442886,-0.001124183608671078,0.0,0.0,-0.013832387405521777,0.0,0.0,0.0,0.0,0.0002193345377078792,0.0,0.0,0.0,0.0,0.0,0.0
2025-07-09,0.0,0.0,-5.903321057339014e-05,0.0027253874076658023,0.009920904455379603,-0.0006117735718739943,0.0,-0.0005210442369411846,0.0,-0.002248871783936234,-0.004050118437102538,0.008010572548304104,0.0,0.008943829865527761,0.0,0.0024028023039338697,-0.0003557335984437309,0.01563476227710683,0.0,0.03455480400863912,0.0,0.0005568514130611802,0.00992214293158258,0.0,0.0,0.0,0.0,0.0,0.0,0.0,0.0,-0.006177354479251609,0.002687507097721392,0.0,0.0008486819583740711,0.0,0.0,0.0,-0.0003457067573944405,0.00033161815962547673,-0.056478048709466024,0.010942763295810934,-0.0006047987233532,0.0,0.0,-0.010584604162729265,-0.0026841398884155663,-0.0015384388160891054,0.0,-0.0028483308951659015,-0.0004373783893821296,-0.0037698926018761287,-0.005016628397703431,0.0,0.0,-0.00022377893995455242,-0.001630121856706193,-0.000945705237118843,0.012607714748983818,-0.0010801404550587358,-0.0015151843717852206,0.0,0.0,-0.00021872922562264798,0.0,0.0,0.0,0.0,0.0,0.0,-0.0015891304869093984,0.0,0.0,0.0,-0.01799449663349985,4.4767309748887306e-05,0.002304651142770291,0.0,0.0,0.0,0.0,0.0,0.003625719966328663,0.0,0.0,0.0,0.0,0.0,0.0,0.0,0.00663132834161652,-0.0006325153932751458,-0.005412365408703041,-0.003126871744111742,0.00029968006318442886,-0.001124183608671078,0.0,0.0,0.0003440617680495222,0.0,0.0,0.0,0.0,0.0002193345377078792,0.0,0.0,0.0,0.0,0.0,0.0
2025-07-16,0.0,0.0,-5.903321057339014e-05,0.0027253874076658023,0.009920904455379603,-0.0006117735718739943,0.0,-0.0005210442369411846,0.0,-0.002248871783936234,-0.004050118437102538,0.00786888506121198,0.0,0.02262236684133715,0.0,0.007571533199516604,-0.0003557335984437309,0.016153009774299096,0.0,0.03417931444527035,0.0,0.0005568514130611802,0.010505678139621952,0.0,0.0,0.0,0.0,0.0,0.0,0.0,0.0,-0.006177354479251609,0.002687507097721392,0.0,0.0008486819583740711,0.0,0.0,0.0,-0.0003457067573944405,0.00033161815962547673,-0.06004808714523951,0.010942763295810934,-0.0006047987233532,0.0,0.0,-0.01145660688671219,-0.0026841398884155663,-0.0015384388160891054,0.0,-0.002255420000865616,-0.0004373783893821296,-0.0037698926018761287,-0.005016628397703431,0.0,0.0,-0.00022377893995455242,-0.001630121856706193,-0.000945705237118843,0.023649243155962008,-0.0010801404550587358,-0.0015151843717852206,0.0,0.0,-0.00021872922562264798,0.0,0.0,0.0,0.0,0.0,0.0,-0.0014981592650471207,0.0,0.0,0.0,-0.01799449663349985,4.4767309748887306e-05,0.002304651142770291,0.0,0.0,0.0,0.0,0.0,0.003625719966328663,0.0,0.0,0.0,0.0,0.0,0.0,0.0,0.00663132834161652,-0.0006325153932751458,-0.005539750177952534,-0.003126871744111742,0.00029968006318442886,-0.001124183608671078,0.0,0.0,-0.014752548831014692,0.0,0.0,0.0,0.0,0.0002193345377078792,0.0,0.0,0.0,0.0,0.0,0.0
2025-07-23,0.0,0.0,-5.903321057339014e-05,0.004123921563629035,0.0076843277877279076,-0.0006117735718739943,0.0,-0.0005210442369411846,0.0,-0.0002626705188271902,-0.004050118437102538,0.00786888506121198,0.0,-0.005196495317402533,0.0,-0.0031765424040888692,-0.0003557335984437309,0.016153009774299096,0.0,0.03417931444527035,0.0,0.0005568514130611802,0.014674509656688468,0.0,0.0,0.0,0.0,0.0,0.0,0.0,0.0,-0.006177354479251609,0.002687507097721392,0.0,0.0008486819583740711,0.0,0.0,0.0,-0.0003457067573944405,0.00033161815962547673,-0.056478048709466024,0.010942763295810934,-0.0006047987233532,0.0,0.0,-0.01145660688671219,-0.0026841398884155663,-0.0015384388160891054,0.0,-0.002255420000865616,-0.0004373783893821296,-0.0037698926018761287,-0.005016628397703431,0.0,0.0,-0.0003649840985449867,-0.001630121856706193,-0.000945705237118843,0.023649243155962008,-0.0010801404550587358,-0.0015151843717852206,0.0,0.0,-0.00021872922562264798,0.0,0.0,0.0,0.0,0.0,0.0,-0.0015891304869093984,0.0,0.0,0.0,-0.01799449663349985,4.4767309748887306e-05,0.002304651142770291,0.0,0.0,0.0,0.0,0.0,-0.0003363226569127544,0.0,0.0,0.0,0.0,0.0,0.0,0.0,0.00663132834161652,-0.0006325153932751458,-0.005412365408703041,-0.0031985594208579185,0.00029968006318442886,-0.001124183608671078,0.0,0.0,-0.014752548831014692,0.0,0.0,0.0,0.0,0.0002193345377078792,0.0,0.0,0.0,0.0,0.0,0.0
2025-07-30,0.0,0.0,-5.903321057339014e-05,0.002816693943498664,0.009124399763929416,-0.0006117735718739943,0.0,-0.0005210442369411846,0.0,-0.0002626705188271902,-0.004050118437102538,0.008355970502550951,0.0,-0.0004071953062009918,0.0,0.023307116944749403,0.0022857775900001435,0.01563476227710683,0.0,0.03417931444527035,0.0,0.0005568514130611802,0.028076810585462568,0.0,0.0,0.0,0.0,0.0,0.0,0.0,0.0,-0.006177354479251609,0.002687507097721392,0.0,0.0008486819583740711,0.0,0.0,0.0,-0.0003457067573944405,0.00033161815962547673,-0.05839010829936398,0.010942763295810934,-0.0006047987233532,0.0,0.0,-0.009369713116244398,-0.002351759520201519,-0.0015384388160891054,0.0,-0.0028483308951659015,1.3891977956462535e-05,-0.0037698926018761287,-0.005016628397703431,0.0,0.0,-0.00022377893995455242,-0.001630121856706193,-0.000945705237118843,0.023649243155962008,0.002531305951444623,-0.0015151843717852206,0.0,0.0,-0.00021872922562264798,0.0,0.0,0.0,0.0,0.0,0.0,-0.0015891304869093984,0.0,0.0,0.0,-0.01799449663349985,4.4767309748887306e-05,0.002304651142770291,0.0,0.0,0.0,0.0,0.0,-0.0003363226569127544,0.0,0.0,0.0,0.0,0.0,0.0,0.0,0.008168264342753301,-0.00016707965874423775,-0.005412365408703041,-0.0031985594208579185,0.00029968006318442886,-0.001124183608671078,0.0,0.0,0.0025000113627142557,0.0,0.0,0.0,0.0,0.0002193345377078792,0.0,0.0,0.0,0.0,0.0,0.0
2025-08-06,0.0,0.0,-5.903321057339014e-05,0.002816693943498664,0.00809085714584907,-0.0006117735718739943,0.0,-0.0005210442369411846,0.0,0.00192594678663112,-0.004366286315900272,0.008355970502550951,0.0,0.021281970968467,0.0,0.02304676665805498,0.0022857775900001435,0.01587416011494389,0.0,0.03324343777288221,0.0,0.0006785311818458424,0.026165603170718692,0.0,0.0,0.0,0.0,0.0,0.0,0.0,0.0,-0.006864524792144385,0.002687507097721392,0.0,0.0008486819583740711,0.0,0.0,0.0,-0.0003457067573944405,0.00033161815962547673,-0.03860587676954703,-0.03432246562537166,-0.0006047987233532,0.0,0.0,-0.008367684337524155,-0.002351759520201519,-0.0010419749905076958,0.0,-0.0005186907289465039,1.3891977956462535e-05,-0.00023507456372678232,0.0030907591362821377,0.0,0.0,-0.00022377893995455242,-0.0008751603981638688,-0.000945705237118843,0.023649243155962008,0.0041096584727292355,0.00213941852275055,0.0,0.0,-0.00021872922562264798,0.0,0.0,0.0,0.0,0.0,0.0,-0.0014981592650471207,0.0,0.0,0.0,0.00037068471517366414,4.4767309748887306e-05,-0.00029210057166988233,0.0,0.0,0.0,0.0,0.0,-0.0003363226569127544,0.0,0.0,0.0,0.0,0.0,0.0,0.0,0.008168264342753301,-0.00016707965874423775,-0.005539750177952534,-0.003126871744111742,0.00029968006318442886,-0.001124183608671078,0.0,0.0,0.0025000113627142557,0.0,0.0,0.0,0.0,-9.77504497192612e-06,0.0,0.0,0.0,0.0,0.0,0.0
2025-08-13,0.0,0.0,-5.903321057339014e-05,0.002816693943498664,0.00809085714584907,-0.0006117735718739943,0.0,-0.0005210442369411846,0.0,0.00192594678663112,-0.004366286315900272,0.008355970502550951,0.0,0.01344436242266611,0.0,0.02304676665805498,-0.0003557335984437309,0.016392407612136155,0.0,0.03324343777288221,0.0,0.0006785311818458424,0.026749138378758065,0.0,0.0,0.0,0.0,0.0,0.0,0.0,0.0,-0.006864524792144385,0.002687507097721392,0.0,0.0008486819583740711,0.0,0.0,0.0,-0.0003457067573944405,0.00033161815962547673,-0.03800888402060093,-0.03432246562537166,-0.0006047987233532,0.0,0.0,-0.009239687061507079,-0.002351759520201519,-0.0010419749905076958,0.0,7.422016535378178e-05,1.3891977956462535e-05,-0.00023507456372678232,0.0030907591362821377,0.0,0.0,-0.00022377893995455242,-0.0008751603981638688,-0.000945705237118843,0.023649243155962008,0.0041096584727292355,0.00213941852275055,0.0,0.0,-0.00021872922562264798,0.0,0.0,0.0,0.0,0.0,0.0,-0.0014981592650471207,0.0,0.0,0.0,0.00037068471517366414,4.4767309748887306e-05,-0.00029210057166988233,0.0,0.0,0.0,0.0,0.0,-0.0003363226569127544,0.0,0.0,0.0,0.0,0.0,0.0,0.0,0.008168264342753301,-0.00016707965874423775,-0.005539750177952534,-0.003126871744111742,0.00029968006318442886,-0.001124183608671078,0.0,0.0,-0.013516760661842875,0.0,0.0,0.0,0.0,-9.77504497192612e-06,0.0,0.0,0.0,0.0,0.0,0.0
2025-08-20,0.0,0.0,-5.903321057339014e-05,0.002816693943498664,0.00809085714584907,-0.0006117735718739943,0.0,-0.0005444314303951719,0.0,0.0019894163274048362,-0.004366286315900272,0.008124112114099318,0.0,-0.005418420776072586,0.0,0.02304676665805498,-0.0003557335984437309,0.016392407612136155,0.0,0.03324820931953116,0.0,0.0006785311818458424,0.026749138378758065,0.0,0.0,0.0,0.0,0.0,0.0,0.0,0.0,0.009328439559570524,0.002687507097721392,0.0,0.0008486819583740711,0.0,0.0,0.0,-0.0003457067573944405,0.00033161815962547673,-0.03800888402060093,-0.03432246562537166,-0.0006047987233532,0.0,0.0,-0.009065145231080806,-0.002351759520201519,-0.0010419749905076958,0.0,7.422016535378178e-05,1.3891977956462535e-05,-0.00023507456372678232,0.0030907591362821377,0.0,0.0,-0.0003649840985449867,-0.0008751603981638688,-0.000945705237118843,0.023649243155962008,0.0041096584727292355,0.00213941852275055,0.0,0.0,-0.00021872922562264798,0.0,0.0,0.0,0.0,0.0,0.0,-0.0015891304869093984,0.0,0.0,0.0,0.00037068471517366414,4.4767309748887306e-05,0.00020207291169136956,0.0,0.0,0.0,0.0,0.0,-0.0003363226569127544,0.0,0.0,0.0,0.0,0.0,0.0,0.0,0.008168264342753301,-0.00016707965874423775,-0.005412365408703041,-0.0031985594208579185,0.00029968006318442886,-0.001124183608671078,0.0,0.0,-0.013516760661842875,0.0,0.0,0.0,0.0,-9.77504497192612e-06,0.0,0.0,0.0,0.0,0.0,0.0
2025-08-27,0.0,0.0,-5.903321057339014e-05,0.002816693943498664,0.00809085714584907,-0.0006117735718739943,0.0,-0.0005444314303951719,0.0,0.0017498107732002205,-0.004366286315900272,0.008124112114099318,0.0,-0.007938356117894766,0.0,0.016362842620384524,-0.00011144923113024288,0.01587416011494389,0.0,0.03170178363686408,0.0,0.0006785311818458424,0.026165603170718692,0.0,0.0,0.0,0.0,0.0,0.0,0.0,0.0,0.009328439559570524,0.002687507097721392,0.0,0.00036335398142291707,0.0,0.0,0.0,0.0005257900668578242,0.00033161815962547673,-0.03800888402060093,-0.03432246562537166,-0.0006047987233532,0.0,0.0,-0.008193142507097882,-0.002351759520201519,-0.0010419749905076958,0.0,-0.0005186907289465039,-0.0004373783893821296,-0.00023507456372678232,0.0030907591362821377,0.0,0.0,-0.0003649840985449867,-0.0008751603981638688,-0.000945705237118843,0.023649243155962008,0.002167095443341657,0.00213941852275055,0.0,0.0,-0.00021872922562264798,0.0,0.0,0.0,0.0,0.0,0.0,-0.0015891304869093984,0.0,0.0,0.0,0.00037068471517366414,4.4767309748887306e-05,0.00020207291169136956,0.0,0.0,0.0,0.0,0.0,-0.0003363226569127544,0.0,0.0,0.0,0.0,0.0,0.0,0.0,0.008168264342753301,-0.00016707965874423775,-0.005412365408703041,-0.0031985594208579185,0.00029968006318442886,-0.001124183608671078,0.0,0.0,0.011269448248401174,0.0,0.0,0.0,0.0,-9.77504497192612e-06,0.0,0.0,0.0,0.0,0.0,0.0
2025-09-03,0.0,0.0,-5.903321057339014e-05,0.0027956653385218843,0.009124399763929416,-0.0006117735718739943,0.0,-0.0005386860667035637,0.0,0.0019247467338684003,-0.004366286315900272,0.008124112114099318,0.0,-0.005363994525017445,0.0,0.02385955301096987,-0.0003557335984437309,0.016250992769651928,0.0,0.03347089205930395,0.0,0.0006785311818458424,0.02805519506437055,0.0,0.0,0.0,0.0,0.0,0.0,0.0,0.0,0.007382532838981209,0.002687507097721392,0.0,0.0008486819583740711,0.0,0.0,0.0,-0.0003457067573944405,0.0015068685433991347,0.026733636321463364,0.012032269225980816,0.00012148244354781908,0.0,0.0,-0.010067174009801049,-0.002351759520201519,-0.0010419749905076958,0.0,0.001545597298443441,1.3891977956462535e-05,-0.000614202190376962,0.0030907591362821377,0.0,0.0,-0.0003649840985449867,-0.001630121856706193,-0.000945705237118843,0.022247868735506705,0.0041096584727292355,0.00213941852275055,0.0,0.0,-0.00021872922562264798,0.0,0.0,0.0,0.0,0.0,0.0,-0.0015891304869093984,0.0,0.0,0.0,0.0004748622097504096,4.4767309748887306e-05,0.0001657475926494526,0.0,0.0,0.0,0.0,0.0,-0.002239346681225138,0.0,0.0,0.0,0.0,0.0,0.0,0.0,0.008168264342753301,-0.00016707965874423775,-0.005412365408703041,0.0018008970392668737,0.00029968006318442886,-0.001124183608671078,0.0,0.0,-0.013516760661842875,0.0,0.0,0.0,0.0,0.0002193345377078792,0.0,0.0,0.0,0.0,0.0,0.0
2025-09-10,0.0,0.0,-5.903321057339014e-05,0.0027956653385218843,0.009124399763929416,-0.0006253758123414973,0.0,-0.0005386860667035637,0.0,0.0019247467338684003,-0.004366286315900272,0.008124112114099318,0.0,-0.005363994525017445,0.0,0.02385955301096987,-0.00011144923113024288,0.01573274527245966,0.0,0.010726120495202461,0.0,0.0006785311818458424,0.027471659856331175,0.0,0.0,0.0,0.0,0.0,0.0,0.0,0.0,0.007382532838981209,0.002687507097721392,0.0,0.00036335398142291707,0.0,0.0,0.0,0.0005257900668578242,0.0015068685433991347,0.026733636321463364,0.012032269225980816,0.00012148244354781908,0.0,0.0,-0.008406058380816588,-0.002351759520201519,-0.0010419749905076958,0.0,0.0009526864041431555,1.3891977956462535e-05,-0.000614202190376962,0.0030907591362821377,0.0,0.0,-0.0003649840985449867,-0.001630121856706193,-0.000945705237118843,0.022247868735506705,0.0041096584727292355,0.00213941852275055,0.0,0.0,-0.00021872922562264798,0.0,0.0,0.0,0.0,0.0,0.0,-0.0015891304869093984,0.0,0.0,0.0,0.0004748622097504096,4.4767309748887306e-05,0.00016340936237137235,0.0,0.0,0.0,0.0,0.0,-0.002239346681225138,0.0,0.0,0.0,0.0,0.0,0.0,0.0,0.008168264342753301,-0.00016707965874423775,-0.005412365408703041,0.0017639745455856962,0.00029968006318442886,-0.001124183608671078,0.0,0.0,0.01134736011260787,0.0,0.0,0.0,0.0,0.0002193345377078792,0.0,0.0,0.0,0.0,0.0,0.0
2025-09-17,0.0,0.0,-9.742758840024446e-05,0.0027956653385218843,0.009124399763929416,-0.0006253758123414973,0.0,-0.0005386860667035637,0.0,0.0019247467338684003,-0.004366286315900272,0.007752193860366026,0.0,-0.005352308840838312,0.0,0.013060211115836943,-0.0003557335984437309,0.016250992769651928,0.0,0.010703767451603475,0.0,0.0006785311818458424,0.02805519506437055,0.0,0.0,0.0,0.0,0.0,0.0,0.0,0.0,0.007382532838981209,0.002687507097721392,0.0,0.0008486819583740711,0.0,0.0,0.0,-0.0003457067573944405,0.0015068685433991347,0.026733636321463364,0.012032269225980816,0.00012148244354781908,0.0,0.0,-0.009278061104799512,-0.002351759520201519,-0.0010419749905076958,0.0,0.001545597298443441,-0.0004373783893821296,-0.000614202190376962,0.0030907591362821377,0.0,0.0,-0.0003649840985449867,-0.001630121856706193,-0.000945705237118843,0.019852113582612286,0.0041096584727292355,0.00213941852275055,0.0,0.0,-0.00021872922562264798,0.0,0.0,0.0,0.0,0.0,0.0,0.0034369920226360547,0.0,0.0,0.0,0.0004748622097504096,4.4767309748887306e-05,0.00016340936237137235,0.0,0.0,0.0,0.0,0.0,-0.002239346681225138,0.0,0.0,0.0,0.0,0.0,0.0,0.0,0.00663132834161652,-0.00016707965874423775,-0.005412365408703041,0.0017639745455856962,0.00029968006318442886,-0.001124183608671078,0.0,0.0,-0.017117193370168243,0.0,0.0,0.0,0.0,0.0002193345377078792,0.0,0.0,0.0,0.0,0.0,0.0
2025-09-24,0.0,0.0,-9.742758840024446e-05,0.00040938429983498263,0.009124399763929416,-0.0006253758123414973,0.0,-0.0005386860667035637,0.0,-0.001537477948861771,-0.004366286315900272,0.008124112114099318,0.0,-0.005363994525017445,0.0,0.013060211115836943,-0.0003557335984437309,0.016250992769651928,0.0,0.010703767451603475,0.0,0.0006785311818458424,0.02805519506437055,0.0,0.0,0.0,0.0,0.0,0.0,0.0,0.0,0.01753006194046962,0.0027414650387508773,0.0,0.0008486819583740711,0.0,0.0,0.0,-0.0003457067573944405,0.0015068685433991347,0.026733636321463364,0.012032269225980816,0.00012148244354781908,0.0,0.0,-0.009278061104799512,-0.002351759520201519,-0.0010419749905076958,0.0,0.001545597298443441,-0.0004373783893821296,-0.000614202190376962,0.0030907591362821377,0.0,0.0,-0.0003649840985449867,-0.001630121856706193,-0.0008310772632589594,0.022604053709017444,0.0041096584727292355,1.450796927253241e-05,0.0,0.0,-0.00021872922562264798,0.0,0.0,0.0,0.0,0.0,0.0,-0.0015891304869093984,0.0,0.0,0.0,0.0004748622097504096,4.4767309748887306e-05,0.00016340936237137235,0.0,0.0,0.0,0.0,0.0,-0.002239346681225138,0.0,0.0,0.0,0.0,0.0,0.0,0.0,0.00663132834161652,-0.00016707965874423775,-0.005075961179640419,0.0017639745455856962,0.00029968006318442886,-0.001124183608671078,0.0,0.0,-0.017117193370168243,0.0,0.0,0.0,0.0,0.0002193345377078792,0.0,0.0,0.0,0.0,0.0,0.0
2025-10-01,0.0,0.0,-9.742758840024446e-05,-0.0033207505404206205,0.0014748201316572708,-0.0006253758123414973,0.0,-0.0005386860667035637,0.0,-0.0017770835030663868,-0.007281815316798732,0.00892323245163984,0.0,-0.00784055349651329,0.0,0.013060211115836943,-0.0003557335984437309,0.01698856831189973,0.0,-0.006979985320206824,0.0,0.0006785311818458424,0.02805519506437055,0.0,0.0,0.0,0.0,0.0,0.0,0.0,0.0,0.01753006194046962,0.0027414650387508773,0.0,0.0008486819583740711,0.0,0.0,0.0,-0.0003457067573944405,0.0015068685433991347,0.027036616436214588,0.011963347682956461,0.00012148244354781908,0.0,0.0,-0.009278061104799512,-0.002351759520201519,-0.0010419749905076958,0.0,0.001545597298443441,-0.0004373783893821296,-0.000614202190376962,0.0030907591362821377,0.0,0.0,0.0019267238846832765,-0.001630121856706193,-0.0008310772632589594,0.024714401155762213,0.0041096584727292355,1.450796927253241e-05,0.0,0.0,-0.00021872922562264798,0.0,0.0,0.0,0.0,0.0,0.0,-0.0015891304869093984,0.0,0.0,0.0,0.0004748622097504096,4.4767309748887306e-05,0.00016340936237137235,0.0,0.0,0.0,0.0,0.0,0.0001601185356155493,0.0,0.0,0.0,0.0,0.0,0.0,0.0,0.00663132834161652,-0.00016707965874423775,-0.005075961179640419,-0.0032354819145390956,0.00029968006318442886,-0.00140001283022894,0.0,0.0,-0.017117193370168243,0.0,0.0,0.0,0.0,0.0002193345377078792,0.0,0.0,0.0,0.0,0.0,0.0
2025-10-08,0.0,0.0,-9.742758840024446e-05,-0.0033207505404206205,0.0014748201316572708,-0.0006253758123414973,0.0,-0.0005386860667035637,0.0,-0.001537477948861771,-0.004366286315900272,0.00892323245163984,0.0,-0.005320618154691111,0.0,0.02385955301096987,-0.0003557335984437309,0.01698856831189973,0.0,0.007649552846278626,0.0,0.0006785311818458424,0.02805519506437055,0.0,0.0,0.0,0.0,0.0,0.0,0.0,0.0,0.01753006194046962,0.0027414650387508773,0.0,0.0008486819583740711,0.0,0.0,0.0,-0.0003457067573944405,0.0015068685433991347,0.026855581152894426,0.012032269225980816,0.00012148244354781908,0.0,0.0,-0.009278061104799512,-0.002351759520201519,-0.0010419749905076958,0.0,0.001545597298443441,1.3891977956462535e-05,-0.000614202190376962,0.0030907591362821377,0.0,0.0,0.0019267238846832765,-0.001630121856706193,-0.0008310772632589594,0.024714401155762213,0.0041096584727292355,1.450796927253241e-05,0.0,0.0,-0.00021872922562264798,0.0,0.0,0.0,0.0,0.0,0.0,-0.0015891304869093984,0.0,0.0,0.0,0.0004748622097504096,4.4767309748887306e-05,0.00016340936237137235,0.0,0.0,0.0,0.0,0.0,0.0001601185356155493,0.0,0.0,0.0,0.0,0.0,0.0,0.0,0.008168264342753301,-0.00016707965874423775,-0.005075961179640419,-0.0032354819145390956,0.00029968006318442886,-0.00140001283022894,0.0,0.0,-0.017117193370168243,0.0,0.0,0.0,0.0,0.0002193345377078792,0.0,0.0,0.0,0.0,0.0,0.0
2025-10-15,0.0,0.0,-5.903321057339014e-05,-0.0033207505404206205,0.009124399763929416,-0.0006253758123414973,0.0,-0.0005386860667035637,0.0,-0.001537477948861771,-0.004366286315900272,0.008124112114099318,0.0,-0.005320618154691111,0.0,0.02385955301096987,0.0022857775900001435,0.01698856831189973,0.0,0.010703767451603475,0.0,0.0006785311818458424,0.02805519506437055,0.0,0.0,0.0,0.0,0.0,0.0,0.0,0.0,0.01753006194046962,0.0027414650387508773,0.0,0.0008486819583740711,0.0,0.0,0.0,-0.0003457067573944405,0.0015068685433991347,0.026855581152894426,0.012032269225980816,0.00012148244354781908,0.0,0.0,-0.009278061104799512,-0.002351759520201519,-0.0010419749905076958,0.0,0.001545597298443441,1.3891977956462535e-05,-0.000614202190376962,0.0030907591362821377,0.0,0.0,0.0019267238846832765,-0.001630121856706193,-0.0008310772632589594,0.024005428129472747,0.0041096584727292355,1.450796927253241e-05,0.0,0.0,-0.00021872922562264798,0.0,0.0,0.0,0.0,0.0,0.0,-0.0015891304869093984,0.0,0.0,0.0,0.0004748622097504096,4.4767309748887306e-05,0.00016340936237137235,0.0,0.0,0.0,0.0,0.0,-0.0003363226569127544,0.0,0.0,0.0,0.0,0.0,0.0,0.0,0.008168264342753301,-0.00016707965874423775,-0.005075961179640419,-0.0032354819145390956,0.00029968006318442886,-0.001124183608671078,0.0,0.0,-0.013385483667466563,0.0,0.0,0.0,0.0,0.0002193345377078792,0.0,0.0,0.0,0.0,0.0,0.0
2025-10-22,0.0,0.0,-5.903321057339014e-05,-0.0033207505404206205,0.009124399763929416,-0.0006253758123414973,0.0,-0.0005386860667035637,0.0,-0.001537477948861771,-0.004366286315900272,0.008124112114099318,0.0,-0.005320618154691111,0.0,0.02385955301096987,-0.00011144923113024288,0.016470320814707465,0.0,0.010726120495202461,0.0,0.0006785311818458424,0.027471659856331175,0.0,0.0,0.0,0.0,0.0,0.0,0.0,0.0,0.01753006194046962,0.0027414650387508773,0.0,0.00036335398142291707,0.0,0.0,0.0,-0.0003457067573944405,0.0015068685433991347,0.026855581152894426,0.012032269225980816,0.00012148244354781908,0.0,0.0,-0.008406058380816588,-0.002351759520201519,-0.0010419749905076958,0.0,0.0009526864041431555,1.3891977956462535e-05,-0.000614202190376962,0.0030907591362821377,0.0,0.0,0.0019267238846832765,-0.001630121856706193,-0.0008310772632589594,0.024005428129472747,0.0041096584727292355,1.450796927253241e-05,0.0,0.0,-0.00021872922562264798,0.0,0.0,0.0,0.0,0.0,0.0,-0.0015891304869093984,0.0,0.0,0.0,0.0004748622097504096,4.4767309748887306e-05,0.00016340936237137235,0.0,0.0,0.0,0.0,0.0,-0.0003363226569127544,0.0,0.0,0.0,0.0,0.0,0.0,0.0,0.008168264342753301,-0.00016707965874423775,-0.005075961179640419,-0.0032354819145390956,0.00029968006318442886,-0.001124183608671078,0.0,0.0,0.007490348968421638,0.0,0.0,0.0,0.0,0.0002193345377078792,0.0,0.0,0.0,0.0,0.0,0.0
2025-10-29,0.0,0.0,-5.903321057339014e-05,-0.0065192567394253345,0.009124399763929416,-0.0006253758123414973,0.0,-0.0005386860667035637,0.0,-0.0017770835030663868,-0.007281815316798732,0.008124112114099318,0.0,-0.00784055349651329,0.0,0.02385955301096987,-0.0003557335984437309,0.016470320814707465,0.0,-0.006979985320206824,0.0,0.0006785311818458424,0.026673008877388788,0.0,0.0,0.0,0.0,0.0,0.0,0.0,0.0,0.01753006194046962,0.0027414650387508773,0.0,0.0008486819583740711,0.0,0.0,0.0,-0.0003457067573944405,0.0015068685433991347,0.027036616436214588,0.011963347682956461,0.00012148244354781908,0.0,0.0,-0.008406058380816588,-0.002351759520201519,-0.0010419749905076958,0.0,0.0009526864041431555,1.3891977956462535e-05,-0.000614202190376962,0.0030907591362821377,0.0,0.0,0.0019267238846832765,-0.001630121856706193,-0.0008310772632589594,0.024714401155762213,0.0041096584727292355,1.450796927253241e-05,0.0,0.0,-0.00021872922562264798,0.0,0.0,0.0,0.0,0.0,0.0,-0.0015891304869093984,0.0,0.0,0.0,0.0004748622097504096,4.4767309748887306e-05,0.00016340936237137235,0.0,0.0,0.0,0.0,0.0,-0.0003363226569127544,0.0,0.0,0.0,0.0,0.0,0.0,0.0,0.008168264342753301,-0.00016707965874423775,-0.005075961179640419,-0.0032354819145390956,0.00029968006318442886,-0.001124183608671078,0.0,0.0,0.0007909655061047391,0.0,0.0,0.0,0.0,0.0002193345377078792,0.0,0.0,0.0,0.0,0.0,0.0
2025-11-05,0.0,0.0,-5.903321057339014e-05,-0.0065192567394253345,-0.00841319115744204,-0.0006253758123414973,0.0,-0.0005386860667035637,0.0,-0.001537477948861771,-0.007281815316798732,0.008551314197906548,0.0,-0.005352308840838312,0.0,0.024430822591972007,0.0022857775900001435,0.016470320814707465,0.0,-0.007034698032604501,0.0,0.0006785311818458424,0.023237839431982685,0.0,0.0,0.0,0.0,0.0,0.0,0.0,0.0,0.01707168172593164,0.0027414650387508773,0.0,0.0008486819583740711,0.0,0.0,0.0,-0.0003457067573944405,0.0015068685433991347,0.027036616436214588,0.012154004565724474,0.00012148244354781908,0.0,0.0,0.013810097631622092,-0.002351759520201519,-0.0010419749905076958,0.0,0.0009526864041431555,1.3891977956462535e-05,-0.000614202190376962,0.0030907591362821377,0.0,0.0,-0.0006595399888959504,-0.001630121856706193,-0.0008310772632589594,0.022318646002867794,0.0041096584727292355,1.450796927253241e-05,0.0,0.0,-0.00021872922562264798,0.0,0.0,0.0,0.0,0.0,0.0,0.0034369920226360547,0.0,0.0,0.0,0.0004748622097504096,4.4767309748887306e-05,0.00016340936237137235,0.0,0.0,0.0,0.0,0.0,0.0001601185356155493,0.0,0.0,0.0,0.0,0.0,0.0,0.0,0.008168264342753301,-0.0007985447313203634,-0.0013130713362867637,-4.250730801352929e-05,0.00029968006318442886,-0.00140001283022894,0.0,0.0,0.0013508913136545393,0.0,0.0,0.0,0.0,0.0002193345377078792,0.0,0.0,0.0,0.0,0.0,0.0
2025-11-12,0.0,0.0,-5.903321057339014e-05,-0.0065192567394253345,-0.00841319115744204,-0.0006253758123414973,0.0,-0.0005386860667035637,0.0,-0.001537477948861771,-0.004366286315900272,0.00892323245163984,0.0,0.0034295008603585217,0.0,0.024430822591972007,-0.0003557335984437309,0.01698856831189973,0.0,0.007594840133880948,0.0,0.0006785311818458424,0.02382137464002206,0.0,0.0,0.0,0.0,0.0,0.0,0.0,0.0,0.01707168172593164,0.0027414650387508773,0.0,0.0008486819583740711,0.0,0.0,0.0,-0.0003457067573944405,0.0015068685433991347,0.026855581152894426,0.012222926108748828,0.00012148244354781908,0.0,0.0,0.014012643887657515,-0.002351759520201519,-0.0015384388160891054,0.0,0.001545597298443441,1.3891977956462535e-05,-0.000614202190376962,0.0030907591362821377,0.0,0.0,-0.0005183348303055161,-0.001630121856706193,-0.0008310772632589594,0.024714401155762213,0.002531305951444623,1.450796927253241e-05,0.0,0.0,-0.00021872922562264798,0.0,0.0,0.0,0.0,0.0,0.0,-0.0015891304869093984,0.0,0.0,0.0,0.0004748622097504096,4.4767309748887306e-05,0.00016340936237137235,0.0,0.0,0.0,0.0,0.0,-0.00030940450448059564,0.0,0.0,0.0,0.0,0.0,0.0,0.0,0.008168264342753301,-0.0007985447313203634,-0.0013130713362867637,-0.001193087171367885,0.00029968006318442886,-0.00140001283022894,0.0,0.0,-0.013591331730884245,0.0,0.0,0.0,0.0,0.0002193345377078792,0.0,0.0,0.0,0.0,0.0,0.0
2025-11-19,0.0,0.0,-5.903321057339014e-05,-0.0065192567394253345,-0.002066266022344365,-0.0006253758123414973,0.0,-0.0005386860667035637,0.0,-0.001537477948861771,-0.007281815316798732,0.00892323245163984,0.0,-0.000574694513815904,0.0,0.024430822591972007,-0.0003557335984437309,0.01698856831189973,0.0,-0.007034698032604501,0.0,0.0006785311818458424,0.02382137464002206,0.0,0.0,0.0,0.0,0.0,0.0,0.0,0.0,0.01707168172593164,0.0027414650387508773,0.0,0.0008486819583740711,0.0,0.0,0.0,-0.0003457067573944405,0.0015068685433991347,0.027036616436214588,0.012700100429924411,0.00012148244354781908,0.0,0.0,0.014012643887657515,-0.002351759520201519,-0.0010419749905076958,0.0,0.001545597298443441,1.3891977956462535e-05,-0.000614202190376962,0.0030907591362821377,0.0,0.0,-0.0005183348303055161,-0.001630121856706193,-0.0008310772632589594,0.024714401155762213,0.0041096584727292355,1.450796927253241e-05,0.0,0.0,-0.00021872922562264798,0.0,0.0,0.0,0.0,0.0,0.0,-0.0015891304869093984,0.0,0.0,0.0,0.0004748622097504096,4.4767309748887306e-05,0.00016340936237137235,0.0,0.0,0.0,0.0,0.0,0.0001601185356155493,0.0,0.0,0.0,0.0,0.0,0.0,0.0,0.008168264342753301,-0.0007985447313203634,-0.0013130713362867637,-4.250730801352929e-05,0.00029968006318442886,-0.00140001283022894,0.0,0.0,-0.013591331730884245,0.0,0.0,0.0,0.0,0.0002193345377078792,0.0,0.0,0.0,0.0,0.0,0.0
2025-11-26,0.0,0.0,-9.742758840024446e-05,-0.0065192567394253345,-0.00841319115744204,-0.0006253758123414973,0.0,-0.0005386860667035637,0.0,-0.001537477948861771,-0.007281815316798732,0.00892323245163984,0.0,-0.005363994525017445,0.0,0.024430822591972007,-0.0003557335984437309,0.01698856831189973,0.0,-0.007034698032604501,0.0,0.0006785311818458424,0.02382137464002206,0.0,0.0,0.0,0.0,0.0,0.0,0.0,0.0,0.01707168172593164,0.0027414650387508773,0.0,0.0008486819583740711,0.0,0.0,0.0,-0.0003457067573944405,0.0015068685433991347,0.027036616436214588,0.012154004565724474,0.00012148244354781908,0.0,0.0,0.014012643887657515,-0.002351759520201519,-0.0010419749905076958,0.0,0.001545597298443441,1.3891977956462535e-05,-0.000614202190376962,0.0030907591362821377,0.0,0.0,-0.0006595399888959504,-0.001630121856706193,-0.0008310772632589594,0.024714401155762213,0.0041096584727292355,1.450796927253241e-05,0.0,0.0,-0.00021872922562264798,0.0,0.0,0.0,0.0,0.0,0.0,-0.0015891304869093984,0.0,0.0,0.0,0.0004748622097504096,4.4767309748887306e-05,0.00016340936237137235,0.0,0.0,0.0,0.0,0.0,0.0001601185356155493,0.0,0.0,0.0,0.0,0.0,0.0,0.0,0.008168264342753301,-0.0007985447313203634,-0.0013130713362867637,-4.250730801352929e-05,0.00029968006318442886,-0.00140001283022894,0.0,0.0,-0.01640288000809301,0.0,0.0,0.0,0.0,0.0002193345377078792,0.0,0.0,0.0,0.0,0.0,0.0
2025-12-03,0.0,0.0,-5.903321057339014e-05,-0.0065192567394253345,-0.00841319115744204,-0.0006253758123414973,0.0,-0.0005386860667035637,0.0,-0.0016009474896354875,-0.004366286315900272,0.00892323245163984,0.0,0.021187030060212195,0.0,0.024430822591972007,-0.0003557335984437309,0.016250992769651928,0.0,0.007594840133880948,0.0,0.0006785311818458424,0.023807600391766753,0.0,0.0,0.0,0.0,0.0,0.0,0.0,0.0,0.01707168172593164,0.0027414650387508773,0.0,0.0008486819583740711,0.0,0.0,0.0,-0.0003457067573944405,0.0015068685433991347,0.02400649907806047,0.012222926108748828,-0.0007710938258877364,0.0,0.0,0.014012643887657515,0.002702805635943401,-0.0010419749905076958,0.0,0.001545597298443441,1.3891977956462535e-05,-0.000614202190376962,0.0030907591362821377,0.0,0.0,-0.00022377893995455242,-0.001630121856706193,-0.0008310772632589594,0.02331302673530691,0.0041096584727292355,1.450796927253241e-05,0.0,0.0,-0.00021872922562264798,0.0,0.0,0.0,0.0,0.0,0.0,-0.0014981592650471207,0.0,0.0,0.0,0.0004748622097504096,4.4767309748887306e-05,0.00016340936237137235,0.0,0.0,0.0,0.0,0.0,0.0001601185356155493,0.0,0.0,0.0,0.0,0.0,0.0,0.0,0.008168264342753301,-0.0007985447313203634,-0.004919349994380224,0.001987141198215698,0.00029968006318442886,-0.00140001283022894,0.0,0.0,-0.013591331730884245,0.0,0.0,0.0,0.0,0.0002193345377078792,0.0,0.0,0.0,0.0,0.0,0.0
2025-12-10,0.0,0.0,-5.903321057339014e-05,-0.0065192567394253345,-0.00841319115744204,-0.0006253758123414973,0.0,-0.0005386860667035637,0.0,-0.001537477948861771,-0.007281815316798732,0.00892323245163984,0.0,0.0034295008603585217,0.0,0.024430822591972007,-0.0003557335984437309,0.016250992769651928,0.0,-0.007034698032604501,0.0,0.0006785311818458424,0.023807600391766753,0.0,0.0,0.0,0.0,0.0,0.0,0.0,0.0,0.01707168172593164,0.0027414650387508773,0.0,0.0008486819583740711,0.0,0.0,0.0,-0.0003457067573944405,0.0015068685433991347,0.024784527110326728,0.012154004565724474,-0.0007710938258877364,0.0,0.0,0.014012643887657515,0.002702805635943401,-0.0015384388160891054,0.0,0.001545597298443441,1.3891977956462535e-05,-0.000614202190376962,0.0030907591362821377,0.0,0.0,-0.00022377893995455242,-0.001630121856706193,-0.0008310772632589594,0.02331302673530691,0.002531305951444623,1.450796927253241e-05,0.0,0.0,-0.00021872922562264798,0.0,0.0,0.0,0.0,0.0,0.0,-0.0015891304869093984,0.0,0.0,0.0,0.0004748622097504096,4.4767309748887306e-05,0.00016340936237137235,0.0,0.0,0.0,0.0,0.0,0.0001601185356155493,0.0,0.0,0.0,0.0,0.0,0.0,0.0,0.008168264342753301,-0.0007985447313203634,-0.0047919652251307305,0.001987141198215698,0.00029968006318442886,-0.00140001283022894,0.0,0.0,-0.013591331730884245,0.0,0.0,0.0,0.0,0.0002193345377078792,0.0,0.0,0.0,0.0,0.0,0.0
2025-12-17,0.0,0.0,-5.903321057339014e-05,-0.0065192567394253345,-0.00878170658720664,-0.0006253758123414973,0.0,-0.0005386860667035637,0.0,-0.002340247572304514,-0.007281815316798732,-0.02725522417976932,0.0,-0.007883929866839626,0.0,0.008695238846739207,-0.00011144923113024288,0.00834655446961362,0.0,-0.014338452746620559,0.0,0.0006785311818458424,0.021995640894320878,0.0,0.0,0.0,0.0,0.0,0.0,0.0,0.0,0.0167591855842013,0.0026982930604073636,0.0,-0.00039121031002438005,0.0,0.0,0.0,-0.0003457067573944405,0.0015068685433991347,0.025412603222335125,0.012154004565724474,-0.0007710938258877364,0.0,0.0,0.013810097631622092,0.002370425267729354,-0.0010419749905076958,0.0,0.0009526864041431555,-0.0004373783893821296,-0.000614202190376962,0.0030907591362821377,0.0,0.0,-0.0003649840985449867,-0.001630121856706193,-0.0008310772632589594,0.02692423575592949,0.0041096584727292355,1.450796927253241e-05,0.0,0.0,-0.00021872922562264798,0.0,0.0,0.0,0.0,0.0,0.0,-0.001859713785332156,0.0,0.0,0.0,0.0004748622097504096,4.4767309748887306e-05,0.00016340936237137235,0.0,0.0,0.0,0.0,0.0,0.0001601185356155493,0.0,0.0,0.0,0.0,0.0,0.0,0.0,0.005445489456971622,-0.0007985447313203634,-0.0047919652251307305,0.002064820680779465,0.00029968006318442886,-0.00140001283022894,0.0,0.0,0.004962395583051709,0.0,0.0,0.0,0.0,0.0002193345377078792,0.0,0.0,0.0,0.0,0.0,0.0
2025-12-24,0.0,0.0,-5.903321057339014e-05,-0.0033207505404206205,-0.00841319115744204,-0.0006253758123414973,0.0,-0.0005386860667035637,0.0,-0.0016009474896354875,-0.007281815316798732,0.00892323245163984,0.0,0.013349421514411307,0.0,0.024430822591972007,0.0007161205915177307,0.01573274527245966,0.0,-0.007012344989005515,0.0,0.0006785311818458424,0.024022716162669766,0.0,0.0,0.0,0.0,0.0,0.0,0.0,0.0,0.014482969925043148,0.002687507097721392,0.0,0.00036335398142291707,0.0,0.0,0.0,0.0005257900668578242,0.0015068685433991347,0.024784527110326728,0.012154004565724474,-0.0007710938258877364,0.0,0.0,0.013810097631622092,0.002702805635943401,-0.0015384388160891054,0.0,0.0009526864041431555,1.3891977956462535e-05,-0.000614202190376962,0.0030907591362821377,0.0,0.0,-0.00022377893995455242,-0.001630121856706193,-0.0008310772632589594,0.02331302673530691,-0.0004930225245348783,1.450796927253241e-05,0.0,0.0,-0.00021872922562264798,0.0,0.0,0.0,0.0,0.0,0.0,-0.0014981592650471207,0.0,0.0,0.0,0.0004748622097504096,4.4767309748887306e-05,0.00016340936237137235,0.0,0.0,0.0,0.0,0.0,0.0001601185356155493,0.0,0.0,0.0,0.0,0.0,0.0,0.0,0.008168264342753301,-0.0007985447313203634,-0.004919349994380224,0.001987141198215698,0.00029968006318442886,-0.00140001283022894,0.0,0.0,0.012089219776044154,0.0,0.0,0.0,0.0,0.0002193345377078792,0.0,0.0,0.0,0.0,0.0,0.0
2025-12-31,0.0,0.0,-5.903321057339014e-05,-0.0065192567394253345,-0.00841319115744204,-0.0006253758123414973,0.0,-0.0005386860667035637,0.0,0.0011219771104256577,-0.007281815316798732,0.00892323245163984,0.0,-0.007883929866839626,0.0,0.0022823744548086766,-0.0003557335984437309,0.00834655446961362,0.0,-0.014338452746620559,0.0,0.0006785311818458424,0.02322406518372738,0.0,0.0,0.0,0.0,0.0,0.0,0.0,0.0,0.01417047378331281,0.002687507097721392,0.0,0.0008486819583740711,0.0,0.0,0.0,-0.0003457067573944405,0.0015068685433991347,0.02608052931588529,0.012154004565724474,-0.0007710938258877364,0.0,0.0,0.013810097631622092,0.002370425267729354,-0.0015384388160891054,0.0,0.0009526864041431555,-0.0004373783893821296,-0.000614202190376962,0.0030907591362821377,0.0,0.0,-0.0003649840985449867,-0.001630121856706193,-0.0008310772632589594,0.02331302673530691,-0.0010801404550587358,0.00213941852275055,0.0,0.0,-0.00021872922562264798,0.0,0.0,0.0,0.0,0.0,0.0,-0.0015891304869093984,0.0,0.0,0.0,0.0004748622097504096,4.4767309748887306e-05,0.00016340936237137235,0.0,0.0,0.0,0.0,0.0,0.0001601185356155493,0.0,0.0,0.0,0.0,0.0,0.0,0.0,0.00663132834161652,-0.0007985447313203634,-0.0047919652251307305,0.002064820680779465,0.00029968006318442886,-0.00140001283022894,0.0,0.0,-0.000805058281010194,0.0,0.0,0.0,0.0,0.0002193345377078792,0.0,0.0,0.0,0.0,0.0,0.0
2026-01-07,0.0,0.0,-5.903321057339014e-05,-0.005823748929439214,-0.00841319115744204,-0.0006253758123414973,0.0,-0.0005386860667035637,0.0,0.0019247467338684003,-0.007281815316798732,0.00843614701030087,0.0,-0.005363994525017445,0.0,0.012588571093771997,0.0022857775900001435,-0.015002226760235066,0.0,-0.007146257703298777,0.0,0.0006785311818458424,-0.006649482838619444,0.0,0.0,0.0,0.0,0.0,0.0,0.0,0.0,0.014482969925043148,0.0028152989000479666,0.0,0.0008486819583740711,0.0,0.0,0.0,-0.0003457067573944405,0.0015068685433991347,0.02833160263942273,0.010578282832082137,0.00012148244354781908,0.0,0.0,0.016195429217109383,0.005001039940577089,0.0005217091708611199,0.0,0.0009526864041431555,-0.0004373783893821296,-0.000614202190376962,0.0030907591362821377,0.0,0.0,-0.0006595399888959504,-0.001630121856706193,-0.0008310772632589594,0.02331302673530691,0.002531305951444623,0.00213941852275055,0.0,0.0,-0.00021872922562264798,0.0,0.0,0.0,0.0,0.0,0.0,-0.0015891304869093984,0.0,0.0,0.0,0.0004748622097504096,4.4767309748887306e-05,0.00016340936237137235,0.0,0.0,0.0,0.0,0.0,-0.0017429054886968344,0.0,0.0,0.0,0.0,0.0,0.0,0.0,0.008390065908037992,-0.0007985447313203634,-0.0013130713362867637,0.00501564158213693,0.00029968006318442886,-0.00140001283022894,0.0,0.0,0.0014175068281611154,0.0,0.0,0.0,0.0,0.0002193345377078792,0.0,0.0,0.0,0.0,0.0,0.0
