,∆ Salmon (NOK/KG) 1w,∆ Salmon (NOK/KG) 2w,∆ Salmon (NOK/KG) 1m,∆ Salmon (NOK/KG) 3m,∆ Salmon (NOK/KG) 6m,∆ Salmon (NOK/KG) 12m,Acc 1w,Acc 1m,RVol 4w,RVol 13w,RVol 52w,Spread (FP - SSB),∆ Spread (FP - SSB),FWD 1m,∆ FWD 1m,FWD 3m,∆ FWD 3m,FWD 6m,∆ FWD 6m,FWD 12m,∆ FWD 12m,FWD Slope,FWD Curvature,∆ Export Volume 1w,∆ Export Volume 2w,∆ Export Volume 1m,∆ Chilean Exports 1w,∆ Chilean Exports 2w,∆ Chilean Exports 1m,∆ Chilean Exports 3m,∆ Total Biomass Monthly,∆YOY Total Biomass Monthly,Avg Weight (KG) Monthly,YOY Avg Weight (KG) Monthly,Harvest Intensity 1m Monthly,Harvest Intensity 3m Monthly,Loss Rate 1m Monthly,Loss Rate 3m Monthly,Loss Rate 6m Monthly,Smolt Release 2m Monthly,Smolt Release 3m Monthly,Smolt Release 4m Monthly,Smolt Release 5m Monthly,Smolt Release 6m Monthly,Smolt Release 7m Monthly,Smolt Release 8m Monthly,Smolt Release 9m Monthly,Smolt Release 10m Monthly,Smolt Release 11m Monthly,Smolt Release 12m Monthly,Smolt Release 13m Monthly,Smolt Release 14m Monthly,Smolt Release 15m Monthly,Smolt Release 16m Monthly,Smolt Release 17m Monthly,Smolt Release 18m Monthly,ISA Outbreak,ISA Outbreak 1m,ISA Outbreak 3m,Lice Outbreak,Lice Outbreak 1m,Lice Outbreak 3m,Sea Temp,Sea Temp 12m Avg,∆ EURNOK,∆ EURNOK 1w,∆ EURNOK 2w,∆ EURNOK 1m,∆ EURNOK 3m,∆ EURNOK 6m,∆ EURNOK 12m,CPI NO Monthly,NIBOR 3m,∆ Shrimp Price (Global) 1m Monthly,∆ Shrimp Price (Global) 3m Monthly,∆ Shrimp Price (Global) 6m Monthly,∆ Shrimp Price (Global) 12m Monthly,∆ Broiler Price (EU) 1w,∆ Broiler Price (EU) 2w,∆ Broiler Price (EU) 1m,∆ Broiler Price (EU) 3m,∆ Broiler Price (EU) 6m,∆ Broiler Price (EU) 12m,∆ Pig Price (EU),∆ Pig Price (EU) 1w,∆ Pig Price (EU) 2w,∆ Pig Price (EU) 1m,∆ Pig Price (EU) 3m,∆ Pig Price (EU) 6m,∆ Pig Price (EU) 12m,Meat CPI (EU) Monthly,∆ Fishmeal 1m Monthly,∆ Fishmeal 3m Monthly,∆ Fishmeal 6m Monthly,∆ Fishmeal 12m Monthly,Brent FWD Slope,Brent FWD Curvature,Soybean FWD Slope,Soybean FWD Curvature,Month_01,Month_02,Month_03,Month_04,Month_05,Month_06,Month_07,Month_08,Month_09,Month_10,Month_11
2022-01-05,-0.0013540831341433534,2.6066058879648103e-05,3.20799603639745e-06,0.0002615906163408032,-0.0001391534645863345,0.0004983868136727818,-0.004018344049128755,6.085470585593143e-05,-0.00016202848515624606,8.491935396022453e-05,-0.0018719842784224077,7.229371757431315e-05,-5.452119101088029e-05,0.01574787927726658,0.003881092569179663,0.0007587582070031441,0.0010018010127344338,-1.743726496136709e-05,-0.00026809284349386476,-0.0004645470702671669,-0.00044191270724226804,-0.00019217677306596653,0.00038008900004228303,-0.000400359632699624,0.0010129048462356046,-0.0009332445017617085,-0.00011105533396505923,-6.82776569761414e-06,-0.0003730325857478401,-8.759524453091165e-05,0.001585431069296494,0.0002450577231249276,0.0015984820132579642,0.0007831554827283947,0.0008838578772424088,-0.0001419117724284032,7.435927067052814e-05,-0.00013583004729588946,-0.00012336747761671664,0.0001127406060528503,0.0,0.000248042063841275,0.0001128982489857557,0.00028420606155677515,-0.0002662495578883878,-0.00031873128212808077,4.344783178775731e-05,-0.00026847198838828273,4.546671885624092e-05,2.1286822050831153e-05,-0.0008197705896516439,-0.0006258228360420828,0.0,0.00017848388553890444,-2.3670002211230025e-05,8.786758154977706e-05,0.000515718246755126,0.0,-0.0007446403165893294,0.00010193529764627062,-6.373004566086891e-05,0.0,0.00039921224646851934,-0.0005960319724166523,0.00019273781296071124,-0.0012407212688994983,-0.0007259640419130116,-0.0002431094534440341,0.00014075266089263924,-0.0006256721966010592,-0.0003430358828633015,0.0,-0.00036800896524744037,0.00040615617345314493,0.0005097066521656807,5.163770592415178e-05,3.386660626576215e-05,-0.0008343746705082389,-0.0002104185215516885,-0.001129549641902249,-0.00012954836698974822,-0.0001870135090056062,0.0,-0.0004859674420006642,-0.0003313924390512578,-9.69024607410256e-05,-0.000298294226094516,1.2416213953140572e-05,-3.633527050395722e-06,-4.271261459900258e-05,-0.00017826929863485897,-0.0003663407106991646,3.200158028720144e-06,7.281009235570402e-05,0.00014500563646205566,0.000350424112609396,-0.00017798034047422623,0.0007290369115061839,0.00020534973975499545,0.0,0.0,0.0,0.0,0.0,1.9416854343844678e-05,-6.132839392264409e-05,2.4316632749611735e-06,2.0285362645729164e-05,0.0,0.0
2022-01-12,0.001069200074240666,5.4216817218888925e-05,-0.0002321927246909627,0.0006426248064575635,0.0001649196303570886,9.566133485027322e-05,0.009928265619951259,0.0001500964116417515,-3.8446016544511615e-05,1.3153477798092275e-05,-0.0021773088673719544,-0.00019449523340305368,0.00030268439165851736,0.009039406927825873,-0.0017452159058058663,0.00030204690477151963,-0.0003631068597451353,7.670910464002924e-06,-0.00021785667373563265,-0.0004937986315378936,0.0002461388635733265,-0.0001476426482655821,0.00038008900004228303,0.00039209328696086554,0.000402847112753867,-0.0010228552227586644,1.9766748126010713e-06,0.0004940073691501648,-0.00013018309834458855,-2.1823297820675847e-05,0.0014917700099611522,0.0004567484734038034,0.0017197898901413552,0.0007440638448306275,0.0009604041394251677,-0.0001419117724284032,-5.6467375060762036e-05,-0.00013988005870100139,-0.00011880510652735174,-3.677196533165675e-05,0.0,3.204005692726827e-05,0.000193411346099272,0.0002417375096941468,0.00038161189775071016,-0.0006115789250251032,-0.00013327119476313684,-0.0002343127471615055,0.00012244519499520333,2.1286822050831153e-05,-0.001216479776282923,-0.0005524107521580207,0.0,0.00039854333028283684,-2.7367186177912667e-05,0.0003862478185143184,0.0008653405586498873,0.0,-0.00026741545427184574,-0.0001933067755900111,4.636457472226491e-05,0.0,0.0002775483830247575,-0.00047747023752994024,-0.0015201650720244532,0.0015710633542172165,-9.778541010775838e-05,-0.0001783243159741285,-0.00014394086668215221,-0.0005987696817631652,-5.515908069578267e-05,0.0,-0.00016379619964029853,0.00040615617345314493,0.00024919245984782916,-0.00011505269084007857,-1.895491264770598e-06,0.0010809583655901872,0.00034948378295380437,8.809367873000763e-05,2.2507582069003117e-05,6.41155879631035e-05,0.0,-0.0005257525281379613,-0.0010575710570470407,6.281324864807462e-05,-0.0008054826735081932,1.2416213953140572e-05,-3.633527050395722e-06,4.042485210512694e-05,-0.0001390357465313664,-0.0011890807977114487,7.87556819236062e-06,0.0001466621781968918,-0.00013285268497867175,-0.0004846924722956375,-0.0001789356774611554,0.0006155110450703654,-5.109289278721166e-05,0.0,0.0,0.0,0.0,0.0,1.9416854343844678e-05,-6.132839392264409e-05,4.7477068885594026e-05,3.883025166836997e-05,0.0,0.0
2022-01-19,0.000784500072118958,-0.0008636274387993075,0.000200671658301898,0.0005504766870182755,3.334830922318219e-05,0.0004983868136727818,0.011289790820531642,0.0001786165862160638,-0.0001153166890369331,-0.00014654276542606822,-0.0016956029088031099,-4.99137861800909e-06,0.0005664240541114916,-0.012369914691246682,-0.0013378107319658816,-0.0005415256147048099,-0.00035504695730441367,5.369256733951128e-05,0.00014978351219150694,-0.00044272588770308014,0.00013185808503795253,-3.2008450649802633e-05,0.00022515703920912667,-0.00025378073614106065,4.828638544708731e-05,-0.0007551150214572602,-0.0001241294702294959,0.00012950061827026284,-0.0002878155263329244,-2.1823297820675847e-05,0.0008297840006772113,0.0006478583290054007,0.0014758126947527202,0.0016382914607385097,0.0018629334419690354,-0.0001419117724284032,-6.882957886464707e-05,-0.00013988005870100139,-0.000117547452444027,-2.425802005239106e-05,0.0,7.001942142921189e-06,0.0002241413586632598,5.846188992912217e-05,0.00010473670602896048,-0.0008740031619092605,0.00018074208799476307,0.00014845274671917307,0.00032998808579053356,2.1286822050831153e-05,-0.0007143506097513851,-0.0004991635188973044,0.0,0.00038769346270569943,-1.105404810085266e-05,-0.0005243946699664228,0.0006519139551496089,0.0,-0.0004767404825565934,-0.0001933067755900111,0.00010114712141644645,0.0,0.00023826847659290504,-5.103285441369948e-05,2.144303309567948e-05,-0.001520106544155777,-8.95792144864235e-05,-0.0002756194924122047,0.000120248190061109,-0.0007947052896125205,-2.919394478064993e-05,0.0,-0.0003314514174052257,0.00038446873209760547,0.000543341633617472,0.0001168911370933812,0.000133373353089306,0.000998157581712508,0.001213920173314825,0.001059237707732323,0.00021024829007700008,6.41155879631035e-05,0.0,-0.0001669045255682661,-0.00036126219627703705,8.27455043355813e-06,-0.0002032722431108183,1.2416213953140572e-05,-7.458706520584296e-06,-0.00018576365314548315,-6.466876900667851e-05,-0.0017000799807591006,-0.0001316277999644348,9.258434665999221e-05,-0.0004003389615079522,-0.0002704509544624727,-0.00018265349459013346,0.00020541631610448863,0.0002687268806263774,0.0,0.0,0.0,0.0,0.0,4.65702735873881e-06,2.240931805370938e-05,4.7477068885594026e-05,3.108500319170205e-05,0.0,0.0
2022-01-26,0.0009419150736877251,0.00020484204599061507,0.0003930722470024278,0.0005263152370897865,3.712906385016494e-05,9.566133485027322e-05,-0.013929609246623264,0.0017765388518212004,4.971175227957953e-05,-0.0002002771491608752,-0.0013628402782374241,0.00010619224168131354,-0.0003557102919390504,-0.013356560773985894,0.0010416719646021107,-0.0003109036907102116,-0.00021071695223218628,5.369256733951128e-05,-0.00032508621842474057,-0.0007316182005055254,0.00076999600890107,-0.0002471365597187442,0.0003024822093714329,0.00026241977141225754,-0.0010492466654404766,-0.001276700480296152,-2.4317358110762538e-05,0.00031939377323128717,-0.0001775552224902755,4.436194240413468e-05,0.0020198651798020036,0.00046667172444710543,0.002063842899763642,0.0015253676876317603,-0.0007072352542473665,-0.0001419117724284032,0.0003740857717048713,-6.971637363543803e-05,-0.00014403550313175714,-2.425802005239106e-05,0.0,0.0003214463729646561,0.0002581904602199562,5.846188992912217e-05,5.958694648596359e-05,-0.00037377354423983976,0.0005462416673701144,9.230567603572777e-05,0.00016883485873479842,2.1286822050831153e-05,-0.0008153925397584291,-0.0006052397402091392,0.0,0.0003540382273162647,-5.987820634195304e-05,-5.736164669051805e-06,0.0010214902207970483,0.0,0.00016435575101573073,-0.0001516572058396263,4.636457472226491e-05,0.0,0.0002211544810043872,-0.0001081841939154028,0.00013099600301043655,0.0011728607497535797,4.978878220927201e-05,-0.00028486797894533263,0.0003597814009447588,-0.0011732248702048037,-6.995192742722959e-05,0.0,-0.0004948542557579711,0.00038446873209760547,-6.451304853982053e-05,0.0001168911370933812,0.0004527861345121212,0.001636414143444427,0.0013117591959911296,0.0020936402425052823,0.00037359087723488616,-0.0001870135090056062,0.0,9.514697894605852e-05,-0.0005965196817671013,-1.1770800769169632e-05,-1.4572852922334243e-05,1.2841436140403613e-05,-7.458706520584296e-06,1.3998144696615884e-05,-7.384481248394822e-05,-0.002010558076776535,-0.00012256962752945922,0.00013359068602921206,-0.0004839687129753859,2.5095630160153594e-06,0.0001432609146418788,0.0002585994209178178,0.00022264297865292286,0.0,0.0,0.0,0.0,0.0,3.3230249216138054e-05,-8.181844436333325e-05,5.454338044842253e-05,3.528192195539081e-05,0.0,0.0
2022-02-02,-8.912666488230739e-05,-5.7328564048257744e-05,-0.00029323602494074787,0.00027398712727961437,-7.736483144750306e-05,0.00019457423330721137,-0.009261930087856354,0.0004614525245282285,0.0003827889701993424,-5.3733525100831085e-05,-0.0008674337919088325,7.837232241008065e-05,0.00033371624653843324,-0.003726090591477853,0.001277972781827132,-0.00014962738186504037,-0.00019903587850859326,9.151555773402584e-05,-0.00031244785893841143,-0.00028973158224487606,-0.0007794048859556706,0.00053292553518874,0.00016896859220751984,-0.0002769411300242019,-0.00022280691720628695,-0.0015007149156943107,-0.00013957255766729125,0.0001162004844757605,-0.00026005926115095035,-8.759524453091165e-05,0.0024733920194779367,0.0005611189327622099,0.0015366559269578875,0.0025331400085286558,-0.00010213571958615471,1.0748970031126739e-05,0.00036532706582381345,-6.331797461392199e-05,-9.644955086117178e-05,-3.677196533165675e-05,0.0,0.00024950259863341267,0.0003711022212934982,0.00042908360874370065,0.00012290691582935993,-8.307295283344785e-05,9.328096892906485e-05,-0.00024982559459094925,-0.00013312244405997087,2.1286822050831153e-05,-0.0006482993788165755,-4.539388225509502e-05,0.0,0.0006188284458843238,1.1060591536742545e-05,-0.0002240514236873139,0.0010214902207970483,0.0,0.00019792290596830283,-0.0001516572058396263,0.00010114712141644645,0.0,0.00035992849683622096,-7.858010612653438e-05,-0.0016740071778767796,0.0016442115402728085,8.392819829807185e-05,0.00016560766235164322,0.0001982478492191508,-0.0012608403626329118,-6.995192742722959e-05,0.0,-0.00035184910857208307,-0.00019843550299722206,0.00028577331404514364,0.0001168911370933812,0.0003113610387343842,0.0013108084603020665,0.0011703186202718817,0.0023204200221936537,0.0007427193029915939,-0.0001870135090056062,0.0,0.00020067052465874997,-0.0008108709526525641,-1.1770800769169632e-05,-0.0005991992224394541,1.2841436140403613e-05,-7.458706520584296e-06,1.3998144696615884e-05,-0.00022451244959070641,0.0001724518063146342,-0.000266471519107565,-6.507788933318316e-05,-0.0005029576157911492,5.018218245595997e-05,0.00017599327761319724,0.0007724663125573943,0.00043042672458493993,0.0,0.0,0.0,0.0,0.0,4.65702735873881e-06,-5.112566017136615e-05,5.454338044842253e-05,3.528192195539081e-05,0.0,0.0
2022-02-09,0.0006355123518513552,0.00014010892026698678,3.0223026825156427e-05,0.00040301535331071765,2.9788888417079297e-05,0.00018022672681624997,0.011861761328338506,-0.000804470017197808,6.280567948877176e-05,-0.00012549940126296334,-0.0017366893381065144,-5.545558330966502e-05,-0.0002517768556460544,-0.00495142885881233,-0.0010678956946099298,-0.00028012480274490557,-0.0002795402051481579,9.151555773402584e-05,6.549800073583682e-05,-0.00047189852552303503,0.0005979987330444306,0.0012510721603689416,0.00016896859220751984,-7.001539361788111e-06,-7.769629634461116e-05,0.0017853295960276996,0.0001224558323459223,-0.00013447427552533864,0.0005712146969526371,-7.569844596292092e-05,0.0026914516988959664,0.000571042183805512,0.0015736278277135238,0.0021810371715732173,-7.313859775079828e-05,1.0748970031126739e-05,0.00021716549562115505,-0.00014108357610802434,-9.505931417735821e-05,-2.425802005239106e-05,0.0,0.0001969014099905563,0.00018629794848528487,0.00042908360874370065,0.0006367272345520085,0.00015689052564567637,0.0003209671227358852,-0.00018472355578952093,1.1722001242726322e-05,2.1286822050831153e-05,-0.00013862853171380627,1.3581444449300338e-05,0.0,0.00012430857995916113,2.5284482133740918e-05,0.00039566226227645914,0.0008470248376887927,0.0,-0.00042683155996582893,-0.0001933067755900111,0.0001172937132460209,0.0,0.0004002643561139052,-5.38848965851331e-05,0.00022102243076902722,-0.0019625270083676242,2.494912385997056e-05,-0.00017830701199272577,0.0001565449845221101,-0.0006264061514349508,-4.668189369758833e-05,0.0,-0.00016761379731504512,-0.00019843550299722206,0.00039164919168801235,0.0001168911370933812,-9.346951253069461e-05,0.0010997479584800044,0.0010701235839455847,0.002238463394379608,0.0003464063388766943,6.41155879631035e-05,0.0,5.075812103511581e-05,0.000246360993654822,-0.00023211843032967642,-0.00011381499639273859,1.2841436140403613e-05,-7.458706520584296e-06,0.00030702837937522144,0.00015504937023723409,0.000621092816037534,-0.0001560974083815735,-3.31285170518669e-05,-0.0004734614016686228,-0.0002704509544624727,0.00017143945872152242,0.0006853928022522585,0.00016728472488515358,0.0,0.0,0.0,0.0,0.0,4.65702735873881e-06,-3.278251596968153e-05,4.7477068885594026e-05,3.883025166836997e-05,0.0,0.0
2022-02-16,0.0012549425769417101,-0.0006190361646766607,0.00010021067769583415,-0.000649556691428736,2.9788888417079297e-05,9.566133485027322e-05,0.012085894747770434,-0.0006203589419603292,-4.75845072849419e-05,-0.00012549940126296334,-0.0019745513595820037,3.541983386154743e-05,0.0004205131794370778,-0.014982206963860155,-0.0006564902096672057,-0.0008185545945484401,-0.0002787033874136061,-0.00017200334916312363,0.00043932682190176293,-0.000492644044975753,0.0006174719541382121,0.0012564337261471697,0.0001106703655757431,0.0004910197681392688,-4.160637897759905e-05,-0.0012327211703669614,8.232747380475805e-05,-0.000242162051531053,-0.0005824005372611611,3.301649984451243e-05,0.002462482469110343,0.0004591886332939567,0.0014644025018955991,0.0012903114880250086,-0.0005465428791726729,1.0748970031126739e-05,-1.2711347894340444e-05,-0.00014108357610802434,-9.505931417735821e-05,0.00012810431560937103,0.0,0.00013576537629931719,0.00017348023597068215,0.00042908360874370065,0.0002700027229249847,0.0005632235920226987,0.000330369440809509,-0.00012438467734990436,-0.00010973287907611918,2.1286822050831153e-05,-0.0003765109089572096,0.00019100806233668193,0.0,1.6345050480832852e-05,2.6764645582871765e-06,1.6728319902543908e-05,0.0006685485521837839,0.0,-0.0007382081660545831,-0.00013309404303777202,4.636457472226491e-05,0.0,0.00033139917339680523,-1.670024567288257e-05,0.00022476767791969416,0.0008975956821952001,-3.67512414703155e-05,0.0003240269975251556,-3.8988833953541586e-05,-0.00022897936260276352,-4.3081820735032606e-05,0.0,-0.00015971585140240184,-0.00019843550299722206,0.00041761285354639094,0.0001168911370933812,-2.2139414605892552e-05,0.0008196925091353256,0.0004979955120385286,0.0012896341587187855,0.0003464063388766943,6.41155879631035e-05,0.0,-3.738392373611252e-05,0.0008089658403466056,4.116067542880283e-05,0.0007628650388023803,1.2841436140403613e-05,-7.458706520584296e-06,0.00018687769745253762,-0.0004277711707359957,0.00046645332477479666,9.596746421006568e-05,0.00013257227787624726,-0.00033527155373820296,1.6590389295321865e-05,0.0002059029229044627,0.0006422411302996927,-6.891214451422553e-06,0.0,0.0,0.0,0.0,0.0,-9.746483405566684e-06,-8.181844436333325e-05,4.7477068885594026e-05,3.108500319170205e-05,0.0,0.0
2022-02-23,5.7493045124047226e-05,-0.0010991304292618496,-0.0033840317261111877,-0.0009520119408140673,2.9788888417079297e-05,0.00019457423330721137,0.011318543116946137,-0.0004632926030181623,-0.00019963155264298468,-0.00019821032699786703,-0.002065660763028233,-0.0005578903122765511,0.0006345930036988252,-0.024484826515309165,-0.0017978429976075526,-0.00039364557308589024,-0.0002787033874136061,-0.00017200334916312363,-0.00015412737411872628,-0.0018502398690440668,0.0010601739045192236,0.0017904908209644822,-0.0006311220117667381,-6.999614638902898e-06,0.0005915439789502404,-0.0005864540292331018,-0.00021830491818321777,-0.00012340800880928515,0.000519617222924681,3.301649984451243e-05,0.0023144358614170285,0.0004591886332939567,0.0010545597091962532,0.0013852029724573949,-0.0007064742382270164,1.0748970031126739e-05,-1.2711347894340444e-05,-0.00010051616148226828,-0.00014152075341772715,0.00012810431560937103,0.0,0.0003686545973288742,0.00017649734386552098,0.00042908360874370065,0.0003979346686465344,0.0004250453189488842,0.0003422642900582707,-0.00012438467734990436,5.8656765583094955e-05,-0.0003145632824161716,-0.0005512980379636428,4.769378135047899e-06,0.0,-0.0002228612547498313,1.4016455192862366e-05,-7.553427337648883e-05,0.0020130056636969967,0.0,-0.0008275073447004473,-0.00013309404303777202,4.636457472226491e-05,0.0,0.00033139917339680523,5.289060082269511e-05,0.00022476767791969416,0.0009431274356795563,-0.000177962910405098,0.0003240269975251556,0.0005559363724705682,-0.0011620962951263076,2.6087231501506586e-05,0.0,-0.0002801018116618441,-0.00019843550299722206,0.0004468747104356242,0.0001168911370933812,-2.2139414605892552e-05,0.0005905326701093254,0.0005584037251139252,0.0013558908856847614,0.000341117520763864,7.73867286995378e-06,0.0,-0.0002192530682056372,9.716492308647115e-05,0.00024246397752021397,0.00032779915014145123,1.2841436140403613e-05,-7.458706520584296e-06,-3.2522253074088e-05,-0.0005984908339435178,0.00021300519737144625,0.0001082156980507769,-0.0010654786978692582,-0.00048529403877423176,-4.397749996111797e-06,0.0002059029229044627,0.0009592388767255711,-0.00023636375332039056,0.0,0.0,0.0,0.0,0.0,4.067982901201433e-05,-3.125124430977723e-05,4.7477068885594026e-05,3.108500319170205e-05,0.0,0.0
2022-03-02,-0.0009186140935043596,-0.0005385221278410989,-0.003373664496784375,-4.828025273221046e-05,-4.1304799800010904e-05,0.00018022672681624997,-0.012116556395821777,-0.0014318714644437273,-5.5631062709817045e-05,8.44744610002749e-05,-0.0008945437761824643,-0.0016312212482337137,0.00016448950423495444,-0.024743373448646973,-0.001613892118148645,-0.00021013005925529137,-0.0001988779264072482,-0.00017200334916312363,-0.00037882045384146705,-0.0012631684382106822,-0.0006138436248887857,0.0024673854118230708,-3.508755290817698e-05,-0.00026699195315665886,0.00014389104618710828,-0.0002937654893624893,0.00014140164281791932,-0.00044371082082623163,-0.0004607923163727688,-5.672150408041967e-05,0.002328487938663636,0.0006379350779620986,0.0015312444789668622,0.0003683363988692162,-0.0005956559436993334,1.0748970031126739e-05,0.0001193775007828368,-1.5400349846249865e-05,-5.692905606692024e-05,0.000294054470562088,0.0,0.0001593629797612053,0.0003755921211732275,0.00035458688438521995,-0.00019596473834072986,0.0001745967501591356,-0.00012325086818339476,0.0006209060065729751,0.0002597625942739614,-0.0003145632824161716,0.00023223334533629877,1.5081785578559777e-05,0.0,0.000453702830373785,-6.780883276928653e-05,-4.805178816864774e-05,0.0021335145653551767,0.0,0.00016435575101573073,-9.618760515332318e-05,0.00010114712141644645,0.0,0.00023835663092743723,-0.0002580680565532296,-0.0014362518101998037,-0.0002858557766833789,3.056102340855922e-05,0.0001638616345615221,0.0004215122099723221,-0.000967099060815721,4.6561023065412404e-05,0.0,-0.0006739855640374107,-0.00011888789386356219,0.0001263362493965628,-4.000984701228534e-05,-0.00042714784460910976,-0.0002069470490500618,0.0014176462534800098,0.002065903769067792,0.00033456147276374665,0.00010179057594525496,0.0,-0.00025663026305575935,3.2351046569235084e-05,8.330806311985446e-05,0.00019280614587578084,0.00011878289194783039,-7.458706520584296e-06,6.493437182998932e-05,-5.738981282847426e-05,0.0006268149978351505,-9.769904345878387e-05,-0.0010688885765426635,-0.0005052380916728607,-6.168012400561264e-05,0.00024102181371195836,3.960034234296305e-05,8.696527748890575e-05,0.0,0.0,0.0,0.0,0.0,3.6483594699292306e-06,-3.125124430977723e-05,5.454338044842253e-05,-2.275816595030374e-06,0.0,0.0
2022-03-09,-0.0018681849899906643,2.253009232479661e-06,0.00019602103161127284,7.216752182618243e-05,4.997602757693604e-05,9.566133485027322e-05,-0.012249050569461857,-0.00044511795526112484,-5.5631062709817045e-05,-0.00032041608216553215,-0.0011430664807335158,-0.0011810526596988838,0.00011803409970097189,-0.02267839888921917,0.003847497944121742,-0.00045976982578786274,0.0006816812352448751,9.151555773402584e-05,-0.001199182951982729,-0.0017401400915609353,-0.00027124756474084183,0.0029388936596426623,0.0002576514271553688,0.00022108017747685498,6.176542987983418e-05,-0.0011281680483494292,1.4105194209559894e-05,0.0005696622395028416,-0.00015186613402623928,1.238829816449561e-05,0.002295119645610971,0.000462593971440292,0.0013270398825985185,-0.0002123267489860971,-0.0008061970784273046,-0.00026342455770705925,0.00010469067299488886,-9.36661666127464e-06,4.300775269467549e-06,0.00018390380723638515,0.0,0.00033242522886724164,0.0002334832069231912,0.00025674761891354545,8.906697223983548e-05,1.844758507473174e-05,-7.170276627034744e-05,0.0007233759886433463,0.0002597625942739614,2.1286822050831153e-05,0.0005202422736357178,0.00014669070412441843,0.0,0.00021905795057280188,-6.0374343248634304e-05,-7.131703805328217e-05,0.0004158126132341719,0.0,-0.0006675714059441563,-9.618760515332318e-05,-6.373004566086891e-05,0.0,0.000289361004573914,-0.00012337974138073625,5.95389569340073e-05,-0.0008468909481794342,6.117290277867383e-05,-0.00020418186301931929,-0.00027435048703199544,-0.000837262702834641,8.81749947906636e-05,0.0,-0.0003518663226587797,-0.00018743030930884827,5.612041374745719e-05,-6.022229051152085e-05,-0.0003958095557115328,-0.000689397760825584,-0.000475771799546582,-0.0012709772557390844,0.00014189554636360324,-0.0001870135090056062,0.0,-0.00018225758660052771,-6.685853389121096e-06,-0.0004111255549337063,0.0012999904916257744,-0.00018947864375037528,-7.458706520584296e-06,1.7369480135742013e-05,-0.00019276276065063804,0.0005917210844337014,-0.00014901278360736066,5.636489565764354e-06,-0.00017283311961259392,-6.168012400561264e-05,-0.0001097296233086196,3.960034234296305e-05,-8.963272831058911e-05,0.0,0.0,0.0,0.0,0.0,3.6483594699292306e-06,-8.181844436333325e-05,2.4316632749611735e-06,-2.275816595030374e-06,0.0,0.0
2022-03-16,-0.0014904732125576247,1.0028701208177224e-05,0.00022289920590871083,0.000441161991425915,-8.39950831880422e-05,0.0004983868136727818,0.013325569710551339,0.001303047419261844,-0.00022812615407449336,-0.000348190059473689,-0.0019657021243339417,3.057614256110237e-05,-0.0006165396520508111,-0.005521925256432603,0.003227205992052358,-0.00016369635103251747,-6.836022517288621e-05,3.495027926592589e-05,6.900827945376724e-05,-0.0005172774683086885,-0.00033892744494919586,0.0023777457461242315,-0.00013761965287658711,0.000489117916785244,0.0009602565899076021,-0.0014755589996420257,-0.0007344900495777825,1.723156351466623e-05,0.00023713903006723015,-0.00011103132709157861,0.002538767249067467,0.0002814073668819968,0.0014735107817123148,0.003074474956082188,-0.00024779928788060796,1.0748970031126739e-05,-0.00016961148159521793,-0.00010776363659523221,-6.819920637657311e-06,9.08143095561423e-05,0.0,6.227075468743651e-05,0.00017821679475647109,0.00025674761891354545,0.0005486186419221245,0.0002131427496732061,3.278577928849507e-05,-8.799080259490201e-05,0.0002529777662884076,2.1286822050831153e-05,0.00026782349653208334,0.00014669070412441843,0.0,7.598144801185033e-05,7.845537130705541e-06,-1.659443741160451e-05,0.0010612241248478505,0.0,-0.0006119446027060105,-0.00013309404303777202,-6.373004566086891e-05,0.0,0.00029931833295192127,-2.377874395811944e-05,0.0002665739339134687,0.00019176188623766272,-0.00010207910524642897,-0.00021065230301683626,0.00014737329586020852,-0.0011240021754639776,-6.29958431174117e-05,0.0,-2.0681967061053473e-05,-0.0001287737335911987,0.0001307055984039982,-4.000984701228534e-05,0.0001189262786557816,0.0005408227104790047,-0.0003426439138995486,0.001268830227670134,-4.292285720311239e-05,6.41155879631035e-05,0.0,-2.6076583745020277e-05,0.0005602209048115671,0.00016199057426050827,0.0014949446338026057,-0.00018947864375037528,-7.458706520584296e-06,-0.00018629361315535204,-0.0002456747230401687,0.0006506688188518277,-8.864438476232912e-05,0.0002117205304823591,-0.00045684216810581524,1.6590389295321865e-05,0.0002059029229044627,0.0009703444459653558,-0.0002929931502050405,0.0,0.0,0.0,0.0,0.0,4.067982901201433e-05,-5.112566017136615e-05,5.454338044842253e-05,1.9116267020890995e-05,0.0,0.0
2022-03-23,-0.0013649128713034927,-3.361559378986184e-05,0.00018863394515215577,-0.00014623238456548129,-3.634049959549673e-05,9.566133485027322e-05,-0.004831374903364938,0.0007108584690537982,-8.551386149802031e-05,-0.0003192365261170815,-0.0010465747179412585,-0.0002793947456390594,0.0005832164263548957,0.005634078659484806,0.001970556115773295,-0.0002572048707185808,-0.00019903587850859326,3.495027926592589e-05,0.00024150442771326321,-0.0007606380268628678,-0.00033892744494919586,0.0024954972125686417,0.00023260864963520024,-0.00027503927867017725,0.00045017419508785366,-0.0016785057358373893,0.00014504532763536616,-0.0001739940473110007,-0.0004662225330985197,-2.846355938174608e-06,0.0026314708021848545,0.0002892746826600158,0.001983906672725262,0.0025476821880015947,-0.00020228741818204753,-0.00026342455770705925,-0.0005551555221380484,-0.00010776363659523221,-6.928800393935032e-06,0.00012399713722746348,0.0,0.00017122873438720428,0.00020180299022829897,0.00035458688438521995,-0.00020902547106873198,-2.6820728805918126e-05,-0.00016805779636999585,-0.00015309284139633034,0.0003803857660020657,2.1286822050831153e-05,0.0003905582649529128,9.84293076974073e-05,0.0,0.0001687873890443158,-6.835495888434025e-06,0.00014496140978455775,0.0009675337393469728,0.0,0.00019139381723642482,0.0001567687479660813,4.636457472226491e-05,0.0,0.00020401163985912774,-7.858010612653438e-05,-0.0005628263375217469,-0.0011920128823299555,-9.47307618181117e-05,-0.00013655711825619999,0.00010508283346551833,-0.0012651672593111212,1.3242429276930564e-05,0.0,-0.00029635067510436745,-0.00019731614903648477,0.00014048423611773476,-4.000984701228534e-05,0.00036944564961205716,6.137783522793588e-05,0.0010032937923959723,0.0014737670459110726,9.928754719262689e-05,-0.0001870135090056062,0.0,-1.2151814464754021e-05,9.32212196933627e-05,-0.0001604741305700777,0.0011035562999768202,-0.00029504206419422597,-3.633527050395722e-06,-0.00012839709125213956,0.000118914317635825,0.000337307847387268,-0.00036592966841248435,0.0001014356143888247,-0.000413173835381509,4.7795825080697204e-05,0.0003285794751032314,0.00030747386500298477,0.00021627193379281714,0.0,0.0,0.0,0.0,0.0,4.067982901201433e-05,-5.112566017136615e-05,5.454338044842253e-05,-3.131978160270967e-05,0.0,0.0
2022-03-30,0.001013828702007501,-0.000154725881848742,0.00020948453310280736,-0.00021531795032006046,2.0637702870259258e-05,9.566133485027322e-05,0.013416980041008553,7.478940008419103e-05,4.738450172575573e-05,-0.0002526109450007947,-0.001715448263195259,-6.503148197020261e-05,0.0009294166761511703,-0.0012096663623040397,-0.0013254172620938273,-0.00016875585424298568,-0.0002785109736167898,5.369256733951128e-05,0.0003269930330048518,-0.0015485215684324359,0.00020256192191690756,0.002058876040674884,0.0001626857372358832,-0.00041790514533875524,0.0002056364955215206,-0.0014794157413894708,0.00010301409058411435,0.00015033503967301238,-0.0005730467318373812,5.7590493831492154e-05,0.0024563986543776947,0.00046667172444710543,0.0014363751487064685,0.0024074268576398327,-0.00014393787052564746,1.0748970031126739e-05,5.305635157915922e-05,-0.00013537740328666367,-5.827668347735131e-05,5.4193247707480004e-05,0.0,0.00048415202887897946,0.00019181288609856483,0.0004509306610847046,3.132220418760687e-05,0.0002334317163189521,7.850479273830799e-05,7.064887614951113e-05,0.00033645737800572646,2.1286822050831153e-05,0.000715703848364614,9.15125921135132e-05,0.0,0.00010499461340985136,2.4753164761855823e-06,1.2545152286339527e-05,0.0008023849479127493,0.0,-0.00017877435359328853,8.790564884327381e-05,4.636457472226491e-05,0.0,0.0002893000998318531,1.589291788925976e-05,0.00018858166840606184,-0.0011103032658109915,-0.00022929333467122619,-0.0022001451848853645,-5.7256149791236146e-05,-0.0006233027132481368,-0.0014166316854286873,0.0,1.7539884742864945e-06,-0.00011888789386356219,-0.00017217932828425227,2.7337269947033523e-05,0.0001559200495832804,-0.0005484030249790654,0.0008478915800171838,0.0002956827364670398,0.0001726923047162583,6.41155879631035e-05,0.0,0.00017499434650911495,-0.00019286329163969472,-4.5579062621553415e-05,0.0019561515621387715,-0.00018947864375037528,0.001432774947526563,3.989489209525804e-05,2.1227526453952926e-05,0.0005301136985925842,1.734181021909841e-05,0.00013506680036458115,-0.0004527929905999663,0.00015372357485077617,0.0003095915777243501,0.0010294384108712373,5.669850987458855e-05,0.0,0.0,0.0,0.0,0.0,-9.746483405566684e-06,-5.112566017136615e-05,4.7477068885594026e-05,3.127173903515026e-05,0.0,0.0
2022-04-06,0.0009014076330087972,-0.0006913726389426299,0.0003745758301182635,0.00047688530992163195,-4.5941475809341294e-05,0.00019457423330721137,-0.012495455025036167,0.0007832644099849888,8.966461457355236e-05,-0.00024300530427911527,-0.0015136627303763781,-0.0010702061803499084,0.0004317325184532121,-0.011455965735892453,-0.0012434066821657335,-0.0005809462246827982,-0.00024925068288452466,5.369256733951128e-05,-0.0005020786818596065,-0.0014249664415543414,0.00039510756818193765,0.002617448969973974,0.0003031209927525762,-0.0002759491138018831,-1.2583224003115845e-05,-0.0014400102748963381,2.3781946330404062e-05,0.0001584198570727051,0.00046545103767906367,-2.846355938174608e-06,0.001803605784997087,0.00046667172444710543,0.0019129899548277782,0.0005576403011616945,-0.00041395052287315266,0.00011221939268234666,-0.0004452235384709794,-6.702401427059923e-05,0.00010387042051766613,8.669523165765933e-05,0.0,0.0002614765689637362,0.00045290492757724723,0.00033369436134725024,0.0001903567479418014,0.0003543760128930783,-0.0001398137686814966,0.0005732028232768074,0.00016131477050858697,0.0003247983377626422,0.00041438637965589964,0.00018215759260888526,0.0,0.000490120807275086,-5.250571540925007e-05,-0.0005104797325096232,-0.0005624765218622406,0.0,7.505657236986656e-05,0.00010193529764627062,0.00010114712141644645,0.0,0.00020296075690476653,-0.00010868625875354806,0.00013099600301043655,0.00018068841751261622,-0.00036675716909401255,-0.00024396639206337057,-0.00027435048703199544,-0.0005345752625334276,9.326452754019305e-05,0.0,-0.00029635067510436745,-0.00011888789386356219,-0.0003624508273606876,-4.000984701228534e-05,3.2028897639541906e-05,0.0007282711891446222,0.0001429070308032754,0.0019536412820958383,0.00040035551175654597,-0.0001870135090056062,0.0,-0.00024284485793544532,-0.0009230189494262328,0.00023224910592138534,-8.655760868852392e-05,-0.00029504206419422597,0.0012386821327568937,0.00034344385953266116,9.077426221944807e-05,0.0005626933201284872,0.00014201255123654592,0.00019168262560467813,-0.00018955304790179626,0.0007208975423447848,-7.571594103274092e-05,0.0005747986732735874,0.00029375918412994994,0.0,0.0,0.0,0.0,0.0,3.6483594699292306e-06,-8.181844436333325e-05,4.990061419166017e-05,-3.131978160270967e-05,0.0,0.0
2022-04-13,5.7493045124047226e-05,-0.0013368433354212666,0.00026354956039209234,-0.0006680342832800296,-4.5597121396978994e-05,0.0004983868136727818,0.01303029760781286,-0.0006220867193096795,-5.2302264788728516e-05,-0.000637890167001686,-0.0019351921676323644,-3.405339918730474e-06,0.000992012592511234,-0.022321522607861653,-0.001837347076028817,0.0006587256246614725,-0.00011956979938471449,-0.00017200334916312363,0.00013034764743950907,-0.0020326300678903605,0.0006682589256859957,0.002960358758281049,-0.0005542739862591484,0.0004901099330075629,0.0008836499445601331,-0.0010463998788691592,-0.000309940290458576,-0.00010293804164311095,-0.0005581623623042762,0.00021566066825174686,0.0019096331711350731,0.0006379350779620986,0.0013559984335420043,0.000997708857753842,-0.0001430835124425855,0.00011221939268234666,7.428933049489426e-05,0.0001771846557486954,0.0001052606572014797,0.00022654362204015574,0.0,-5.986505801226178e-05,0.00037431631476748516,0.00033369436134725024,0.00010292609506072472,0.0004579114710503813,0.0001535467013084401,0.0001829803555789599,0.00033645737800572646,0.0003247983377626422,0.0003100336726680404,-4.084956340882905e-05,0.0,7.252460677147177e-05,1.4016455192862366e-05,-0.00048356639551916695,-0.00039167973736037624,0.0,-0.0008422904821739849,0.00015175338562765326,4.636457472226491e-05,0.0,0.000239117957261802,5.289060082269511e-05,-4.106588647767324e-05,0.0005023771102892638,-0.0003232376767889063,-0.0002360867358105225,0.00014737329586020852,-0.0010728101243875471,8.072815914725938e-05,0.0,9.651934386929757e-06,-0.0001287737335911987,-0.0005773576247895588,-4.000984701228534e-05,-2.2139414605892552e-05,-0.0006196224280591634,0.0004106457237644875,0.0004389853586330538,0.0001444542510842007,6.41155879631035e-05,0.0,-0.0003242794467070377,-0.0008572831173683993,4.116067542880283e-05,0.0018469740880674933,-0.00029504206419422597,0.0012386821327568937,0.0003063135304005861,-0.000287013483945579,0.00043063933504687856,0.00011261448538246626,6.142311229917937e-05,-0.0001562285676881112,0.0004431287501358963,0.00020516443697835614,0.0014230977423458956,-0.00013095813091760792,0.0,0.0,0.0,0.0,0.0,4.067982901201433e-05,-8.181844436333325e-05,4.990061419166017e-05,3.127173903515026e-05,0.0,0.0
2022-04-20,0.0008789243013483267,-0.0011789197387660536,-0.0007825256532148501,0.0003393559772793476,-4.5941475809341294e-05,0.00018022672681624997,-0.013885023900600157,-0.0012646181430026435,7.04299789167904e-05,-0.00042437610743750113,-0.0009237992976369435,-0.00030919025604808187,0.0006458123427149596,-0.02281569904605165,-0.001255380077568717,-0.00015425712466258533,-0.00024203550865529045,-0.00017200334916312363,0.0010977306020013503,-0.0012090539839008311,0.00019709082006186577,0.0038477290847117266,-0.0001013643965070771,5.969255937562828e-05,0.00016221053854419647,0.00013000532590622278,7.058180033018798e-05,6.307647103371448e-05,0.0004476987654740604,0.00027467723052166,0.0018638813069798985,0.0006478583290054007,0.0013679215436150226,-0.0004776304817786284,0.0014345870078974331,0.00011221939268234666,-0.0003853161786538878,-4.776630943650583e-05,0.0001300032447622364,0.00023905756731942143,0.0,0.00023629771681910497,0.00020122729669806618,0.00033369436134725024,0.0002088612720916453,0.0002578685165553596,-8.067642422158069e-05,0.00040672207312480134,0.0002597625942739614,0.0004556259007135444,0.0006577954059661893,-3.2037497094576614e-05,0.0,0.00024016230926841834,-5.3693733761859055e-05,-0.0005069669140398566,-0.0005557353620302152,0.0,0.00016435575101573073,0.0001567687479660813,4.636457472226491e-05,0.0,0.0002002635327416406,0.00019722232626816124,5.3883795458644855e-05,-0.0016051884922808843,-7.964768511066886e-05,-0.0001867097413947192,-0.00027435048703199544,-0.0007817878953882015,0.0002193563800795875,0.0,-0.0006739855640374107,-0.00011888789386356219,-0.0007058313161009784,-4.000984701228534e-05,-0.0004171402824466125,0.0007822761583711978,0.0003229067675503426,0.0006834799529539051,0.00035751070828297395,0.00010179057594525496,0.0,5.0519109165322746e-05,-0.00040619750742509203,-0.0003736381114789839,0.0019434349930219925,-0.00018947864375037528,0.0012386821327568937,0.00019907032110973134,0.0002476704618619886,0.00040783758838149937,0.00015851682643379798,0.0004699816963804949,-0.00018955304790179626,0.0004513255391319481,-0.0001356993607625729,0.00018526387489796724,-0.00012413189430108274,0.0,0.0,0.0,0.0,0.0,3.6483594699292306e-06,-3.125124430977723e-05,4.990061419166017e-05,4.8171524637656215e-06,0.0,0.0
2022-04-27,0.0011649372739500011,-0.001195990825016927,-0.0006345868678917185,0.0003393559772793476,1.2940409273803773e-05,0.00019457423330721137,-0.011977266671264204,-0.0011636570530457106,-0.00018251451071147595,-0.0006275603922453256,-0.0013724073387025755,-0.0002045785583498532,0.0006458123427149596,-0.021067566770070212,0.0013570146769157105,-0.0008042375311979047,-0.0003219524798733614,-0.00017200334916312363,0.00021572008227613233,-0.0012318966497924723,0.000760674650488736,0.0031521875788321626,5.3822251050255265e-05,0.00021892238866962456,0.0006918661429749494,-0.0011786478022795916,-7.305105011362113e-06,-0.0003394126777941617,0.00026110942223556263,0.00027467723052166,0.0013833344153504428,0.0006478583290054007,0.0017490795433493112,0.00028768232921814725,0.0014177516020919283,0.00011221939268234666,-0.0004383097679905444,-4.776630943650583e-05,0.00012646442832962013,0.00023905756731942143,0.0,0.0001324578618278548,0.00019127142864690537,0.00033369436134725024,0.0001903567479418014,0.00010758342604455322,-0.00013497399057079952,0.0001829803555789599,0.0002263661051493981,0.0004556259007135444,0.00020151217194843665,-1.457700035437417e-05,0.0,0.00019775010277532222,-3.3270652197641355e-06,-0.0002977021373385599,-0.0005721091088830994,0.0,7.505657236986656e-05,0.0001567687479660813,-2.626002892764968e-05,0.0,0.0002981415260122136,-1.91076134571984e-06,0.00022476767791969416,0.0004017309160084584,3.925958625594956e-05,0.0003371413722805471,-0.00021936343409910668,-0.0005839959732889653,0.0003193859596943581,0.0,-0.00029846225958267625,-0.0001287737335911987,-0.0006371507989097246,-4.000984701228534e-05,-0.0003930880893124029,0.0007092524616931005,0.0005020176143035636,0.0018589419432734461,0.00035751070828297395,0.00010179057594525496,0.0,-0.00014716134367026253,-0.00040619750742509203,0.00018033303197050006,0.0010150155544246138,-0.00029504206419422597,0.0012386821327568937,0.00019907032110973134,9.077426221944807e-05,0.00043803139998016755,0.0001082156980507769,0.000541223295133822,-0.00018955304790179626,0.0004513255391319481,-0.00011193848440191876,-0.0005293599831849422,-9.45584834116021e-05,0.0,0.0,0.0,0.0,0.0,4.067982901201433e-05,-8.181844436333325e-05,3.132340411796933e-05,-3.131978160270967e-05,0.0,0.0
2022-05-04,0.001149853197004347,-0.0016015974306809657,-0.0028426504778665328,-0.0004302809815037525,-4.5597121396978994e-05,0.00011972720315048224,0.011976498477655266,-0.0004824526612340948,0.00022598524598162466,-0.000637890167001686,-0.002515125865080106,-0.0003533960599132624,0.0007032966955239338,-0.020642373392235038,-0.0020171803968639106,-0.000449801234218417,-9.827801722284008e-05,-0.00017200334916312363,-4.3991753565388495e-05,-0.0019521571294502647,0.0008248427001009051,0.0024863143930327087,-0.00036026275078024714,-0.0003750675764451052,0.0007063846604363074,-0.0007714395029553781,-0.0001171635877194501,-0.00033475028690269114,0.0006669224265402362,-3.104806406142624e-05,0.0016700470802109594,0.0006478583290054007,0.001138949101903709,0.0011955114596582646,0.0022271300437303257,0.00011221939268234666,-8.69411628656654e-05,0.0001771846557486954,-0.00032560390648628685,0.0003239022706979323,0.0,-7.018346748981192e-07,0.000149643592040881,0.00033369436134725024,0.0007869357881274896,0.000246227453956933,9.067945013430363e-05,-1.2665023237043166e-05,-0.00011942159189763128,-0.0010198349814753407,0.0009242886009198159,0.00010928738087566652,0.0,-0.00013066115403633177,1.4016455192862366e-05,-0.00020455153932544853,-0.00017284346661288426,0.0,-0.0009515067202936089,0.00015175338562765326,-4.952958115170492e-05,0.0,0.00033139917339680523,0.00012266841529708796,0.00022476767791969416,0.002257726219882704,8.683379028000035e-05,0.00037029149190451286,-6.655239688537309e-05,0.00015567121319091644,8.162737617939736e-05,0.0,0.00017089942442399307,-0.0001287737335911987,-0.0002461799942497264,-4.000984701228534e-05,-2.2139414605892552e-05,0.0007422783531335427,0.0006126389781865562,0.0014733992371836976,0.000341117520763864,7.73867286995378e-06,0.0,-0.00024956588802731194,-0.0008578233258377529,0.00024246397752021397,-0.0001993180366099331,-0.0002640912402785736,0.0012386821327568937,0.0004291383939643984,-0.0004829082190187726,0.0004943365388489093,9.063448005351604e-05,0.0005077338942504816,0.00018279520819376396,0.0004860259906546672,-7.977239361754743e-06,0.0005596697073978106,0.000230213775887661,0.0,0.0,0.0,0.0,0.0,4.067982901201433e-05,-8.181844436333325e-05,4.990061419166017e-05,-7.237109892930681e-07,0.0,0.0
2022-05-11,-0.0013886998459337826,-0.00025492785243330483,0.0002722007271223526,0.00019103905944114092,-0.0001059505828398143,0.00019457423330721137,-0.011737678498213708,0.000415234758938171,-0.00022580858022438482,-0.00032017327975821826,-0.0016576094863621099,-2.225682940899772e-05,-0.00042338568042236404,-0.022476017946130012,0.003466885819554729,0.0004124391506995019,-0.0003051200946524447,-0.00017200334916312363,3.893418400287617e-05,-0.0013680061669577917,-0.0006011885376151953,0.0034766706582779376,-3.160177386701357e-05,0.00017742957503352354,-0.000885850809993314,-0.0011431162106439676,-0.00010099303374231626,-0.00032881522559829134,-0.00041953829808605254,0.00010562728478756327,0.0018627404218091058,0.000462593971440292,0.001609409135358864,0.0008344664268707318,0.0017114825597266267,0.00011221939268234666,-0.00047659513958137067,-4.776630943650583e-05,0.00011178653412458385,0.0002075398243037175,0.0,0.00012000421886099618,9.878881103160909e-05,0.00018814618848224626,-0.00015447886590923493,0.0002499215065808942,-0.00014115507168907044,-0.0001296976921099845,-0.0001627198865048331,-0.00014583424769157245,0.0008322113945913496,0.00014669070412441843,0.0,-3.980703119299852e-05,-6.780883276928653e-05,-0.0007117531795197314,-0.0002996504068303921,0.0,-0.0006863495668263785,0.00010193529764627062,-2.626002892764968e-05,0.0,0.0002981415260122136,-5.8934968939348584e-05,0.0001932069735123439,-0.0003643582858456838,0.00017580292019887917,0.0003744543142849167,-0.0002856054169198029,0.00014166764546075228,8.253272021905574e-05,0.0,-0.00014350113621761171,-0.00011888789386356219,0.00026177339640855954,-4.000984701228534e-05,0.0004422042018917799,0.0008764913235421242,0.0003943235240234252,0.002015006809148907,0.0002888449460023794,-0.0001870135090056062,0.0,-0.00022318321568542805,-0.0010746265372708974,-0.0004111255549337063,0.0008202831955977576,-0.00029504206419422597,0.0012386821327568937,0.0008051045065711475,0.00011117866721962541,0.0005056323940834443,-3.94931876977636e-05,0.00025808969513865793,0.00018000176031114624,0.0007110565861418761,5.7051296737006386e-05,-0.00014452360515424757,-0.0004504802149920847,0.0,0.0,0.0,0.0,0.0,3.6483594699292306e-06,-8.181844436333325e-05,3.132340411796933e-05,-3.131978160270967e-05,0.0,0.0
2022-05-18,-0.0016093252115144921,0.00027882269194962365,-0.00023015188757078594,2.9130726094649366e-06,-0.00011579466695189197,0.00019457423330721137,-0.012495113268520004,0.0004690745549593056,-0.000521779225244502,-0.0002067849459089304,-0.0014627393161028047,-0.0009490932303066237,-4.517862900102564e-05,-0.014057717424337578,0.0035423637610650896,-0.0007461273510798257,0.0009152610904574735,3.495027926592589e-05,-0.0006006746279002284,-0.0014131461138525796,-0.0005251898102860985,0.0022280122382323042,3.4140157509621226e-05,-2.9366120373378833e-05,-5.123452435907713e-05,-0.0014390182348640538,-0.00012249923812172344,-0.00023887088452118597,-0.00044676091044040946,6.454999900777059e-05,0.0020709026174679465,0.000462593971440292,0.0015004409627273744,0.00141117255111373,0.001141206351024882,-0.00016195413505583933,-0.00047659513958137067,-1.537820696385899e-05,0.00011178653412458385,0.00020423210424346696,0.0,-0.00010178074365881849,0.00018049476068738495,0.00018814618848224626,2.7658317076104913e-05,6.552453551731108e-05,-0.00015535651761321178,-0.00015168407771196728,-0.000222584565527878,-0.00014583424769157245,0.0016244526790349916,7.595593836575717e-05,0.0,8.660758912691109e-05,-7.780849477691669e-05,-0.000692733677065854,-0.0004627658117253529,0.0,-0.0001473815012834524,0.00010193529764627062,-2.626002892764968e-05,0.0,0.00030526020615983786,-7.858010612653438e-05,6.478173976372916e-05,0.0020118599773050047,0.00017580292019887917,0.0003330249981301328,0.000718212723748089,0.0004451656545214206,-4.6302503514355486e-05,0.0,-0.00026865229757176354,-0.00018743030930884827,-0.00019803442744848775,-4.000984701228534e-05,0.0004422042018917799,0.0007212595975757687,0.0009654741135272762,0.0019381891263981015,0.0005500533765914505,-0.0001870135090056062,0.0,4.795854757272287e-05,-0.0012034057779065797,-0.00038460945702373077,0.00018654318545411556,-0.00029504206419422597,0.0012386821327568937,0.0008051045065711475,0.00011117866721962541,0.00042551982038930485,-0.00036156432414825585,1.3467494695596002e-05,0.00010170330707480148,0.0007165102853841619,-0.00011689642783816976,0.00019329906787203917,0.00019816748770001074,0.0,0.0,0.0,0.0,0.0,3.6483594699292306e-06,-4.74513430731905e-05,3.132340411796933e-05,-3.131978160270967e-05,0.0,0.0
2022-05-25,-0.0011367786581800252,0.0018449653066106323,0.0007047750714192821,0.00040486097679111105,-1.8190692204807877e-05,0.0002791396252731881,0.01127090598743439,0.000313554039359601,0.00022398734830103378,1.83634547616478e-05,-0.0024022186181397957,-0.0005159778467517057,-0.0003264304584556586,-0.002728945453678143,0.0010432196345863017,-0.00044861546877019576,0.0002751864912764347,-0.00012569270222626417,-0.0005163578008347608,-0.0005858718062619865,-0.0004664872661064563,0.0026013732323319104,3.4140157509621226e-05,-0.0003738196227695807,-0.00039308175264670395,0.0017707821751364282,-0.0002875171098093811,2.774336980530672e-05,-0.00035151719033461295,2.282708408081883e-05,0.0014222133084464742,0.0005750631984600121,-0.00016700357028833962,0.001496896083404252,0.00010394027281683375,-0.00016195413505583933,-0.00011787003173752136,0.00011680315384266799,7.963610275161185e-05,7.835344980893156e-05,0.0,0.00020478289497023988,0.00017135825706313297,0.00033369436134725024,-0.00012755958331164258,-0.0002900042068706205,-8.292559851359899e-05,0.00021123263746946158,-0.00021247480107633738,-0.00014583424769157245,0.00027434937855977436,0.00018029023805623434,0.0,0.0003537872481614502,-3.951595926010844e-06,-0.0006649244091910238,-0.0005475517117294842,0.0,-0.0001411827130673187,0.00015175338562765326,-6.193794985274618e-05,0.0,0.0002957987845905757,4.599907051627342e-05,-0.0004969177291977663,0.000849003708580694,0.00024583689032572047,0.00019571000364782226,0.0004955359606925671,0.00024162694133534915,-2.4818577459193488e-05,0.0,-2.121953140988812e-05,-0.00018743030930884827,0.00012804204237261497,-4.000984701228534e-05,0.00022718257014784523,0.0006888142791471706,0.001000996349988068,0.0015151362678105314,0.0005319290063926979,6.41155879631035e-05,0.0,-1.7901128007232063e-05,-0.0008585487648533267,-9.363022248271531e-05,0.00022069801281509932,-0.00031962454790437027,0.0012386821327568937,3.989489209525804e-05,-0.00020819624949144414,0.000693916884815569,-0.0005027335110887646,-0.00014242945579954008,3.739982980106201e-05,0.00024146379215118566,-0.00014683250193902697,0.00043314808972365424,2.864434276892598e-05,0.0,0.0,0.0,0.0,0.0,-9.746483405566684e-06,-3.774385509775926e-06,3.132340411796933e-05,-7.237109892930681e-07,0.0,0.0
2022-06-01,0.0007337718823823058,0.00012109213085126328,-5.441287577350546e-05,-0.0004949426774814304,-4.20377005908761e-05,0.0002791396252731881,0.012135139935991404,0.0005439786797557508,-9.562754715112562e-05,-0.000891129016776715,-0.002120629092449371,-0.00039878624875757285,0.00018283405245042214,-0.023065208468179672,-0.0023488827981552876,0.0005436117859305254,-0.00010012631448606799,2.7607500374418137e-05,-0.00021153869748530708,-0.002111132967041974,8.87567304832992e-05,0.0008478657766926758,-0.00048057939834650923,0.00040200841079991034,0.0007042699232716134,-0.0001803393463804621,0.0001131490397706091,2.9473627437139768e-05,0.0004017408510050909,8.768793946888492e-05,0.0012472215365052217,0.0008084598033707147,-0.0003410773094470554,0.0015464956491327538,-0.000782731080266512,-4.044134977718329e-05,-8.69411628656654e-05,0.00010152852857792708,0.00011317677080839742,7.9213999629636e-05,0.0,-0.00010846887721960003,0.00015162574555949453,-3.692735746732825e-05,0.0005312757379888229,0.0004255525292074831,-1.6096659346683137e-05,0.00013517018470555087,-0.00022220805129636833,-0.00014583424769157245,0.00025943013064589303,8.073449263903179e-05,0.0,-4.144953960969538e-06,-2.3209947460372193e-05,-0.000839966023313038,-0.00018958627447663022,0.0,-0.0004619573450830558,0.00015175338562765326,-2.626002892764968e-05,0.0,-0.00022385893663016677,5.289060082269511e-05,-0.0004390437729008788,-0.001752734833038236,8.411872440509211e-05,0.00017188438648914396,-0.0002550233049638225,0.0006053664643432793,-1.5038246354305136e-05,0.0,2.683078118740945e-05,0.0005321091445224524,4.634177603372065e-05,-4.000984701228534e-05,8.758798975820463e-05,-0.0003971498781795323,0.0006204044045007308,0.0016147807178814573,0.0009826543314275947,6.41155879631035e-05,0.0,-0.0005199387353243271,-8.383493581444708e-05,2.5834278142600386e-05,-0.0004755580991445012,-0.00035237566767300113,0.0012386821327568937,-0.0006786976220656788,5.0158507716311555e-06,-0.0013570272147900514,0.0001469797831277758,2.1292699933938942e-05,0.00018603401444151533,0.0003550461613036334,-0.00010508302215189166,0.0011034449432235287,-0.0006690349721939381,0.0,0.0,0.0,0.0,0.0,-0.0003938976968211803,-3.6224909859093284e-05,4.990061419166017e-05,-7.237109892930681e-07,0.0,0.0
2022-06-08,-0.0006860861619569817,0.00014181463341118457,6.34372072600821e-05,-0.0004495078451106606,-3.634049959549673e-05,9.566133485027322e-05,-0.012902707959213536,0.0010192519825934277,2.9690352919103354e-05,-0.000714817243098006,-0.0014173223522942146,-0.0012092259007258435,8.026778158345e-05,-0.02565241739198355,0.0006036619900983175,-0.0006779052895879496,-0.0003183708000546967,2.7607500374418137e-05,-0.0005494702947335122,-0.00151325168453168,-0.0004296574479699191,-0.00015064847875803736,3.5286757314825475e-05,5.099326090649495e-05,0.0010367057943787494,-0.0006112136841222079,0.0001799811667428943,-0.00017226378967916765,-0.0003962026951065684,4.851378044057027e-05,0.0011421437093521005,0.0008183830544140167,-0.00021609000398420625,0.00029687984306555275,-0.0009825504604053191,-4.044134977718329e-05,-0.00029999555514795425,-5.97365790975069e-05,4.2219409240174e-05,9.172794490890169e-05,0.0,0.00017125740277635585,0.00021927083456074498,-0.0006723405729879669,-0.0002280017330625617,4.964611934894458e-05,-2.0914180986239738e-05,-0.00020560420171323188,-0.00027528790233385947,-0.00014583424769157245,0.00025052504975158797,0.00014669070412441843,0.0,-6.90686166628043e-05,-2.777001317524249e-05,-0.0004972103726137461,-0.0002996504068303921,0.0,6.85274836379886e-05,0.00010193529764627062,4.0873006286087766e-05,0.0,-0.00016231104477735419,-5.8934968939348584e-05,0.00011521470800493709,-0.001178329539250922,1.1675540122371158e-05,0.0003744543142849167,-0.00012279596432684687,-0.0011527857478945598,9.122595356546304e-05,0.0,-0.0002958384509375387,0.0005321091445224524,5.612041374745719e-05,-6.022229051152085e-05,5.608109077375152e-05,-0.0006247786838251405,-0.0010801651951130933,0.0020858147140787138,0.0011957107886263678,-0.0001870135090056062,0.0,-0.0004766278114833801,-0.0003022425362846294,5.788926939872623e-06,-0.00033318663229569976,-0.00035237566767300113,0.0012386821327568937,1.7369480135742013e-05,0.00045530875079170477,-0.0025252273303698843,0.0002244119084370229,9.287484863145747e-05,0.0002637656067904484,0.000661324686155767,-3.550066716145572e-05,0.00032724132873820303,0.0001537791426075712,0.0,0.0,0.0,0.0,0.0,-9.677344097970493e-05,-3.6224909859093284e-05,3.132340411796933e-05,2.740748466678438e-05,0.0,0.0
2022-06-15,0.0008642091472992643,-9.672466153142775e-05,0.00037192866293371215,-0.00028549616281697485,8.953362054303032e-05,0.00018022672681624997,0.013469911367535635,-0.0008073611902328875,3.637370669488883e-06,-0.0006986895857390726,-0.0025347432320537667,-0.00019516980900635139,0.00014920145177896755,-0.02302717349857246,-0.0015545273288270548,-0.0008425353157599148,-0.00013054173003198871,-6.746473320420098e-05,0.00029584688025380274,-0.002001846238543669,0.00024211854249477717,-0.0005000670412552003,3.5286757314825475e-05,-0.0003738196227695807,-0.0015731461435082215,0.000652569542019483,-0.00012544635781675255,0.0003234292234261565,-0.0006493336882057303,5.1562457192810254e-05,0.0013316085465673298,0.0008183830544140167,-0.0004147141357943371,0.0005236244865847042,-0.0008190029882161839,9.353553804957781e-05,5.305635157915922e-05,0.00010152852857792708,0.00012194902145133286,9.172794490890169e-05,0.0,0.00042700075324885665,0.0002074971086214539,-0.0006723405729879669,-0.00017038771318140757,0.0004198569727736253,0.00010347026246268143,0.000125743938197686,-0.00013872843957904945,-0.00014583424769157245,0.0002558197303937163,-6.834488926276731e-05,0.0,-1.566497411828188e-05,-2.1895526714576908e-05,-0.0007499248873925339,-0.0006114185203496201,0.0,-0.00035142090464558036,8.790564884327381e-05,-7.569111282147345e-05,0.0,-0.00038623257637715247,0.00012266841529708796,3.962001710740092e-05,0.0010801273418561833,-0.00010184601847876202,-4.8737981953374554e-05,0.0005559363724705682,0.0005122810441094481,-1.1584774930854816e-05,0.0,-2.540205995510658e-05,0.0005834404122590479,-0.00015391365912608676,-4.000984701228534e-05,-1.21318524433953e-05,0.0007775896803804778,-0.00087133929198539,-0.0013541324839237115,0.000984920492027472,6.41155879631035e-05,0.0,-0.00032939543495182186,0.0003252930183183602,0.0002349220777721867,0.0014071359762585745,-0.000806624219793633,0.0012386821327568937,-0.0006786976220656788,-0.00019758286467027697,-0.002658128343771022,0.0002836610375685601,-3.3302582058106275e-06,0.00018615213492102067,0.00044124489591408503,-0.00010052920326021684,0.0006330902450741937,1.101997433930598e-05,0.0,0.0,0.0,0.0,0.0,-3.0450227489388158e-05,-3.6224909859093284e-05,2.1489449838857818e-05,3.127173903515026e-05,0.0,0.0
2022-06-22,0.0004461709609047886,0.0003032845097063723,-6.190749545658916e-05,0.000428925811719745,-4.5941475809341294e-05,0.0004983868136727818,-0.012925766533963618,-0.0013028461384623283,0.0003963360350807831,-0.000938007300680654,-0.0012200273500634932,-0.0009746179475867002,-0.00024368150655383874,-0.023534826775237473,-0.0014712355932897847,-0.0003869151372119046,-0.0003039935512071757,-0.00035751954499089474,-7.63909336036042e-05,-0.0009565796434116127,0.00020581010089902707,-0.0011527682427733407,-5.013726760244336e-05,0.0001320688201374965,0.0009414430101910994,-0.0011828924484656412,-0.0001869234307283423,-0.00018759110086724053,-0.00028286876736283357,0.00014195888289401506,0.001143710640113766,0.0008183830544140167,-0.0001286626493293071,9.422220262044716e-05,-0.0007210308968621988,9.353553804957781e-05,-0.00028567634671265425,-5.97365790975069e-05,9.785212422246616e-05,9.172794490890169e-05,0.0,-0.00033905557916115583,0.00023433909175866563,-3.692735746732825e-05,0.0005690443081326842,0.00020825072984479841,-0.00021143659131675737,-0.00020560420171323188,-0.00021542322331081454,-0.00014583424769157245,0.00021498820262623057,0.00010928738087566652,0.0,-0.00024078611222111784,-4.923897084597162e-05,-0.00016679512840414164,-0.0002996504068303921,0.0,6.0273434896328975e-05,0.0001567687479660813,-2.626002892764968e-05,0.0,-0.0007301406340116893,-1.91076134571984e-06,0.00017400803495730524,0.002558986416417429,0.00017094580142044632,0.0002249200699988079,0.0004782723674250619,0.0009702603856931823,2.9054992522490773e-05,0.0,-0.0001499084031990001,0.0007310808246838949,7.80774522721866e-05,-4.000984701228534e-05,-0.00042714784460910976,0.0015380929065480868,0.001557675247852329,0.0021891402764721898,0.0011957107886263678,-0.0001870135090056062,0.0,-3.1312485369809754e-05,0.00033837445937585616,8.330806311985446e-05,0.00021300437897579474,-0.00035237566767300113,0.0012386821327568937,-5.521631009269448e-05,0.0002441088931691453,-0.001549173917032903,-0.00011182694483018329,2.9887606275134575e-05,0.00014437805629246864,0.00035869639862706813,-0.00016314509305782174,-0.00025151195491242794,-0.00011606562027229518,0.0,0.0,0.0,0.0,0.0,-9.677344097970493e-05,-8.545294513114187e-07,3.132340411796933e-05,2.740748466678438e-05,0.0,0.0
2022-06-29,-0.0008705352992119626,-3.727388085683576e-05,-0.00018914112876339593,-0.0004831430262357606,-0.0001059505828398143,0.00018022672681624997,-0.010422674622958135,-0.0012070194166530256,0.0002852815050219788,-0.0008338044730013711,-0.0010389459892429802,-0.0009387306141678229,-0.00042338568042236404,-0.02591255739719056,0.002064631037381579,-0.0003710310186137347,-0.0003031660523354866,2.7607500374418137e-05,-0.00012320238487311888,-0.0018756204508666753,-0.00017288025533306132,-0.00010346206334160395,-5.013726760244336e-05,0.00012529052511456036,0.0006362391071778687,0.0005530290403412559,1.797577764945502e-06,-0.0003494718351378484,0.00020884739798186693,0.00014195888289401506,0.001216665455108066,0.000640986012626927,-0.00045018965407868415,0.0005367118620519109,-0.000589916444151911,3.919977695675298e-05,-0.00044706847387160223,-5.443645227003732e-05,0.00011178653412458385,6.151900195677356e-05,0.0,0.0002971923625849395,0.00011352057073078717,0.00033369436134725024,2.7658317076104913e-05,0.00022725982746445468,-0.0001813947838785406,-0.00020560420171323188,-0.00021542322331081454,-0.00014583424769157245,5.795676966872788e-05,0.0003520461142271297,0.0,-0.0001142871433630215,-1.317004610999645e-05,-0.00019498224585942403,-0.0002996504068303921,0.0,-0.0005970503881805143,0.00010193529764627062,5.694962749353334e-06,0.0,-0.00046877197741032486,-5.8934968939348584e-05,-0.0011564046793360893,0.0014829696518030534,6.629449055029838e-05,-1.1547920523762816e-05,0.0003460450267880863,0.000731240950111079,2.501276198771946e-05,0.0,-0.00024656549359957974,0.0005409803873308381,5.612041374745719e-05,-4.000984701228534e-05,-0.0004538941665892057,0.00046654498336406677,0.001097315903430256,0.0014943615215698587,0.0011383076782826667,-0.0001870135090056062,0.0,0.0006910748858460709,-0.001076147465640793,0.00016936168642575316,-0.000536106668265425,-0.00033908973941238797,0.0012386821327568937,0.0002530951078046961,0.00045530875079170477,0.0004934210186454015,-1.476257414521979e-05,-4.7875702335940794e-05,0.00014947072798007888,0.000661324686155767,-0.00010052920326021684,-0.00025151195491242794,-0.0005529614766369179,0.0,0.0,0.0,0.0,0.0,-0.00016672693864695136,-3.3454219173680756e-06,3.132340411796933e-05,-3.131978160270967e-05,0.0,0.0
2022-07-06,-0.0015363279755753335,-5.015293557946678e-05,0.000146041248265162,-0.0005408203471289298,-4.5941475809341294e-05,0.00020429259511645898,-0.012776359655353583,-0.0012655399450285513,-0.00031932242494315166,-0.0011019494250213311,-0.001189769638619544,-0.000838596783125609,-0.0004645501938354519,-0.025632585990258923,-0.0017210886820267807,-0.0006353179595349652,0.0005624328101922658,2.7607500374418137e-05,-0.0003261574907603875,-0.0031963562253917526,0.0012663030640419,-0.0002356846861131053,6.998039898653235e-05,0.00012529052511456036,-0.0009999442848503618,0.0008315500534199559,-6.635580144320084e-05,-0.0007047281099698316,-0.00024164746455908648,-0.00011256459639539805,0.0012941608439825498,0.0008183830544140167,-0.00013935081570318314,-0.00037817142854068797,-0.0004825125000070322,-6.0353652489196e-05,-0.0003217948053561367,-4.8190286867143475e-05,-0.002374423621307576,0.0003065684158413537,0.0,-0.00031310805400144094,0.000513563001598619,-0.00021291000496057077,-0.0001407079569990917,0.00026214734125247746,-5.0316309014846925e-05,-0.00023701683382307956,-0.0001609683707442345,-0.00014583424769157245,-0.0008004005240236204,6.886222966826666e-05,0.0,-8.086059459968308e-05,-6.173539805773435e-05,0.00042708820276177243,-0.0005577472460955753,0.0,-4.8942803223295066e-05,0.00010193529764627062,5.694962749353334e-06,0.0,-0.0008632143190860505,-5.8934968939348584e-05,9.689582740551356e-05,-0.0014519171868636932,-0.00022865968197016825,0.00019568892406244206,0.0001775448037741812,0.00039926667528536886,0.00010398362812696451,0.0,-0.00032791843667171676,0.0005698309914810365,-3.098604715348266e-05,-4.000984701228534e-05,-0.00048059562904940626,0.00029214250953488034,-0.0005348970945911277,0.0023570986894515,0.001168946154104708,-0.0001870135090056062,0.0,0.00020027119166533215,-0.00158525100719788,-0.0002924628384601743,0.00011919541736534208,1.4233271459894217e-05,0.0012386821327568937,-5.521631009269448e-05,0.0003015265277179757,0.0005454857725713889,0.0005371494235422854,-5.040132293438284e-05,5.18209852002797e-07,0.0005464999253094207,0.00013724225116112845,0.00014504390282644989,2.105254142642762e-05,0.0,0.0,0.0,0.0,0.0,3.3230249216138054e-05,-0.00012933150520292127,3.132340411796933e-05,-3.131978160270967e-05,0.0,0.0
2022-07-13,-0.0013534435406162258,7.912322129168518e-05,-7.495063226879998e-05,-3.9355542488547294e-05,-4.381759528862055e-05,0.0004983868136727818,0.014036223028139611,0.0004661444269843341,-1.7834612862538044e-06,-0.0003457355957137481,-0.0016882984932692043,-4.5517992172548673e-05,0.000523394365528563,-0.02274884446036663,0.001231069887101149,-0.00032631742371907113,-0.00017442342127455581,1.4550975154121373e-05,-0.0003129977819261524,-0.004458830225501454,-0.0005143821917213916,-0.0004098039148736901,0.00029400663577000823,0.0003488312875297147,-0.0002773248976665629,-0.0005813708456896473,0.00015449639546443215,-0.00035312577961182885,0.00044599656365813535,-0.00011035260872768168,0.0014077565248762883,0.0008084598033707147,-0.00039559807835582946,0.001189360088831327,-0.0006101401883289621,-9.554152467504522e-05,1.5366365621361564e-05,5.967217079593305e-05,-0.002440343050003092,0.000294054470562088,0.0,-0.0004804929824553347,0.0003166044351231705,-3.0423999978430874e-05,0.0006354406801416086,0.0004255525292074831,0.0001310677308287689,-0.00016410062268536795,5.953428777113496e-06,-0.00014583424769157245,-0.0010209214398163276,0.00022609229692900146,0.0,-2.457969096613641e-05,-1.105404810085266e-05,0.0002614971064329164,-0.0003009414556997366,0.0,-0.0008422904821739849,0.00015175338562765326,0.00014367846901636012,0.0,-0.0018190173926102996,-0.0002032666943848147,-0.0001264790882794193,-0.0008689537990017226,-0.00015197683292812533,0.00019111914680488589,-4.513195928134057e-05,0.0003954740774993402,0.0001427791716063893,0.0,-0.00039981498414514506,0.00038446873209760547,0.00015323705399005252,-6.022229051152085e-05,0.0001189262786557816,-0.00034639682694603553,-0.00025990470323164234,0.000944141310464357,0.00029748521032528665,6.41155879631035e-05,0.0,0.00019768670681127789,-0.001650676356571523,-0.0002724174872574466,0.0004546186406879081,2.005975928076438e-05,0.0012386821327568937,-0.0006786976220656788,0.0005039478778056588,0.0004988353660272196,0.0003912941381046184,5.427961190098913e-05,0.00016314116932869348,0.000283118640976058,-0.00013178904502505974,0.0009773955208838723,-7.50380538655997e-05,0.0,0.0,0.0,0.0,0.0,4.65702735873881e-06,-0.00012933150520292127,3.132340411796933e-05,-7.237109892930681e-07,0.0,0.0
2022-07-20,-0.0017347522176832234,-0.00019098721719611818,6.481609652243506e-05,-0.0003702829897909556,-3.348334969452478e-05,0.0005829522056387586,-0.007376844764411551,0.00123319962932093,-7.371681468332507e-05,-0.00038705674080709664,-0.0007933528825509815,-0.001050773862659701,-0.000791880925880051,-0.026474940696340026,-0.001986470341194455,-0.0002863381675372345,-0.00028053130355254984,1.4550975154121373e-05,-0.00043074361142992924,-0.00216514207104996,-0.00031262685187150567,0.0004946311036470344,0.00047711947023654786,-0.00020165184959381773,0.00017226127600369385,0.0005224863121101493,-0.00022323122149262687,0.00026052176365021576,-0.0002095729258653512,-0.00011998983017947481,-0.0005113241576361692,0.0008084598033707147,-0.0004325699791114658,0.0008409336845289905,-0.0006189109151009285,7.413023838102065e-05,7.265251606166048e-05,7.128944031219427e-05,-0.0005939988510092402,0.000294054470562088,0.0,-0.00033000299316246576,0.0003528079010477659,-3.0423999978430874e-05,-0.00023191732681839295,0.00020825072984479841,5.9575964617818576e-05,-0.00032531405284217947,-0.0002456187221780264,-0.00014583424769157245,-0.0018825649745967956,0.0003025189946286079,0.0,0.00013323948346935223,7.20406553467572e-06,0.00012071592492391952,-0.0004975836771900367,0.0,-0.0002565371847001718,-0.0001516572058396263,3.1532784925515475e-06,0.0,-0.00034313585918262706,-0.0002580680565532296,0.0002627659413943677,-0.0018071876093729003,-0.00027246941400958655,0.0003767601911341773,-4.513195928134057e-05,0.00041010942976420835,8.432478266729443e-05,0.0,-0.00032791843667171676,0.0007425624000227738,0.00016301569170378905,-6.022229051152085e-05,-3.142644896325187e-05,0.0009669882185898105,-0.0003145896232841917,-0.0015028289277339538,0.00029947432206367937,-0.0001870135090056062,0.0,-3.691561013581511e-05,-0.001421133982102382,-8.375726945058837e-05,-0.00012574125274081383,2.005975928076438e-05,0.0012386821327568937,1.7369480135742013e-05,0.0004358518332532784,0.00034391898290769737,0.0003286051735418377,2.0625260836518288e-05,0.00012149316954280129,0.0004834620094735277,-5.6309113550399605e-05,0.0006802422337570743,0.0003871530173426749,0.0,0.0,0.0,0.0,0.0,4.65702735873881e-06,-0.00012933150520292127,-1.8799495127468347e-05,3.528192195539081e-05,0.0,0.0
2022-07-27,-0.001201005856231005,0.0020837706007864948,-1.8751958225401686e-05,0.00012716459843200654,-0.00011579466695189197,2.2413247909450025e-05,-0.012122806369530323,0.0010194392983701357,-5.782996775595837e-05,-0.000265498419700714,-0.001747254634737632,0.0003527510655459146,-0.00039655020386302473,-0.019847510067054177,0.003533521444765822,-0.0006257349367887691,0.0005850675589752025,7.253945474933317e-05,-0.000261979617210263,-0.0002726666720671407,-0.0002529655771542551,-0.002501527869302476,4.92396066617569e-05,5.0592724600730925e-05,-0.00020638265491744486,0.0009194631677351419,-0.00018876909776636874,-0.0002566048472524787,-0.00015160150285632444,-0.00016087367182829665,-0.0002572700180474322,0.00027734652594655994,-0.0005149738968079022,0.0006219803648259349,-0.0003147140931880083,-1.5900397941108942e-05,5.5891134606223795e-05,-9.683043616411118e-05,-1.6358275010788337e-05,0.00018570530161360447,0.0,2.6951992635947475e-05,0.00022918619895219146,-0.00012277281476638695,-0.0003069973078888993,0.0001071953122534069,-9.021577657767794e-05,-0.00034730043844416225,-0.00023671791054600508,-0.00014583424769157245,-0.0003665156366908529,0.00026902545244327717,0.0,0.00033618971838981213,-2.6987467454492694e-05,8.159994530272912e-05,-0.0006606990820849975,0.0,0.0003100569765976563,-0.0001516572058396263,5.694962749353334e-06,0.0,0.0003561119472320615,-9.569007076557184e-05,0.0003502065877857835,-0.0009661421397932181,-0.00019490680912154516,0.0003767601911341773,0.0002844281614682241,0.00019008708720266195,5.570234579808318e-05,0.0,-0.00018447074155732558,0.00046679259940473055,0.00016301569170378905,-4.000984701228534e-05,5.3359624374621614e-05,0.0015361184047204188,0.0014238144913193739,-0.0011796736195909601,0.0002435446308303759,9.24471715982638e-05,0.0,-3.515102621269487e-05,0.0005197635466107751,-4.724221470939156e-05,-7.210476907261798e-05,2.005975928076438e-05,0.0012386821327568937,2.3365409256549945e-05,0.0003668542301686811,0.0004980702906895206,-0.00035946220578073,1.3722307587026231e-05,-3.659155925569811e-05,0.00034529712642325196,1.0033346665228547e-05,0.000383227181643872,0.00042669010106343764,0.0,0.0,0.0,0.0,0.0,3.3230249216138054e-05,0.0003121270233677103,-1.8799495127468347e-05,3.528192195539081e-05,0.0,0.0
2022-08-03,-0.0007348168445969077,0.00493542260095977,-0.00011150557382385544,-0.0004331769544574261,-0.00018387818103040454,7.49897204877751e-05,0.007335163875385038,0.0007686234672141741,0.00014315417241436026,0.00013911692888516827,-0.001327689257211411,-0.00024674434357146107,-4.996338121189995e-05,0.019615247297295767,0.004972474693992628,0.0009332417195663142,0.0013695074177100404,6.0684227381048876e-05,-0.00026771603067461675,-0.0007858902442413457,-3.302264710673137e-05,0.00042310782065678107,-0.00048693462656557797,0.0001165831195121927,-7.067804550858768e-06,0.0013535764041998515,-3.279679904510782e-05,0.0002020626741226425,-3.626249944452658e-05,-0.0001766237513888557,-0.0007736620237394757,0.00036337244818113624,-2.4433125798919416e-05,0.001982574747754241,-0.00020933436944212797,6.708886031666221e-05,-0.00011049123324357896,-0.00021817470622139727,-5.441130434536976e-05,0.00015695489153407275,0.0,-0.0006630369224143852,0.00024548925481663025,-1.1949042129073305e-05,0.00023045354703218795,-0.0002947674372464707,0.00017406837852937382,-0.0005468365952425592,-8.082889908717852e-05,-0.00014583424769157245,-0.0009316602805385098,-0.0003028609649597519,0.0,-0.0005526815337183185,2.1147452860803242e-05,-0.0001847248993615858,-2.079258451524355e-05,0.0,-0.00011327398474204143,-0.0003737130714730974,-8.051487098966034e-06,0.0,-0.0011023332931573422,-4.3500501463448274e-05,9.138732830396264e-05,-0.0009951233785097829,-0.0007467373684583331,-0.0015828337495476402,0.0001565449845221101,-0.00029148322611239746,0.00015945457043994485,0.0,-0.00013509063715027125,-0.00013185963300984909,0.00025805949703222456,3.6479174576658455e-05,0.0001772507763183601,-0.00010911389026124698,0.00012742806850128463,8.628743816125001e-05,-9.8088167382904e-05,0.00020823042384429647,0.0,-0.0008297811198334376,-0.0008587366798737755,0.0002330783932777961,-0.00031347552215565716,2.2526399281356483e-05,0.0001355341055137528,3.989489209525804e-05,0.0007496160190731741,0.0010471023038393836,-1.3128298394792152e-05,-2.672026770299377e-05,4.8885221162761475e-05,-0.0005702156760376881,0.0002844189717107765,0.0006872152993935356,0.00045789887050549206,0.0,0.0,0.0,0.0,0.0,4.65702735873881e-06,-2.7160694897544777e-05,0.00020334787229544935,3.883025166836997e-05,0.0,0.0
2022-08-10,0.0007028568020100488,-0.00011897938408984436,-0.0001131744374732847,-0.0011730389893246426,2.9788888417079297e-05,0.0004777151993102837,0.01235237187465101,0.0005175152027145087,4.5185596679614404e-05,-0.00017000670859230766,-0.0014387870482999384,-0.0005191671695391065,0.0008389566911773527,-3.4186253966604163e-06,-0.001732940514967168,3.515451496880626e-06,-0.000561517140438776,8.26162339074799e-05,-0.00022133336889879505,-0.00023649910696141736,0.0001959206678697537,0.000507312027047377,-0.00048693462656557797,0.0003872962647915589,-4.440852657129417e-05,0.0014541656042816168,-0.0002892348491316053,-8.477726751559155e-05,-0.00023685346888293853,-0.00013174878469961805,-0.0005944795255708538,0.0005750631984600121,-0.0006766587934539743,0.00205482114823142,-2.806599665144667e-05,-8.431785279833758e-05,-0.00011703738437136607,-0.00012667293301044954,-3.563203223088185e-05,-5.071231498481122e-05,0.0,-0.0003517595206978475,0.00012305844186347368,-0.0002430103255167857,0.00039731553984356837,0.000247938821091973,0.00013529486733078293,-0.0004389692003167626,-0.00015163586268654173,-0.00014583424769157245,-0.0010951756240389272,-0.00016427626028193217,0.0,-0.0004493825356181731,-4.879879477691486e-05,-0.00031035475226168186,-0.0004188726980363368,0.0,-0.0007822193965583309,0.00019435789480697614,-8.051487098966034e-06,0.0,-0.00044317920117093574,-5.8186253182571006e-05,-0.0001952568760567485,-0.001334333888190115,-0.0007402291498971327,-0.0008997350002329006,0.0001565449845221101,0.00011138220550334273,-0.0004193216571570094,0.0,-2.769028142172387e-05,-0.00021986532780938394,0.00018079077730094573,-6.022229051152085e-05,0.0001559200495832804,-0.0003801202577089788,-9.60381653146661e-06,-0.0007058797097233882,0.00016063156312701784,0.00020823042384429647,0.0,-0.0001426289448158772,-0.0007825183761143176,-0.00031885816838003267,-0.0004149972387386781,2.005975928076438e-05,0.0001355341055137528,0.0003787306755699321,0.0007505763650439316,0.0003500125402686197,0.00028886531903465115,8.079469693869168e-05,0.0001434118011999237,-0.0002952093917246738,-0.00017297263601464153,0.0008064071509931812,0.00025833487300161087,0.0,0.0,0.0,0.0,0.0,4.65702735873881e-06,-2.7160694897544777e-05,-0.00023244421575697872,3.883025166836997e-05,0.0,0.0
2022-08-17,-0.00044014328127966605,-5.1817660884988115e-05,1.0636356463512981e-05,-0.0006268825699546925,0.00019317625716776078,0.0001276502542379249,-0.013142437981422318,0.001539059214206829,0.00010852230572703703,-0.0003409961329237432,-0.0017616155639636135,0.00037885232267327324,0.0008002062572699019,-0.007570970385501422,-0.0019732033851948827,-0.0001973097491752196,-0.000692764151526228,8.26162339074799e-05,-0.0005772099035909261,-0.0003585963014716443,1.4294898060541306e-05,-0.0018875249126477703,-0.0004880028936149936,-0.0002282964312803353,-0.0002693791137181028,0.0013839183143765123,2.7031200246121584e-05,-4.601345990649667e-05,-0.0002624088604095972,-0.0001672386428499145,-0.0013823542737272001,0.00026481806480950227,-0.0005609969741396504,0.0012358454887512105,-0.0003952159763820584,-8.431785279833758e-05,4.934498347843668e-05,-3.503555744317516e-05,4.2273930360171166e-05,-0.0001357809139931837,0.0,-0.00041168508218047826,0.0004789044029958299,-0.00010770549576840369,0.0003106969748706931,-5.423387187201532e-05,-3.0116309575996952e-05,-0.0004389692003167626,-0.0001104366627695818,-0.00014583424769157245,-0.00035867266706736124,-0.0006770765916461872,0.0,-0.0008778542033002113,-8.367472717726468e-05,-6.524770134246156e-05,-0.000365343598586054,0.0,0.0008318745383648885,-0.00029696377013380744,-8.051487098966034e-06,0.0,-0.0005467517064092678,-0.00012844652305733122,7.432100858373298e-05,-0.0007205700515514434,-0.0001307702949895341,-0.003288018648291138,-0.00031664094942668563,-0.0009653665664572356,8.70937536331724e-05,0.0,-2.5207234723762838e-05,-0.00021986532780938394,0.00046781999163340697,-4.000984701228534e-05,0.00034811492287697743,0.00020273945483498517,-7.686257070388358e-05,-0.0010289394978024642,-1.0911817145458238e-06,9.24471715982638e-05,0.0,9.310128021926964e-05,-0.0006668577340070396,0.0007509041432665094,-4.133582061623045e-05,2.005975928076438e-05,0.001432774947526563,1.7369480135742013e-05,0.0005800663304317564,0.000278318241763243,-2.5396141236095077e-05,0.00011975261488656247,6.93200790156954e-05,-0.00028751427518187045,0.00011943025595329183,0.00044549434922625853,0.0005329049233108285,0.0,0.0,0.0,0.0,0.0,3.3230249216138054e-05,-2.7160694897544777e-05,-0.00023244421575697872,3.528192195539081e-05,0.0,0.0
2022-08-24,-0.0011236075271156497,-0.0002443221627161133,0.0005834405688778331,-0.0002961915862005566,0.0004043272823849285,0.0003099975311121892,-0.009142996351917464,-0.0002838128580052989,0.00012310476095728204,0.00022148753515656596,-0.0013436301717703453,0.0002594520299486761,-0.0001363419672456671,0.01474056758817879,0.0022482467974516197,0.0005623697942260859,0.001150800405173028,8.26162339074799e-05,0.00029504574761062935,-0.0002783088950191544,-4.7320098152353806e-05,-0.0022137442848989544,-0.00039748080303581766,0.0002014409227472019,0.0005887557829178375,0.0008348687062996106,8.116501563374358e-06,-0.0005589297504347303,3.407781753449154e-05,-0.0002235678751718782,-0.003202202509317483,0.0004914357984150532,-0.00015844122584332147,0.0007415501230859204,-0.0004154289656265788,6.708886031666221e-05,-0.00016401300156171,-1.3966010555179345e-05,4.2273930360171166e-05,0.0002245823128867128,0.0,-0.0003796716758032002,0.00027242714025146046,-0.0006325576077119276,9.233929163276523e-05,5.8500768537538445e-05,2.6412270705048276e-05,-0.0005468365952425592,-7.927273301310257e-06,-0.00014583424769157245,-0.0001876989006175354,-0.00010524134401854014,0.0,-0.00030442505998795074,-1.3728479539546572e-05,-0.00021042336059406405,-8.238401116232366e-05,0.0,0.0002123537413787151,-0.0002176374085749776,1.2682116876036475e-06,0.0,-0.0005335988587694668,-0.00024728738957414693,0.0002550059790314309,0.0011697506860583046,7.288166485199735e-05,0.00014411607066696294,-0.0001949743301942414,-0.000626045306855572,-9.344702581521417e-05,0.0,4.331092318741257e-06,-0.00013185963300984909,-1.7951130574040683e-05,-4.000984701228534e-05,0.00015498111292303003,0.0007032797250584447,0.0006515246137380116,-0.00019177541690769252,0.00011627912945234774,9.24471715982638e-05,0.0,-0.0003731219348681831,0.00017099178428163383,-0.001091688222660909,0.00019578644482198227,2.1607303345001446e-06,0.00044180732229459217,3.468023958800402e-05,0.00015013186162884495,0.00039239983864573433,-0.0003272954132863156,-4.087525573609977e-05,0.00013961992482423638,0.00010848292342430985,9.346460217715269e-05,0.0006904084354401387,2.9812648691998e-06,0.0,0.0,0.0,0.0,0.0,3.3230249216138054e-05,-2.7160694897544777e-05,0.00020334787229544935,3.528192195539081e-05,0.0,0.0
2022-08-31,-0.0011765813601280837,-0.00012889061937649968,1.8779301246016994e-05,0.0003836501983539979,0.0004958265572542753,0.0003099975311121892,-0.008837772041786578,-0.0005490022554167516,0.00031701127105566,-3.334465585653611e-05,6.715341752486182e-05,0.008936764964937624,-0.00036848222756779626,-0.0070045915052104404,-0.002293573228152095,0.00027767816166180456,0.001150800405173028,8.26162339074799e-05,0.000977577577815409,0.0039728474305170056,0.000111619499791784,-0.0014360995628272517,3.109285829852246e-05,0.00010839423240657904,0.0001238353879003976,0.00044168404746177596,7.684661310564584e-05,0.0010827294988366802,-0.00025588889996685203,-0.00012596470819849833,-0.001388289479972271,0.00026481806480950227,-0.00047686765012649416,0.0010975621943187526,1.3640864532087254e-05,6.708886031666221e-05,6.324248911173007e-05,0.0003585468339278047,-1.572808849689462e-05,-7.969729511435856e-06,0.0,-0.0002767067226331403,0.00048515163431540713,-0.0005261044251377209,0.00034165556607179486,-4.810025217701921e-05,3.695779466637931e-05,-0.00039672020112485764,-5.674365607665551e-05,-0.00014583424769157245,0.0004186066715135073,0.00033001512615120576,0.0,-0.0003672042747677507,1.7516634647562117e-05,8.715597968939061e-05,-0.0005685789635559548,0.0,0.0002123537413787151,-0.0002176374085749776,6.315016104212713e-06,0.0,-0.0005467517064092678,7.068656455654986e-05,7.432100858373298e-05,-0.0007642034333481584,-0.00021484111843877594,-4.302303716278747e-05,0.00018237483355866378,-0.00028361814433439624,-0.0006255242424769235,0.0,0.00010176503406692486,-0.00014876656585929818,-0.00010861458032376162,2.7337269947033523e-05,7.805550580636795e-05,-0.000249302653975688,0.00012740912864331232,-0.0008737286403249512,-2.709006328276208e-05,9.24471715982638e-05,0.0,0.0002465404170699088,0.000378021759917126,0.0005496008411750982,0.00014693967628570342,-0.00011368563741797648,0.0006980738337191247,0.000259091036925504,0.0005855080092675911,0.0006177912385100647,0.00025658993489961084,-0.00032076099748235183,2.881853592748583e-05,5.276354117981058e-05,-0.00012835095431522456,0.0005125784241505233,0.00024031651627797878,0.0,0.0,0.0,0.0,0.0,4.65702735873881e-06,-2.7160694897544777e-05,0.00020334787229544935,2.482329823946267e-05,0.0,0.0
2022-09-07,-0.0006099926510953427,0.0001562770868616823,-0.0001521246879305728,0.0011896408857631732,0.0005701762897865625,-0.000126901676474378,0.006919950425881259,0.0002690804177281242,5.111149725375987e-06,0.0003103895289210584,-0.00017142107185706283,0.0059242969707410656,0.0002277907268603682,0.03132560235178586,0.004568899394117203,0.001559998060804394,0.0008922495672273967,1.4550975154121373e-05,0.0008397678902440927,0.010344279291118186,-2.4924721991902093e-05,-0.0019710454564679037,-7.790125694619979e-05,0.00012918613575934278,-0.0006915424987224319,0.00048225916886518444,-0.00025837825857219835,-0.00024561850094834836,1.484812531524782e-05,-6.4656598476142e-05,-0.002141651824524644,0.0004844061351986119,0.0002924182837704762,0.0013876846054832652,0.0001331083794787053,0.0004408015480077111,0.000357382862170168,0.0004187226433041629,0.00011647520848322435,0.00010690458693815588,0.0,-0.0003647158121678576,-0.0003294744651930252,-0.00026974254968342454,0.0001351609426716549,-1.754961926033857e-05,9.178527887384005e-05,-0.00032989470585879113,9.368003387331129e-06,-0.00014583424769157245,0.0003359973021310378,-0.0002291186893873155,0.0,0.00013037733089847945,0.00016062347064200964,-5.348336985781968e-05,-3.095326047971395e-05,0.0,0.0003437026872882567,-0.00020631468941542834,-7.717043959289606e-05,0.0,-0.0009355125910061426,0.0001999100106706921,0.00018155931919194179,0.0023369639989991495,0.00025094279042507845,0.00040835612293664087,0.00012836737959784453,0.00043406086931222637,8.547903515995222e-05,0.0,0.0006889108276436573,-1.923567888003944e-06,-0.00012156742210108313,-4.000984701228534e-05,6.0072570028008685e-06,0.00015094783552776423,-0.0004800992725410219,0.0017848619100483518,4.1540062069832325e-05,-7.502915425265076e-05,0.0,-0.0007754267880425446,-0.0007279363870099899,-8.746276001784904e-06,0.0024753247047707093,2.7119830381635593e-05,0.00029201565208187847,-0.0003142671375339903,0.0005313208392489843,0.0004629524269814636,-0.0004175814290968326,-0.00019028869253995192,-0.0001403290859002332,-0.00035040573082887445,-0.00031220616411901285,0.0005977835188920894,-9.225613136484507e-05,0.0,0.0,0.0,0.0,0.0,4.65702735873881e-06,-2.7160694897544777e-05,5.279285122269195e-05,-0.00019023236419193405,0.0,0.0
2022-09-14,-9.747306498384001e-05,5.759540263486077e-05,-0.00018785771594486943,0.0005287792375279894,-0.0006248167877374185,0.0001276502542379249,0.00947485158049927,-0.0008101130294456036,0.00016202652099173132,-0.0003524836755650696,-0.0019325086262505337,0.00045417057515428417,-0.00014262815916574515,0.026280593011575613,-0.0020319086120958716,0.0019577215563976354,-0.00034754847126056826,1.4550975154121373e-05,5.877384077542121e-06,0.005741246804313255,0.00031951408350492364,-0.0024551315781165166,-0.00039558509661929536,0.00017458458587222018,0.0005805296289218872,0.0009259338001532327,-8.295825645048333e-05,-0.0003633231899984087,7.146350081571726e-05,0.00016914327930819622,-0.002982894543938216,0.00022534902744780652,0.00019444776187759014,0.001386319680974582,-8.662481914584281e-05,0.0001163592871404616,0.0004177540440113545,3.0008905954362522e-05,0.00023389020278363537,-0.00039869871198648047,0.0,-0.000567987029754352,-0.0003543903776883303,-0.0006325576077119276,-2.0002820689341615e-05,0.000274209861364593,4.6604728782214145e-05,-0.000454637960483118,-8.082889908717852e-05,-0.00014583424769157245,0.0001851910020947012,-0.00040322347071016613,0.0,-9.15920567349613e-05,2.2070084983144742e-05,-4.662826749391979e-05,-0.00021166112153801176,0.0,0.0006687431234931992,-0.00020631468941542834,-7.717043959289606e-05,0.0,-0.0009355125910061426,-5.157017708975559e-05,1.4622070825259526e-05,-1.716239747044128e-05,0.00020182362918422762,0.00040440378262130274,0.00018237483355866378,0.00015277942596282553,4.089020013101527e-05,0.0,0.00017975568342444483,-9.266427546077606e-05,0.0002348984115139674,-4.000984701228534e-05,-8.8695330222229e-05,-0.000224622103054893,0.0013390103753312692,0.001811656295321801,-0.000451348051188515,0.00020823042384429647,0.0,-0.00026947807210892866,-0.00013126382867263123,-0.0003735013909135376,0.002063206412912246,-1.2093478250095607e-05,-2.401468612976795e-06,0.000196200499592695,0.0005119739708468816,7.156858494458217e-05,0.000250801644312733,0.00023217260107092548,-0.00012198642187701589,-0.0004891253818081028,-0.0006319317685639736,0.0006728577096347015,1.3152542180172678e-05,0.0,0.0,0.0,0.0,0.0,4.65702735873881e-06,-2.7160694897544777e-05,2.873911017678827e-05,-0.00012206908102343246,0.0,0.0
2022-09-21,7.911023903242865e-05,0.0002826232688091508,-0.0003430169562246212,0.000932461302629706,-0.00020236941985026232,0.0003099975311121892,-0.010557070713479662,-0.001393962206748341,0.0003989419514184901,-0.0003524836755650696,-0.0018424379252106947,0.0002089497676473117,3.608359699609035e-05,0.02946291772701052,-0.0018984736712272874,0.002335746328404456,-0.00036285179767750746,6.576044928877087e-05,-0.0004699164767577462,0.00416557536304408,0.00025039110903322205,-0.0026682941058041153,-0.00039558509661929536,0.00020429565001581573,-5.1670636134234256e-05,0.0006452699090741292,0.00023564676292727024,6.10417868211128e-05,0.0004268477252026651,-0.00013342077855630653,-0.001597758776260964,0.00022534902744780652,0.0001264534448671838,0.0012084104501174087,-0.00018406469064496576,-8.431785279833758e-05,-0.0002618620349798606,-9.91809695408599e-08,0.00011914262791330125,-0.00039869871198648047,0.0,-0.00048801623766265743,-0.0007670834655325637,-0.0006325576077119276,0.00027690764791443224,5.328334047286325e-05,-3.743579556118715e-05,-0.0006551988042006256,-7.927273301310257e-06,-0.00014583424769157245,0.00046099213220766725,-0.00040322347071016613,0.0,-0.00039256389315611375,-9.26289461592265e-05,2.5000812273135104e-06,-0.00031701119916296744,0.0,0.00037872768726656455,-0.00018127274891921314,-7.717043959289606e-05,0.0,-0.0009469450964600351,9.072273644546906e-06,6.65639951763354e-06,0.0013993807298079096,0.00024347677807149326,0.0001590367100846697,-0.00012517842440324889,0.0003108749445185295,-6.71682208318491e-05,0.0,0.0003763630189767026,-0.0002029583949599348,0.0003559891496942492,-4.000984701228534e-05,2.5526925080429732e-05,5.241826800983306e-05,0.0010404732251288182,0.00021890849654485723,-0.0004997721889190036,9.24471715982638e-05,0.0,-0.00026947807210892866,-0.0003883332795110926,-0.00016751683834264182,0.0015848766320118713,2.7119830381635593e-05,-2.401468612976795e-06,-0.0003611950521648054,2.653752189248602e-05,0.00045981192144085696,0.00012637726339826468,0.00018276942388436334,-0.00014494831524601253,-0.00012556207959709545,-0.0006109453711444078,0.0011127675451679815,-0.00014528442249756715,0.0,0.0,0.0,0.0,0.0,3.3230249216138054e-05,-3.774385509775926e-06,1.1346295297002704e-05,0.00029786495293623107,0.0,0.0
2022-09-28,0.00040206339670866074,0.0006738845788176182,0.00016675601617410727,-0.00042050610276597923,-0.0003273358768169599,0.00022651515345985457,-0.01012314713272631,-0.0010502037182015913,-0.0004472199298822492,-0.0003524836755650696,-0.0019722755746069665,0.0002456845769313075,0.0003401235821915621,0.023321973747761602,-0.002326365242917845,0.001981281956701672,-0.0004452840969328401,0.0002946210885701195,-0.00034639484228757197,0.0008033069795043896,2.3378523436771597e-05,-0.002740370184870479,-0.00039558509661929536,0.00011609166610287592,0.00033963392273956146,0.0005979759860968913,7.147598022955471e-05,5.56123561953062e-05,0.0003598044507322699,-0.00013342077855630653,-0.001508887009479688,0.0006047480569992569,0.0001378099111158813,0.001004617443188695,0.00022915582032149312,5.711921778448474e-05,-0.0002618620349798606,-9.91809695408599e-08,0.00011711343866136539,-7.162962549396297e-05,0.0,-0.0005257599565850326,-0.0011841093802315143,-0.0006325576077119276,0.0002656824408511937,-9.134257659782975e-05,-4.4438834251769944e-05,-0.0007389772328069876,-7.927273301310257e-06,-0.00014583424769157245,-0.00017140881452547507,-0.00041081260404632683,0.0,-0.0004691363918060807,-2.0184522650366144e-05,-0.00013309860495755774,-0.00034253702685375643,0.0,-4.481455066475073e-05,-0.00018127274891921314,-9.360770676310431e-05,0.0,-0.0009421528320883723,-0.00024979554304614953,0.00037148563158055864,0.0015966273989523288,0.00024347677807149326,0.0002052779906275791,-0.00017078183909716917,0.0003093720152362754,-1.5962615021338616e-05,0.0,0.00013095123515315788,-0.00012651611671179398,0.00010470243520177207,-4.000984701228534e-05,0.0002896621818468087,0.0007029341281569116,0.0011376683488006083,0.0009420201817820241,0.000266569342264063,9.24471715982638e-05,0.0,-0.0005507582746945099,-0.0003883332795110926,-0.00016751683834264182,0.0016631876149596464,-1.2093478250095607e-05,0.00029201565208187847,-0.0003611950521648054,0.0002474511468690362,0.0002507517711398826,0.00015063683550783647,0.00018276942388436334,-8.341645515900004e-05,1.315757138213293e-05,-0.000736394911824229,0.0007197966303142316,-6.389301543184369e-05,0.0,0.0,0.0,0.0,0.0,3.3230249216138054e-05,-3.774385509775926e-06,3.132340411796933e-05,0.00029786495293623107,0.0,0.0
2022-10-05,-7.381780978929668e-06,-0.0003690981949161249,-0.0004731085265212511,0.0011883803391637788,0.0003137078786193789,-2.7010470813462097e-05,-0.0006477839257899886,-0.002386400839840219,0.00011435979826683688,0.0001987349583056383,-0.0010381204666185745,0.00019529324122618055,9.565578937417634e-05,0.03261036050239521,0.00548838780298556,0.0025052631063473864,0.0011998119268690286,2.9487870782737923e-05,0.0002672932566761364,0.012964146465401595,7.059305518283098e-05,-0.001944740093137825,-7.97969633627221e-05,0.00020429565001581573,-0.000287554802479532,-2.8007974171008446e-05,0.0002797381130891212,6.454251448804233e-05,0.00011074755938065645,-9.301895300760504e-05,-0.0013488059603335885,0.0003198614425762115,0.00015252286058157363,0.0012016973960245192,0.0002371185768345715,-0.00021194907180740785,-0.0002592177667959236,9.427336237913647e-06,-0.00024241145913393703,0.0004656973071871833,0.0,3.019389707858103e-05,0.0006338166610220305,-0.00026974254968342454,0.00032897455437602946,-0.00016076653839305503,-5.55458450493199e-05,-0.0005124018935922564,-7.927273301310257e-06,-0.000201163107783618,0.00011181510895339101,-0.00016954987810280503,0.0,-0.00013560622948313484,1.8066362345841966e-05,-3.0135150409609947e-05,-0.00010938154950925493,0.0,0.00015544232211291725,5.576562604473359e-06,-3.112658950158457e-06,0.0,-0.0009138071969370437,9.072273644546906e-06,0.00029293790504444776,0.0023727165885172414,8.414411002550872e-05,0.00040377169578190896,-0.00016244083269108795,0.0005655299026607521,3.732601827403706e-05,0.0,0.0006112449937951846,0.0002683363245642007,0.00017056073584726462,0.0001168911370933812,0.00026291585986671273,0.00016134501272514951,0.0002160097950002789,0.0005293149813913657,-0.00013694486168205712,-7.502915425265076e-05,0.0,-0.0005287519575249424,-0.0002883938711759497,-7.981662312474069e-05,2.3796195940183346e-05,-1.126304238685683e-05,-2.401468612976795e-06,-0.0002879229877682446,0.0005489363213678864,0.00046288831868540484,-0.00015775851109033106,0.00023369814943777808,0.00014124704851862575,-2.659626667354539e-05,-5.223742674593608e-05,-0.0005365102549582509,-0.00029041689960332157,0.0,0.0,0.0,0.0,0.0,4.65702735873881e-06,-3.774385509775926e-06,5.279285122269195e-05,-3.131978160270967e-05,0.0,0.0
2022-10-12,0.0007310566836316174,0.000507554224343199,0.0001871405602548994,0.001070028386433768,-0.0005301077965806724,0.00022651515345985457,0.00836618423592859,-0.001197938812951093,0.0001344031759891837,-0.00046413824618048974,-0.002747611639836841,0.0004508762296899654,4.862636268387736e-05,0.026432866620609494,-0.0016695640430775102,0.0017195211100460685,-0.0003478131308610676,0.0002946210885701195,0.0001617070218898063,0.0054786250321635695,0.00019954498484026713,-0.0028412560329685666,-0.00014217462191797048,-0.0002870763656942851,-0.00014987368423912805,0.0003592379814430743,-2.7597854249516943e-05,8.67448147951763e-05,-0.00016720711144710765,-5.244424003336261e-05,-0.001962996576519978,0.000539972122153538,-7.31956055610706e-05,0.0014225381332195457,7.66032274897333e-06,-0.0004470880518970188,-3.69656149392981e-05,-6.544596837118434e-05,3.262541824544745e-05,9.346855726475133e-05,0.0,9.455238349427354e-05,0.0005787763082276775,-0.0006325576077119276,-0.00021333889642390013,-0.00032411443302654335,4.5074742947023186e-05,-0.00021549297008137524,-8.964313179969107e-05,-0.00014583424769157245,-0.0005737820969018961,-0.000337194300009819,0.0,-0.00016466418986293638,1.7991536080778206e-05,-2.6300895994150946e-05,-0.0004825447993805318,0.0,-8.158270625761686e-05,-4.194332707268793e-06,0.00012094714183951858,0.0,-0.00016980358218741427,-5.157017708975559e-05,0.0003438045225339874,-0.00012400653323720558,0.00012988365566680795,0.0004130201823150369,-0.00016892266428834206,0.000291760087307682,2.7398104332560438e-05,0.0,0.0004173399279317731,0.0006091595438288002,0.0005764706594785211,0.0001168911370933812,0.0002176703387458983,-0.00021086211504598668,0.0005238574246790794,0.0016723006597544844,-4.0225471862966596e-05,-7.502915425265076e-05,0.0,3.329602078721821e-05,0.00015865000297617896,-0.00025787160811424615,0.0011145537275586196,-1.126304238685683e-05,-2.401468612976795e-06,-0.00019967479216011441,0.000524937004790637,0.000171503427249624,-0.00021546485859579614,0.00020318918997895956,0.00011755023206768202,-0.0005109560307496376,-0.00020197663649610453,5.646324653661719e-05,-0.00027625825221499274,0.0,0.0,0.0,0.0,0.0,4.65702735873881e-06,-3.774385509775926e-06,2.873911017678827e-05,6.847838105949933e-06,0.0,0.0
2022-10-19,0.0006149692589543507,-0.0005190659797109508,6.735692869103421e-05,-3.2560848234701086e-05,-0.0003273358768169599,9.566133485027322e-05,-0.00925019061099504,-0.0009080504358916048,-0.00019991107575611318,-0.0003314852593303627,-0.001510781856381606,0.0002338328448417081,-5.4984956564350354e-05,0.027797541925110886,-0.002179992485290791,3.2902189309127535e-05,-0.0004600729423118649,0.0002946210885701195,-0.0002634874669124147,0.00013751692613885012,0.0002868735147966169,-0.0011506478042137155,-0.00031116860689460056,-0.00034556928546362935,0.00026362771651496954,-0.0006028988278965709,0.00018052117982050712,1.0692439252233638e-05,0.00015165403781902285,-8.948088870805832e-05,-0.0027195557378380123,0.0006616153890774934,-0.00018992895014735344,0.0014918606371580262,0.0015507492640488574,0.0001086982891018246,2.9637895323591566e-05,3.964981433431602e-05,3.9027435005835035e-05,0.00013094550946571426,0.0,0.00012636961307916527,0.0007253061664515187,-0.0003454900127421105,0.00028397808189787417,-0.00014221523037768837,-0.0001220732456450874,-0.00041438159449215376,-1.674150601382281e-05,-0.00014583424769157245,0.0004051963671357209,-0.0003535954996602321,0.0,0.00010722664131851679,-7.316625061290119e-06,0.00011033739614392146,-0.00016612299878887994,0.0,-0.0001761256214781983,5.576562604473359e-06,-6.373004566086891e-05,0.0,-0.0005680425096719602,-0.00012209387496704916,-0.0005861855614692552,0.0012482335723298429,0.00016366935050094193,3.3504880206785328e-06,0.00036919300780009144,0.000401407952101531,7.451276916792755e-05,0.0,0.000880154171833965,0.0007402135897104154,0.000536689737519902,0.0001719380352823419,0.0002896621818468087,-0.00023944811624062315,-0.00031885446189697437,0.00027152937783285084,-0.00018913652124693042,-0.0004068726043292723,0.0,9.27061711472373e-05,-0.0006609725723230634,4.3195962414906865e-05,-0.00012996436652334053,-1.126304238685683e-05,-2.401468612976795e-06,0.0004903449575056825,0.00020211251809562354,0.00023154140101449473,-2.804586862471043e-05,0.00011431873374428201,0.00014441697763452685,7.334998743801401e-06,-4.8207959772114995e-05,-0.0006110468304185946,-0.00011980677828387972,0.0,0.0,0.0,0.0,0.0,6.268710071539048e-06,-3.774385509775926e-06,2.873911017678827e-05,1.7551760380846095e-05,0.0,0.0
2022-10-26,-0.00044038587484475594,0.00036740520538714713,1.1980069448164359e-05,-0.00019466514978797012,0.0001747439809462228,0.00010613671453038405,-0.009495486056447238,-0.0011412143814479106,-0.00024119476807942544,-0.00023982250346585147,-0.001864265296343317,0.0003513843321721266,0.00010480027284934685,0.030394623594025266,-0.00255958921024545,0.0025405121025869524,-0.0003590963278828391,0.0002946210885701195,-0.00017463911556460542,4.8676885126399956e-05,0.00011249566859427332,-0.0030134717835248,-0.0006061460384873313,0.00011609166610287592,0.00018115307586977718,-0.0005003671432076043,-4.492750593427428e-05,0.0002073450295211898,-0.00011181689722423898,-6.154146767412786e-05,0.00019584519438564147,0.000539972122153538,5.7266910272334983e-05,0.00146070541057309,0.0009242434441848498,0.0001086982891018246,2.2637868873695493e-05,4.269442109540805e-05,0.00015784910194201868,9.346855726475133e-05,0.0,0.00018370078737175028,0.0006749372437257174,-0.0003454900127421105,0.0001910041143594453,-0.00015507537459301464,1.5031790394187635e-06,-0.00041741517428626183,-1.674150601382281e-05,-0.00014583424769157245,0.000288964015502172,0.00011235802853511073,0.0,-1.4140200044137583e-06,-9.36067118565059e-06,5.5972935407357284e-05,-8.916587044973804e-05,0.0,0.0002649712638674907,5.576562604473359e-06,-6.373004566086891e-05,0.0,-0.0005702449054085793,-0.00018794272948106014,0.00031346290092343116,-0.0009958158510326707,0.00012517750155089128,0.0001514359567229193,7.582257538803459e-05,0.00045515009618794566,0.00015487667775254321,0.0,0.0009031267050294572,0.0006091595438288002,0.00028577331404514364,0.0001719380352823419,0.0002896621818468087,-0.00024686803877382174,-0.0002970063557447293,-0.0007026940925804061,0.00010856435344587292,-0.0001870135090056062,0.0,0.0001642829981427833,0.0005130495992200965,4.3195962414906865e-05,-1.0084398527669633e-05,2.1607303345001446e-06,-2.401468612976795e-06,-0.000518276453884141,0.0007085592490449806,0.00016873213781794954,-0.00014007039730488266,0.00014631260072098397,0.00015131234836038103,7.334998743801401e-06,-0.0002828646317692665,0.00016132044931354962,0.00011804842607829029,0.0,0.0,0.0,0.0,0.0,6.268710071539048e-06,-3.774385509775926e-06,2.194571040065355e-05,2.740748466678438e-05,0.0,0.0
2022-11-02,-0.0003442886813157801,-0.0002455453080801289,-0.0002995168821107244,4.544750765580671e-06,-0.00020132422461801615,0.00028848399140464834,0.0009550534092139888,0.0005070156199653558,4.562652426832241e-05,-8.903332773017197e-05,-0.002420691702264931,-0.0004557036353818272,-0.00046305865467966944,0.026347495717588945,-1.3132509960335017e-05,0.0025952990819753433,-0.0003590963278828391,2.9487870782737923e-05,-4.346696417006273e-05,0.005318552117267312,-0.0003355550839978392,-0.002943368184499034,-0.00038344348164550535,-0.00034556928546362935,0.00014917168837815035,-0.0002430347254010392,0.0005355355357860038,-9.579874275294901e-05,-0.00026465972085742636,-6.154146767412786e-05,0.0001645111711609439,0.000539972122153538,2.303360689174424e-05,0.0022852672612747003,0.0009232056584101976,0.0001086982891018246,-0.00011214484807227555,-1.8745004594142616e-05,2.9554662089648935e-06,9.346855726475133e-05,0.0,-0.00028103687945691433,0.0005524936905787726,-0.0006325576077119276,2.0842757136099437e-05,-0.00015507537459301464,-1.3264287546626968e-05,-3.911965938756506e-05,-1.674150601382281e-05,-0.00014583424769157245,-0.0006693933775822525,-7.570391502607321e-05,0.0,-0.00034805854248881255,1.7235993594193611e-06,-1.7897583809692695e-06,-0.00033732451758334924,0.0,-0.00035554470002877953,5.576562604473359e-06,0.00012094714183951858,0.0,-0.0014319622168386002,-0.00018794272948106014,0.00016279447881087426,-0.0005188173386089823,2.6100078318167433e-05,-0.0003643207919523213,7.03416163764856e-05,0.0007177664646242929,5.692814898292252e-05,0.0,0.0004173399279317731,0.0010671277535363455,0.00025390523801385354,0.0001168911370933812,0.00041451581001292003,0.00029631094412711946,-0.00020549589308841102,-0.0006820709889780221,0.00010856435344587292,6.41155879631035e-05,0.0,-0.0006318291878242495,-0.00017263733819872446,0.00012945473789095413,-0.0003213265841424038,2.1607303345001446e-06,-2.401468612976795e-06,-0.000518276453884141,0.0005692474985496808,0.00018799669933643626,0.00020575770492087446,0.00020930101780684672,0.00014441697763452685,-2.659626667354539e-05,-0.0004421345155272974,0.0006992931870516033,9.130977319092738e-05,0.0,0.0,0.0,0.0,0.0,4.65702735873881e-06,-9.707471531627533e-06,2.194571040065355e-05,2.740748466678438e-05,0.0,0.0
2022-11-09,-0.0009323151409976597,-2.5516976146595363e-05,0.00020030940684470633,8.388374992808741e-05,1.447695145696351e-06,0.00010613671453038405,-0.0051421103621256065,0.0005849679642392919,-0.00038406264033274593,-5.4710272230899955e-05,-0.0010966436286596734,0.0010117083107582104,0.00020344755171374692,0.029771966859884702,-0.0005784925864568975,0.0018682188068145438,-6.44941678240751e-05,1.4550975154121373e-05,0.00019486711591861871,0.013869708078479375,-0.00031008265137355464,-0.003179846644364808,-0.00038344348164550535,-0.00034556928546362935,0.0002086134893908791,-0.0003841101446089426,-4.492750593427428e-05,-0.0001134142945384098,-4.554293572871136e-05,-2.7693979019796134e-05,-0.001122464477805375,0.000539972122153538,0.00025163195829423177,0.002284084206332035,0.00139262206461844,0.0001086982891018246,7.95104108574756e-06,-2.104167910919423e-05,3.2187833967702136e-05,9.346855726475133e-05,0.0,-0.00021165559710178018,0.0006749848910976757,-0.0003454900127421105,8.451050220972798e-05,-0.00015507537459301464,-0.0002865111063780474,-0.0003013302181117572,-1.674150601382281e-05,-0.00014583424769157245,4.99380483118248e-05,-0.00018143535242830488,0.0,5.751458981260607e-05,-1.6918656751583583e-06,8.694369736511875e-05,-7.045768286848923e-05,0.0,0.0002466220840879554,5.576562604473359e-06,-0.0005320955875662871,0.0,-0.0011137811735835665,-0.00018794272948106014,0.00012404836955806056,-0.0009658316661918729,-0.00011552003539263306,-0.0003643207919523213,-0.0004167380639497764,0.0004853874710067482,3.386284482289541e-05,0.0,0.000880154171833965,0.0009986136719572468,0.0004012401449397001,0.0001168911370933812,0.00041179434361379014,-0.00023733592548199817,-0.00043733196935814454,-0.00030099809596018936,-0.00015989014593648297,0.00015232880284530206,0.0,-0.0009934772466332238,-0.0011603908815377981,3.118294093525592e-05,-0.00010818759971513754,2.1607303345001446e-06,-2.401468612976795e-06,-0.000518276453884141,0.0007085592490449806,0.00017555709860394496,0.00020575770492087446,0.00014631260072098397,0.00023053448953426828,7.334998743801401e-06,-0.0004421345155272974,0.0006634803567020786,1.2194503654863223e-05,0.0,0.0,0.0,0.0,0.0,1.9416854343844678e-05,-9.707471531627533e-06,6.517097207134985e-05,2.740748466678438e-05,0.0,0.0
2022-11-16,-0.0008963587285096032,2.4285957899532415e-05,-0.00018798493883768517,-4.845483427114619e-05,-5.692102179541579e-05,0.00012736747407707054,0.0029314167310840367,0.001117456082876908,-0.00027787702869211677,0.0003647591557960479,-0.002757874254941282,0.0005184176747704088,-0.00046305865467966944,0.023564832697518048,-0.00011217191345209816,0.001771664970767243,-0.00011846530744154561,1.4550975154121373e-05,-0.00012277714766421917,0.01262013745182019,0.0005704329196202148,-0.0020587707551661025,-0.0001791147424795801,0.00017458458587222018,0.00028884837530955207,-0.0004258986248781181,0.00010798304302326335,5.337694279107956e-05,8.184799866341433e-06,-2.375293101005886e-05,-0.0009553583066698494,0.000539972122153538,0.0002871761070338925,0.0018908610769930736,0.0014276396819273317,-0.0004470880518970188,-0.00015043021966310184,-0.0002336760159675649,3.2101280178619613e-05,9.346855726475133e-05,0.0,-0.00023143132442129808,0.0005551912493406976,-0.0006325576077119276,-6.352123072948931e-05,-0.00011652768317479135,4.7859515698618064e-06,-0.00010076937439424955,-8.964313179969107e-05,-0.00014583424769157245,-0.0007760870617331432,-0.00032445048378287097,0.0,-0.00027511113871634096,-1.6918656751583583e-06,-7.961611870499201e-05,-4.9644351189926086e-05,0.0,-0.0003293863473391247,-7.385765727494067e-05,0.00012094714183951858,0.0,-0.0011381655852168273,-0.00023061811903701476,9.589700608204715e-05,0.001549757458365926,0.00020156150272979118,-0.0003643207919523213,-6.028305550146225e-05,0.00034544114278869785,6.10756860868051e-05,0.0,0.0004403124611272653,0.0009986136719572468,0.0004231971834644295,0.0001168911370933812,0.0002706336187258809,-6.553207270947438e-06,0.00020602050502082668,-0.000930746775364198,0.0001684296003671529,-0.0002491121287136416,0.0,-0.0007278147613388143,-0.002017992207314948,-0.0005038778254050834,-0.000615400614915961,-0.00024287013541100168,-2.401468612976795e-06,-0.0002767124061401827,0.0004907035602400938,0.00027631321258153065,6.445588171405129e-05,0.00017874655858559672,0.00017551266208049623,-9.63987628680543e-05,-0.0002556202179476882,-0.0005081076128458388,0.00010942947520632935,0.0,0.0,0.0,0.0,0.0,1.9416854343844678e-05,-6.132839392264409e-05,5.279285122269195e-05,2.740748466678438e-05,0.0,0.0
2022-11-23,0.0002096897123912059,8.66634185552223e-06,-2.742865163859997e-05,-0.00018775862186404176,-0.00017714525456706973,0.00014194976149387782,0.009541767458369259,0.000283703786895979,0.0001344031759891837,0.00022110804320197016,-0.0027292285553437833,5.7451733735733985e-05,-0.00046885481851079646,0.02282777651511748,-0.0021453673386795428,0.0019787483979462686,-0.00030894900179248097,6.576044928877087e-05,-5.029815268882724e-05,-0.0001270635613698671,-0.00019255238955217494,-0.0021686469042550183,-0.00037548238565046545,0.00017458458587222018,-0.00015874121861351965,-0.0011310310928611047,-2.7597854249516943e-05,-7.213433920581496e-05,-0.00018350320612306372,1.4309081088824553e-06,-0.0003719478307012297,0.000539972122153538,-0.00016949731334287908,0.002168817905837663,0.0007855754042491516,0.0001086982891018246,-3.69656149392981e-05,-0.0002336760159675649,-1.7768536384445693e-05,9.346855726475133e-05,0.0,-0.00031933463507482726,0.0004894763405787398,-0.0006325576077119276,-0.0003810867198789421,-0.00028993186002238154,0.0001754435353356072,-0.0007109337983496998,-4.8913308360933295e-05,-0.00014583424769157245,-0.0011737192734685433,-0.0003010793595428284,0.0,-0.0003406118574527311,1.7991536080778206e-05,-3.815863764594245e-05,-0.0005092178731761805,0.0,-8.158270625761686e-05,-4.194332707268793e-06,4.636457472226491e-05,0.0,-0.0006117126104973156,-0.00044761235505536966,0.0002578529807498743,-0.0003687093695630646,3.4841679041416765e-05,0.0001594060090624227,0.0001534865804335409,0.00011586316922540413,2.388568322367486e-05,0.0,0.0004403124611272653,0.0006529436782855634,0.00023655228073664818,0.0001168911370933812,0.0002471557960495154,0.00021534212516635621,0.001282633498350053,0.0014381310645377985,-0.00033969754708150116,6.41155879631035e-05,0.0,1.4831918066673872e-05,-0.001048865994798432,-0.0010183827880608893,-0.00046934956843154357,-1.126304238685683e-05,-2.401468612976795e-06,0.00029418152329768385,0.0004360369787079638,0.0001783283880356194,-0.00013579581016836173,0.00013789675314721471,-0.00018708100293638152,-0.0005099588975683044,-8.937340381937261e-05,8.371679033062542e-05,-9.02225402232808e-05,0.0,0.0,0.0,0.0,0.0,4.65702735873881e-06,-6.132839392264409e-05,2.873911017678827e-05,6.847838105949933e-06,0.0,0.0
2022-11-30,0.0009632103786948502,-0.0004004879894302436,-7.444711589968931e-05,0.00023304495485517628,-0.00017714525456706973,0.00011972720315048224,0.01129844947964584,-0.00030037067623831285,5.2541604013518676e-05,0.000512948321688591,-0.0023724947402130785,-0.00026479839396196934,0.00015863027268112078,0.004272687638854904,-0.0014578837054508326,0.000294906423637077,-0.00020329059421232817,0.0002946210885701195,-0.00014443300540730402,-0.0002955400586938349,0.0010705992029578257,0.0006244970125273969,-0.0001799846396558957,0.0003488312875297147,0.0006131304739514173,-0.0010228552227586644,-6.7718246334334e-05,3.780071030767222e-05,7.298614772594314e-05,-6.480068604138665e-05,-4.7251043788316017e-05,0.0005750631984600121,-0.00020910875516713087,0.0016848243137661588,0.0008868192113857208,0.00021714012578324314,-5.819859385503314e-05,2.098246711788241e-05,-3.1091429054757825e-05,7.709886949693661e-05,0.0,6.880153198280455e-05,0.0004909863737388198,-0.0005261044251377209,9.811124420175358e-05,-2.7228352258645583e-05,-3.84405814686771e-05,-0.0008230355530824996,-0.0001508242768742151,-0.00014583424769157245,-0.0008317876673267773,-0.0002728445518429682,0.0,-7.7942242788972e-05,2.1869017099163197e-05,-4.2125164767990465e-05,-0.000477736400548643,0.0,-0.00042619233131009024,-3.317097199765598e-06,4.636457472226491e-05,0.0,0.00013330884954853073,0.0001073878547124438,-0.0010868043054296438,-0.0007161515013576832,0.000276849753251963,0.0001661116576886942,-5.640476524894101e-05,7.943279495616167e-05,3.829609536033064e-05,0.0,0.000394553978037312,-0.0001180517008834136,0.0005041919401161241,0.0001168911370933812,0.00022767790090839554,-0.00017405042045707037,0.0007714128743074856,0.0021078379328271896,0.00015866563086869737,6.41155879631035e-05,0.0,5.091165449044909e-05,-0.00043306250898742383,-0.0002813040294017831,0.0011879786948128506,1.4233271459894217e-05,-3.633527050395722e-06,0.00029418152329768385,0.00014816959104635587,0.000408902335871399,-0.00021119039582349116,3.6832283622874e-05,-8.688225277613157e-05,-0.00015961416341977677,-8.937340381937261e-05,-0.00017138391430360876,-0.0001826848733371559,0.0,0.0,0.0,0.0,0.0,1.9416854343844678e-05,-6.132839392264409e-05,4.990061419166017e-05,6.847838105949933e-06,0.0,0.0
2022-12-07,0.0008878080192724981,-0.00047897015247665847,0.00010078268145740222,-8.573601532611381e-05,0.00012630216824923677,0.00011972720315048224,-0.00911447007553889,-0.0007065167023926174,0.0002569190949376385,-8.848442444499841e-05,-0.0016841757008969555,-0.0002948282075142608,0.00030708339460121595,0.030469612903969538,0.004742681601640181,0.0006518372309125058,-0.00030730445962909026,0.0002946210885701195,4.554717356096972e-05,-0.0005315165223077176,0.0005392838195973358,0.003719311314331089,-9.027597125036486e-05,-0.00024039020228465435,0.00011723537364323634,-0.000956581707059741,7.186369327563681e-05,1.2925953976553154e-05,0.00017725424442072927,-0.00010333272237036972,0.0010956277100841068,0.0005255873316474885,-0.00012658675150866363,0.0020519256681160634,0.0012354444594691442,-0.0001227773405693257,-0.0005165369294247807,-0.00016774870997546436,7.823265847479423e-05,0.00015193188847461723,0.0,0.00014614534039868318,0.0002401957117224309,0.00013010370667032573,0.0004391368227758559,-7.85735175278961e-05,-9.761161162715e-06,-0.000700955988936572,-0.00026168449987320423,-0.00014583424769157245,0.0009238113337396549,-0.0004488855030130572,0.0,-4.1138209828049024e-05,-6.349711997783091e-05,0.00021083481438121066,-0.00022189532708362912,0.0,-0.0006149338735616314,-0.00022763167988528861,-6.373004566086891e-05,0.0,1.8899350923551458e-06,-0.0002837486915887035,0.0002164880141209302,-0.0013635919022980114,8.380709743638994e-06,-0.00022956200122496216,7.582257538803459e-05,-0.00016289781900815533,9.754645019774973e-05,0.0,0.0007739489147935161,-0.00017881696752591506,0.000536689737519902,0.0001719380352823419,0.0003237219371435156,-0.000150437966404952,-0.00032998773469527614,0.0014521121328359878,-9.002799992059965e-06,-0.0001870135090056062,0.0,-0.00022589458320732564,-0.000652189543680781,-0.00019426668324049187,0.0017559078546337211,0.0001365202489226275,-3.633527050395722e-06,0.0002829709416696219,0.0003708424756938951,0.0005411146992488776,0.000153095581973497,3.445523550752863e-05,-5.0916387947754215e-05,4.797292473942202e-05,-0.0003392915472741405,0.0005296643046237473,0.0003723620026802884,0.0,0.0,0.0,0.0,0.0,3.414652442575124e-05,-6.132839392264409e-05,1.1346295297002704e-05,4.8171524637656215e-06,0.0,0.0
2022-12-14,-0.0008074707563058086,0.00010124845034676936,-0.0003255808399512393,-0.00018875029655391826,0.00012641415211239393,0.00019457423330721137,-0.009312265030703868,-0.0009200792843513344,-0.00021103333320284223,-0.0007839070099540947,-0.0015662995648159377,4.1483308049898824e-05,-0.0003478661620037219,0.03257865908482359,0.0006744846358221866,0.000858031107754211,-0.00030730445962909026,-1.743726496136709e-05,0.0006248855192112384,-0.0005386220926539726,-0.00031870672613535744,0.003578164629218169,0.00011405276791556042,7.618018083415407e-05,0.0002171927778003931,-0.0008348662417454135,-0.00010025239765715311,-0.00016753799037129855,-0.000562912700283444,-4.068528551321937e-05,0.0011598697661476063,0.00048560977883715364,-7.522330121641713e-06,0.002126169605474961,0.001022858704336053,-0.0009616743409332819,-0.0006147296608326986,-0.00016774870997546436,-7.736067966822205e-06,-0.00011295960175670841,0.0,0.0002187911803293359,0.00022679997833857516,0.0009546143685407911,-0.0001839004094513418,9.392360248184099e-05,-0.00010145606257494959,-0.0007442841602203617,-0.00011088903675830845,-0.00014583424769157245,0.000713835517796625,-0.0003410200275936844,0.0,0.00019761380077422283,4.657192333036043e-06,0.00021876196783019705,-0.0006108135556991407,0.0,0.00031982765415287056,-0.00022763167988528861,4.636457472226491e-05,0.0,0.0003417464629371129,-0.00011260852148122329,-0.001887255088546585,0.0022055997465133806,0.00024833389684992613,0.00016803516178848615,0.00012058384417364451,0.0007443029932840636,-4.244120375428701e-06,0.0,0.00019015616821845346,-7.775069798138262e-05,0.000307730352569873,0.0001168911370933812,4.9004747756795265e-05,0.0002843666241390424,0.0006638361390831201,0.0008607558071503634,-0.0004118478947198656,0.00015232880284530206,0.0,-7.479709728335819e-05,-0.0005070189655975827,-0.00016751683834264182,-4.2642251174636065e-05,0.0001365202489226275,-3.633527050395722e-06,0.0002829709416696219,-0.00029900941575856086,0.0007203030899214074,0.0002247483544377302,9.055578781703073e-06,-5.0916387947754215e-05,4.797292473942202e-05,-0.00025796349695984887,0.0008290947763434081,-0.00018474842623010326,0.0,0.0,0.0,0.0,0.0,3.414652442575124e-05,-9.707471531627533e-06,1.1346295297002704e-05,-3.131978160270967e-05,0.0,0.0
2022-12-21,0.00028361393267270095,-8.993249718817578e-05,-5.661071246290188e-05,0.00037948040448356716,0.00028029764658446375,5.5664056061936385e-05,0.006714458141025785,-0.0009256872800973942,-0.00011381066946947673,-0.00024075724177302735,-0.003319081970787383,-0.0004976040677224072,-5.2488680614061587e-05,0.027398841098367713,-0.0018439522255549474,0.0006559334421987973,-0.00020164787342348534,-1.743726496136709e-05,-0.0005034517532294566,-0.000402173848683422,0.0004481941203661541,0.0016102648560754073,-0.00036083610125423315,0.00024519324154343244,-0.000542827608307355,-0.001071365357310428,-0.0004911238907138048,-0.00039349222075870977,-0.0002520224168799237,-1.7547345052105032e-05,0.001065310020717951,0.0006459292534481335,-6.327161572218951e-06,0.0014205613978327063,0.0006137147354213577,-0.0006785636815681692,-0.00017170240247240296,-0.0002099414371250979,-4.088371777928232e-06,-2.6602323957501613e-05,0.0,0.00026433781688537273,0.00013565499602130843,0.0009546143685407911,0.00012164622920726666,-0.00019706468222603803,-0.00011198958722756329,-0.0006179172440596959,-0.000188633070017046,-0.00014583424769157245,-0.0005190167972130067,-0.0009499355211017243,0.0,0.00012027545773658718,-6.611611868507936e-05,2.35348654497891e-05,-0.0003888402597382934,0.0,-0.0007437126474887805,8.817473666331147e-05,4.636457472226491e-05,0.0,0.00037801067223638203,0.00015100775363882036,0.0003007046405314591,-0.0017298849009962885,0.00018575485199222706,-0.0002540278218862709,6.175139841270227e-05,-0.0001733301734299293,6.601583758854596e-05,0.0,-6.4511673338042935e-06,-0.00020421158796191046,0.0001677158535674752,0.0001168911370933812,-9.346951253069461e-05,-0.00018730482088510643,0.0005457665035115192,-0.0009568455625060378,7.190693414135278e-05,-0.0002491121287136416,0.0,-0.00011458218342065538,-0.0007391055549557969,-0.0003735013909135376,0.0008171948507307975,2.005975928076438e-05,-3.633527050395722e-06,0.00044449120167431287,-0.00048104074910779686,0.0004957854481566222,0.0002271332840496667,6.728757327176316e-05,-0.00017553887342107758,-0.00013586217622754422,-8.937340381937261e-05,0.0004028908921186085,-0.0004054036869292664,0.0,0.0,0.0,0.0,0.0,-9.746483405566684e-06,-6.132839392264409e-05,2.194571040065355e-05,-7.237109892930681e-07,0.0,0.0
2022-12-28,-0.0008434271687938651,-0.00014782646741540563,-0.0002139818349419975,-0.00018875029655391826,-4.627975288006622e-05,0.0005829522056387586,-0.00802238279243223,0.0005531970072191326,-0.00011113442403525188,-0.0007455363846659707,-0.001924169149540124,3.110069331365157e-05,0.00016619892674466592,0.03374912833441135,-0.0001343381511211208,0.0005035972542697709,-0.0002999008031313705,7.670910464002924e-06,-1.2759602160396125e-05,9.672052822669441e-06,-0.0006525888448346256,0.0019271896859071886,-0.00041496422764190346,0.00028546890678858697,0.00020028657141438482,0.0005127169973830428,-0.0001939211834634243,-0.00010265527445808023,-0.00047763587361312305,1.3189862629025698e-05,0.0008963744125342421,0.0006459292534481335,2.0544297927893617e-06,0.002351803499264434,0.0003456254847002068,-0.0006785636815681692,-0.0005768119085945202,-0.00016774870997546436,-4.197251534205953e-06,-2.6602323957501613e-05,0.0,0.00031628272482696687,0.00018971538195872942,0.0005004660724478499,-0.00019100819202868104,-5.485725611351442e-05,-0.00016534981701688564,-0.000782756909337255,-0.00011573144423117772,-0.00014583424769157245,0.00023236615636564983,-0.0008328285092853236,0.0,0.00021854575381307473,-6.611611868507936e-05,-0.000655333961171974,-0.0006108135556991407,0.0,-0.00024614622334683857,0.00014753616138540212,-6.373004566086891e-05,0.0,0.0004477779009985191,-3.8763396654357744e-05,0.0002899774105309718,0.001227430888916773,-0.0001524101543565711,0.0002608790802072346,0.0004209246122746726,0.00024912013894366454,2.4861136078327078e-05,0.0,0.00019015616821845346,-0.00020421158796191046,0.00020429670776478962,0.0001168911370933812,0.00036944564961205716,0.0002988597473939623,-0.00046319669361167187,-0.0007340582059473107,0.00028686611166684844,0.00015232880284530206,0.0,-0.00026947905264408363,-0.0004827887696277792,-5.1887055543350355e-05,4.0249133537209916e-05,-0.00011368563741797648,-3.633527050395722e-06,0.00012588953995028626,-0.0005530425809973146,0.00038076066392183077,0.0004108485129616101,-2.254984638865328e-05,-8.714026776722024e-05,0.00011290312014074745,-8.303856231553103e-05,0.0009721170169171098,5.170141873079597e-06,0.0,0.0,0.0,0.0,0.0,-9.746483405566684e-06,-2.7160694897544777e-05,1.1346295297002704e-05,-3.131978160270967e-05,0.0,0.0
2023-01-04,-1.6911562292188926e-05,-0.0008050203894697303,0.0002238924817773195,0.000290942196943171,0.0003994480179923128,0.0004983868136727818,0.01023963064655456,-0.00010674778364268002,0.00015660893389663806,4.794184701593267e-06,-0.002194322383753214,0.00019752002265658824,-8.487113705786569e-06,0.02027800604800268,-0.002131925806156199,0.0010564638609467574,-0.00014543695123420358,0.00016539134321094575,0.00024799674601628195,-0.0002694057564339113,0.000506297446469461,0.0006016517647098827,-0.0002280072372671207,-0.0002485428934858201,-9.178978301087958e-05,-0.0009187952823072566,-0.00027775202315808887,-0.00037167512396203917,-0.00014899590445798848,5.279104448762734e-05,0.0011163731822114841,0.0005811533186024147,-9.292343312802659e-05,0.0024440506155266753,0.00038466887144388457,1.0748970031126739e-05,-1.0471909111843315e-05,-0.00021597517031007312,7.963610275161185e-05,0.0001384958588012127,0.0,-8.842177009727057e-05,0.00041207460281087496,0.0009546143685407911,0.0005314703791963263,-0.0006657382820807234,2.2600639118559115e-05,-0.0005926305882418744,-0.00020223311135095985,-0.00014583424769157245,-0.0010410508081131482,-0.0004937168415225433,0.0,5.0635451626410456e-06,2.1869017099163197e-05,-0.00043370742152014884,-0.0005793601060958603,0.0,2.702155472505773e-05,8.817473666331147e-05,0.00010114712141644645,0.0,0.00036220208435287733,-0.00031619748623236334,0.0003844640969191879,0.0018468122883028538,-0.0001377186773049465,0.00026861196411373257,-0.00010735381512119106,0.0002237652472863502,-5.4961618877489747e-05,0.0,0.00052026555236985,-8.606484917389735e-05,-0.0006210679023490638,-4.000984701228534e-05,-4.9861804167920916e-05,0.0006191680411148808,0.0015185287849589007,0.0015941823843988762,-1.9928702460181193e-05,6.41155879631035e-05,0.0,-0.00015022127490089612,-0.0006911224177827008,-0.0002010419121053703,0.0018254445696502673,0.0001365202489226275,-3.633527050395722e-06,-6.523989311511716e-05,-0.0001881589510000983,0.0003895607773283381,0.00035210261979835795,-4.16385078100117e-05,3.2763473908041795e-06,4.160557273510807e-05,0.0001483284182816941,0.0008536294927823704,6.567380757269853e-05,0.0,0.0,0.0,0.0,0.0,1.9416854343844678e-05,-6.132839392264409e-05,4.990061419166017e-05,3.127173903515026e-05,0.0,0.0
2023-01-11,0.0006691202753733609,-0.001241829280815133,0.0002149163283068668,0.0005671466531250933,0.0002697434935711894,9.566133485027322e-05,-0.012604937928850618,0.0013541101327764833,-0.00011894031230850059,5.763034527382461e-05,-0.0017294264155814452,0.00030697439577081044,-0.0001658149305329894,0.010111132787938197,-0.001253177938749105,0.0009380483273867337,-0.00025769676268500084,0.00016539134321094575,-1.3053907800690758e-06,-0.00014296090610537183,0.0003460653541183762,0.0014794488982268943,0.0003508679720390258,0.0003768203392237314,-0.00032496904765002833,-0.0006390601714133671,-3.600353747747884e-06,-0.0002023830030363951,-0.00015206887403401814,7.041571926091848e-05,0.0009410491131267893,0.0006261676459521908,-4.19313882766015e-05,0.0020504641649962585,0.0006670560016985761,1.0748970031126739e-05,-0.0004238108679639822,-0.00013091695549452561,7.824586606779828e-05,0.00019079921409181146,0.0,0.0002898760483286157,0.0004429327881647329,0.0008023735544601297,-0.00015916262060764093,-0.0002765901041387336,0.0005086926756882695,-0.0006105564967941704,-0.000191173318829489,-0.00014583424769157245,-0.0008448995724106946,-0.0004937168415225433,0.0,-0.0001220425125590353,-2.367900832740657e-08,-0.0009120470530103825,-0.0004220542370162475,0.0,0.0004091268327987347,-3.8142488831958116e-05,0.00010114712141644645,0.0,0.00035404986333030226,-0.00046486537374608905,0.0003387204345171546,0.002113478191835574,0.0001885795091682198,0.00025365803364881066,0.00012058384417364451,0.00046683172881206855,0.000382731542389646,0.0,0.0005918198768851044,-8.606484917389735e-05,-0.0004048030212887275,-4.000984701228534e-05,-0.0002481143955310473,0.0008431034680986946,0.0018497948193703611,0.0011297961164955896,0.00013493126957210734,-0.0001870135090056062,0.0,-0.00021722087374688405,-0.0004421895966864365,-0.00019133283433282213,7.433294416831892e-05,1.4233271459894217e-05,-3.633527050395722e-06,0.00012588953995028626,0.00033409732776593033,0.0006799426369262351,0.0003360668823686469,-4.6181527104624594e-05,3.0143092957649024e-05,-0.00018935982749932243,-0.0003096848135271711,0.00097978183830938,0.00021250661505692458,0.0,0.0,0.0,0.0,0.0,6.268710071539048e-06,-9.707471531627533e-06,4.990061419166017e-05,2.740748466678438e-05,0.0,0.0
2023-01-18,0.0009682435348931967,-0.0010597962143809982,-0.0002368579171752538,0.00022692842355164706,2.9788888417079297e-05,9.566133485027322e-05,0.012335771666062638,-0.0004655281718084406,-1.435015961550215e-05,-0.0003372192544994433,-0.0026670985009510694,0.00022474389183188686,-0.00041357590393223235,-0.009667986552878592,-0.0006695224058008477,-2.4187320214257783e-06,-0.00013519423954314706,-0.00017200334916312363,1.776696260188003e-05,-0.0005208308277299885,0.00021200362938899185,0.0007634516612353003,0.000114002413396936,-0.00017532939081152095,0.0004804190060894206,-0.0006976462199908679,-0.0001431822933577187,-0.00023280803168210414,-0.00033296738045351124,0.00013019992837387181,0.0009162757958774848,0.0006162443949088887,-0.0001723978165417874,0.0015309806612342663,0.001559416944554141,1.0748970031126739e-05,-0.0002565332172030953,3.0348152180908386e-05,7.963610275161185e-05,0.00017828526881254577,0.0,0.000177463502580246,0.00027734482462622663,0.00042908360874370065,-0.00014744028640242352,-0.0006872121077242644,0.00031827046112085575,-0.00028803564088058565,-5.7372554813929884e-05,-0.00014583424769157245,-0.00032427571498299686,-0.0005224123423912235,0.0,5.694302509613847e-05,1.7388056716194512e-05,-0.0006070049888190619,-0.0005824872900775104,0.0,-0.0007382081660545831,-3.317097199765598e-06,0.00010114712141644645,0.0,0.00027161427831202885,0.00011023989688387741,-0.00021606412503908764,0.0015866313816351204,0.00035799392614808674,0.00010528875035098466,-1.1643496463331095e-05,0.0003594478299067918,0.0003985631438865195,0.0,0.00027627956585816354,-0.0001287737335911987,-0.0006210679023490638,-4.000984701228534e-05,0.00012348686267907947,-0.0002942140182866142,0.0005415692183646289,0.0016516253346522505,0.00012798368123281015,6.41155879631035e-05,0.0,-0.00013760699068754152,-0.0003532549349625029,4.116067542880283e-05,0.0004666505632009961,1.4233271459894217e-05,-7.458706520584296e-06,0.00044116432865496345,-0.00017418573370643826,0.0004274377066756118,7.447439656561988e-05,1.939280437580842e-05,-1.5457591538655947e-05,5.462735441338806e-05,-0.00016576356488579732,0.0008986107657062469,9.607512157678369e-05,0.0,0.0,0.0,0.0,0.0,4.067982901201433e-05,-8.545294513114187e-07,4.990061419166017e-05,6.847838105949933e-06,0.0,0.0
2023-01-25,-0.0011350530458235615,-9.906799692991703e-05,-0.000357410082054844,0.0005483774086836453,-0.0001391534645863345,0.0004983868136727818,-0.010923420060060042,-0.00026241017129649514,0.00020696276588892437,-2.05640865337131e-06,-0.000740291662839942,0.007147026885059329,-0.0001658149305329894,0.00851122475312925,0.001964395408836484,0.0004093899385509066,0.0007686423139440636,-1.743726496136709e-05,-0.00019508733938187892,-0.0003249445560831657,-0.0003907472373678967,0.0015330847155690436,0.0002499074306995629,-0.00018793443493076006,0.00046525929209794206,-0.00013810387688573326,-0.00012891785352701956,-4.070598955867522e-06,0.00010585254601420449,-2.161725237658235e-05,0.000977476715712926,0.0004409032883870821,-0.00026641343361131077,0.001291299701131925,0.0004907102964526581,-0.00026342455770705925,-0.0009911883248901877,0.0002577967818552748,-0.0001274646389378521,0.000158788776762464,0.0,3.799965478162055e-05,0.0003317193344977656,0.00022070358795805447,0.00038521596573761884,-0.0003670177897808828,0.0007721829107905266,-0.00037529788485433994,-8.603855344762804e-05,-0.00014583424769157245,-0.0008385444536636835,-0.0004041390646988906,0.0,0.0006240833712028653,-7.131726343795642e-05,-0.0007196460036970778,-0.0002260447279498844,0.0,-0.0005782663707014798,0.00010193529764627062,0.00010114712141644645,0.0,0.00045350721947792587,-2.5156874826105235e-05,0.0002300475225580127,-0.0015375686205847429,9.80503999873284e-06,0.0002579635279020866,0.0002844281614682241,0.0002053222222415726,0.00035165726520465203,0.0,0.00043152806769472453,-0.00018743030930884827,0.0004540878321930452,-4.000984701228534e-05,9.779596820049941e-05,0.0011075646371765328,-0.00014445207899235177,0.0012238568248980617,3.3317634618122355e-06,-0.0001870135090056062,0.0,0.0002001851608180506,-0.000852950469356372,-3.7473235605541314e-05,0.0008629087393642672,1.4233271459894217e-05,-3.633527050395722e-06,0.0002829709416696219,0.0006842237961869756,0.0006723803995957537,-0.0005622467404658321,0.000225684931262983,-4.402657346647877e-05,0.00020573509570394856,-0.000485172369077952,0.0010659633916523564,0.00021250661505692458,0.0,0.0,0.0,0.0,0.0,3.6483594699292306e-06,-9.707471531627533e-06,3.132340411796933e-05,3.0359037950395944e-05,0.0,0.0
2023-02-01,-0.0007095119689007866,-5.158309698058449e-05,0.0002341336085350879,0.0003627368769747823,-0.00011719796493456241,9.566133485027322e-05,0.009909592233332197,0.0012287454259086472,0.00020957658984709765,0.00025199021299481623,-0.002372404587697925,-0.00021464856935508154,0.00022100145691150903,0.025145378525137065,0.0029119608424123975,0.0008041929971185705,-0.00016131529275612656,7.670910464002924e-06,-3.275338106852702e-05,-0.0006343405984484742,-0.00014850028707472503,0.0016816651496765543,0.00034798512887615116,0.0001235919279022808,0.00017323121313285027,-0.00117180541709715,-0.00010475974103739626,-0.0003992266697041286,-0.00032995244289662053,-6.615636040234098e-05,0.001514321351496716,0.0004045536446300129,-0.0001951369961311286,0.0018551926584031238,-1.3383910178995056e-05,1.0748970031126739e-05,-0.0001394207542897122,-0.0002385849935523522,-3.003279246907235e-05,0.000172973344563894,0.0,-0.00027166178505042183,0.00038386470043518515,0.0003040182743145271,0.0003509856197690794,0.0002217082149115772,0.00010575885820097323,0.0007881804960323405,-9.866591720719654e-05,2.1286822050831153e-05,-0.000413538705256016,-0.00017559753090748122,0.0,-0.00040765712325408057,6.048066081619323e-06,0.00024881658556364115,0.0004460281849462663,0.0,-0.0005078622865866088,-7.93508902202647e-06,0.00010114712141644645,0.0,0.00046122591131001053,-1.2042846102888216e-05,0.00033359747942964826,0.002398181849091548,2.1267074848300194e-05,0.0002896118929930889,0.0001982478492191508,0.0006287407598457885,0.0003011215083772486,0.0,-8.411700118227697e-05,-0.00013471401972937178,-0.0001417581440079251,-4.000984701228534e-05,-0.0004461937014524366,0.0003885603622147333,0.0007092763957455831,0.0014309597990573716,-8.876471907616411e-05,6.41155879631035e-05,0.0,-0.0003759488402340169,-0.0008982334085859778,-8.746276001784904e-06,0.001715268904386031,-0.00033908973941238797,0.00044180732229459217,0.0005015555391337445,2.3490386539026888e-05,-0.0013639311377208394,0.00015027478069132112,-6.889588765544577e-05,-8.527265797923469e-05,2.889362049195019e-05,0.0002381915979758396,0.0008878452975591255,0.0003431819867944605,0.0,0.0,0.0,0.0,0.0,-9.746483405566684e-06,-9.707471531627533e-06,2.9073529563478187e-05,4.395359273176563e-05,0.0,0.0
2023-02-08,0.0007012267640665844,-4.882873344305644e-05,0.00024331598615341522,0.0004387021689846436,0.0001649196303570886,0.00020429259511645898,0.01057114141657562,0.0010947779824180184,0.00010988982333261338,0.00018022433683268402,-0.002202068149394739,-0.0003925981058137808,0.00013512299249806024,0.02125867702869474,-0.0015920330584106798,0.000812554876846502,-0.0003523166614610672,3.495027926592589e-05,0.0001047184893146026,-0.0001599029282814009,0.0003679837141387163,0.0018861691626352421,0.00034798512887615116,0.0001787386669936945,9.725609010519306e-05,0.0014763438476670904,1.632182563582543e-05,0.0007039279678756184,-0.0002597754077400844,-6.615636040234098e-05,0.0010620668753662658,0.0005811533186024147,-0.00013495395403462392,0.0018222734814964175,0.0003182499054228353,1.0748970031126739e-05,-8.800061911801536e-05,-0.0002385849935523522,-0.0002887131469197162,0.0001384958588012127,0.0,-0.0002957419073067674,0.00023219020249973487,0.0003040182743145271,0.0005033989078258693,0.0003162854380883446,3.854498531593302e-05,0.0004828313528815713,2.3534847563732897e-06,2.1286822050831153e-05,-0.0002173160558647826,-1.305706205272979e-05,0.0,-0.00030617655312704055,6.048066081619323e-06,0.00018448514677973522,0.0007974859339218019,0.0,-0.00022940848803777137,-7.93508902202647e-06,1.2682116876036475e-06,0.0,0.00039358177798162535,-0.0001268968247070894,0.0003844640969191879,0.0017519016889751971,0.0002130306048136757,0.0003014993003307719,0.0001982478492191508,0.0004673176551510356,0.0003465887798362629,0.0,0.00022680278554576162,-0.00013471401972937178,-0.0002988234950371263,-4.000984701228534e-05,-0.00044016442763318054,0.0006092525540821326,0.0010504613149134184,0.0020141576615916603,-0.0004972787974058807,6.41155879631035e-05,0.0,-7.301498126011604e-05,-0.0009631553730196252,-0.0002010419121053703,0.0018317047476148346,-0.00033908973941238797,0.00044180732229459217,0.0005015555391337445,-5.08044036341904e-05,-0.0013639311377208394,0.0002811080933008261,-7.054421050787485e-05,-0.0001015506409761772,2.889362049195019e-05,0.0002381915979758396,0.0011031973322843673,-0.0002589757097734846,0.0,0.0,0.0,0.0,0.0,-9.746483405566684e-06,-3.774385509775926e-06,4.7477068885594026e-05,4.395359273176563e-05,0.0,0.0
2023-02-15,0.0008556475954785322,-8.846386030713407e-05,0.0007684043668532329,0.0005645286788264912,3.726598411020312e-05,0.00020429259511645898,-0.010913284173668335,0.00013704291649633695,0.0003647916675902884,0.00018022433683268402,-0.0017628338575257697,-0.00026218438137009875,-0.00033136735718408326,0.01849163547858309,-0.0019202852722516649,0.0008421094878222479,-0.0004058904971793539,5.369256733951128e-05,-0.0002426243836409171,-0.00030324229683255166,-6.503718881588394e-05,0.0020887148190332477,0.00034798512887615116,0.00012024574722435022,-0.00022415273286225507,0.0006969411389559696,2.976610128712784e-06,-6.0218680975985784e-05,-0.00026515505526643975,4.36938168468621e-05,0.0009977362001063381,0.00070279658552637,-7.171936159720588e-05,0.0016758149573535043,0.00051761120526074,1.0748970031126739e-05,-0.0005847953586217093,-0.00019639226640271866,-0.000289014095564145,0.00017597281100217561,0.0,-0.00023453563258626897,0.0002790097249492266,0.0003040182743145271,7.473455998705691e-05,0.0001447606145691269,-0.00012183723646502948,0.0004828313528815713,5.510518949984628e-05,2.1286822050831153e-05,-0.00025719724257552913,-1.305706205272979e-05,0.0,0.0006521772189698488,-6.131760143032625e-05,-9.031517717875667e-05,0.00023614158330209354,0.0,-2.1904737002600982e-05,0.0001567687479660813,1.2682116876036475e-06,0.0,0.00027352107766803323,-8.422143515113475e-05,-0.0006202699572278002,0.002629416777224271,0.00019302940217400512,0.0002010199608682496,0.0004209246122746726,0.00034605787574701645,0.00038982565937653596,0.0,0.00035415109713996337,-0.00013471401972937178,-0.00019803442744848775,-4.000984701228534e-05,-0.0006384170189963069,0.00029069230718168607,0.0014969751953056313,0.0007368656775674806,-0.0008434038098291726,-0.0001870135090056062,0.0,-5.365797608837688e-06,-0.00034346961251160464,-3.080570530696413e-05,0.00010786346794528946,-0.00033908973941238797,0.00044180732229459217,0.00033326355578634683,0.000473464117772354,-0.0017289583218444602,0.0005643876201356456,-5.3623023216924996e-05,-0.00011761716361931965,0.00032248004069089915,0.0001409285936036754,0.00097978183830938,-0.00048032756292185866,0.0,0.0,0.0,0.0,0.0,3.6483594699292306e-06,-3.774385509775926e-06,3.132340411796933e-05,-3.131978160270967e-05,0.0,0.0
2023-02-22,0.00028980526869636786,-0.0012842773573214343,-6.900714670163674e-05,0.0001549243318655093,2.9788888417079297e-05,0.00019457423330721137,0.01203549247170463,0.0012368147142912131,-8.54681464490201e-05,-0.00017561044152524928,-0.0023745879626200003,4.0426613423476845e-05,-3.5374933748917126e-05,-0.011599087972863357,-0.0019123756856438425,-2.813123792108239e-05,-0.00019222561255014128,-0.00017200334916312363,6.929907732572852e-06,-0.00046538186648364315,0.0009148438217792564,0.0009138468176818599,-0.00029750062327060355,0.0003478392713073959,0.0011833095385493572,-0.000880493612403468,-0.0002875171098093811,7.468669037403579e-06,-0.0005176545769836217,-6.615636040234098e-05,0.001761022120098364,0.000622328742923934,0.0005219554570615555,0.0018094794139625074,-0.0003327010225188766,1.0748970031126739e-05,5.161905267975732e-05,7.814373235845586e-06,-0.00019999966402536664,0.00019079921409181146,0.0,0.0007299386775257144,0.00018663322873983956,5.846188992912217e-05,0.00020091140937693655,0.00038668888625601275,5.594194641256482e-06,0.0017681272003575836,0.00024435474529210566,-0.00014583424769157245,-0.0002724830485269347,-3.0675709006510295e-05,0.0,-0.00037355588648369187,1.849741557583105e-05,4.7210760952650233e-05,-0.0004382741430612912,0.0,-0.0008275073447004473,5.06859834359676e-05,0.00010114712141644645,0.0,0.0003482260934498124,0.0001073878547124438,0.00014765547036790246,-0.0015120003552401885,-0.00035004009355278144,0.0003070524364735304,-0.00014813994726977964,0.0004181993309732048,0.00034677911219479487,0.0,-0.00016683768357393143,-1.2413897908222809e-05,-0.0005823595938356668,-4.000984701228534e-05,-0.00038000162202135205,0.0003576168921039164,0.0007246919939963063,0.0016436849438303891,0.00016739122573432297,6.41155879631035e-05,0.0,-4.864464633416558e-05,0.00038778987715790223,4.116067542880283e-05,0.0013172979016106575,-0.00029504206419422597,0.0012386821327568937,-0.00018629361315535204,-0.00045285090304294476,-0.0004963367491969496,-0.00010995637181315058,-1.1127501555487968e-05,-0.0001632178481156246,0.00043627720902044656,0.00021990482053274742,0.0007643547796319591,5.398640165945527e-06,0.0,0.0,0.0,0.0,0.0,1.9416854343844678e-05,-3.3454219173680756e-06,4.990061419166017e-05,3.127173903515026e-05,0.0,0.0
2023-03-01,0.0009392478521446986,-0.0014243214306134267,-0.003085294132053353,-0.00015590579578563204,-4.5597121396978994e-05,0.00011972720315048224,0.010849221548466988,-0.00014931555336600112,-1.215125456936083e-05,-0.00036865660578028626,-0.0024822923669558152,-0.0002919282425416903,0.000992012592511234,-0.023598964877758647,-0.0015650965436476713,-0.000835817295906494,-0.00018758523342710497,-0.00017200334916312363,0.00035353866798884813,-0.0038772046539984227,0.0007626952074806584,0.0016220139757693428,-0.00031267469657913534,0.00034758333385419017,0.0006379477503697813,-0.0007540876569622885,4.1757757713512255e-05,-0.0005242387186418395,-0.0005015986726881402,-1.7547345052105032e-05,0.0014773286449456453,0.0008183830544140167,0.0004384668129052532,0.0016376519817406533,-0.0004607077009243623,1.0748970031126739e-05,5.305635157915922e-05,5.858148704930261e-05,-0.002811814061918447,0.00017443050434333928,0.0,2.2659043406414582e-05,0.0003342129688942189,0.00042908360874370065,3.937083974704073e-05,0.00034754690452367743,3.9873561312669396e-05,-0.00015643696486756215,0.00013339221624734428,-0.0010198349814753407,-0.00065833523054788,0.00013425872627051928,0.0,-0.00014948380294720743,1.4016455192862366e-05,-7.639325777236077e-05,-0.0005035443849299829,0.0,-0.0009515067202936089,-0.0001933067755900111,0.00010114712141644645,0.0,0.0003482260934498124,-0.0001701200370276985,0.00022476767791969416,0.0015233901636981498,0.0005532329374955075,0.0003167362059792657,0.0003460450267880863,0.00039621397275522335,5.010342648838752e-05,0.0,-7.135048495983333e-05,-0.0001287737335911987,-0.0005773576247895588,-4.000984701228534e-05,0.00013349442484157672,0.0008099022005518504,0.0006665591966557438,0.0010271369324667877,0.000167403486603428,7.73867286995378e-06,0.0,0.00018498337904316104,-0.0006495850265668088,4.116067542880283e-05,0.0021373784281179314,-0.00029504206419422597,0.0012386821327568937,-3.2522253074088e-05,-0.00015272272032415497,0.0004627767611529918,0.00018250475348043066,0.0005030502710285307,-0.00042132421176696523,2.358464031883929e-06,-0.00023782039220064563,0.0007259557322462574,-7.32654830044973e-05,0.0,0.0,0.0,0.0,0.0,4.067982901201433e-05,-8.545294513114187e-07,4.990061419166017e-05,3.127173903515026e-05,0.0,0.0
2023-03-08,0.00034062152224805756,-0.0012011284445785956,-0.0028712303991250154,0.000327506014193253,4.0649755425426e-05,9.566133485027322e-05,-0.012135066128076437,-0.0006358492091047219,-0.0002409283202400898,-0.00015514254621610147,-0.0013814731868230564,-0.0003775830795628268,-0.0003047869479972709,-0.024486120766392495,-0.0012211080728230517,-0.000835817295906494,-0.00031726611692691517,-0.00017200334916312363,0.000863927014413335,-0.00310631297082536,0.0004433763181650167,0.0026491079051127672,-7.700367632007465e-05,-0.00027245150643937855,0.00021447092794930217,-0.0009993994813137241,0.0002131852857673448,-0.0004409932680071569,-0.00032475463595732756,-0.00010333272237036972,0.001760694614085261,0.0008183830544140167,0.0004791181422403477,0.0010220706150712712,-0.000560724254175276,1.0748970031126739e-05,-0.0003640831997381528,-0.00010268362062613137,-0.0028132042986022607,0.00017443050434333928,0.0,0.0001593629797612053,0.00037353851812295586,0.00042908360874370065,-0.00025778328326038616,0.00010758342604455322,-0.00020168661818539962,0.0002337855028302853,0.0004747777262791226,-0.0010198349814753407,-0.00042511892951569276,0.00013425872627051928,0.0,0.0005590639211644802,-6.780883276928653e-05,-0.00013539428320309647,-0.00041875848492585173,0.0,-3.361627630876955e-05,-9.618760515332318e-05,0.00010114712141644645,0.0,0.0003149684460652208,-0.00022492139919611345,0.00022476767791969416,0.0012478696876746084,0.00017094580142044632,0.0003167362059792657,0.00077861313552609,0.0004337953812028467,0.0001142207587383714,0.0,0.00018882346668438473,-0.00011888789386356219,-0.0003784077108120728,-4.000984701228534e-05,0.000541260601364346,0.000865289024768376,0.0007490754192225896,0.0014628091353041457,0.00039506669364371567,0.00010179057594525496,0.0,0.00018498337904316104,-0.00018844526027942456,8.330806311985446e-05,0.0015044526717816246,-0.00029504206419422597,0.0012386821327568937,-5.521631009269448e-05,0.0002683884121776422,0.0005568223266164776,9.063448005351604e-05,0.0005041633774456125,-0.00034747800340133533,0.000281107439401624,0.00016632096163936581,0.0006043836801334317,-0.00045243260628966876,0.0,0.0,0.0,0.0,0.0,3.6483594699292306e-06,-8.545294513114187e-07,4.990061419166017e-05,4.8171524637656215e-06,0.0,0.0
2023-03-15,0.0005006180487281522,-0.0002896075700012235,-0.0012321434319284594,0.00019560829597530145,-4.416194970098285e-05,0.00019457423330721137,-0.011468395981372852,0.0005660167992238824,-0.000516438976040339,-0.00028430853457546375,-0.0015537044623860263,-0.0011344105834407408,0.0006458123427149596,-0.02524657555194122,0.0017406116016611822,-0.0008441791756344256,0.000984831319943225,-0.00017200334916312363,-0.0007157902123940146,-0.0030920281271918475,-0.00035210388498654193,0.0029813416276106815,-0.000126205439845065,-0.00020289980326934225,0.0002740419993970619,-0.0011230867459874146,-0.0005752190452477401,-0.00012641196070543385,0.00016533484762700531,7.931144603686471e-05,0.0017407819640129726,0.000633118696848908,0.00027308929376317564,0.0010220706150712712,-0.0005326381761378341,1.0748970031126739e-05,-0.00044706847387160223,-0.00010268362062613137,-0.0024541102790835516,0.00014242006701399178,0.0,0.00012000421886099618,0.0003136205370744481,0.00042908360874370065,0.00018601261015133724,0.00014387750155399592,-0.00015890530114928228,0.0002337855028302853,0.0004747777262791226,-0.00038672597015240197,-0.0005568404313291081,0.00017166244917406881,0.0,0.0004237121804036286,-6.780883276928653e-05,9.272738510072915e-06,-0.0006852986328014621,0.0,7.505657236986656e-05,-0.00012125278076841968,0.00010114712141644645,0.0,0.0003149684460652208,-0.00022492139919611345,0.0001932069735123439,0.0018071933891297578,6.629449055029838e-05,0.0003079854628619695,0.00077861313552609,0.000558266743110575,0.0008859988631626725,0.0,0.00014302631027610568,-0.00011888789386356219,-0.00019751206300621746,-4.000984701228534e-05,0.00051451427938425,0.0007179040722457539,0.0014176462534800098,0.0016040372850326069,0.000179451531724345,0.00010179057594525496,0.0,-1.6087551210974187e-05,-0.00023992088400347895,-0.0004111255549337063,0.0010150155544246138,-0.00029504206419422597,0.0001952736724248629,-5.521631009269448e-05,1.5480742823325834e-05,0.000553346286631909,-0.00011182694483018329,0.0005201916501019699,-0.00034747800340133533,-8.921519864714424e-05,-0.0003004362819982505,0.0007846380167873693,-0.00021287593923141566,0.0,0.0,0.0,0.0,0.0,3.6483594699292306e-06,-8.545294513114187e-07,3.132340411796933e-05,-3.131978160270967e-05,0.0,0.0
2023-03-22,0.00046223782223830885,-0.00011505472109552903,-0.002220130767095634,-2.72247188527949e-05,-4.5597121396978994e-05,0.00011972720315048224,0.01209243930798395,-0.00016274944370037512,-0.00011183802108384507,-0.0006020254218189315,-0.0022911061087345485,-0.00046076372561879974,-0.000576794713872253,-0.022859010970586752,-0.0011848802334117146,-0.0007193335646721447,-0.00018149215414719788,-0.00017200334916312363,-3.749221062570728e-05,-0.003925133954246891,0.00030533315935691826,0.0021435633546220577,-0.000126205439845065,0.00034758333385419017,0.0003982231056922249,-0.0010060046280177713,1.632182563582543e-05,-0.0003975566878727072,-0.0004345924845085645,-1.7547345052105032e-05,0.0018032926266353154,0.0006478583290054007,0.0013337928937076644,0.0015231508912016101,-0.0007073077111222315,1.0748970031126739e-05,1.9430898303859163e-05,0.00021408675695445018,-0.0026425249812192606,0.00017443050434333928,0.0,0.0001593629797612053,0.00028131944254183817,0.00019747478305130641,-4.7367506821364996e-05,0.00045528909793300843,-2.237845877079805e-06,-0.0003307306011343388,3.494439248196989e-05,-0.0003145632824161716,-0.0008065766854621615,-5.197995793111476e-05,0.0,-0.0005530179009065203,-3.3270652197641355e-06,-0.000132640150507408,0.001243904678097566,0.0,-0.0007088742793409864,-1.4994711700571273e-05,0.00010114712141644645,0.0,0.00033139917339680523,-0.0001701200370276985,0.00022476767791969416,0.0018704497713710835,0.00017094580142044632,0.00031480570262371407,0.0003460450267880863,0.0004523776597041043,0.0019056746816411448,0.0,-7.135048495983333e-05,-0.0001287737335911987,-0.0005057626748221448,1.274380832667843e-05,-8.471000874453588e-05,0.0006300026930598001,0.0007088003685228043,0.0016163751372549027,0.0008694455181471278,7.73867286995378e-06,0.0,-0.00034480870098093876,-0.00017711957338067575,-5.4709029910478615e-06,0.0017668591070501053,-0.00029504206419422597,-2.9515092913800005e-06,-3.2522253074088e-05,-0.00023491072647094927,0.0005679383254276769,9.063448005351604e-05,0.0004862696876649189,-0.00042132421176696523,-0.00012676058577113463,7.059869015271193e-05,0.0006357819928122627,-0.0005272040797159694,0.0,0.0,0.0,0.0,0.0,4.067982901201433e-05,-4.74513430731905e-05,4.990061419166017e-05,4.395359273176563e-05,0.0,0.0
2023-03-29,-0.001625629526236868,8.556452166369745e-05,0.00022020509937315132,0.00036795939304865754,-1.699053746855503e-05,0.00011972720315048224,-0.010933249534088287,-6.0518764995876865e-05,-5.5631062709817045e-05,-0.00035979766488251506,-0.0012791963584164539,-0.0009929314960086938,-0.00029013691108782126,-0.016392532551092232,0.002844262882570031,-0.000563821624070625,0.0010054505331888513,3.495027926592589e-05,-0.0006767788461065193,-0.001763532264563113,-0.00030802712952088463,0.0031909604785420485,-4.491293784881305e-05,-0.00027120355276385403,0.0002812542380012753,-0.001468695509586661,0.00018133969732348306,0.0012263418508355768,-0.00028843233529999283,-1.6111291526239647e-05,0.0017725316310974028,0.000470461287218311,0.0016718111483627308,0.0013684783066747663,-0.0006678923567269943,-0.000106723900242554,-0.00047659513958137067,-1.8033873946541005e-05,-0.001193761847026812,0.00014422156139121112,0.0,0.00022062386765604676,0.00021306500489765988,0.00018135188513988224,-0.00020191768849139275,7.027599946696873e-05,-0.00020084690562895236,0.00010067466012868628,0.0004747777262791226,2.1286822050831153e-05,-0.0006189711666258167,-0.00023780164145539346,0.0,0.0006712437038820379,-4.9151747339859286e-05,-2.871250756245118e-05,0.0002570624120441641,0.0,-0.00024797029422179507,2.3887190817524166e-05,4.636457472226491e-05,0.0,0.00030526020615983786,9.077463013347229e-05,0.00015831277727349833,-0.00044026297836663523,0.00017580292019887917,0.0003189685250041179,-0.00012279596432684687,0.0004153617347996558,0.002154525234000735,0.0,0.00018882346668438473,0.0007174714039058835,-0.0004975736834822186,1.274380832667843e-05,0.0003139431134752327,0.0007444811751946198,0.0013073497970907042,0.0017942440286656588,0.0005721073793674256,-0.0001870135090056062,0.0,-0.00024838062670465733,-0.0008226200108007642,-0.00045775713335355697,0.0006812627903051646,-0.00029504206419422597,-2.9515092913800005e-06,0.00034344385953266116,8.446419024012028e-05,0.00039799258840024656,-0.0003578346963036986,-3.696701643507161e-05,-0.000225642532291232,-0.00018364650288264008,-5.6557798303440856e-05,0.0010910810342395505,-0.0005016499751403178,0.0,0.0,0.0,0.0,0.0,3.414652442575124e-05,-4.74513430731905e-05,3.132340411796933e-05,-3.131978160270967e-05,0.0,0.0
2023-04-05,-0.0013149392285776325,0.000168578537322544,-0.0002449314632905399,0.00012373031631475383,2.2417228978617696e-05,0.00020429259511645898,0.006050307642031385,-0.0003640645403282254,-0.00021888995414626503,-0.00035432653154704593,-0.0019977522374381345,-0.0011433983961600454,-0.00044354594453771025,-0.013091209031406996,0.001144655154127463,-0.00022037356888202073,-0.0003210184560951989,3.495027926592589e-05,-1.978620348454576e-05,-0.0006100444315914575,-0.00039911524924110954,0.0010990081635454637,0.00041241583897354994,-0.0003445177162623957,-0.0017166272870248692,0.00048722863519339173,2.1071140934155963e-05,-0.00015762145097625204,-0.00020348810362290636,-0.0002941880428801208,0.0023070474917528945,0.0004586969368823086,0.0014766648662624684,0.0013606245813141285,-0.0005336604697771244,-5.25347759133408e-06,-0.00047039428253131086,0.00022406125539172148,-0.0005547702445295882,-0.0007022893812193578,0.0,0.0002459078066286545,0.0001702255186820874,0.00019747478305130641,-4.302336903090083e-05,0.00040194344319968803,-5.869346204467059e-05,-9.614972272261102e-05,-0.0001386834973503193,-5.825583706167869e-05,0.000296162430125143,0.00047951856721666563,0.0,0.00033004730402326845,-3.049028387062566e-05,-0.0008524391946374717,-0.0003846688899641561,0.0,-0.0002095115524953458,0.00010193529764627062,4.636457472226491e-05,0.0,0.0003385178535444295,0.0002153538067762801,4.433595829575381e-05,-0.0010606165335527603,-0.000107474481193964,0.0003025732528228591,-4.513195928134057e-05,0.00039714456378776316,0.002488376041163385,0.0,-0.0003826244790236488,0.0005698309914810365,2.7396755265868902e-05,1.274380832667843e-05,-8.211066916814605e-05,0.0005798895506954985,0.0007758638619578673,0.0017740116932379133,0.0005083490617460663,6.41155879631035e-05,0.0,0.00015101789405098042,-0.00023964850036860662,0.0002349220777721867,0.0004481459075465077,-0.00029504206419422597,-2.9515092913800005e-06,1.7369480135742013e-05,-0.00024180521322162134,0.0005434074619629889,-0.00022914937798513318,-1.799912086233627e-05,-0.00014480558325282215,0.0003354267766485354,0.0002088269686553517,0.000528829018450499,-0.00011829815547841923,0.0,0.0,0.0,0.0,0.0,4.65702735873881e-06,-1.350540538678271e-05,4.990061419166017e-05,-3.131978160270967e-05,0.0,0.0
2023-04-12,0.0002809164346950917,0.0001171364681817878,-0.00021862966848986174,-4.82070048132827e-05,2.0637702870259258e-05,0.0002791396252731881,0.010725037707297727,-0.0003800612899652883,-0.0001823287720839286,-0.00045852935922632886,-0.0025956742020997346,-0.0003006557534659906,0.0007779327682494865,-0.01465774135711751,-0.0015879702211581647,-0.00038401444690213684,-6.58191187758369e-05,3.495027926592589e-05,0.00020215143384761744,-0.0002611497920295472,0.00017847603491143922,0.0006834787410843304,0.0003269918140562811,-0.0003445177162623957,-0.0017552823212056779,0.0009196135773080736,-0.00025843749291424743,-8.687472556186974e-05,-0.0004775235354079528,3.6327803090140036e-05,0.002273664554950985,0.0004586969368823086,0.0013430018376542785,0.0012305977514625907,-0.0006579588839321306,9.353553804957781e-05,-8.69411628656654e-05,0.00022406125539172148,-0.00031849107871818823,-0.0007022893812193578,0.0,-4.906987126686811e-05,0.0002950850058195017,0.00019747478305130641,-9.888896379989424e-05,0.0002469947286077728,-3.951535142826751e-05,0.00024462466369617173,-0.0001386834973503193,-5.825583706167869e-05,0.00010795255144251391,4.4992497201799804e-05,0.0,0.0002550168613433974,-2.5028701992755763e-05,-0.0005540589576729304,0.00045747698170522347,0.0,-0.00032814461785480665,0.00015175338562765326,1.2682116876036475e-06,0.0,0.0003385178535444295,8.052332772961694e-05,4.400121121810727e-05,0.0011474865630637066,-1.3080585817651113e-05,0.0002957530130611145,0.0005559363724705682,0.0003262425233130585,0.0014786376492603674,0.0,-0.0003826244790236488,0.0005834404122590479,9.311460580231217e-05,1.274380832667843e-05,-0.00011344895806572302,0.000782803222107478,0.0002527490694357757,0.001524235563740583,0.0003243233996688302,6.41155879631035e-05,0.0,-0.00036582039682621337,-0.00023888341207386194,0.0002349220777721867,0.0007404711282153441,-0.0002640912402785736,0.0001952736724248629,-0.00018629361315535204,-0.0003107886606384158,0.0006413922865089001,-0.00023801653505349255,4.33019273866614e-05,-0.00015907843560986014,0.0002041129478727752,-0.00014074447713150205,0.00034855150221537086,-0.00010131868337184271,0.0,0.0,0.0,0.0,0.0,4.65702735873881e-06,-1.350540538678271e-05,5.454338044842253e-05,-7.237109892930681e-07,0.0,0.0
2023-04-19,-0.00021288911859024804,0.00010250799706880956,-8.95507925037278e-06,-8.986928255607977e-05,-4.20377005908761e-05,0.0004983868136727818,0.012224224070167477,-8.622220886503343e-06,-1.215125456936083e-05,-0.00043051728903208234,-0.0025347432320537667,-0.00035655318200591036,0.000992012592511234,-0.023306201044711136,-0.001984957327621693,-0.00033352596201110445,-0.00011910604154379258,5.369256733951128e-05,0.00023341017673614224,-0.0035923003964501727,0.0004907702248729493,0.0002232236247107907,-0.0003809677862244694,0.0003488312875297147,0.0008643609044094422,-0.0010078549282482804,-0.00029348074953068404,-0.000222862736991687,3.519448517766378e-05,3.6327803090140036e-05,0.0022025584586332107,-0.00028442709272213533,0.0015060300113877957,0.0007434801449415476,-0.0008552623685540457,9.353553804957781e-05,7.428933049489426e-05,0.00021408675695445018,-0.0020577445602511413,-0.0004311256422482828,0.0,-1.4942699070234175e-05,0.00022429441254052845,0.00019747478305130641,-7.327665707271111e-05,0.0004529656722735803,2.084440859970341e-05,0.0002540509102040366,-0.00014097959923733145,0.0003247983377626422,4.084445719246111e-05,0.00045438533545546833,0.0,1.7038323192681637e-05,-2.8444167027333483e-05,-0.000616663247142204,-0.00043270469028052307,0.0,-0.0004767404825565934,0.00015175338562765326,4.636457472226491e-05,0.0,0.00045888923317180167,-0.0001701200370276985,2.378399978870358e-05,0.0013292264870144327,-0.00018285289877701918,0.00030337808832869666,0.00030945797522712514,0.00042524687626539477,0.0010810078744492922,0.0,9.295422205541601e-05,0.0007310808246838949,-1.5860481313771974e-05,1.274380832667843e-05,-0.00011344895806572302,0.0006514561907401359,0.00042475455896838016,0.001065354699881458,0.0008142044257059037,6.41155879631035e-05,0.0,0.00020435959194117586,-0.0011088771917628847,0.0002349220777721867,0.0018906815554959166,-0.0002640912402785736,0.0001952736724248629,-0.00018629361315535204,-0.00029456289380394427,0.0005679383254276769,3.65828209977724e-05,-9.958517444523554e-06,-0.00016409765720771014,0.00018312480858134156,-0.00014074447713150205,0.000595038592832602,-1.1091175791844295e-05,0.0,0.0,0.0,0.0,0.0,1.9416854343844678e-05,-4.74513430731905e-05,4.990061419166017e-05,3.127173903515026e-05,0.0,0.0
2023-04-26,0.000882233244324016,-0.0009435792495967733,0.00039109916785283266,0.00040796072786199357,1.2940409273803773e-05,0.0002791396252731881,-0.011449202685241858,9.636477530382059e-06,-0.000516438976040339,-0.0003804563903276771,-0.0016750186453882957,-0.00038757537754699424,-0.00029013691108782126,-0.01859512961283397,0.0020408756756383176,-3.193230485223452e-05,-0.0002487869250436028,5.369256733951128e-05,0.00015088055145151782,-0.0034402942338968953,0.0004452173276851021,0.002596938814450978,0.0004184974719935271,0.00012529052511456036,0.0010268223992196787,0.0008506749096789308,-0.0005752190452477401,-0.0001468819278716081,5.247890334916887e-05,-0.00010333272237036972,0.0019436709837736264,0.0004463518840784984,0.00027308929376317564,0.0006059843932298263,-0.000589916444151911,9.353553804957781e-05,-0.00044706847387160223,-5.7092119252719334e-05,-0.002483115741318488,-0.0004655535100964672,0.0,0.00023676663624133256,0.0002990899033161403,0.00019747478305130641,0.00016010345989999115,0.00018664593176099105,-0.00014886393819771716,-8.672347621474613e-05,-0.0001955217519524518,0.0003247983377626422,0.00046489685991757407,0.00012328905313297147,0.0,0.0005124216749527825,-6.103368587461589e-05,-6.297477035112307e-05,-0.0006035014747823873,0.0,7.505657236986656e-05,0.00014898683532587752,0.0001172937132460209,0.0,0.0002952419730397697,0.0001550772387006902,0.00016987335609952502,0.0015948263218865505,6.629449055029838e-05,0.000299034815899561,0.00035259442533059786,0.0004114248230480121,0.0013451685414739513,0.0,9.001750162606237e-05,0.0007310808246838949,-6.081843600035434e-06,1.274380832667843e-05,8.982381290428674e-05,0.000865289024768376,0.0005578735917852114,0.0017338348316536312,0.0008910261314199119,-0.0001870135090056062,0.0,-0.00022554860453281397,-0.0004843649216870466,-0.0004111255549337063,0.0007783214812477364,-0.00029504206419422597,0.0001952736724248629,1.7369480135742013e-05,9.077426221944807e-05,0.0004979609112177865,-0.00024885010495346514,7.951470773705281e-05,-0.00019742213742139522,5.6570235531926504e-06,0.0002633968767085094,0.0003003508242931865,-3.288271052355271e-05,0.0,0.0,0.0,0.0,0.0,3.414652442575124e-05,-1.350540538678271e-05,4.990061419166017e-05,-3.131978160270967e-05,0.0,0.0
2023-05-03,-0.0011781652263160919,0.00032273418951757994,0.00025136975649761703,0.00023776005341976438,-4.416194970098285e-05,-0.00015073965550578205,-0.012938373448879483,-0.0006701494356072053,-9.588150383451759e-05,-7.878879836469666e-05,-0.0014179810544026655,-0.0009805810948973345,-0.00029013691108782126,-0.016042944330586957,0.001213141997768041,-0.00039420510550264857,-0.0003753975833870827,3.495027926592589e-05,-0.00012038290643544692,-0.0005029106494073373,-0.0004253940152700949,4.6579648810513686e-05,0.0004184974719935271,5.5738821944524034e-05,-0.0008443482332111825,-0.0008642129995276022,0.00024168916270603656,0.00019849004972234072,0.00036903461208673857,-4.068528551321937e-05,0.0020324798729245645,0.0008183830544140167,0.00010682565625683946,0.0005897653967750798,-0.00037802244201055245,0.00012218903521452412,-0.00033828092673878054,-4.446195383276599e-05,-0.00028055250954407273,0.0003743989257854423,0.0,0.00015343572984933212,8.867209912293128e-05,0.00010208553565485598,0.00047145421048782834,0.0003944162181624556,-0.0001393746438632643,-0.0001296976921099845,-0.0002153782810820844,-0.00014583424769157245,0.0006766818730734964,0.00014669110377921608,0.0,9.814521021141799e-05,-2.917392986046867e-05,-0.0004642366101728126,-0.0005552330913363877,0.0,8.769025738635823e-05,2.3887190817524166e-05,-4.952958115170492e-05,0.0,0.0003234539302594585,0.00028990771774735336,0.00022476767791969416,0.0017996231013150251,0.00017580292019887917,0.00030752797729333576,0.0002744058523396299,0.00040211416312652815,0.001274950029823601,0.0,0.0001695558763682294,-0.0001242314101616173,-0.00038848203818694644,1.274380832667843e-05,0.00021311579542876652,0.0008225772762625671,0.0011062570599820482,0.002140096266989229,0.0007389039039891614,-0.0001870135090056062,0.0,-7.555944198965787e-05,-0.0005637390629141984,8.330806311985446e-05,0.00032126034684672725,-0.0002640912402785736,0.0001952736724248629,0.0002530951078046961,0.0002604680361719376,0.000524849303579488,-0.0003903916748019297,-0.00021806985843442585,0.00017555641441981265,-0.000106129834172433,-0.00016314509305782174,0.0003481062885358693,-2.886505397449246e-05,0.0,0.0,0.0,0.0,0.0,3.3230249216138054e-05,-1.350540538678271e-05,3.132340411796933e-05,2.740748466678438e-05,0.0,0.0
2023-05-10,-0.0008098842932576718,0.00026385679025410556,-0.0002126364383925215,6.260121043645345e-05,-4.5597121396978994e-05,-0.00012663398182402537,0.012830458424228969,-0.0004875369077924048,0.0001328955618362114,-0.0001829916260439796,-0.0024921266014240632,-0.00042663155306820117,-0.0002882506381073262,-0.014990785876321666,-0.0016783439275308409,4.836753709774128e-05,-0.000120044293982672,3.495027926592589e-05,-8.438417473338375e-05,-0.000599208646430547,0.00027884286667826747,0.00021764864929006128,0.0004184974719935271,-0.0003445177162623957,-0.0009217651430714845,-0.0009258085489496555,-0.0002524730688241133,-0.00029025567268890545,0.0006068377919048108,-1.7547345052105032e-05,0.0021797689702955066,0.0008084598033707147,0.00024999763556457695,0.0009283832045180642,-0.0005594014051520178,-2.921767790047566e-05,-8.69411628656654e-05,0.00011680315384266799,-0.00010451770679509084,0.0003618849805061766,0.0,2.2770187171440707e-05,0.00021949385776896612,0.00010208553565485598,0.0007869357881274896,0.0002422432646581152,-7.77176974760186e-05,-1.0816966611498742e-05,-0.0001386834973503193,-0.00014583424769157245,0.00030500172760168756,0.00010928738087566652,0.0,0.00011457785595135012,-5.0531542898451585e-05,-0.00012287549266934433,-0.00023178538378664117,0.0,-0.0008391066994026905,-1.4994711700571273e-05,-2.626002892764968e-05,0.0,0.0003922956511540863,0.0002153538067762801,-0.001242064634287757,0.0021522347822943893,0.00016344649033581766,0.0001143375845400677,0.0006227968215625369,0.0003262425233130585,0.0013524614788976575,0.0,-9.984740469505966e-05,-0.00019533017211170305,-0.00010270622542315516,1.274380832667843e-05,-4.35297247696035e-06,0.0009206900291621448,0.0008170070073276783,0.001870313380758673,0.0005319290063926979,6.41155879631035e-05,0.0,-5.411505084076865e-05,-0.0005593149999213098,8.27455043355813e-06,-0.0005664962164367017,-0.0002640912402785736,0.0001952736724248629,0.00018687769745253762,-0.000273110321327866,0.000524849303579488,-0.0003260059107281402,0.00011728151301966287,-0.00019961194834582644,2.684241380457024e-05,-0.00014074447713150205,0.00018859135094841228,0.00010380759471331191,0.0,0.0,0.0,0.0,0.0,4.65702735873881e-06,-1.350540538678271e-05,4.990061419166017e-05,-7.237109892930681e-07,0.0,0.0
2023-05-17,-0.0016312796956904744,0.00015676758584512375,3.752458283406535e-05,-8.228803882544292e-05,-4.416194970098285e-05,4.3378020271711613e-05,-0.013197155924451722,0.0013546683425983098,0.00016144367618927611,-0.0005345012981618058,0.0008875165653520463,5.7523118318245905e-05,-0.00035252994814502395,-0.012093502455920873,0.0012829732381278017,-0.00040358669751751363,0.0006623793226786601,3.495027926592589e-05,0.000306377350989797,9.00406203740692e-05,-0.0004173641051410172,0.00018022952592835093,0.00041241583897354994,7.374559952350782e-05,0.0004919561883517623,0.0017018360300515138,-0.0001278826971172719,0.00036509438473261263,0.0005717147272627477,5.038805977300512e-05,0.002359532973447628,0.0005849864495033141,0.000374586998408817,0.0007615338061962948,-0.000507786995289153,9.489443365991207e-05,-0.0003003631745006022,3.325701678211377e-05,-0.0001264320530086211,-7.333485254775189e-05,0.0,0.00036258599332740553,8.586383479954582e-05,0.00010208553565485598,0.0002871558561619209,4.286285640087155e-05,-8.884446984843851e-05,-0.00036253903323041266,-0.0002097993608539287,-0.00014583424769157245,0.0010201457817601623,0.00013442021298206615,0.0,5.263786126406463e-05,-1.1395175639731097e-05,-0.000470823751051704,-0.00043253794824904,0.0,6.345721766762335e-05,2.3887190817524166e-05,5.694962749353334e-06,0.0,0.00034028085031246577,-2.565893966425048e-05,0.00011521470800493709,-0.000898724635971728,-5.858846367653004e-05,0.00031162394216696464,-0.00018807349464330987,0.0005085192121851332,0.00014995853460002988,0.0,-0.00010901955285089,-0.00014204309367018547,0.00012905298670589835,1.274380832667843e-05,-0.00015267743519110997,-0.00027736440273017543,-0.0001947652545574442,0.0021838825925460685,0.0005380009232121289,-3.4908650406262395e-05,0.0,0.00024436779496826125,-0.00039472161265412476,-0.0002924628384601743,0.0008685573866935999,-0.0002640912402785736,0.0012386821327568937,1.7369480135742013e-05,0.0003761811547613272,0.0005384005021186542,-0.00022914937798513318,4.642247093644659e-05,-0.00046479984861059803,0.00025520302846881136,-3.2037537346225436e-06,0.0010350391406802682,-0.0003225949241342502,0.0,0.0,0.0,0.0,0.0,6.268710071539048e-06,-1.350540538678271e-05,3.132340411796933e-05,2.740748466678438e-05,0.0,0.0
2023-05-24,0.0008811015624773859,0.00021295579718734302,-0.00020703565782331643,8.615313694571385e-06,-4.5597121396978994e-05,0.00022651515345985457,0.012720165825417294,-5.531853608165495e-05,0.00014109611031682044,-0.0003917000545658754,0.0009862883500432055,0.00010421698447133482,0.0005835361720733335,-0.01713597885405344,-0.0013294119460002696,-0.0007707396850944963,-0.00011910604154379258,3.495027926592589e-05,0.0002482028207853496,-0.0006748302822424777,0.0002558986112609507,-0.0019803758321802235,0.000503921496910796,-0.0003496638136061888,0.000805520538475751,-2.0001506747376714e-05,-0.00011965847907109036,2.6092898210816075e-05,-0.0006236049471712221,1.4309081088824553e-06,0.0017765567529374698,-0.00010420624688811913,-0.00033596712417032653,0.000984648547203295,-0.0007355731450844232,-6.99489219761557e-05,-3.394432681007549e-05,0.00016956669361072415,-9.11948141247787e-05,0.0003743989257854423,0.0,-3.661622830000948e-05,0.00014427852477056177,0.00010208553565485598,0.00021246178678794295,0.0002422432646581152,-3.334993094945523e-05,0.00010621570226144257,-0.00014137635914948405,-0.00014583424769157245,0.0003976864033634118,0.00010928698122086888,0.0,-0.0003270341887619768,-5.7693847694932015e-05,-0.0007853922842957136,-0.0004102616692916502,0.0,-0.0006068970952411355,5.06859834359676e-05,-2.626002892764968e-05,0.0,0.0004689074662918698,8.052332772961694e-05,9.634244417107941e-05,0.0022392772168953823,-0.00010846557371739222,0.0003296942630863581,0.0003460450267880863,0.0005978763268048041,0.000610306341446908,0.0,0.0004551921658695295,-0.00023835004936472446,0.000231583540920387,1.274380832667843e-05,-0.00010344139590322576,0.0007775896803804778,0.0006293490189800253,0.0016967545147767603,0.0012037581561641427,-0.00012064484375344196,0.0,-0.0005117445475457949,-0.00025169682793392626,0.0002349220777721867,0.0010805932863233794,-0.00035237566767300113,0.0012386821327568937,-0.00018629361315535204,-0.000241647541132882,0.0005041748234634426,-2.3209961496485655e-05,-0.00020042928858132462,-0.00020120742631541105,0.0003778455284525278,-0.00014074447713150205,0.00048661320299087183,0.00013438355305839337,0.0,0.0,0.0,0.0,0.0,1.9416854343844678e-05,-3.3454219173680756e-06,4.990061419166017e-05,3.108500319170205e-05,0.0,0.0
2023-05-31,0.0005412737224243133,7.354022142716007e-05,0.0004125925229618362,-0.00013168305424315327,4.6877448839802495e-05,0.00011972720315048224,-0.013925001910372853,0.0013728753303112247,8.137073747739796e-05,3.306456852710676e-06,0.0009110518288907932,-0.0011719027394915206,0.0007381696686335152,-0.014997557694314068,0.0009954467266933224,-0.0008151424217196395,-0.00032380077713658936,5.369256733951128e-05,-0.0004177549874100431,-0.000477739597405535,0.00044217762192077777,-0.0013463462663687539,0.0004184974719935271,7.889169686730093e-05,0.0008482119400961738,-0.0012109643511068683,0.000148315076515854,-0.00020974842561273331,-0.0002996800295059448,2.8624464564676606e-05,0.0016367740979228555,-0.00010420624688811913,-0.0003077416866376008,0.0008098638218303769,-0.0007714249108413422,0.0001292304132788826,2.6480408005490085e-05,2.2109893431870913e-05,-9.258505080859226e-05,0.0003743989257854423,0.0,0.0002318133099884751,0.00011120684779905208,0.0001463482622976964,0.0005505397839828403,3.06370217292883e-05,-0.00017522185880816955,-7.619866844907355e-05,-0.00021807114288124914,-0.00014583424769157245,0.00038335842799229643,0.0002794112224627542,0.0,7.977643598226322e-05,-1.7995304017821707e-05,-0.00019883013564920472,-0.00034184951614040307,0.0,-4.8942803223295066e-05,2.3887190817524166e-05,-4.952958115170492e-05,0.0,0.00031343569713939036,-4.405584891319088e-05,0.00022476767791969416,0.0014485161762297519,6.629449055029838e-05,0.0003195221950502959,0.0004782723674250619,0.0008376764500213346,0.0009063827879003394,0.0,0.000648552101889675,0.0006814951886606402,0.00020664854174104482,1.274380832667843e-05,-0.00021076204606878287,0.0011349451717138452,0.001517741149467318,0.0025710846953717024,0.0005380009232121289,-3.4908650406262395e-05,0.0,-0.0006438737876023747,-0.00047926034190677147,0.0004815870600250741,0.0004412531434867453,-0.00035237566767300113,0.0001952736724248629,1.7369480135742013e-05,0.0001403604347379019,-0.0015372517223646589,-0.0004287334004861728,-0.0002446563863618371,-0.00023453190652909616,-0.000106129834172433,-0.00020336036692910695,0.0001660688875084729,0.0001942432436728395,0.0,0.0,0.0,0.0,0.0,6.268710071539048e-06,-8.545294513114187e-07,3.132340411796933e-05,3.528192195539081e-05,0.0,0.0
2023-06-07,0.0005099191799134431,6.297987978869766e-05,0.00043882447607125174,0.0001397195379465078,0.00010256467939152819,0.00022543213914621242,0.012945648570989511,-0.00020724305657555272,7.898937391928136e-06,0.00040500258173034175,0.0009044344677122004,-0.0003162258789980611,0.0003030935513074975,-0.0222692750061395,-0.0016163815234166597,0.0003765678480668655,-0.00011993354041548167,5.369256733951128e-05,-0.0005723539931805426,-0.0003573861036198422,0.0013370471031700936,-0.0027702463621922272,-0.00038771899490538594,-0.00041113104177313163,0.00046100660440727984,-0.0008755909643188748,-3.773784350115832e-05,0.0002602920786547385,-0.00047652406623675754,-3.104806406142624e-05,0.0021469827054025445,-0.00010420624688811913,-0.0004328307487159489,0.00046877044765993183,-0.00028461746955799267,3.122724820971404e-05,-0.00010513954808942938,0.00014099918148068613,-9.11948141247787e-05,-7.278909774756094e-06,0.0,0.0009896952294192812,7.319459596287617e-05,0.0001463482622976964,0.0006754333232230164,0.00039719529365718573,-0.0001638630711167672,-0.00013728238925692454,-0.00014137635914948405,-0.00014583424769157245,-0.0007972046091149185,0.0003098121106430926,0.0,-0.0003000891373356986,-4.6287894700660116e-07,0.00010698714220554803,-0.0004102616692916502,0.0,-0.0003578856854196699,-1.4994711700571273e-05,-4.952958115170492e-05,0.0,0.00038343493708980564,-0.00010034222255330563,0.00013099600301043655,0.0014192256641823871,0.00014766173185494643,-0.0002537059130407737,0.0005559363724705682,0.0010944096476632208,0.0008754497429509084,0.0,0.00013208084003041315,0.0004648189998726612,0.00019686990402730827,1.274380832667843e-05,-0.00011344895806572302,-0.00041071910160422697,0.0008520481163483868,0.0015578144336914038,0.0012037581561641427,-0.00012064484375344196,0.0,-0.0003786556098214758,-0.00024614273540461007,2.5932859448813822e-05,-3.431808525448226e-05,-0.00035237566767300113,0.0001952736724248629,-0.00018029768403454412,3.351258061815302e-05,-0.0007164555069773444,-7.64787737783061e-05,-0.0001801207017866914,-0.00020120742631541105,6.866449506774257e-05,-0.00026795338162740196,0.0002225020798757145,0.000677339578097646,0.0,0.0,0.0,0.0,0.0,-3.0450227489388158e-05,-8.545294513114187e-07,4.990061419166017e-05,3.883025166836997e-05,0.0,0.0
2023-06-14,-0.0008466084613796926,0.0002159965109797694,-0.0005933516370267576,8.364770066289788e-05,9.269621354497171e-05,0.0001276502542379249,-0.014443694448843762,-0.0007599796139609724,4.623886412549505e-05,0.0002797650217555513,0.0001901884093848551,-0.0010669337282384476,-0.00044692189448608955,-0.024417829623223766,0.0007739324468531323,2.11406793630583e-05,-0.00032665173171304303,-9.612977766332393e-06,-0.0003889517512857927,-0.0005216883110133875,-0.00034251470586822166,-0.003400296050551409,0.00014170442616766557,-0.00027120355276385403,-0.0015112934765488355,0.0006022165090553475,-0.00019913187012481065,-5.1557739633021314e-05,-0.0004427200342236573,-4.068528551321937e-05,0.002066857001698434,-0.00011412949793142117,-0.00043636538870434706,0.0008878839819034521,-0.0004092586323074768,0.0001292304132788826,-3.046257704278372e-06,-8.599009851219334e-05,-0.00010396700174934126,-1.9792855054021784e-05,0.0,0.0005290904810108625,0.00032597725192547275,-9.304976136050338e-05,-0.0002280017330625617,0.00018558905072835885,-0.00011815173960197969,-0.00014332630949165102,-0.00021807114288124914,2.1286822050831153e-05,-0.00042159956654718247,0.00010648804851215842,0.0,-0.0002619405897528288,-1.9413156301102017e-05,2.8900834015663122e-05,0.0002563615287426885,0.0,0.0007534774024697339,2.3887190817524166e-05,-7.569111282147345e-05,0.0,-0.0005874883225665851,0.0004408275101756881,-0.0014362518101998037,-0.001293639907711191,3.5418142186992065e-05,0.00013120622599307994,0.000205990099212023,0.0007974520812611972,0.00085617659687805,0.0,0.00040148412109370214,0.0007208193018168436,-6.882980339658091e-05,-1.8363918148779682e-05,0.00021311579542876652,-0.00037137640510681027,-0.0006126460394277166,0.0020526802842857376,0.00044332606141340964,-3.4908650406262395e-05,0.0,-0.0005375235298228072,-4.875949736444509e-05,-0.00011836442396904003,-0.00019053535708391176,1.4233271459894217e-05,0.0001952736724248629,0.000259091036925504,0.0004987148255614345,-0.0013324749980569502,0.0004094211263304772,-0.00014359188217435325,-0.00020400087419802877,-0.00011158353341471881,1.670482436530146e-05,-0.0001280395743158007,-0.000231188715394375,0.0,0.0,0.0,0.0,0.0,-0.00038669861969201395,-3.3454219173680756e-06,3.132340411796933e-05,3.528192195539081e-05,0.0,0.0
2023-06-21,-0.001149155134154928,0.005129565924480241,0.00011151426021179378,0.00042448488936093904,-8.388310056210452e-05,-0.0001282905520970204,-0.012330475639531241,0.00041288348555510584,-0.00017430578832428357,0.0001342230516683108,-0.00086375799295823,0.005496442179668021,-0.00024841901693327644,-0.016500314753546148,0.0039365360533215035,-0.0007445792523301045,0.0011800347061346635,7.253945474933317e-05,-0.0003981612953562381,-0.00016551294412160277,0.0006489312395024195,-0.0027466996223776425,0.000210132254113139,6.034101357926721e-05,-0.0016887311520964498,3.136910793963693e-05,-0.000107506504856328,0.00054529510149116,-0.0002760850452514745,3.5044399135978383e-05,0.00021106771985387985,1.9062800060773994e-05,-0.0011834127272580207,0.000469825889730348,-6.890990706440021e-05,-1.5900397941108942e-05,-0.0008151360514006815,0.00024395240307786923,-4.0889715903035354e-05,0.00015174301994587457,0.0,0.0013835406195266328,0.00019138515738100973,-0.00025044775563545096,0.00012476521758680588,-0.00025383236279315907,2.033350345723112e-05,-0.0002229752532081109,-0.00023206051090616126,2.1286822050831153e-05,-0.0002735735447417415,8.335780563166776e-05,0.0,-0.00022870540729708733,-4.925423574879349e-06,-0.00015468432729190464,0.0006402672303063799,0.0,-0.0009496193769366169,0.00014898683532587752,-7.569111282147345e-05,0.0,-0.00029082523918500067,0.000735486547713561,-0.0001014936572147064,-0.0009650659147551956,6.117290277867383e-05,-7.103026985214648e-05,-3.354959132394439e-05,0.0001819022174911001,0.0002538869464646617,0.0,0.0004480360267466168,0.00039333997490599126,-3.098604715348266e-05,-1.2346493973884827e-06,0.00014790842378195965,-0.00037137640510681027,-0.0004769836472233141,-0.0008547886526972167,0.00011650664558297237,9.24471715982638e-05,0.0,-0.0002975768707645515,0.0009710111318404571,0.00016936168642575316,0.0013344039906060833,-0.0007840976067325602,0.0012386821327568937,2.3365409256549945e-05,0.0005340868596564482,-0.0017108840178848223,-0.00010175458656754694,-0.00031060603921484567,-0.00029164645124246636,0.00032954634491795195,8.921701166341985e-05,0.0006026681810493976,0.00010083684284698606,0.0,0.0,0.0,0.0,0.0,-0.00038669861969201395,-3.3454219173680756e-06,2.4316632749611735e-06,3.0359037950395944e-05,0.0,0.0
2023-06-28,-0.0007340136712196138,0.004721112546980411,-0.00017942650531066834,-0.0003976374534213772,-2.8102123818427133e-05,-0.0001282905520970204,0.011717466963478347,0.00013926987986307763,-0.0005278954830534852,-0.00016060021643829115,-0.0024009920329378905,-9.656488718814204e-05,0.0004410054885173754,0.001463463521712338,0.0031967625307128713,-0.00039066796474180107,0.0004047857133036948,7.253945474933317e-05,-0.0005060634904077064,0.00032493005253972975,-0.00012482962652226383,-0.0017861508609297466,0.00048461151457125147,0.0003436851901859216,-0.00017438934003697755,0.0011820774391194599,-4.257443730945914e-05,0.000313782974169434,0.0004645335954854633,1.4854829953646756e-05,0.0006260176043362808,-3.5553173451769566e-05,-0.0007104909201219159,0.0012807383515038306,5.3245016812947786e-06,3.919977695675298e-05,-0.00021197706882114252,1.6503773403502825e-05,-8.38685243095772e-05,0.00018049673334028402,0.0,0.0010238222443230596,0.00021801939070928834,-0.00025044775563545096,1.2580597510516655e-05,-0.0002616469713203232,2.6120848900566006e-05,-0.00021078641707738977,-0.00019914105612865688,2.1286822050831153e-05,0.0004731999966988183,0.00019575224622476125,0.0,7.681063261045815e-05,-2.2784296264884176e-06,1.72642213956963e-05,0.0003623892500625358,0.0,-0.00033210280155292985,-1.4994711700571273e-05,3.1532784925515475e-06,0.0,-0.0004795076368880265,0.00015874448072024556,3.366528385461277e-05,0.001570931163960072,-0.00015204396839228797,-0.00013828064043500327,0.0006227968215625369,0.0004732844654375734,0.00011781803262393806,0.0,0.00011485079459475203,0.00039333997490599126,-6.179652985120973e-05,3.0419513261564172e-05,-4.7438968882527175e-06,0.0006456397154771354,-0.00043463549028318233,-0.0010057440581575322,-8.536532008668332e-05,0.00020823042384429647,0.0,-0.00019375037205760434,-0.00031923640660236764,0.0003632938763519194,-0.0005925250810912305,-0.0013979345708878593,0.00029201565208187847,0.0002150214123872859,9.80029128216152e-05,-0.0010997733513647898,-0.00015466625374252642,0.00025979896674751076,-0.0003803468356220015,9.852829931706409e-06,0.00038809501450006275,0.0003060079232282516,0.0005328108863139402,0.0,0.0,0.0,0.0,0.0,-3.0450227489388158e-05,-3.774385509775926e-06,-1.8799495127468347e-05,-7.237109892930681e-07,0.0,0.0
2023-07-05,0.0003535299505911027,0.0001750727751369236,0.00062463879323358,0.00014318807508623198,-4.20377005908761e-05,1.7839649921749356e-05,0.014931741528182855,0.00043993608455532437,3.170608252278865e-06,-0.00047774612629638896,-0.002348353005368137,8.85961905384263e-05,0.0006926476459981356,-0.021938166856472343,-0.0011339094615390672,-0.0003656522203812857,-0.00011455562429729144,1.4550975154121373e-05,-0.0005177515824935583,-0.00034068213912001637,0.0012889430620451883,-0.003587180340714926,0.0007438249492952931,0.0003436851901859216,0.0009994625754047163,0.00043971414803561156,0.00015959509509494603,-6.045278135053902e-05,-0.00018299142999368104,0.00021652548390439755,0.0005822150288398026,-0.00011412949793142117,-0.0008341316565354616,0.000698535082084079,-0.00026872207328372115,-8.431785279833758e-05,-8.69411628656654e-05,6.723419483480306e-05,-0.00017765083751404787,0.00027286981077412396,0.0,-0.00017556867208232227,0.0001276367960566328,0.0001463482622976964,-0.0002933299714353284,0.0004255525292074831,-8.593814814465258e-06,-0.00036437872796768966,-0.00010756051204906224,2.1286822050831153e-05,-0.0005588377987972143,0.00023162172953972762,0.0,-0.00012725677627482954,-5.108246249357079e-05,-0.0002214236513354493,0.0003273853199236885,0.0,-0.0005367188593322914,-1.4994711700571273e-05,-2.626002892764968e-05,0.0,-0.000337529051610975,-0.0001701200370276985,0.0006368345286865029,0.0004258979890602243,0.00021934091576899484,0.00037141821074905594,-0.00029161035652478364,0.0005173151508439079,0.0012227774374050878,0.0,0.0004976726385771768,-0.00020521601183933955,0.0002638182768034714,1.274380832667843e-05,0.0002176743573654375,-0.00029916368187735446,-0.0003676563051912732,-0.0006775333442283883,0.00012269486311997985,6.41155879631035e-05,0.0,-0.0005524544188677177,-0.0010366635552178421,0.0004828569582834485,4.132082419923074e-05,2.005975928076438e-05,0.0001952736724248629,0.0005869870566804691,0.00018533457435807705,-0.0017461052803015781,-0.00019628469165625852,0.0003554136874263561,0.0005274552844738514,-3.2630252598328326e-06,-1.5163083737160147e-05,0.000813177012472741,0.0003546828863155063,0.0,0.0,0.0,0.0,0.0,1.9416854343844678e-05,-0.00012933150520292127,1.8121766159117918e-05,-7.237109892930681e-07,0.0,0.0
2023-07-12,0.00023759625301332133,-0.0012361236841913002,8.685076552265998e-05,0.00025955709448679105,-3.812002570385517e-05,8.189933678782215e-06,-0.004925726602395598,0.0009796211153429147,-0.00019193797707763556,-0.0004465730304941013,-0.001608092262298497,-0.0003995954092591238,0.0004967311792546671,-0.022742514683480437,-0.0012853278671429073,-0.00056249764382995,-0.00026404373372651525,6.576044928877087e-05,0.000419619972878158,-0.0005513045060500602,0.00010294809627636067,-0.002968610243846223,0.00047387201764374873,-0.00020165184959381773,0.0005472297433029242,0.0005302400071974575,4.279978059223417e-05,0.0007234136136199493,0.0003767222601769328,0.00020357321610137103,0.00051750055559247,0.00022264724509245238,-0.000511550784774734,0.0004203641495381488,-0.0006865503876831995,-8.431785279833758e-05,-0.0003316261943666117,6.587859268108618e-05,-0.0001777597172703256,0.00027286981077412396,0.0,-0.00019686430956796788,0.0001982871383768412,-9.304976136050338e-05,-0.00015325973883215116,7.036362817475664e-05,-0.00010509690240627079,-2.1756284923362518e-05,-0.00015059085432993596,2.1286822050831153e-05,-0.0008058304644247927,0.00023162172953972762,0.0,-0.00010759441159396572,-5.0046522593141675e-05,-0.00011048403112758041,0.0006041238779945868,0.0,-0.00037128368539165844,0.00010193529764627062,4.0873006286087766e-05,0.0,-0.0003502344975148822,-0.00022492139919611345,0.0003425234842918053,-0.0018206463089097944,-0.00014801525824702678,0.00038900534916192186,8.212890158862908e-05,0.000453354453501206,-2.2699208225308443e-05,0.0,0.0004688717134814532,-0.00019533017211170305,0.00034070613069934444,1.274380832667843e-05,0.0003004728529613644,-0.00047769266560210896,-0.000555636145947894,-0.0010654613094668323,0.0003128020847995258,-0.0001870135090056062,0.0,0.00027926835027407894,0.0001254038349208808,-0.00010076713361872296,0.0002104205170134536,2.005975928076438e-05,0.0012386821327568937,2.3365409256549945e-05,-0.00023200991714225513,-0.0017603816598027828,-0.00010525034292158467,0.0006991273401413035,0.00020450552730400353,0.000643009959534824,-0.00022373329191758472,0.0014104990581525507,0.0003326392285746455,0.0,0.0,0.0,0.0,0.0,4.65702735873881e-06,-0.00012933150520292127,1.8121766159117918e-05,1.7551760380846095e-05,0.0,0.0
2023-07-19,0.00023759625301332133,0.0003679287375414344,-4.05444838868565e-06,0.0002020916070484613,-4.5941475809341294e-05,0.00016987058607496585,-0.011443535754678612,-0.0010062575710025664,-0.00033313374479817723,-0.0004465730304941013,-0.0017765622449863847,-0.00039711694833464663,-5.149641073044501e-05,-0.02404949656807636,-0.0014727156667501593,-0.0004114879900829426,-0.0002668946883029689,6.576044928877087e-05,0.0005042118706789733,-0.0005535087348653297,0.00010926140662499719,-0.0032306564992045585,0.00047387201764374873,0.00012529052511456036,-0.0015826502116078366,-0.00011064521220738248,-2.4671094860668414e-05,0.0006459745849734335,0.00038230969724476545,0.00018342549538883756,0.00037685025772346385,0.0008183830544140167,-0.0010402700786395777,0.000798455439535805,-0.00035572179018710046,-8.431785279833758e-05,-0.0003069093256283893,-9.538651499434781e-05,-0.00010042818531672501,0.00028538375605338966,0.0,-0.0005199929209772698,0.00031115101261682855,-9.304976136050338e-05,-0.00015325973883215116,0.00022725982746445468,-3.742639907702093e-05,-2.1756284923362518e-05,-0.00015059085432993596,2.1286822050831153e-05,-0.0007778840260245941,0.0002017103431600534,0.0,-0.0002606145269523136,-8.001018958352359e-05,-0.0001327180001879973,0.0006041238779945868,0.0,-8.702574673519813e-05,2.3887190817524166e-05,0.00014367846901636012,0.0,-0.0004129020402543072,-2.5788311582232378e-05,-6.065385316520042e-05,-0.00137923494405375,-0.0001848145530424849,-1.2688164866157975e-06,0.00015833030682026262,0.0006265092454350852,6.0869563920226056e-05,0.0,0.0004688717134814532,-0.00019533017211170305,0.0001467043918420727,-1.8363918148779682e-05,0.000159390435909426,-0.00034693127831612793,-0.0004435884132464949,-0.001418259430141698,0.0003089866857970933,-0.0001870135090056062,0.0,-1.4149284518266419e-05,4.169006646244811e-05,-7.419396648095374e-05,-0.00010570509357288614,2.005975928076438e-05,0.0012386821327568937,0.000259091036925504,0.0006316410274491745,-0.0027503231729253397,1.1490280696939657e-05,-4.188304068114445e-06,0.00023503655963507091,0.00011939012833103141,6.41078390720909e-05,0.0014072200622179962,0.0004326759675039065,0.0,0.0,0.0,0.0,0.0,3.3230249216138054e-05,-0.00012933150520292127,1.8121766159117918e-05,2.740748466678438e-05,0.0,0.0
2023-07-26,-0.0010369317945225648,0.00010163830785455671,0.00012641918805441794,0.0016382981973871921,-0.0001059505828398143,5.034977262786125e-05,-0.012644892482363213,-0.0005659852808657611,-9.984495618329391e-05,-0.0006261094055960279,-0.0014045601210321054,0.007429212767508005,-0.0005955000205071976,-0.02988180420141844,0.004109859939408998,-0.0005938609124708325,0.0006758412589372357,1.4550975154121373e-05,5.9874764708231094e-05,-0.0004794074117389955,-0.00024880429918242237,-0.0029724382682720448,-4.5223734269767354e-05,0.00023237654296665936,0.00017423385638002103,0.00016700829662145018,1.3721638672828287e-05,-0.0006310480951839955,-0.00013626413632593368,-5.584527107084001e-05,-0.00011890390041680902,0.0002776140797083314,-0.0008932645069162873,0.0006295227529551462,3.072159748754983e-05,6.708886031666221e-05,0.00029369250777656013,6.901542711956112e-06,-5.786343296402359e-05,-0.000246586126419531,0.0,-0.0006228694870231817,0.00027093648414045423,-0.0004191757982664945,-1.0817967375385148e-05,0.00022047656451638166,0.00021443146683028936,-0.00013764249709699862,-4.524593033326249e-05,2.1286822050831153e-05,-0.0008367255632971386,-0.00029159631802023355,0.0,-3.919433485379006e-05,-1.0063941945805485e-05,-0.00017136993024668328,0.0014723340729844044,0.0,-0.00022891108894526987,0.00010193529764627062,0.00014367846901636012,0.0,-0.00130960456773024,-5.97013772597098e-05,-8.092043236679295e-06,-0.0004191688629163347,-0.00019132277160368536,-0.004017202532523268,0.00015833030682026262,0.0003755616448799001,-4.2018673791671305e-05,0.0,0.0007107816439551928,-0.0001242314101616173,0.0017096224697185477,-1.8363918148779682e-05,0.00018072116264450567,-0.001102833026227607,-0.00029206119192715785,-0.001626398254563787,-0.00019276134480048098,9.24471715982638e-05,0.0,-5.393437065556361e-05,-0.0017758151978939053,-3.0232350541256972e-05,-0.00010110103327527039,2.005975928076438e-05,0.001432774947526563,0.000259091036925504,0.0006261993486133397,-0.0014864393564971142,0.0003644876082059497,-0.00018368540935926445,-5.6370400308279964e-05,0.00018981148227463398,-0.0002853082778574711,0.0014798915747494567,0.00021538119679001744,0.0,0.0,0.0,0.0,0.0,3.3230249216138054e-05,-0.00012933150520292127,2.4316632749611735e-06,9.642752331475597e-05,0.0,0.0
2023-08-02,-0.0010459210597308596,0.003922949020390088,-4.307624026173602e-05,0.0014642759715064475,0.00019213295935234534,0.0002047605247837143,0.010809305154066225,-0.0007866537355144376,-4.6907424214727246e-05,-0.000653695947699503,-0.0017654348100333641,0.0054150161959283715,-0.0004888662998136009,-0.024575487204331056,0.0018984700214849004,-0.0005499794363726884,0.0004930158770189064,6.0684227381048876e-05,-2.602806756380276e-05,-0.000491331727337055,-0.0001794830346658755,-0.0023288595988982326,-4.5223734269767354e-05,7.288993270333927e-05,0.0008687444408814246,-6.0307263064073e-05,-4.336553067495671e-06,0.0001722396797620971,0.0005113056336771325,5.5577537074074314e-05,7.230086948168909e-05,0.0002776140797083314,-0.00027619841697886134,0.0005726441371006574,-0.0003348207840853715,6.708886031666221e-05,6.496330367958439e-05,0.00018333501564124467,-5.782154186904059e-05,0.00019181383885696524,0.0,-0.000521979233572777,-0.00018897931181951707,4.9813447483185806e-05,8.933802910486284e-05,-0.00028331547006380973,0.0002896193062382025,-0.00036138421464284004,-4.950086542332074e-06,2.1286822050831153e-05,0.0009496192325002923,-0.0006491933284642632,0.0,-0.0007366405917454332,1.6484260009998714e-05,-9.236097039993432e-05,0.0005868920934337104,0.0,-5.228329138733196e-05,0.00019435789480697614,0.00014367846901636012,0.0,-0.0014727708485589395,-4.9000150912948525e-06,5.2717091046271735e-06,-0.00022212395516912458,-0.00019066577494980888,-0.004547213285807926,0.00014075266089263924,0.0004559946934297338,-8.640305423908876e-06,0.0,0.0005279188272120413,-0.0001341172498892538,0.00015451354347441727,-1.8363918148779682e-05,-5.337171984695891e-05,0.0007852784953925946,-0.00031995122601071016,-0.0003681931577117582,8.951259597874499e-06,0.00020823042384429647,0.0,-0.00010506702053179835,-0.0013046408925963902,-4.3725579947222575e-05,6.564978682818416e-05,2.2526399281356483e-05,-2.9707993320818387e-06,0.00019287362657334554,0.0004059526201452144,0.0007182636603390543,0.0016450929309550653,-0.0004837563022400391,-2.4289809719116773e-06,-0.0008866769539915334,-0.00015122110461946635,0.00047135573876590816,0.0003177821700180023,0.0,0.0,0.0,0.0,0.0,1.9416854343844678e-05,-3.3454219173680756e-06,-2.6302491090830036e-05,3.478388617984805e-05,0.0,0.0
2023-08-09,-0.00041828503391132314,-6.338103477038061e-05,-4.849273867711445e-05,0.0010475188343335184,0.00040713254783776077,0.0002047605247837143,0.01255592949134102,-0.0001830832969992816,2.02025051091e-05,-9.658965827707636e-05,-0.00248142327832548,-6.881754119185607e-05,0.0006926476459981356,-0.019389467670563813,0.000500883175215902,-0.00011947410240913236,-0.00011134367564089015,8.26162339074799e-05,-0.0005026714505159054,-7.84666403819148e-05,0.0005082686968265372,-0.002567314573571685,6.300297118599118e-05,-0.0003496638136061888,-0.000564868412853129,0.0006765482369347761,1.527463571122302e-05,0.00021967911402191083,0.00024884951213210787,0.00019637776319186408,0.0011557644125615226,0.00041962388076891694,-0.0004882772695731968,0.0007728738590632309,-0.0002750992276301848,-8.431785279833758e-05,-3.332303273705426e-05,6.188076937844325e-05,-0.0002058058732141489,7.177642716196097e-05,0.0,-2.7755796633358165e-05,-9.85636493376854e-05,4.6150172555532685e-05,7.018427568801342e-05,0.00021958158554167564,6.870630056938961e-05,-2.1756284923362518e-05,-0.00010756051204906224,2.1286822050831153e-05,-0.0002028658843282216,3.010002788345188e-05,0.0,-0.000380409037981966,-4.7666997458993074e-05,-3.587527566542648e-05,0.00022982086745086458,0.0,-0.00023460624553454552,0.00019435789480697614,3.1532784925515475e-06,0.0,-0.0012152532131288276,0.0006609326367424877,-0.00015952838913885933,0.0016824164457102915,9.2039608334195e-06,-2.5175870554200337e-05,-0.00027762454331802536,0.0005134294259593129,0.002374766996252154,0.0,0.0005279188272120413,-0.00019533017211170305,-0.000265202393470418,1.274380832667843e-05,0.00019092803538534156,-0.0001890906148723841,-0.00046208558032323916,-0.0004439373577527964,-0.00017324607863363392,0.00020823042384429647,0.0,-6.898818501893219e-05,-0.0014485286358495051,8.27455043355813e-06,-0.00023220368493217372,2.005975928076438e-05,-2.9515092913800005e-06,-0.00018029768403454412,0.0006191647204082897,0.0006498292470221009,-0.00030363314413105983,0.00036750348167908435,0.00022246333152368562,-0.0006343235399281486,-0.0002572016781537466,0.0009062731211775765,0.0006154539053576892,0.0,0.0,0.0,0.0,0.0,4.65702735873881e-06,-3.3454219173680756e-06,-2.6302491090830036e-05,3.883025166836997e-05,0.0,0.0
2023-08-16,-0.0008133212283112977,-8.759665094697759e-05,-2.9152421617389172e-06,0.0008979313077841472,0.0004765481526074254,0.00013522809009623469,-0.01129020452151313,0.00022354665504273075,-0.00020161036451495892,0.0002724186572863123,-0.0007211334358558264,0.0077926687421195915,-0.00039655020386302473,-0.015161878166995478,0.003112724176062794,-0.00020499314739911152,0.0009268693232179435,8.26162339074799e-05,0.00017932633570456985,0.00017850127200974385,-6.417601181358423e-05,-0.002670264768931941,6.300297118599118e-05,0.00012989271674930354,-0.0012744761571389037,0.0002722327354282079,0.00011615558087544078,-0.0002035379952489061,-0.0002492435472924272,-1.2916572532028876e-05,0.0006437034153516083,0.0002776140797083314,-0.0009365303018153889,0.0009598647598622463,-0.00013486970409436763,6.708886031666221e-05,0.00023014607378357422,0.00024395190003135412,-0.00013519496491762418,0.00010167558298084305,0.0,-0.00022226123318408144,-0.0003797115295435784,0.00018135188513988224,8.045079700622786e-05,0.0001071953122534069,-8.732530713890263e-05,-0.0002300442995161745,-4.524593033326249e-05,2.1286822050831153e-05,0.00016957925309453654,5.726857819972152e-06,0.0,-0.0011817650179463794,-1.3728479539546572e-05,-0.00025550588366232875,0.000395789363834646,0.0,-0.0007577792410750073,1.3793442140420001e-05,-4.952958115170492e-05,0.0,-0.0009325676012889027,0.00030307620616571167,-5.611725213164872e-05,-0.0007656068519775864,7.288166485199735e-05,-2.5166287125396317e-05,0.00011603984442557241,0.0003894743498980067,0.002308039423741521,0.0,0.00038573091128644554,-0.0001242314101616173,-0.0005936793902432319,1.274380832667843e-05,0.0003139431134752327,0.0012942553423393357,-4.638300413336549e-05,-0.0012794281965157973,-0.00016113005355376166,9.24471715982638e-05,0.0,-5.889122254520074e-05,-0.0015780297034298427,-0.00010391741933272611,0.00021498119240572017,2.1607303345001446e-06,-2.9515092913800005e-06,2.3365409256549945e-05,0.0007983340653765955,0.0006151046644030564,0.00020276611018791947,-9.828458445147685e-05,0.00016234803504923073,-0.0003123505325274274,1.2506563922675431e-05,0.0012209775095696547,0.00032741860864219714,0.0,0.0,0.0,0.0,0.0,3.3230249216138054e-05,-3.6224909859093284e-05,-2.6302491090830036e-05,9.642752331475597e-05,0.0,0.0
2023-08-23,-0.0006657035051266865,-0.00017481210582689767,-0.00026375898421426733,0.00031621856779987613,0.00031400147885003434,0.0003099975311121892,0.0108161245397136,7.5999765318134944e-06,0.00014230387899040364,0.00019852717260684314,-0.0010595411803390046,0.005645311292189001,4.2256272910991044e-05,-0.012231419623610596,0.000377531242850216,0.00042458520677085435,-0.0001776036949470061,8.26162339074799e-05,-0.00015344756612263976,-0.00019456924680626175,-3.1132843396949325e-05,-0.0022519307890854503,6.300297118599118e-05,7.288993270333927e-05,-0.0004194763866759033,0.000639964770993331,-3.311819660820986e-05,-6.305964522245529e-05,-0.0004215210124353604,-2.172789993733087e-05,-0.0034461837447812144,-0.00017045720058047277,-0.00042530781916061736,0.0008747300946962367,-0.00042215208408221246,-8.431785279833758e-05,9.197378753168247e-06,0.0004170700092462629,-0.0001004106104216104,9.321666980417332e-05,0.0,4.407137156612587e-05,-0.00014572753895424162,0.0003277609617050931,7.921895700975653e-05,0.0002706005002084125,3.658704883507035e-06,-0.0005959734544581334,4.723300398503621e-05,2.1286822050831153e-05,-0.00033719078287625066,5.726857819972152e-06,0.0,-0.0008715222494927264,-4.846683113322334e-05,-0.00016660450378825996,0.0008197551298451681,0.0,-0.000548165921360639,3.746529512288916e-05,5.694962749353334e-06,0.0,-0.0013083613599386118,0.00015874448072024556,3.580555769660278e-05,0.0026298282299464563,0.00025906384869448537,0.0002171335967955899,-0.0001608769024952561,0.0005134294259593129,0.002042302200228937,0.0,0.00043842593397037943,-0.00021986532780938394,-0.00046610309894353906,1.274380832667843e-05,-3.1266441338742606e-06,0.0007005186090152048,-0.0001538513620627539,0.0014969235216017766,-0.00014244912558634336,0.00020823042384429647,0.0,-0.00017336836225691318,-0.0006167397540596442,8.27455043355813e-06,-0.0004140981568586765,-1.126304238685683e-05,-1.7602666129964565e-06,-0.00018029768403454412,3.739267488553901e-05,0.0007022876880739027,-0.0002747290267231064,9.118198049130468e-05,0.00021429436329740113,-0.0001037304412763441,-0.00022238939865061868,-0.00011897751728246511,0.00016130009121254516,0.0,0.0,0.0,0.0,0.0,4.65702735873881e-06,-3.3454219173680756e-06,-0.0005899775651837708,3.478388617984805e-05,0.0,0.0
2023-08-30,-0.0007145564626015071,-0.00034497811020459563,-4.451450586580206e-05,0.0001371822234047064,0.0004043272823849285,0.0001276502542379249,-0.00483801468129241,-6.373340628803802e-05,5.4010882505858246e-05,0.00019852717260684314,-0.00012181842578971972,0.0066600863043812675,-0.0005011166041133507,-0.008860558146608808,0.00042342402811282635,0.00035738188522368075,-0.0003512120229671556,8.26162339074799e-05,0.0007864751164619201,-0.00030182893006240515,-6.760494959226335e-05,-0.0018620463762762077,6.300297118599118e-05,0.00012989271674930354,-0.00035400448301065187,0.0014823699448719785,-0.0002354396608890952,5.148941815915461e-05,-0.00015811730395861985,6.438886447937632e-05,-0.003373432098210485,-0.00017045720058047277,-0.00047043014652894055,0.0013636531149112201,-0.0003983174979367021,6.708886031666221e-05,0.00030110411733075845,0.0004170700092462629,-0.0001007115590660392,9.321666980417332e-05,0.0,-8.679294285085478e-05,-2.3003083975445755e-05,0.0003277609617050931,-0.00022812300147448899,7.230779846538411e-05,-0.00010623310010329498,-0.0003279329572719972,6.9371601941058e-06,2.1286822050831153e-05,-0.00036494402127772136,5.726857819972152e-06,0.0,-0.0012939988765948188,1.8006173543096326e-05,-9.388852190849418e-05,0.0003470772054275396,0.0,0.000998248484252738,0.00020478665759341387,-6.193794985274618e-05,0.0,-0.0014619814860243028,0.00030307620616571167,0.00021569582717705972,-0.0008915183334042599,0.00024383162429400773,0.0002294642867020532,-0.00016735873409251021,0.0004516448563715803,0.002114564892976611,0.0,0.00038573091128644554,-0.00014876656585929818,-0.00044503356059705636,1.274380832667843e-05,3.883201640547958e-06,0.0007310018149158899,-6.290554289946228e-05,0.0009483781887624554,-0.0003377089123834107,9.24471715982638e-05,0.0,-0.00017336836225691318,-0.0004771879255770241,8.27455043355813e-06,0.0001325067501498238,-1.126304238685683e-05,-1.7602666129964565e-06,2.3365409256549945e-05,3.195099604970422e-05,0.0005308299715491657,-0.00026060112535170694,4.1971423717981935e-06,0.0004828839499553781,-5.802039753626167e-05,-0.00024763331193294625,0.00020811549148608586,0.0003889796230128792,0.0,0.0,0.0,0.0,0.0,4.65702735873881e-06,-3.774385509775926e-06,-0.0003388148212093682,9.642752331475597e-05,0.0,0.0
2023-09-06,0.0010804030047943316,0.0001398124673206474,-0.0001809946882376004,-0.0009534724020060782,-6.181657721380883e-05,0.0002275414598988408,0.008756587570057156,-0.00034727291754237225,-0.00026262948509173475,-0.0005078294292768455,-0.0002556081625080649,0.007413466237346389,0.0002168994754809191,-1.9632858356620378e-05,0.0012533594590281411,0.0003880270563286297,0.0008731525788701088,1.4550975154121373e-05,0.0004338623800139216,-1.0918956403698465e-05,8.508229871043675e-05,-0.0023725559375790393,-0.0006724157798487914,-0.00033991552462765256,-0.00018441163319139747,0.00027311764436552493,6.178630536185967e-05,-0.00027755340406139886,-0.0003832123016427715,5.5577537074074314e-05,-0.0031963092374212485,-9.168723473548004e-05,-0.00045664961965266246,0.0016666555097298898,6.798521906775174e-05,6.708886031666221e-05,0.0004807402582591153,0.00042005496494050277,-0.0001004106104216104,-0.00029803379327498814,0.0,-0.00031393762131821403,-0.0006485098714847254,-0.0002488674371142446,0.0003649574008704106,0.0002588229580931668,-5.83958265765254e-05,-0.0004828670242597788,1.683246756668342e-05,2.1286822050831153e-05,-0.00021870525809504935,-0.00022101437026309976,0.0,0.0004098935148391318,8.562415665600295e-06,-6.09907709637339e-05,0.00013354023481334352,0.0,0.00047025658919938265,0.00015175338562765326,5.4672093907192624e-05,0.0,-0.00183901845246564,0.00018834482948068519,5.714604400913243e-05,0.0014094789155599712,0.00011565742797709821,0.00017266514937451107,-0.0001608769024952561,0.0006346904710613877,0.0018415312300412538,0.0,0.00043842593397037943,-0.00014876656585929818,0.00045252387240959696,1.274380832667843e-05,-4.23434074408335e-05,0.0005013490079627165,0.0006367831378785567,0.0016811813933213739,5.76273157735897e-05,0.00020823042384429647,0.0,-0.0001899344452964282,-0.0007308067231154119,-8.375726945058837e-05,-0.00015759133511561853,-1.126304238685683e-05,-1.368432367825019e-06,4.589082121606597e-05,0.00048635675446818564,0.0006378782167606796,0.00025543133741633546,3.678811323163314e-05,0.00033843560905839253,-0.00017104394566061149,-0.00023278690413278575,-0.00010983774978570187,-9.482733169118805e-06,0.0,0.0,0.0,0.0,0.0,4.65702735873881e-06,-3.774385509775926e-06,3.132340411796933e-05,-0.0009884788847438295,0.0,0.0
2023-09-13,0.0001386188959266255,0.00020739046005810978,0.0001056139950929189,-0.0008563491815670867,-0.0006248167877374185,0.0001276502542379249,0.011441582217430895,-5.969741900641639e-05,-9.056011300711509e-05,-0.0003456169474408406,-8.617144594836706e-05,0.006443784817119847,0.00032855224056477326,-0.004510520483149455,-0.001434068719011641,4.695404089745204e-05,-0.00021884870809006375,1.4550975154121373e-05,7.419376511812101e-05,-0.00042151513861188626,0.0002004779923540971,-0.001987995088227881,-0.0003560782223305573,-0.00033991552462765256,-9.229235785977186e-05,0.0006771038722165395,2.7750607982069932e-05,-0.0004710311558597753,-0.00032299557168462506,9.35137516080549e-05,-0.0031465823685444152,4.1732802824603806e-05,-0.0005052876774459021,0.0015519704836433291,8.848390819953715e-05,-8.431785279833758e-05,-6.250683409022695e-05,0.0002671451903837439,-0.00011407559755386946,-0.0003557187587937527,0.0,-0.00031393762131821403,-0.0006619780259148478,-0.00025501294662363754,0.0002143854747629168,0.0002219050112011038,2.4611643998337342e-05,-0.00038651894446640523,4.723300398503621e-05,2.1286822050831153e-05,-3.808336506994619e-05,-0.0005264978278861774,0.0,0.0004589099084168389,-6.13838319721178e-05,-0.00014180646656430446,0.00012537707140552654,0.0,0.0006687431234931992,-0.0001933067755900111,0.0001284597120305372,0.0,-0.00183901845246564,1.1591561291821857e-05,0.0002416459830980037,-0.0014303335516837443,0.00011243188143731265,0.0001834944052041824,-0.00016735873409251021,0.0007096468439079417,0.002313744514597039,0.0,0.00043842593397037943,-0.00021986532780938394,0.000155066508247802,1.274380832667843e-05,-0.00022787410185032123,-0.0002852164604077776,-0.00018578388414527497,0.001902092357591263,0.00017233559819941423,0.00020823042384429647,0.0,5.239254425732883e-05,-0.00020513101866855466,8.27455043355813e-06,-0.0002641645734271968,-1.126304238685683e-05,-1.7602666129964565e-06,0.00019287362657334554,0.00024516309631277954,0.000488339350658987,0.0002373133037908603,6.759642698913712e-05,0.0005311638157704007,-0.0004790398558810734,-0.00024763331193294625,0.00012417704591713733,0.0002599157192241193,0.0,0.0,0.0,0.0,0.0,4.65702735873881e-06,-3.774385509775926e-06,4.990061419166017e-05,-0.00036805146435193585,0.0,0.0
2023-09-20,0.0008413542387175056,6.15959015198994e-05,-1.7069832675438844e-06,-0.0002747614984438004,-0.00027185424572381584,2.2413247909450025e-05,0.00840576318052892,-0.00021383701291358172,-9.056011300711509e-05,0.00030297275502008664,-0.0010941538741050293,-0.00036328857211862615,0.0002168994754809191,-0.005603151718811683,-0.0014247547288056836,2.4319625196863805e-05,-0.0003687145627274816,6.576044928877087e-05,-0.0002477462969658748,0.0001598161080503854,0.00013165913055560873,-0.003043575513017859,-0.0006648190184475221,6.314164372480299e-05,-0.0002339160426175617,0.0006873238292093358,2.7750607982069932e-05,5.8468854469763984e-05,-0.00047050500773992065,-0.0001243235509155413,-0.0013575887541611082,4.1732802824603806e-05,-0.00037075010539983435,0.0010218637988224095,0.00016082287278290652,5.711921778448474e-05,0.00013480725117960787,-0.00012156854696605653,-0.0001471736678431894,-0.0003557187587937527,0.0,-0.0005081043562037333,-0.0003488939974927273,-0.00025501294662363754,-0.0003415251468513328,8.077911598681674e-05,9.146720496868663e-05,-0.0002998327937136922,-6.460002707890072e-06,2.1286822050831153e-05,-0.0007601213696296394,-0.0006814317086945176,0.0,0.00026787099415604944,9.016545412382074e-06,-0.0001609778799896523,0.0002226139064277627,0.0,0.0005564913460676543,-0.0001516572058396263,0.0001284597120305372,0.0,-0.0008934643591768342,-5.38848965851331e-05,0.0001613058050285828,-0.000537633817272605,-0.00012227446220609535,-9.176357953081736e-05,-0.00016735873409251021,0.0006182612115829695,0.0019475679984713615,0.0,0.00043842593397037943,-0.00017715627808002763,-0.0006080896572958326,1.274380832667843e-05,-0.0002397212456178368,-0.0002852164604077776,-0.0003478601026477743,-0.0007060386926860873,0.0001496241407530557,0.00020823042384429647,0.0,-0.0001899344452964282,-0.00015343661808613106,8.27455043355813e-06,-0.00044847437974600225,2.1607303345001446e-06,-2.9515092913800005e-06,-0.00020300166517946388,0.0004473303994444614,0.0003963593502728566,2.45813084645368e-05,0.0003972379840304963,0.0005129156216515844,-0.00012630720807928694,-0.0003520964551932016,0.00012417704591713733,0.00026872103524314865,0.0,0.0,0.0,0.0,0.0,4.65702735873881e-06,-2.7160694897544777e-05,1.8121766159117918e-05,-0.0002718275521089281,0.0,0.0
2023-09-27,0.0005724036597048078,0.0005174773692718886,1.9715778827969243e-05,-0.0004430006078877276,0.00015059312216334034,0.0002047605247837143,-0.013073104265201214,-0.0008283178867471548,5.4010882505858246e-05,0.0003077783860623757,-0.001076642059383882,-0.00014633889338705827,0.00025197866728478963,-0.008285329846670688,-0.0018785401175816154,0.0001324740053752153,-0.0004254967654290587,0.0002946210885701195,0.00011663574363539053,-0.00023024179436764353,0.00010642726826636534,-0.0025665895592320766,-0.0006106908920598519,-0.00020679794693761084,0.0002583123430640259,0.000598793027307204,5.481289198594092e-06,1.4697832534297396e-05,-0.00011306932656962823,-0.000161360199590237,-0.0013732239024106924,-9.168723473548004e-05,-0.00036660255790704646,0.0005227637658207155,-3.9090217760997026e-05,5.711921778448474e-05,0.00025196537778172115,1.1673548793032483e-07,-0.0001472155589381724,-0.00029803379327498814,0.0,-0.0005656238024456263,-0.001095101118607018,-0.0002488674371142446,-0.00011272841659098962,3.06370217292883e-05,-0.00010038369207728836,-0.0002998327937136922,-4.675584649882049e-05,2.1286822050831153e-05,-0.00031794219732047185,-0.0007634394473530828,0.0,0.0002534572283732737,-2.2228568774726615e-05,-0.0002727558531045474,0.00019378922455677366,0.0,0.0002123537413787151,-0.0001516572058396263,-9.360770676310431e-05,0.0,-0.0006196308476945397,5.258649254402885e-05,-0.0007686810209407348,-0.00037305139840440463,9.837508478701613e-05,4.7337384622480916e-05,2.6015628181007016e-05,0.00021104522319019103,0.0006859590060357442,0.0,0.00038573091128644554,-0.00017715627808002763,-0.00016857697696684706,1.274380832667843e-05,-0.00046906355625418847,0.0012942553423393357,0.00034489662138376185,0.00047888994279618696,-0.0001667967460711243,-0.0001870135090056062,0.0,-0.00021389542708427357,-0.0005829814329108624,-9.120383064908832e-05,2.308653728692223e-05,2.1607303345001446e-06,-7.458706520584296e-06,-0.0001367842548273054,0.0003215964032518724,0.0005598688404313586,-0.0002287450434224586,0.00018213940730638412,0.0004589742023152162,-5.190771109039428e-05,-0.0001122417918028634,-0.0004532239720196071,-1.974061311449366e-05,0.0,0.0,0.0,0.0,0.0,3.3230249216138054e-05,-2.7160694897544777e-05,3.132340411796933e-05,-0.00037491879192341987,0.0,0.0
2023-10-04,0.001068646632097633,0.00042246806206716115,1.11054707894601e-05,-0.00029418756405364077,0.00028029764658446375,0.0001276502542379249,0.011483933625497015,-0.00012805840845837846,-0.0005863965257720518,0.0005273605509658872,-0.0012919616142891765,2.873267576640584e-06,0.0006065858312016614,-0.006132049079900725,-0.0015422328448371767,0.0019145717599640167,0.0005996708020046312,0.0002946210885701195,-5.764169531705804e-05,-0.00013214018791662526,7.606663657623945e-05,-0.0023345320390742684,-0.00012857601357088453,0.0003436851901859216,0.000647251665167343,-0.0001583297154536508,-0.0002750728440007029,-0.0002273041476878761,-0.00026496973538050886,-7.762807915230393e-05,-0.0016204253719359102,-0.00017045720058047277,-0.00029841177479332406,0.0013180752943460752,0.000673559076029664,6.447938332371317e-05,9.819808520619861e-05,-0.00015088370709010412,-0.00011901863214308835,-7.969729511435856e-06,0.0,-9.9805997497346e-05,0.00022901862073143923,-0.0004175434507853952,0.00022681879789528266,0.00030377634062729304,-0.0002047161887981634,-0.00023438262244995935,-7.665628277919988e-05,2.1286822050831153e-05,-0.0005206434210930212,3.705618124293202e-05,0.0,-0.00010138935400271367,-2.7367186177912667e-05,-6.061834715478111e-05,0.0002957972076938209,0.0,0.0004689200018253624,-0.0001933067755900111,4.636457472226491e-05,0.0,-0.0010772165618012962,0.0001073878547124438,0.00010676177094669836,-0.0019025286995416144,-0.00022022681639220318,-3.854607621597413e-05,-0.00016735873409251021,0.00038597095371606084,3.392793195507887e-05,0.0,0.000394553978037312,0.0006084068450403617,-0.00058587648451527,1.274380832667843e-05,-0.0002397212456178368,-0.0002503668267619642,-0.0004501763265819826,-0.0006737182269427904,-0.00016516058303270187,6.41155879631035e-05,0.0,-8.946863110435364e-05,-8.906396634906816e-06,8.27455043355813e-06,-0.0002949545304899017,2.005975928076438e-05,-7.458706520584296e-06,0.000648538344491024,0.0005897179059578488,-0.0011226374150377994,-5.835516084902728e-05,0.00019285634236877695,0.0001066874312320354,-0.00035526563401412766,4.2636005477645386e-05,-0.0003152151482648006,-0.00057271048390486,0.0,0.0,0.0,0.0,0.0,1.9416854343844678e-05,-2.7160694897544777e-05,2.4316632749611735e-06,3.108500319170205e-05,0.0,0.0
2023-10-11,0.0008870054541217154,0.00031624092849806415,3.063209580173009e-05,-0.00017522229369233531,0.00015059312216334034,0.00028848399140464834,-0.013207796540405551,-0.0006531716127859136,0.0006432841726469179,0.0005187104167436478,-0.0009992388635472003,3.650060782781282e-05,-0.000338081992589688,-0.013744872444504038,-0.0016821750457068124,0.00029784489938223103,-0.0005011307669004516,0.0002946210885701195,-2.7579147747183633e-05,-0.0003328299127565133,0.00013724415806845043,-0.0028047388847037237,-0.00012344425076532068,-0.00020679794693761084,0.0004951165692601085,-0.0005956103335573114,0.00013727788971723865,5.326370264302862e-05,-0.0003923527595665535,9.316327969917611e-05,-0.0015012579866430509,-0.00017045720058047277,-0.00034938338245456486,0.00031997464564213426,0.0009731207551927974,6.447938332371317e-05,4.7907684579034784e-05,-1.9497336218972846e-05,-0.0001469100302668882,-7.969729511435856e-06,0.0,-9.015381644213668e-05,0.0004390352360849793,-0.0002289265912564574,-0.0002530254578093286,0.00013372877344071003,-9.363317939146135e-05,-0.0001683614359214698,-0.00020311493836470008,2.1286822050831153e-05,-0.0005725476305860922,-0.000149182502958702,0.0,0.0006909608668542223,-6.192225246631352e-05,-1.72977138120799e-06,0.0005060718679803672,0.0,3.487900144936965e-05,-0.0001516572058396263,-6.373004566086891e-05,0.0,-0.0006626818156535983,5.258649254402885e-05,0.00010270303042542988,0.002285280477552196,0.0001301512500118411,0.0002397432407894122,3.2497459778261115e-05,0.00023898281499029107,4.325810545170541e-05,0.0,0.000608930773273251,0.0006084068450403617,-0.0002180924553200115,1.274380832667843e-05,-0.0004852680801242479,0.0008306251645600227,-0.0002279650084562903,-0.0005259757655496651,-0.00036687318743105736,-0.0001870135090056062,0.0,-0.00018624404695492008,-0.0008372470620065791,-9.120383064908832e-05,5.349435943330609e-05,2.005975928076438e-05,-7.458706520584296e-06,-0.0001367842548273054,0.00032083741575537254,-0.0010748072256293133,-7.24830622204267e-05,0.00020448229114701852,0.000338420315436041,-5.190771109039428e-05,-0.00045893243470062375,-0.0005683974077662579,-0.0002828438868657477,0.0,0.0,0.0,0.0,0.0,3.3230249216138054e-05,-3.6224909859093284e-05,4.7477068885594026e-05,3.528192195539081e-05,0.0,0.0
2023-10-18,0.000814691496639488,-7.450965277424632e-05,-0.00032185896667133093,-0.00019266490214156273,-4.699563655549669e-05,2.2413247909450025e-05,-0.010824891360719988,-0.00045038551657438074,-0.0005695532274482618,0.00042475056765541296,-0.0007900554749897186,-0.00011825353112354442,0.0006633126913869808,-0.008561302413951031,0.0007886604733972573,0.0017377413308640834,-0.0004103444023690803,2.9487870782737923e-05,0.00013252933680714106,-0.00040174195787918857,0.00032531015232065933,-0.0018219513441699454,-0.00012344425076532068,0.00012014442777076726,-0.00024013070371238222,-0.00041803593239142403,-0.00025223200585149704,-0.00014796153865633232,-0.0002924769061305618,-8.15691271620412e-05,-0.0013120122995970871,-0.00017045720058047277,-0.0001332754722718434,0.0007038297507243194,0.001098931862948091,6.447938332371317e-05,6.271340111114162e-05,-7.517884177098665e-05,-0.00011912751189936608,-7.969729511435856e-06,0.0,-0.0001469707715425118,0.0004859139743134129,-0.0004175434507853952,0.00026314540264024726,0.00012570546461108514,-0.00018246851092803483,-0.00013803454265658583,-4.675584649882049e-05,2.1286822050831153e-05,-0.0003843392252898478,5.8498283855725595e-05,0.0,0.0008870811881514244,-3.067713827920482e-05,3.3682000646918866e-05,2.826111727647455e-06,0.0,0.0008318745383648885,-0.0001516572058396263,4.636457472226491e-05,0.0,-0.0010506577312496155,0.0002517195801579099,0.00020233207483575326,-0.0008468537950486058,0.0004149834011214379,0.0002520739306958755,-1.2534543861397522e-05,0.00016614565888916326,3.304770532391988e-05,0.0,0.000608930773273251,0.0006084068450403617,-0.00035509977847768894,1.274380832667843e-05,-0.00028353286184470077,-0.00027410905672594775,-0.0003997177958619422,-0.0007564120311511131,-1.0911817145458238e-06,0.00013325841825278704,0.0,-8.946863110435364e-05,-0.0006395975002322248,-1.1770800769169632e-05,-0.00027519971757703214,2.005975928076438e-05,-7.458706520584296e-06,0.0004790301271742284,0.0004921068656911678,-0.0012804392036122542,-0.00017276461914113604,0.00015724987545086592,0.0005179096740726926,-5.190771109039428e-05,-7.664635214007629e-05,0.00026388995659579325,0.0002155231517372778,0.0,0.0,0.0,0.0,0.0,4.65702735873881e-06,-2.7160694897544777e-05,-1.8799495127468347e-05,3.528192195539081e-05,0.0,0.0
2023-10-25,0.0006092951843878541,0.0004266293373325545,0.00014304124111453622,-4.186939488371666e-05,-0.00027185424572381584,9.566133485027322e-05,0.011630608652934128,-0.0001325999466944971,-0.0001701134739254861,0.0005187104167436478,-0.0012663531501377096,0.0003573592168914649,-0.00031449935664782486,-0.009655415837303661,-0.0012751798779747751,6.638238154149553e-05,-0.0002092388170868495,0.0002946210885701195,-6.102280691313009e-05,-0.0005038930212832466,0.0003769365128467332,-0.0009059518403087459,-0.00012344425076532068,0.0003436851901859216,0.00025661296231111635,-0.0009558204627738221,-9.696055667826174e-05,-8.064456041885875e-05,0.00018514789353367192,1.6665562211552673e-05,-0.0014927941376782826,0.00014971118411333904,-0.00037380625166818365,0.0012963765280615508,0.0018661392148748342,6.447938332371317e-05,-0.0001622091387432573,-0.000128521051117703,-3.151830000704308e-05,8.96128147762023e-05,0.0,-3.998106614823582e-06,0.0004210819339466409,-0.0004175434507853952,-6.943320601954521e-05,0.00027767538981749834,0.00010880041343234304,-0.0001683614359214698,-6.460002707890072e-06,2.1286822050831153e-05,-0.0005258551311874484,3.705618124293202e-05,0.0,-0.00019845607608121372,-3.067713827920482e-05,0.00015296281463622732,0.0001471477181300972,0.0,-3.67295348928886e-05,-0.0001933067755900111,0.00010114712141644645,0.0,-0.0004835684828331193,0.0001073878547124438,0.00029180342181812674,0.0014919974864685379,0.0002047357870503737,0.0002471129225776906,0.00016943035946913464,0.0005300929667979036,7.535430690453626e-05,0.0,0.000394553978037312,0.0006084068450403617,-0.0005314591341726735,1.274380832667843e-05,-0.00028516280710828786,0.0003356723909777844,0.0002936799562767939,0.00045518562976001154,0.00018358079864624514,-4.5686228137960206e-05,0.0,-8.946863110435364e-05,0.00014547767245687851,8.27455043355813e-06,-0.00016294170037830917,2.005975928076438e-05,-7.458706520584296e-06,0.00027536703388313436,0.0001370208611745616,-0.001166574139842344,-0.0003489954879137971,0.00028764188032247984,0.0005087310260865195,-0.00035526563401412766,-7.209253324840148e-05,8.077043321067027e-05,0.0007942537811656361,0.0,0.0,0.0,0.0,0.0,4.65702735873881e-06,2.240931805370938e-05,4.990061419166017e-05,6.847838105949933e-06,0.0,0.0
2023-11-01,-0.0006715725980073564,-0.00012383058989408495,0.00026239194807862234,-0.00020973562850551522,0.0002997119569171274,0.00019457423330721137,-0.007729600880677049,0.00017219745349934397,-5.4983102923295577e-05,-0.0010773580582810385,-0.0017582063426833524,-0.0002676704322917975,-9.064489451380216e-05,0.026210091342172056,0.004787910501102769,0.0018399144353547906,0.0015318739960719337,1.4550975154121373e-05,0.0001501402380867047,-0.0005699387305936136,-0.0001562642598083902,0.00037055292893894894,-0.0007818471809420036,4.36488675127859e-05,-1.913137641817761e-05,-0.0003316785431565473,-1.2244877613906447e-06,-6.77932237600738e-06,5.3544986266334e-05,-2.7693979019796134e-05,-0.001753773710376855,-7.190281720883878e-05,-0.00021393182691303595,0.0008538954425466438,0.0012076911876530846,-0.00037431434066278915,-5.145254411313829e-05,-1.8302265490691086e-05,-6.652230545599758e-05,0.0004656973071871833,0.0,-0.0002769779609773349,0.0007792424701155613,-0.00032499794343062745,-0.0009046847358750299,-0.00023343456805693637,3.1970265793467036e-05,-0.0005652661982892238,-9.412276269588924e-06,-0.00014583424769157245,0.001049561748602317,-0.00016731045978666094,0.0,-3.002577561694884e-05,-2.367900832740657e-08,0.0001930479533586391,-0.00014584267466798376,0.0,-0.0007374430014889684,5.576562604473359e-06,0.00010114712141644645,0.0,-0.0006641380014884553,-0.00023379679539193475,0.0002685141242801223,0.0021665775413182283,0.00016741383174718186,0.00018548898612981562,0.00017441132480193168,0.00016777402111568568,0.0012689792543160942,0.0,0.0015438115439522645,-0.00027868516152066726,0.00029899211402952116,1.274380832667843e-05,-0.00025610035451937034,0.00024105005229482242,0.0008502457007203985,0.0008493619150330316,-0.00014651230511339268,0.00013325841825278704,0.0,-0.00030047876390572776,-0.0007582772911845787,-0.0004199140095484305,2.1220710629294955e-05,-1.126304238685683e-05,-1.8514977009381179e-06,0.00033326355578634683,5.653205577988034e-05,0.0005507121934210119,-0.0003113290200033148,-3.7904315663279437e-06,0.00014155892644037026,1.919679918277234e-05,0.00031322547057151474,-7.081692927674195e-05,0.0001310112734121966,0.0,0.0,0.0,0.0,0.0,6.268710071539048e-06,-2.7160694897544777e-05,1.1346295297002704e-05,2.740748466678438e-05,0.0,0.0
2023-11-08,-0.0007292551704144805,-0.00012710782120958962,-0.0001792853862177763,-0.00019110345425700943,0.0002561186765335173,0.00020429259511645898,0.00721640355411584,0.0001550211232071363,4.562652426832241e-05,-0.0009813946594292254,-0.0020587580917686378,-0.00041769952808458913,-4.996338121189995e-05,0.02330338071662315,-0.00022632522037266316,0.001923136624337523,-0.00018872013423832317,1.4550975154121373e-05,0.00015756387728510038,-0.0005860350902966437,-0.0001741759011498574,0.0005238562879346976,-0.0007818471809420036,0.0001194378467808065,0.0005444685393434012,0.0005310090775011661,-9.268910176228686e-05,0.0002715246209631433,1.484812531524782e-05,0.00010197750007924348,-0.0009966284627370874,0.00010469685676356305,-0.00016515743606411988,0.0012238576539946797,0.0005523441998200889,-0.00037431434066278915,-0.00017191605262380938,-1.0461997855171512e-05,-6.622746743868097e-05,9.346855726475133e-05,0.0,-0.0002769779609773349,0.0005659944960234042,-0.0003553206196884513,-0.001514596436633261,-0.000343734341058495,0.00017151093622512674,-0.0004406159132257331,0.00012956607877456555,-0.00014583424769157245,-0.00017220211117836717,-0.0002522974176244761,0.0,-0.00041899032028537027,1.1060591536742545e-05,7.612738015726865e-05,-9.5959167239183e-05,0.0,-0.0002745810184527604,8.817473666331147e-05,0.00010114712141644645,0.0,-0.0007276386174366505,-1.2042846102888216e-05,0.00020741361747774666,-0.00044655235249917976,0.00016741383174718186,0.00018114571370067998,0.00018581230201343855,0.00016983423371178574,0.0014180972566564113,0.0,0.0004403124611272653,-0.00025207612219675765,0.00015897761502712334,1.274380832667843e-05,-0.0002834040318097482,0.00021534212516635621,0.0013326492856584487,0.0009194766974467511,0.0002498574247924635,-4.5686228137960206e-05,0.0,-0.000978463195398618,-0.0005785983989257114,-0.0005038778254050834,-0.00011938101048513313,-1.126304238685683e-05,-1.8514977009381179e-06,0.0005015555391337445,0.00022864739494773918,0.00034347887471080865,-0.0003833309392072907,0.00013261437020077992,0.00010011504308857813,-0.00013974806725200388,0.0002827916497028638,0.0005613855769455397,0.0003288459927907983,0.0,0.0,0.0,0.0,0.0,4.65702735873881e-06,-2.7160694897544777e-05,1.1346295297002704e-05,2.740748466678438e-05,0.0,0.0
2023-11-15,0.00034289276396846566,7.739896140634771e-05,0.0006344232900161596,-0.0001912378647002199,0.0005315914862264073,0.00014194976149387782,0.0075883242898208275,2.793347699207639e-05,-0.0002853867387743428,-0.0007768123699792661,-0.001816835992313917,-0.0005887850683274439,2.2221997016384494e-05,0.02184412947823829,-0.0021286727331524687,0.0016596992594821221,-0.00019612379073604287,1.4550975154121373e-05,-0.00011326873116107964,-0.00045644524168240996,-0.00039177591503572473,-0.002444600490856673,-0.0007818471809420036,-0.0002870763656942851,5.652804073346464e-05,-0.0006733190786916774,0.00016743904151626,0.00027307071167550784,-3.89166004039689e-05,-3.650530642509812e-05,-0.0013109801686643475,0.00022634012368751832,-0.00016515743606411988,0.0010768238265238149,0.0006541050636867579,-0.00037431434066278915,0.00010995616158299483,7.1567619649203355e-06,-5.7846738637054815e-05,0.00013094550946571426,0.0,-0.0002769779609773349,0.0006155185394948199,-0.0003553206196884513,-0.0015704620314022544,-0.00032652465332267435,0.00015927115513959716,-0.0004964678985470344,3.394642447312037e-05,-0.00014583424769157245,-0.00011098705927795036,1.8433479521844505e-05,0.0,-0.0007161897333788669,1.1060591536742545e-05,-3.531771657149887e-05,-9.5959167239183e-05,0.0,7.002860659971295e-05,-9.159739412084394e-05,0.00010114712141644645,0.0,-4.371522765127923e-05,-0.00044761235505536966,-0.0006202699572278002,0.001406025746033614,0.00018265028555908858,0.00017806670978053876,0.00023057357079904847,0.000740465399612747,0.0013854293580758852,0.0,0.0004173399279317731,-0.00025207612219675765,5.938334246410579e-05,1.274380832667843e-05,-0.00027737475799049214,0.00021299427032123497,0.0007606931790997534,0.0006375323181585905,-0.0003379263465557699,6.41155879631035e-05,0.0,-0.00070800242456182,-0.0010960380605104536,-0.00026977709362691445,1.9250598755482783e-05,-1.126304238685683e-05,-1.368432367825019e-06,-0.0003499844705367435,0.00036644077709920323,0.0004637805812671221,-0.0003530050975647103,-0.0001587233800237986,5.718177487859085e-05,-6.812068965851338e-05,-3.5097520447912014e-05,0.0006759591953148772,0.0002230599348563299,0.0,0.0,0.0,0.0,0.0,4.65702735873881e-06,-9.707471531627533e-06,1.1346295297002704e-05,-7.237109892930681e-07,0.0,0.0
2023-11-22,0.0003632099994229023,5.09716048531089e-05,7.443848306114785e-05,-0.00010268194558342481,-4.627975288006622e-05,0.00022543213914621242,-0.0062739755385675675,0.0013440749283062721,-0.00036526002523109126,-0.0003934622513606213,0.000268511450563422,0.007989026944491488,5.72967287585333e-05,0.026290531278125914,-0.0001505889528533216,0.0015468200243984435,-0.00030730445962909026,1.4550975154121373e-05,0.0004590213967081595,-2.504955643804534e-05,-0.0003161138384017377,-0.002007555082431314,-0.0008359753073296738,-0.0003358209964850931,0.00035103360898391657,-0.001042727604812581,9.950093282940495e-05,9.357687853218157e-05,-0.0005089521917630057,0.0004542453993980685,0.00047016021705447,0.00010469685676356305,-0.00019077964681581786,0.0012917733746534428,-0.000481143892077091,-0.0003425574666862147,9.648539190126038e-05,0.0003982833346388647,-5.978596976608224e-05,9.346855726475133e-05,0.0,0.00032122885294432157,0.00025231805921750543,-0.0003614661291978442,-0.0013725126534533975,-0.00015507537459301464,-0.00017787963236780158,-0.0005229787800173737,-0.00010917964763814189,-0.00014583424769157245,0.0009867617387912969,-0.00016731045978666094,0.0,-9.700418454258923e-05,-5.245609348278922e-06,-0.0003326984690338755,-0.0005859708873398452,0.0,-0.000172463052759607,0.00014753616138540212,-0.0002783961445345734,0.0,-5.136561225531171e-05,-0.00023379679539193475,0.00027491112700443087,-0.0014003809911025981,-0.00027886253502154015,0.0002652412145339069,-0.0001847269988307408,0.0003725435462080767,0.0006832074362257873,0.0,0.000880154171833965,-0.00010295826610375096,0.0002770350755047918,1.274380832667843e-05,-0.0004047742377644943,-3.8238177291936254e-05,-0.0004751658018209011,0.0004114513624462167,0.00012015510917664952,0.00013325841825278704,0.0,-0.0006821718506390883,-0.00027284933009540975,-6.379254105601866e-05,-3.295900687526581e-05,-1.126304238685683e-05,-2.401468612976795e-06,0.00019564685481710618,-0.00024493910374981035,0.0002636052424718926,0.00027247310648090685,-0.00025435245909838367,-0.00010144705818836422,-5.5575493753227454e-05,0.0005902227778147596,0.0010876657900090495,0.0005639293542320095,0.0,0.0,0.0,0.0,0.0,1.9416854343844678e-05,-6.132839392264409e-05,1.1346295297002704e-05,9.642752331475597e-05,0.0,0.0
2023-11-29,0.00013635109093402642,0.00011941405564334199,0.00015094840264558924,0.0004309740592605038,0.00028029764658446375,-3.478391199950231e-05,0.008475179666645998,-0.00012736525285101145,9.278924510754463e-05,-0.0006819427898483637,0.0006182632595468506,0.002744663329178571,-0.00011604272048105992,0.02460235231209325,-0.0016582014638122863,0.0014351701863734437,-0.00029323871727137513,7.670910464002924e-06,1.5319956326006544e-05,0.0003211023369374822,0.00012261494437201448,-0.002444107854359189,-0.0008359753073296738,0.00012918613575934278,-0.00017193656266844566,-0.00036823004855090737,-0.00014933676150791816,0.00022496281175918826,-2.456365729701127e-06,3.0783242963187946e-05,-0.00014067204635843765,0.00010469685676356305,-3.0619864018052064e-05,0.0012979902587314815,-0.0006283627317618743,-0.0003425574666862147,8.609204620474656e-08,0.00017344197756884554,1.7188761375418806e-05,9.346855726475133e-05,0.0,-6.6992484053849065e-06,-1.7459095061045153e-05,-0.0003614661291978442,-0.0011915731055993147,-0.0003755066937665258,-3.557003078359284e-05,-0.0008407848661271211,-6.58209468954326e-05,-0.00014583424769157245,-0.0002056477733491113,-0.00014441799308213647,0.0,-0.0006541411408360393,8.82099667786343e-06,-0.00030877703633570163,-0.0003618638966392442,0.0,-0.00026032797776565975,-9.159739412084394e-05,-0.0002783961445345734,0.0,0.0003996140098570967,-0.00018318301621036848,0.00033760613916425136,-0.0007510366263479186,-0.0004323113226619385,-0.00024379544669773568,0.00018901225928267192,0.00041512198163171625,0.0010824975822460493,0.0,0.0004403124611272653,-0.00012835288653974638,0.00022994230608831216,-1.8363918148779682e-05,-0.0002892219017580077,-3.0192806294311887e-05,-0.000492450364627985,-0.0007369758064233478,-2.9800231795093193e-05,8.596673649097904e-05,0.0,-0.0006047348339690529,-0.0004626816166932032,0.00012945473789095413,-0.00014568925044416563,2.1607303345001446e-06,-2.401468612976795e-06,-0.0003499844705367435,0.0004594942191724783,0.0002732735537727094,0.00010131027788914567,-0.00014953579944813132,5.247811235661694e-05,-7.223792155929458e-05,-4.1432361951753596e-05,0.0006301807844305765,0.00013903544489463174,0.0,0.0,0.0,0.0,0.0,4.65702735873881e-06,-2.7160694897544777e-05,2.9550492084833222e-05,3.478388617984805e-05,0.0,0.0
2023-12-06,0.000943099778941368,-4.400285409620262e-05,0.0001582796925315788,0.0002688069955985112,-0.00025234377215628415,-7.582643097796382e-05,0.007921271019288138,-0.00022682991403825988,-6.757250329157563e-05,-0.0007432981501744977,0.0012337956276931752,-0.0005991870097634207,5.918998144503832e-05,0.029870599236455457,0.004671168464696376,0.0022790900167297358,-0.0002584489687257843,0.00016539134321094575,0.000297609715724884,0.0005179835283881796,0.00023129566165269762,0.0027174704344119518,-0.0002892966063479848,-0.0003268629148768905,0.0003970062146724504,-0.0013006209601221035,-0.0001520845771576822,0.00047460657689575277,6.932651701431217e-07,5.6333590837315526e-05,0.0010434001718761226,-7.190281720883878e-05,-3.0619864018052064e-05,0.0009179438798893495,0.0006335227295628174,-0.0002871937505887584,0.00017598054654715089,0.00011643537766342948,0.0001030517897819651,0.0005107246087236447,0.0,0.00035058330790410294,0.00018489359172023986,-1.685092781241818e-05,6.421059533765799e-05,-4.765458993941972e-05,-0.00011063391292902079,-0.0008657956542141312,-6.504351374423453e-05,-0.00014583424769157245,-0.0006656136921645041,-0.0004638514191145486,0.0,-0.0004878257652684643,3.4083626440189705e-05,0.0001521978537703272,-0.0003867065649985397,0.0,-0.0005520975521017828,-9.159739412084394e-05,-0.0002783961445345734,0.0,0.00027938860866782625,2.2429057895222367e-05,0.0003111780256838107,-0.00013087522326861776,-0.00029076300200736404,-0.0002285233433586181,0.00016232933856965802,-0.00034374837851302946,0.0010235737894491023,0.0,0.0004420849946371904,-0.00011653092660240453,0.00044944991982875384,1.274380832667843e-05,-0.0003403873538697014,-0.00011120714893582298,-0.0009562942109973602,-0.0009152913407858304,-0.00018720229581628531,-0.00018456154890598528,0.0,-0.0011613183427066753,-0.00043923751625268414,9.497802128483827e-05,-1.5453395185790778e-05,2.1607303345001446e-06,-1.8514977009381179e-06,0.00044449120167431287,0.00028524831908348445,0.00014793502426210933,0.00012369989546635564,0.0003812371997319187,0.0002171972205515342,-6.037612112032363e-05,-8.937340381937261e-05,0.0006173263745958941,0.00020482355027035885,0.0,0.0,0.0,0.0,0.0,4.067982901201433e-05,-6.132839392264409e-05,2.9550492084833222e-05,3.108500319170205e-05,0.0,0.0
2023-12-13,0.0003386261008213366,0.0002050752814557639,0.0001044436460622335,0.0004800881770137013,0.00015059312216334034,0.0005614386659312178,-0.008807574056111897,-0.0007900755954509358,-0.00022473059696091055,-0.00012338164296548602,0.0010823827027894482,-0.00022791851558967788,0.0002174204189448044,0.03555004594821922,-0.002261737387127111,0.0024871495746635526,-0.00026810951340971393,0.00016539134321094575,-0.0001347701340838992,-0.00012114061028817557,2.94646252516374e-06,0.0030818531664564656,-0.00023516847996031448,0.000279412974313088,0.0005713864984802505,-0.0011214869625043474,3.834945277857389e-05,1.2132081019039163e-05,-0.00013572629487598774,-6.154146767412786e-05,0.0009294622958965239,0.00030813497619613765,5.983404020666041e-05,0.0006115352167123211,0.0009036611100609092,-0.0002871937505887584,0.0002476205225521513,9.097635020781806e-05,-4.213720707369976e-05,0.00017597281100217561,0.0,0.00028401063165748116,0.0003855121272319159,0.0004800017757857545,0.00026745340174329365,-5.302343786610222e-05,4.007308246382837e-05,-0.000700955988936572,-0.00010840221448694381,-0.00014583424769157245,0.0002838736631632445,-0.0002691892808083873,0.0,-0.00012337428543899274,2.3318588388502477e-05,0.00011899367820485822,-0.00014068161260468224,0.0,0.00013867057079148355,0.00014753616138540212,0.00010114712141644645,0.0,0.00027992746612536126,7.293952377052786e-05,-3.5516407559257153e-06,0.0012373001623072163,0.0002797921493124061,-0.00024196738262338772,-8.18206550891063e-05,0.0003596187348756321,-8.675317605267508e-05,0.0,0.00037869724271991496,-0.00011653092660240453,0.00028577331404514364,1.274380832667843e-05,-0.00046906355625418847,0.00035791499792555033,0.00019773617573536187,-0.0005234419663328368,-6.027068088346502e-05,-0.00011094535477498608,0.0,0.0003470343086946807,-0.0005757887794055129,4.3195962414906865e-05,6.35403439228679e-05,2.005975928076438e-05,-3.633527050395722e-06,0.0002829709416696219,-0.0005192645163863639,0.00035519978932131366,-4.309040326515877e-05,0.0003779036577219705,0.00039916362389215464,-8.15969883665544e-05,-0.00025796349695984887,0.0008354967697333472,0.00039929555987908106,0.0,0.0,0.0,0.0,0.0,3.414652442575124e-05,-6.132839392264409e-05,2.194571040065355e-05,3.528192195539081e-05,0.0,0.0
2023-12-20,0.00024122355307802906,0.0001304716083971769,-3.331202906640752e-05,0.00040935903047840824,0.00032288078158888416,0.0005614386659312178,0.004433964768552188,-0.0004067340664265104,8.128560837320661e-05,-0.0004521511909287092,0.0012571635816291387,-0.00033319281295325783,0.00010280662581632253,0.03178654585179738,-0.002108986204186163,0.0028696419714200685,-0.00026810951340971393,-1.743726496136709e-05,-1.9376197653937666e-05,-1.1425729116495529e-05,9.318868812334943e-06,0.0019448716874264202,-0.0006103547284746671,-0.00035899208033043163,5.054274387679706e-05,-0.0013756727436902581,0.00023144170581573884,-0.00019807519015562655,-0.00010133608010250165,-7.762807915230393e-05,0.0017744610498791288,0.00022634012368751832,-0.00016300112588515754,0.0007158296180321486,0.000691075354927818,-0.0002871937505887584,-0.00042482475932264726,0.00015512989483229946,-4.209531597871676e-05,0.00017597281100217561,0.0,0.00027612235462192087,0.00026389447403550386,0.0004908013294497517,6.421059533765799e-05,-9.494050881591949e-05,-0.00012578502743626808,-0.0006179172440596959,-6.504351374423453e-05,-0.00014583424769157245,-0.0008324352054639683,-0.000965028294250155,0.0,-0.00020949750016230242,2.2743635805614513e-05,0.00011443290216105908,-0.0003888402597382934,0.0,-8.523022270048717e-05,-0.00030791662071824247,-0.0002783961445345734,0.0,0.00033042871847117233,2.2429057895222367e-05,-0.001007490350148025,-0.0009939588355847354,1.8779156462758606e-05,0.00015629003428003,-0.0004485473310448077,0.00034818206466735545,0.00035511106807328054,0.0,-0.00010708953437776916,-0.00014192554703839992,6.183430057258808e-05,1.274380832667843e-05,-0.00022787410185032123,-0.0004939470331554243,-0.0004995739693013582,-0.0008111069674333534,-6.027068088346502e-05,-0.00018456154890598528,0.0,-2.794648004725163e-06,0.0004907844309137097,0.00014146775937060507,0.0001660559928278435,2.005975928076438e-05,-3.633527050395722e-06,0.0002829709416696219,-3.820074579010183e-05,0.00029161035499063013,-4.0705473653222246e-05,0.00011401959309921717,0.0005219402803449366,-0.00021030071790679972,-0.0003675205736225088,-0.00011440300217282887,0.00013065759743602744,0.0,0.0,0.0,0.0,0.0,-9.746483405566684e-06,-6.132839392264409e-05,2.194571040065355e-05,2.740748466678438e-05,0.0,0.0
2023-12-27,0.0002201743798365641,0.00015880647052985924,-2.516908428390351e-05,0.00040935903047840824,-4.6778347986349336e-05,0.00015871318710870914,0.00604958348283188,-0.0006288178672820742,9.278924510754463e-05,-0.00042757470821440754,0.00019839888104059394,0.0026992414379011084,0.00010280662581632253,0.028332800627007566,-0.0016481904559435372,0.0017647399646123893,-0.00027781241720447724,-1.743726496136709e-05,-0.00013307836749808997,-0.0008125346329238771,0.00020653310981744941,0.001583351308069753,-0.0005360005196844348,0.0002460308707778559,-5.522208517861732e-05,-0.00021119546211220626,-0.0003340091375046681,-0.0002672251447318773,-9.64938356190515e-05,-1.6727778489830892e-05,0.0007260991957565932,0.00012076103521230591,-0.00012109189594826943,0.0005498518721841561,0.00019830812696745978,-0.0002871937505887584,-0.0009109321107939826,-7.098835638514169e-05,-0.00014995017950104994,0.00013431362695618947,0.0,0.00019618225205039007,0.00021999722687080048,0.0003573834932372003,6.421059533765799e-05,-0.00012155463241801684,-8.834446216299844e-05,-0.000675945200849562,-5.4745245436649525e-05,-0.00014583424769157245,-0.0006726778423822826,-0.0005528352946940996,0.0,-0.00022094901521817678,3.316623690816703e-05,0.00011701758138929377,-0.00020321399824067826,0.0,-0.0005390833373913738,0.00014753616138540212,-6.373004566086891e-05,0.0,0.0002458998737159048,0.000262710674063706,-0.00046226708175971395,-0.0009777023358232416,-0.0008117355419338621,-0.0010757690673374792,-0.00025991388381820717,-0.001009197383645469,4.0605946645051594e-05,0.0,-0.00015124803379345326,-0.00014192554703839992,0.00044741466604324533,-1.8363918148779682e-05,-0.0002397212456178368,-0.0004939470331554243,-0.00021856894327704131,-0.0008099819656357829,0.00014935509344038,-0.00018456154890598528,0.0,-0.0007232919210378894,-0.0010443265128555206,0.00012945473789095413,-4.194771799551733e-05,2.005975928076438e-05,-1.8530620239048068e-06,0.00044449120167431287,-4.021298843061759e-05,0.0004059009083110765,0.0003245491145110558,2.4222485617658037e-05,-0.00017192090976299296,7.911698628479496e-06,-0.0003675205736225088,-0.0002550656384110835,9.532682555804023e-05,0.0,0.0,0.0,0.0,0.0,-9.746483405566684e-06,-2.7160694897544777e-05,2.9550492084833222e-05,3.0359037950395944e-05,0.0,0.0
2024-01-03,0.0009633249146023258,-0.0013631754521253067,-0.00019210833911247098,0.0003162625246115139,-4.6778347986349336e-05,0.0005614386659312178,0.00893948223246166,-0.0006029841161791675,-0.00023950997695215313,-1.4867745989413405e-05,0.0012799853646914988,7.574743793335053e-05,0.00011121820224225963,0.024621306996201655,-0.0020083517759807747,0.000765709513964715,-0.00029143719912289555,0.00016539134321094575,0.000453067635908005,-0.0010137506462174742,0.0009704480102388662,0.0017639785923337526,-0.00017255856264806178,-0.00022056780915375324,0.000780788955300144,-0.00022807658782803767,-0.0001416975269198046,-0.00011821308071138651,0.00021013549395893657,-9.995526148638146e-05,0.0013957373543405547,-0.00019158070176947568,-6.123284156391881e-05,0.001150615405600717,0.0003854151648666302,4.250584400770124e-05,-0.0003625274357255679,-0.00010930337292338716,5.844908780629884e-05,0.0001497220157281291,0.0,0.00032977280099798467,0.00013175777921191668,0.0003573834932372003,0.00021394412198769792,-0.0007321878302520035,-0.0002282001246019357,0.0003551408681540731,-7.294535787589995e-05,-0.00014583424769157245,-0.0007650462744539491,-0.0004125941628097528,0.0,-0.0002527509008798325,9.245712603170257e-07,-0.00026583731659988145,-0.0003612298484558284,0.0,-0.0007822193965583309,-9.159739412084394e-05,-6.373004566086891e-05,0.0,0.00027159690640561537,-0.0003540699260482777,9.738727466782681e-05,-0.001392210544925335,0.000287680938655903,-0.0015593015130856399,0.00010445586643163813,-0.0013938664100157704,8.398116704101342e-05,0.0,0.00024047489670621806,-0.00010295826610375096,0.00022537844195089107,-1.8363918148779682e-05,0.00017243608377743563,-0.00020170385020541444,-0.00028474318515743356,-0.0006659184365486149,-0.0002449709467211351,8.596673649097904e-05,0.0,-0.00102510590050423,-0.0001088995777437426,-0.00026977709362691445,-0.00030020235773023883,2.005975928076438e-05,-1.8530620239048068e-06,0.00014490272212853045,-0.0003586677879777084,6.802756950092793e-05,1.4316385527981873e-05,0.00016665952585659106,0.00025964786170591843,0.00016871701978506462,0.00012400051363821202,-0.0003799100034056613,2.845419461601417e-05,0.0,0.0,0.0,0.0,0.0,4.067982901201433e-05,-6.132839392264409e-05,2.9550492084833222e-05,6.847838105949933e-06,0.0,0.0
2024-01-10,0.0004539092767025356,-0.0014265559648792673,-0.0030484967231044166,-0.0005957856955157406,2.9788888417079297e-05,0.0005614386659312178,0.007751320111106663,-0.0001718525274103269,-0.00010644318050984379,-0.00044492794370170523,-0.0019369891037474508,-0.0002806464246476613,0.00015712220216468505,-0.018300315002373408,-0.0014962690389534248,-0.0004257277702116619,-0.00033094057234096417,-0.00017200334916312363,0.0016865877025762435,-0.0020338717711866497,0.0009706885171666322,0.002771723260652369,0.0005226191436294861,0.00029294866362268975,0.0014575874758204611,2.009393240960673e-05,-0.0002258313404175892,-0.0004200545818356346,0.0004748027705748164,-0.00020582330286558715,0.0012732021269973174,-0.00042437463158193095,-0.0005004990331777807,0.0009133823929700168,0.002130721878399899,0.00021714012578324314,-0.00031039321545087666,6.243214375152806e-05,-0.0004241224533852004,0.0001833549256802955,0.0,0.00021504294168178746,0.00018472914243597015,0.00020113805797895954,0.00018713923106659323,-0.0006927671230881344,0.00012512840200891827,-0.0004509130370557329,-0.00017787876209751974,-0.0010198349814753407,-0.0007819398578695403,-0.0001994699367699072,0.0,-1.8252959539417405e-05,1.078803378766334e-05,-0.00046200868699106985,-0.0003011947481916903,0.0,-0.0008206403934401211,2.3887190817524166e-05,4.636457472226491e-05,0.0,0.00022015072578446726,-0.0002410821294963911,5.9690998478561184e-05,0.0014604671047072362,-0.00016392329243616145,-0.0023385023243408264,0.00011093769802889223,-0.00044340077369588426,-6.464688867623705e-05,0.0,-9.447736328204934e-05,-0.0001287737335911987,0.0006451556742388696,1.274380832667843e-05,0.00010513981635697177,0.00106173170857263,-1.9109363855274912e-05,-0.00146770238920095,-0.00021460926536321932,-5.514271731005728e-06,0.0,-0.0005074390386835799,-0.0003482869878619906,-0.00023211843032967642,-0.0002690539919229784,2.005975928076438e-05,-2.9707993320818387e-06,0.0004291383939643984,-0.00015381183369921647,0.0003558813837099657,1.1908531921485657e-06,0.0002634906897774377,-0.0004906119457975871,-0.0004321190232255015,0.00012623461063148973,-0.00030509082415763693,-0.00034974457449257176,0.0,0.0,0.0,0.0,0.0,4.067982901201433e-05,2.240931805370938e-05,2.1489449838857818e-05,1.7551760380846095e-05,0.0,0.0
2024-01-17,-0.001351165577647642,-0.00028385352067955143,-0.000437391336214522,9.172673400043371e-05,-2.465956928866651e-05,0.0004983868136727818,-0.012125654500592147,-0.0006794868904920734,-0.0003352202461805728,-0.00035976270864688967,-0.001532418605353365,-0.0003925536242315715,-0.0004964111491717022,-0.008577796168832058,0.003100626859417047,0.0010732800657683706,0.0010033817346620257,-0.00017200334916312363,-0.0001872962302269084,-0.0013522238376487501,0.0005358889252881187,0.0033856863326490374,4.677596545033208e-05,-8.909244924847656e-05,0.0007440746300919365,-0.0012825043175534628,-0.0001316519694561429,-0.0002425055840088728,0.0003149095226316462,-9.301895300760504e-05,0.0009107371141061011,-0.00039105779059234625,-0.0003545303627312813,0.001312624158850036,0.0008810580411442839,-5.703340195494286e-05,-0.00033828092673878054,-0.00014202738646261167,-8.5965390169142e-06,-1.753299049523088e-05,0.0,0.0002823301216005024,0.00023739379578560164,0.00028346027922465807,0.00017290464595727067,-0.0003253357249649801,0.0006356630339468338,-0.00011609760285537883,-0.00014797832581714033,-0.00014583424769157245,-0.001030974920717416,-0.0006881776611015938,0.0,-2.2438757908941693e-05,-1.964458006448172e-05,-0.00046621869905737304,-0.00014285657686898215,0.0,-0.0007446403165893294,2.3887190817524166e-05,4.636457472226491e-05,0.0,0.00027231245976147035,0.00017796391416837336,0.00031195033899652635,0.0011135635459941634,0.00011683945893349655,-0.0015437089856143876,9.996467782330202e-06,-8.207400411943804e-05,-0.00015176762652609674,0.0,0.00010890130568653544,-0.00019731614903648477,0.00036415293623314317,1.274380832667843e-05,-5.528311011256336e-05,0.0003154015172581096,0.0005627825688892535,-0.0004960710813583025,-0.00010961359713854218,0.00013325841825278704,0.0,-0.00019613423904052852,-0.0008620999112874752,-0.00010391741933272611,-4.337539382751053e-05,2.005975928076438e-05,-2.9707993320818387e-06,0.00040644433694579196,0.0004529785604351774,0.0004709916565042258,-0.00014602955551714554,1.873060348741833e-05,0.00039451062040619207,-0.0005286290574509049,0.0002310550000230307,-0.00047624607726927837,0.00016166301131915036,0.0,0.0,0.0,0.0,0.0,3.414652442575124e-05,-6.132839392264409e-05,-1.8799495127468347e-05,2.740748466678438e-05,0.0,0.0
2024-01-24,-0.0007433344080896866,9.387880254632531e-06,-4.562664195716856e-05,0.00037627707675707346,-2.7040696368944156e-06,9.566133485027322e-05,0.008794062706816532,-0.0005790706363552727,0.0003305452345006588,0.0006048252629401015,-0.0022092208315164035,0.00018668078740532708,0.00011121820224225963,0.029760670151638413,0.004700297267357033,0.001054082635657139,0.0009122020449256587,-1.743726496136709e-05,0.0003399463581811829,-0.0022874385430058,0.0006363215922410917,0.0026813922827141927,-0.00027168709564270974,-1.6502601849129926e-05,-0.0004330402768627052,-0.001419686677820045,3.518079383705159e-05,-0.00010612417519732301,-0.00013482270315828986,-6.695442775844941e-05,0.0015086369697168353,0.00029921004052768814,6.719920233578969e-05,0.001320488181791405,0.0001777966549447423,-5.703340195494286e-05,-0.00022430698249852925,-0.00022471536793751553,1.4658223909483844e-05,0.0005609956683418529,0.0,0.000152547026160235,0.0003058030099346571,0.0004357010933053195,0.00021901164052817894,-0.0004975501477178092,-6.339694704619579e-05,0.0005867736114307179,-5.6304322764163556e-05,-0.00014583424769157245,-0.0003650342508378875,-0.000351766870140478,0.0,-0.00031202767068752433,-1.3494115511499813e-05,-0.00025001623946508365,-0.00014510023292518075,0.0,-0.000759167807059709,-9.159739412084394e-05,4.636457472226491e-05,0.0,0.00045462898241461764,-9.551512789043324e-05,0.0002077165499295723,0.0016190123843591892,8.740561401389415e-05,0.00028464870947131837,-0.00012936157504967336,0.00014058032163557745,-0.00011293793614871,0.0,0.00047173608295614315,-4.591611477208024e-05,-0.00012093061022487423,1.274380832667843e-05,0.00018590634429130391,0.0006276950628063325,-3.7865765519069634e-05,-0.0006475631203394829,0.00014034619127951988,6.41155879631035e-05,0.0,4.727235185070287e-05,-0.0006580570324863904,0.00010699104276448921,-0.00020375044703507328,2.005975928076438e-05,-3.633527050395722e-06,-0.0002354727967456578,-8.882578053126677e-05,0.000688649293876478,-6.587657629923833e-05,0.00016504854009996936,3.456945320249154e-05,-0.000160968389085071,0.0001593975471859748,-0.00026302378083939827,-0.00018113149770172845,0.0,0.0,0.0,0.0,0.0,-9.746483405566684e-06,-5.112566017136615e-05,1.1346295297002704e-05,-7.237109892930681e-07,0.0,0.0
2024-01-31,0.0006338054035611369,-3.102486149619935e-06,0.0002744994527422487,0.0007118871930861558,0.0001649196303570886,9.566133485027322e-05,0.01144557478351318,-4.8993004776491035e-05,0.00026103056934214156,0.00031235961331600184,-0.002380240505854603,0.0002862555815534741,-8.746535799350403e-05,0.006469569172497097,-0.001813507333581019,0.0006689139372985768,-0.00020397205683084037,3.495027926592589e-05,-0.00011413199018552637,-0.0024372040799607634,0.0003546324053294796,0.00339666900553721,-0.0002461380968014437,0.00024543944534878386,-0.0007496360370571205,-0.0015479568203208363,0.00014249042930429806,0.000659999620751065,-0.00031092199756829015,-5.3054085165324206e-05,0.0017527874960320945,0.00026481806480950227,-0.00019354339714335308,0.0009131175715395222,-2.072187813554493e-05,0.00021714012578324314,-0.00034129445680983287,1.9237721212822318e-05,6.191425640051072e-05,9.321666980417332e-05,0.0,0.00027207639598352456,0.00022859577202675112,0.0003277609617050931,0.00011681925721736616,-0.0005201211475232043,0.00014167300480308928,0.00046889577328272723,-0.00011814615602856099,-0.00014583424769157245,-0.0009598798815007734,-0.0005870727107425436,0.0,3.436774280447165e-05,-3.4944535038696476e-06,-0.00022791693978680953,-0.0004382741430612912,0.0,-1.6109933798745567e-05,0.00015175338562765326,4.636457472226491e-05,0.0,0.00037593664313015693,-0.0002782667804086416,0.0003289431910050669,-0.0006837050064149063,-0.0001010830927124585,0.00024272164936824084,-0.00013584340664692747,7.366111889178488e-05,6.614962437257685e-05,0.0,-0.00014721761090329244,-0.00011888789386356219,-0.0002105699799136214,1.274380832667843e-05,7.80605284217358e-05,0.0007761903077663951,-0.00010557796632894734,0.0009035182800617553,-0.000290450259355988,6.41155879631035e-05,0.0,-0.000483475176784146,-0.0012710231200914787,6.281324864807462e-05,-0.0002502433772339823,2.005975928076438e-05,-3.633527050395722e-06,-0.0002354727967456578,1.4076745829520077e-05,0.0006213529882099844,-6.055727337343679e-06,6.095837372396727e-05,-0.0001732299326509465,-0.00023511393759206641,-0.00017548459587838494,-0.00024169219569241654,-5.810478786649411e-06,0.0,0.0,0.0,0.0,0.0,-9.746483405566684e-06,-5.112566017136615e-05,4.990061419166017e-05,6.847838105949933e-06,0.0,0.0
2024-02-07,0.0006314547479258478,-0.001128446500102018,-4.885734126881942e-06,0.0002244273305654294,9.602371268431755e-05,0.00018022672681624997,0.004674892364787875,-0.00015151222470171475,5.2541604013518676e-05,0.00020143657414222125,-0.0023724947402130785,0.00034557836519270694,2.559476471023444e-05,0.006857571668978667,-0.0008344765423133921,0.0006881113674098083,-0.00034853585823690637,5.369256733951128e-05,-0.0002427715322300584,-0.0019206865508315579,0.00037447006694683134,0.0031870599632862016,-0.00013099175708220209,-0.0003455097324847145,0.0008813295960576244,0.001812164105622094,-3.587265789047223e-05,0.0015233187298809025,-4.937404022650574e-05,-2.375293101005886e-05,0.0020745336108398725,0.0003059992612583789,-0.0002273618150958655,0.00103249898243592,-0.0003040834925589602,0.00021714012578324314,-0.00046056109133391294,1.318742702794311e-05,-0.0011014006679435683,9.321666980417332e-05,0.0,0.0006837238089792905,0.0003521302556499622,0.0003277609617050931,0.00033485513785206066,-0.00022797688653996813,-6.033568449250502e-05,0.0011085868765400738,-0.00012922434831820275,-0.00014583424769157245,-0.00024198208874798337,-0.00022927500989061502,0.0,-1.942785017672187e-05,1.1201199948356691e-06,0.00012401759853206124,-0.0004204899857989708,0.0,-3.9720610545733226e-05,0.0001567687479660813,0.0001172937132460209,0.0,0.0003659184100100888,1.589291788925976e-05,0.00021697606671315162,-0.0007257338816748322,3.271490969969529e-05,0.000272134633203119,6.878603900451723e-05,0.0002747063347909288,4.5411039325702894e-05,0.0,-0.00013059718956663074,-1.2413897908222809e-05,-0.0008560682701263773,1.274380832667843e-05,-0.00014758800917188876,7.638458434667011e-05,-6.331380541699568e-05,-0.00024206925360270262,-0.00014287948663262173,6.41155879631035e-05,0.0,-0.000523430369477236,0.00016432817040967635,-0.00017757973211515995,-0.00017127053425198394,2.005975928076438e-05,-3.633527050395722e-06,-2.0032901657634746e-05,-0.00013487998332568097,5.0465791243744053e-05,0.0001998474046349928,-5.627870298574988e-05,7.878131988347658e-05,-3.83157599346943e-07,6.733949532751696e-05,-0.000229282648334313,0.00030099753713586037,0.0,0.0,0.0,0.0,0.0,4.067982901201433e-05,-3.278251596968153e-05,2.1489449838857818e-05,1.7551760380846095e-05,0.0,0.0
2024-02-14,0.00037669701301531013,0.00026533171739413064,0.000439128198694223,0.0007398383210093367,2.9444534004716996e-05,0.0005829522056387586,-0.01250219722375168,-2.7391730947151374e-05,-7.566613711085327e-05,0.00020143657414222125,-0.0018381820742808712,9.419167586549227e-05,0.00033371624653843324,0.0026526975777384078,-0.0018139648349600323,0.0004277874401071497,-0.0004439228963418984,5.369256733951128e-05,-0.00018875961142778155,-0.003369040016266483,0.0004939396598445129,0.003419303216821123,-0.00014113120677015676,7.980153199900681e-05,0.001021390662865537,0.001299733823180837,-0.0002156235025312079,-0.00043189536871818046,-0.00012732229921087816,-2.3141735477426087e-05,0.0018378639078186704,0.0003059992612583789,-0.00016914891628165224,0.0009075422662686872,-0.00023603728074135473,0.00021714012578324314,-0.0004238108679639822,-0.00014807768064749088,-0.0024716608112789543,9.321666980417332e-05,0.0,0.000631507977527211,0.0003820208870899406,0.0003277609617050931,-5.0246974213318394e-05,-0.00020642335976333898,-0.00016843746580327362,0.0006242226625853613,-0.00017258304906091204,-0.00014583424769157245,-0.0005564115361996651,-0.00022927500989061502,0.0,0.0007957329551201845,-7.600871932491085e-06,-3.904643934849818e-05,-0.00033713081973089194,0.0,0.00018313976849476524,0.00010193529764627062,0.0001172937132460209,0.0,0.00035162799410283187,-0.00010868625875354806,0.00034710953345556505,0.0005935725526790799,-9.152022586161139e-05,0.0002770956413213039,-5.3644578487202006e-05,0.00024241766005653447,1.4482582992089433e-05,0.0,2.3287228399579234e-05,-1.2413897908222809e-05,-0.0006068890060478618,1.274380832667843e-05,-3.83724516893285e-05,0.000592632558621149,0.0005865211557579657,0.0010489783954407128,-0.00036157058295154264,-0.0001870135090056062,0.0,-0.00039718691140672505,-0.000168127287858972,-0.0003695330762022773,4.207481005908598e-05,2.005975928076438e-05,-3.633527050395722e-06,-2.0032901657634746e-05,0.000591306268234162,2.1289747373168797e-06,0.0001816275898604274,-9.48652993266739e-07,-0.0002363258329185256,0.00020573509570394856,-0.00016564127874014724,-0.00030135203792328215,0.0003127426391531848,0.0,0.0,0.0,0.0,0.0,3.414652442575124e-05,-3.278251596968153e-05,3.132340411796933e-05,2.740748466678438e-05,0.0,0.0
2024-02-21,0.00029311432293972886,0.00036681878759995903,0.00023935795194940433,2.446979966996901e-05,2.9444534004716996e-05,0.0004983868136727818,-0.003938989181148967,-0.00020066499945832416,-0.0001635194802481362,0.0003043837749767386,-0.0013022846507718623,0.00035949367342292176,-0.0004631306186009221,0.0025450614107848444,-0.0017999778039722617,0.000392470400470846,-0.00044430184029682705,9.151555773402584e-05,0.00021325798640938582,-0.0033460074284190323,0.00029333505432852566,0.0029616228238354154,-0.00014113120677015676,0.00010470187590354175,-0.00013900555758578284,-0.0009598101413027455,-7.018565093601685e-05,-0.00031893182236792875,-7.554223441370037e-05,-5.0916831646586224e-05,0.0017726818312914043,0.0003059992612583789,-0.0003210143837191138,0.0008537643235111967,-3.494042774777702e-06,0.00021714012578324314,-0.0004021544815075103,1.318742702794311e-05,-0.0024716608112789543,9.321666980417332e-05,0.0,0.0005974340320353458,0.000384171123946496,0.0003277609617050931,0.000425114176076251,-6.928420702901436e-06,-9.517823575006746e-06,0.00012438045941196135,-0.00017258304906091204,-0.00014583424769157245,-0.0003435479081519233,4.631466205283411e-05,0.0,0.0005559928711308499,-1.021987063973952e-05,0.00015963247148210238,-0.0005927135042368875,0.0,1.6765822606915764e-05,0.0001567687479660813,0.00010114712141644645,0.0,0.00038129712463657044,9.044682886033301e-05,0.0002883573948087312,-0.0007036859423574453,-3.329242622874458e-05,-0.00024211675502547764,-0.00013584340664692747,-0.00027448965478959206,-3.194622664602385e-05,0.0,0.00010779015136621619,-0.00019843550299722206,-0.0001386800543348987,1.274380832667843e-05,-3.83724516893285e-05,-0.0003156842620114421,7.950269462918643e-06,0.000171791039642408,-0.00036157058295154264,0.00013325841825278704,0.0,-0.000465415228069416,0.0003267122576795479,4.116067542880283e-05,0.0005822121697008718,2.005975928076438e-05,-3.633527050395722e-06,-2.0032901657634746e-05,0.0002850034806046732,0.0004053811248913233,0.00033762796309621087,-2.183474270646018e-07,-0.0002363258329185256,-3.83157599346943e-07,-0.0001922988406974862,-0.00023394081943180694,1.0928189588946562e-05,0.0,0.0,0.0,0.0,0.0,-9.746483405566684e-06,-3.278251596968153e-05,3.132340411796933e-05,2.740748466678438e-05,0.0,0.0
2024-02-28,0.0008627726411640779,-0.00035617388477248444,0.0001352431323805384,-0.00033187206389493793,0.00017352565359456508,-2.9782554067823865e-05,0.01286590448183588,6.268414426850128e-05,-0.00011212092089178805,0.00032116095909234756,0.0013881728472613453,-0.00012601884397729236,0.0004205131794370778,-0.01144216256690443,-0.0015877432131616853,-0.00010989279957428387,-0.00024016325953161373,-0.00017200334916312363,0.00011902145997544807,-0.00342323997773304,0.0005858577855967793,0.0024527084185726493,0.00046777666613892396,0.00039335219726705786,-0.00029896552773634084,-0.0011410841741859008,-2.1099757514246435e-05,-0.0004572631212723311,0.00011563785274710609,0.00012586129046503346,0.0016389796744461916,0.00030216035823012215,-0.0002864933008715901,0.001504859650329404,-0.00020414885485464603,0.00024889699975981765,5.305635157915922e-05,-0.00042631953872605556,-0.0024715519315226765,9.321666980417332e-05,0.0,0.0004700212839973236,0.00013000572282014734,4.6150172555532685e-05,0.000707397138777538,3.354011871578527e-05,5.86612049773758e-05,0.00018471933785157787,-9.882381189984998e-05,-0.00014583424769157245,-0.0005513800243656631,0.00022822737796444084,0.0,-0.00039260545202516456,-3.487516311831106e-06,-5.3709064175485425e-05,-0.00022706668737712998,0.0,-0.0011284715102593084,0.00015175338562765326,-6.373004566086891e-05,0.0,0.00016788096453656347,-5.38848965851331e-05,0.00012121875949834882,-0.0008001478113934174,-0.00016837716378628184,-0.0002450719210760059,-0.00013584340664692747,-0.0003623879480358045,1.025263969810177e-05,0.0,-0.0001315185246167532,-0.00019575375099091492,-0.0004510440038705348,1.274380832667843e-05,5.654589685536902e-06,0.00042768840732991336,-0.0005011833566424998,0.0007232016514341744,-0.00016151393335144454,8.596673649097904e-05,0.0,-0.0002803522712897591,0.00018954167182728333,4.116067542880283e-05,0.0019263551064937247,-0.00018802560685312721,-7.458706520584296e-06,-3.2522253074088e-05,-0.00045162435785043166,6.24275676219654e-05,9.269421134018526e-05,0.00014201196652423632,8.561154714489442e-05,-2.0872419758901587e-05,-0.00031952921178792973,-0.0006413892437436742,0.0001593800178194269,0.0,0.0,0.0,0.0,0.0,-9.746483405566684e-06,-8.181844436333325e-05,4.990061419166017e-05,3.127173903515026e-05,0.0,0.0
2024-03-06,0.0006937767209613523,-0.0003402063436884462,0.00014898371082137056,0.0008323242808829024,4.3515899380212834e-05,-7.582643097796382e-05,-0.014403241139043392,-0.0004911957875168986,0.00016684097538257342,0.00012545735101020098,0.000967997192947195,0.00011572242574594741,0.0011689415517443869,-0.005725844816890175,0.0005994893440086362,-5.48179583788054e-05,-0.00025180252603860956,-0.00017200334916312363,0.00016358944070560242,-0.0028117752322499275,0.000552306033711555,0.0032611329466006598,0.00042674139855185744,0.00012341260660464408,0.0009035949858229815,-0.0012780761306629713,0.000301694767125833,-0.0005874932090536945,0.0002634844428430482,0.00010562728478756327,0.002033694096109241,0.0003059992612583789,-0.0002800728599975101,0.0011502275039242046,-0.0003446569099101632,0.00024889699975981765,-0.00038716111405451064,-0.0006361893316898199,-0.0021345020582210212,9.321666980417332e-05,0.0,0.0004308460014913858,0.0003859286337564734,0.00019747478305130641,0.00028994765832309085,-0.00020642335976333898,-0.0001579915074878813,0.00022525552017293304,0.0005614573218834998,0.0003247983377626422,-0.0005299440652126842,0.00018084506728808332,0.0,0.0006490478422856868,-2.049160778293483e-05,-9.707639170056302e-05,-0.0006558674483301444,0.0,-0.000243555194109519,0.00010193529764627062,0.00010114712141644645,0.0,0.00030225778582737193,-0.00010868625875354806,0.0003289431910050669,0.0013063526319682078,-1.9644460578290544e-05,0.0002991906324084624,-5.3644578487202006e-05,-0.0003693670515951179,1.597728229015752e-05,0.0,0.000217002368739827,-0.00012609198158489154,0.00033411870124740585,-0.00011505269084007857,0.00016289165077230502,0.0005534340822105717,0.0011243195820148137,0.0008147294993489698,-1.3635630442790021e-05,2.4874521424752198e-05,0.0,0.0001765354526703447,0.0003567206090687572,8.330806311985446e-05,0.0005826610413026101,0.0001365202489226275,-7.458706520584296e-06,-5.521631009269448e-05,0.00021958862056056913,7.561420260331973e-05,0.00038188373455037367,2.1158499645917674e-05,-0.00043214257307730983,0.0002425088645744611,0.00017317055993314425,-0.00016836429357780755,-0.00016031670802703053,0.0,0.0,0.0,0.0,0.0,3.414652442575124e-05,-5.112566017136615e-05,4.990061419166017e-05,4.8171524637656215e-06,0.0,0.0
2024-03-13,-0.001290203245358844,0.00022351455126524544,0.00029821955599886784,0.0008773567056656998,0.00016990735925382456,-2.9782554067823865e-05,-0.011562076885753787,-0.00012975019587078542,-0.0001070252006228307,0.000108680166894592,0.0009675575268708303,0.00033006521889945937,-0.0007586529086921394,0.0023271011862543082,0.0005628305540425667,-9.526570180251433e-05,-0.0003258812793490841,3.495027926592589e-05,5.096417545497422e-05,-0.003099931543237077,0.0009300531756001463,0.0032406236870585227,-0.00014113120677015676,0.00012620036024626625,0.0008060452243260107,-0.0013671950028230633,-0.00020278621357384255,-9.731061338233633e-05,9.063251400163861e-05,0.00011217392957089054,0.0022519289516740536,0.0003059992612583789,-0.00017669541070539077,0.0008116030006171764,-0.0002738142258967562,-5.463281263009154e-05,-0.0006147296608326986,-0.0006472512793514561,-0.0021345020582210212,0.00015005592774404756,0.0,0.00041208845557376357,0.00025701921080445813,0.0002931066257037597,0.00034581325309208423,-0.00022100480705477285,-0.00012016690341365458,0.00015033267963042142,0.0012095780356224915,0.0003247983377626422,-0.0002200663812461914,-1.0676486235234033e-06,0.0,0.0007346055368230306,-4.6854385584286094e-05,-6.094722946045228e-05,-0.00062296859033244,0.0,-0.0007748437385617994,0.00010193529764627062,4.636457472226491e-05,0.0,0.0003037796888394265,0.00012055298148734669,0.0003289431910050669,-0.0006667603747354625,8.986396907029024e-05,0.0002908143170004865,-6.0126410084456105e-05,9.505689677872264e-06,2.643139855156812e-05,0.0,5.353341703444374e-05,-0.00016186871604408044,0.0001671848585990595,-0.00011505269084007857,-1.489462901296297e-05,0.0004115354330791858,0.0009012967875206277,0.000611107338280733,-1.3635630442790021e-05,-3.4908650406262395e-05,0.0,-0.00030240440643770217,-6.902940774023447e-05,8.330806311985446e-05,-6.452625674222658e-05,-0.00018802560685312721,-3.633527050395722e-06,-2.0032901657634746e-05,5.5708419742916656e-05,-2.5070329714821196e-05,0.0003849304506693397,-0.00012563459855628275,-1.2041429354802975e-05,0.00020573509570394856,0.000513219329994892,-0.0002960901150522567,0.00014748214154904684,0.0,0.0,0.0,0.0,0.0,3.414652442575124e-05,-5.112566017136615e-05,3.132340411796933e-05,-3.131978160270967e-05,0.0,0.0
2024-03-20,-0.001587009768433797,0.00011693857524974885,0.00029821955599886784,0.00013228923736221282,4.3515899380212834e-05,-0.00012663398182402537,-0.0030696861825223434,-0.00011145209486281494,-0.00011633180529138138,0.00023994139986830497,0.001263862435860875,0.0003517941811668023,0.00030708339460121595,0.02808917330593882,0.0014762264329507139,0.0001548296582529059,0.0009718841563849936,3.495027926592589e-05,0.0003222658401368028,-0.003470291297997185,0.0006405420085933842,0.0025250440150273116,-9.032377035653104e-05,0.00021035158249131474,-0.0009480808055316872,-0.0014469942265825106,-0.00014468511829821712,-0.0003604800300022677,7.027535970823942e-05,3.4765045684646065e-05,0.0020818341310965597,0.0004045536446300129,-1.4569812345026725e-05,0.0008665870817027721,-0.0003406873290473716,-5.463281263009154e-05,-0.0005930732743762268,-0.0014369106221431079,-0.002138040874653637,7.61457860308441e-05,0.0,5.8040336523774606e-05,0.0002570373829299023,0.0004568269609650726,0.00044712882536506317,-0.00017918594429408309,4.863501690694593e-05,-0.00021829862062056562,0.001107203165574313,0.0003247983377626422,0.0008735874765597062,-0.00021562717455155645,0.0,-0.00014533575385324547,-4.7429338167174055e-05,0.0001529189917431467,-5.902978277356845e-05,0.0,-0.00026757561051412795,-2.7357425422306618e-05,4.636457472226491e-05,0.0,0.00032448509668071433,-0.00019742097264335013,0.00033359747942964826,0.0006536986348218002,-8.666310708317854e-05,0.0002960389908282368,-0.00012936157504967336,-2.9207223360410564e-05,-4.563742547512437e-05,0.0,0.0003477293487906499,-1.0468681779675923e-05,-0.00014300326973274992,-0.00011505269084007857,-1.489462901296297e-05,0.00031057858443008787,0.0009012967875206277,0.0017028998090601209,-6.503496957134948e-05,-3.4908650406262395e-05,0.0,-0.00042617527781171845,-6.498492229903776e-05,5.640717557452133e-05,0.000417309137541314,0.0001365202489226275,-3.633527050395722e-06,0.00010011778026504905,-0.00032033994443580815,-8.915122360896709e-06,0.0003778836587523964,4.289416852397728e-05,0.0004941172999674407,-0.00033147329124419574,-0.00023323468314965194,-0.0005024920740322914,0.0006708966398813416,0.0,0.0,0.0,0.0,0.0,-9.746483405566684e-06,-5.112566017136615e-05,1.1346295297002704e-05,-3.131978160270967e-05,0.0,0.0
2024-03-27,0.00039254440468306623,3.8719002356057725e-05,-0.00016439117314592203,0.0004370033750337628,0.00017352565359456508,-0.00023459657936033298,0.009996245452579893,2.3622549123202325e-05,-0.00016183610491077747,0.00029367578360311195,0.0012795679938780605,-0.0003248379166045095,-8.48641375323583e-05,0.020475364649152335,-0.002064643797911452,-0.00015317403574040188,-0.0003166410730233922,3.495027926592589e-05,0.0001710043571620699,-0.003928018106695934,0.0003588528216817721,0.0026532168255776053,-0.0001584892181345137,0.0001806405183477192,-0.000715990479345257,0.000761768935536545,5.9449181907987256e-05,-0.00036237603111893715,-0.00022527205689930335,4.04345984796033e-05,0.0021691681488380425,0.0005811533186024147,1.4951519491693559e-05,0.0008411769925920858,-0.0005220919734253528,8.887609176105925e-05,-6.533034130287842e-05,-0.0014369106221431079,-0.0021366506379698236,4.16683002681628e-05,0.0,5.439147880918257e-06,0.0002567733033926396,0.0004568269609650726,2.9279310423179053e-05,1.822136861852996e-05,8.307485364680526e-05,-0.00038341283901308467,0.0004010502186606303,0.0003247983377626422,-0.00031604369481135847,-7.911647890450959e-05,0.0,-0.00030584628644894375,-6.842669768824425e-06,0.00016752508139461923,-0.00026322443259236915,0.0,-0.00024631503518170633,-3.2204338164741074e-05,4.636457472226491e-05,0.0,0.00032448509668071433,-0.0002881695760046663,0.0002560388631705732,0.000990265690825688,0.00010500805293152797,0.0003079263981659198,0.000137104637889237,0.0004214097112782484,1.7521298218027347e-05,0.0,-4.715425414862526e-05,2.530805267951297e-05,-7.728541919630664e-05,-0.00011505269084007857,2.1898892771365583e-05,0.0006983110857079274,0.001186640623030462,0.0016864974279196408,0.00017229647450174872,-0.00012064484375344196,0.0,-4.1956661042316564e-05,-6.170719857774643e-05,-0.00030834793933723136,0.001391729682249032,0.0001365202489226275,-3.633527050395722e-06,-0.0002354727967456578,-0.000278305703825668,8.90697021850145e-05,0.0004890369278451812,-6.169622732032679e-05,-8.603591012598788e-05,-0.00029556283684360567,-0.00037519125300399886,-0.0004145467706128561,-0.00027793973298359737,0.0,0.0,0.0,0.0,0.0,-9.746483405566684e-06,-3.278251596968153e-05,3.132340411796933e-05,4.395359273176563e-05,0.0,0.0
2024-04-03,3.328525156206293e-05,-0.0011457135491481816,0.0001176714736914219,-1.2729537896735443e-05,0.00024479887724645637,0.00020429259511645898,0.01190671212350811,-6.41239101504786e-05,-0.00017481765928486408,0.00013063018257783183,-0.0003217986204728829,-0.0004100843947459449,0.00022383752450452028,-0.014432682707964859,-0.0013636611336760491,-0.00039990640166790006,-9.92988156143789e-05,-0.00017200334916312363,2.7834346230329415e-05,-0.0018709743613460996,0.0005911786772985057,0.0032629158016717953,0.0006284165594468553,0.00034974112266142056,0.0008781200076902275,0.0012940388735385128,0.00010136355926963471,0.0013934358294675885,0.0004981853441571039,2.118073607175248e-05,0.0015552031098235535,0.000622328742923934,0.00017853731678040309,0.00068038830154618,-0.0003825873408165919,8.887609176105925e-05,-0.0002565332172030953,-0.00044193455569526866,-0.0006875932966720333,0.0002312697622832135,0.0,0.0002157582723315115,0.0002667888087835304,0.0002931066257037597,0.0004834029962991328,0.0003538227341545157,1.3645894592102632e-05,-7.453416708463576e-05,-0.0002617761929365463,0.0003247983377626422,-7.548174214247721e-05,-0.0007210782976981971,0.0,0.0002061745214298767,1.1257193424186182e-06,-0.0006535194338286876,-0.00016275669061491466,0.0,-0.0007261587488930641,0.00015175338562765326,0.0001172937132460209,0.0,0.0002791294121489014,-1.670024567288257e-05,0.00022476767791969416,0.0019097329671433057,1.4986429953045154e-05,0.0003266716789505807,0.0002856446150100852,0.0005033684574775572,5.19769162100698e-05,0.0,-0.00031738346904441525,-0.00012609198158489154,4.772946879317698e-05,1.274380832667843e-05,-2.6604466810239794e-05,0.0005734478289145622,0.0007394949271670497,0.0013880226728676585,0.00015093291675203745,6.41155879631035e-05,0.0,-3.813365903686838e-05,-0.0002446272409007073,-9.831907276631227e-05,0.0008798622646473366,1.4233271459894217e-05,-7.458706520584296e-06,-0.0006344994062677985,-0.0005709664212303937,0.00045663896350068374,0.00042217557249463156,-0.0002548845483411269,0.00017580798551499984,-7.930410032682035e-05,-0.0001987752736918007,-0.00031729153426580324,-9.482512091828393e-05,0.0,0.0,0.0,0.0,0.0,4.067982901201433e-05,-1.350540538678271e-05,4.990061419166017e-05,6.847838105949933e-06,0.0,0.0
2024-04-10,0.0008504673449385886,-0.0013036155845357405,1.891342777946753e-05,-0.00039567407087121536,3.583136953476489e-05,0.00019457423330721137,-0.01342104993560979,-0.0003317763743561266,-0.0001553178292243013,-0.00039380316626902776,-0.0015274749909363035,7.82533699008903e-05,0.0006458123427149596,-0.022522691552606073,-0.0011339868811592495,0.0003027664903300158,-0.0002289796991141891,-0.00017200334916312363,0.00018291092826431995,-0.002031834037409248,0.000246504769328922,0.0038908753578889553,0.0004031009121752413,7.980153199900681e-05,0.0007126646399088074,-0.0013178905600122227,-4.44923791811985e-05,-0.00045431265459713665,-0.00025774844777775175,0.00010562728478756327,0.0012466811604404872,0.000622328742923934,0.00013608726825664434,0.0008669766589361642,-0.000601030869573086,-8.431785279833758e-05,6.017033755556521e-05,-0.0005578221643492471,-0.002059134796934955,0.0002312697622832135,0.0,9.830429237929672e-05,0.0002249768076631381,0.0002931066257037597,-0.00022000887998325854,7.646752669504943e-05,-0.00014666730162627976,-7.453416708463576e-05,-0.0002667595931119897,0.0003247983377626422,-0.0002975514593980013,-0.0006407953504252363,0.0,0.0004713756816873822,-8.653652678031171e-05,-0.0008032614227497768,-0.0002564470761157924,0.0,-0.00037884258941032095,0.00010193529764627062,4.636457472226491e-05,0.0,0.00024587176476430976,-1.91076134571984e-06,0.00022476767791969416,-0.0006223582058901515,0.00017694616122183643,0.0003190897658661737,-9.435066888900507e-05,0.00026494457799003217,7.719743376485413e-05,0.0,0.00022416159974670356,-0.00020521601183933955,2.2672462410341648e-05,1.274380832667843e-05,-9.496545665898834e-05,0.000724558035490022,0.0006302137731263128,0.002311609840531772,0.0003357513203187531,-0.0001870135090056062,0.0,-0.000517911927163245,-0.0001596685994296514,5.788926939872623e-06,0.0003669172824869664,1.4233271459894217e-05,-7.458706520584296e-06,2.340515636042139e-05,-0.00021461659752978996,0.00039588045330089664,6.74676247809007e-05,9.645321890261827e-06,0.00014160163846047992,0.00017862348476425653,-6.541031245272118e-05,-0.0003818738169672323,-0.00020582218044869454,0.0,0.0,0.0,0.0,0.0,3.414652442575124e-05,-8.181844436333325e-05,4.990061419166017e-05,1.7551760380846095e-05,0.0,0.0
2024-04-17,0.0008856410898350603,-0.0009448607181435353,-0.001084289945474938,-0.0006881705583412419,-4.0735866868663734e-05,0.0004983868136727818,-0.012449431554897274,-0.0005887421398437465,0.000261323571268093,0.0002396735980359127,-0.0012287268119067461,0.00031867818365820743,-0.0003047869479972709,-0.02270690832782779,-0.0017999331517797505,-0.0005720991557110339,-0.0002487869250436028,-0.00017200334916312363,0.00025589515348587886,-0.002310992142017071,0.0002914130773578502,0.004652184456223035,0.000330133210908956,0.00012620036024626625,0.0012694072227816863,-0.0011649311602021238,-5.045601890250146e-05,-0.00031019600236599384,-0.00032475463595732756,0.00010562728478756327,0.0014734378292061792,0.000622328742923934,0.00012856749042913082,0.00093042142842841,-0.000601030869573086,-8.431785279833758e-05,3.193733218993409e-05,-0.0005578221643492471,-0.0021805464494025688,0.0002312697622832135,0.0,0.00011352048636977037,0.00018820081950471322,0.00014178201520798599,-0.00021405592983259565,0.00010765321312052086,-4.1690474258619093e-05,7.748836466901658e-05,-0.00025499136495099253,0.0008010041084046335,0.000181128136321431,-0.0006860924505471869,0.0,0.0007995907529739426,-8.653652678031171e-05,-0.0008032614227497768,-0.00029418447655438695,0.0,-0.00039362572688385854,0.00010193529764627062,-6.373004566086891e-05,0.0,0.00024587176476430976,0.00019722232626816124,0.00022476767791969416,-0.00017102555860910976,5.835191064974256e-05,0.0003553967803554371,-9.435066888900507e-05,0.00029452487927472215,2.134613643339439e-05,0.0,9.001750162606237e-05,-0.00019449397913155444,2.2946040682703178e-05,1.274380832667843e-05,-8.495789449649108e-05,-0.00016735460218342466,-0.0004794226777967722,0.0019447687962893937,0.0003357513203187531,-0.0001870135090056062,0.0,-0.00020738469337334658,-0.0003063601058827451,5.788926939872623e-06,0.00023356216946615068,1.4233271459894217e-05,-7.458706520584296e-06,6.493437182998932e-05,9.121749514699738e-06,0.00042041207234573335,-0.00019093756258092194,-0.0001500875674393486,-0.00019742213742139522,0.00022152072528302746,-0.0002332700122203724,-0.000459991976910028,-0.0004200377663521085,0.0,0.0,0.0,0.0,0.0,3.414652442575124e-05,-8.181844436333325e-05,4.990061419166017e-05,2.740748466678438e-05,0.0,0.0
2024-04-24,-0.0017963779157441797,0.00037857124908182794,0.00021414812192665312,2.2669148791923257e-05,-6.526487375641403e-05,9.620179151796431e-06,-0.012011549462042971,-0.00011956057139151532,-8.087972275377958e-06,-1.8904821816775175e-06,-0.0015274863584685472,-0.000604451201287433,-0.00042338568042236404,-0.0221614527785214,0.0023437445817658708,-0.00027849152235775337,0.0005624328101922658,9.151555773402584e-05,0.00016967260139037622,-0.0021971314431679895,0.0007926762324289283,0.0036801628587652914,3.970019239051383e-05,5.664865707622992e-05,-0.0012410542510770087,-0.0010764183435552524,0.0003306795415521922,-0.00044483026240293153,-0.00024748451834301534,0.00011217392957089054,0.001356471207624329,0.0004370643853588254,3.6381769030848675e-06,0.0006381978922710027,-0.0002755426060410959,6.708886031666221e-05,5.657310795428635e-07,-0.0005578221643492471,-0.002055595980502339,0.00019925932495386603,0.0,3.279430746764424e-05,0.00023612655854634532,0.00014178201520798599,-0.00025736995060240806,5.569455217553483e-05,-0.00015420472286319816,-0.00026231384430633185,-0.0003148560439740374,0.0003247983377626422,0.00039481163657419577,-0.000649087689569401,0.0,0.0004885114110663011,-7.030700864042878e-05,-0.0009061077428395704,-0.0004359362278636374,0.0,-0.00030740676615931007,0.00010193529764627062,4.0873006286087766e-05,0.0,0.0003349692365965832,7.575334623314482e-05,0.0001932069735123439,0.0015032663150079436,7.712024969443794e-05,0.0003553967803554371,0.0002744058523396299,0.0001432735516490086,-6.157299635653992e-05,0.0,0.00013581465803434137,-0.00013694980199670432,-0.0002135070158323269,1.274380832667843e-05,-7.14876339826228e-05,0.0010005137889386737,-0.0006560047819536236,0.001648960285461461,9.337152387772259e-05,-0.0001870135090056062,0.0,0.0001542376012483613,-0.0005867469343630922,0.0003706649885171643,0.00025619941707038407,-0.00035237566767300113,-7.458706520584296e-06,2.340515636042139e-05,-3.1736809852773434e-05,0.0005405193041672771,0.0003783319700705936,8.749047481464775e-05,0.00012436524988626989,0.00022152072528302746,-0.00023935803702789733,-0.0002063505890446315,-0.0006583843633678395,0.0,0.0,0.0,0.0,0.0,3.6483594699292306e-06,-8.181844436333325e-05,3.132340411796933e-05,2.740748466678438e-05,0.0,0.0
2024-05-01,-0.0017211305727167685,0.00010480651325031009,-0.00021128135511745336,0.0008985561135305458,0.0002083379574283773,9.620179151796431e-06,-0.012439917511517424,-1.231432763542086e-05,-0.0002431113607834409,-0.00036517256944055713,-0.001475406718326324,0.0003521256179333035,-0.00038249962187045965,-0.003501314527776783,0.003006363857704114,-0.0010032558488339372,0.0005634786625419682,3.495027926592589e-05,0.0006371041287827224,-0.0015625426995958464,0.0005847843928036647,0.0031335307926996935,4.751030315020002e-05,7.980153199900681e-05,-0.00022461177598230922,-0.0016689522042390799,0.00023041477439575072,0.0016432460870789334,0.00034307301973838194,3.4765045684646065e-05,0.0019143739253665302,0.0004409032883870821,0.0002176911765567254,0.00036802290894842084,-0.0002147147331412442,-1.5900397941108942e-05,5.657310795428635e-07,-0.0007158103730917859,-0.0006810674197489292,2.200032015934255e-06,0.0,-3.775425103676453e-05,0.00018325865190955542,0.0003062195912678776,0.00029713498626196885,1.4023775439439003e-05,-0.00024725552084174825,0.0001258998813583493,-0.0002553864309754967,-0.00014583424769157245,0.0007024475910827966,0.00024564947129109905,0.0,-4.817215137318134e-05,-7.574441390292e-05,-0.00046888487457942654,-0.0006735950956415741,0.0,-0.00019620232930435557,0.00010193529764627062,-2.626002892764968e-05,0.0,0.00030937646597499626,-7.858010612653438e-05,0.00017873449636118964,-0.0007458203928449839,8.986396907029024e-05,0.0002880096870545542,-0.00023781677219643604,0.0001249460911244015,-1.5929661562953632e-05,0.0,-0.0004997237232151375,0.00039333997490599126,7.98149700075238e-05,1.274380832667843e-05,-1.489462901296297e-05,0.0011561347559795668,0.0008057927918275462,0.001635151656506943,0.0003208983986368695,-0.0001870135090056062,0.0,-7.72505236900936e-05,-0.000917583115120933,-0.00010391741933272611,-0.0003195930344004774,-0.00035237566767300113,-7.458706520584296e-06,-6.589608987544104e-05,-3.1736809852773434e-05,0.0003992541378102602,-0.0002169534032450247,-1.650036597679663e-05,9.1477278148286e-05,6.504111561180881e-05,-0.0001117136111315313,-0.00045092954632075896,-0.0005081592320471605,0.0,0.0,0.0,0.0,0.0,3.6483594699292306e-06,-5.112566017136615e-05,3.132340411796933e-05,2.740748466678438e-05,0.0,0.0
2024-05-08,0.00030487548178225604,-9.24036454338619e-05,0.0006360698669790922,-0.0004949426774814304,-0.00011799291156400977,0.0005829522056387586,0.012076649916322367,0.00030550520309366707,-0.00011183802108384507,-0.0003354800551605485,-0.0019498099312938685,-0.0003599234933621881,0.00029397363098770333,-0.021913597817262258,-0.001713138224320111,0.0008137960059393848,-9.92988156143789e-05,3.495027926592589e-05,-0.0002691184940879206,-0.002784931008815594,0.0008409488660490133,0.0029946419505711757,0.0009469626947231971,-0.00034360788113068985,-3.752006696433564e-05,0.0008546487316174323,-0.00027624822888896967,-0.00040429482252053896,-0.00035151719033461295,4.04345984796033e-05,0.0019385536737791603,0.0006124054918806319,-5.731797093257461e-05,0.0002594135659095167,-0.0003485745761794633,3.843536315171589e-05,0.0001939992227396612,-0.0005091677663948965,-0.0020475709871391433,0.0003034578617422856,0.0,-0.00029630816065111227,0.00033981588658530516,0.00032234248917930176,0.00016942302240559662,0.00043498923681591,-5.315651829506191e-05,0.000125743938197686,-0.0001188269682206867,-0.00014583424769157245,0.00024035393941678065,0.00017453904810524164,0.0,-0.00010498768295451007,-4.426511804487736e-05,-0.00014152786068693417,-0.0003233091593918648,0.0,-0.000613441366466397,0.00015175338562765326,-6.193794985274618e-05,0.0,0.00020963627715874216,0.00012266841529708796,-6.49751856087437e-05,0.0016923381131922239,-4.666792157389107e-05,0.00015084458191863252,0.0006227968215625369,0.0003301196065719767,5.1927449028509314e-05,0.0,-9.38530993226235e-05,0.0005834404122590479,0.00018547564357203198,1.274380832667843e-05,8.689977800108715e-06,-0.0004307988991950471,0.0005405267521320768,0.0005798729765380348,0.00031816828524463674,6.41155879631035e-05,0.0,-5.224642775890712e-06,-0.0003390063713376944,8.27455043355813e-06,2.9110895320985045e-06,-0.000806624219793633,-7.458706520584296e-06,0.00011359761277023605,5.66127419794179e-05,0.0004347651122646417,0.00020460442674482003,-0.00023583239141483766,0.000174926118674165,-8.475779956910614e-05,-0.0001987752736918007,-0.00031072293793022896,0.0003041458617646733,0.0,0.0,0.0,0.0,0.0,-9.746483405566684e-06,-3.125124430977723e-05,4.990061419166017e-05,-7.237109892930681e-07,0.0,0.0
2024-05-15,0.0011399475145758983,-6.298830881322164e-05,0.0004221503424683948,-0.0005594894814084048,-0.00010669539027565628,0.0004983868136727818,-0.012496654701190607,0.0003265262622705495,-0.0001553178292243013,-0.0003251502804041881,-0.0016593855643895843,6.267521209067051e-05,-0.00033379142130161014,-0.021645606398633773,0.0008954409838928836,0.00027663795309140255,-0.0003036298101764085,5.369256733951128e-05,0.000374110207142756,-0.0028260902767193777,0.0007627777843975498,0.0040961883276250406,0.0005797488043230442,0.00012341260660464408,0.00024537600503023854,-0.000729709040138413,-0.0001981405280615156,-0.00023181255189139467,-0.00019593571023246515,5.4318452874403726e-05,0.0017558720914379513,0.0006124054918806319,-3.76423016051637e-05,0.00032357239497059806,-0.0005358871806207624,3.843536315171589e-05,3.885110267036916e-05,-0.0006704328740703304,-0.002051218683328037,0.0003034578617422856,0.0,-1.2103273752294722e-05,0.0002594667112377396,0.00017101787868352804,-0.0001407079569990917,0.0007248290285962014,0.0001853093183007439,-0.0002768995920686893,-0.0003148560439740374,-0.00014583424769157245,0.0009463074254133547,0.00024564947129109905,0.0,-0.00018970610374917417,-0.00011475041537245106,-0.0004985879896610238,-0.00025489700624061775,0.0,-0.00038619830798376,0.00010193529764627062,4.0873006286087766e-05,0.0,0.00016636039665408235,-1.91076134571984e-06,-0.00035928623000344126,-0.0020332384195325967,0.0001985777595384557,0.00013895717458094951,-0.00023781677219643604,-0.0007755587158603632,2.5834580797297324e-06,0.0,0.00012883169028226406,0.0005834404122590479,0.000430655351083265,1.274380832667843e-05,0.00015062989018108956,-0.0002718045876873476,-0.00034795165670479795,0.001974254975281994,0.0003128020847995258,-0.0001870135090056062,0.0,-5.224642775890712e-06,-0.0004107224653547832,-1.1770800769169632e-05,2.312261393919282e-05,1.4233271459894217e-05,-7.458706520584296e-06,-6.589608987544104e-05,-0.00011242773474248253,0.00048195257250440836,0.0002102147339598361,-0.0002162633786929271,0.00025589651727084945,0.00017862348476425653,-6.541031245272118e-05,-0.00024345705432378688,-0.0003361432497759711,0.0,0.0,0.0,0.0,0.0,3.6483594699292306e-06,-3.125124430977723e-05,3.132340411796933e-05,2.740748466678438e-05,0.0,0.0
2024-05-22,0.0004873405761705886,0.00021918348075143803,0.00017332599481306802,-2.828691427759985e-05,1.932724480385167e-05,0.0004983868136727818,-0.0052724171938691115,0.00020959704368012764,-0.00011577495672718496,-0.0006367997694182347,-0.0016297025091330185,0.00016415060754590863,0.00018223233863674953,-0.01707165436194454,0.0007718942453691807,0.00022124669924081166,-0.00032297327826490027,3.495027926592589e-05,0.0003608906247648144,-0.002767070014595982,0.0009631080620694388,0.0030585328588155613,5.7649752838154694e-05,0.00012341260660464408,0.0011163296796496277,-0.0013584369530183892,2.2063690581405193e-06,-0.00030884887273549744,0.00038554600867662773,2.8218400901318795e-05,0.0012798963686893924,0.000622328742923934,-0.0002747670840187425,0.0008966801092832224,-0.000601030869573086,3.843536315171589e-05,-9.407406625488306e-06,-0.0005091677663948965,-0.002047679866895421,0.00031597180702155127,0.0,-0.00010826447615004428,0.0002393828408599842,0.00032234248917930176,0.0002900272036846296,-2.0863738348583777e-05,-0.0001379302908859888,0.0002540509102040366,-0.00027532329339149844,-0.00014583424769157245,0.0006952725284001662,0.00024564947129109905,0.0,-0.0002954167083752868,-5.026864782292866e-05,-0.00016739906190943845,-0.0005526788000566243,0.0,-0.00039362572688385854,0.00010193529764627062,-2.626002892764968e-05,0.0,0.00019396687616152252,-7.150160784129751e-05,3.072213273783521e-05,-0.0020587015559233855,0.000162435461396874,-0.00023324914538029576,-0.00022657800952598068,-0.00019348219213742422,-4.400335979342769e-05,0.0,6.275419107710318e-05,0.0007310808246838949,0.0003114406707603062,1.274380832667843e-05,0.00015062989018108956,0.0008278614500868333,-0.00013868306421444503,0.0018808048312617873,0.0005312247424434099,-0.0001870135090056062,0.0,-0.0004963425731829514,-0.00025168774063120773,2.5834278142600386e-05,-0.00024317815861967857,1.4233271459894217e-05,-7.458706520584296e-06,-6.589608987544104e-05,0.00011560257817407944,0.00045017075389553395,-9.356593095556276e-05,-0.00019102548287554407,-8.312725861102572e-05,0.00027513351898965995,-0.00017520794131444233,-0.0003425476496982738,-9.432728569116072e-05,0.0,0.0,0.0,0.0,0.0,4.067982901201433e-05,2.240931805370938e-05,3.132340411796933e-05,2.740748466678438e-05,0.0,0.0
2024-05-29,-0.0020204262591602693,-0.00026242862330473475,0.0001890736193898975,0.00032511033576911546,1.932724480385167e-05,0.00015871318710870914,-0.012729366900816632,-0.0004438223229464304,-0.00011577495672718496,-0.00033663890753342124,-0.0014146803883350804,-0.0006203744230803081,-0.0002466307473748472,-0.015475519238817547,-0.00037857936897922514,-0.0006282597625408206,0.0006850140714615969,2.7607500374418137e-05,0.00010092413950036825,-0.0020224175224705793,0.0009195976506461171,0.004175998002366692,5.7649752838154694e-05,0.00010470187590354175,5.22746894902701e-05,-0.0008368779369283519,0.00017811272951650007,-0.00047478262176331085,0.0006546473110783462,-7.047023883634389e-05,0.0012362228917389858,0.0006124054918806319,-2.152326841847064e-05,0.0004806720731309163,-0.0005275963505169582,6.708886031666221e-05,3.84834833177212e-05,-0.0007158103730917859,-0.002047679866895421,0.0003034578617422856,0.0,0.000436215214567701,0.00037973867426607387,0.00032234248917930176,-0.0003017535682612088,-0.00011948426914659329,-2.8362539733801747e-05,-0.00015578055423116148,-0.0003314970790857738,-0.00014583424769157245,0.00104076182861021,0.00018774517565937172,0.0,2.5061702430638513e-05,-5.6191909633001306e-05,-0.0004771021363109013,-0.00012565935037065843,0.0,-0.0005105257629832154,0.00010193529764627062,4.0873006286087766e-05,0.0,-0.000139306184570838,7.575334623314482e-05,5.0832162313328906e-05,-0.0010428658080212294,4.4176258190705495e-05,0.0003351479718396831,0.000205990099212023,-0.00027283460578999766,6.619909178999178e-05,0.0,0.00044485686603319154,-0.0001242314101616173,0.0001952542812857685,1.274380832667843e-05,0.00022097626164997795,-0.0002341346725200711,-0.00021984761662713175,-0.0012840974046004513,0.0003180909029123561,-0.0001870135090056062,0.0,-0.0004679275144061655,-0.0006033176586510483,-5.663423877191148e-05,8.424818638719383e-05,2.005975928076438e-05,-7.458706520584296e-06,2.340515636042139e-05,-0.00012826344094797983,-4.8547702437891546e-05,-8.344409992208288e-05,7.52517141009375e-06,-0.0003133952006925276,0.0001368014035010842,0.0001865162708680543,-0.0003179418019752844,-0.00016610001974332717,0.0,0.0,0.0,0.0,0.0,3.6483594699292306e-06,-3.6224909859093284e-05,-1.8799495127468347e-05,2.740748466678438e-05,0.0,0.0
2024-06-05,-0.001751215653873496,0.005260352928523881,0.00015016872297715934,0.00032496269285379423,7.704437728384165e-05,-7.582643097796382e-05,-0.012167849729579823,0.0005085994778824244,0.00021739393315221652,-0.00011844209210545524,-0.0005084694828266148,0.006628704702559073,-0.0002466307473748472,-0.01793596392561076,-0.0024292698810057488,-0.0006750150479224179,0.0007111643209107748,7.253945474933317e-05,0.0005853514502137133,-0.0013388791346719176,0.0006022423910363211,0.0035168204787493136,4.884111370976612e-05,3.849013369960494e-05,-0.000892419426388585,-0.0009548047873622983,0.00039704670391664206,0.0005325744984466211,-0.0002760850452514745,-0.0007179852181275944,0.0009222694423095492,0.000622328742923934,0.00026256960053029063,0.00025753170525404415,-0.00029148708956036314,6.708886031666221e-05,-0.0005117056623534112,-0.00032709663574198556,0.0001559473045865869,-6.570602853864714e-05,0.0,0.00031950277760426705,0.00025589988795481663,0.00017101787868352804,-0.00027543205101105333,-9.642052420461757e-05,-3.7592057721990364e-05,-0.00015720701290117985,-0.00016902197455599877,2.1286822050831153e-05,-0.0005936424376835898,0.00014847725815827437,0.0,0.0007211357494280004,-6.634710997820306e-06,-4.7836371602240706e-05,0.0006041122931502275,0.0,-0.00048481736318880836,2.3887190817524166e-05,4.0873006286087766e-05,0.0,-0.0003373822358710104,7.575334623314482e-05,-6.993295280735615e-05,-0.0006083917593965771,-3.3386346697335915e-05,-0.0013835592460781792,-0.0002856054169198029,-0.00039250529311754805,3.9774169241595546e-05,0.0,0.0004874893633702613,-0.0001242314101616173,1.2525424284968005e-06,-1.2346493973884827e-06,6.312235044408617e-05,-0.0001594850187291573,-0.0005079200541685556,-0.0006714882349564958,0.0003321218075023431,-0.0001870135090056062,0.0,-0.0005441659011752951,-0.00031098275489050683,5.788926939872623e-06,0.00016127581191126432,2.2526399281356483e-05,-2.9707993320818387e-06,0.0002549255339898182,-0.00010455010961241648,0.0007380109231788439,1.580899780580461e-05,0.0005017655350035237,-0.00017573374872925987,-0.0005286290574509049,-0.0004949042869602386,-0.0004018687343764185,8.428279436591001e-05,0.0,0.0,0.0,0.0,0.0,6.781058643473141e-06,2.240931805370938e-05,2.4316632749611735e-06,3.0359037950395944e-05,0.0,0.0
2024-06-12,-0.0007487347757988832,0.004724577139158278,9.421634090450658e-05,-0.0003977223830426796,-1.1719596626403664e-05,-0.00011363947792237481,0.010656746293478778,0.00047515066644188207,2.0115804766151796e-05,-3.819363549770683e-06,-0.002548933334430819,-0.0004412519354904204,0.0002468699817539189,-0.0067561441882520844,0.0014420737067895467,-0.00041649167725391176,0.0004252712098265453,7.253945474933317e-05,0.0004883104194524205,-0.0034314205272617695,0.00021454891966495693,0.002965595842578848,4.884111370976612e-05,-0.00036700821682743897,-0.0007581086851004334,0.0008708752095042806,-0.0003404753214521671,-0.00033460055128023045,-0.00020748511154801107,-1.8233372796769003e-05,0.001426735305000397,0.0004409032883870821,5.6731053852895785e-05,0.0007910698801584538,0.00011130109301964034,6.708886031666221e-05,0.0001950892144961795,-0.0005545452654163519,-0.0017958613162487717,-0.000132699150861411,0.0,0.0002701559521090066,0.0003097415924174563,-0.00010099342671373711,-0.0001656801661563315,-0.00022188707151867538,-3.703565657408473e-05,-0.00014501817677045872,-0.0001949376163309638,2.1286822050831153e-05,-0.0004905105185584272,0.0002245961005655413,0.0,0.00019757041264817073,4.054148224119692e-06,0.00027315811478676247,0.00039466897454135217,0.0,-0.0007367849826021812,0.00015175338562765326,-7.569111282147345e-05,0.0,-0.0005527947019168119,4.599907051627342e-05,0.00011392650892474635,0.0006492059628335885,-2.8868093251363522e-05,-9.444629562506879e-05,0.0001267300216583631,-0.0009231311454204445,3.144528434363921e-05,0.0,-0.0004790411540941291,-0.0001242314101616173,-4.8468918313304635e-05,3.0419513261564172e-05,-4.7438968882527175e-06,0.0007842767112327175,-0.0007278032923447428,-0.0007041725619275728,-8.536532008668332e-05,0.00020823042384429647,0.0,4.579671746803997e-05,-0.00017339744704500601,-9.363022248271531e-05,-0.00015866414345299648,2.2526399281356483e-05,-7.458706520584296e-06,0.00016584344581007887,-0.00021453439483080428,0.000571691946596385,0.0003100935656359899,-3.5434540883644785e-05,-0.00017414740005201374,-2.0872419758901587e-05,-0.0005599328230589997,-0.00021510819925973001,9.359943000184638e-05,0.0,0.0,0.0,0.0,0.0,0.00019474903115825772,-2.7160694897544777e-05,2.4316632749611735e-06,-7.237109892930681e-07,0.0,0.0
2024-06-19,-0.001152012793881088,0.005591055710161459,0.00016409462673501685,-0.0002657679975776937,9.247015735366608e-05,-6.17237793767955e-05,0.007207448159434064,0.0014069469499435256,-0.0002075468819764894,0.00035299181092711965,-0.0012025720016846763,0.006800731133037692,5.698369115345217e-05,0.02469370980566386,0.0034719219455432116,2.816232507985475e-05,0.0008332840344292105,7.253945474933317e-05,0.0010744439923308557,-0.003306638516025126,-0.00012009771514279063,0.002434771042679873,-0.0001584892181345137,0.0001351807642446828,-0.0002994583214536706,0.0015789794344777943,0.000310711684600502,8.829114394068645e-05,2.291720451575455e-05,0.00044367834613318226,0.0009829385803969877,0.00039499624804267044,0.0001322880698608695,-0.001967030912985027,-0.00037272601583235136,6.708886031666221e-05,-0.00013462378637587238,-0.0003411895048463057,-5.0162358258665666e-05,-0.0006958605134221025,0.0,0.0009392521329271069,0.00020356071770153274,0.00027554877744874126,-9.496774020892302e-05,-0.00021660799547379775,6.710740305792468e-05,-0.00029919500830498944,-0.0001238270972295568,2.1286822050831153e-05,0.0006825377012161597,-9.244918618751377e-05,0.0,-0.00031032614888651475,-2.520183640607979e-07,0.00047009534969892093,0.0003968644704428372,0.0,-0.0005368374116526641,-3.2204338164741074e-05,5.694962749353334e-06,0.0,-0.00016790592410420167,-4.3500501463448274e-05,-0.0001542580926756144,-0.0005566699526673186,-9.53956794573397e-05,0.00012121512514614103,-0.00025991388381820717,-0.0009145069447628317,2.64416849138639e-05,0.0,0.00011316798627286864,1.728278437515071e-05,-4.8468918313304635e-05,3.0419513261564172e-05,1.9256668696954234e-06,-0.00015971960286245693,-0.00011898846743556648,-0.0003204807238208264,-0.00031466190404296163,0.00020823042384429647,0.0,-0.0005701759178500252,-0.00011685568568073438,9.638754827670438e-05,-7.091344071581066e-05,2.2526399281356483e-05,-3.633527050395722e-06,0.00012178445223391716,-0.00022700657859296762,0.0003246336877587615,0.00021037190859445355,0.0011094930589134568,-0.00011074795518574261,-0.0003606502496749799,-0.00023903130018966044,-0.0003043362381656396,0.00042644339838641997,0.0,0.0,0.0,0.0,0.0,-0.00023533367907851378,-2.7160694897544777e-05,2.194571040065355e-05,1.3153173297823588e-05,0.0,0.0
2024-06-26,0.000424580655949457,-0.00017769816197663708,-0.00013772567622797916,-0.0005826570461458742,0.00010403168022223698,-0.00011363947792237481,0.010376053444033976,0.0012341411849509537,1.572463963292053e-05,0.000314723108489158,-0.0012308848542436567,0.00824159003980988,-0.00015562752325078513,0.0037502264928969105,-0.001828930362054701,-8.596083395473651e-05,-0.00025631937349163884,1.4550975154121373e-05,-0.00014524338577178445,-0.003302595733192373,0.00046264905214551033,0.0027044469933078744,0.00014970356081502428,8.17392884572931e-05,0.0002500542211370655,0.0004992491058379986,-0.0004705638579554427,0.00015407208785658548,-0.0005174714178331917,0.0004381587879198924,-0.00028862173575670423,0.0006261676459521908,-0.0010392346615542996,0.0010143577988979157,-1.0226103369991345e-05,-8.431785279833758e-05,-0.0001213571819716531,0.00041280986445945523,-0.00017209970716323736,-4.226159476817249e-05,0.0,0.0005780131259695816,0.00013446337712892068,-4.923907484091773e-05,-0.0003415251468513328,4.392091880841234e-05,0.00011058048176483617,-0.0007461971600926233,-4.117368276744076e-05,2.1286822050831153e-05,0.00037367108763393777,-0.00018075032183333047,0.0,0.00022424473384418232,-6.58920994135984e-05,0.0003323990499487776,0.0002498421133005927,0.0,-0.0010812066880729547,0.00015175338562765326,3.1532784925515475e-06,0.0,-0.000473341713068152,-5.8186253182571006e-05,8.201884479630904e-05,-0.0012133290406217126,3.942336292167454e-05,-7.853204336929656e-05,-0.00025991388381820717,0.00014131149091380394,3.676831829070509e-05,0.0,-0.0005332978884259015,-0.00021986532780938394,0.0002939696704143244,1.274380832667843e-05,-0.00014758800917188876,-0.0003651656461327315,-0.00037164513633017,-0.0013456932580427183,0.00021676904215024725,0.00020823042384429647,0.0,-0.0001820754937566912,-0.000458085279681961,5.8047360323570855e-05,-0.0003483879265265635,2.005975928076438e-05,-3.633527050395722e-06,4.583198610911356e-05,-0.000456307835052948,4.5611005776727405e-05,-3.829065521257292e-05,0.0002242017041410054,-0.00011390263452877831,-5.764618862941413e-05,-0.0005041769557771753,-0.00022718052463887195,0.0008874570043670026,0.0,0.0,0.0,0.0,0.0,0.00019474903115825772,-2.7160694897544777e-05,1.8121766159117918e-05,2.1348821144170404e-05,0.0,0.0
2024-07-03,-0.0007424127660077026,-7.936786047167899e-05,-0.00014132722156066853,0.0006711900926220903,-5.4812520408480445e-05,-0.00011363947792237481,-0.006666540430571033,0.0009012873821447571,0.00012310476095728204,0.0005305070433775719,-0.0009734845886221724,0.007361786187302149,-5.828291627658081e-05,0.031964571053652344,0.0014728208101099304,0.0007325835578453286,0.0011169864309679442,1.4550975154121373e-05,0.0011599241139284336,-0.004152764135195348,0.00014311055078597537,0.0032058223218662737,0.00014970356081502428,0.00015045049615821586,0.00030100209576860526,0.0007412775510736289,-0.00036940447066579436,-0.00012018396670588683,-0.00015254094688441782,-5.880917307877983e-05,-6.641982467616353e-05,0.0004045536446300129,-0.0007906028554980855,0.000523587165876151,-0.0005560651771401703,6.708886031666221e-05,0.0008055659091980048,0.00019639185192701827,-0.00017214159825822037,-0.00010857771004075488,0.0,-0.00041201514753053255,0.00023996129113221774,0.0004219578540139521,-0.00021266077004265067,-0.0002577968271082866,-2.5426115951452734e-05,-0.0006142339781826607,7.66292537878045e-05,2.1286822050831153e-05,0.000413227617672411,-5.0220055570681334e-05,0.0,-0.00045343649525485404,-5.486155831950668e-05,0.00018368873031412373,0.0007426486510934852,0.0,-0.0003807581109492545,-0.00010699374733658882,5.694962749353334e-06,0.0,-0.000789081882659321,-3.8768774400065726e-06,6.0103033174456675e-05,0.0010543760860105352,-2.044490566750625e-05,-6.283679321860593e-05,6.203239046475316e-05,0.00012265179935898275,-5.1883677943464304e-05,0.0,0.0005515650753618157,-0.00013185963300984909,9.124621941936022e-05,1.274380832667843e-05,7.139884806052713e-05,0.00015629021767765873,-0.00025601006307709887,-0.0005347316454848615,-5.0500501138070116e-05,9.24471715982638e-05,0.0,-1.924185750548545e-05,-0.0013869166061618937,-0.00019283821998797727,-0.00016171445736707962,2.005975928076438e-05,-3.633527050395722e-06,0.0002695398656120785,-0.00016419613312986144,0.00011686400283979288,-0.0005243807046402106,0.0005594021401194017,-8.360059180055372e-05,-0.0007493744009792276,-9.567220618623466e-05,0.0010006797671292418,0.00013620223965460268,0.0,0.0,0.0,0.0,0.0,3.6483594699292306e-06,0.00019227850531361494,2.9073529563478187e-05,9.642752331475597e-05,0.0,0.0
2024-07-10,9.547841583050685e-05,-8.255807597005351e-06,-0.0001193048793655562,5.80283471970994e-05,0.0003368537799115667,-6.405489021582354e-05,0.008152324935637851,-0.0008762026420772736,-0.00010419249056040403,0.000262609202634304,-0.002256695763061966,-0.0004416554275724504,0.00019296477595916964,0.022907111669063694,-0.002102090930951808,0.0002829970623283899,-0.0002130997612892666,2.7607500374418137e-05,-0.0001501876490264228,-0.003950808934827373,8.34489363343803e-05,0.0031973209548165618,5.8986997518403945e-05,-0.0002829222845728108,-0.00045839171197780256,0.0010175943382912166,0.00022377639311392845,-0.0004760776348564274,0.00024671218687762585,0.00023431397772584467,-0.0007493187363078911,0.0005811533186024147,-0.000890956474358866,0.0007705934385287161,-0.00010159668534842473,-8.431785279833758e-05,5.719380405006194e-05,-0.0002345146125724156,-0.0019177986651533433,-0.0001430551958034362,0.0,5.899559730942482e-05,0.0001787926206327759,0.0004219578540139521,0.000494203255155933,-6.697283599200217e-05,8.239678401156781e-05,-0.0007389772328069876,-8.646927447257341e-05,2.1286822050831153e-05,-0.0006024946390959512,0.0004245490939055259,0.0,-0.0001199576863794401,-6.966964626622111e-05,0.00031527832258359644,0.0004878747017974633,0.0,0.00019101980758396263,0.00010313217278604604,5.694962749353334e-06,0.0,-0.0013411265911552118,-5.157017708975559e-05,0.00011096965066399634,-0.0007391815052998302,-8.788562630443003e-05,-4.238339142319732e-05,-0.00022361708935720608,0.0004989101172347595,-8.469821709437523e-06,0.0,0.00020045551191047106,-0.0002029583949599348,-8.171787983123501e-06,1.274380832667843e-05,7.385029218128327e-05,0.0002302253900283889,0.0008359270796190512,0.00016740609935618755,-4.0225471862966596e-05,0.00020823042384429647,0.0,-0.0005233942242148526,-0.0006603642221106287,-0.0005227713812906885,-0.0005279619750656974,2.005975928076438e-05,-3.633527050395722e-06,7.757749959605388e-05,6.765126321262152e-05,-1.5753580837537894e-05,0.0003673807409020918,3.083131863833182e-05,-0.0001799746579227613,-0.0006564784821178524,-0.0006043350534599043,0.0001071844551005277,0.00013235435389069778,0.0,0.0,0.0,0.0,0.0,-9.746483405566684e-06,0.00019227850531361494,2.9073529563478187e-05,3.108500319170205e-05,0.0,0.0
2024-07-17,3.818738926762594e-05,0.0003138346718572119,-0.00019014362311101476,-5.321349518517835e-05,0.00020714925549044334,-0.0002562520453387707,-0.0069966724690224205,-0.0015736051207209864,-8.390734463429759e-05,0.000262609202634304,-0.001139051033802796,0.00648918342777308,-9.064489451380216e-05,0.02813429883104919,-0.002064337768252468,0.00043107246322019414,-0.00034278064478907683,2.7607500374418137e-05,-0.0009125112045352932,-0.003560104896905363,-7.8787335153543e-05,0.002963911181145787,5.8986997518403945e-05,0.00022289329474830586,-0.00030498262982992354,0.0005925943344628789,0.00016534908670591018,7.485494004143384e-05,0.00011824887654023883,-6.375703261685712e-05,-0.0004409333710493485,0.0005811533186024147,-0.0004696176502975738,0.0007653311848677513,-0.00017826895018724045,-8.431785279833758e-05,0.0005844506114037822,0.00015419912477738476,-0.00019928242394326147,-0.0001430551958034362,0.0,1.6565793312272415e-05,0.00025532405684886066,0.0004219578540139521,0.00041759035361383593,-0.00029268434089630937,-4.3372974285902116e-05,-0.000603717672729537,7.66292537878045e-05,-5.474688537364563e-05,-0.00018107979999128183,0.0004245490939055259,0.0,-0.00014970919126911766,-7.117649014674337e-05,0.0001770087484789271,0.0008304406666302046,0.0,0.0005425868814686165,3.429933983266001e-05,5.694962749353334e-06,0.0,-0.0015712102638774212,9.072273644546906e-06,0.0001909555080210472,0.002220594131819993,8.050457773593899e-05,0.0002432756073704674,-0.0002534320522209531,0.00028468399817793867,-6.852873178052983e-06,0.0,0.000420035380658221,-0.0002029583949599348,6.449192515637207e-05,1.274380832667843e-05,-7.87609327889289e-05,0.00021071370233793614,0.0006134096289011567,0.000827073700548036,0.0001384068052045394,9.24471715982638e-05,0.0,-0.0007824855874402263,-0.00036318193458079824,-0.00031678682871979266,-0.00017921948365999383,1.4233271459894217e-05,-3.633527050395722e-06,0.00011217023266520314,0.00011575884998686926,7.950705128636302e-05,-5.3310014555390194e-05,0.00024889575722798356,-0.00014828713123060192,-0.000666570179781618,-0.0006187329429433696,-0.0004698187356038796,-0.00017619705477341148,0.0,0.0,0.0,0.0,0.0,-9.746483405566684e-06,0.00019227850531361494,2.9073529563478187e-05,2.9547017119926265e-05,0.0,0.0
2024-07-24,0.00045462285666654327,-3.212961130366479e-05,-9.455492966893877e-05,-0.0006052455294764027,-0.00021529811239671287,-0.0004996369874343297,0.01056242847534712,-0.001170995129395966,-4.417668939346048e-05,0.000262609202634304,-0.0019874191530432003,-0.00021526040269451922,0.0006859593659891113,0.008057555126892827,-0.001492322694177198,-6.405248806187245e-05,-0.00039191497143439315,-6.746473320420098e-05,-0.00021902405428723308,-0.002991291737899973,7.793247456065633e-05,0.002470851710766738,5.8986997518403945e-05,0.000220589331517501,-0.00016707550559652765,0.0007370379134500728,-9.327250603911732e-05,0.001269001645871253,-0.0003123996662582303,0.0001439594401892549,-0.000605415637290993,0.00012080053320424333,-0.0012451293352116503,0.001198525677696311,0.00016646747093490628,-8.431785279833758e-05,-0.0001174249118962858,1.3632042702869694e-05,-0.0005745291697098307,0.0003017524658018619,0.0,5.163517591227436e-06,0.00018364260803838473,0.00010208553565485598,0.00028630761904175527,-8.212873180682038e-06,4.3506286744517636e-05,-0.0007298437270102158,-0.00015727623807193665,-5.474688537364563e-05,-0.0007366512699954482,0.00020270736985352367,0.0,-0.000564325174098564,-6.770324718534493e-05,0.00031527832258359644,0.001149206062832366,0.0,0.0002720108814400153,-0.0003452953863696946,-4.952958115170492e-05,0.0,-0.00166895567098699,-0.0002924709326021042,0.00014521184561901387,0.0013962517460803174,9.573680213641663e-05,0.00023693779388662975,-0.0001608769024952561,2.5799525697162073e-05,3.713975609390515e-05,0.0,0.00011362949546574018,-0.0002029583949599348,-8.171787983123501e-06,1.274380832667843e-05,0.0001624285216149384,0.0006414122873185271,0.0011639552605344629,0.0019832578667490185,1.8789326157475505e-05,0.00020823042384429647,0.0,-0.0005319117106716325,-0.00029535783390173895,-4.0911048638548554e-05,0.0012515419102903742,0.0001365202489226275,-3.633527050395722e-06,7.757749959605388e-05,-0.0001684588680809224,5.2011572712438394e-05,0.0003991443019412312,-0.00021438466269598508,-0.00018233159732967787,-0.0005090741845302593,-0.0006187329429433696,-0.000248185791287395,0.00032053646914348037,0.0,0.0,0.0,0.0,0.0,-9.746483405566684e-06,-0.00011208138429859461,4.7477068885594026e-05,9.776770860923714e-06,0.0,0.0
2024-07-31,0.00033300655667629203,0.0002487452258881238,-0.0005687544976824377,-0.0009245227687452041,0.00020714925549044334,-0.0004157800635797788,-0.013662568123110326,-0.0014795423492670364,0.00046336728640627425,2.5420144464302267e-05,-0.001521138930244951,-0.00023168509026134343,0.0012246190043742286,-0.005238293023302675,-0.0015571525279470977,-0.00011180606419275339,-0.00025652253678505675,-0.00035751954499089474,-0.0003142654030431834,-0.004169833234253579,-5.1822787715320766e-05,0.0035184884669595307,0.0003804946668375188,7.789968064498212e-05,0.0005903282782603778,-0.0008042755757161761,-0.00013966137258533576,-0.0006077464223351359,-0.00012687419775159547,-0.00013342077855630653,-0.0004135326464476694,0.00011087728216094129,-0.0012872917242037838,0.0009499574293639378,-0.00012838793307431743,-8.431785279833758e-05,-4.2302543695744055e-05,-4.764035628661482e-05,-0.0019449813819333672,0.0002892385205225962,0.0,-0.0008121847006962042,0.00037537597400463547,0.00010208553565485598,-0.00017163794294789352,-4.962140580722394e-05,-0.00013146798809683978,-0.0005219836406219572,-0.00011607703815497669,-5.474688537364563e-05,-0.0002579367169746893,0.000520874952404935,0.0,-0.0006269373040423904,-7.06015375638554e-05,-0.00048797966085964325,0.0014644891636584735,0.0,0.0006015162421995539,-2.269214282140454e-05,0.00010114712141644645,0.0,-0.0011249693639976512,-0.00011298761535098595,-0.0014273060816681032,0.0020340144628210968,8.050457773593899e-05,0.00010877915119352596,0.00017441132480193168,0.0004392665207933421,-0.00014504701163556185,0.0,6.093447278180633e-05,-0.00021832416321339407,0.0001262391599529082,1.274380832667843e-05,-7.87609327889289e-05,0.0007396056755545914,0.0013468355381559913,0.0017154442000143167,0.00035073878480656377,9.24471715982638e-05,0.0,-0.00021651875620041337,-0.0009135032598900229,0.00026150830498930966,0.0004668476089887173,1.4233271459894217e-05,-7.458706520584296e-06,0.00011217023266520314,-0.00016961255372482538,0.0005041376619335421,0.0004548413483565242,-0.00019579030026787214,-5.573992971594452e-05,-2.0581243590771413e-05,-5.544103002558766e-05,7.712978182276327e-05,0.0006435852074814541,0.0,0.0,0.0,0.0,0.0,3.414652442575124e-05,-0.00011208138429859461,5.454338044842253e-05,2.0285362645729164e-05,0.0,0.0
2024-08-07,-0.00042543689197168885,0.00021661343293685815,0.0001363518605800657,-0.00034510813506703487,-0.0001915211016349322,-0.0004753054026582472,-0.010515336160237681,-0.0009456448179409136,-0.00040986890937322687,0.0002808959033107572,-0.0007459238811714935,0.0073833223995623835,-0.00033272287261852055,0.008230361366610602,0.0011545096335232859,0.0005965226499304636,0.0018041067676956336,-0.0003276471530275094,-0.001135859128696961,-0.0036255014986543805,-0.00016136753823531872,0.003356123368328252,0.00018650361128711197,-1.5799587189006273e-05,4.802657445197292e-05,0.0002038804024312605,-0.00011955276722296064,0.00030657248623286866,-5.3151798159080054e-05,-6.375703261685712e-05,-0.0009463942223247903,0.00024648683745679307,-0.001070117005831652,0.00039426735028687797,3.4880599729490514e-05,-8.431785279833758e-05,0.0002665101680977072,0.0003494564342973775,-0.00017305864105043295,0.00019079921409181146,0.0,0.0003044216964539084,-0.000713657596491548,0.0003277609617050931,-0.00017779777606819852,5.394330550920357e-05,-8.257344267505073e-05,-0.0005230756403750163,-3.06816055931421e-05,2.1286822050831153e-05,-0.0014358753051028769,-8.352815145936866e-05,0.0,-0.0005569103164188272,-0.00012431826706169058,0.00014601799603556595,0.0010255523474122915,0.0,0.0005582132852647269,-0.00029696377013380744,1.2682116876036475e-06,0.0,-0.001009354722637184,-0.00024728738957414693,0.00023374073769854962,-0.0009961778414871135,0.00015929344589189857,0.00022321635043469728,2.6015628181007016e-05,0.000374675676314829,5.4912632571050505e-05,0.0,9.118066141667087e-05,-0.0002029583949599348,0.0002665992316594892,1.274380832667843e-05,-5.528311011256336e-05,-0.0006623953193835201,0.000716324225153204,0.0004119223326839294,0.00023451425663641469,9.24471715982638e-05,0.0,0.00023441864146251005,-0.0008446896232422504,-7.642246786786301e-06,0.0002326930443329298,1.4233271459894217e-05,-3.633527050395722e-06,0.00011217023266520314,-1.8537709350616713e-05,0.00047652833254994026,0.00017728159488414978,0.00035929083824659124,-8.360059180055372e-05,-0.0005848713108529881,-5.439144529799985e-05,-0.0005438356983367186,0.0004106650674508194,0.0,0.0,0.0,0.0,0.0,3.6483594699292306e-06,-3.774385509775926e-06,-0.0005899775651837708,2.9547017119926265e-05,0.0,0.0
2024-08-14,-0.0005947014925626999,0.0002732926046999354,-3.611081763765335e-05,-0.0003943147075426946,-6.181657721380883e-05,-0.0004996369874343297,0.008875477890420293,-0.00042745630177939346,-0.00012304761702547899,-0.0002817109837604133,-0.0005402472240321246,0.007353274786033237,-4.23948407833694e-05,0.015539798912776634,0.00041480240174621857,0.0004994558519324689,-0.00022867622887773177,-0.0003276471530275094,-0.0011361108086578018,-0.003847578404564296,4.87783375475729e-05,0.002160226333787376,-0.00011927891853892669,0.00019318223060471032,0.0001675229984406885,0.0010132107404197867,-0.00021776907341278983,-0.0001161087025909236,-0.0001789592172476828,-5.1904223061102734e-05,-0.0007128715547943793,7.578620585446734e-05,-0.0009899531290413588,0.0009961131057176444,-9.921828781826923e-05,-8.431785279833758e-05,0.00013317971163158998,0.0004203446140030378,-0.00017275769240600417,0.0001384958588012127,0.0,1.2798873025556153e-05,-0.0006560863580888868,0.0004908013294497517,0.0003501597178796022,0.00017348922019788895,0.0001554535825033094,-0.000603717672729537,3.7276280019362322e-06,2.1286822050831153e-05,-0.0008740595863794657,-0.00016553589011793397,0.0,-0.00036598387733823094,-7.117649014674337e-05,0.00019076804005711004,0.0007633555184462894,0.0,0.0003776154487075833,-0.0004487418639871487,-8.051487098966034e-06,0.0,-0.0011123526344481763,-0.0003079298403084494,0.0002578529807498743,-0.00038964086487420325,-0.0001352586264158346,0.0002431312890178041,0.00015257391164100664,0.0006608203003004931,5.3813011003924925e-05,0.0,0.00022731861951861017,-0.0002029583949599348,0.0002665992316594892,1.274380832667843e-05,0.00019376681051251534,-0.0005160908323991308,-0.00025870124111083466,0.0010601057067351049,0.00018683094293502804,0.00020823042384429647,0.0,-0.0008834816869460936,0.00038500338453685204,0.00012945473789095413,-0.0002733163798301897,1.4233271459894217e-05,-3.633527050395722e-06,0.00012178445223391716,-0.000445535061111319,0.0004892643585675051,-0.0004970268004178014,0.00016747522485399945,-0.00013222060858745946,-0.0008849473379090395,-0.0006043350534599043,-0.00020174700822761095,0.0008131864798334456,0.0,0.0,0.0,0.0,0.0,-9.746483405566684e-06,-3.774385509775926e-06,-0.0005899775651837708,2.9547017119926265e-05,0.0,0.0
2024-08-21,-0.0003894617587155882,4.681085351122585e-05,-0.00014909015193028213,-0.00012407241457379603,-0.00020236941985026232,3.390468523989573e-05,-0.0037646122446101855,9.693303919294991e-05,-1.7834612862538044e-06,-0.00034508635783392155,-0.00021512197429388703,0.007028326998474852,-0.0006669409167453812,-0.005812922024168284,-0.0016369373178357345,0.0004707341420517679,-0.0005125888439119103,-0.0003276471530275094,-0.0007024697484297295,-0.002895052536556042,0.00032291342109325795,0.002493539741405198,0.0003581397513854476,9.234324425599792e-05,-7.498897684698973e-05,0.0009535695014686591,-0.00015782358866959207,-4.5410045164657645e-05,0.0004937852350109278,-6.375703261685712e-05,-0.0015947036937408443,0.00011087728216094129,-4.504881782424957e-05,0.0005445937455206377,0.00014151029242275996,-8.431785279833758e-05,0.0005748619576951395,0.0002470160705364427,-0.0007604896873997175,0.00017828526881254577,0.0,0.00017831967397552288,-0.00010024639465518822,0.00033856051536909024,0.00014010886036953918,-0.00010973115787093785,-0.00010226611961474264,-0.0004996008765405116,-6.23840314620504e-05,2.1286822050831153e-05,-0.0004841568852593218,-0.0001637965988648998,0.0,0.0003725958412506056,-6.032603840770239e-05,0.00013443490384288466,0.0005697038322707198,0.0,0.0003026688236503884,-2.269214282140454e-05,0.00014451729584619345,0.0,-0.0011398287688894643,0.00010394311855183063,-0.0004494695810979149,-0.0004591352275508205,0.0002646561469927884,0.00010263962082600052,-0.0001044003061779931,0.0003989952036534925,2.0911028398419013e-05,0.0,0.00011362949546574018,-0.00021832416321339407,-0.0007349366243769881,-1.8363918148779682e-05,0.00010397755971062133,-0.0004211870350979295,-0.00043948887624002724,-0.00015253527550278864,0.0003515045377600073,0.00020823042384429647,0.0,-0.00021963446231496405,-0.0011778119581127905,-8.375726945058837e-05,-2.30963537532585e-05,2.005975928076438e-05,-7.458706520584296e-06,0.00013530481207700332,1.4765838616392988e-05,0.0004442720353740676,-0.000334176560707701,0.00021876643179268018,-0.0002233840298494334,-0.00018077377855872442,-0.00047344053993384806,-0.000410895661687399,0.0001617830660203846,0.0,0.0,0.0,0.0,0.0,4.067982901201433e-05,-3.774385509775926e-06,-0.0001960171039544589,2.9547017119926265e-05,0.0,0.0
2024-08-28,-0.0007829776842929777,6.61388539524849e-05,-0.00023546639413420825,-0.00016688659568635692,-7.266489542913894e-05,3.390468523989573e-05,0.0002976022316913039,0.000571987761828065,-1.7834612862538044e-06,-0.00034508635783392155,-0.0009526379829210573,0.005954628565897976,0.0005771302079292817,-0.005328248653206583,-0.0016614828841258673,0.0004707341420517679,-0.00036980078186748047,-0.0003276471530275094,-0.0006256990316077903,-0.002827408716578752,0.0006981174380186252,0.0027310487656183415,0.00036342286918308376,-0.0001882003022051207,-7.498897684698973e-05,0.0006723396317881633,-0.00023593128949704617,0.0001274254377464842,0.0005157593383872019,-1.1370507388242835e-05,-0.0017715475697934189,0.00012080053320424333,-0.0002187783876860576,0.0006064408705011874,0.00014151029242275996,-8.431785279833758e-05,0.0003586077704765406,-0.00081256581140076,-0.0007604896873997175,0.00019079921409181146,0.0,-0.0006096805561821993,-0.000158313730672423,0.00033856051536909024,0.0002008991324232966,-0.00010973115787093785,-0.0001762967801950747,-0.0005581868637349196,-6.23840314620504e-05,2.1286822050831153e-05,-0.00037784064680776506,-0.0001637965988648998,0.0,-3.331712123988357e-05,-6.032603840770239e-05,0.00013443490384288466,0.00019447677013777973,0.0,7.876803015841773e-05,-0.00029696377013380744,0.00014451729584619345,0.0,-0.0012046752940395198,0.00010394311855183063,9.651028339146899e-05,-0.0012398489663359303,-0.000380699555506986,-2.568542273229552e-05,-0.0001044003061779931,0.00042893632599548775,-7.992954375919934e-07,0.0,0.0001438756841006047,-0.00021832416321339407,-0.0007349366243769881,-1.8363918148779682e-05,9.306454867220813e-05,0.00019760881703990095,-0.00043948887624002724,-0.0006970670596545417,0.0003732892730151317,0.00020823042384429647,0.0,-0.00021963446231496405,-0.0014290136002744205,8.27455043355813e-06,-0.0002507089636118301,2.005975928076438e-05,-7.458706520584296e-06,0.00013530481207700332,1.4765838616392988e-05,0.0004442720353740676,-0.000234323662157089,0.00035205956457386606,-0.0002233840298494334,-0.0005308223279877764,-0.00047344053993384806,-0.0004890138216301948,0.00027157411237509926,0.0,0.0,0.0,0.0,0.0,4.067982901201433e-05,-3.774385509775926e-06,-2.6302491090830036e-05,2.9547017119926265e-05,0.0,0.0
2024-09-04,0.0005896260138884462,6.866477156318034e-05,5.250764311106364e-05,-0.0004660819656409286,8.270888786562669e-05,-0.00015829246988305148,0.007208250748914856,0.0011634314155860755,-0.00028340936542459925,2.2719331630368116e-05,-0.0008132584278467918,-0.0007149293672948573,1.3655876775587548e-06,0.020301567132836103,0.0017152983287897106,0.00026036713666623216,-0.00029236974444640454,2.7607500374418137e-05,0.0003593248509564611,-0.003964959645948955,0.0004866824974661899,0.002358396326419948,-0.0002400434940007939,0.0001235919279022808,-0.0003821998631724484,0.0007228887393356154,-0.00019640509374334197,-0.00010412311552302541,-8.18502342562984e-05,-0.00015727147747130677,-0.0006719950301881349,2.0220218899541173e-05,-5.448556683984351e-05,0.00108065057331442,4.382226146043727e-05,9.549619551263574e-05,0.0001412961155698487,0.0005027921908504668,-0.002583478286248441,-0.0002308466772215948,0.0,-0.00011190257993066102,-0.0005593311688109204,-0.0003553206196884513,0.0003816513022561768,0.00018220671152162045,7.499120689816502e-05,-0.0005295305809502536,-3.521255960510278e-05,2.1286822050831153e-05,0.00023327558925102579,-0.0003974191359971175,0.0,7.46617646867194e-05,7.118425048554912e-05,-0.00011385142741528344,0.0004076887703284257,0.0,0.00015231214208879634,-0.00030791662071824247,-0.00018887456156968827,0.0,-0.001137128007761202,0.0001487116744317603,0.0001409527966839996,-0.0005431229170246074,0.00015574729982412516,-0.00010552212722901206,0.00018581230201343855,0.00046011708276175227,1.8899186206405705e-05,0.0,0.00022731861951861017,0.0009719722490207007,-7.555857565532192e-05,1.274380832667843e-05,2.074592174902239e-05,0.0007726903039988241,0.0006092184426471428,-0.0004028460427822781,1.7956023701019126e-05,0.00020823042384429647,0.0,-0.0009130252900880801,-0.00022321558969126375,9.497802128483827e-05,-0.0002733779746091472,2.005975928076438e-05,-3.633527050395722e-06,-4.2594146728288305e-05,-0.0003493893752706456,0.0005633466463904243,0.0003764289315633585,-0.0003698518986255272,-3.684263955252406e-05,-3.283296894414744e-05,-0.0003949840774448966,-0.0003235542906683247,0.0003412282588616786,0.0,0.0,0.0,0.0,0.0,-9.746483405566684e-06,-2.7160694897544777e-05,2.4316632749611735e-06,-0.0002718275521089281,0.0,0.0
2024-09-11,0.0005696751878426139,4.919962629018921e-05,-0.00017012785104387345,-4.577065908428631e-05,0.00028029764658446375,-6.405489021582354e-05,0.005647162605027421,-4.1591667627699756e-05,-0.00036528422834728293,0.00011667918071860296,-0.0009313951869322399,-0.00047162911958122924,0.0003984849223731103,0.016449691761062205,-0.0021639450173681265,9.866769515968285e-05,-0.00031687256850470755,2.7607500374418137e-05,3.3705069534016366e-05,-0.0020251611221278358,0.00012657713653552104,0.002773413363682693,-0.00025018294368874856,0.0001235919279022808,-0.0003821998631724484,0.0009608416793768973,-0.00023593128949704617,3.876011104359137e-05,0.00020577625772038978,-0.0001495073900344826,-0.0007241798929586591,0.00014056214070018618,-9.650626317102683e-05,0.0010477313964077138,0.00027567655010495983,9.549619551263574e-05,2.6801923635537956e-05,0.0005027921908504668,-9.726813081628077e-05,-7.162962549396297e-05,0.0,-0.00015219312354653827,-0.0009307485613938438,-0.0003553206196884513,0.00046191641319593205,1.2723580757036042e-05,-6.910652336071703e-05,-0.0005295305809502536,-3.521255960510278e-05,2.1286822050831153e-05,-3.087358935175552e-06,-0.00047755514924538846,0.0,4.5443044515594775e-05,7.118425048554912e-05,-0.00010805200178345259,0.000981696049368535,0.0,7.876803015841773e-05,-3.8142488831958116e-05,-9.360770676310431e-05,0.0,-0.0012515754309325756,0.0001375325141379118,0.00014490819802439488,0.0009929146914073122,3.509699104945068e-05,-0.00010552212722901206,0.00016943035946913464,0.0005689420479721764,3.9455120302818266e-05,0.0,0.00022731861951861017,0.0009719722490207007,-7.555857565532192e-05,1.274380832667843e-05,-2.5750348265959913e-05,0.0009180083859537094,0.0012818379514612076,0.00038503670745018205,0.00024765558314327146,6.41155879631035e-05,0.0,-0.0008405339693989839,-0.00018992812262444043,-0.00026977709362691445,-0.0006400427337364302,2.005975928076438e-05,-3.633527050395722e-06,-4.2594146728288305e-05,4.319739018084442e-05,0.0005887114344439926,0.000442910330758971,-0.0004265101541181953,-2.8973550032925112e-05,-5.9104717956797416e-05,-0.0004937760561673788,-0.00032684132904432805,-0.000247344355264382,0.0,0.0,0.0,0.0,0.0,-9.746483405566684e-06,-3.774385509775926e-06,5.454338044842253e-05,-0.0002718275521089281,0.0,0.0
2024-09-18,0.000730977385450703,0.0002999353805091586,-0.00017672500320976213,-2.736065911323491e-05,0.00028029764658446375,-6.405489021582354e-05,0.008947011693947763,-0.0006523359103588185,-0.00019843963304732706,0.0001408518883329532,-0.0011709398854121286,-0.00031526014971315435,5.547627717167589e-05,0.002592114482426694,-0.001711730237508375,0.00010454188655940693,-0.0003914417679657102,2.7607500374418137e-05,-0.00017711888512143338,-0.002256249031456906,-3.0142673178678258e-05,0.0026751076174503026,-0.00025018294368874856,-0.0003455097324847145,4.539229838235707e-05,0.0014946520675031428,-0.00024737880796428833,-0.00015256928334914818,-0.00033779575036252716,0.00020913013860690335,-0.0014686363606778597,0.00039824402376055,-0.0003096441498752009,0.000785926552356179,0.0004902536893088448,-8.316556473419984e-05,0.0003333860510850777,0.00034135926046886654,2.849890344946408e-06,-0.0005608189374918107,0.0,-0.00010152334156184646,-0.0010392036721106313,-0.0005261044251377209,0.0001915696103053454,0.0001643082627810311,-0.00016999128130650422,-0.0004977127582828038,-0.00010601952320446601,2.1286822050831153e-05,0.0002948134006410187,-0.00038846013565817537,0.0,9.838328404845972e-05,3.5791323101412775e-05,-0.00011473198361864924,0.0005527355602314903,0.0,0.0002451419760462672,-3.317097199765598e-06,-9.360770676310431e-05,0.0,-0.0008933819487438781,0.00017716566918683666,-0.0012409346357553528,0.001318996276991222,4.613558175255755e-05,5.5144149971620625e-05,6.461861604242115e-05,0.0004803714082522408,4.488841134181282e-05,0.0,0.0001438756841006047,0.0008129243807135577,0.0002713775201220896,-4.000984701228534e-05,-6.420552371608436e-05,0.0009180083859537094,0.0012651332319969216,0.0017771754300453587,3.113117437075912e-05,6.41155879631035e-05,0.0,-0.0006916282873261377,-0.0011165996730438947,6.281324864807462e-05,-0.0008404188041045423,1.4233271459894217e-05,-3.633527050395722e-06,-4.2594146728288305e-05,-3.014532150717069e-06,0.0003368813249770443,0.0002509904985121414,-0.0003569408692563554,-2.8973550032925112e-05,-0.0001962498602913876,-0.0004937760561673788,-0.00046479152716954596,-0.00037355084495675723,0.0,0.0,0.0,0.0,0.0,-9.746483405566684e-06,-3.774385509775926e-06,4.7477068885594026e-05,-0.0002718275521089281,0.0,0.0
2024-09-25,0.0005887591867866067,0.00014344894872321654,0.00013934240635724476,-0.0003638169205856312,0.00015059312216334034,-0.0002562520453387707,-0.011294402376285081,-0.0005610390767353355,5.4010882505858246e-05,0.0001408518883329532,-0.0009556671421290712,-3.436925562384507e-05,-0.0005084759734112883,-0.0002726232409029521,-0.001999637226009819,0.00022558213838644677,-0.00031687256850470755,2.7607500374418137e-05,-0.0005502441961883609,-0.0020991418068412684,0.0001052433413837957,0.0029781511864825144,-0.00025018294368874856,0.00012429850889224156,-0.0005398901688834241,0.0015527111477108245,8.91262809425393e-05,-0.00011306835611471252,-0.00027572498043920544,-0.000161360199590237,-0.001265995615946311,-6.836085891884873e-05,-0.00015651682793583842,0.0008321241024572156,0.00026205929175549875,-8.316556473419984e-05,-0.0004040226523219473,0.00043299663603614096,-9.822706470347636e-05,-0.000803475780534967,0.0,-0.00023815794089578892,-0.001098956395858771,-0.0002488674371142446,-0.00013935110098789254,-6.806038113484205e-05,-0.00013027483825482603,-0.0002327446714026501,-0.00035660891570451825,2.1286822050831153e-05,0.0005602707273940013,-0.00038846013565817537,0.0,-2.4605584940140818e-05,3.5791323101412775e-05,-6.828931946256363e-05,0.0009056772288447547,0.0,0.0005425868814686165,-3.8142488831958116e-05,-9.360770676310431e-05,0.0,-0.0009787034088709849,0.0002517195801579099,0.0001277255294061653,-0.0015374966123733232,-7.336714981799627e-05,0.0002124781052069893,-1.2534543861397522e-05,0.0002011032422147977,4.0564320159658835e-05,0.0,9.118066141667087e-05,0.0008129243807135577,0.0001583271770698583,1.274380832667843e-05,5.925277398500443e-05,6.884795458717805e-05,0.0006024470563473939,0.0014273490383683515,6.922435429635797e-05,-0.0001870135090056062,0.0,-0.00026258217986207383,-0.0010217645291760375,-1.1770800769169632e-05,-0.00030673433078236094,1.4233271459894217e-05,-3.633527050395722e-06,-9.175598634904934e-05,-0.00015860153085400585,0.00048577667544879086,0.00021357869185325805,-0.00041326250598289476,2.5073823409196047e-05,-0.0003242284531028814,-0.0003949840774448966,-0.0003220100686794294,-0.00024734437566162917,0.0,0.0,0.0,0.0,0.0,-9.746483405566684e-06,-2.7160694897544777e-05,5.454338044842253e-05,-0.0002425509440740361,0.0,0.0
2024-10-02,-0.0008695695112606733,4.5884422555058675e-05,0.00029376308947415963,-9.145355089415757e-05,-0.00034764981784324837,-0.0002562520453387707,-0.009774418788297922,-0.0004897699848276867,-0.0003670895712249368,-0.0001556006627235478,-0.0010433823280447062,-0.0003356898820759236,6.964524454621166e-05,0.03040965146513964,0.005674360396197298,0.0005899594200510044,-0.0003423074413203938,2.7607500374418137e-05,-0.000613227032049602,-0.0022681189432202354,0.0005442682380871317,0.003923380611481472,7.57446392557794e-05,0.00012024574722435022,0.0001984289506122553,0.0014674169538670733,8.91262809425393e-05,-0.0002558456866923011,0.00011074755938065645,-8.948088870805832e-05,-0.0020628619252858775,-0.00011037086470527697,-0.00013190190386781634,0.0006386218118656331,0.0002668204733398065,-0.00010463044990302183,-0.0004073849306791474,0.0004650786222247855,-9.731002191126377e-05,0.0002917868286447042,0.0,0.0005066056410137022,0.0004707467177898762,3.6840084981722566e-05,0.00033684117147631524,9.7557516589372e-05,-0.0001777545457678598,-0.0005173680108242827,-1.3567648686705153e-05,2.1286822050831153e-05,0.0003813728304155442,-0.00037404426599845766,0.0,-9.335176159886083e-05,-0.00011925789560002655,7.092335860925336e-05,0.0005467807537831663,0.0,-0.00015696056739293183,-0.00030791662071824247,0.00014451729584619345,0.0,-0.001452280739409654,-0.00023379679539193475,-0.0003964576404153542,-0.0006749458594241934,4.920654966949424e-06,6.609355975907722e-05,-1.2534543861397522e-05,0.00028967388193473336,-4.9180372957684925e-05,0.0,0.0011177315993788949,-0.00032525307161261456,0.0004604686354673062,1.274380832667843e-05,0.0002052668760092814,-0.0001567877975227648,-0.0005738831666156431,-0.00032054210580581744,-0.000309675989922195,0.00015232880284530206,0.0,-0.0007953885950186719,-0.0004452535286616151,-0.00018581327777026147,-0.00022454489776424177,2.005975928076438e-05,-3.633527050395722e-06,-8.535269489750577e-05,-7.448260551181884e-05,0.0004186283019379926,-0.00015264790066679492,-0.000424987849718433,-8.370696274930503e-05,1.0982964731993386e-06,-0.00040420871650991296,-0.0005439498174132112,-4.315099314920108e-05,0.0,0.0,0.0,0.0,0.0,3.6483594699292306e-06,-2.7160694897544777e-05,2.9073529563478187e-05,1.7551760380846095e-05,0.0,0.0
2024-10-09,-0.0007702790191345706,-2.686467808671333e-05,-3.399582198567826e-05,-9.577334944773661e-05,8.270888786562669e-05,-6.405489021582354e-05,0.003045941896869017,0.00015094828660199748,0.00035074810323849865,-0.0001556006627235478,-0.002220359588117575,0.00014233160787534808,1.3655876775587548e-06,0.02565726387427563,-0.00010384052040957417,-0.0004156874083127271,-0.00027004040189515304,2.7607500374418137e-05,0.00011013171489031461,-0.001983339870413625,0.000837329769583575,0.0026126978555736898,-2.3573139861078583e-05,0.0001787386669936945,-0.00017996627311072107,0.001049571920643512,0.0003288055918716271,-8.501447816396346e-05,0.00017283514687714194,0.0001050160892549305,-0.0018781976175628508,7.578620585446734e-05,-0.00024171011321380055,0.0009091229806830321,0.000240116979992584,-0.0006785636815681692,-0.0001079109577776625,0.0004905376496803969,-9.689561348370187e-05,-9.152992465728466e-05,0.0,0.00046724688011349304,0.0002782957032210455,-0.00010884484665769236,0.0001821552804940693,0.00010192263500343344,0.00013181793411618181,-0.000569510437219109,-1.3567648686705153e-05,2.1286822050831153e-05,-0.0001181054624981917,-0.0003244751170614373,0.0,-0.0005197541473698293,-6.611611868507936e-05,-0.0003447476971459062,2.4830191271117208e-05,0.0,7.876803015841773e-05,-0.00030791662071824247,0.00014451729584619345,0.0,-0.0012515754309325756,-0.0002764721849478894,0.0001422539457935023,-0.0012222237745685078,8.230678003892285e-05,-0.00010402656513061511,1.5639057736398877e-05,0.0004952732267791402,1.6495361865317242e-05,0.0,0.0001457622112574906,-0.00032525307161261456,0.0004604686354673062,1.274380832667843e-05,5.323718166894254e-05,0.00024437696206070625,-0.0005614484813714298,-0.0002524272353426623,0.00010739580881124877,-0.0002491121287136416,0.0,-0.000752447718413249,-0.0007311570685220405,-0.00026977709362691445,-0.00048020405201558886,2.005975928076438e-05,-3.633527050395722e-06,-8.535269489750577e-05,0.00022624582972266622,0.00046250653557404107,-6.501119011754342e-05,-0.00030555830064517937,-0.0001376611833076119,-0.0001385404300175243,-0.0003093275768280066,-0.00039494453657393106,-4.524243441414802e-05,0.0,0.0,0.0,0.0,0.0,-9.746483405566684e-06,-2.7160694897544777e-05,1.652031108655024e-05,1.7551760380846095e-05,0.0,0.0
2024-10-16,0.0006066703152055589,3.11490107223997e-05,0.00026631138599780103,-0.0002627050782731774,0.00028029764658446375,-0.00017239512148421978,0.008205475234324239,5.181919070676973e-05,-0.0003588013814464473,-5.314403154544278e-06,-0.0021283978536422287,-0.0004911787437529441,3.315251423843159e-05,0.021127368439477264,-0.0021480981992075604,0.00018329204541643867,-0.00025594645513449493,1.4550975154121373e-05,-4.335725500269935e-05,-0.0002686128312032408,0.0004802991247302319,0.0003924096304841302,-0.00037548238565046545,-0.0002829222845728108,-0.0006605888963460535,-0.0006656477840699098,-1.8042006548571697e-05,-2.28622667517817e-05,-0.0001835054283832932,-7.762807915230393e-05,-0.004020693190358707,7.578620585446734e-05,-0.00021052596806378656,0.0012761945969088678,0.0008865711984796364,-0.0001227773405693257,-3.9364131741933156e-05,0.0005329262722078419,-0.00015555439664481557,-9.152992465728466e-05,0.0,0.00016299368133208895,0.00027126775086068396,-0.00031681196877764064,4.420980764443105e-05,0.0002690823401085897,0.00011087587389136973,-0.0006749897677346692,-8.964313179969107e-05,2.1286822050831153e-05,-0.00031314532272070186,-0.00040681079694506004,0.0,-0.0006140705253158982,-4.35697505316656e-05,-0.00028730443008376065,0.00010342348230307129,0.0,1.3258399041241037e-05,8.817473666331147e-05,4.636457472226491e-05,0.0,-0.001083121819511403,-0.00044761235505536966,0.0002393948844126111,0.0007491952841342103,-6.709240406510368e-05,-0.00013200445883756253,-9.791847458073901e-05,0.0006101419825603129,-1.349753656121133e-07,0.0,0.0004173399279317731,-0.0003518621109365242,0.0005400741707445295,1.274380832667843e-05,2.1898892771365583e-05,0.0005197184847664557,-0.000133774238942577,-0.0010761999980067204,-4.139401649759076e-05,-0.0002491121287136416,0.0,-0.0008760846720571671,-0.0007174899732971703,-0.0005038778254050834,-0.00021534255218841846,2.1607303345001446e-06,-2.401468612976795e-06,4.042485210512694e-05,-2.4572287136439816e-05,0.0005238169629463564,3.233218606428546e-06,-0.0004222344613981984,-0.00017181506081285738,-1.7356868025331898e-05,-0.0004937760561673788,-0.0002865438883652128,-0.00019538982181923216,0.0,0.0,0.0,0.0,0.0,1.9416854343844678e-05,-2.7160694897544777e-05,1.652031108655024e-05,6.847838105949933e-06,0.0,0.0
2024-10-23,0.0002563947231401464,-0.0002502311451976565,9.047914858460049e-05,-8.914711228180754e-05,-0.00027185424572381584,-0.00017239512148421978,0.006838601586269193,0.00022981978390168643,-0.00019843963304732706,0.0002510547219192848,-0.0010753982024146874,0.0002863026751262314,1.3655876775587548e-06,0.022736123636250292,-0.002092193982726946,0.00021741350186285055,-0.0003684290318067421,6.576044928877087e-05,-2.8179206555809338e-05,-0.0003714931192156498,0.00024246961389779231,0.0003743963534780845,-0.0006437660377170088,-0.0002829222845728108,0.00036263214112557747,-0.0011537645407910212,1.1018580115085244e-05,5.898401761883948e-05,-0.00010472564084091274,-8.518276907388645e-06,0.0017090873971440392,0.0005811533186024147,-9.149019491298585e-05,0.0017863739560664924,0.0010575618588020855,0.00021714012578324314,-9.322412998971456e-05,0.0005133371939622356,-1.7058674309833084e-05,-9.152992465728466e-05,0.0,0.00027400333790052867,0.0002897948194564515,-0.00031681196877764064,-0.00014658271794262495,0.0003655541541307814,0.0001670635988431872,-0.0005682680036237387,-0.00019970877147582907,2.1286822050831153e-05,-0.000280708754041391,-0.00021332907292367145,0.0,-0.00035259365021752983,5.601080377804353e-06,-0.00012731979142943927,0.0006115432882539641,0.0,0.00026720368917138243,-0.00030791662071824247,4.636457472226491e-05,0.0,-0.0005771115636410064,-0.00044761235505536966,0.00031938074176966194,0.000980271554112861,3.692597789303135e-05,0.00016343686900064682,-8.316132402411881e-05,0.0004150929478451358,3.61001429742076e-06,0.0,0.0004173399279317731,-0.0001056400181100581,0.000536689737519902,1.274380832667843e-05,-5.9891189518711454e-05,0.00027932166928989934,0.0008623278093354003,0.00034280628985714265,-2.109724709480536e-05,6.41155879631035e-05,0.0,0.00015157915652490983,-0.0001182804044492151,-0.0002577640721472635,-7.257727086262726e-05,2.005975928076438e-05,-3.633527050395722e-06,-0.00010988995426401513,3.3324034945970564e-06,0.0005931248648687893,-0.0002133092787211276,-0.0004001955278884907,-0.0001649196900870032,-3.283296894414744e-05,-0.0004937760561673788,-0.00043797243514326,-9.509583376619919e-05,0.0,0.0,0.0,0.0,0.0,1.9416854343844678e-05,-6.132839392264409e-05,2.821808282124291e-05,1.7551760380846095e-05,0.0,0.0
2024-10-30,0.0007083265954035516,0.00047765350491048455,0.00017555844126234156,-0.00019669158729122615,-0.00012709643974741949,-0.00017239512148421978,-0.01146135518376348,-0.0003575263319366526,-0.00015424766235240967,0.00024053905066731944,-0.0015588437546432462,-0.000272870934515215,0.00010478956595902933,0.018584711135230834,-0.00207270475375536,0.00016356366750646891,-0.0005346193872431471,0.0002946210885701195,-0.00036388681268410193,-0.0008802040848342953,-0.00022244561258778024,-0.0012167691943547753,-0.0005975990073243784,0.00012024574722435022,0.00038894406840879936,-0.0010005459405159603,8.91262809425393e-05,-6.714566990721906e-05,0.0001348463977350267,-8.948088870805832e-05,0.001388900779414656,0.0005811533186024147,0.00014558119197155087,0.0011593507313720412,0.0009234629712543259,6.447938332371317e-05,-0.00039969812934109554,7.806194918639857e-06,-0.00014813260173038499,-9.152992465728466e-05,0.0,0.00012636961307916527,0.00047644406577936115,-0.00031681196877764064,0.00022017416978654085,8.850839054159718e-05,-0.00010564108316671363,-0.0003785590372436204,-0.0002727602013319873,2.1286822050831153e-05,-3.011071218315385e-05,-2.2104404516096364e-05,0.0,0.0006238554414935901,-3.97173626999143e-05,9.21500441475179e-05,0.0008982385027587018,0.0,0.0003058464835287299,-3.8142488831958116e-05,4.636457472226491e-05,0.0,-0.0006283751001048012,-8.422143515113475e-05,0.00031938074176966194,-0.0003867540449156188,9.872586714284946e-05,0.0001584938767207949,-6.0126410084456105e-05,0.0003454960454227308,2.714318587083565e-07,0.0,0.0006923737086912565,0.00036770604016851964,0.00028577331404514364,1.274380832667843e-05,0.00017392858711170445,0.0008778886199157425,0.0009068708399673108,0.00101008343742878,0.00012886112284865835,-0.0001870135090056062,0.0,-0.0004487502371875176,-0.0006029465190515297,-6.379254105601866e-05,-6.623028625094591e-05,1.4233271459894217e-05,-3.633527050395722e-06,-0.00011058107330318967,-0.00026172424498120185,0.0005288903146844335,-0.0003575560538326825,-0.0004294875155682419,-4.719257533953401e-05,-0.0002026412015021029,-0.00040420871650991296,-0.0003634052483111114,-0.00041374849094268936,0.0,0.0,0.0,0.0,0.0,6.268710071539048e-06,-6.132839392264409e-05,4.7477068885594026e-05,2.740748466678438e-05,0.0,0.0
2024-11-06,-0.0005497778261435236,-0.00020441522740459434,-0.00019967328002695666,-0.00018621035228398738,0.00012630216824923677,-0.0004157800635797788,-0.006424260036785226,-0.0013484391718473622,-0.00028685818148312895,0.00022557817038792392,-0.0018694486725250401,-0.0006268179221061641,6.463970502626444e-05,0.027510369138961877,0.004232401604313915,0.0021705251885932885,0.0020903356724931497,2.9487870782737923e-05,0.00017717703446799407,-0.0008210637535425179,9.266815964190073e-05,0.002223013597569998,-0.0007733001497790507,-0.00038738262208637593,-6.1927275263338455e-06,-0.0009512843580127841,-1.5782271267260105e-06,-3.882997034446632e-05,0.00020179550672189497,-9.301895300760504e-05,0.001218503297393578,0.0004045536446300129,7.501171362245912e-05,0.001309822055451526,0.001349359383093869,-0.000821550428919744,-0.00045230270936722183,-2.104167910919423e-05,-0.00020939626829728046,0.00012794604302743262,0.0,-0.000346359243332469,0.0004840731433978935,-0.00032499794343062745,-0.0008283545034872768,-0.0004443601171604269,-0.00016745143052816126,-0.00014899304356740315,-0.0002727602013319873,2.1286822050831153e-05,0.0005307183897008122,-4.385214883940498e-05,0.0,-0.00021964234494528472,1.8066362345841966e-05,9.21500441475179e-05,0.0008065993694639507,0.0,-0.00020924590992178635,-0.00030791662071824247,4.636457472226491e-05,0.0,-0.0010254771150493601,-0.00011260852148122329,0.0002866804667306204,0.0011210261868382354,0.0001035829859212823,0.00016121828576746392,0.0003494067847138849,0.00032228668980355523,-0.00023662134751358617,0.0,0.000880154171833965,0.0003121204590209638,0.00028577331404514364,-0.00011505269084007857,0.00019740640978806997,0.00026021096677735476,0.0006048665952019855,0.0018121827261731813,-0.00012621553571060727,-0.0001870135090056062,0.0,0.00020786648704438634,-0.0012266854089624337,0.00010141002222232704,0.00024881624955498585,1.4233271459894217e-05,-3.633527050395722e-06,0.0001203257202303767,-0.0001832337219835952,0.000491694180519718,-0.0002147699693037918,0.00019649254895581612,0.00011934595689667717,-0.00017636945248945292,-7.401567906993508e-05,-0.0006083671022945644,-0.00045287813837875847,0.0,0.0,0.0,0.0,0.0,4.65702735873881e-06,-6.132839392264409e-05,2.9073529563478187e-05,2.740748466678438e-05,0.0,0.0
2024-11-13,0.0007428236142818711,-0.00012912277696266702,-8.835215850116252e-05,-0.00014966690958984248,0.0005315914862264073,-0.0004157800635797788,0.006735309579773574,-0.0006948039863680794,4.562652426832241e-05,1.0691031810935352e-05,-0.000994060747279367,0.005787217438382723,-4.9974088102217456e-05,0.02284693592679719,-0.0019197363186847372,0.0024890402900897422,-0.00023139183975796044,1.4550975154121373e-05,-0.00022564647728133474,-0.000814696544461237,-0.0006799586324569353,0.0008555720094344896,-0.0007733001497790507,0.00012126651596856379,-0.0001005161669235011,-0.0009084940975388393,-7.968592795418008e-05,-5.3630812128781474e-05,-0.0002574687125909326,5.59940384424663e-06,0.0017839345498268182,0.00070279658552637,7.908676983512133e-05,0.0010548507197067239,-0.0005715905793273975,-0.00048275617734420766,-0.00061499703333969,0.0003699687327556577,-0.00039428782575589763,0.00013094550946571426,0.0,-0.00025790202167413,0.00030162589100014294,-0.0003553206196884513,-0.0015004306223054197,-0.0006298728694759347,-0.00033759063818262076,-0.00042748978554708373,-0.00013815378830077342,2.1286822050831153e-05,-3.7495931218459344e-05,0.00030059934814798085,0.0,-0.0005312819134075913,3.7676454837798324e-06,-0.00021635914832195645,0.0005956736104520805,0.0,0.0003776154487075833,8.817473666331147e-05,4.636457472226491e-05,0.0,-0.0005225803448620538,-0.00026041403263714347,-0.0011421914944743088,-0.00045471885863503027,2.1339742070876027e-05,-4.211637211807241e-07,0.000120248190061109,0.000359462561205749,3.795091366276601e-05,0.0,0.0004403124611272653,0.0006529436782855634,0.00020429670776478962,-0.00011505269084007857,-5.9891189518711454e-05,-0.0002840622444339001,0.0006866174645586365,0.0013569083658721704,-0.00032633559082499334,6.41155879631035e-05,0.0,-0.00053195836840317,-0.0002817521126422229,0.00012945473789095413,-0.00014573975323543484,1.4233271459894217e-05,-3.633527050395722e-06,2.7252707238198482e-05,-0.00017471274922747224,0.00036579575672121095,0.0002703106617875351,0.000567876842210637,-7.093302728328308e-05,-0.00010708446873244151,-0.0005634786002679439,-0.000391533652083476,-0.0002762151630055519,0.0,0.0,0.0,0.0,0.0,4.65702735873881e-06,-6.132839392264409e-05,2.9073529563478187e-05,3.0359037950395944e-05,0.0,0.0
2024-11-20,0.0001681298239154782,-5.7755678590493617e-05,2.7667605795097786e-05,-0.00010676720716897512,0.00028029764658446375,-8.83888970992017e-05,0.007654470518484602,-0.00013930984449771877,4.562652426832241e-05,0.00014210907439313086,-0.0009662120271085522,0.005331582694277287,-4.9974088102217456e-05,0.02152786483409224,-0.0017504446652824956,0.00171396864417651,-0.00026622893801640215,6.576044928877087e-05,5.362454363699368e-05,-0.0005696821841492553,0.00015533453159020382,0.001525602828643038,-0.0005591446241001777,-0.0003403944355979415,0.0005878669015248607,-0.0009100347086265177,0.00033509213681159227,-0.00011589460735962455,-0.00015369640873337396,5.59940384424663e-06,-3.805666466818791e-05,0.00070279658552637,-5.080594216112353e-05,0.0009194006835268675,-0.0005735311847299701,-0.0005269750831223191,0.00014644611960422366,0.00015503772138223545,-0.0002838045767435493,0.00013094550946571426,0.0,-0.0002713961771808782,0.0002423494124670395,-0.0003614661291978442,-0.0011915731055993147,-0.0006274626491798036,-0.00031279366113979565,-0.0004365869940334865,-0.00012707808684199034,2.1286822050831153e-05,-0.00029416051859332883,-0.0003010793595428284,0.0,-0.0005220057895425908,-3.184814656088135e-05,-0.00047120598686155194,5.122284748683485e-05,0.0,-6.028571288913757e-05,8.817473666331147e-05,-6.373004566086891e-05,0.0,-8.48442147080379e-05,-0.00026041403263714347,-0.0004575996189575544,-0.0006771404971311408,-0.0002209457405621215,0.00011265197368184699,6.878603900451723e-05,0.0003717347406313178,3.752491567631267e-05,0.0,-0.00010708953437776916,0.00036770604016851964,0.0004731257979683663,5.163770592415178e-05,3.1906454933862834e-05,-7.452748160041244e-05,-0.00012898237560311014,-0.0011432455691607387,-0.00032633559082499334,6.41155879631035e-05,0.0,0.00015157915652490983,-0.0009846159513587547,0.00014146775937060507,-5.410956654102616e-05,2.005975928076438e-05,-3.633527050395722e-06,2.7252707238198482e-05,-0.0001647331048213811,0.0002732735537727094,0.00017809479842484626,0.0006640748966543377,-7.093302728328308e-05,-0.00013586217622754422,-0.00018787951840374694,-0.00024010510530542883,-0.00030910843980874253,0.0,0.0,0.0,0.0,0.0,4.067982901201433e-05,-6.132839392264409e-05,1.652031108655024e-05,2.1430981117056565e-05,0.0,0.0
2024-11-27,0.0013612833881266211,-0.0004795789220367441,9.138858266586247e-05,0.000706109561310511,0.00028029764658446375,5.2677370420110665e-05,0.009356066828188429,-0.0002815690913167224,5.363867148532342e-05,0.00027933139297881546,-0.0025443908763137773,0.00023963460631672558,0.0007832964404264402,0.00307529913571482,-0.0017038453204471036,8.874546059671149e-05,-0.0002735323094025828,0.0002946210885701195,-7.208446590533494e-05,-0.0005379871563162347,0.0005937250454300267,0.0024576781087567233,-0.00031857907719489396,0.00023910613688976244,0.0009833838847419652,-0.0008708354518464144,-3.189067290428029e-05,-0.00029813309989156725,-0.00013393026346654777,-7.762807915230393e-05,0.000371886342975819,0.0003059992612583789,-0.0003922660492717584,0.001265309526580649,0.0005748377231709023,-0.0005269750831223191,-6.05971106576682e-05,2.098246711788241e-05,-9.856009361163787e-05,-7.969729511435856e-06,0.0,0.00021769155351368508,0.00019909278026161066,-0.00025501294662363754,-0.0010553449503497509,-0.00039649851061364534,-0.00042267650107850516,3.1446611231246793e-06,-0.0002071200325456382,2.1286822050831153e-05,-0.0008340818506328331,-0.00010985469113525331,0.0,-6.93589757967642e-05,-2.5878376580826125e-05,-0.0003737347483214097,0.0001438852345123689,0.0,0.00021622865848856145,-3.317097199765598e-06,-6.373004566086891e-05,0.0,-0.0004521314605467252,0.0002207667333030718,8.36001082258887e-05,-0.0011475382389354877,-0.00040656274938740745,-0.00011833791685741275,6.878603900451723e-05,0.00015841701188932118,3.151866357241807e-05,0.0,0.00010000372816753735,0.00039685414523421114,0.0006592888510674882,5.163770592415178e-05,-4.98836273562142e-05,-0.00012666749902238652,-0.00026336694921400765,-0.0012518620661726289,-0.00038863775777706907,6.41155879631035e-05,0.0,-0.0003093312099636189,0.00012418932861331012,6.281324864807462e-05,-0.0004371451316955164,2.005975928076438e-05,-3.633527050395722e-06,2.7252707238198482e-05,-0.00012264390462057907,0.00015240379039067463,-8.193775400183444e-05,0.0001422764774076323,-6.0074181137303475e-05,1.785358554287552e-05,-0.00018787951840374694,-0.00036723284645953094,-0.0002041627782276996,0.0,0.0,0.0,0.0,0.0,4.067982901201433e-05,-6.132839392264409e-05,1.8121766159117918e-05,6.847838105949933e-06,0.0,0.0
2024-12-04,0.0009370138444349187,-0.0005012545092244337,8.658004367442614e-05,0.000939263531022423,-8.451330474299905e-05,-8.694851135445954e-05,-0.013387607843851351,-0.0006675941937790564,-0.00019329797162027782,3.992323929046855e-05,-0.0016206122846725711,-0.0003886901967831049,-0.0006033683091520728,-0.0074524127270633594,-0.0015062023369935649,0.001984018005933551,0.00152936011414427,0.0002946210885701195,-0.00031053652335374124,-0.0007406514242448582,0.00030475172478909075,0.0032431253555299773,-2.8551083461425222e-05,-9.5713959921194e-05,0.00024905212358152494,-0.0006855094996224321,-0.00019661305594861398,0.0003130615596011185,-0.0002924769061305618,-8.948088870805832e-05,0.0005248224546502177,0.0005181892646634555,-8.081830006808178e-05,0.001023814209955488,0.0011536040599233086,6.447938332371317e-05,3.8937358639830165e-05,-0.0001460963034143692,4.6525225915714425e-05,-0.0002545323594781435,0.0,0.00010628149453808939,0.00018817625894384905,0.00033856051536909024,0.0004142852193923182,0.0005969625615326843,0.0003984781207916555,-6.096113756137871e-05,-0.00037127886328327094,2.1286822050831153e-05,-0.0008675013908958107,-0.0005498322943444498,0.0,0.0002600020602924239,-0.00010305533124627361,-0.0003449612942948401,0.0004763153557805804,0.0,0.00013947253764088046,-0.00012125278076841968,-6.373004566086891e-05,0.0,-2.8500125676706633e-05,0.0005468135762787316,0.0002105336218776371,-0.000263052935334566,-0.0001481164592179005,-0.0002202564009848406,0.0003429249531166308,0.0005038958389264668,-2.532775617110459e-05,0.0,9.118066141667087e-05,0.0004361782583904145,0.000536689737519902,5.163770592415178e-05,0.00018393614927420172,0.001176645397558205,-0.000286566466691905,-0.00136761509316561,0.00028104566017700405,-0.0001870135090056062,0.0,3.0288094534819784e-05,0.0002621382906551439,-1.1770800769169632e-05,-0.00029850732092859234,2.005975928076438e-05,-7.458706520584296e-06,-0.0002003297392475017,0.00017243518033267633,0.00021513140433258632,6.340305803633208e-05,-0.00022286113111367418,-0.000124107964675427,-0.00010730241774821933,-0.00035358376216778725,-0.0003634052483111114,-0.0005227292694655353,0.0,0.0,0.0,0.0,0.0,3.6483594699292306e-06,-9.707471531627533e-06,2.4316632749611735e-06,1.7551760380846095e-05,0.0,0.0
2024-12-11,-0.0009484881331228631,-0.00020143353082673177,-9.683069839950983e-05,0.0008461938302326553,-2.202730203612796e-06,1.9802033638727415e-05,-0.011370331942664708,-0.00040818985779290934,8.65251572821125e-05,-0.00033952355531249634,-0.0018585483612067982,-0.00010303079083239342,-0.0006033683091520728,0.0011254924206750422,0.0007867086099022845,0.0020825764743060793,-0.0004210051180590161,-1.743726496136709e-05,-0.00011555358881642513,-0.0006185666064963851,-0.0003872728299649612,0.0028512362743934937,-0.00018997859190580583,-7.388856911812766e-05,-0.0005758769115689218,-0.00034735771672545813,0.00012037065343230532,-0.0002839748435246907,0.00041907563322392754,-9.301895300760504e-05,0.00046866209729869314,0.0005181892646634555,-8.081830006808178e-05,0.0001590676009425192,0.0004594029757662933,6.447938332371317e-05,-0.0008599328675373698,-0.0001460963034143692,-0.00020975676768673185,-0.0002545323594781435,0.0,0.00019870306178826,0.00018287070595093992,0.0003277609617050931,0.00047039579354423653,0.0005171193071774282,0.00041352934993531834,-0.00013286190022723793,-0.0003314281772692671,2.1286822050831153e-05,-0.0004953547299191271,-0.0004203030454151546,0.0,8.002869962011794e-05,-0.00010305533124627361,-0.00018177027515690674,0.00043626090814641907,0.0,0.00018076407546582066,-3.8142488831958116e-05,4.636457472226491e-05,0.0,0.0003366283381607643,0.00031537605569864136,0.00019494917534563307,-0.0012140027003378808,-0.00015462467777910093,-0.0002587254263411969,-0.00035293774388768675,7.298326926073961e-06,3.1018281091005744e-05,0.0,9.118066141667087e-05,0.0004361782583904145,0.00020429670776478962,-0.00011505269084007857,0.0002052668760092814,0.0007962272829747618,0.0009489581215408416,-0.0005889145830305078,0.00025428102565534425,-0.0001870135090056062,0.0,-8.922125639999053e-05,-0.0008671071015054243,0.0004628116070807208,-9.78325891054135e-05,2.005975928076438e-05,-3.633527050395722e-06,-0.00011058107330318967,0.00023594547734949155,0.00038038715394510416,0.0002872669767377261,-0.00027629083412470176,3.690646051480499e-05,-0.00018935982749932243,-0.00021034422255323602,-0.00033998857050099865,-0.0003849985917380845,0.0,0.0,0.0,0.0,0.0,3.6483594699292306e-06,-2.7160694897544777e-05,2.4316632749611735e-06,2.740748466678438e-05,0.0,0.0
2024-12-18,0.0007967299716395549,-8.713109882767086e-06,5.480390802307054e-05,0.0008512854728199865,-4.6778347986349336e-05,-2.3831193884828043e-06,0.012410141055118644,-0.000362748019261594,-0.0002675302239080143,-0.00011199407415184014,-0.002719436276669789,-0.0005173575216449919,0.00017879731326936847,-0.0027941615997989417,-0.001402358697770544,0.001713704269745289,-0.0002792638040631067,-1.743726496136709e-05,-4.880530361628936e-05,-0.0004364953271001079,0.00030231033568896645,0.0022141791864297745,-7.412557772919589e-05,2.473485628188158e-05,-0.0007502245078027777,0.0002265460833767557,-0.00029952668993350886,-0.00044946363726382004,-0.00020333952167302878,-7.762807915230393e-05,0.0002978859603070888,1.2822151915508094e-05,-0.00031594441364030606,0.0006224712885105495,-0.00013542529123543063,6.447938332371317e-05,6.577182650748915e-05,1.5168804261064808e-05,-0.00020971487659174885,-0.0002545323594781435,0.0,0.00010741272095692276,0.0002174302292719583,0.0003277609617050931,0.0004962856608940306,0.0006861520322877461,0.0004944888074714037,-5.793905968472631e-05,-0.00017171062829364638,2.1286822050831153e-05,-7.943540181775993e-05,-0.0005410202280301974,0.0,0.0005680800262047514,-4.318813719545654e-05,8.507438929998113e-05,-6.387269269088249e-05,0.0,-0.0005446770317690474,-3.317097199765598e-06,4.636457472226491e-05,0.0,0.00035651553120359095,0.00040629633181502484,0.0002720613828974248,0.0014031681537953868,5.7386835067177377e-05,-0.0001708794065690373,-0.0002534320522209531,0.00026679265589211136,1.4044478897899053e-05,0.0,0.0001438756841006047,0.0004361782583904145,0.00039164919168801235,-0.00011505269084007857,-5.9891189518711454e-05,0.0009455633698746026,0.0005515161848453135,-0.0008618574475482809,7.025536357810806e-05,6.41155879631035e-05,0.0,-0.00020588835516574053,-0.00047445861666458347,0.0004828569582834485,-0.00019801004650163486,2.005975928076438e-05,-7.458706520584296e-06,0.00018740765746240651,0.00024203553472316203,0.0004153349549360337,3.6140982178731762e-06,-0.000299247300115992,-3.922154432700908e-05,5.462735441338806e-05,-0.00050690892617001,-0.00041367162951931494,-0.00040938325682740936,0.0,0.0,0.0,0.0,0.0,-9.746483405566684e-06,-3.774385509775926e-06,2.1489449838857818e-05,6.847838105949933e-06,0.0,0.0
2024-12-25,0.0009025173301983724,-1.3659785179418871e-06,0.00014286561589095732,0.0004888091718678428,4.257884908458676e-05,-2.3831193884828043e-06,-0.012885506623040775,0.0011578352039579003,-0.00028685818148312895,-7.051587512018958e-06,-0.0018942965375511804,-0.00024423839652440096,-0.0005136946266053438,0.0018311364698230608,0.000810947272812465,0.0021001042857034633,-0.00044554916426345413,1.908435222756253e-05,-0.00035867718910681073,-0.0005451784574898522,0.000610095024744254,0.00325056227902361,-0.0005110367140324882,-9.5713959921194e-05,2.918327517185015e-05,0.0013139322501118707,8.551464483145469e-05,-5.541148477923702e-06,5.6127601072315056e-05,4.2476298226988004e-05,0.000904279571151138,0.0005181892646634555,-2.2899623693595205e-05,0.00023349948767187843,0.0010864810826624197,6.447938332371317e-05,-0.0008683239540657798,-0.0001460963034143692,-0.00012196032758459487,-0.0002545323594781435,0.0,0.00033313438475252814,0.0003308696964911262,0.0003277609617050931,0.00043569217512783335,0.0006244491481189333,0.0005039999238839224,-0.00013286190022723793,-0.0003314281772692671,-0.00014583424769157245,-0.0003182783437474391,-0.0008264415942197449,0.0,0.0001335761580317429,-0.00010101128512191314,-3.965947057440498e-05,-0.00032047890638416663,0.0,0.00042068213328404875,-3.8142488831958116e-05,0.0001172937132460209,0.0,0.0003515835368758367,0.0005468135762787316,0.0003126471790937605,0.0011508723673451908,0.0001437154555732665,0.00024096414162412785,-9.440008669457417e-05,0.00017780445088193972,3.1018281091005744e-05,0.0,9.118066141667087e-05,0.0004361782583904145,0.00020429670776478962,-0.00011505269084007857,-6.511877366942446e-05,0.00048724600900867634,0.0005993015861806444,0.0013401446554788302,0.00028104566017700405,-0.0001870135090056062,0.0,7.527341605836384e-05,-0.000441549694941879,5.467338295801516e-05,0.0012904553938694458,1.4233271459894217e-05,-3.633527050395722e-06,0.00033326355578634683,2.1726238092888397e-05,0.0004910205492006008,0.0003694449160606849,-0.00027901553414068743,6.375428183737645e-06,-0.00018935982749932243,-0.0001700198274437036,-0.0005181581169882303,0.00038998237303125566,0.0,0.0,0.0,0.0,0.0,3.6483594699292306e-06,-3.774385509775926e-06,3.132340411796933e-05,2.740748466678438e-05,0.0,0.0
2025-01-01,6.580637087324993e-05,-0.0009978551916810824,-0.003621589642525556,-0.0007330669242693404,2.9788888417079297e-05,9.168797569826539e-05,0.014657198702370066,-0.001161245724171432,4.5185596679614404e-05,-0.0005824799094928276,-0.0022514504639228362,-0.0008871759518573756,0.00025639404567128095,-0.022410405595288625,-0.0014157519877819225,-8.002716108238946e-05,-4.8070069808366314e-05,0.00016539134321094575,-0.0004334318753939599,-0.0015927613305537834,0.0004973553299039428,0.0022922241953899298,0.00016367324661714053,0.00024959545119314336,0.0014429888512795738,-0.0008664551799488689,5.91418592831028e-06,-0.00012871686599116272,-0.002032450645754628,-6.480068604138665e-05,0.0009931399590719346,0.000622328742923934,-0.00023974859259481916,0.0003024875536236696,0.001223767671565801,0.00021714012578324314,6.577182650748915e-05,6.461522023427784e-05,-0.00027650717868169927,0.00017443050434333928,0.0,-0.0001007842725194356,0.00031650943425184805,0.00019747478305130641,-6.549650194391952e-05,-0.0005003062360378544,-0.001364787235159033,0.0020968398771528517,0.00012611535899115643,-0.00034551975406916103,0.00024403138966231668,-0.00020924130674068942,0.0,-0.00013497123895907733,1.4016455192862366e-05,-0.0005205270349437566,-0.00026554965290890767,0.0,-0.0004940970024108084,-3.317097199765598e-06,4.636457472226491e-05,0.0,0.0003071381599156815,-0.00039450192085120704,0.00022476767791969416,0.0004053237213928363,1.9876418324966326e-05,0.00032188091101073574,-0.00012623020718233408,0.00035153241611116115,-4.553610199856728e-06,0.0,0.00021787994364563646,-1.2413897908222809e-05,0.00035745539512741566,-0.00011505269084007857,-4.35297247696035e-06,0.000702088089836198,0.000697305448432949,0.0015442154701449998,0.00016210240762149267,7.73867286995378e-06,0.0,-5.992722141060368e-05,-0.0010588114215794933,-0.00024912829449781106,-2.0346469557934945e-05,1.4233271459894217e-05,-7.458706520584296e-06,9.638973920275386e-05,0.00037884444922786924,0.0003467149496479342,0.00012999727290855767,-0.0010877144270678852,0.00010575941308708722,-8.118554572439191e-05,0.00021956492033683536,-0.0004758841652652095,-0.0004226891140199604,0.0,0.0,0.0,0.0,0.0,4.067982901201433e-05,-8.545294513114187e-07,4.990061419166017e-05,6.847838105949933e-06,0.0,0.0
2025-01-08,0.0018250232827883833,-0.0009989893969353913,-0.00459407335737776,0.000743503737781042,-0.0001391534645863345,0.00012827961805983548,-0.011941033519470566,-0.0012945976751805302,-5.782996775595837e-05,-0.0005107140333306953,-0.0013715547068053875,-0.0006809210880119754,7.155199321964622e-05,-0.025358946363212995,0.0024726710618597635,-8.57526222522455e-05,-0.00016032988125916353,-0.00017200334916312363,-0.00025844258424240945,-0.0005491324227077826,-0.0006210133991102573,0.00294402810819317,-2.618954901385787e-05,0.00029660183027687954,0.0016367479601946942,-0.0009329739797674936,5.275892707381057e-05,-0.00028911855310984145,-0.001814700130585449,-4.757644554873805e-05,0.0006876414500715521,0.0004370643853588254,-0.00012290161658128098,0.0004900176290730186,0.0014362049118506472,0.00021714012578324314,3.70924232392074e-05,-8.164898477231777e-05,-0.0005692521980210267,0.00014242006701399178,0.0,0.0001565990740867317,0.0003742588985130448,0.00019747478305130641,-0.0004785285404670046,-0.00010106680242348719,-0.002427992974807656,0.002521656090335271,-7.674870330273348e-05,-0.0010198349814753407,-0.0015744778787852118,-0.0002826533906247515,0.0,0.00036998073346630294,-1.409210327145136e-05,-0.0006006219582607794,-0.00018613919216063624,0.0,-0.0005461127597733731,-0.0001516572058396263,4.636457472226491e-05,0.0,0.00024950862140855787,-0.00022441933435796819,0.00013167921249255626,-0.0005132167928246355,-0.00013250652870876805,0.00032188091101073574,-2.26933453008603e-05,0.00039679001321082854,9.603364137313375e-05,0.0,-0.0008719817430195426,-1.2413897908222809e-05,0.0004349949355380305,-0.00011505269084007857,0.00016289165077230502,0.00013451275959772103,0.00010348018451272384,0.0015820216013669715,0.00013659446738166787,0.00010179057594525496,0.0,-3.65173002076214e-05,-0.0013294111699744815,0.0002467084375239853,-0.00031252689909278735,1.4233271459894217e-05,-7.458706520584296e-06,-9.62155655523935e-05,0.00015554224606627223,0.0003467149496479342,2.586602249157076e-05,-0.0010730167336293612,1.4431485287746916e-05,-5.2851985624615235e-05,0.0005840082759743204,-0.00018397428480139302,0.00046589182804213737,0.0,0.0,0.0,0.0,0.0,3.414652442575124e-05,-8.545294513114187e-07,4.990061419166017e-05,1.7551760380846095e-05,0.0,0.0
2025-01-15,-0.0013265592987115804,-5.424090601570706e-05,-0.003411481612117647,0.0014962980936056977,-0.0001391534645863345,0.0005614386659312178,-0.012620438244418915,-0.0019157828495754746,-0.00014992298865030003,-0.00025147826760713694,-0.0012645425836282434,0.0010991007629983561,1.606629385473348e-05,-0.01503297216633856,0.003350798233891803,6.194780226073031e-05,0.0009307144504062016,-1.743726496136709e-05,-0.0005022176292783375,-0.001171800589967591,-0.0005365187871524588,0.002341788962296577,-0.00038739833988377613,-8.635248207483336e-05,0.0014669757462801643,-0.0010320173300738314,0.00012008865067617275,-0.00015111165149186962,-0.0014681355613368843,-9.301895300760504e-05,0.0008606969576361235,0.0004487706041651011,-0.00022632573256964886,9.138176786226478e-05,0.0009664087225081934,-5.703340195494286e-05,3.84834833177212e-05,-0.00012314968637897882,-0.000592398081191147,4.138169766360941e-05,0.0,0.00018238495749816467,0.0003116976047075674,-0.00022586113284173246,0.00046622097822020486,-0.00014792220781663753,-0.001965678624023891,0.0021233024304849503,-7.674870330273348e-05,-0.0010198349814753407,-0.0016699388994086109,-0.0002826533906247515,0.0,0.000260061905628416,-1.760053394012125e-05,-0.0005708998724632959,-0.0004222892771672857,0.0,-0.0007011327042999161,-0.0001516572058396263,-6.373004566086891e-05,0.0,0.00025504955862041726,0.00023088508063065727,-0.0005635369055905018,-0.0003540918507059344,-0.0001767101792703861,9.97170040138499e-05,3.514636185076103e-06,-6.398744665159052e-05,-4.027113194946256e-05,0.0,-0.000801549135838848,-8.095631335350886e-05,0.0003752259305710357,-0.00011505269084007857,0.00022097626164997795,0.0013424119611099414,-0.0009499317849798654,0.0015590043767982847,0.0003000953370701676,0.00010179057594525496,0.0,-7.464461413403926e-05,-0.00038643945670984304,0.0002296985733558507,0.00027190122964838886,1.4233271459894217e-05,-7.458706520584296e-06,-0.0002003297392475017,-6.129381684465418e-05,0.0005284674660416183,0.00030376976158168233,-0.0003294703476954421,-0.00010337348944019404,-9.450683444948755e-05,0.00032555555034410324,-0.0003934330717156547,-0.0004501229098843456,0.0,0.0,0.0,0.0,0.0,3.414652442575124e-05,2.240931805370938e-05,3.132340411796933e-05,2.740748466678438e-05,0.0,0.0
2025-01-22,-0.0009076307350816821,0.004467583501664994,-0.0003655321394153425,0.00013960708396466544,-0.00023965915777408192,-0.00013797348480575297,-0.0058340103159882995,-0.0008266789860830923,0.00036143417815910677,0.0015457918513448823,-0.0010570473814088981,0.00697684243799449,6.236084915779537e-05,0.033860317510450474,0.0048563700191334176,0.0008443213338570097,0.0009969067518143522,3.307420578752912e-05,0.00023025237688610885,-0.0008196672792114618,-0.00016248568088944346,0.0035107781080491647,0.00039029503879019483,-0.0009154440830004934,-0.0005321451560748468,-0.0005258009534218099,-0.00019048025321369782,-7.506176226809251e-05,-0.0016730244477825723,-9.791470011054477e-06,0.0018212416238871949,-0.00023012038592193186,9.119729909536036e-05,-0.001690559011423,0.0003180104975415707,-5.703340195494286e-05,0.0008311537477587965,0.00018161034616826974,-0.0001271269704031782,0.0005262250696701555,0.0,0.0003068179870833308,0.00020568912512444805,-1.685092781241818e-05,0.00014142732650550337,-0.00041531279334902323,-0.0012515460955465018,0.0013331826808331668,-0.0002534274590390256,-0.00014583424769157245,0.00024414448670177156,0.0001786854192713212,0.0,0.00021274458432954,-1.162647452773748e-05,0.00010532392577280856,-0.0004184822838450881,0.0,-0.0011914580817228048,5.576562604473359e-06,-6.373004566086891e-05,0.0,0.0002486979143972252,-0.00018622369971223868,0.00020979000104464284,-0.0014242608831343418,-0.00017366348708593138,-0.00020116473488129686,-0.00025991388381820717,-3.667479267392259e-05,-0.0002401706092134239,0.0,0.00047079518480989583,-0.00016744952390812586,-0.0001705572956568094,-0.00019901425343529024,0.0002052668760092814,-0.000431621107925495,-0.0007557206474903478,-0.000510428250053506,0.00015174141621540052,-0.0001870135090056062,0.0,-3.431449823245107e-05,0.0006618512912066314,0.0001123283638073784,9.610932537297624e-05,2.2526399281356483e-05,-3.633527050395722e-06,7.690810731381231e-05,-0.0005777490916539162,0.00010454500451644152,-0.0005590131992002181,-0.0005310283728451278,-0.00011790049686908112,-1.9618637870217774e-05,-4.5193626572291134e-05,-0.0004999517464212492,-0.00016973593042309085,0.0,0.0,0.0,0.0,0.0,1.9310258398673775e-05,-6.132839392264409e-05,2.194571040065355e-05,9.642752331475597e-05,0.0,0.0
2025-01-29,-0.00016444987013055653,0.00674036919586709,0.00010552548532448635,0.0004817588470412723,-0.00011129134595564991,-0.00018401736171589294,0.006386993534531608,0.0012858643478115353,0.0006351146598496094,0.0007908898369817107,-0.0013981517486124904,0.007809984687877865,-3.553263681711874e-05,0.0266056582035693,0.001844414065379058,0.0019459765021450056,0.0008338538578407471,3.552685956466581e-05,0.0005195010413116558,-0.000634149436680596,-0.00013589855312375043,0.0026125024418373025,-0.0004391733991772401,8.004380180311378e-05,-0.0007452398693975023,-0.0007166435173487925,-0.00045871192788490676,0.0002953541488781367,-0.00013383979296446527,0.00044367834613318226,0.0013291309190206417,-0.00023012038592193186,0.00015003852440081218,-0.0013184368007529204,0.00011134881181166167,-0.0004058879999344384,2.0562737170754964e-06,0.00036784703714155863,-4.4040647438434975e-05,0.0001884738055104048,0.0,0.0008568334933741449,0.0002515892742939771,0.0004800017757857545,0.00031363915276803916,-0.00018236999855702332,-0.0007908163550830345,0.0013909186442792266,-0.0001291193143153967,-0.00014583424769157245,5.1934725530898457e-05,2.2317583643703327e-06,0.0,0.00029168539899978425,1.7356668881289686e-05,0.0002797799806739736,-0.00028253495190904305,0.0,5.459390765484622e-05,-4.194332707268793e-06,4.636457472226491e-05,0.0,0.00032273891397773517,-0.00014136919380130787,0.000261899862638763,0.001065081729997284,0.00017828528746134138,-0.00022026952153940665,-0.0002534320522209531,-0.0008586614651093839,-0.0001381399709389687,0.0,-0.0001162481657292602,-4.56231678981689e-05,-0.00010483944512036612,-0.00019901425343529024,4.5376715447731116e-05,0.0006651351118869802,3.561388020698001e-05,-0.0003686717257395404,0.00013399620172923309,-4.5686228137960206e-05,0.0,-0.000601467091655421,-0.0008742340612505313,-7.842647644220009e-06,-5.3505486273992966e-05,2.2526399281356483e-05,-3.633527050395722e-06,9.730767648799772e-06,-0.000263710734034679,-7.799665124670186e-05,-0.0003246888775112772,0.00025463566206973624,-0.00023180034457781528,-0.0004873061621441361,-5.959151605575648e-05,-0.0003507750212254236,-7.945237995339805e-05,0.0,0.0,0.0,0.0,0.0,1.9310258398673775e-05,-6.132839392264409e-05,2.194571040065355e-05,3.478388617984805e-05,0.0,0.0
2025-02-05,-0.0005410807267929334,-0.0001565350120231238,-7.32607078146795e-05,0.00032779106846955876,-4.006659236300946e-05,-2.0681260398333996e-05,0.006786587409033306,0.0009863655477660783,-0.00012002910359780123,0.00036655978966680907,-0.0018668346766705186,0.006220292282371976,-0.000353257772014245,0.023748561868480882,-0.002703149305664397,0.0014920064139436306,-0.0001772185039729976,7.670910464002924e-06,-0.0007981748208614665,0.0013562619022282592,-0.0006350173323346563,-0.0025283535427964377,0.00019586456685560984,-0.000268478720961795,-7.02825898920225e-05,0.0003713813646269601,-0.0009152552896068103,-0.00035441030047399984,-4.269449910237227e-05,0.00017404595491199063,-0.0008197913820942781,-0.0004726605123641968,-0.00016344408231221794,-0.0019145816762949637,-7.888862005689138e-05,1.0748970031126739e-05,-0.00010138564758693897,0.00036532553940391043,8.841605922234934e-05,7.596575782866727e-05,0.0,0.00012593059041750109,0.0002334062392230182,-0.0003553206196884513,-7.152835673036428e-06,0.00025344989226448625,0.00012115905519617017,0.0016208869109135926,0.0001556143748724796,-0.00014583424769157245,0.0002923756386188588,-7.354816887046908e-05,0.0,-0.0002528802939924368,3.838647181967684e-06,0.00032694197780742165,-0.0003161159367846879,0.0,-0.00035457215006645795,-4.194332707268793e-06,-3.112658950158457e-06,0.0,0.0002597115090744086,-0.0002764721849478894,-0.0008060055416636779,-0.0003158421798980459,-0.000166262924684201,-0.00010588990645497838,-0.00024869346834320105,0.00032570195254649266,-2.908131468690921e-07,0.0,0.0004173399279317731,-9.89071084628398e-05,4.1066228715251046e-05,-0.00011505269084007857,-3.701026333752476e-05,0.0003699087644868091,-6.378173123146076e-05,-0.0006847601336195956,-3.599435296375515e-05,-4.5686228137960206e-05,0.0,6.261643459653771e-05,-0.0008358570308015589,0.00015238610095565645,-0.00017077062835383787,2.1607303345001446e-06,-2.401468612976795e-06,5.372190859141956e-06,-1.0627191024971156e-05,7.1066708155815455e-06,0.0001065799722505035,0.00024815352541016935,0.00018980851250857434,-0.0005264164005010409,-0.00012556081379485107,-0.00036494947030000667,-0.00030101162567078743,0.0,0.0,0.0,0.0,0.0,1.6202269323454612e-05,-2.7160694897544777e-05,1.1346295297002704e-05,2.1348821144170404e-05,0.0,0.0
2025-02-12,-0.00039690228900206325,-2.4033874548327194e-05,7.314268285774944e-05,-2.6662907741295525e-05,-3.988346395428253e-05,-3.033097664130114e-05,-0.002552612582625015,0.0014129565094168626,-1.2998527605751861e-05,0.00023836101499281672,-7.662876635844063e-05,0.010435032017811591,-0.00011205213579893752,-0.0005791805844368269,-0.0019237269046747038,0.002704762702636907,-0.00025893212927954065,7.670910464002924e-06,0.000748521294681663,0.00842949001014105,-0.0006261776480242983,-0.0022945735436572887,0.0002812885917728787,0.00011724358816053287,0.0002616973584248328,0.0010379469229465936,0.0003586240750453788,5.418259752469336e-05,-0.00010035184860896076,0.00042276791406459127,-0.0007704648133040591,-0.00020135942505692593,3.664589234370102e-05,-0.0023752366611466133,-0.0006371754914142462,-0.00026342455770705925,0.0003298610710677212,0.00033306265047332675,-6.315670923206467e-05,2.354504357640589e-05,0.0,0.0008934734666649447,0.0002698056074593809,-0.0002488674371142446,8.565760435610888e-05,8.744006250766884e-05,9.772843249121074e-06,0.001060982837586531,-5.9809498135363785e-05,-0.00014583424769157245,0.0007050824382369401,-0.00046341487365453965,0.0,0.0012912229986656323,-6.524631156040643e-06,0.00032694197780742165,-0.0007446534493406657,0.0,-0.0003901265322148357,-0.0001516572058396263,-3.112658950158457e-06,0.0,0.0005322333946445673,0.0001734741479496306,2.2412161261263574e-05,-0.0005507040758876224,0.00010371933864083716,0.0002553736504981718,-1.2987540286333227e-05,0.0002558338779014119,1.3314152277266719e-05,0.0,0.0006631875076050235,-0.0001173251377471655,0.0001531441676957276,-0.00011505269084007857,-0.00011439807982334387,-0.0004979513158553315,-1.814057522873117e-05,-0.00021773088339745254,0.00012437059473858293,-0.0001870135090056062,0.0,-0.0008791173416761248,-0.0005632024875558008,4.517874290232427e-05,-0.00014197492240120824,2.1607303345001446e-06,-2.401468612976795e-06,7.25495305241545e-05,-0.000203333399195419,0.00016727001297736123,0.0005438634171512481,0.00022118427021129532,0.00016045328592103909,-1.0350639823887456e-05,-9.046615745713725e-05,-0.0004483026561183335,-0.0003010116460680346,0.0,0.0,0.0,0.0,0.0,6.125454254657617e-05,-2.7160694897544777e-05,2.7796154661665746e-06,9.642752331475597e-05,0.0,0.0
2025-02-19,0.0005142823835179019,-7.288229428597673e-05,-7.162606985660795e-05,0.00024239149181769383,3.334830922318219e-05,-0.0001429748427374314,0.011098714634954264,0.0017950028060837485,6.9473521702485835e-06,-1.6318607616265013e-05,-0.0016409491044819418,0.009156771767842567,-0.00010394811657616859,-0.004589721848577097,-0.0016661015697744606,-4.333455939849195e-05,-0.00018546445000703273,7.670910464002924e-06,5.835330129994871e-05,0.0035369167863513553,0.00012270414390134552,-0.0023291879614537677,0.00019370272138055913,0.000405893909524049,0.0002315761734877963,-0.00022475903407041947,-0.00013064997282503392,0.00021231775379728743,-0.0004907570971167913,0.0004381587879198924,-5.5256785884277794e-05,-0.0004913939939553021,0.00021793340203329784,-0.0022372527492970575,-2.1892235047715462e-05,1.0748970031126739e-05,-7.136252917150724e-05,0.00035427573157814553,-6.32432630211472e-05,-1.8874614458472922e-05,0.0,0.0008219588531531254,0.00018381909762073726,-0.00025501294662363754,7.202740684920806e-05,0.00028573276425069725,0.0004142871360281163,0.001603565393943493,9.990805084025695e-05,-0.00014583424769157245,-6.903985931588057e-05,-2.5976858329688076e-05,0.0,0.0004147432464247423,3.838647181967684e-06,-0.0001895566256736292,-0.0005465044832086092,0.0,-0.00033760229980899187,-0.0001933067755900111,-0.0005320955875662871,0.0,0.0003627078340684748,0.0001073878547124438,-0.0007703586803717386,-1.5250140154176613e-06,1.8255923507972772e-05,0.00016456605351996767,-0.00024869346834320105,-0.00033699024197458204,-2.4720387444029944e-05,0.0,0.00042387883162205413,1.0128043150462236e-05,4.1066228715251046e-05,-0.00011505269084007857,3.1906454933862834e-05,0.0002533042202060683,-0.0006242098531996168,0.0007880267453069056,-0.00030645000942947727,6.41155879631035e-05,0.0,-0.0008140033616180659,-0.0006753809652786153,4.517874290232427e-05,-0.0003010389120646538,2.1607303345001446e-06,-3.0156467495984547e-06,6.20208761535506e-05,-6.457869367669099e-05,0.00010758444380976413,0.0004895303519575154,0.00023633814680199718,0.00019364636475682493,-0.0006178188519019264,-0.00014944538727113755,-0.000229282648334313,-0.0002256179778024133,0.0,0.0,0.0,0.0,0.0,1.6202269323454612e-05,-6.132839392264409e-05,4.990061419166017e-05,3.478388617984805e-05,0.0,0.0
2025-02-26,0.0009910597202176994,2.4011143922106096e-05,0.00024497027476519015,0.00010227120363580349,0.00017352565359456508,-4.4433628242469453e-05,0.0032366589331232418,-0.0006891802110758228,6.9473521702485835e-06,-0.0002399083865938215,-0.00260131743604415,0.0003014322550741748,0.0006913262893627987,-0.005499720427523004,-0.00147232195040896,5.944379074233132e-05,-0.0003151453335068429,7.670910464002924e-06,-0.0001563223465123651,-0.00032094306316783215,-0.00011913095823785226,-0.0024450919209015524,0.00032150937958685033,-0.00036700821682743897,-0.00025161878535262994,-0.0012924048069487605,-0.0001436238861744825,8.665093072889599e-05,-5.006957033189281e-05,-7.762807915230393e-05,0.001155048262244034,-0.00040806901839323767,0.0018586094653327005,-0.0016755856854110394,-0.00011525175531161047,1.0748970031126739e-05,0.0003189134919285788,0.00020743799358063952,-0.00013740815376250533,1.0710047213717159e-05,0.0,0.00038688243850111494,0.00022006751680158027,-0.0002488674371142446,0.00012415616630305238,9.021582359524367e-05,0.00034772901814092357,0.001163681662772646,-0.00038553091290003034,-0.00014583424769157245,-0.0006446928540130592,-6.596538762361335e-05,0.0,0.0001362746991769496,-2.886769953902189e-06,3.647847013106869e-05,-0.0005465044832086092,0.0,-0.0005263080983587448,-0.0001516572058396263,4.636457472226491e-05,0.0,0.0003879797700611881,0.00017716566918683666,0.0002519090513430865,-0.0012182946027373951,4.768976842757516e-05,-0.00024676165024173005,-0.00025991388381820717,-0.00037251949963825387,-2.4720387444029944e-05,0.0,0.000479056901003949,-0.00019843550299722206,5.084486642898759e-05,-0.00011505269084007857,0.00018393614927420172,0.0002877273117909806,-0.00022698305244006536,0.0003834430715498246,2.8954689003555792e-06,6.41155879631035e-05,0.0,-0.0007864577188771946,-0.0004168004497940262,4.8043638491538484e-05,-9.813422651623087e-06,6.858524902062813e-06,-3.0156467495984547e-06,-8.506759412434463e-05,-2.0549795167936795e-05,0.0002097749580590825,-4.077394285176641e-05,-0.00012006818171316179,0.00010702209947945853,-2.8516333196733004e-05,-0.00015399920616281237,-0.00024266087994626615,-0.0006684466210471924,0.0,0.0,0.0,0.0,0.0,1.6202269323454612e-05,-6.132839392264409e-05,4.990061419166017e-05,3.528192195539081e-05,0.0,0.0
2025-03-05,0.0006573172658605743,0.0002273267536927462,0.00015540503409407964,-8.919318671436382e-05,-0.00010025893551256211,-4.4433628242469453e-05,-0.010061872000886202,-0.0017313370567965036,0.0005003392862431781,-0.00014161845075327415,-0.0016120284435274328,0.0007575311455089521,-9.661103468941557e-05,-0.01470286235401305,-0.0019399180830569128,0.0006115640173313267,0.0015402579538322599,3.495027926592589e-05,-0.00020486477202983256,0.004277158072913934,-0.0010332488932898807,-0.0023569624044690743,0.0002360853546695815,7.789968064498212e-05,0.00040165188676112687,-0.0004739077356006136,7.405571902730478e-06,-2.8777801096953082e-05,-0.00035493430048553164,-8.948088870805832e-05,0.0013401805828215643,-0.00039156996888093477,0.0015953009790669157,-0.0009576711108689484,-0.00023902333303681074,1.0748970031126739e-05,0.0003897044995205156,-2.4495325166292453e-06,-3.503360432913897e-05,0.00022284969823937672,0.0,0.0002595835534231103,0.00030818853507782004,0.00023237171430864266,3.5270133858061577e-06,8.762527752646622e-05,-0.00027396706293731976,0.0009595614928563762,0.0014061130732959716,0.0007642856462947733,-0.0006636856226653059,2.6717567646807687e-05,0.0,0.0006930826771956307,-8.396676329794658e-07,-0.0002139367007491879,-0.0003974273892784808,0.0,-0.0004290375375281489,-3.8142488831958116e-05,0.00012094714183951858,0.0,0.00020166944832737086,-4.405584891319088e-05,0.00012466675770178313,0.0013607024936341053,-1.7879753099124494e-05,-0.0002602642633839899,-0.0001881780819574548,-8.961302454642946e-05,-8.830455374887492e-05,0.0,0.0005786845846383865,-0.00011888789386356219,-0.0001859960600687844,1.274380832667843e-05,0.00018963797275240097,0.0008400928281958281,0.000433935661763274,-0.000517746313618814,-1.3295629509145951e-05,-0.0001870135090056062,0.0,-0.00041600128794721765,-0.0003898308477081838,2.799828728881072e-05,-0.00013805587662821478,6.858524902062813e-06,-3.0156467495984547e-06,-8.506759412434463e-05,5.954987043455738e-05,0.0005672599652307031,-0.00045439353572250643,0.0002990315247773791,0.00013621910330520272,-0.00028733992071898755,-2.4955206116956735e-05,-0.0004632885325855514,3.5625986031987185e-05,0.0,0.0,0.0,0.0,0.0,3.5241955170910286e-05,-3.6224909859093284e-05,3.132340411796933e-05,2.0285362645729164e-05,0.0,0.0
2025-03-12,-0.000884958611291095,0.0003039075038918617,0.0006053208853159135,-0.0001571721702361479,-7.097799591745516e-05,-0.0001282905520970204,-0.010238624756419687,-0.0012684149557183376,2.7956669573066196e-05,0.0001390811436612351,-0.0015755368594483781,0.00030106792018423477,-0.00020812934401915118,-0.01015425129340332,0.0015391302093969142,0.00030439643384634217,-0.00040308590787353326,7.670910464002924e-06,-0.000135033898252764,0.009318776202226618,-0.00015494849247048732,-0.00183786316733838,0.0002360853546695815,0.00012429850889224156,-0.0005894141804656224,0.0005755014747965613,7.405571902730478e-06,4.9287599102830324e-06,-0.0002993891894833242,-9.301895300760504e-05,0.0016493384070610238,-0.00039828206708562234,0.001994709106888533,-0.000900017020360682,-0.00033556226134539495,-0.00026342455770705925,0.000335800400114045,-2.4495325166292453e-06,-4.8181697468569944e-05,0.00019326503656718664,0.0,0.000254695272115,0.00041212670821290376,0.00023237171430864266,-0.00017593549240077402,0.00034291545808458346,-0.00014088490065482153,0.0010501683174621696,0.0014061130732959716,0.0003247983377626422,-0.000425886086991269,-0.0001229762718572623,0.0,0.001098463161558404,-1.8463197309076832e-05,1.69806625419749e-05,-0.0005416877193921081,0.0,-0.0006320143974974076,-0.0001516572058396263,0.00012094714183951858,0.0,0.0002380759370132435,0.0001734741479496306,-0.00046572847654080177,0.0007042858493506635,0.0003428321802581899,-0.00041171263775364954,0.00018705895302948737,-3.078950192716595e-05,-8.165122460952832e-05,0.0,0.000608930773273251,-0.00018743030930884827,4.605868551249994e-05,1.274380832667843e-05,0.00019740640978806997,0.0009482019392645909,0.000886536596129971,0.0006831393973793506,-0.00030584157753926565,-0.0001870135090056062,0.0,-4.845704402892856e-05,-0.0008270236377920748,-6.039615780563574e-05,6.890816381650298e-05,2.244007751447342e-05,-3.0156467495984547e-06,-8.506759412434463e-05,-1.0295837207338761e-05,0.0006175501299743838,-0.00045766559196215383,-0.00032017501031653426,0.00021714927857362882,-5.913100676074623e-06,-0.00021206127706874245,-0.00046454551350357844,-3.3203716665422204e-05,0.0,0.0,0.0,0.0,0.0,3.5241955170910286e-05,-2.7160694897544777e-05,1.7151881059228842e-05,3.528192195539081e-05,0.0,0.0
2025-03-19,0.00103321043107932,-3.304280000891625e-05,-7.44877686036288e-05,-4.399044645401223e-05,0.00017352565359456508,-0.00011864083585405326,0.010690963572311741,-0.0010822021955435007,9.572400389110987e-05,-0.00016836355137697624,-0.001175163737758265,0.007766712330724436,-0.00018454670807728797,-0.006706728868300951,-0.0019101377653920851,0.00032992006995815807,-0.00018664973575012095,7.670910464002924e-06,-0.00011977110300926392,0.004291930023103052,-0.00029410045182699953,-0.002501804324752456,0.000514835262458846,0.000405893909524049,-0.00012982943547625334,-0.00024561268158079585,-2.328446536646877e-05,0.00010557147504161734,-0.00028062713920055856,-1.6727778489830892e-05,0.001071735749121042,-0.00040806901839323767,0.0019989479490321056,-0.0018001933126230987,-1.095300699587724e-05,0.00011221939268234666,0.0002858277665936488,0.00026943832827936576,2.1411688222876646e-05,0.00022284969823937672,0.0,0.00016178360730389834,0.0003177616034865917,0.00023237171430864266,-0.00037059867567547936,0.00022352354976583317,-3.8314311047661e-05,0.0009358969443433854,0.00022649913465053602,0.0003247983377626422,-2.9475939832623718e-05,-4.956418797320022e-05,0.0,0.00013772966156076768,1.3381166767456655e-05,0.00014129924037017757,-0.0005757534214931186,0.0,-0.0004459702810128882,-3.317097199765598e-06,-3.112658950158457e-06,0.0,0.000629776904435154,0.0001073878547124438,3.320634831821272e-05,-0.001311099198160987,-0.0001363284625940054,0.00024996475902801083,-0.00024869346834320105,-0.00042737020343692106,-7.574775776726062e-05,0.0,0.00042387883162205413,-0.00011888789386356219,-8.139110218697852e-05,1.274380832667843e-05,-4.98836273562142e-05,-0.000272244143115489,0.0007588385987844152,0.0020277108165060002,-0.00022147481641414065,6.41155879631035e-05,0.0,-4.845704402892856e-05,-0.00040069107878779335,-4.023600792349799e-05,-0.0003597577785423128,2.244007751447342e-05,-3.0156467495984547e-06,6.20208761535506e-05,3.6684614518248316e-05,0.0007013219537237171,0.0001391890601118967,9.144898274946752e-05,0.00021118210874313038,-0.0001743338097194375,-0.00015399920616281237,-0.000296260879634698,-0.00017915878654213758,0.0,0.0,0.0,0.0,0.0,1.6202269323454612e-05,-2.7160694897544777e-05,4.990061419166017e-05,3.478388617984805e-05,0.0,0.0
2025-03-26,0.0009840874897566112,-3.294058584603205e-05,0.0006165644460756181,0.00039846834111472514,0.00017352565359456508,-0.000122481353720254,0.010596793542506658,0.0001401144117457162,-2.636103376925703e-05,-0.0003818776109411611,-0.002717739131518079,-0.00032290257375769106,0.0003978481032832808,-0.011321721667912819,-0.0013695681993531673,0.00038433862256590575,-0.0002072842997051291,3.495027926592589e-05,-0.0001541576182899185,5.635560179271485e-05,0.00051846477320626,-0.002340298803549324,0.000514835262458846,4.5797240503552805e-05,0.0007984962935887417,0.0006325212151485387,-7.251029057882398e-05,0.00015134579699363946,0.00024944102849870495,-9.995526148638146e-05,0.001902534289442674,-1.6277513643350624e-05,0.0015268551117203276,-0.0013452620074581288,-0.0001721428750189518,-2.921767790047566e-05,-9.321150656027299e-06,-0.00013427631173927295,-4.7676971973116476e-05,0.00023092364039242023,0.0,0.00035375801403434803,0.00016175737779924808,0.00024317126797263983,0.0002624323738500791,0.00022584697542526132,-0.000105064117311414,0.0011089893526158516,0.00039636358436579707,0.0003247983377626422,-0.0012158275946973982,-8.755442426109671e-05,0.0,0.00015527855721435922,-5.598242634358825e-05,0.0004269137212634323,-0.0004766822735417084,0.0,5.9251718237016525e-05,-0.0001933067755900111,-6.373004566086891e-05,0.0,0.00015589949939197008,1.0745513255224071e-05,0.00042211232536182736,-0.0008098888169049442,-3.6568298778472096e-05,-8.55196258537248e-06,0.00010445586643163813,-0.0010861079542026214,-1.9850455959710067e-05,0.0,0.000479056901003949,-0.00020521601183933955,-0.0003140267413225257,-1.8363918148779682e-05,0.000133373353089306,-0.00019924942831648013,-0.00019401867174930973,-0.00026228753724714395,4.8382815177432546e-05,-4.5686228137960206e-05,0.0,-0.0008949411470552647,-0.00044593129271802104,4.8043638491538484e-05,-0.00018315467452642922,6.858524902062813e-06,-3.0156467495984547e-06,6.20208761535506e-05,0.000111420301367693,0.0005243861293826773,6.637925044304108e-05,0.0001346918865084745,0.0001812591445468509,-0.0005934709481762808,-4.5756732451250144e-05,-0.00022472864335084096,3.089989514982013e-05,0.0,0.0,0.0,0.0,0.0,6.125454254657617e-05,-3.6224909859093284e-05,2.1489449838857818e-05,1.7551760380846095e-05,0.0,0.0
2025-04-02,-0.0006395358869516244,0.0002007620786824986,5.744547864181884e-05,0.0006718805225523778,-7.097799591745516e-05,0.0001405112843556851,-0.01035119165472152,0.0011997148716391165,-4.581188431286039e-06,0.00021119008966066132,-0.000520349147276524,0.008721836343717265,-0.00015993081604625875,-0.009021926307323052,0.0011996803506076198,0.00045931078933474665,-0.0005338949960483063,3.495027926592589e-05,-0.00022332087999199135,0.014226247513082666,-0.0004456976329289143,-0.0025377703471452496,0.0004509773100273645,3.849013369960494e-05,0.0001252341258070552,-8.828482230623333e-05,0.00011248707010865579,0.0004477037044932015,-0.00034499149819319764,0.00041665621886261597,0.0014124095868036618,-0.00010824749818724616,0.0016479362209801925,-0.0014000784590937532,-5.804278107269034e-05,-2.921767790047566e-05,-4.818487033300334e-05,0.0003862642048331711,9.882977396555973e-05,0.0002502241485527589,0.0,0.0007600392845259831,0.0002728692511433737,0.00024317126797263983,4.67408236603211e-05,0.00021550864508374298,-0.0001147129615358732,-0.00013266132148037879,-2.2583292350817292e-05,0.0003247983377626422,0.0003616013760581358,-4.0573033742042464e-05,0.0,0.001026757376291468,-7.252940383211497e-05,-0.0005592296479872953,-0.00045777139334928987,0.0,-0.00014031825074556204,0.0001567687479660813,-5.683409301632459e-05,0.0,0.0004358088738809287,0.00030307620616571167,-2.6150721411439367e-05,-0.0010433975378842122,-0.0006397496514005298,0.0002411542193664073,-0.0001946599135547089,-0.0010635174071057748,-6.280469294803992e-05,0.0,0.001047989053887482,-0.00019533017211170305,-0.00011787535503598461,-1.8363918148779682e-05,-7.034162791751542e-06,-1.9045340247609484e-05,-0.00017862014649625783,-0.0007846667540157749,7.139756911554569e-05,-6.587419232243422e-05,0.0,-0.00018810068719906774,-0.0007328518781667423,0.0001439184941751626,0.0009793433695221164,-4.145886256542639e-05,-3.0156467495984547e-06,0.00010080911133189789,0.00013253013077552567,0.0006612311936884661,-0.0002319032706771092,0.0002018712367442143,-0.00010636568273526523,-0.00019487328504441546,-0.00032742397613210177,-0.00035171402501053405,0.000175971852320755,0.0,0.0,0.0,0.0,0.0,3.5241955170910286e-05,-2.7160694897544777e-05,1.1462367244420397e-05,4.72171482249094e-06,0.0,0.0
2025-04-09,-0.0009910943149846717,0.00020871308651685642,-0.00022826313028754739,0.0016849781147008315,-0.00018520855428850384,0.0001405112843556851,-0.0031678802305475672,0.0012287433715048924,2.7040585591436763e-05,0.0005671811381395277,-0.001038331132701834,0.0009968538729274183,-4.0297596645994123e-05,0.026839445746538067,0.005006044439880754,0.000975224067577223,0.0013801366117108076,7.670910464002924e-06,-0.00014992679753179038,0.013989984223337318,-0.00044587456730577844,-0.0018800456036497401,0.000617817367889196,0.00020559500386867623,3.646936754245981e-05,0.0005814815228647935,3.321803850477289e-06,0.000361891813684497,-0.00012887960823960293,1.1471269602127894e-05,0.0011877195924214822,-0.00019921387315518987,0.0014500346016566273,-0.0015339801851469615,-0.0002778871463157924,0.00012218903521452412,-0.00031243481447722855,-0.00011365700539557225,-4.915455737954857e-05,-0.00014188344345251346,0.0,0.00048245606153702193,0.00022835889809833806,9.801727783183369e-05,5.663817293040927e-05,-0.0001314139359727955,-3.997037953849866e-05,-9.904737002624557e-06,0.00013386424774092568,0.0003247983377626422,-0.0010481211463114215,-0.00023030982221330029,0.0,9.659421810383057e-05,5.0376552775080795e-06,-6.722531807095648e-05,-0.00016409717524085908,0.0,-8.13034891969169e-05,0.00025399262874986655,0.00012094714183951858,0.0,0.0005539128061286141,-0.0006475179622425478,2.6338027314272146e-06,-0.0007674868215983831,-0.0007162392293490907,-0.001201978487705978,-0.00024869346834320105,-0.0007251145611621346,-0.0001101405827283015,0.0,0.00017351897209469665,1.728278437515071e-05,-0.00043732427354512525,1.274380832667843e-05,-7.034162791751542e-06,0.00012301223127028171,0.0009370993596460627,-0.0009853602869131783,-0.00019755916220611178,9.24471715982638e-05,0.0,-0.00045445988743024766,-0.0010508284802301813,4.499527594200603e-05,0.00025418718934021,-4.145886256542639e-05,-1.368334962313852e-06,0.00016371907394909432,0.0001715008222317763,0.0004950503672668987,-0.0005475396338669731,-0.0006929807262765425,-0.0001645858567996034,0.000376565918446761,-7.296672958489767e-05,-0.0005799184579604868,-0.0002785039755580214,0.0,0.0,0.0,0.0,0.0,1.6202269323454612e-05,-2.7160694897544777e-05,6.517097207134985e-05,-3.131978160270967e-05,0.0,0.0
2025-04-16,0.0005099637448947581,0.00012846654231453043,-0.00022409841831635578,0.0012317213567542874,0.00017352565359456508,3.3650250418723834e-05,0.00925524789752661,8.342565906402775e-05,-0.00046369458019318533,0.0005070899357862608,-0.001508371266881455,-0.0001610521082992092,4.862636268387736e-05,0.02454687334011661,-0.0011030422449978675,0.00038372285097583485,-0.000635474174831752,7.670910464002924e-06,-0.0002006893864728845,0.009185648365564679,5.494452750046194e-05,-0.00249496221835098,0.0004268097882023585,0.0001787386669936945,0.0005297358566813808,0.000495195521493385,-0.0001356470053961707,0.00022881989285375554,0.00023790723725231836,-7.762807915230393e-05,0.0014425086646055105,-0.0003654150755496863,0.0011785716121081777,-0.0016054150122527806,-0.00015150427144637165,-2.921767790047566e-05,0.0002322487985489766,-0.00011199050363116549,-7.831590602864525e-05,-3.134881186786127e-05,0.0,0.00030755532223580905,0.00026167601984794975,0.0004219578540139521,0.0003001110401188922,2.209816504718724e-05,0.00010365125708908987,-8.180549966848377e-05,0.00019595604829647688,0.0003247983377626422,0.0008211970291529704,8.366838891865093e-06,0.0,-0.00019190359841323137,-5.90632567414037e-05,-0.00022151941910625322,-0.00029762367662394416,0.0,-0.00013867958909192385,-6.928615716391028e-05,-3.112658950158457e-06,0.0,0.0002628592507437958,-0.0007418150594504108,0.0003129316370990374,0.0018201051411587906,0.00033652013188929304,-0.00010518660990863783,0.00024248194208396933,0.000258483127029103,-3.768946479802866e-05,0.0,0.0004660871673416424,-5.381597757493502e-05,2.736856492134199e-05,1.274380832667843e-05,2.1898892771365583e-05,0.0003424948003819047,0.001153581386001597,0.000569894775998802,-0.0001608599247268228,0.00020823042384429647,0.0,-0.0002874533337115185,-0.0012473342210669268,-0.0003197598389697467,0.0019077847008347937,4.147758733249782e-05,-2.401468612976795e-06,-1.9779689332755253e-05,-3.190570518415224e-05,0.00037410513816405627,-0.00036332885539870575,-0.00022828317089095256,-0.00011135483875770129,-9.836323474993043e-05,-0.0005067908080757471,-0.0002865438883652128,-0.00014058888724903905,0.0,0.0,0.0,0.0,0.0,1.6202269323454612e-05,-2.7160694897544777e-05,2.2895963125992733e-05,3.127173903515026e-05,0.0,0.0
2025-04-23,-1.318778957907856e-05,-0.0009869885383534938,-0.0004013082706978396,0.00034189201584720316,0.00017352565359456508,-0.0002293423876572153,0.012733902912794758,-0.0006435305409068785,-0.0003926889260882573,-0.0002475513203170113,-0.0033446046379372683,0.0001628864574837568,-0.0001415173534397726,-0.01982686375970308,-0.001858600654897255,-0.000195413711287773,-0.0001323535756073816,-0.00017200334916312363,3.545578331299509e-05,0.0009634935984695022,0.00015163534296122353,-0.003105187321943074,-0.00015711892728203928,-0.0003455097324847145,4.3692920976168e-05,0.0010016803477446415,-0.0007181877979320688,-2.255395523619488e-05,-0.00038144943140855364,-7.762807915230393e-05,0.0021321157196674445,-0.00038178301757331944,0.0008764580694600434,-0.0012827383914707114,-0.000769215163004275,-2.921767790047566e-05,-0.00022221531589525977,-8.889881271781744e-05,-9.911092773169642e-05,-1.694130399929103e-06,0.0,-7.676001106303579e-06,0.00037698694270609466,0.00010208553565485598,0.00014802229815288965,-5.485313169869577e-05,-3.368021426130793e-06,-9.854510280251667e-05,0.000205898291939312,0.0003247983377626422,0.0002914908025868805,-2.272594771889036e-05,0.0,0.00016063548670010213,-6.243485826473584e-05,-0.0006184518309993,-0.0005965057040782104,0.0,-0.00011883618470047322,-1.4994711700571273e-05,0.0001172937132460209,0.0,0.000385176971006462,8.052332772961694e-05,-0.0012286836772454934,0.0015002218019035196,-3.246251178760213e-05,0.00015500319375152103,0.00026436549875920665,5.822667588141978e-05,-2.9073770467321044e-05,0.0,-0.00014203216896914678,-0.00019533017211170305,-0.0004705396180385238,1.274380832667843e-05,-4.35297247696035e-06,-4.2449987284675434e-05,0.0008789253790588221,0.0009294897403258876,-0.000367322962859246,6.41155879631035e-05,0.0,-0.0002528544319502531,-0.00046548746384696875,8.255064230324721e-05,0.0009301477229611975,4.147758733249782e-05,-7.458706520584296e-06,-5.985710189313272e-05,-0.00011841828978645878,0.00035814993580044103,-5.432612469289679e-05,0.0001706202981214329,-0.00021162149286840917,-0.00013725593253248073,-0.0004984401323876799,-0.0004965598613778123,-0.0003050728351154135,0.0,0.0,0.0,0.0,0.0,1.6202269323454612e-05,-3.125124430977723e-05,4.990061419166017e-05,9.776770860923714e-06,0.0,0.0
2025-04-30,-0.0011211850200525894,-0.0009828022035518328,-0.00020275304551283123,0.00036439247147322673,5.541346395615658e-05,-0.00014548546380266435,-0.012558808483584639,-0.0007110035102074416,-0.0001553178292243013,-0.0003101117347790288,-0.0015354203773175483,0.0004672209556673603,-0.0003303101677000425,-0.01488331699112278,0.0014121411783268797,-0.00011427491719479521,-0.00040657583850232655,-0.00017200334916312363,0.0003317139321153519,0.005898118096743519,-0.00040824467691291585,-0.0031773771518029026,0.0004294112375415772,0.00022678233510959738,-0.0004704808862052883,-0.0005901950590663284,-4.509147987145172e-05,0.00025965960443560956,-0.00024247024053867486,-9.301895300760504e-05,0.001536365300215566,-0.00038178301757331944,0.0014293424426121523,-0.0011231059385945926,-0.0006258127959851769,0.00012218903521452412,-2.638746464122572e-05,-2.4495325166292453e-06,1.0450507902389552e-05,0.0002078044905178801,0.0,0.00017219327576695437,0.00026704164252224134,-4.923907484091773e-05,-0.0001546475810345468,5.5649045069548796e-05,-0.00013321564016959524,-0.000245023736422938,0.00014752483036270742,0.0003247983377626422,0.0008841689437776687,-0.00010179869732558474,0.0,0.0010478653811090638,-6.476242448332739e-06,-0.000870489125574558,-0.0005280935509269634,0.0,-6.183242119960964e-05,2.3887190817524166e-05,0.0003561489574163,0.0,0.0002397234349740507,9.077463013347229e-05,-0.0006414808047983576,-0.00047700835723969747,0.0001860289369432843,0.00012315502878707562,-6.841625779768491e-06,2.95636015569689e-05,-7.557660884408512e-05,0.0,0.0009456685768047942,-0.0001341172498892538,-0.0005525133982670855,1.274380832667843e-05,0.00021311579542876652,0.00012002425127977676,-0.0003441287263761522,0.0006663349318011067,-0.0001719269230668698,-0.0001870135090056062,0.0,-0.00037198593826793234,-0.0006868184252017999,8.55433671625136e-05,0.001471513649192753,-0.00020529614257912206,-3.0156467495984547e-06,-8.506759412434463e-05,-0.00021826543682015984,0.0003406723665325093,9.580260353982978e-05,0.0002527179367880909,-8.862053430187129e-05,-0.00027347494759316746,-0.00043341159628891877,-0.0003153149117728589,1.4782736427252448e-05,0.0,0.0,0.0,0.0,0.0,1.1128486715372523e-05,-8.181844436333325e-05,3.132340411796933e-05,-2.275816595030374e-06,0.0,0.0
2025-05-07,-0.0008122368865836835,0.003075680041332251,0.0001400504557032946,0.0005923949922946086,0.0002672753937214992,1.0173524867335262e-05,-0.007941146040859038,-0.0013049829176437666,-0.00010899059728111896,-4.004793001698606e-05,-3.6099225827977135e-05,0.007194944546361017,0.0002509510958045605,0.031088599554207536,0.005134178383524711,0.0008141500071906135,0.0015911731738739888,3.552685956466581e-05,0.0006521674061412159,0.015712671612920698,-0.0006149926612217485,-0.0023920015157373876,0.0005613806152101671,-0.00109551861825542,-0.001015554699314246,-2.676748965895029e-05,-0.000568859897082268,9.278496935178181e-05,-8.209316712082651e-05,-3.306707822214618e-05,0.0012906403494527304,-0.00011216475068523325,0.0008765170583014086,-0.0013920624941834484,0.000316446349875185,0.00012218903521452412,0.0007836405268988463,0.0004126494526863557,0.00011102747741218527,-0.00015006403987476012,0.0,0.0003001999701864031,0.0004767998110682967,-7.489484958422057e-05,-0.0002197851551127003,-0.0002408911128539173,-8.89496199512247e-05,-0.0005954807000622058,-0.0001680355908788714,-0.00014583424769157245,-0.0016647235067856923,0.0002838790769767729,0.0,0.0006015301625235359,8.826874911703724e-06,-0.00018349000623050905,-4.930092478280391e-05,0.0,-8.26858152453423e-05,0.00014753616138540212,0.0003561489574163,0.0,0.000172931723865337,-0.0006475179622425478,-0.0007203712714000424,-0.0009222676646084482,-0.0003522376890566619,-0.000428590636678213,-6.841625779768491e-06,-0.00019047100827268318,-0.00012515195490807082,0.0,0.00010335007584199693,-9.140836547195245e-05,-0.0006070301006485326,-1.2346493973884827e-06,-0.0004420694362292732,-0.00020229246788675687,-0.0005103335520285179,-0.00153684447859229,-0.0004362336345337052,9.24471715982638e-05,0.0,-0.0004891702178623234,-0.000686642202622323,-0.00014909207723295395,-0.00028048907976800994,1.0581338823056493e-05,-2.401468612976795e-06,9.585061524490724e-05,-5.634258657854665e-05,0.00019225008000038315,-0.00011036454329849293,-0.0002798657168526257,-0.00010106162498563295,1.1928472977118407e-05,-8.219136864991403e-05,-0.0005116523101869492,6.587634805850745e-05,0.0,0.0,0.0,0.0,0.0,1.1128486715372523e-05,-2.2835531678639396e-05,5.279285122269195e-05,9.642752331475597e-05,0.0,0.0
2025-05-14,0.0006725613907990574,0.004361807521426933,1.850158977400307e-05,0.0001671372007197995,8.834720147003008e-05,0.0003023464499210758,0.006775636796372026,0.0006899580043804578,0.00020066400183793467,-2.8272975262126594e-05,-8.982259390662883e-05,0.0068479300641207785,-0.00020085661525365604,0.02160211082360807,-0.0016582998326572136,-0.00013666166531260037,-0.0003318916024044113,3.552685956466581e-05,-0.0001740565309743592,0.013531738678594854,0.000537184055781291,-0.001938730843290702,0.0005613806152101671,0.0001903275033360965,4.474372406556746e-05,0.0007130753190198784,0.00011633046133311791,-7.889682568221445e-05,0.0001589679912666852,-8.936807119516211e-05,0.001443833659512285,-0.00045321059148123195,0.0010074950656689295,-0.001293516802041475,0.0002731551771784572,-2.921767790047566e-05,6.065610135680879e-05,0.0002767232337186348,9.713858035138602e-05,-0.0002747395566656391,0.0,0.00034614999525888726,0.00043888857584873145,0.00014034706486439172,-0.00028254457896155515,-0.00016720020139166563,-0.00010493643319933289,-0.00016917356676596202,-0.00010594379032332025,-7.290248248685422e-05,-7.20637496160906e-05,0.00022024953408896964,0.0,0.00041028160104291463,-6.263600634683744e-05,0.0007938003920694292,-0.00044407042527362314,0.0,0.00010760205104448491,-9.159739412084394e-05,0.0003561489574163,0.0,0.0005361875378174128,-0.0001268968247070894,-0.0002770851058319917,-0.0011341573483960724,-0.00030031800659682123,0.0008671061775189865,0.00023600011048671523,-0.0008391489982397617,-2.44110264156616e-05,0.0,-0.0003060589465111477,-5.381597757493502e-05,7.44162713634787e-05,-1.2346493973884827e-06,-0.00032408923881103936,-0.0002631725809127835,-0.0004527651338611627,-2.5920194930730102e-05,-0.0003241107072891727,6.41155879631035e-05,0.0,-0.0004890747489077645,-0.0002798131416086249,-0.0002330558930896069,-0.0002583505933302792,-0.0004307550668715984,-2.401468612976795e-06,-1.9779689332755253e-05,-4.81449556389939e-06,0.000503893240803382,0.00043994592220304886,0.00045809556978380244,-9.57166069833222e-05,-4.0061061493943924e-05,-0.00040799882935326485,-0.000292908702180448,-0.00019060487385673915,0.0,0.0,0.0,0.0,0.0,1.6202269323454612e-05,-2.727741585231231e-07,1.1462367244420397e-05,3.478388617984805e-05,0.0,0.0
2025-05-21,0.0015317764651387785,-0.0001285768820375237,-0.0001504796439751838,3.363963632476689e-05,-0.00011799291156400977,8.377926039011875e-05,0.00922420540164144,5.9774654806050596e-05,-0.00018470052739258467,-4.607177874020729e-05,-0.0015974785081419942,0.0006916920872174688,0.0002891510400948819,-0.012404584529501259,-0.0015196177408243862,-0.0001612755624727472,-0.00022343697811887334,1.908435222756253e-05,0.0001780098807203508,0.01395826767580646,0.00021790608052610908,-0.002689150245070156,0.0002543210209966232,0.0003914503459130332,0.00011424134748913616,-0.0004705223460611192,9.792917909178298e-05,-0.00010240665408532393,0.0005163357851099868,5.2800230346084955e-06,0.0012821514302012024,-0.00045191396557346024,0.0014955723708144299,-0.0019689037594936214,-0.0002438387990847313,-2.921767790047566e-05,-4.1601352335305e-05,-0.00013710256392334124,9.46387397628467e-05,-0.000535282787899462,0.0,-0.00013902363751516867,0.00032466795846287797,-0.00021796711747196126,-0.00031672034707220007,0.00013023232060818638,-0.00013897551451799473,-0.00012440301908488003,-0.00028159108537540036,-0.00014583424769157245,0.0011966796589224502,8.737832840242914e-05,0.0,0.00012412649580017453,-5.570810328441038e-05,-0.0006632275930560927,0.00023031695290462234,0.0,-0.00029945011039299925,-1.4994711700571273e-05,0.0003561489574163,0.0,0.0002876878991258931,0.0001073878547124438,-9.597164285481008e-05,-0.0012755395440104947,0.0005539561303700557,-0.0018304582929658199,-0.00024869346834320105,-0.0004020205593604865,2.02980860281341e-05,0.0,-6.073841732112843e-05,-0.00019533017211170305,-0.0004295424699575414,-1.8363918148779682e-05,-0.00042875423404301494,-0.000286100642689515,-1.9904088751349468e-05,-0.0010814170623903315,-0.0003641048482271546,6.41155879631035e-05,0.0,-0.0009615844667142701,-0.0007006089009416926,4.517874290232427e-05,-0.000823245308356533,-0.0002776998589433671,-1.7679100918065271e-06,0.00015319041957849043,4.554661144759475e-06,0.00048309682083031856,0.0002523619185411202,-4.260298202627808e-05,-0.00016843358571330748,-9.807889831501163e-05,-0.00031134983050564775,-0.00045402927236991243,-0.00011116357615417616,0.0,0.0,0.0,0.0,0.0,1.6202269323454612e-05,3.3108929039513704e-05,1.1462367244420397e-05,3.108500319170205e-05,0.0,0.0
2025-05-28,-0.001110403688719392,-4.034547536369271e-05,0.00011107117499453494,-0.00016286292611843964,0.0002552890872011803,0.00013470208597891873,-0.009278618925974652,0.0014924559842992764,-0.00017210831560809654,5.813104893907563e-05,0.00021640222330534544,0.008555658758544925,-8.341523738435462e-05,-0.014585139749162975,0.00012994155451753238,-0.00015293625347305337,-0.00026429960756287865,1.4550975154121373e-05,0.0001330252379645683,0.016504636101008024,-0.0004354500838753554,-0.0021035148718231713,0.0005754160661729527,3.849013369960494e-05,0.0003018267363121424,0.0009487615469613667,0.0004165836945743328,0.00019471088259972373,0.0005080824291462804,-0.0007179852181275944,0.0011874377162046361,-0.0004617009168810755,0.001645960722977536,-0.001037817294331872,1.3634623647863859e-05,-2.921767790047566e-05,0.00019748481713301253,0.00038343795264910276,1.5749368486617834e-05,-0.0005056981262272719,0.0,8.38807566569116e-05,0.00013082004007354596,-6.664250697618753e-05,-0.0003487965113856201,-7.950629071128119e-06,-0.00020298856119661227,-0.0001417777589080436,-0.00023206051090616126,-0.00014583424769157245,0.0008426555161542972,0.00011527781773389449,0.0,4.5997139537486356e-05,-8.295200493466749e-05,-0.0007592657593900367,0.00029714226436438436,0.0,-0.00039576461110881487,0.00014898683532587752,3.383588613800464e-06,0.0,-0.00017060154398979615,0.0001734741479496306,4.396801298673422e-05,-0.0010404350052383145,-6.754959465420755e-05,-0.0018553187145668672,-0.0001946599135547089,0.0003730335073129318,-4.103501984173866e-05,0.0,0.0003861161194939674,-0.00019533017211170305,-0.0007834827497108733,1.274380832667843e-05,-0.00021266648646710607,0.0009285631183983753,-0.0001873306981888366,-0.0007350461268305258,-0.0001803373278096233,-0.0001870135090056062,0.0,-0.00037510207086878647,4.3249140761500375e-05,0.00033511999460467037,-0.00016469382871707865,-0.0002776998589433671,-1.7679100918065271e-06,0.00010080911133189789,-0.00011946542741655036,0.000449340092252416,8.418206047879927e-05,0.00042086552325639045,-8.654982573762349e-05,-6.389646140474622e-05,-0.0002417674755152118,-0.0004950306436957954,-0.0003083054997544622,0.0,0.0,0.0,0.0,0.0,3.5241955170910286e-05,-3.1563521106780788e-06,2.7796154661665746e-06,9.642752331475597e-05,0.0,0.0
2025-06-04,-0.0011320131077264203,0.0001383359058431312,-0.00016821681419392976,0.00030429207154877136,-0.00014442426462556057,0.00014435180222188587,-0.006262478337223786,2.5092586966025307e-05,0.00042740806073295913,-8.612814316711018e-05,0.00038867276718983635,0.006613541850198236,0.00025094038891424294,0.02973015105074302,0.0047189674637680605,3.1882224776380564e-05,0.0013801366117108076,1.4550975154121373e-05,0.00024607206229669695,0.013812794682909869,-0.0001243245557043065,-0.0020237723470186834,0.0005613806152101671,0.0002111892117257382,-0.00046910122154779994,6.116360862602784e-05,0.00021279673922946626,-0.000340916831183483,-2.403074022886294e-05,-6.0534042547459574e-05,0.000846600366157319,-0.00017262092031690494,0.0014047060074588058,-0.0014974742737691245,-9.44710136106164e-05,3.919977695675298e-05,0.0008311537477587965,0.0004126494526863557,1.5749368486617834e-05,-0.0007028880671338291,0.0,0.0001340344742638347,0.00018136335486340993,0.00027554877744874126,0.0002916278880693529,9.747488307620914e-05,-0.00013526386998444193,-0.00046642203155934306,-0.00017357287441624854,-0.00014583424769157245,-0.0013253800995158026,-0.00016689661389061747,0.0,0.0004404637832034542,-1.4829387566166375e-05,0.0004493508674072286,0.00010575242744805097,0.0,-0.0004668788601221956,0.00014753616138540212,3.383588613800464e-06,0.0,0.0001067550863066883,-1.4897747964985104e-05,2.6338027314272146e-06,-0.0007617136362803175,-0.0001425163760871632,0.0002296620272153568,-0.0001946599135547089,0.00014431461353187167,-8.53025779086369e-05,0.0,0.0002690216786005728,8.026327375321765e-06,4.582805360402853e-06,1.274380832667843e-05,0.00017156983166272225,-6.273633869503323e-05,0.00040378707794271133,-0.00040583007377130936,-0.00020293234459897966,9.24471715982638e-05,0.0,-0.00021636468327455724,-0.0013687034897009636,-0.0009430493889128649,-0.0006106973626036852,-0.0002776998589433671,-2.401468612976795e-06,0.00016371907394909432,0.00017400443915154598,0.0005233789012239774,-0.00020079615625676606,-0.0006396177977559503,-0.0001240201531039725,-3.395137392381994e-05,-8.219136864991403e-05,-0.0005810713585329707,-0.0006111970008205143,0.0,0.0,0.0,0.0,0.0,-0.0004140575676170088,-2.7160694897544777e-05,6.517097207134985e-05,9.642752331475597e-05,0.0,0.0
2025-06-11,0.0015558113425602877,9.332816560932681e-05,0.0002789703243874966,0.00010706030258942644,-0.00012058912123996674,7.797006201335238e-05,0.009169993729285036,-0.0007997123364533254,-0.000223696841620951,-0.00033265614849856465,-0.0019391163138808845,0.00028315741501340605,-0.0002008738171325852,0.018614303530983065,-0.0010577181487068947,-0.00013933161804931173,-0.00020413775821779,1.4550975154121373e-05,0.00010785212986695266,0.00953592683771602,0.0003196589627202551,-0.0016799359220480091,0.0004176583636611215,-0.0002870763656942851,-2.658470321414516e-05,-0.0010568964593029879,-0.0001484400440945865,-0.00011141329267962598,0.00017464956566395437,0.0001050160892549305,0.0012891212778864299,-0.0003388221227114014,0.001158675186641992,-0.0017305314355888154,-5.606877792892218e-05,9.353553804957781e-05,0.00022690774635296697,-0.00011199050363116549,-7.140627508510345e-05,-1.0136195985994251e-05,0.0,0.00011681137981790277,0.0002805010019456073,0.00029167167536016544,0.0002683814232403771,0.00031153397413868694,5.798798604978121e-05,-0.00013104433601965627,-0.00012177934216828237,2.1286822050831153e-05,0.0005565650805948145,7.360367865603807e-06,0.0,0.00019686532283100865,-2.5693066417272276e-05,0.0006059894632324594,0.00010458316560971122,0.0,-0.0005679170052054881,-1.4994711700571273e-05,-7.582340599340247e-05,0.0,-0.0011370928841724385,-0.0001268968247070894,0.0002859131024417922,0.000942094057044108,-6.416360070797078e-05,-0.00038208430231653745,-6.505708689079127e-06,0.000319088648685622,6.884826216038938e-06,0.0,7.802173137461178e-05,0.0006051278536145874,-0.0002433561688957956,1.274380832667843e-05,0.0001624285216149384,0.0004671433523492669,0.00042988639537352237,0.0016939983456756126,-0.00015752709344768186,6.41155879631035e-05,0.0,-0.00047205371483642763,-0.00033266377597615505,-0.0002330558930896069,-0.0006571438453066029,-0.0005732914024816719,-2.401468612976795e-06,-7.419050787626202e-05,0.0005156317125415257,0.00041719065135502196,0.00013912896781929535,9.277946529527239e-05,-5.8507833011390824e-05,-9.271972634148559e-05,-0.0004211343074588571,-0.00036165393132458465,-2.665853082075656e-05,0.0,0.0,0.0,0.0,0.0,-0.0004993366616037493,-6.132839392264409e-05,2.1416985564915628e-05,3.108500319170205e-05,0.0,0.0
2025-06-18,0.0002176380218673514,-0.0007857401404607655,-0.000276689734295637,9.012286392010378e-05,-0.00013338089297327895,0.00014435180222188587,0.008956887545118915,-0.0002844764702431519,2.779770681039177e-06,-0.0004877885645932434,-0.0018935662344833645,0.00028718156201576684,-0.0003067275317581793,-0.019559770547132267,-0.0019998714369216966,-0.00045474316216925607,-0.00022243006162983296,0.0002946210885701195,-5.830940151257995e-05,0.01020082720087524,0.0007972446478469665,-0.002281696389420696,-9.326097485055771e-05,-0.0003711622979489133,0.0002322399129769942,0.0004228270046892793,-4.944919448304092e-05,-9.941924218553663e-05,-0.0005822894268185775,8.268890692085297e-05,0.0014851931447362901,-0.00045191396557346024,0.0008836969956060384,-0.0013449128027170903,-0.0002175840740613793,9.353553804957781e-05,0.0001708370867819569,-8.889881271781744e-05,-7.140627508510345e-05,-0.00011576633900943132,0.0,-0.00023814299197834522,0.0001712590851097225,0.00010208553565485598,-1.4382153766036876e-05,0.0003193616000839255,-7.049216232405822e-05,-0.00023582232564545386,-0.00028159108537540036,2.1286822050831153e-05,-0.0009365323885028459,-0.00017824378550428,0.0,4.01217611190789e-05,-2.9064667940604422e-05,0.00022243869337176868,0.0002319619412062355,0.0,-0.0004693711121401682,0.00015175338562765326,-7.582340599340247e-05,0.0,-0.0001430088924927987,8.052332772961694e-05,-0.0009158847701863488,0.00011906205057479985,-0.0004292510906908246,8.873277866814153e-05,5.4344786681550645e-05,-0.00042211869455869655,-1.3347992604970456e-05,0.0,0.00019268966540883986,0.0007310808246838949,-0.0005066870523628287,1.274380832667843e-05,0.00010513981635697177,-1.3399632897670387e-05,-0.00045384873642115276,0.0011686389211026077,-0.0003693936663399849,6.41155879631035e-05,0.0,-0.0005734150175402001,-0.00046420256557910854,0.00019773533692879784,0.000718460470904635,-0.0005732914024816719,-3.0156467495984547e-06,0.00039383934601050345,0.0002026204216378682,0.0004339593732593989,-0.0001611542209658005,5.862507772540763e-05,-0.00016843358571330748,-0.00027074640293616933,-0.00030679601161397293,-0.0005179740855823057,-0.00028790493421510866,0.0,0.0,0.0,0.0,0.0,-0.0004993366616037493,-3.6224909859093284e-05,2.0817981395204795e-05,3.108500319170205e-05,0.0,0.0
2025-06-25,-0.001365816325360808,-0.00046135857024358687,0.0001354786627474202,0.00023003812220823226,0.0003191937084823257,4.408116029029218e-05,-0.010474941897377516,-0.0005173805954280134,0.00032190411682450317,-0.00013314229600322315,0.00016435583096713162,0.005322178127057498,-8.701823944750096e-05,0.0056284463548552386,0.004379929784181064,-0.0004866192919078535,0.0007705368878519754,1.4550975154121373e-05,-0.00026233252786636753,0.013036033136118891,-0.00012326869941895803,-0.001898637560044372,0.0005613806152101671,0.000273629786382404,3.6756678104050476e-05,-0.0006783051398273085,0.00015302568880176302,0.00010886361365838748,-0.0005199081561985667,-6.0534042547459574e-05,0.001316120897461505,-0.0002947358362033767,0.0001116511997803863,-0.0014336893241741232,0.00022784916333505156,-5.25347759133408e-06,-0.0005251660494026547,0.0004995845532611942,-7.199125449675311e-05,0.00011050418520380676,0.0,3.0773552911672243e-06,0.00023818843287385066,8.596263774343182e-05,-0.0003007054375713686,3.3153210324470093e-06,-0.00018270577734195103,-0.00025503650742552867,-0.0001247985815551381,2.1286822050831153e-05,-0.0005029577518151444,-0.0005315943062079443,0.0,-1.4668084868799314e-06,-3.3418173037620085e-05,5.357542894745618e-05,0.0007129980496019133,0.0,-0.00011481076581441622,0.00014898683532587752,-7.582340599340247e-05,0.0,-0.0011412852443886939,-2.565893966425048e-05,7.228634548251295e-05,-0.0011164938768286085,-0.00016460187757844834,-0.00038346110768219024,-0.0001946599135547089,-0.0012910858567881534,-1.4758973286865294e-05,0.0,0.0006303350059054863,0.0005698309914810365,-0.00046403383120173264,1.274380832667843e-05,-4.7422643891351934e-05,0.0003501995206782128,-0.00014635406768450407,0.000639822686549458,-0.0007222872401730984,-0.0001870135090056062,0.0,-0.0002972821638584303,-0.0003055840174468939,-0.000275088592028392,0.0005671829706359261,-1.2093478250095607e-05,-2.401468612976795e-06,-0.0002879229877682446,0.0004837554457755942,0.00029262403636711717,-0.00014135857475692403,-0.00028614116809969476,-9.463101281310176e-05,-0.00027577648422248067,-0.00044733112532706256,-0.0003233417601886013,-0.00048757202443633504,0.0,0.0,0.0,0.0,0.0,-0.0004140575676170088,-6.132839392264409e-05,2.1039916230196344e-05,4.72171482249094e-06,0.0,0.0
2025-07-02,-0.0010711639721360101,0.002325746355587629,0.0002931155752478449,6.200818629496702e-05,0.00013024668439508746,0.00010081318425585853,0.007040506643506435,-0.0010937191924098185,-0.00012246695232624122,7.37634006453254e-05,-0.0019371775307508558,0.0006336484872403236,-0.0004630414528007403,0.024346666412023467,9.011428394519258e-05,-3.1532845446665824e-05,0.000894881854098961,7.253945474933317e-05,0.00028634803695831197,0.009439690832462789,-0.0006628071064154204,-0.0020812563646174817,-0.0006429773007181313,0.0001194378467808065,-0.0003315211318277496,0.00034888887230889753,0.00012864888577990226,-8.398802857121471e-05,0.00018186599052169195,0.00021980379000075787,0.0012690385176084425,-0.0004296163515102704,0.00011891539687372359,-0.0011373539233981212,0.00015608164107370925,-0.00021705430995370124,-0.00024579281545923675,-9.180426524928509e-05,-7.13698877034084e-05,4.138907516015729e-05,0.0,0.00014337104077988266,0.00024331121221535723,-0.00022193701871626263,0.0004887814047934121,-0.0002623471322782887,1.8949049905087733e-05,-7.720981933434154e-07,2.343406506537351e-06,2.1286822050831153e-05,-0.0005762727538821479,0.000133929399933527,0.0,-6.372838556222334e-05,2.0746150017225853e-06,0.00033503094061327883,2.1792080999159146e-07,0.0,0.00033484395226249567,0.00010313217278604604,-7.582340599340247e-05,0.0,-0.00022189034208884836,-1.2042846102888216e-05,0.00040539538514511775,0.0014805859118682844,0.0002441257703856748,0.00041285018581427535,0.00025285655831484323,0.0002413977555504758,-2.5265145103996167e-05,0.0,0.00040088726455763394,-4.591611477208024e-05,-9.027839332421099e-05,1.274380832667843e-05,-0.0002339033756695773,0.00010378354710387206,0.0003862418856012994,0.0012760637226801718,-0.0004961640052842705,6.41155879631035e-05,0.0,0.0005205980450723096,-0.0007609899663391261,-0.0008820254639517103,-0.00044687943076846687,-0.000277987181314555,-2.401468612976795e-06,3.112538712517749e-05,-0.0003333638963050409,0.0005348083199587047,-0.00037768734625484037,3.027533658711474e-05,-3.5426673218009344e-05,-0.0007389011454600634,-0.00026851635458381966,-0.0001892993134950515,-0.0001701900329616395,0.0,0.0,0.0,0.0,0.0,1.6202269323454612e-05,0.00019227850531361494,2.4541794561049057e-05,-7.237109892930681e-07,0.0,0.0
2025-07-09,0.0004742174746907577,3.1124144428897047e-05,-0.00018509124727099477,0.0002231432080367567,0.0003368537799115667,-0.0001621794538200806,0.009814414753295758,0.0008467198878722253,0.00021092668316733234,-0.0002927372678902746,-0.0013843597699474553,0.004288572770665689,0.0002843705227946843,0.020345616372583357,-0.0020082886543402443,-0.00018172391155970124,-0.00039753484724561726,1.4550975154121373e-05,-6.220683149497702e-05,0.005051934640005111,-0.0003461614985123875,-0.00166378675327661,-0.0005286448225475182,-0.00027732807671574885,0.0003478094254402133,0.00014384904111215636,7.64547634570028e-05,-0.0001400600076934554,-0.00015377834914526018,7.534335061376751e-05,0.0005986327573387958,-0.0004296163515102704,-0.0003273372687658829,-0.0014301120035687723,0.000327101434429008,0.00021714012578324314,-0.00036908590297997325,0.00037891949382143055,-7.301428081511921e-05,4.138907516015729e-05,0.0,1.5410499979045988e-05,0.00029084843087812833,-0.00022193701871626263,0.0003105931498875653,4.706044957996249e-05,7.478265757451577e-05,-0.00036973441048346973,-0.00013815378830077342,2.1286822050831153e-05,-0.00042759275871018693,0.00045156807166443205,0.0,-6.920221490630933e-05,1.2074277009352752e-05,3.248028282038568e-05,0.0008261726606337433,0.0,0.000239892591109174,0.00010313217278604604,3.383588613800464e-06,0.0,-0.0006483650749710765,-0.0001268968247070894,0.00027697015139650295,0.001028637712393613,0.000413936998283176,0.00041296957348015086,0.00025285655831484323,0.00031139517602982923,-7.376469947435654e-05,0.0,0.00038180530577478866,2.262630067320582e-05,0.0002636929390523095,1.274380832667843e-05,-0.0003122420950435238,-0.00013466456225249982,0.0010250064093152043,0.0024525181242025865,-0.00018510117433495938,6.41155879631035e-05,0.0,-3.2844314385174326e-05,0.00018073076954772262,-0.0002468457305622121,-0.0003731332971002099,-1.126304238685683e-05,-2.401468612976795e-06,0.00010209005111696454,0.0002106858750273446,0.0004687789675731272,0.0003493409188107091,-0.00023472765857059541,-4.328501508301896e-05,-0.0007389011454600634,-0.000523392166777837,-0.0003500733333735474,9.495115052008329e-07,0.0,0.0,0.0,0.0,0.0,1.6202269323454612e-05,0.00019227850531361494,4.7477068885594026e-05,1.3153173297823588e-05,0.0,0.0
2025-07-16,-0.0009560828909478472,-1.2343582283652285e-05,-0.0001969300131529475,2.7734536377136556e-05,9.742890191156574e-05,8.102223593322859e-05,-0.007376606753214605,0.0015183138397235627,0.00019346587519391068,0.0002522687365855516,-4.8250127503274005e-05,0.0002971011744740468,-0.00043936355979283076,0.030871789743727264,8.018950790135619e-05,-0.00011165800227883296,-0.00032003846093294657,1.4550975154121373e-05,0.00035480755855773203,0.016166889350175687,-8.66105624889369e-05,-0.0020141203887844095,-0.0005286448225475182,0.00020429565001581573,0.0006817168973927848,0.000455777262427288,0.0003744209945012672,-5.221890455825723e-05,-0.00015254094688441782,0.00021388698546413571,0.001082338218182339,-0.0004296163515102704,-0.0002474122877914013,-0.0010612172104385374,0.0006766304396298877,-5.703340195494286e-05,-0.000497901280950816,2.798717349805034e-05,-7.03468613850423e-05,4.138907516015729e-05,0.0,-7.04962727812265e-05,0.0004885979338793459,-0.00022193701871626263,-0.00018936576329811283,-0.00020230873701374143,-0.00014549864581472582,-0.00011114560997609591,-0.0002727602013319873,2.1286822050831153e-05,0.0007041983285328454,4.117564590101496e-05,0.0,-0.0001269779457480841,-9.0194394315808e-06,5.7372823489350616e-05,-7.56535397829757e-05,0.0,0.00014986900399984734,9.895956830596683e-05,3.383588613800464e-06,0.0,-0.0011363487236056937,-0.00021582973421358688,0.00027697015139650295,-0.000315633139798986,-1.3320258832430764e-05,0.00041296957348015086,0.00018057712143223326,0.0008468024122704622,-7.728385991032877e-05,0.0,0.0005974946001098917,-4.591611477208024e-05,-0.00046403383120173264,1.274380832667843e-05,-0.00025610035451937034,-4.625902347608507e-05,-0.00029194925017579035,-0.00016558067920660423,-0.00048584683975131765,-0.0001870135090056062,0.0,-0.0006585770048963599,-0.0005565334491278595,6.790414147256346e-05,-0.0005772577064150924,-1.126304238685683e-05,-2.401468612976795e-06,0.0001527135453336968,0.0003640266339077081,0.00012738726403452926,8.006078445448659e-05,-2.0665347654744087e-05,3.892493656020741e-05,-1.2644955534227829e-05,-9.779331783284293e-05,-0.000609418732611068,0.00011620271570197835,0.0,0.0,0.0,0.0,0.0,3.5241955170910286e-05,0.00019227850531361494,2.4541794561049057e-05,2.740748466678438e-05,0.0,0.0
2025-07-23,-0.00038262422561001084,0.00011513713551850933,-0.00018586494343571464,0.0002856385216976246,0.0003368537799115667,0.00014435180222188587,0.006895193300007108,0.0012506847800564079,-0.00041255383772710206,0.00020332290579401255,-0.00048687680449192503,0.006473776073181985,-8.589077764689095e-05,-0.001624118092496969,-0.0020860968878149227,-8.338215985908652e-05,-0.0003263385193931562,1.4550975154121373e-05,0.00012871821703763602,0.010094596429145997,0.00011999726527486536,-0.0016327228394047257,-0.0002305914932859349,-0.00033991552462765256,-0.0009494439656060219,0.0007493628004651922,0.00013655881782919095,0.00012853648574770034,-0.0004624949110821075,7.534335061376751e-05,0.00046832749350253326,-0.0004722702943538217,-0.0001516561535734339,-0.0017416852279132941,-0.0007950443827864139,0.00021714012578324314,-0.0009536865078352626,0.0002674841368373698,-7.301428081511921e-05,-5.365351380872535e-05,0.0,-0.00022201510244595455,0.00025526378250128185,-8.068448661177564e-05,1.6359406696694168e-06,2.754844875258426e-06,-0.00014118775382973163,-0.00013888568839254175,-0.00010768346436602566,2.1286822050831153e-05,0.0004114180576481024,0.00019579483775569295,0.0,-0.00014154320556635208,8.601034047954314e-06,1.6685031918509726e-05,0.00030646237624076263,0.0,-0.00020140879235075367,-2.269214282140454e-05,-3.112658950158457e-06,0.0,-0.0021079552044877374,0.00022852229519463845,0.0001633063810746859,0.0010944364028714192,-5.8514682827151324e-05,0.0004346871871361647,-0.00024221163674594695,0.00022644649965967474,1.2295422071390354e-05,0.0,2.0911112826657986e-05,-0.00011888789386356219,4.582805360402853e-06,1.274380832667843e-05,-3.9066730778953594e-06,0.0005294635902007763,0.000682111374904142,0.0011720085544759985,-0.0001914295456811122,0.00020823042384429647,0.0,-0.000898809917568713,-0.0019079206638674092,4.517874290232427e-05,-0.0007122524182815605,-1.126304238685683e-05,-2.401468612976795e-06,8.553620566868426e-05,7.317791717719482e-05,0.0003720052518469022,0.00039607936648800203,-0.00020238937959736274,-5.402504931288778e-05,-0.0001904926178789802,-0.00039435802144961697,-0.00028813097875220054,-7.789992818387992e-05,0.0,0.0,0.0,0.0,0.0,1.6202269323454612e-05,-0.00011208138429859461,2.0817981395204795e-05,3.0359037950395944e-05,0.0,0.0
2025-07-30,-0.0008545414833777331,1.726446348381922e-05,0.0004778524966451293,0.00035318252152481276,-7.56675500673396e-06,0.00025390297988663236,-0.008223742640269219,0.0009119340200878396,-0.00029711553460573016,0.0005311305823227366,-4.5623713401005865e-05,0.00730241778578851,9.8088557095465e-06,0.009362671910616524,9.652009672615186e-05,0.0003603526941791871,0.0010895038394001153,1.4550975154121373e-05,0.0006559780969796259,0.015215486187575794,-0.00018392710561003758,-0.0021264955216146134,-0.0002305914932859349,-0.00011285292685589993,-0.0002896049967234415,-3.822124434741783e-05,-8.021310816760448e-05,-0.00030071579367260595,0.00015848144822443782,-2.436639837759271e-05,4.3367258474158086e-05,-0.00046248334304620643,-3.284852921352528e-05,-0.0011450055725102588,-3.3739339061217284e-05,9.966725550956238e-05,-0.0010126741578508954,1.7923473136435647e-05,-7.296411440773173e-05,-8.323817548091543e-05,0.0,-0.00040370006650376577,0.00029761923744064196,-0.00017555943667315365,-0.00010197346038307104,0.0001522349852910525,-8.620109003088963e-05,-0.00040818192618761014,-0.00023199160908965455,2.1286822050831153e-05,0.0005678917450469802,-0.00013587469875504405,0.0,-0.0007149770519148562,-3.456896038789277e-05,-0.00014799386256387248,0.000664009308211669,0.0,-0.00015969180173599812,-0.00029696377013380744,0.00012094714183951858,0.0,-0.0013551957893125838,-3.286480914333297e-05,-0.000385526677329168,-0.0002200033931541281,-7.74314212097235e-06,0.00016484515926580532,-0.0001946599135547089,0.0004883601173686717,-1.56762461285463e-06,0.0,-3.178390985727588e-05,0.00018451734395036706,-0.00046403383120173264,1.274380832667843e-05,-0.00025610035451937034,-0.00039750738945434346,8.409241545284485e-05,-0.00016701366591320395,-0.00037238143286681165,9.24471715982638e-05,0.0,-0.0006378643284827473,-0.0019829328492984976,7.948909798265439e-05,-3.236464480754719e-05,2.1607303345001446e-06,-2.401468612976795e-06,0.0001527135453336968,0.0010361524216285737,0.0005890254802991536,0.0005438634171512481,-0.0004248684031470609,1.4417425262929656e-05,-0.0006151231160401566,9.90159126143536e-05,-0.0003874789838772863,0.00034672881795452836,0.0,0.0,0.0,0.0,0.0,3.5241955170910286e-05,0.00019227850531361494,2.1039916230196344e-05,3.0359037950395944e-05,0.0,0.0
2025-08-06,-0.0005868058712058173,-4.808171300671744e-05,2.5666077100949616e-05,0.0006703496676091102,0.000577625087189662,0.00013470208597891873,-0.002294983316645402,0.0009174657298031297,-0.0003933344582284725,6.566195708749618e-05,0.00031533513479765094,0.006969141094174763,0.0002825288351013738,0.027799573925037954,0.0055531303113077616,0.003552378644250232,0.0011069673197348592,8.26162339074799e-05,0.00026140860931341513,0.011135895004330107,-0.00011643683811495987,-0.0015666842920262374,-0.00011717377384238493,0.00022289329474830586,0.00011315199193171827,0.0007305040562503018,-0.00048482891876428305,-6.030894659972614e-05,-0.0007595843750932854,-2.436639837759271e-05,-0.0003149907920354262,-0.00029232580002486967,-0.00017293885088806723,-0.00230191196785926,0.0005811502462331785,-0.0005694453592561001,-0.001190260980892377,0.00037878587129176847,-7.296411440773173e-05,0.00046975775685501357,0.0,-1.7943861607266993e-05,-0.0005090049529871609,-1.6685659290880685e-06,-0.00017861809183460702,9.905867821384869e-05,-5.996635195796149e-05,-0.00046642203155934306,-0.00026246193302440233,2.1286822050831153e-05,0.0011607778981659567,-0.0002621336600940843,0.0,-0.0007721890146534171,1.5117265961519526e-05,9.209881578910105e-05,1.3742570048689999e-05,0.0,-0.0008669726396539926,-0.0005893101179402178,-5.683409301632459e-05,0.0,-0.0009822981781406055,-0.0006475179622425478,0.00011112414092635007,-0.0012263075901592978,-0.0004408978931359428,7.997866736583187e-06,-0.00024869346834320105,0.0006599082116729083,-9.368877595426956e-05,0.0,0.0012237407747472083,-0.0001524602387791866,0.0003197635386593461,1.274380832667843e-05,0.00017156983166272225,-0.0002323274948747128,-0.00014881701678290518,-0.0005853947282106297,-0.00048095428741267105,9.24471715982638e-05,0.0,-0.0012148334097517991,-0.0016633930425703426,-0.0006622580898577652,-0.00026228502699708985,2.1607303345001446e-06,-2.401468612976795e-06,0.0001527135453336968,0.0001612291344315498,0.0004248932945765443,0.0005604526748286879,-2.03882084538444e-05,3.7375953381269195e-05,-0.0001927387336777719,-0.0002541184651003543,-0.0005474421597975367,0.00021239020697581102,0.0,0.0,0.0,0.0,0.0,1.6202269323454612e-05,-2.7160694897544777e-05,-0.0002654604111686806,3.0359037950395944e-05,0.0,0.0
2025-08-13,0.0006685139862019394,-2.154217124183087e-05,-0.00023440396878685897,0.00015013304573165332,-7.266489542913894e-05,0.00013470208597891873,0.008768477388044675,-0.001063731691886123,-0.00022388695124399426,-0.00036153242852255275,-0.0007620424719898508,0.004992799290089682,-0.0004630414528007403,0.019334452856152196,-0.0021155216436383366,0.0001758029311119755,-0.00037228104217277354,8.26162339074799e-05,-9.009809122472873e-05,0.006465164360193584,-0.00046272507873941217,-0.0019086579121757217,-0.0002162906108649489,-0.000268478720961795,7.01571748951673e-05,0.00017972208396221869,5.279159055451049e-05,-0.00015244470916390613,-0.00039703621328700543,6.832991248911358e-05,-0.0005911380354015033,-0.00045852700241936605,-0.0003319793022717106,-0.001431272228734854,0.00038189302687572263,-0.0002748700134586753,-0.00039289802124478027,0.0003506785604912556,-7.301428081511921e-05,0.00010292712229814405,0.0,0.0007265497050238966,-0.0005103094011245875,-0.0003553206196884513,-0.00027413669120057206,0.00031153397413868694,-7.507459306024588e-05,-0.0003377619505076946,-0.00013815378830077342,2.1286822050831153e-05,-0.0008036309430013718,-0.0004383731266453594,0.0,-0.001388187026086566,-2.7619406682234144e-05,4.75126747926532e-05,4.575315284317027e-05,0.0,-0.0002239193572899642,-0.0005072747141752998,-3.112658950158457e-06,0.0,-0.0010852629135754566,-0.0001268968247070894,0.0002103937881829513,0.0009548068419651715,3.077787170689293e-06,6.635613710314152e-05,0.00024248194208396933,0.0005250321862946385,-2.997010981945676e-05,0.0,0.0004988963361928927,-8.449154330639956e-07,6.689815283581265e-05,1.274380832667843e-05,0.0001624285216149384,0.0003361706478554504,0.0009345465175082008,0.0012202713497508806,-0.00016623310711969065,6.41155879631035e-05,0.0,-0.0006745962407140945,-0.001425624145893364,-0.0002330558930896069,-0.0007193867061690648,-1.126304238685683e-05,-2.401468612976795e-06,-4.661178570213712e-05,0.00032836770967423673,0.0006213425352887123,-6.477795627458788e-05,0.0002487719347736964,-1.8357543161767124e-05,-0.00011183765559069853,-0.000602828771493752,-0.00026111037195395185,-0.00016197977491406735,0.0,0.0,0.0,0.0,0.0,1.6202269323454612e-05,-2.7160694897544777e-05,-0.0001966195397688718,2.1430981117056565e-05,0.0,0.0
2025-08-20,0.0006976125682840919,-0.0007717978564935095,-0.00021969952504537397,2.5025643334100397e-05,-0.00020236941985026232,0.00014435180222188587,-0.005142764298896357,-0.0010201041504943667,-0.00016310740321793222,-0.0002672698768276529,-0.0006294684293172113,0.006072947329181406,0.000548094556860377,-0.0067694073344873535,-0.0013392614747594416,7.399450026768857e-05,-0.00047334205427726104,0.0002785299909949443,-0.00028924684245457594,0.010993820771021493,4.11677523155301e-06,-0.002262695090250338,-7.063151253980809e-05,-0.0001882003022051207,0.00024617489853953286,0.0003584078325809772,-2.256804582707309e-05,-0.00017316000986830304,-0.0004972468097316896,5.647710293335919e-05,-0.00032370897711504466,0.0006261676459521908,6.7321397319522214e-06,-0.0013629541021667536,0.0009240342946138156,-0.0002748700134586753,-0.00034814836707578443,0.0003169107114098278,-7.296411440773173e-05,8.96128147762023e-05,0.0,0.0007914751504007158,0.00027989005775442356,-0.0002488674371142446,-8.089659550369144e-05,0.00010775535715509867,-0.00022979215903842412,-0.0002079662609065061,-0.0002718422951036584,2.1286822050831153e-05,-0.0005470927674795534,-0.0006688399865834598,0.0,-0.0015522707688695203,-3.109264964363258e-05,-4.810998237628248e-05,4.366548539133761e-05,0.0,2.2492001141217045e-05,-2.269214282140454e-05,0.00012094714183951858,0.0,-0.0014611597309747736,5.258649254402885e-05,0.00010305926316978764,0.0011317975252152668,0.00044624663848342354,7.888239944057654e-05,0.00025285655831484323,0.000396795592216501,-4.494145128211184e-06,0.0,0.00038573091128644554,0.00038446873209760547,0.00044745112721403046,1.274380832667843e-05,-7.87609327889289e-05,-0.00018094862106540023,0.00036692512452976843,4.826071322355002e-05,0.0001957578280953269,9.24471715982638e-05,0.0,-0.0006762577465438747,-0.0006521123235553776,4.517874290232427e-05,-0.0006553880882343205,2.1607303345001446e-06,-3.0156467495984547e-06,8.980358271650037e-05,9.036535374306359e-05,0.0006923611905626816,-0.00021605831278751156,0.0003313213447731552,-0.00014161637104699018,-0.00021997940058293263,-0.00039435802144961697,-0.0004726644927868264,-0.0004718669199129626,0.0,0.0,0.0,0.0,0.0,1.6202269323454612e-05,-2.7160694897544777e-05,-0.0002251811654247986,1.8212191567386636e-05,0.0,0.0
2025-08-27,0.0010470458283317941,0.00016744303798204408,0.00010701526962961364,-2.2422803684137456e-06,-0.00048005898176102215,0.00013470208597891873,-0.010772934053843495,-0.001365204690658331,-9.8873114371769e-05,-0.0002672698768276529,-0.00035674129860924783,0.007697755004390423,-0.0003080620029760069,-0.01012752590323687,-0.0019206854197553022,0.00012295454203044718,-0.0004660741832947015,0.0002785299909949443,-0.00019046153668626523,0.011467919958234584,-3.55684646371672e-05,-0.0015583336489188655,-7.063151253980809e-05,0.00013874207250325738,-0.00012564038017128846,9.360713092960806e-05,-0.0006369408969039897,-5.1839219783881276e-05,-0.0003870710393643472,5.647710293335919e-05,0.0003792384280059254,0.0006162443949088887,-1.1114837835371925e-05,-0.001079790087703067,0.0011676001802415352,-0.0002748700134586753,-0.0008450663863278084,5.972863260124401e-06,-7.296411440773173e-05,7.709886949693661e-05,0.0,0.0007914751504007158,0.0004076501811074881,-0.00025501294662363754,-0.00010751942966411783,4.964611934894458e-05,-7.630112997410826e-05,-0.00022421844450365403,-0.00011774097931653636,2.1286822050831153e-05,0.0002462161060835554,-0.0006688399865834598,0.0,-0.0012378777986971525,-3.871346111553753e-05,0.0003365432093545064,4.366548539133761e-05,0.0,-0.00029295088547253887,-2.269214282140454e-05,-5.683409301632459e-05,0.0,-0.0005504161051057734,0.0002517195801579099,-0.0006764379266999943,-9.07698520244033e-05,0.00021446296941058399,7.338665080429944e-05,0.00021381551180466518,0.0005367506350990593,-1.915061295683577e-05,0.0,0.00038573091128644554,0.00038446873209760547,0.0003197635386593461,1.274380832667843e-05,-9.496545665898834e-05,0.0004206057575486847,-0.00025831774062969737,0.00047603575990213143,0.00020202255203237977,-0.0001870135090056062,0.0,-0.0006762577465438747,-0.0007941535673709516,2.5133391699596513e-05,-0.00019246788504980405,2.1607303345001446e-06,-3.0156467495984547e-06,-4.903579314802323e-06,0.0010162276495947469,0.00046614594284158443,0.00026397805233538386,0.00045356927771681495,-0.00021244651436843118,-0.00028268219900618217,-0.00012103497182311683,-0.0004024452851319962,0.00027365351335489137,0.0,0.0,0.0,0.0,0.0,3.5241955170910286e-05,-3.3454219173680756e-06,-0.0002251811654247986,3.0359037950395944e-05,0.0,0.0
2025-09-03,0.001059152523743064,-0.00040871636227538053,-0.00040469583079087376,0.000215061283931379,-2.5672094233298215e-05,-0.00011864083585405326,0.006827883668938712,-0.001263566247099981,3.228343954729744e-05,-0.0001882256553949068,-0.0020161356297978637,0.005184121570228242,7.610969551395299e-05,0.002216618527487239,0.0018650751972557641,0.0005921591832005836,0.0009815408143955713,2.9487870782737923e-05,-4.913324395929508e-05,0.007626830546157953,-0.0002618384479858902,-0.002560520606587901,-0.0003634010268657486,7.288993270333927e-05,3.039238846575562e-05,8.275578133071211e-05,-0.0004741171786568965,-0.00022856556678169977,-0.00018679059562608892,6.832991248911358e-05,-0.00010390568876487142,0.00021295527916779586,-0.00019565238402661928,-0.001568626084708113,0.0002346003045034039,9.41928362353893e-05,-0.0004971257693960384,0.00029972985487460973,-9.92744510896428e-05,-0.0005503711996636041,0.0,-0.0006530802348833487,-0.0008259856055740137,-0.0002289265912564574,0.00019760057364098547,3.316678730972561e-05,-0.0001244452633788717,-2.239904292513325e-05,-0.00010768346436602566,-5.474688537364563e-05,-8.515959763033167e-05,-0.00026293632086741073,0.0,-0.0002853574699391288,-0.00015294786255950625,-6.494925590577009e-05,0.00046270625382975215,0.0,-0.0005779316273609596,-2.269214282140454e-05,-0.00024793338364583167,0.0,-0.0025555760368698647,0.0001073878547124438,4.6572048056667736e-05,-0.0011994235748921931,-0.00022555926883062731,-0.00039148327883987353,0.0002692385008591471,9.584251566376105e-05,-2.1257211251269258e-05,0.0,0.00043842593397037943,-0.00015909054721067122,-0.00046403383120173264,1.274380832667843e-05,-0.0003403873538697014,-0.00018867361083687567,-0.0001984768288005591,0.0005223487250163078,-0.00011090990433591791,6.41155879631035e-05,0.0,-0.000602151390640832,-0.0012077704065263889,-2.002863274614698e-05,-0.000422831813391854,2.1607303345001446e-06,-2.401468612976795e-06,4.767923257345777e-05,0.0006617390704781284,-0.0015745820925066084,0.00013235415399483075,-0.0003593757704534166,-4.0130335739983256e-05,-0.0002023717681878552,-0.0001436905240241278,-0.0002738199686331186,-6.900692585270037e-05,0.0,0.0,0.0,0.0,0.0,1.6202269323454612e-05,-2.7160694897544777e-05,1.7151881059228842e-05,-0.00032072104921254755,0.0,0.0
2025-09-10,0.0011851444320109994,-0.0010801427014805237,-4.957001388546311e-05,-0.00029418756405364077,-7.266489542913894e-05,-3.033097664130114e-05,0.011289170240771739,-0.0005063020313218975,-8.725369919142928e-05,-0.0005347309409715149,-0.001671954099935289,0.004027241343324264,0.0006065686293227322,0.00016454397639637967,-0.0016912341390083652,0.0002635160151502364,-0.0002777882111591955,0.0002946210885701195,-0.00014768063639294227,2.0050981082263186e-05,0.00016851399863825124,-0.002217033423561314,-0.00024426054101646714,0.00035343347916445784,9.8463748299067e-05,0.00041752848101729145,-0.00010731609541019793,-6.205351334124742e-06,-0.0005031080656110297,6.832991248911358e-05,6.53554856792135e-05,0.0003570628273116734,-0.0002598459222092401,-0.0012110941333277339,-0.0005927028766213089,9.41928362353893e-05,-0.00020286388161906666,0.00029972985487460973,-6.0104578060550625e-05,-0.0005608189374918107,0.0,-0.0006608376506115303,-0.0007104604267847727,-0.0002289265912564574,0.0003867613444561933,-2.211470435806684e-05,7.153146244739664e-06,-0.00022503251152746295,-0.0001589401792334963,-0.00014583424769157245,-0.0002997145308726467,-0.00029205685390252915,0.0,-0.00040258074631005763,-0.00014931704434626512,-0.00010473356174381092,-0.0007949186057609396,0.0,-0.00037470193477567946,-0.00027285254166742047,-2.8700322396304565e-05,0.0,-0.0011869373399576502,0.0001073878547124438,8.198334691650991e-05,-0.0007066939787740032,-0.0008437596458455608,0.0001009049093194475,0.00024750905093107867,-0.000261928925466482,-5.629350149541401e-05,0.0,0.0004081797453355149,-0.00015909054721067122,-0.0006684763967206827,1.274380832667843e-05,-0.0002397212456178368,-0.00020491434109959605,-0.00010124630684869225,-0.0005763953080639846,-1.4924349846963446e-05,6.41155879631035e-05,0.0,0.00014250665654722504,-0.0010667415434575953,5.060172784955329e-05,-0.0003500604617713257,2.1607303345001446e-06,-2.401468612976795e-06,4.767923257345777e-05,0.0002443945789777962,-0.0020323631346826237,0.00014006271357991476,-0.00027936790393325354,-0.0001506571542025896,-0.000104836011877822,-0.00034049975447132436,-0.000203849131923052,7.476619508539251e-05,0.0,0.0,0.0,0.0,0.0,1.6202269323454612e-05,-2.7160694897544777e-05,2.1489449838857818e-05,-0.00033339963345859126,0.0,0.0
2025-09-17,0.0014328150177718394,-0.000838951124483279,-2.7260372524805233e-05,-0.0002313752645789515,0.0002697434935711894,-3.033097664130114e-05,-0.005946982536266818,-0.0010659906493425348,0.00014194928796304153,-0.0003404741035582536,-0.0015979247247963576,0.00024239926369643128,0.00066332989326591,-0.00555465165224418,-0.0016361662423531181,0.00031034883994217766,-0.00040746909465900566,0.0002946210885701195,-0.00038384746886774117,-9.166505292483683e-05,0.00018353740265975824,-0.0020853406790319376,-9.434096623466626e-05,7.374559952350782e-05,0.00029769640240039406,2.619676654299884e-05,0.00020180328299863315,5.453951433140554e-05,0.0007089927761981523,0.00019727732905114895,0.00016212874939392413,0.00039582505738022203,-0.00029486441363316346,-0.0016624185844870635,-0.00013414686375320289,9.41928362353893e-05,-0.00014486852779732975,-8.898388247519069e-05,-5.850207604382281e-05,-0.000803475780534967,0.0,-0.0006697291682025296,-0.0005073065887882542,-0.0002289265912564574,0.0003562533536352364,-0.00026207818283719103,-0.00021683825602010937,-0.0004669122862074672,-0.0003744527206103886,-0.00014583424769157245,-0.00024177496254704112,-0.0005195011103239906,0.0,-0.0006004069886456895,-0.00014658606175401454,-0.00015031755471092283,-0.0006161212490003237,0.0,-1.6538924699808447e-06,-2.269214282140454e-05,-2.8700322396304565e-05,0.0,-0.001573195457035907,5.258649254402885e-05,2.4578009328304816e-05,-0.0013021271857137648,-0.00023430079093796213,-9.6494244044548e-05,-0.00012623020718233408,-4.967202548006513e-06,-0.00012503065820532123,0.0,0.00035548472265158103,-0.00016897638693830772,-0.0006421527679558326,1.274380832667843e-05,-0.0004809107000217041,-0.0003090166737641732,-9.0864179044732e-05,3.352465285842398e-05,0.00011048529618848835,-0.0001870135090056062,0.0,-0.00075315487655207,-0.0010621950687026442,-4.6853076981822216e-05,-0.00030461294437692524,2.1607303345001446e-06,-7.458706520584296e-06,1.1650266133477952e-05,0.0003081320994401355,-0.0020323631346826237,8.772564622170315e-05,0.00018251895006439706,-0.00014368707961123797,-8.060791405949946e-05,-0.0004677301255617679,-0.0004532239720196071,-0.0004985845921956007,0.0,0.0,0.0,0.0,0.0,6.125454254657617e-05,-2.7160694897544777e-05,2.1489449838857818e-05,-0.0002425509440740361,0.0,0.0
2025-09-24,0.0011237685426599023,-0.0007746800503949249,-8.619238643872075e-05,-0.0004430006078877276,0.0002697434935711894,0.00011371455038869384,-0.014168903341309248,-0.0011622639128959131,5.731729632154405e-05,-0.0002871290839901367,-0.002284140514138974,-0.00017736983906948523,0.0003104640804370555,-0.008701764790874054,-0.0015269847078126435,-0.00019433352311047498,-0.00038952551714647836,0.0002946210885701195,-0.0003592831228218435,-0.00046410650892116144,0.0002330006609807345,-0.0027561699928779857,-0.00014333732981677272,7.374559952350782e-05,0.0003590008475979734,-0.0009964911273480767,-0.00033453523904692565,-8.957713789973724e-05,-0.00044577858950530137,0.00019727732905114895,-0.0013455013738757763,0.00039582505738022203,-0.00017016596648869358,-0.0013900522431666276,0.0008975709113241544,9.41928362353893e-05,-0.00022704554461784596,-0.000399921730624894,-0.0001472155589381724,-0.000803475780534967,0.0,-0.0006724571124394125,-0.0007517567339703895,1.2283491046485758e-05,0.00035052026850676326,-0.00026207818283719103,-0.00026979396207157296,-0.000610637119585277,-0.0002733522112692164,2.1286822050831153e-05,-0.0003819306530528704,-0.0005195011103239906,0.0,-0.0005953748650233524,-0.00014959197396819475,-0.0004081767312457982,-0.00014317846142756542,0.0,7.704859620388848e-05,-2.269214282140454e-05,-2.8700322396304565e-05,0.0,-0.0012905098451959822,5.258649254402885e-05,6.332411858111851e-05,-0.0007528843534000561,-0.00018405846215168757,-9.6494244044548e-05,-2.26933453008603e-05,-3.755701048487209e-05,1.3095403106900537e-05,0.0,0.00035548472265158103,-0.00018208453831236224,-0.0006421527679558326,1.274380832667843e-05,-0.0004809107000217041,0.0005242727845241836,-0.0001995433764500964,-0.0008016235044379225,0.00014313317808269604,-0.0001870135090056062,0.0,-0.0007155600451481318,-0.0012452431445841659,-3.728977401218758e-05,-0.0002990550239774348,2.005975928076438e-05,-7.458706520584296e-06,1.1650266133477952e-05,0.0007058643491012355,-0.0019401771644026822,8.772564622170315e-05,9.731081636836595e-05,-0.00014368707961123797,-0.000143310712482749,-0.00039814777057133196,-0.0003751058120768113,-0.0006893308104089427,0.0,0.0,0.0,0.0,0.0,1.1128486715372523e-05,-6.132839392264409e-05,2.1489449838857818e-05,-0.0002927227715430156,0.0,0.0
2025-10-01,0.0008782330383017036,0.00024839357575881315,-0.0017550696965987435,0.0005273970978032392,0.00010256467939152819,2.3855869918435987e-06,0.008017737389323064,-0.0005866201150327991,-7.008238070917564e-06,0.0005556574462719792,-0.0032678585701195893,-0.0002483432690489994,0.0003340531941358001,-0.011243427632212743,-0.0018804400427637892,0.00017741216035145472,-0.0004198102929565665,0.0002946210885701195,0.0001296457190322378,-0.0003937992079752062,-6.811439530269212e-05,-0.0017490987558096767,0.00028370495969481577,6.450929806721041e-05,0.001134715471605138,-0.0008946477600083741,-0.00042193172123168793,0.0005522196271354913,-0.00021288321009817473,-7.762807915230393e-05,-0.0010544369435321237,0.0004982146697202048,-0.00016353316557969402,-0.0012251068367166217,0.0015809227740799022,0.00021714012578324314,-0.00024516909004717674,-5.985241606366135e-05,-0.00011189292463677652,0.000271680770036156,0.0,8.747395464283799e-05,1.6842072360919823e-05,-0.00017555943667315365,5.222093153572745e-06,-0.00016330099317761172,-0.00020854341684485917,-0.0002517485294926563,-7.378397627959183e-05,-0.0003145632824161716,-0.0004740983048641843,0.0001987858565986716,0.0,-0.0004257915151222792,1.3142944644417194e-05,1.8115637524677728e-05,0.0010475246107881759,0.0,-5.519408887680956e-06,-3.8142488831958116e-05,4.636457472226491e-05,0.0,-0.001337895797947279,0.0001073878547124438,-3.168498742447445e-05,0.0014169698094389405,-9.872639229913021e-05,-1.4174089485047671e-05,0.00011093769802889223,0.00024725691909795525,-3.78261204724436e-05,0.0,0.0004248001666721766,-0.00014448034705868428,0.00023454827912245413,1.274380832667843e-05,-0.00028516280710828786,0.00032274694699905454,-4.75994180384114e-05,-0.0004046795654387974,-0.00019119840339409177,7.73867286995378e-06,0.0,-0.0006758885993120984,-0.0008919834032152647,4.517874290232427e-05,-0.00032182637130992816,2.005975928076438e-05,-7.458706520584296e-06,-0.0001751192470162898,0.00030564637329050655,0.00036377497902599166,-0.00021139995581531332,3.355352956485392e-05,-4.5463781086043475e-05,-0.00017001360573844465,-0.0005176606296436653,-0.00028541615407072095,-0.0003585757237757883,0.0,0.0,0.0,0.0,0.0,6.125454254657617e-05,-8.545294513114187e-07,-1.8799495127468347e-05,2.740748466678438e-05,0.0,0.0
2025-10-08,-0.001081982750750091,-0.00012917626340956187,-0.0003139258918058529,0.0009167685242361937,-4.416194970098285e-05,0.0001321563912877828,-0.01270007749650761,0.00014398586634652293,-0.0002830575693668573,-0.00025440263180672134,-0.0018386086418537787,8.68538228320551e-05,-0.0004739508670853005,-0.009037619992943023,0.0004019202036634696,0.0003423774721429236,0.0017261119176135795,2.9487870782737923e-05,0.0001559715947126676,-0.0005225592621036273,-0.00024514894675356497,-0.0019572209644695185,0.00015338643246417543,0.00022262825398812307,0.00019809093960999297,-0.000876857898883683,0.00015664949133024032,-4.3147942884017694e-05,-0.000566402401884131,8.962521539962939e-05,-0.001085762606122391,0.0005849864495033141,-0.00032895025772304196,-0.0009254687154154985,0.0008844415479513743,0.00021714012578324314,-0.0003853954414542956,-0.0003707902642133647,-0.0001472155589381724,0.00036926331432379414,0.0,-4.9028709682221896e-05,-0.0001650616543760621,-0.00017555943667315365,-0.00043626809713875463,-8.747422566330308e-05,-0.00036719182711901813,-0.0002510324403038753,-0.0002733522112692164,2.1286822050831153e-05,-0.0007286976651422681,2.6679222005562608e-05,0.0,0.0005154444442922971,4.69118637409316e-07,-0.00024150738982906813,1.3277495514339218e-05,0.0,6.487103062416955e-05,-3.8142488831958116e-05,4.636457472226491e-05,0.0,-0.0016936369394869564,-2.565893966425048e-05,0.00013212346099079013,-0.0005622709074303831,8.700373643357303e-05,-2.415888895772911e-05,3.514636185076103e-06,0.0002445062708955564,-2.4255103950774303e-05,0.0,0.0007936505226949526,-0.0001418818849652532,0.00029720456345698,1.274380832667843e-05,-0.00025610035451937034,0.0008588576722013999,0.00030737287722729497,-0.00022713021239053997,0.0003736880203257911,-0.0001870135090056062,0.0,0.0001468047083044087,-0.0008348757317485593,-3.186678906495857e-05,-0.00016779347844209514,2.005975928076438e-05,-7.458706520584296e-06,-0.00010562257721619902,0.0006916976194931024,0.00038491353959461776,-0.0003657331717917663,0.00010252570818716837,-0.00014053240026820228,-0.00023271640416169416,-0.0002558228630977077,-0.00046559714382008203,-0.0006547052029359402,0.0,0.0,0.0,0.0,0.0,1.1128486715372523e-05,-9.707471531627533e-06,3.132340411796933e-05,2.740748466678438e-05,0.0,0.0
2025-10-15,-0.0010050934007930766,3.1908316221894475e-05,0.00013859131623645638,0.000846797723574182,0.00010581120633059543,9.35848732640622e-05,0.001785862759223482,0.00015353323360654472,3.9314386513238295e-05,-0.0002795569107395277,-0.0026345885314762807,9.029476313059521e-05,-0.0004503682311434373,-0.0005696927096387823,0.0007943173550421437,0.0003645355528413783,0.001853694168146684,1.4550975154121373e-05,0.0002663462909643178,-0.0004139228353836007,-0.00027191300889612216,-0.002185147860176443,-0.00038344348164550535,-0.0002282964312803353,-9.071677179657846e-05,-0.0009226039329584046,-0.0002246432958932612,4.8449249425415024e-05,-2.8342657365921738e-06,-1.525063281192848e-05,-0.0008515305345767965,0.00026481806480950227,-0.0003111032801557178,-0.00109541622693925,0.0011164256768781567,-5.703340195494286e-05,-0.0004854536404559471,5.721519102743858e-07,-0.0001472155589381724,0.000271680770036156,0.0,-3.0902293781559284e-05,-0.000227598534202311,-0.00017555943667315365,3.23002263069944e-05,-1.5161333709580124e-06,-0.0003510308036037305,-0.00028543617027417976,-0.00023350152525521256,2.1286822050831153e-05,6.930093987727605e-05,-0.00013519756647411413,0.0,-0.0002642242772499693,-1.2886431961532354e-05,0.0003443955738167388,0.001086863067246579,0.0,-0.0005389028329349278,-3.8142488831958116e-05,4.636457472226491e-05,0.0,-0.0010398986533025464,-2.565893966425048e-05,0.0001223462174787024,-0.0006753428192395232,-0.00014893199017892528,-0.0001027111959157973,-0.00025991388381820717,-0.0006174288625195575,-9.174182137086031e-05,0.0,0.000479056901003949,-0.00021196546500652915,0.00029720456345698,1.274380832667843e-05,-0.00022307696067519904,-0.00013804767662812164,-0.00010414352088194268,0.0008373763189556258,-1.0911817145458238e-06,6.41155879631035e-05,0.0,0.0001604402824486314,0.0002904678025790401,-4.14300920345932e-05,-0.00017206911842643284,2.005975928076438e-05,-3.633527050395722e-06,0.00016926739078197708,0.0006148490512027188,0.0002706555375371155,-0.00022681627819687967,-0.00013173311278669343,-2.0120219885306053e-06,-0.0002067873746089572,-0.0001436905240241278,-0.00043724976974198474,-0.0003923730087553226,0.0,0.0,0.0,0.0,0.0,1.6202269323454612e-05,-6.132839392264409e-05,5.454338044842253e-05,2.740748466678438e-05,0.0,0.0
2025-10-22,0.0005585980499528652,9.106465882926329e-05,-0.00010953205141194837,0.0009693611601308475,-4.2109230275608504e-05,-2.7464699589619477e-06,0.009698165549748275,6.397188293395616e-05,-0.00014034197604999359,-0.00035537602164702713,-0.0030717929715075613,-0.0003814088107971605,0.0005508911766928903,-0.0002495292711122523,-0.0014269613120515034,0.00019084381151536711,-0.0003884330611186892,1.4550975154121373e-05,-3.7540090587199806e-05,-0.00042431040176002814,0.0003234879531940855,-0.002361433232365675,-0.00032931535525783503,-0.0003711622979489133,-0.0008097971105056991,9.672793012608459e-05,-0.0002246432958932612,-1.0674557663289936e-05,-0.00018772774430299828,-7.538126749940173e-05,-0.000660880372367107,0.0005750631984600121,-1.107276714954901e-05,-0.0019680101623149857,0.0001716591127895195,0.00021714012578324314,-0.00021547179058807868,1.0897880715735828e-05,-3.189081733962198e-05,0.00035674936904452845,0.0,0.00011342200062500067,-0.00018402856335936126,-0.00017555943667315365,-0.00029452322953518425,5.295489148677551e-05,0.00014995449803749012,-0.0002824140923975274,-0.0001604500953990543,2.1286822050831153e-05,-0.0003137082077798012,0.00011932691262337425,0.0,-0.00034126830970422764,1.3381166767456655e-05,-2.2793187528106606e-05,0.000653384593692951,0.0,-0.00023863851028190316,-3.317097199765598e-06,4.636457472226491e-05,0.0,-0.001593463315864475,0.00017716566918683666,-0.0010188392664442747,0.0017214773393273354,0.00026428314958330373,2.1270575213363097e-05,-0.0002534320522209531,-0.0005837613135822933,-3.7401129937775244e-05,0.0,0.000479056901003949,-0.00014342304956124307,7.955283041629405e-05,1.274380832667843e-05,-0.0003122420950435238,0.0003546959390411977,-0.0001982426877486941,0.001111172231991995,0.0001399484882076678,6.41155879631035e-05,0.0,-0.0006970753586618624,-0.000248729314686363,-4.6853076981822216e-05,-0.0002728892694580154,2.005975928076438e-05,-3.633527050395722e-06,-0.00010988995426401513,0.00014376725593639956,0.0006791005767630759,-0.00030363314413105983,-3.040101441762118e-05,-0.00013746264298517688,-9.608399579216263e-05,-0.0004937760561673788,-0.0003285250282691162,-0.0002124536007158075,0.0,0.0,0.0,0.0,0.0,1.6202269323454612e-05,-2.7160694897544777e-05,4.7477068885594026e-05,-7.237109892930681e-07,0.0,0.0
2025-10-29,0.0009371892016386122,1.6798132481736516e-05,1.0076985083955982e-05,0.0011122766129336565,0.00011706273907073485,-2.7464699589619477e-06,0.011542359008426952,-0.00018060613902309437,0.00013682185169060197,0.0004357426924424575,-0.0025800763611328946,7.419684728752102e-05,-0.00045035752425311984,-0.0077226374445661244,-0.0014800920680812194,0.00012658345130774114,-0.00024173719625046413,6.576044928877087e-05,-0.00017833941929083023,-6.586006940455338e-05,0.0003883962860193354,-0.0013919513538093251,0.00015338643246417543,4.16431593820785e-05,-0.000716247130156033,2.1356370341663488e-05,-0.00013064997282503392,0.0002658257278819922,1.4757762317610039e-05,5.2800230346084955e-06,-0.0008480944408302994,0.00026481806480950227,0.00020774796533975034,-0.0016978245868844257,0.0003063598283232993,0.00021714012578324314,-0.00018430906534949926,-4.103021953102545e-06,-0.0002058058732141489,0.000271680770036156,0.0,-0.0001896513048732743,-6.82012392072024e-05,-0.00017555943667315365,4.132540971155117e-06,0.00012995832923311625,-7.682479381198677e-05,-0.00021820052633696858,-7.378397627959183e-05,2.1286822050831153e-05,-0.000387351553789234,0.0001940417708405377,0.0,-0.00026046489408929687,3.838647181967684e-06,7.07170465659571e-05,7.939449063270492e-05,0.0,-0.0006334934866859842,-3.317097199765598e-06,4.636457472226491e-05,0.0,-0.0004359064211375064,0.0001073878547124438,8.36001082258887e-05,-0.0011621003178986066,5.80101676347328e-05,-3.346316950504966e-05,-0.00025991388381820717,-0.000989689043441783,3.443571487741753e-05,0.0,0.000479056901003949,-0.00017715627808002763,8.950773329056441e-05,1.274380832667843e-05,-0.0004169070902754994,-0.00016097573840485315,-0.0001546020516019831,-0.0001817739914950553,-0.0002118814783134418,6.41155879631035e-05,0.0,-0.0006018749300665445,-0.0005232572380679567,6.783440759063758e-05,-0.00024616316921000325,2.005975928076438e-05,-7.458706520584296e-06,-5.324126896960648e-05,0.0005783423911866953,0.0003521043038182646,-0.0001750957844675516,-1.0762235095622836e-05,-9.603304005991787e-05,-5.931022692165009e-05,-0.0005222144485353402,-0.00034266325602816383,0.00013343703475761386,0.0,0.0,0.0,0.0,0.0,1.6202269323454612e-05,-3.6224909859093284e-05,4.990061419166017e-05,6.847838105949933e-06,0.0,0.0
2025-11-05,0.0013012856684964452,-0.00011830518740901073,2.238943703513824e-05,0.0004335271003267911,4.257884908458676e-05,7.49897204877751e-05,-0.009517600412960141,0.0013141258629826933,-5.674019717504599e-05,0.0001674132839846175,-0.0017971817260161835,-0.000423588593678831,-0.0005008512219669313,0.0002597413427740616,0.002057743893483927,0.00022182544646934518,0.001524611761529432,6.576044928877087e-05,9.622637547838586e-05,-0.00023891874404876302,0.0005931181182137361,-2.3271941216341107e-05,-0.0005591446241001777,0.00011735667412914509,5.4587334731978786e-05,0.0008960263755567134,9.742521497442992e-05,-0.00010506493896724029,-0.0004604840087264828,3.282653872546593e-05,-0.000832322227526547,4.4217474797628826e-05,0.0003042843940502607,-0.0011891797043058624,7.739950005633644e-05,-0.00037431434066278915,-2.828933093212058e-05,-0.0003453758539213582,-0.00030025523405293283,4.89183665233875e-07,0.0,0.00033772930082557635,0.0007427770082944498,-0.00025501294662363754,-0.0012341275258666942,-0.0002486521066548608,-0.0002797078277435177,-0.0009060380095416916,-8.754846961318605e-05,-0.00014583424769157245,-0.0011947857841141329,-0.0005096772850777128,0.0,0.000605515760816812,-1.0507581425807138e-05,3.2865887927806264e-05,-0.0005766938424452319,0.0,9.527017615633976e-05,-3.8142488831958116e-05,0.00014451729584619345,0.0,-0.0006275713625603066,5.258649254402885e-05,0.00028118061848473523,-0.0003251790107607467,-0.00022209814591578743,0.00019535110497696757,7.974304996457131e-05,-0.00019923302832089472,1.4764490507672382e-05,0.0,0.0006080094382231286,-0.00017715627808002763,-0.0005927611485619239,1.274380832667843e-05,-0.0003625843327194944,-0.0004526281628787896,-0.0004784766436144473,-0.0008752028762596174,-1.5053860489141067e-05,-0.0001870135090056062,0.0,-0.0005720049571539376,-0.0008226846228753179,-0.0005931447619403615,-0.00025676624131644053,2.005975928076438e-05,-3.633527050395722e-06,-4.271261459900258e-05,0.0007731983310012031,0.00021323449610689132,-0.00018505081510643393,-9.29028597362416e-05,-0.00014652948938461538,-0.00023908852605199587,-0.0003666693698207474,-0.00021277219282669104,-3.975796888303918e-05,0.0,0.0,0.0,0.0,0.0,3.5241955170910286e-05,-2.7160694897544777e-05,-1.8799495127468347e-05,2.740748466678438e-05,0.0,0.0
2025-11-12,-0.0011134355272189257,-6.00402997403965e-05,-0.00030321270321017317,0.0005733858879220143,-2.202730203612796e-06,0.00014022944802791312,-0.00930955629385758,-0.0004806125741757285,-0.0001902951864026587,-0.0003260213747734559,-0.002153305642926452,-0.00035620982038118195,-8.328405119286746e-05,0.017400075753352853,7.69996707994711e-05,0.0011002882743491626,-0.0004229144154805174,2.9487870782737923e-05,0.0003873549629873723,-0.000330445579370307,-0.0002883587179788617,0.00033954336202793127,-0.0005050164977125073,-0.00034556928546362935,-0.0008724816099281618,1.0489426192712036e-05,-0.0001684144872085523,-7.656288081038569e-05,-4.8796167473112674e-05,-9.301895300760504e-05,-0.0014009522665589544,0.00024369456362049937,-8.06027400743744e-05,-0.0017134410369525296,7.739950005633644e-05,-0.00037431434066278915,-5.145254411313829e-05,-0.0003128479917449129,-0.00022292370209933227,0.00015372634027452885,0.0,-0.0003008126067764322,0.0006558187199430567,-0.0003614661291978442,-0.0015101117572697868,-2.6738211296596302e-05,-0.00022378309304239738,-0.0010758345987212927,-0.00016269456165584934,-0.00014583424769157245,0.00011751579687797127,-0.00033409013488110563,0.0,0.000605515760816812,4.69118637409316e-07,0.0002186539741871512,-0.00025582159499609535,0.0,-0.0005282408217038,-3.8142488831958116e-05,-6.373004566086891e-05,0.0,-0.0009688988558774061,-0.00016246686735941408,0.00011163582496745019,0.0013641746692749702,0.0002838030973980276,0.00020498540271475898,9.996467782330202e-06,-0.0002644664638031768,-4.026398399557819e-05,0.0,0.0006694011754957643,-0.00027868516152066726,-0.0005383437982193274,-1.8363918148779682e-05,-0.00047509283007344453,-0.00034938770609493057,-0.0002794259902244133,-0.0003640254853985266,-0.00014526299655635703,-0.0001870135090056062,0.0,-0.0006007838477789406,-0.0010683427649296703,0.00010963979251696657,-0.00024021481229752277,2.005975928076438e-05,-3.633527050395722e-06,-4.271261459900258e-05,0.000510856650662473,0.00031362271734223,-0.00018271964978001834,-2.8248970021586494e-05,-3.59967804391228e-05,-0.0001392404311052375,-0.0002516249834414708,-0.00047624607726927837,-0.0002453559785567161,0.0,0.0,0.0,0.0,0.0,1.1128486715372523e-05,-2.7160694897544777e-05,-1.8799495127468347e-05,2.740748466678438e-05,0.0,0.0
2025-11-19,0.0009856291082197565,-0.00012391591446195911,-0.0002995168821107244,0.0003936260503833931,-4.6778347986349336e-05,5.5664056061936385e-05,0.009405106427955752,-0.000549674544149147,0.00023008109517270187,-0.00023976859814381243,-0.0025810386284560115,-0.00017672401063807512,-0.00030179753361962513,0.005610828232067745,-0.0015355368491981978,7.472892241851251e-05,-0.00028666746056082645,2.9487870782737923e-05,-0.0001532742045471141,2.2001699182645146e-05,0.0003751895187471308,0.0005940803820787459,-0.0005050164977125073,0.00021643525039602668,-0.00010121581500631614,-0.0010470332938601447,-0.0002542214596990881,-0.00038616832678065776,-0.00019362223882347007,-7.762807915230393e-05,-0.0013821899922269712,0.00026481806480950227,0.00010147780836318232,-0.0016629689043491565,0.0004392488588365922,-0.00037431434066278915,0.00010995616158299483,-3.443800577165484e-05,-0.00030009779004824724,-7.969729511435856e-06,0.0,-6.997675430612618e-06,0.0004851474015350249,-0.00025501294662363754,-0.0015288620510290475,-0.00019577726973012504,-0.00017054020684608757,-0.001066701092924521,-0.00010919338053158367,-0.00014583424769157245,-0.0009925839070394691,-0.00031118614848531803,0.0,-0.0003410438638769634,1.0200447987459395e-05,-8.529741266301703e-06,-0.0005931761128688127,0.0,-0.0013373195466352193,-3.317097199765598e-06,-6.373004566086891e-05,0.0,-0.0008303987135231201,-0.0001268968247070894,0.0001223462174787024,-0.0007096716448469158,7.280634532587732e-05,-0.00011357155518999101,0.00010445586643163813,0.00023976628986852071,-5.0500022660630975e-06,0.0,0.000394553978037312,-0.00027868516152066726,-0.00046894581704669757,1.274380832667843e-05,-0.00022787410185032123,6.8682967506075626e-06,-0.00045780828850849415,-0.0010564778830360897,-0.00035598987588286143,6.41155879631035e-05,0.0,-0.0006007838477789406,-0.00018663104047154035,-0.00014085853157785243,-0.0004647946622599828,2.005975928076438e-05,-3.633527050395722e-06,-0.0001643007728075219,0.00036610322133133835,0.00021323449610689132,-5.418229011651015e-05,5.231007559245584e-05,-7.635216413424597e-05,-9.608399579216263e-05,-0.0005634786002679439,-0.0003152151482648006,-0.00027204232486837364,0.0,0.0,0.0,0.0,0.0,6.125454254657617e-05,-6.132839392264409e-05,2.1489449838857818e-05,-7.237109892930681e-07,0.0,0.0
2025-11-26,0.0007316099764142108,-0.0005143646181198292,6.134646213858985e-05,0.0011417703487005542,-4.6778347986349336e-05,-7.582643097796382e-05,0.011625790988080417,-0.0006215554484443315,9.04992271064461e-05,0.0003937012870891203,-0.0033964930711104656,0.00027590336421327177,0.0007832964404264402,-0.00465289775686515,-0.0019176198665929421,0.00019927067238983138,-0.00027750389142751976,0.0002946210885701195,-4.365098744124113e-05,-0.0003710694864109684,4.7440446844418116e-05,0.0005436763187738428,-0.00025159457484966684,0.0003436851901859216,0.0012646892805355655,-0.0009626589473184929,-0.00024233322774407784,1.3931600994839655e-05,-0.00021288321009817473,-7.762807915230393e-05,0.0006944883090400816,0.00014650333975329362,0.001847176576692892,-0.0012404990932989317,0.0007615919638601321,-0.00037431434066278915,-0.0001622091387432573,0.00022243889624947789,-0.0002772574355494111,-7.969729511435856e-06,0.0,0.00017823907449763849,0.0004575813307475961,-0.0002488674371142446,-0.0012779471629955255,-0.0003166623095816152,-0.00020854341684485917,-7.114372279424653e-05,-0.00017761898411070733,-0.00014583424769157245,-0.0004656565519655369,-0.00020451300666226923,0.0,-0.00022224699526331805,3.475030851589522e-06,8.045378287783905e-05,-0.0007949186057609396,0.0,-0.000790686665718578,-3.317097199765598e-06,4.636457472226491e-05,0.0,-0.0006247947414066971,0.0001073878547124438,0.00020233207483575326,0.0016945851860735986,-5.6229737534156143e-05,0.00019689037058465305,0.00011093769802889223,-0.0001060952906030423,5.073823262883837e-05,0.0,0.00038820188699065775,-0.0001180517008834136,-0.000523363167389294,1.274380832667843e-05,-0.00028516280710828786,0.0005526236624005814,-1.5380315099062272e-06,-0.0006051704197448358,-0.00022384628528829945,6.41155879631035e-05,0.0,0.0003810990625861891,-0.00015048475832260587,7.32573925378666e-05,-0.00033459978400879933,1.2416213953140572e-05,-7.458706520584296e-06,-0.0001751192470162898,8.960401485202872e-05,0.00018786141170922338,-6.76945608579256e-05,9.654750718565689e-05,-5.709500529353621e-05,3.1891405902458465e-05,-0.00050690892617001,-0.00028541615407072095,-0.0004994715304602112,0.0,0.0,0.0,0.0,0.0,6.125454254657617e-05,-6.132839392264409e-05,2.1489449838857818e-05,6.847838105949933e-06,0.0,0.0
2025-12-03,-0.000814197568981786,-0.00013263745776706607,0.00014560868373268742,-2.874365158144845e-05,-6.399136334244424e-05,-7.582643097796382e-05,-0.008200346454474972,8.004273762851932e-05,0.00022452642935379496,-0.0004091744040593571,-0.0019435155785214459,-0.0001340967759096485,0.00021740971205448688,0.030579602213105253,0.0045590803073310504,0.0007578220633706624,0.0015175430234064952,1.4550975154121373e-05,-6.133018746688857e-05,-0.00023755497295583546,-0.00038232718407717306,0.0028493572194165026,-0.0007026058973556653,-2.3185502314349507e-06,7.315286605030091e-05,-0.0007915111253791925,0.00043076309031653926,-0.00013012253953827472,-0.00011983364950706898,-8.948088870805832e-05,0.0015615665631246532,0.0003731210733588445,0.0015093760983087576,-0.0009007990553346819,0.0006561172083425192,0.00021714012578324314,-0.000497901280950816,-0.00033533644563155985,-0.0003001595762815768,0.0006675936170939686,0.0,0.00020607431629459142,0.00030361190682227246,0.0004001223492227294,-2.136188651869816e-05,-0.0003518213175014771,-2.7056098178359075e-05,-0.0005290937868914988,-0.00026168449987320423,-0.00014583424769157245,0.0009434020433898547,-0.0009004356233729683,0.0,5.4474251609469934e-05,-1.295448348786226e-05,0.0002727960669273696,-8.947162854833234e-05,0.0,-0.0007430140799834038,-0.00030791662071824247,4.636457472226491e-05,0.0,-0.0001256544766276162,-0.00011260852148122329,-0.0005075014526091711,0.0012450440978683482,0.00017137044971748188,0.00017242967837539238,-9.440008669457417e-05,0.00021325152163889706,-8.111183468782655e-05,0.0,0.0008308410071412608,-0.00013103463854605352,0.00021572795717662602,1.274380832667843e-05,-0.00025610035451937034,5.640290354468003e-05,-0.00024025788902548622,-0.0005103167566665625,7.040654663847705e-05,-0.0001870135090056062,0.0,-0.0002596253356135135,-0.0008825791061909181,8.066604664257953e-05,-0.00019116670536823772,1.2416213953140572e-05,-3.633527050395722e-06,-4.271261459900258e-05,5.432329648546282e-05,-0.0013739495072998494,-0.00019821744898417492,-6.941892676492333e-05,0.00017110795116206384,-9.449631256286257e-05,0.0002316203145737475,-0.0006792741934809648,-0.00041374849094268936,0.0,0.0,0.0,0.0,0.0,2.551830463455682e-05,-9.707471531627533e-06,2.194571040065355e-05,2.740748466678438e-05,0.0,0.0
2025-12-10,0.0013246391115771298,0.00047808689271256697,9.819712165407488e-05,0.0002754524978767314,-4.6778347986349336e-05,5.5664056061936385e-05,0.00922105249762966,-0.00039588810067234665,-2.1660818968690328e-05,-0.0004752114367622955,-0.0023626769564084084,-1.4466896813634565e-05,5.920718332396749e-05,0.018232811245949138,-0.001502278945214848,0.0007086435514732539,-0.0002711224177306581,0.0002946210885701195,-0.00011413199018552637,-1.2923024341693635e-05,0.00010719751025461553,0.0025340473801649843,-0.00047409659347087853,0.00010266887123607368,-5.971546415156033e-05,-0.00098591868024917,0.0002818723962147401,-0.000286110417044717,4.261683293733061e-05,-7.762807915230393e-05,0.001227943465349244,0.0001253798385642907,0.0016229141427837577,-0.001118886029937871,0.00030749196025909567,0.00021714012578324314,-0.00036396473462496984,0.00010683928046663642,-0.0002997451678540149,0.0001987536418109902,0.0,9.85134993113299e-05,0.00013768596776881224,0.00039469803234585984,7.666475231984195e-05,-0.0005457426441582822,5.559259843006883e-05,-0.0005975853723756844,-0.00013737635514957534,-0.00014583424769157245,-0.000873963766017192,-0.0006705845504599048,0.0,0.0003314810614413286,5.098604615762559e-06,0.0004914139228051645,-0.0002906756768028546,0.0,-0.0013373195466352193,8.817473666331147e-05,-6.373004566086891e-05,0.0,8.95005185771467e-05,6.0301497711136774e-05,0.00013797307086416252,-0.001739678297121365,5.514051429494584e-05,0.00026378518733932596,0.00024750905093107867,0.0003083202311779404,2.539216187235881e-05,0.0,-2.5605929211574056e-06,-0.00013103463854605352,8.950773329056441e-05,1.274380832667843e-05,-0.00022787410185032123,-0.00040832576567004946,-0.0003639978617300747,-0.00032687039157974074,-0.0003327740119242966,6.41155879631035e-05,0.0,-0.0006056895027764897,-0.0007387441680669777,-6.0596414281439585e-05,-0.0004176077465658406,1.2416213953140572e-05,-3.633527050395722e-06,-0.0001643007728075219,-0.0005416029914787574,-0.0011348838105141419,-6.559011895791883e-05,0.00011021006918530958,0.00021301312874629343,9.567782013454067e-05,-0.00019951565987044728,-0.00021467158889416782,-0.0002041627782276996,0.0,0.0,0.0,0.0,0.0,1.9310258398673775e-05,-6.132839392264409e-05,2.1489449838857818e-05,6.847838105949933e-06,0.0,0.0
2025-12-17,0.00030530738184957854,-0.0005989319037426202,-6.684232428815412e-05,0.00021196616841030928,-4.6778347986349336e-05,9.566133485027322e-05,0.010316102246888358,-0.0005198828021610646,-0.00017485244533204966,8.790572816887542e-05,-0.0033893212492889756,-0.00038196759664779376,0.0005664240541114916,-0.011592485112110461,-0.0015997617319629485,-0.00012681354977614535,-0.00022669352180641368,0.0002946210885701195,2.4375501729874382e-05,-0.00019958668916559313,0.0009199321201835363,0.0020366223515093803,0.0003704327339012566,0.00024009815311208123,0.00041145954908341473,-0.0005761104697903532,-0.0004276901676051727,-0.00011766020711526009,7.65690360400116e-05,-6.480068604138665e-05,0.0014183466297522519,0.0003276899443115888,0.001450784615398856,-0.0009902846593509605,0.0012645141152381942,0.00021714012578324314,-0.0003330634932660136,0.00020565655529342262,-0.00027690481335517874,9.321666980417332e-05,0.0,-0.00010053581504479501,0.00017424135149707667,0.0002417375096941468,-9.225405957742427e-05,-0.00017061139014513564,0.0004858480051548439,0.00017970204568331743,-5.0255747974800856e-05,-0.00014583424769157245,-0.000483932613840549,-0.0008872970508503123,0.0,0.00019490603821963542,8.041101272720358e-06,0.0002482729343678533,-0.0003182284585660286,0.0,-0.00041624103505476435,-3.317097199765598e-06,4.636457472226491e-05,0.0,2.9456230431642433e-05,0.00012412439184585208,0.0001534626733878188,0.0015360263668899145,0.00014425238150277532,0.00030380154915414547,0.00025399088252833275,4.547138761495444e-05,-4.165853679885887e-05,0.0,0.00011362949546574018,-0.00013160628569864921,0.0003571473926700404,1.274380832667843e-05,-0.00028516280710828786,0.0010452133850212882,0.00010661991905173104,7.145016827008844e-05,-0.00022384628528829945,6.41155879631035e-05,0.0,-0.0008791023309304818,-0.0006412422737125597,-0.00019521423786091028,-0.00042760137707762016,1.2416213953140572e-05,-7.458706520584296e-06,-0.0001751192470162898,-0.0006905446044409198,-0.0012730304774601774,-6.360264745475964e-05,-3.478171683355387e-06,9.408043965658334e-05,6.22930528826693e-05,-0.00014294598577251338,-0.00036229913866813314,-3.326287984389833e-05,0.0,0.0,0.0,0.0,0.0,1.9310258398673775e-05,-3.6224909859093284e-05,4.990061419166017e-05,1.7551760380846095e-05,0.0,0.0
2025-12-24,-0.001324391105435834,-4.6514617938355266e-05,-0.00020874515884823766,0.0005603058573047132,-0.0001391534645863345,-0.00011363947792237481,-0.009770403724181668,0.0014373571736573131,-0.0002275674262810954,-0.00023793202530775592,-0.0019191556559585697,-3.9907371813256266e-05,0.0002174204189448044,0.025629861981384682,0.004500994564162651,0.0006525428010081692,0.0010571909407258192,1.4550975154121373e-05,0.00046942622378922977,-0.0002704369775180939,-0.00021336537352506955,0.003304686219637787,-0.0001358504655181355,0.00020697017572299795,9.662413307483079e-05,0.00015942849187306868,-5.9728573677709254e-05,-0.0001773270464364654,-0.0006201152733977665,3.8938233927441286e-05,0.0003782852311367457,0.00023550032653758514,0.0014337828918367906,-0.0013435672742570812,-0.00011767920540873258,-5.703340195494286e-05,-0.000497901280950816,-0.00033533644563155985,-0.0003033928640429089,0.0005218126121032015,0.0,0.00028004488024044706,0.000257948736610253,0.0004001223492227294,-0.0009228245243949577,-0.0003117240182185082,-0.00014590646494583976,-0.0007828417609516238,-5.665804555039728e-06,-0.00014583424769157245,-0.00029537401023388524,-0.0002872201681393301,0.0,0.0001472093567131572,-2.0910099371131954e-05,0.00024565693665683783,-0.0005851293993335798,0.0,-0.0013442035559627164,-0.00030791662071824247,4.636457472226491e-05,0.0,-0.0001371856073917071,3.256653137816293e-05,-0.0016691592458727002,0.0017637857842248625,-0.0004174025063069868,0.00018330374007443758,-8.402547046370027e-05,0.0002668355941172966,-8.873167841358523e-05,0.0,0.000585429223317716,-0.00019505853215708003,0.00011613368461360847,1.274380832667843e-05,-0.00025610035451937034,0.00025156903544804797,0.0008459814777490876,0.0005116242365993324,-0.00037467679750422694,-0.0001870135090056062,0.0,-0.0002652740687727508,-0.0009528534096570403,-0.00014909207723295395,-0.000556142054302282,1.2841436140403613e-05,-3.633527050395722e-06,-4.271261459900258e-05,8.458274939478628e-05,-0.0011661417803900081,-0.000238454937108257,-0.00011773669941751171,7.335221125558532e-05,-9.449631256286257e-05,0.0002316203145737475,-0.000706977413321083,-9.124794800229434e-05,0.0,0.0,0.0,0.0,0.0,2.551830463455682e-05,-3.774385509775926e-06,3.132340411796933e-05,2.740748466678438e-05,0.0,0.0
2025-12-31,0.0003122470350293144,0.00015602535141358287,-0.0005912159658547836,-2.922188915630363e-05,2.9788888417079297e-05,-7.582643097796382e-05,0.013338853018181461,-0.0006322947258427245,-8.215080737664153e-05,-0.0003201199857198314,-0.0029497084909755607,-6.577711481564299e-05,-0.0003022821644101233,-0.01688725270191168,-0.0015713579135411674,-0.00011072574094944437,-0.00023191201158985825,-1.743726496136709e-05,-0.0003071915054652177,-0.003511925696669098,0.0007156819835691889,0.0027152348036223514,0.0002956736779035578,0.00023495205576828812,0.00016464292497676088,-0.0005568566789001381,3.7689999410357245e-05,-0.00046914193532237984,-2.5967656105834952e-05,-7.762807915230393e-05,0.000114826890913278,0.0003276899443115888,0.0012758661006003283,-0.0009893883392382654,0.0013040442985646698,6.447938332371317e-05,-0.00027920349501823225,0.0002056932476755794,-0.0025075942867148295,7.684796005570111e-05,0.0,-0.00012045708729154403,0.0002578005701293387,0.00019747478305130641,0.00027196279229580985,-0.0002914854704827092,0.00012730326205888872,-0.00034372037347264457,-7.061011895247418e-05,-7.290248248685422e-05,-0.0004625080516984047,-0.0005195011103239906,0.0,0.0002845486122663064,-2.842416101366751e-05,0.0002851926276641457,-0.000301489049645782,0.0,-0.0006200606838414121,-3.317097199765598e-06,4.636457472226491e-05,0.0,0.00032127070961144493,0.00012412439184585208,4.410655194655713e-05,-0.0014871422198899885,-0.00011221459292138047,-0.00024389243367503173,0.00024750905093107867,6.546978571306844e-05,-5.41071236772973e-05,0.0,0.0002031223887074021,0.0004579213565963448,0.00012674829191865194,1.274380832667843e-05,-0.00028516280710828786,-0.00032708937301433483,0.0003626127412380676,0.0006659765954470998,-0.00019119840339409177,-4.5686228137960206e-05,0.0,-0.0008791023309304818,-0.0008365491308700635,4.517874290232427e-05,-0.00024938283161265475,1.2841436140403613e-05,-7.458706520584296e-06,-4.673721474931685e-05,-0.0002826706751554661,0.00025784051340728344,-0.00018676340425332057,7.753674499319303e-05,0.0002288465439587378,3.1891405902458465e-05,-0.0002005979055473364,-0.00023897737101093695,1.3570079631850243e-05,0.0,0.0,0.0,0.0,0.0,1.9310258398673775e-05,-3.6224909859093284e-05,4.990061419166017e-05,6.847838105949933e-06,0.0,0.0
2026-01-07,-0.0006104918270415129,-0.0013696688617811864,1.6453059535071934e-05,0.0006171254454164868,-0.0001391534645863345,-0.00013797348480575297,-0.012056003546643719,0.0003810454121366194,-0.00037046362934248705,-0.00019525155520380626,-0.0007486457985304543,0.006923157769653589,-0.0004964111491717022,-0.00093378576343073,0.0036692916858498655,0.0007186208738282093,0.001508209440393767,-0.00017200334916312363,-0.00011463315624780943,-0.00013515167403364327,-0.0005371209054848812,0.0004150535656111998,0.00032984710275307035,0.0003021941134110563,0.000701112606769135,-0.0007780977821162627,-0.00027413734831710127,4.1332725646349964e-05,-0.00014378531779884776,2.7132637589961263e-05,-0.0005320274717679394,-0.0002559925806938395,0.0014336233303872692,-0.0011974981421212112,-0.00039363926927023473,-0.0001419117724284032,-0.0004818259591626204,0.00022318442202644243,0.000493679955797928,-1.753299049523088e-05,0.0,0.00030265810266958396,0.0002654448428333844,-0.0001690917418930796,-0.00015728100526332745,-0.0005047322506168932,0.0009917188825823318,-0.00010343254988732492,-3.637980279539053e-05,-0.00014583424769157245,-4.9110770036225406e-05,-0.00019004888469189896,0.0,8.638231785821233e-05,-3.7180518929817106e-05,-0.00014136839328489107,-0.0002803433980001929,0.0,-0.0013442035559627164,-3.8142488831958116e-05,-6.373004566086891e-05,0.0,0.00032408836657124075,-2.5156874826105235e-05,0.0003462639736342612,0.0009652894750491953,3.350528478541632e-05,0.00024727924248020414,-5.836897472732308e-06,-0.0003540109969161075,-3.894758488166376e-05,0.0,0.0008906679703208835,0.0005607644390867351,0.0005174909653142272,5.163770592415178e-05,-0.00022307696067519904,0.0009184003456339269,-0.00044830436834702363,0.0011608442693791432,0.00019182076132377853,0.00013325841825278704,0.0,0.00021354370487587564,0.0004676127531611803,1.209482687473819e-05,-0.00017964202134570882,1.2841436140403613e-05,-3.633527050395722e-06,-4.271261459900258e-05,0.00028519396411084866,0.0002305057752786558,0.00032999634432824885,-0.00041278025992125896,-8.419057207339729e-05,-0.00013311199959049078,0.00012812000043636802,-0.000508454342397414,-0.00022933018190567068,0.0,0.0,0.0,0.0,0.0,1.1128486715372523e-05,-6.132839392264409e-05,3.132340411796933e-05,1.8212191567386636e-05,0.0,0.0
2026-01-14,-0.0014144626347753863,0.000187326340284145,-7.864421300790111e-05,0.00017338329654528655,-6.954338134201693e-05,-0.00013797348480575297,-0.008514223141534827,0.0005891852620203681,-0.00012886260349595448,-4.850284158161381e-05,-0.0016953608292766121,-0.000157706326735343,-0.00015178382222910393,0.022122925538512576,0.0009027277087269813,0.000642631145866748,0.0011115373317521974,7.670910464002924e-06,0.00036420763006480335,-0.00030008061594636345,-0.00042034078407704234,-0.00035994128675900084,0.0002444230778358015,0.00010744736065056569,0.0003422088725961129,-0.0009527411531928806,-0.0002134679555322085,6.019432527653172e-05,0.00011618362693152404,-3.914380486535997e-05,-0.0006255768482960553,0.0001253798385642907,0.0013064074863202379,-0.0013204097028057082,0.0007479623009219573,-0.000106723900242554,-0.000497901280950816,-0.00023837756657491918,-0.00020442108793509103,0.0001987536418109902,0.0,0.0002800502338298699,0.00028658301785155615,0.0004908013294497517,0.0003810463209270488,-0.0005951774403934185,0.0002506783760013492,0.00034146329310066686,-1.9265845888953588e-05,-0.00014583424769157245,-0.0007083034240428397,-0.00019004888469189896,0.0,3.6914218749016086e-05,-2.9540567092457935e-05,-0.0001441749395110893,-0.0003106332769158553,0.0,-0.0006786256841442136,-0.00030791662071824247,-6.373004566086891e-05,0.0,0.0002871336021557725,-0.00011489377167971801,0.00010052020632131934,-0.0011961220267216665,-1.998746052073067e-05,-0.0002493792944789155,-0.00012623020718233408,-4.791697631402765e-05,-0.00014415134045360294,0.0,0.0004905430628814083,0.0007363679531753695,0.0003752259305710357,-0.00011505269084007857,-0.00025610035451937034,-0.0007140065369651263,-0.0005011210530344516,0.0003096683082081347,-0.00020428095601824248,0.00013325841825278704,0.0,0.00029891431984224335,0.0007275778232846272,5.4114303999958227e-05,-0.0001682072546220593,1.2416213953140572e-05,-3.633527050395722e-06,-4.271261459900258e-05,0.0004622647119273554,0.00032291020753579696,-0.00022264340746436256,-0.00011342465638194159,-0.00018801435305348976,-9.449631256286257e-05,-0.00018373361639010508,-0.0005474421597975367,-0.00024078139429360335,0.0,0.0,0.0,0.0,0.0,6.125454254657617e-05,-6.132839392264409e-05,3.132340411796933e-05,2.740748466678438e-05,0.0,0.0
2026-01-21,-0.001038078890329456,0.0002819468998338867,-7.946626402241086e-05,0.0003133914981691333,-7.736483144750306e-05,-0.00015262455898039856,-0.008038737383103978,0.00029447177098021476,0.00029575753187758327,9.357966033505922e-05,-0.0014975687656265855,6.92488526460937e-05,0.00012369444127520497,0.03366108745358744,0.0006693923878929116,0.0006492329742509709,0.00118999246107778,7.670910464002924e-06,0.000231283238963618,-0.00036692429205166006,-0.0003824926814230741,-0.002269310605830711,0.0002812885917728787,2.3789147193584455e-05,-0.0005200070053909057,-0.0014102012310964283,-9.800392937996447e-06,6.81561811676867e-05,-1.6318338937204754e-05,-1.525063281192848e-05,0.0007441797537058857,0.0001253798385642907,0.0010666541121213985,-0.0007004237505702491,-0.0002784792134100563,-0.000106723900242554,0.00020809075171939023,-0.00023837756657491918,-8.490547129170041e-05,0.0001987536418109902,0.0,0.0001675043942886727,0.00020809166085967044,0.0004908013294497517,0.0003260402612418353,-0.000556855175989231,0.0003130133101265584,0.00034010730734388176,-0.0001268071456899608,-0.00014583424769157245,0.0003556530843506312,-0.00027783312754780295,0.0,0.0002647210699158905,-4.556722549421506e-05,-0.0001278207211775709,-9.103813507714347e-05,0.0,-0.00012355864065454863,-0.00030791662071824247,-6.373004566086891e-05,0.0,0.00036757381462449086,-0.00018622369971223868,0.00010052020632131934,-0.0011892345634028443,-7.948935664586014e-05,-0.00021975788888519869,7.974304996457131e-05,-0.0006875715985984048,-0.00014033075954355932,0.0,0.0006474545979168195,0.00018451734395036706,-0.00024033742769436216,5.163770592415178e-05,-0.00022307696067519904,-0.0007174288403362094,-0.0001962269748901287,-1.8777803323913222e-05,-0.00011781483439880097,0.00013325841825278704,0.0,0.0003453946784840594,0.00010741920266701882,5.4114303999958227e-05,-7.468432727274725e-05,6.858524902062813e-06,-2.401468612976795e-06,7.25495305241545e-05,-3.0951874433540085e-05,0.0003776466421831723,-0.000231126070186856,-0.00013709583004241187,-0.00012648249296647726,-0.00013360655091976741,0.00010296475796369827,-0.0005190947857194395,-0.0001773428629981859,0.0,0.0,0.0,0.0,0.0,3.5241955170910286e-05,-6.132839392264409e-05,2.194571040065355e-05,3.528192195539081e-05,0.0,0.0
2026-01-28,-0.0010791557454643923,0.0001748674605860644,-7.852570986782417e-05,-0.00019548413578320396,3.334830922318219e-05,-0.00015262455898039856,0.009222502717553234,0.0002914143099325403,6.882213140931373e-05,2.1813784172926974e-05,-0.0028397428646372083,-0.0007391086516981385,-8.635004657039741e-05,0.013688884522982326,-0.001774897214341701,0.0006643831554205223,-0.00030943400785816803,7.670910464002924e-06,-0.00041918710833648893,-0.000232876567720414,0.0006774148168029205,-0.0020348990984050725,0.0002812885917728787,6.144615707062367e-05,-0.0009677646893020879,-0.001399353675888668,-0.00013217636770724032,0.00015342325334036886,0.0002826304271899598,5.2800230346084955e-06,0.0003998848737407094,6.79125508020057e-05,0.0017812278518724509,-0.0016122956836831005,-6.491333635101943e-05,-0.0001419117724284032,9.931134502894037e-05,0.0002230886476358276,-0.00019599846803848182,0.0001547703431130306,0.0,-0.00013850606213682446,0.00017897076676443371,0.00039469803234585984,0.00011066838775087589,-0.0005864229348704968,0.00020520459293270078,0.0005650236939599108,-0.00019970877147582907,-0.00014583424769157245,-0.0008327684404965566,-0.000234880146599358,0.0,0.00045561521926809856,-3.585503650961921e-05,0.00011174759210249831,-0.0005341490500863662,0.0,-0.0005670873659685764,-0.0001933067755900111,-6.373004566086891e-05,0.0,0.0002289154784211018,-7.003926576878718e-05,-0.0006960667187172442,-0.0010156774349116594,4.172285893811545e-05,-0.0001258093262990584,0.00024750905093107867,-0.0014369427904389045,-4.995914111041258e-05,0.0,0.0004547378367772086,-8.449154330639956e-07,-0.00018873238644377213,-0.00011505269084007857,8.841420884682086e-06,0.0005366200732801344,-0.000735848474767471,-0.0009593037092840026,-0.00014311303645227164,-4.5686228137960206e-05,0.0,-0.0003200602064698951,-0.0004750104358819113,7.502629301235661e-06,-0.00037221245888125333,6.858524902062813e-06,-2.401468612976795e-06,5.372190859141956e-06,0.00047550216749682656,-0.002009364659406532,-0.0001571707411590404,2.3481844673269583e-05,-0.0003039303433367217,-0.0004172498928808638,-0.00041628255898074317,-0.0002820862452093322,-0.0001790993074971438,0.0,0.0,0.0,0.0,0.0,1.6202269323454612e-05,-6.132839392264409e-05,-1.8799495127468347e-05,3.883025166836997e-05,0.0,0.0
2026-02-04,-0.0008521275031888348,3.7000279292931865e-05,5.649282562270676e-05,-7.846243938033143e-05,-5.0193419215075236e-05,-6.17237793767955e-05,-0.003313414041201256,0.0002724008493950044,-0.00021900286971859395,0.00022336190166571731,-0.001763539925333065,0.0010314301996023714,-0.0006299215017689325,0.0331012189074001,0.004621277945534135,0.0019725270171219475,0.0010654865905399716,7.670910464002924e-06,-0.00027048282879705193,0.0049261663963150034,-0.00017692814626378735,-0.00014767867536677302,-0.00015170395566630292,-0.0003134401200100882,-0.0002389709445052684,0.0013248708338452259,6.0826402010132286e-05,5.622254718170257e-05,0.0003331186190259806,-7.455665422260066e-05,2.6473258851588495e-05,0.00018089531547147951,0.001239709379245746,-0.0010931407837258473,-8.760276358207175e-05,-0.0003859345060044881,0.00022200235045210278,8.40883002195522e-05,0.00013267661210189605,0.000279444613737204,0.0,0.00043206973671412394,0.00026001772910435575,0.0002261621397849728,0.00041054987334675306,-1.0937080999903813e-05,8.949574394618238e-05,0.00022941965276539466,4.932308672145401e-05,-0.00014583424769157245,0.000609336242832562,-5.4974244151673995e-05,0.0,0.00027567532651168777,-4.83604168966895e-05,0.000395793871826469,5.959670329574934e-05,0.0,-0.00018063543178565867,-2.7357425422306618e-05,-5.683409301632459e-05,0.0,0.0005360759321782651,-0.00023379679539193475,6.210321436126112e-06,-0.0006130198217927904,-0.0006709391771383606,0.0010773776103733023,3.986607740879105e-05,-0.0005013230138195086,-0.00014921083637009722,0.0,0.0014293287008489246,-0.0002078909691452287,0.0004282300458853267,1.274380832667843e-05,1.2221046455206276e-05,-0.00026394323982265977,-0.00022551946453813282,-6.488549558974116e-05,5.0229525393453796e-05,-0.00010854347062648338,0.0,-0.00015772528788263792,-0.0009685904297916491,-7.842647644220009e-06,-0.0001650897534828295,6.858524902062813e-06,-1.368334962313852e-06,7.690810731381231e-05,0.0004080496508738404,-0.0002764768524664608,-0.00016867579072998775,-3.653749904126116e-05,-7.237875440688435e-05,0.00011319468374555448,-5.609554675901813e-05,-0.00014477898011467508,2.9693101967182543e-05,0.0,0.0,0.0,0.0,0.0,1.6202269323454612e-05,-2.7160694897544777e-05,2.194571040065355e-05,2.0285362645729164e-05,0.0,0.0
2026-02-11,0.0013195810118649806,-0.000817182343743434,2.7535674008624917e-05,0.00040427217616237804,0.0001649196303570886,3.499244169943825e-05,0.011777351462810523,-0.0005243025746689705,-2.0475652385860824e-06,-0.00017115874280741262,-0.002365170697701661,0.000158808683862044,0.00031995675935319787,0.0032239521680804653,-0.001350976080710664,0.0006985991936756333,-0.0002883092933015491,5.369256733951128e-05,0.0003585000333702278,-0.00042726240820074364,0.0011112482000923685,-0.0005824096907922899,-3.980645340345084e-05,0.0003872962647915589,0.0014428919923430196,0.0019546760638123853,-0.0001696478580650103,0.00042474369095649384,-0.0005364040013628583,-9.995526148638146e-05,0.00013796671837204908,6.79125508020057e-05,0.0017220441607679498,-0.0015205803885786546,-0.0003123516318007192,1.0748970031126739e-05,0.00024061391604741276,0.00020831222227610466,8.49777012548286e-05,0.00019909838862048357,0.0,0.0002634790002505358,0.00026301514250337977,0.00014706797086874802,-0.00025122960888083665,0.0005943394913722025,0.0004788912379965077,0.0006242226625853613,-0.0001490392407570568,-0.00014583424769157245,-0.00010021065391421643,-0.00011423431244198054,0.0,4.653392009826547e-05,1.6170217967514625e-05,0.00031131997263253035,-0.0006078739803299731,0.0,-0.0009265979204681359,0.00015175338562765326,0.00014451729584619345,0.0,0.00019604347904260644,0.0001073878547124438,-0.0010906207648802941,-0.00048010661323142734,0.0006157035823673759,-8.221097680323312e-05,0.00010445586643163813,-0.00043572760166780435,-3.9442404408041064e-05,0.0,0.00042387883162205413,-1.2413897908222809e-05,0.0006592888510674882,1.274380832667843e-05,0.0002944439630066443,0.0007835967877257806,-0.00036370845361468755,-0.0011527722024975411,-0.0001779902990013861,-4.5686228137960206e-05,0.0,-0.0004900615720086812,-0.0005575575975392602,-4.6853076981822216e-05,-0.00029059856685694505,1.2416213953140572e-05,-1.8530620239048068e-06,-0.0001206325170195106,0.00012913174621089803,-0.0009019031244900939,0.00038464201888530416,0.00025680143832793474,-2.4574527656035915e-05,7.183552276713963e-05,-0.00029054491112907003,-0.00024424318143996765,4.2148865171349036e-05,0.0,0.0,0.0,0.0,0.0,6.125454254657617e-05,-2.7160694897544777e-05,2.1489449838857818e-05,3.108500319170205e-05,0.0,0.0
2026-02-18,0.00037471372872506146,-0.0007169869454223647,-7.456900996986454e-05,0.0002508178110790082,2.9444534004716996e-05,0.0001040648341457267,-0.01306072096808139,-0.0007931049328099771,-0.00018848371088459287,-0.00020175119335443675,-0.0014132645882611468,0.00013407243130661336,-0.00039928655738537884,-0.009081958484563158,-0.0017494989538513269,0.0006985991936756333,-0.0004366004951889948,-0.00017200334916312363,-0.00021742418530357107,-0.00034280102606715803,9.5310001591475e-05,-0.002389063033147332,0.0005393740076909604,0.00026388149740386776,0.000754172650247455,-0.0011225163356876201,-5.0734503515966733e-05,3.327537537304288e-05,-0.0004437313236646456,-9.91306482095804e-05,0.0003200527833596048,0.00014650333975329362,0.001754225634038857,-0.001101297111100123,-0.0004129967869298401,1.0748970031126739e-05,0.00018807558861222204,-0.00020822150557944937,-5.819654737253863e-05,-0.0001492905846028112,0.0,0.00013490497951927657,0.00010548671200942593,-2.1660071762295494e-05,6.945832916317079e-05,0.00035612626564507154,-2.968755693454775e-05,0.0006893247013867896,-0.0001589345481296344,-0.00014583424769157245,-0.00037132617316774187,-0.0003523375250007164,0.0,0.001047786580406906,1.0891719739961835e-05,-0.00015534486505664697,0.00043300913987785717,0.0,-0.00012355864065454863,0.00010193529764627062,-6.373004566086891e-05,0.0,0.00026659969519957625,5.258649254402885e-05,0.00028243955396250043,-0.000865732228689832,-0.0006736280523092203,-0.001758319511162567,3.514636185076103e-06,-0.00033808483881955364,-6.495004578536009e-05,0.0,0.0008705626712941108,-1.2413897908222809e-05,0.0006482889054462743,1.274380832667843e-05,-0.0004809107000217041,-0.0004307747745715223,-0.00041104003100150545,-0.0005606564202787162,4.211422764968875e-06,0.00013325841825278704,0.0,-0.0002796431207174882,-0.0004204060239994308,2.5133391699596513e-05,-0.0002476703014251103,1.2416213953140572e-05,-2.9707993320818387e-06,-8.506759412434463e-05,0.0005232449306882257,-0.0015880254565749298,5.307779540757944e-05,0.0004277222383233021,9.876519667590647e-05,-4.5271432563683976e-05,-0.00030543605225770345,-0.00025510050315889917,0.0004548897715645282,0.0,0.0,0.0,0.0,0.0,1.1128486715372523e-05,-6.132839392264409e-05,-1.8799495127468347e-05,3.528192195539081e-05,0.0,0.0
2026-02-25,-0.0016046671091658588,6.37488959326829e-05,0.00024024170327841001,2.736545329342022e-07,-0.0001391534645863345,-3.478391199950231e-05,-0.007907603978306208,-0.0003824659026479225,5.9599844840492835e-05,-9.727741521719567e-05,-0.00151286014007762,5.9747950138788714e-05,1.586562255057099e-05,0.025239487482024973,0.003803802040309604,0.0008438321760433219,0.0010245868392557188,3.495027926592589e-05,-0.00022978953368834617,-6.964578956257041e-05,-0.0002092160770406004,-0.002199808476252118,0.0003763686706222941,-0.00016083115851730064,-0.00016796016445512358,-0.0010125294918474647,-1.2324658088831336e-05,-0.00018310338432732498,-0.00013610355321557548,-0.00012048591733291843,0.0013110928155777545,0.00018089531547147951,0.0012666449203225958,-0.0009667118137079854,-0.0001549604412836621,-0.00026342455770705925,0.00020809075171939023,7.32035623642322e-06,1.8829455909777753e-05,-0.0001830474933386776,0.0,0.0003631383536647112,0.00014096960198923587,-5.3477753916710646e-05,0.00037819365274506956,0.000166085116068329,6.59900714042294e-05,0.0007642397501722382,4.932308672145401e-05,-0.00014583424769157245,-0.00046194069116395163,-0.00042311502826191034,0.0,0.0006810164488469097,-9.53054337022085e-06,0.0003953385379266458,0.00017547920460659206,0.0,-0.0008062622911769244,-5.598047324241905e-05,-6.373004566086891e-05,0.0,0.00034856258589976145,-0.00016246686735941408,0.00024682485720352234,-0.00048301269198797924,-7.948935664586014e-05,-0.00046658304138847133,7.974304996457131e-05,-0.0004196319168082579,-9.318856596953952e-05,0.0,0.0007769975800191209,-0.00020325643517465783,0.0006213058200920529,-1.8363918148779682e-05,-0.0004420694362292732,-0.0003918647550991808,-0.00023582722915191796,-0.00023402949914362733,0.00010924748485533923,0.00013325841825278704,0.0,-9.858528255890994e-05,-0.0011684363400962198,-0.00014909207723295395,0.00012711680324873465,6.858524902062813e-06,-1.368334962313852e-06,4.6810718199674144e-06,0.0003861752337136568,-0.00040637011040260034,6.117276751636522e-05,0.00016027739601715086,-6.334247675068876e-05,-2.874430638571176e-05,-9.089973599297868e-05,-0.0005452815089223831,0.0002140811216521078,0.0,0.0,0.0,0.0,0.0,1.1128486715372523e-05,-6.132839392264409e-05,-1.8799495127468347e-05,3.528192195539081e-05,0.0,0.0
2026-03-04,-0.0008546764918381495,-7.355881880724712e-05,0.00023377902387861562,-8.753056822124352e-05,-8.39950831880422e-05,-2.9782554067823865e-05,0.00750138485357436,-0.0004456625238402112,-0.00029909206249695926,-0.0005008751495636434,-0.0020984807680744454,0.000517303165763129,-0.000790195802709833,0.025816751530671617,0.004957065281538422,0.0006500096234802252,-0.0002463035803595595,7.670910464002924e-06,-0.0005825485309158764,0.002576581586964236,-0.0004871702072933264,-0.0012706866680004616,-0.00015036184001827906,-0.00025494720024074396,-0.00047842402801173575,-0.0008918242206733918,-0.00023552350313706152,-5.8908176005826564e-05,0.0003814476676304203,-9.995526148638146e-05,0.0012595421407313907,0.00018089531547147951,0.0013880980354579809,-0.002398503554612034,-0.0005177223877396233,-0.0003859345060044881,6.038913317104423e-05,-0.00011045260448890008,9.391094202328403e-06,0.0005609956683418529,0.0,0.00031413777757584814,0.00015618432864083402,-1.685092781241818e-05,0.000279761767632628,0.00017438526250310556,2.461337330044599e-05,-6.951496164218324e-05,0.00016190819473469587,0.0003247983377626422,-0.0003269381957656185,-9.431090164788355e-05,0.0,-0.00043204707931125317,-4.5695800057880435e-05,0.0003472098638214841,-0.0004955430078430174,0.0,-0.001418350273255999,-7.93508902202647e-06,-0.0005320955875662871,0.0,0.0003918223075948858,-0.0002764721849478894,0.00022865851475302421,-9.477222705044097e-05,-1.0713515687953058e-05,-0.00024264330445177788,-1.2987540286333227e-05,-0.0011513518934323627,-4.777042493291456e-05,0.0,0.0009665144569467326,-0.0001592417985897543,0.00024919245984782916,1.274380832667843e-05,-0.0002339033756695773,0.000378648642216148,-0.0010595147296677135,-0.0010913786403149365,-0.00011508983107360438,0.00017750743471141138,0.0,-0.0003386491298293436,-0.0009510098706362423,-0.0006622580898577652,-6.403143793086415e-05,6.858524902062813e-06,-2.401468612976795e-06,-4.4680050894707e-05,0.00017072404417437198,0.00012170967180104257,6.46611986079913e-05,9.934459941244682e-05,-0.00035938972072405476,-0.0003117011457916415,-0.0003210004647112339,-0.0003799100034056613,-0.00018415359016854942,0.0,0.0,0.0,0.0,0.0,6.125454254657617e-05,-6.132839392264409e-05,2.194571040065355e-05,3.883025166836997e-05,0.0,0.0
2026-03-11,0.0008090153565290886,2.4344440287217732e-05,0.00019193198323875504,0.0001633920688205876,-4.5597121396978994e-05,4.1012981887290793e-05,0.008334890334835228,0.001354482283383618,-0.0002791388916001459,-0.0006050779772429263,-0.00194860652884019,0.0001460674274989825,0.00025448163159147127,0.025151653829969773,-0.0018569033685144078,0.0004837014024425365,-0.00033156991026747943,5.369256733951128e-05,3.5303333743172005e-05,9.580210943330365e-05,0.0015810538406463533,-0.0013946022534166136,4.695968716184188e-05,0.00017172985860360637,0.00022037007023478718,-0.0013755306151420883,9.134519739176268e-05,-6.606889582666523e-05,0.0004453856551077753,3.2001925448664866e-05,0.0016984760470699599,0.0001253798385642907,0.0012503088655958117,-0.0019573000313539268,-0.00027591699445469054,1.0748970031126739e-05,5.828427802022624e-05,-0.00011045260448890008,-3.8221262855656504e-05,0.0001987536418109902,0.0,0.0004996976645422454,0.00013779903801683786,0.0004908013294497517,0.0002509422154225411,0.00017438526250310556,8.767891451747108e-05,0.0005496993561690428,0.00016190819473469587,0.0003247983377626422,-0.0003532754190129622,-0.0002376437508994657,0.0,-0.00045621873919957095,1.0200447987459395e-05,0.0005346384464801866,-0.0004934093131032638,0.0,-0.0009326373655859679,-7.93508902202647e-06,-6.373004566086891e-05,0.0,0.0003141599411464325,-0.00044761235505536966,8.810817502567107e-05,-0.0007086217147110703,0.00048550567799860014,-0.0002266152024890671,0.00010445586643163813,-0.0011634518215626985,-0.00014754672986475048,0.0,0.00037318142851608903,-8.606484917389735e-05,0.0005400741707445295,1.274380832667843e-05,-0.00032408923881103936,-0.00020674117742862843,-0.0006503668668026328,-0.0009030182504303326,2.957386667695712e-05,-4.5686228137960206e-05,0.0,-9.117387474045913e-05,-0.0008629261516350107,-0.00033475157136792665,0.0024574483377321024,-4.145886256542639e-05,-3.633527050395722e-06,-6.622169847600383e-05,0.0004291903129284746,0.00020321073102394065,-2.7648279027939145e-05,7.735140258477792e-05,-0.0003377544157848614,-0.0003284391565253059,-0.00029054491112907003,-0.000292908702180448,8.209169504161195e-05,0.0,0.0,0.0,0.0,0.0,6.125454254657617e-05,-6.132839392264409e-05,2.9550492084833222e-05,9.776770860923714e-06,0.0,0.0
2026-03-18,0.0010738760443495473,-0.00073272136272727,-6.842147186053957e-05,0.0003736232307192174,-4.5941475809341294e-05,0.0004983868136727818,-0.004413497446015842,0.0013440914773781816,-0.0002431113607834409,-0.0005589452004689649,-0.0013801107279756168,-0.00010686379356921862,0.0009975533293645807,-0.006749844888759308,-0.0014467064876655302,-0.00011330670807842654,-0.0003978723618418129,5.369256733951128e-05,0.00011315495099798627,6.56379568589385e-05,0.0013807235629744643,-0.0012508438163992236,4.143344105208131e-07,0.00012250277147293819,0.0009665909084095802,-0.001391204549471632,-8.851626933163858e-06,9.362717626271092e-05,0.000551255529368564,-6.462895201556459e-05,0.0015931270730365613,6.79125508020057e-05,0.0013845356691986638,-0.0022275273968948486,-0.00023811071518252974,1.0748970031126739e-05,0.00025412453456475476,-0.00013693197872195498,-3.8330142611934225e-05,8.814513691043318e-05,0.0,0.00021145453395324747,0.0001715524963887913,4.6150172555532685e-05,4.680107330092745e-05,0.00035612626564507154,-0.0001936511839322399,0.0005977808373067914,0.0003721087511149752,0.0003247983377626422,-0.0006452954253168968,-0.000173882228941035,0.0,0.000885272852858813,3.475030851589522e-06,0.00015565380073724516,-0.00031137933393793674,0.0,-8.812139963061997e-06,0.0001567687479660813,-6.373004566086891e-05,0.0,0.00019604347904260644,5.258649254402885e-05,-0.0014990875801041226,-0.0006369965077506101,0.0005784156004267018,-0.00013427765597323103,0.00010445586643163813,-0.00038579948096385396,-8.0738128726441e-05,0.0,0.0006080094382231286,-0.0001287737335911987,0.0006958697052648027,1.274380832667843e-05,-0.0004217443882685928,3.3906854617242165e-05,-0.0005162896558638549,-0.0004723595869671228,-0.0003698561814478532,0.00013325841825278704,0.0,-8.41288813943365e-06,-0.00031622711827980845,8.255064230324721e-05,0.0013150297296728771,-1.922012268932807e-05,-7.458706520584296e-06,1.3998144696615884e-05,-4.044200712631178e-06,0.0006623244142066486,-0.00011240681990477092,0.0002428258086803406,-0.00012345046121646448,-2.2797419358015956e-05,-0.0003494388570791952,-0.0002308980211445703,3.0285786673104065e-05,0.0,0.0,0.0,0.0,0.0,6.125454254657617e-05,-6.132839392264409e-05,2.1489449838857818e-05,1.8195401962647613e-05,0.0,0.0
2026-03-25,0.0006114622868102799,-0.0007064683534193665,-7.583217650660871e-05,-0.0005826088456069723,-4.1304799800010904e-05,4.3084862271948155e-05,-0.012873337960400232,-0.0008435973225950102,-0.00022315818988662757,-0.00036537964168869164,-0.0014132645882611468,-0.0009606768806607928,0.0002828606453251733,-0.014749377257767657,-0.0015334579288024811,-9.8679610306657e-05,-0.00030381788831789224,-0.00017200334916312363,-0.0010976951023176642,4.745237907849423e-05,-0.0007203199675852556,-0.002920984768289185,0.00032150937958685033,2.5038586310907942e-05,-2.778694291320259e-05,-0.0014913278936833794,-1.1668540369558125e-05,4.685830109679598e-05,0.0005179002745880411,-5.0916831646586224e-05,0.0016892030064025781,0.0003276899443115888,0.0012410681547601321,-0.0009753606041178176,-0.0006396123211721658,1.0748970031126739e-05,0.00025789476707321093,-5.105199499311264e-06,-3.8330142611934225e-05,9.321666980417332e-05,0.0,0.0002907947423075912,0.0001370817852561633,0.00019747478305130641,4.680107330092745e-05,0.00039779704238116734,-0.00012697359570665678,-2.7651924155285497e-05,0.0003776460346523523,0.0003247983377626422,-0.00046934894511299933,0.0001344212256007383,0.0,0.001014877514715312,1.0137032430236988e-05,-0.00015086222816717296,-0.0004101159978944213,0.0,0.0008328120925169301,0.00010193529764627062,4.636457472226491e-05,0.0,0.00019455076817974655,0.0002517195801579099,4.410655194655713e-05,-0.0013552956155622048,-0.00012577956555117196,-0.00027504826396422153,3.514636185076103e-06,-0.00010661748820492214,-9.915620486365394e-05,0.0,0.000588695443783185,-0.0001287737335911987,0.00015603607206011964,1.274380832667843e-05,-0.0004971152238917635,0.0003305100831156951,-0.0002294005505548086,-0.000565698080902623,-0.00037776168136104414,0.00013325841825278704,0.0,4.127238610424709e-05,-0.00039762871062332507,0.0001439184941751626,0.0005057354646625942,-1.922012268932807e-05,-7.458706520584296e-06,-8.506759412434463e-05,0.0005231540562821098,0.0006285676856287462,-0.00017276461914113604,0.0003265071062976909,-0.000288125808141827,0.00032340798288886573,0.00021544226354301417,-0.00020606195026703884,-0.00016245761143231875,0.0,0.0,0.0,0.0,0.0,1.1128486715372523e-05,2.240931805370938e-05,-1.8799495127468347e-05,-2.275816595030374e-06,0.0,0.0
2026-04-01,-0.0012296216742356827,0.00019779415104312587,4.7112246901140875e-05,-0.00020079881880353807,1.6773145830415835e-05,2.2413247909450025e-05,-0.009814684634659458,-0.0005372181631022777,5.424316671255845e-05,-0.0004291648896537608,-0.001505528939155645,-0.00020794121101720613,-7.787375597233045e-05,0.005315803351852157,0.003762726794676034,-0.000535151746675634,-0.00030054432177101145,9.151555773402584e-05,-0.00022206317883782887,0.0003524830969518846,-0.00045922908796626173,-0.002776794828088232,0.00028263070742090253,9.864594342804276e-05,0.0005812165343693795,-2.57927425347486e-05,-6.661207207279885e-05,0.0003029538793676287,0.0003758635746449861,6.2158251074316e-05,0.001647275442479064,-0.0002901734704858541,0.0013741861719317957,-0.0007583379131764919,-0.0003972085995134787,-0.00026342455770705925,0.00019620038738045445,2.289121600285787e-05,-3.8330142611934225e-05,9.34202612148195e-05,0.0,0.00019611371525987827,0.0002617484126081099,8.596263774343182e-05,0.00026960568383359784,0.0003369584676272491,-0.00014584303227375555,-4.890973849499694e-05,0.00021195356310763633,0.0003247983377626422,0.00033756308421803384,-0.00014283257510098305,0.0,0.0008273576103556493,-1.8463197309076832e-05,-0.0006058973945067002,-0.0005202774125522297,0.0,1.8890427806543097e-05,0.00010193529764627062,4.636457472226491e-05,0.0,0.0003365675282252785,0.0001734741479496306,0.0002504225779767387,0.0018636939464845032,-3.3651722596357845e-06,-0.000224087255349741,-5.5595385925319004e-05,-0.00035583392406847696,-5.814868202008866e-05,0.0,0.0006664643857907297,-0.00018743030930884827,0.0001642194649749312,1.274380832667843e-05,-0.00047509283007344453,0.0003626857694890254,0.0008734730309905786,0.0015897586364368587,-3.713315530340375e-05,0.00013325841825278704,0.0,-4.7373469838142643e-05,0.00046302483661396883,3.28619791548943e-05,-2.785375171599537e-05,2.244007751447342e-05,-3.633527050395722e-06,4.6810718199674144e-06,3.552480744176387e-05,0.0006074358689047817,-0.0004512180600499,0.00022191885015665564,0.0003068089107430829,0.00025623256703814236,-6.684284564318831e-06,-0.0002476927592516301,2.707858416287843e-05,0.0,0.0,0.0,0.0,0.0,3.5241955170910286e-05,-2.7160694897544777e-05,4.990061419166017e-05,3.528192195539081e-05,0.0,0.0
