,∆ Salmon (NOK/KG) 1w,∆ Salmon (NOK/KG) 2w,∆ Salmon (NOK/KG) 1m,∆ Salmon (NOK/KG) 3m,∆ Salmon (NOK/KG) 6m,∆ Salmon (NOK/KG) 12m,Acc 1w,Acc 1m,RVol 4w,RVol 13w,RVol 52w,Spread (FP - SSB),∆ Spread (FP - SSB),FWD 1m,∆ FWD 1m,FWD 3m,∆ FWD 3m,FWD 6m,∆ FWD 6m,FWD 12m,∆ FWD 12m,FWD Slope,FWD Curvature,∆ Export Volume 1w,∆ Export Volume 2w,∆ Export Volume 1m,∆ Chilean Exports 1w,∆ Chilean Exports 2w,∆ Chilean Exports 1m,∆ Chilean Exports 3m,∆ Total Biomass Monthly,∆YOY Total Biomass Monthly,Avg Weight (KG) Monthly,YOY Avg Weight (KG) Monthly,Harvest Intensity 1m Monthly,Harvest Intensity 3m Monthly,Loss Rate 1m Monthly,Loss Rate 3m Monthly,Loss Rate 6m Monthly,Smolt Release 2m Monthly,Smolt Release 3m Monthly,Smolt Release 4m Monthly,Smolt Release 5m Monthly,Smolt Release 6m Monthly,Smolt Release 7m Monthly,Smolt Release 8m Monthly,Smolt Release 9m Monthly,Smolt Release 10m Monthly,Smolt Release 11m Monthly,Smolt Release 12m Monthly,Smolt Release 13m Monthly,Smolt Release 14m Monthly,Smolt Release 15m Monthly,Smolt Release 16m Monthly,Smolt Release 17m Monthly,Smolt Release 18m Monthly,ISA Outbreak,ISA Outbreak 1m,ISA Outbreak 3m,Lice Outbreak,Lice Outbreak 1m,Lice Outbreak 3m,Sea Temp,Sea Temp 12m Avg,∆ EURNOK,∆ EURNOK 1w,∆ EURNOK 2w,∆ EURNOK 1m,∆ EURNOK 3m,∆ EURNOK 6m,∆ EURNOK 12m,CPI NO Monthly,NIBOR 3m,∆ Shrimp Price (Global) 1m Monthly,∆ Shrimp Price (Global) 3m Monthly,∆ Shrimp Price (Global) 6m Monthly,∆ Shrimp Price (Global) 12m Monthly,∆ Broiler Price (EU) 1w,∆ Broiler Price (EU) 2w,∆ Broiler Price (EU) 1m,∆ Broiler Price (EU) 3m,∆ Broiler Price (EU) 6m,∆ Broiler Price (EU) 12m,∆ Pig Price (EU),∆ Pig Price (EU) 1w,∆ Pig Price (EU) 2w,∆ Pig Price (EU) 1m,∆ Pig Price (EU) 3m,∆ Pig Price (EU) 6m,∆ Pig Price (EU) 12m,Meat CPI (EU) Monthly,∆ Fishmeal 1m Monthly,∆ Fishmeal 3m Monthly,∆ Fishmeal 6m Monthly,∆ Fishmeal 12m Monthly,Brent FWD Slope,Brent FWD Curvature,Soybean FWD Slope,Soybean FWD Curvature,Month_01,Month_02,Month_03,Month_04,Month_05,Month_06,Month_07,Month_08,Month_09,Month_10,Month_11
2022-01-05,-0.000295976647481328,0.009126734483606494,0.00039276908330621095,-0.0007661903214166019,0.0008624806241573503,-0.00404423874400993,-0.0009527624000375022,0.0015088610595357236,0.0015256916758766721,0.007985695696057404,-0.0023337172595291967,0.011276993911119653,-0.00263883249705042,0.0017189006387026474,-0.0013940694211123515,0.003738803392959313,0.0003993798798563699,-0.0020392336408407343,-0.00035168853536498695,0.04245200026558703,0.00025711718317654746,-0.014631956951994589,0.00207588757248262,-0.0016502349526517689,0.00041538744070138904,-0.0015798178570860524,-7.336899412227329e-05,-2.2009221690294186e-05,0.0010790664204314087,0.00031332530698047184,-0.002473045041606401,0.0008943140278971724,0.0015910964919565217,-0.0006626802236017068,0.004948327834916891,-0.002696781374557344,-0.0002726298056157975,0.002373355497711922,0.008507864432937906,-0.0002691020677145389,-0.00020866842830247835,0.0006677073139714222,0.0002900128131794436,0.0008389607826589211,0.0016682736378987747,-0.0003437345451486552,0.0009149464505240348,0.0004400016457127134,0.0011535859555414525,0.0001919994220767455,0.00015791911101125769,-0.00011750957276627114,0.0004353995546859239,0.0010125618472779604,0.0001334821055083022,0.004383502908019549,0.008938363664827937,0.014488184172963164,0.003357504880754775,0.005126454632865687,0.0027585819743042765,0.0020793567309169616,0.002532366164123105,9.39550565234989e-05,0.0004975767279318035,-0.0010986897523877644,-0.00031985930351681794,0.00011541358448693092,0.0004261449144548748,0.00010916326528199629,7.321972045361212e-05,-0.02998080039001844,0.001283721986682791,0.002330835709961522,-0.004612582958250994,-0.005455189053304649,-0.013705952792799733,-0.0012728024460090628,-0.0016332758945157657,-0.0002547444972723389,0.0011105109872756949,0.00576727797886452,0.0013987406541337277,-0.0005413070445020848,0.001886862753214456,-0.0006926109260629707,-0.00019258423259707407,-2.246858192277921e-05,-0.0005293277002608213,0.0005486893346019603,-0.012243158947062288,-0.0022838481549664986,0.002359359926685107,0.002327915072651159,0.0015555902801449157,-0.008030194135946916,-1.5249368679746177e-06,-0.0003929819100752704,-0.0002922601056469373,0.0,0.0,0.0,0.0,0.0,0.0,0.0,0.0,0.0,0.0,0.0
2022-01-12,-0.0001478108497239843,0.0019531283675790698,-0.0002189103348923107,-0.001056621152599226,0.00045728082497952183,-0.0024112547726845113,0.002893486021948369,0.0023979968535403915,0.0009333390576500076,0.007466421067299301,-0.002600093306363241,0.012279209900701802,-0.0011116770229546563,0.0014626491323125365,-0.000924340656811338,0.0032381820995053255,0.00024052139302900701,-0.0012805295529182304,0.001051303367852006,0.0235802074738255,0.00010492566392236007,-0.01646372223239438,0.001988690249854611,-0.0012620380153007293,0.0008362262024218158,-0.0011479651851955043,-0.0004565540851153795,-0.0003673331049545479,0.00029273671868836146,-0.0003425857977548272,-0.0017395964830722377,-0.00043294127948194676,0.0038798305221733683,-0.0005906652686660297,0.005331319769769365,-0.005871488166848056,-0.0012816430840703792,0.0021330287829449384,0.007759390852813954,-0.0003376608171082501,-0.0002294866832567783,0.00061411524038112,0.0011234077608020996,0.00151299207182127,0.001942135002866783,0.00010634386246020198,0.0004865457855940085,0.0006155349932443511,0.0014074122706585939,0.00042202010213873145,0.00012613420985856067,0.0004936157791291446,0.0003487881415247555,0.0003037948313969413,-0.00016992330450423012,0.005078595235349949,0.00973937169764358,0.015866413962764142,0.0029645821839132578,0.005041482391676773,0.000655969218058176,0.003120266209216113,0.0020721877955418313,-0.0002401667889452085,0.0009375964548629218,0.0004747337489630216,0.0004148171230114765,-0.0005727587818651802,-0.0011045511160908818,-0.0006049562058656719,-0.0012639119221745676,-0.031148290466662596,0.002318863643086742,0.0019372134773326915,-0.0050951178716006,-0.007860764497854892,-0.013829777559854659,0.0019275640032257566,0.002246268632727693,-0.001370736002210853,0.002223338989076308,0.0047618930118735175,0.0006990720999135261,9.966103390187994e-05,0.002156755842029931,-0.00022436830231029078,-0.0002328974469440055,-7.015420198618963e-05,-0.0007169796866863214,0.00024866635869194483,-0.003037818024879814,-0.0031502801760181134,0.0022262002083529514,0.002655224170554655,0.0003234864275660403,-0.009944127725544392,-0.0001233730715420257,-0.00016620311422863935,0.0023729793135485212,0.0,0.0,0.0,0.0,0.0,0.0,0.0,0.0,0.0,0.0,0.0
2022-01-19,0.0005054921063340508,-0.003511282088241669,0.00010276057229682591,-0.0011666517837362774,0.0003538026127435072,-0.008208971329245503,0.0017907890888922834,0.0035780563430055715,0.002624977782631186,0.005102800936152593,-5.718933099723974e-05,0.01000160697983367,-0.000576098658422289,4.243859137288697e-05,-0.0007220222289320976,0.002438146864318673,-0.0010742285096574176,-0.00544225087523842,0.00011634479076508679,-0.012350232644143729,0.00028329640089568047,-0.015620800991738957,0.0004480739635687811,0.001599287679031532,0.0004824057055091488,-0.001483463881170892,0.0001641314058852806,-1.0208208925943743e-05,2.5776827396565926e-05,0.00031750715140403516,-0.0013788785429567757,0.0009747061164497713,0.005528376057935141,-0.0024902369595460765,0.004949930941040325,-0.0013056247241243141,-0.0010589477502524285,0.0018396377803644342,0.006934578169714196,-0.0007599576435059023,-0.0003299756861539506,0.0007070926431069901,0.0020392895588501885,0.0022010735678815604,0.002020141586565749,-0.0003125680726027126,0.00023223159751297666,0.0005081962957134218,0.0011622581614550698,0.0008056542667270288,-0.0005240361892871734,0.00040593997929944586,0.0017160337692918746,0.0008992430695742064,-1.3244086778514645e-05,0.004884030359847876,0.012298817595239006,0.016549870619408852,0.002388877084424821,0.00546773189596379,0.0006426704918750402,0.0034008788251618112,0.0033255967218842534,-0.0021628454552168387,0.0010177224619073832,0.0004272814529608231,0.00028600199025005223,-0.0004382024251114149,-0.0001815834465084845,-0.003991668107899997,-0.0012929206106196331,-0.02178891604894743,0.0063852390396881885,0.0020947445020842643,-0.005635279525202585,-0.00873863608670232,-0.018182746277801514,0.0017895959461713875,0.0024565306983379376,2.6566308545679094e-05,0.0011002273494054898,0.004665588303538074,0.0023716030487251666,-0.0006452505499651051,0.002174002173914655,3.9945644884539606e-05,-0.00025652157359400184,0.00028400695222354383,-0.0009688431107821348,0.0003892705278630123,0.003457870466908667,-0.0010762729939815072,0.0014175625374921832,0.002172383542048988,0.00011940456187587849,-0.00971962717145672,0.0006869344919156503,-0.00024631480943879727,0.004906676801594912,0.0,0.0,0.0,0.0,0.0,0.0,0.0,0.0,0.0,0.0,0.0
2022-01-26,-1.4170423854141785e-05,-0.004640268681977316,0.0005275425606848224,-0.0014103573002829082,0.0002503716462460502,-0.008383641897027817,-0.0018793990786367832,0.0020856008096544394,0.001978566346589771,0.004634920893069613,0.0004573918725438511,0.012695528207990955,5.5692756450642707e-05,-0.0008025240235475773,-0.001187759764581579,0.0019235395038229492,-3.0005202928479794e-05,-0.005402104031717235,-0.0001324122841974891,-0.01608804134296988,0.00018917818929336996,-0.016691763463682775,0.0004308560460799219,-0.0006630010433160881,-0.0009630628841751944,-0.0016486718290772903,-0.0004979457859424578,0.00013018249815164638,-0.00011722030514577965,-0.00014284306024728616,0.004598080238559852,0.0002532224713399758,0.0046061990397435835,-0.004238326363691121,0.0035123161440421963,-0.0011764221382274036,-6.815249499830155e-05,0.0021907068190980144,0.0065826960404179406,-0.0008054645859640529,-0.0008617862148081475,3.6231559942940125e-06,0.0017252462698579983,0.0012099598972302697,0.0014163840216439832,-5.23480967447637e-05,6.529566840225961e-05,0.0006204775151504197,0.0012609776935358103,0.0003266256796498347,-0.0008222557634581034,7.973888073988565e-05,0.0016544008010629533,0.0008161386344863577,1.2979020265347897e-05,0.004331803086770898,0.010276635811534297,0.016986043738960913,0.0028792644130087885,0.005694550226737949,0.003177567163767946,0.005075236105973326,0.0027814182078541145,-0.0029003202618671058,0.0005654228401048187,4.5503156983425155e-05,0.0005588484624689257,-0.00011369073373090961,-0.0004768996744199437,-0.0017764955199061413,-0.002816910308373832,-0.021624575724753917,0.0064331086575423555,0.0014894738915483291,-0.0059354890676631845,-0.007412388345475798,-0.01907861544846725,0.0018088488979862583,0.0016995508993718816,0.001285756311355023,0.0014512794195197483,0.003986414171888753,0.00222686924233033,-1.4153440168537054e-05,0.002106621001876646,-0.0003853787234043493,-0.00029094507049957506,0.0004002438877977891,-0.000869444037190803,0.0003456824686249709,0.0030471396277598076,-0.0016552590166453373,0.002476898209240945,0.0031769548056125065,3.9094325450810204e-05,-0.00966487463826363,0.000491672382839427,-0.00016649128861051494,0.004968168884592123,0.0,0.0,0.0,0.0,0.0,0.0,0.0,0.0,0.0,0.0,0.0
2022-02-02,-6.730596666010392e-06,-0.0001126998309322213,-0.00026282193346418247,-0.0013626234151170819,0.0014284480412119632,-0.007143547812574578,-0.001019111362881028,-0.0009711058092734848,-0.00015853316067559797,0.003687915370484276,-0.0004416328559730073,-0.004160338262839951,-0.0023282181202773475,-0.0003681886543802932,-0.0017923201210554237,0.0017432656480143277,7.75911580616291e-05,-0.004776163054316961,-0.00022853922487142477,-0.015469648397610244,0.0007183620567344792,-0.01854263151567836,-0.0007443025012134951,0.00036834566250993397,0.0008265632825604653,0.00048381910788040374,5.2362441456572135e-05,-0.0004095247470623948,-0.0007537969350362982,0.0002685634899339942,0.005122432339131858,0.0009483532847317513,0.005434787101588966,-0.0036114202925271125,0.003264247360207263,-0.0010978882216461936,0.00021380320338183987,0.0016209510816681029,0.006812385560721631,-0.0007594983285063617,-0.0006225159188730973,8.35982732589446e-05,0.001660045290771763,0.001108704671728588,0.0004883180243882497,0.0007499507203025907,0.0005856502412260761,0.000592700133056688,-0.0020529536166493025,0.0008678973260822113,-0.00100107616458636,0.00026061966016717187,-0.0003311200942599217,0.0005568000270325115,-0.0005892813480720908,0.0051401619348456305,0.012090976718842983,0.025465162388139093,0.003228436279973489,0.0030913201418828755,0.002867845277137528,0.004965092430479569,0.004866330106557902,0.0010136017544871109,0.0006793985284509832,-0.0005079181599438222,-0.0015701856168561653,-0.0002573579825358663,0.00023291313688005862,-0.002377771373479919,-0.0025892367337941504,-0.019833977094397805,0.006188195546104794,-0.0006305888244710711,-0.005977680786740703,-0.006970147886201727,-0.019492386576985946,0.0010626945397531078,0.0024498959343812322,0.0021101585408207528,0.0018359639340772946,0.004790115105054998,0.002509236368260068,-3.848159746974057e-05,0.0017708464136680002,-0.00027868872999904534,-0.00031745166015979636,0.00032742318646943795,-0.0010535591374192597,-0.000596705004877822,-0.00018063348567914849,0.0019104790609482498,-0.0002291106070783047,-0.0049130517771064,-0.0005775518860443998,-0.011139106351420723,0.0012862176025480805,0.0007776082678983896,0.0045711509020006395,0.0,0.0,0.0,0.0,0.0,0.0,0.0,0.0,0.0,0.0,0.0
2022-02-09,0.0007462094874308155,-0.002722356760536057,0.00039096437215227253,-0.0007874737919704124,0.0007871546230539565,-0.007879766417082724,0.0014342508797781056,-0.00130322659287307,-0.00017489971229665352,0.003440827914763018,0.0018792643271062066,0.011380862636585299,-0.002083616315837773,-0.00042010187315182654,-0.0006025889615010781,-4.0725700735456586e-05,-0.0004952414336254298,-0.00474389311903369,0.0001119468444552987,-0.022998377619673646,0.00041498421697635493,-0.018288016356757284,-0.00022640327156869003,0.0007924693875792912,0.00021065958857891548,0.0013878780172911745,-0.0004428076401183348,-0.00012588585336822372,0.0004670536636080503,0.00020385562511420545,0.004683177966860975,0.0008641838765046308,0.005577405606315381,-0.002043237902558291,0.003492786989546702,-0.0006849347570483275,-0.00026848874868273196,0.001687206892302575,0.006531782316073841,-0.0007382409445324167,-0.0004821866369549622,0.00022963671220945194,0.0012461201187958077,0.001726982244734464,0.0010510803651592776,0.0007103756951694105,0.000138412956394959,0.0006866132829824708,-0.0022029056980930124,0.0006842476884063467,-0.0009305331343231897,0.0004407406651788366,-0.00015692888057571098,0.0005897301635612683,-0.0004623417443826605,0.005520850922088719,0.010277680490593761,0.024705336154434578,0.0031652029809566937,0.0038882543497660883,0.0032413638991472555,0.00522777980736675,0.003615531093742443,0.0008540624300446015,0.000264828029598344,-0.0003654054091624325,0.0005200361126045295,-0.00022815421735342088,-0.00015873115579436873,-0.0022498882114223547,-0.0017145408643172407,-0.019024726924504975,0.007426190353600898,-0.0007452316241823161,-0.006167611801355121,-0.007566547742669532,-0.019992771276381563,0.0005978590330048848,0.0022470770776405855,0.001833997664873398,0.0015509852840228451,0.004935948252353169,0.0028427075339090536,0.00010046093738807925,0.0017331087610606827,-4.0714370454010604e-05,-0.00028885783666064333,-5.656541070584924e-05,-0.001112499071011996,-0.0006131629066412235,0.0018061262866456824,0.0015233987614674592,-0.0006795278369242012,-0.005720311521981365,0.00022651262853573553,-0.009012938094131695,0.0005771322623995475,-0.0006623539427260598,0.002503197703221053,0.0,0.0,0.0,0.0,0.0,0.0,0.0,0.0,0.0,0.0,0.0
2022-02-16,0.0008826985248572038,-0.0026742064063228744,0.0005286891423130797,-0.001467875444028779,0.0009051650853029792,-0.006926650116772866,0.001158066745474601,-0.0006023004127375471,2.4560031402210797e-05,0.0033491964442608764,-0.0015909028121285232,-0.01970162646691771,-0.006960637417814584,-0.0005262425415627333,-0.0010153880306518343,-0.004006155504559578,-0.0006879763981185246,-0.007480285800610104,-0.0007126061874010298,-0.04850433226544876,-0.000547684491661,-0.01809637467731597,0.0008587586619857236,-0.0006300800392754777,0.0003525445265617941,0.0002875712096593804,-0.00038991799289908276,-0.0003063706624045931,0.0008680338002871794,0.0003818410444138173,0.003361872971926127,0.0008735125542642132,0.0061927335304105815,-0.0025553601956612958,0.0032427430110346816,0.007000583259713199,-0.0007496062752067698,0.00032817460665152706,0.004487122893143612,-0.0007914310641411714,-0.0001856244603999455,0.000494567242969194,0.0021763316618761165,0.0013758698075596635,-5.384135242591165e-06,-3.516531383006295e-05,0.001066660167960284,0.0011776345447241485,-0.0022422999713539453,9.492686885683014e-05,-0.0006217079477127245,0.0004041369949379345,0.00021820831111485242,0.0007857806484464513,-0.0005233131177688237,0.004580968745471321,0.01139046697285294,0.025050273945319786,0.0015361087285401581,0.00400386835570083,0.0030180386767929726,0.005364395867722916,0.0024717881350323676,0.0029165793838260828,-0.0009706095763869318,0.00021657659180553948,0.0003929818049878171,0.00033677862490183024,0.0006333036653237791,-0.0032767958533435047,0.001246420447654378,-0.009708795155251089,0.007788576558745557,-0.00048235939137205593,-0.003625710912610118,-0.004486988664348383,-0.01837125625729647,0.0015957624296952092,0.003206413306305362,0.0015508885905063676,0.001868033681028032,0.0062029812931233795,0.0028127610156198826,1.4298045390322622e-05,0.0005887829566160126,0.0006917779806165359,0.0012989069885865395,0.0004935966602013043,-0.0002487045348272616,-0.0005250021077801879,0.002183165986470431,0.0013213613889455369,-0.0006317668431569825,-0.005037416571499429,0.0004857762589655192,-0.01183239948069082,0.002434127724111763,-0.0004976497812460878,0.0015320126061868276,0.0,0.0,0.0,0.0,0.0,0.0,0.0,0.0,0.0,0.0,0.0
2022-02-23,0.0007655130725015262,-0.003753952441857035,0.0012884935065118229,-0.001242566765753778,0.0006622001303923092,-0.006342276353946744,0.001131504232193025,0.000545135479364303,0.0006891529341441747,0.004102381338943112,-0.0002893509688724097,-0.020539779503733934,-0.0006679929145897544,-0.004962071212276683,-0.0011862414297969318,-0.005905167150751774,-0.0007252880933035417,-0.007789924761591787,-0.000279649777973868,-0.05149189842790403,-0.0006160908673680937,-0.019150455342623576,9.568806500640535e-06,0.0005011469481051662,0.0007621778499920436,-0.000144983909120404,0.0001710921846834406,0.0007639283031343079,0.0003415433146882315,-0.0003078046417039612,0.0031157952161907513,0.0012268339519730376,0.006447305344469257,-0.002328959762609942,-0.003040707345083054,0.0074183164567265675,-0.0018530884794748178,0.0004879269836889013,0.004382052533406641,-0.0007684971470665999,-8.258793751199916e-05,0.0007152821094133818,0.00200672396808779,0.001483518730969724,6.387461679854222e-06,-0.00034626466133721957,0.0010531714205616524,0.00046758262727832745,-0.0023495864456116906,-0.0003890701062973116,-0.0007523524726201658,0.0005318886760394848,-0.0005474588992540906,0.0004069328411600101,-0.0006214164109867426,0.004618659322226054,0.010875786582721257,0.023483457277372964,0.0027250109757311204,0.003769478009373102,0.0030053717224158127,0.005426775962208675,0.0023671947877614056,0.002737619073534287,-0.0005392265029719118,0.00018614101382466978,-0.00046790917080091234,0.000635856197952461,0.00034716687144393724,-0.003626461847259237,0.0006857689512664955,-0.009857288522963008,0.0077516063225588575,-0.00048358749509361834,-0.005038225755234043,-0.00503818925003549,-0.020260927066901524,0.0011671162978177608,0.0019643872334881413,0.0008224335386757505,0.0024045175939266176,0.005214573320043002,0.0027100821221890522,0.0005159946541029696,0.001001123746878517,-0.0005143972575658146,0.0009871147906015143,0.0005995009949586999,-0.0007145193547503862,-0.0006102663040542059,0.00262013757159821,0.0013639497456610359,-0.0010896634933573997,-0.005642573766751385,0.0006115191521382424,-0.012469482832148606,0.0017015209490995155,-0.00018059485265821033,0.0014881239248913864,0.0,0.0,0.0,0.0,0.0,0.0,0.0,0.0,0.0,0.0,0.0
2022-03-02,-0.00010384075594572455,-0.0034341399007391062,0.0004926085268410284,-0.0003361635399190952,0.000767006765642022,-0.006704212924697985,-0.0012331417103967773,-0.0004707961095942693,0.0010796685201404509,0.0033940410910293433,-0.006035638426422887,-0.01942934735631836,-0.0016469336051551388,-0.005412233139959131,-0.0010768181398796717,-0.005460185011178724,0.00014863013144092256,-0.008148279597982075,0.00031608346215679714,-0.05174486809610051,0.0007524157442976501,-0.01663398928221373,-0.0005607368130500155,0.0006330210733540807,0.0006275125136142156,0.0002541149861067675,-0.00026205589798393675,-0.0009744062707041859,-0.0009120259924041472,0.0003346259990694461,0.002843366188604518,0.000758261785453417,0.005033040084668939,-0.00205220533333811,-0.003383939702320713,0.007120883614517199,-0.0018523053417688002,0.00021260408850621773,0.004978660734987314,-0.00032397933840893906,0.00012841338753554068,0.0006772231660867826,0.00394407290790269,0.0008625803361196275,0.0013119763571379575,-6.244231652580571e-05,-0.0019731356136994324,-0.00036860678897568253,0.0008512002452843625,-0.0012415158824307603,-0.000901775848629517,4.808795752214846e-05,0.001490605927155648,-9.83476810435788e-06,0.0009950700086657804,0.004412790047067933,0.00820939842355068,0.017994379264309843,0.002004803529263891,0.005539170685849584,0.001086172540250595,0.0076101123475282315,-0.0035036753444499524,0.0030715233746980222,0.0030621300955526306,-0.0013088877160656101,0.0007657698611126442,-0.0003330520116802798,3.584109125811932e-05,-0.002274871620682147,-0.0007507228264523418,-0.009570969580904783,0.005271271475616782,-0.0022529126870726485,-0.0035625124415194463,-0.0072280934101096,-0.019273553814968397,0.0003133391325744641,0.0025307162718537484,0.002584855271664626,0.001364712522454004,0.00429181545430361,0.0030679639698638597,0.0005465575431369152,0.0019921544826005506,-0.00031884230438540263,0.0011144951726436982,-6.214474348363366e-05,0.0037973182893676514,-0.0007362331066107981,0.002126404735388099,-0.0005233198527441481,0.001666757259508494,0.002262694883513762,0.00046384228693418,-0.014760997206154595,0.0005647156789914741,-0.0005100962103330182,0.0074095568618171475,0.0,0.0,0.0,0.0,0.0,0.0,0.0,0.0,0.0,0.0,0.0
2022-03-09,0.00012377527181961262,0.0010386929990161865,-0.0007599647965205664,-0.0017264520472195246,0.0010002987348318873,-0.002261708593545559,-0.0007656371378152725,-0.0011178499122249759,0.0012488190911682311,0.003918066866550361,-0.0019840342693267987,-0.02032794351807445,-4.5635066344391e-06,-0.002187249261749006,0.0077702742413885756,-0.005376656786487725,0.00044426391692878114,-0.008242746502135237,0.0003434099947871712,-0.05880644732497185,-0.00012653367592871308,-0.01824896553900858,0.0005232785809888065,-0.0012128823238425144,-3.2680996432410885e-05,0.00031568382336950607,-0.0003225997641069616,-0.0028241704529673385,-0.0006540875740796954,0.0006319517169948661,0.0028412010632467032,-0.0010350423477821227,0.004539367180711713,-0.0002699895358728143,-0.003627207059898227,0.007455811445686853,-0.002277968984413401,-0.00020122278093687564,0.004911636901618763,6.87953362830348e-05,-2.9302447309064817e-05,0.0015429792790319316,0.003648100011581271,0.0004840769741122865,0.001344043642962416,0.0005528762387192955,-0.002097132911053518,-0.0005216069238378359,0.0016567373585990343,-0.0014405432252106065,-0.000730276690728667,0.0005869909231588092,0.0011781344008745523,-0.00011217407828594378,0.000827399259025583,0.004005700003069608,0.003971052552804843,0.017835542953557975,0.0024073231267891853,0.004830576545062522,0.0013372767059745487,0.0037308914059405967,-0.0037910484660853886,0.003092513004218395,-0.0009063283531153397,-0.001359036907835978,-0.00022236952854596924,-0.0005768369245666932,-0.0009217883015913018,-0.0027617063571061056,-0.0029300592202512552,-0.009448450226701667,0.005240944960867198,-0.0017415872624026237,-0.004250039904296863,-0.004974513884126721,-0.020032989692310422,-0.0010716180463951816,-0.0017173967368613874,-0.0009820023182650465,0.0018785981909075543,0.005038872017524771,0.002728790262088979,0.001026162839248049,0.0020586830756006503,-0.0029059291839518683,0.00552678917253916,-0.0002287181995969955,0.004159983438214029,0.00021672123398392055,0.00032845733427839814,-0.000772583971758882,0.0014889477170197945,0.001743353991535918,0.0020027571108473174,-0.01231096325707706,0.0006278691321507839,0.0003317239329375412,0.004376538691759935,0.0,0.0,0.0,0.0,0.0,0.0,0.0,0.0,0.0,0.0,0.0
2022-03-16,-0.0004207944751164474,0.0024065604143470106,0.000851254616815373,-0.0010425171852179967,0.0005567758324312169,-0.002427169014559279,0.0005923641730787242,0.0006849236502584493,0.0014778952592688827,0.0051535254225626385,-0.0018771263937468652,0.0029727750238485885,-0.0011768303033262823,-0.001004357664613866,0.007523999210612044,-0.005384651612139235,0.0005014112968206814,-0.007704222537552189,0.0002819866498612638,-0.052154941468687516,0.0005568860679563743,-0.018855396540122363,0.0009358065431716996,-0.0015540009327867843,0.0007891300919974745,0.0006007244687753041,0.001156154828442413,0.0036571281928220152,0.0007175229812755552,8.43773328980577e-05,0.0035946983130042552,-6.243604463185557e-05,0.0027937445040204113,-0.002081635288140949,-0.002512507454925122,0.006616329432322425,-0.0017814686044059017,-0.0005958029623261233,0.004019331635151305,-0.0002585585681106318,0.00010421582967419784,0.0008251343144787289,0.002590245428176881,0.0010365279715615894,0.0008247633931818087,-0.0002220213343839087,-0.0023667419774635,0.0005744012733676787,0.0009715035923785458,-0.0013288693610494608,-0.0009997481734601275,0.0008677625203523502,0.0010827412481784217,-0.00012156223406897986,0.00020922426581959216,0.004213279016016002,0.0010810208684571853,0.01745461649390792,-0.0004588960370356804,0.005114120824782236,0.0016722207309628366,0.0026130244093664195,-0.0029110569560385174,0.0019032585838410256,-0.0008909717174308385,-0.0004300010360413882,-0.0005323516359084517,-0.0005005452029841269,-0.00011449423641962905,-0.0017156314871049527,2.678922263064877e-05,-0.0128301147634832,0.007588543227575857,-0.001112130105698738,-0.0023399984966993533,-0.003385622618066559,-0.020185787585671626,0.001485655934348091,-0.0012777496729631066,0.001524570136806625,0.0012366247911992732,0.006575926783741166,0.0027858559732993316,0.0003145488691761647,0.0019215492216743389,-0.0028413404112304246,0.004849040928549741,7.97237544011113e-05,0.003349398077255466,2.965214847236929e-05,0.023054946559086284,-0.0005767792580491255,0.0016740938880525531,0.0004876504831498811,0.0029519146278312036,-0.013408469347549145,0.0009716952481782435,0.0003806420011935064,-0.0008406749489164643,0.0,0.0,0.0,0.0,0.0,0.0,0.0,0.0,0.0,0.0,0.0
2022-03-23,-0.0001676694491580924,0.0019827178886115114,0.000614704654358184,-0.0014687585807274368,0.0012266133958363547,-0.0009848122282179934,-0.0011024234480036341,0.0014591291853301037,-0.0027577304320116455,0.004038421291350068,0.0009718440546201023,-0.019899375513901925,-0.0038232867274564687,-0.000224045537717829,-0.0009901032792657785,-0.0009076731012560526,0.0005315892592841716,-0.008951529965620899,0.00027504388637587405,-0.030111396867073325,0.0004490834760874125,-0.020823099460942733,0.0007308559487592962,0.0003053695638034619,2.5362739660676297e-05,-0.0007501912636388029,-0.0005297715507624981,-0.00020185589193361187,-0.00027742884909502473,-0.000428227187094462,0.003681044754737641,0.001262268486343607,0.0035229322698391873,-0.0017330803079139386,-0.001946339106399929,0.007615200208006894,0.00013360543937620157,-0.0010036193645720556,0.007226238047718754,-6.90017537358715e-05,0.0001816580132042754,0.00089370736779297,0.0019847612668140407,0.0007313974355845357,0.0016786271497801963,0.00042865473276580994,-0.0020798315822869876,0.0005498441440039575,0.001851982105095677,-0.00015219615501175027,-0.0007291989326592595,0.0004707632681253393,0.001265822095108123,-0.0002735436135145046,0.0023571200644578634,0.003725496421819709,0.003860013323397491,0.021932405971332447,0.001183125639276095,0.005146665525284146,0.0011716415944554909,0.002701806537078503,0.004582803706052367,0.0032249780269947965,0.0022326982867753903,-0.0013573978114878524,0.00020384371943695694,-0.00012412680982152138,-0.00012397221257233996,-0.0010625736480463074,0.001918230779347805,-0.012375172558344767,0.007685419523372385,-0.0023758069107551382,-0.0033905027796804657,-0.007156681742151126,-0.018430309420662306,-0.0010419177736493812,0.0029245934319673,0.003098288693739159,0.0016990554191800777,0.0055417507363565,0.0038365512430586454,-8.170864208416109e-05,0.0018608666273768467,-0.002667593314472274,0.005607777592752193,6.056925482785966e-05,0.003359289308751543,2.235337611444386e-05,0.024586492713874704,-0.0006011246299104778,0.001118632359019111,9.489672235738797e-05,-0.00024090928937487273,-0.00774316846952232,0.0011594833935259145,-9.168879584154371e-05,0.0009343902360479853,0.0,0.0,0.0,0.0,0.0,0.0,0.0,0.0,0.0,0.0,0.0
2022-03-30,-0.00011015490559889664,-0.0022760563615721267,2.509041387848064e-06,-0.001315951757462441,0.0008236600209194729,-0.000730953381732065,0.0018623068476709165,0.0011563639078555677,0.0007004969923156953,0.004150344082315252,0.00028548090572363315,-0.020371678653206455,8.967460212432944e-05,0.0001881135557734915,-0.0010174647802815538,-0.0007726279859835003,-0.000511555637788927,-0.007625829856968167,-0.000761122644250675,-0.05216715982388868,-1.7743299553767465e-05,-0.02046106265304722,0.0008588259851030003,0.0006261671106627114,0.00010772768226917005,0.0002776232106798739,-0.00014249161607329312,-0.0020696003651845827,0.0001324089982558941,-0.000516367429064763,0.002973701226806429,0.0015822979484512404,0.002842142709973959,-0.0017889538084617466,-0.002770172640590081,0.0018517246193603895,-0.0013778169009565607,-0.0010252234724922214,0.0059734033842991805,-4.7238111528715514e-05,0.00023771430221323348,0.0011119507703868893,0.0028727046155474986,0.0006382712672564788,0.0015418982585982432,-7.258341926405092e-05,-0.0013567426966675953,-0.00026736120949054793,0.0013560450505115298,-0.0009292805115071221,-0.0008613882817411144,0.0007393383426087994,0.001451979714859261,-0.00037065922548891304,0.0013877882751685687,0.003934846621204979,0.0030732235323774055,0.01936262215306139,0.001480283718123396,0.005441350802533893,0.001300346752981058,0.002954005268710307,0.004478786747676718,0.0032300860174398574,-0.0009082910154653893,-0.0007561402434337588,1.6218463544732722e-05,0.0017441330725997467,0.00013975054942213787,-0.0022454392305705554,-0.00033902833179178324,-0.008326942822881067,0.005170280807867581,-0.002191742568987293,-0.0035060475323875724,-0.007367443407874443,-0.018713869977295225,-0.0006868526103566316,0.0034174508156648445,-0.0014102665985049794,0.0008033308172252622,0.005175563334592423,0.0033894710290411447,-0.0002912012297167156,0.0018706350230695066,-0.000330734115560274,0.006101877606679617,-0.0016451955286495613,0.002944301832754731,3.059612313356126e-05,0.027256490982862397,-0.00046345719402711866,0.0015191782965888944,0.0008230677237567845,-0.0005555378215506259,-0.005566009883573318,0.0005777801030117711,0.00010654240449843476,0.00411167294454216,0.0,0.0,0.0,0.0,0.0,0.0,0.0,0.0,0.0,0.0,0.0
2022-04-06,8.087955781703987e-05,-0.0032077922333155974,-0.0004101681422078393,-0.0011241649612022556,-0.0002931300788431979,-0.0011532537611591957,-0.000827690352396441,0.0007455949456914631,0.0007782999699979871,0.002882823193899934,-0.0013558623728753163,-0.021530613188327077,-0.0006298125096835675,-2.562504174704175e-05,-0.0009559594316759293,-0.006299318156983559,-0.001112921950322673,-0.00789003118133881,0.0004710851523922377,-0.05578343464983596,1.8772633005611984e-06,-0.01861734215560038,0.0005445323470144115,-0.0005273477418910117,-0.00017776258062941283,0.0001672776817548326,0.0003872706725998181,0.0010961269317841347,0.0006013804683374056,0.0002704430834793777,0.00520062690472991,0.0015566291297797593,0.003261217562748295,-0.0020054680298204476,-0.002078739544881632,0.0024285282731881666,-0.0018291509065117982,-0.000545456731124675,0.005667917456958403,-7.348174044809093e-05,-4.508209858628751e-05,0.0013235068629939167,0.003060140868010063,0.0007808641402684967,0.0012834015937680991,0.00015677632332603442,-0.001008236859987644,-0.0003645444569744996,0.0014222966831995204,0.001082855839101101,-0.0007097494427634423,0.0004108390044694709,-9.615384797154289e-05,-0.00039544933026381535,0.002054975066263422,0.004425259359544677,-0.0021496054832616735,0.020091037797163754,0.0013539162308879547,0.004218472403659198,0.0016586159835731916,0.0028942635417697695,0.00464164041192686,0.0012428504002455598,-0.0008934488035268863,0.0008418071950508179,0.00017804669129539897,-0.00016656641032460767,0.00015671855594284298,-0.0016421661294165157,0.001054734960700628,-0.007711909500382296,0.004460295553983095,-0.0011202141776576009,0.008044006631062103,-0.0037844862389978637,-0.015699539001020252,-0.00012106899591751339,0.001727625321057782,0.0031801350529791646,0.00549446836714056,0.005768424861294547,0.002379950000292095,-0.00015618949354559688,3.323221558144588e-07,-0.0002568226464031029,0.006808890950023928,-0.0007052440822535321,0.0031210471424802716,4.451441266191777e-05,0.025468018902100334,-0.0002603309650847916,0.001358279264815464,0.0009222234761169864,-0.0012134060275745668,-0.004132325872290018,-0.0002962725422686673,0.00022649212700655676,0.005401364868394403,0.0,0.0,0.0,0.0,0.0,0.0,0.0,0.0,0.0,0.0,0.0
2022-04-13,0.00021135881635979203,-0.003273452014080881,8.736037480650879e-05,-0.0010632737048873035,0.00053741560631095,-0.00707690484862847,0.0015002966280316318,8.812584998168992e-05,0.0006231697327140583,0.003908222071449771,-0.005238035613797303,-0.021840040900059778,-0.0054309814535281374,-0.004991712127126234,-0.0013931311212728725,-0.005734419386616174,-0.001082768451584734,-0.007356041844184219,-0.0005415721918388777,-0.05289943726811252,-0.000801242913474922,-0.01942281971576608,0.0012737068606423706,-0.0010449568083593106,0.0007122034158019304,0.000414071898171071,0.0005436906003549663,0.0018022332185420546,-0.0016199583431002887,-0.00011480625298310926,0.003907823877123307,0.002464107768774622,0.004018468561946509,-0.0036680692708024446,-0.0022038070893325235,0.0008294636043609944,-0.0015512366389401914,-0.0010971769753849257,0.005611528671864481,-0.0005678432541335685,-4.743784028966245e-05,0.0013205035106716627,0.003069433662580565,0.0008370763683092174,0.0010028673820759266,-7.903503027654057e-05,-0.0007521789311872746,0.0001682749210359823,0.0011339063637951436,0.0007731620411877042,-0.0007112168153790104,0.0006412907628070806,-0.0005546905725102758,-0.00020255876172661557,0.0018131813649009064,0.004532602812963143,-0.003078170744061302,0.01973684408151467,0.0014636107293596067,0.004262522662792554,0.0015976779713474556,0.007192897383502255,0.004135207884541079,0.0011629398924566442,0.0008129624041327785,0.0007533894724320233,0.0004903467284211887,1.3362079826917386e-05,-0.0002673973912961333,-0.0016557337261857979,0.0018445709155302731,-0.007185609297352391,0.006507883747579685,-0.0008998642646451646,0.0076536614233318565,-0.002047437076923547,-0.01779483925280875,-0.000503496650928585,0.0014919587943859215,0.00282854723760811,0.005252928098215324,0.005680172343946157,0.00228534268779888,-0.0005222927205805153,2.1266389018360903e-05,-0.0004893456655186191,0.00016000513694678603,-0.0005866576584169465,0.0027120207600875718,2.594439060985766e-05,0.030101512030595134,-0.00024200488959173007,0.001328937967252074,0.0013271721931178216,-0.0015961103660526964,-0.0031739303155210808,0.0010941729938799892,0.000869297220711213,0.002307906019686273,0.0,0.0,0.0,0.0,0.0,0.0,0.0,0.0,0.0,0.0,0.0
2022-04-20,0.000437587206660171,-0.0021606344943453618,-0.000310431500977903,-0.0017024358662325399,-0.000621859585573031,-0.007572294290620177,-0.0013195242591458225,5.961049181495968e-05,0.0006622339953168594,0.003163865704959405,-0.00170282883851225,-0.019684545617281314,-0.004099914520196357,-0.0063588404767545076,-0.0010750478023775361,-0.005696167053436206,-0.0012714778455972689,-0.007148073034473824,3.719140996497741e-05,-0.05167402910800595,-0.0002953481340522989,-0.01924994169162656,0.0016973129380358496,0.0004270188873784464,0.00013891482180386413,0.0002641492843694529,-0.0005649475086381382,0.000654093142048999,0.002113239684290303,0.0003962182548613429,0.005808843749982597,0.0028926174102726493,0.003591343641953798,-0.0013049047029659922,0.0045578837141971975,0.0005851315691811628,-0.0015425176996554147,-0.0011105733536070012,0.005845808979750294,-0.0005263229044549601,-0.00019356004529803194,0.0011837202583030173,0.0032765103193071188,0.0004925714804525194,0.001662514822098754,0.00015504697065127102,-0.0004854618135502777,-0.00030874252813485365,0.001359990859434334,0.0007862424264502416,-0.0006456892079581117,0.0005812565306088256,-0.0017610626376317654,0.00015471555179361453,0.0019778775482298997,0.004366073089974442,-0.0008196204730576798,0.019826572921137712,0.0014958251443600243,0.0021187765975040217,0.0005352063265057305,0.0025749436101152414,0.0037446620869980144,0.0013433193783532087,-0.0012056545666978356,-0.0011415494182307284,0.00023507341782666612,-0.00029022512028848254,0.00019020544570338768,-0.0011513647040103155,0.0017400523134058162,-0.009818887149956528,0.00518578013283725,-0.0008094663802817896,0.008876633681666529,-0.0022785876004492757,-0.015747487269192853,0.0008673127175615765,0.002418246944303357,0.0009839299976305057,0.0048319696379155105,0.004158912287611917,0.0012870911536999891,-0.00014657436618022453,0.0020657578793387456,-0.00023939472714777163,6.148820527731899e-06,-0.0006450661762265848,0.0032401199805999733,-7.004000489974523e-05,0.02578066257862556,-0.0006078819016061171,0.0003729761996261817,0.0009954141421851075,-0.0016288099422181986,-0.0035785368369618716,0.0025533573290067984,0.0003942987630153792,0.005505262375728446,0.0,0.0,0.0,0.0,0.0,0.0,0.0,0.0,0.0,0.0,0.0
2022-04-27,0.00029949745039207934,-0.004186328923276336,-5.8261539682083484e-05,-0.0018190214507766852,-0.00106450562305399,-0.007406891733373969,-0.00100060432287129,-0.0004375463433183168,0.0007524798844271863,0.002347464251440322,-0.0011778733320721285,-0.021102400639021936,-0.0001497798425673741,-0.006927385890554354,-0.0012411768285178878,-0.005781587519779452,0.00024979912520830703,-0.007246512739549205,-0.0004578669703855612,-0.0489042199512214,8.772849699610612e-05,-0.019233384298111913,0.0017067469841344789,-0.001070891789307078,0.0008352377296860099,-0.001529131961682224,-0.00026826785290176005,-0.000543375934334369,0.0017347997029161272,0.00026046696817597786,0.005825955001310598,0.002618665856118372,0.003733426905983976,-0.0016160542642419263,0.004418994909483749,0.0006253316177475667,-0.0019482413109404492,-0.0003293066244851563,0.004009817179428311,-0.0005299309790687137,-4.7581369430341974e-05,0.0012773191842025166,0.0031958692827367074,2.8519084260409233e-05,0.001409907338200646,5.685793987830478e-05,-0.00034762894414695566,-0.00010448415888728469,0.0011249586180978044,0.00047829115411571107,-0.0007336660813210843,0.00028940653310596684,-0.001686616791600864,5.497358531865349e-05,0.0018344261285502112,0.0049742176359773215,-0.0014625917162566279,0.02224543285595717,0.0009075126139442471,0.0020971509015442064,-0.0006222939166465023,0.002086842585495587,0.0037777355611492134,0.001209194004507442,-0.001171086336266064,0.0007575444359836383,0.00019055362157221467,-0.0006261851474807687,0.00014930599542917368,-0.0019391445008967918,0.0008360503301913479,-0.010305672701922605,0.004732343564914649,-0.0012880587108207483,0.006929452039600576,-0.0023790716148542517,-0.014267824395682523,0.0010615539830460723,0.00332755362681324,0.0027630133190549027,0.005148828293594426,0.004958375748985928,0.0018094684011985634,-0.0004147284956514729,0.0018304982740645144,0.0008641748422246123,-1.2511955975413032e-05,-0.0009946784228558297,0.0033583664791533765,-3.306023689835778e-05,0.026161635098569544,-0.0004506817070884891,0.0005289786755163804,0.000937543398891664,-0.0017723270751437994,-0.003705028609178236,0.0027638512290001777,0.0007117603924955413,0.005548320447360515,0.0,0.0,0.0,0.0,0.0,0.0,0.0,0.0,0.0,0.0,0.0
2022-05-04,0.000480162263726395,-0.0037601191280513487,-0.0004082674153217718,-0.0011236486455865704,-0.0007688708531581422,-0.004914544728269298,0.001167306374199684,4.465216064870729e-05,-0.0002221594933601859,0.003438944347334487,-0.004670066106433774,-0.018834057500382657,-4.222966701918906e-05,-0.00521667114148368,-0.0025027979191756837,-0.005768090843354406,-0.0008817526956211093,-0.00647707150841189,0.00039990532049813876,-0.048453863518299264,0.0011204836410331292,-0.017177705996096772,0.000208633543790902,0.0006038609557307542,0.0010656713535253366,-0.0010536885563416703,-0.00034379089381746705,-0.00018605753670085322,0.0008576089860160546,0.0006336885983146957,0.005221994076797611,0.00021124563544513758,0.002416790097231955,-0.0037675348199792415,0.004932807899804151,0.0002659355809164869,-0.0012553606696686698,0.00021688260134432522,0.0033101679618513496,0.00030975675290255113,8.894076718015027e-05,0.0006511976482993978,0.0033464229303872143,0.0010870363483789986,0.0011889350847174374,1.0229483645281073e-05,-0.00046322983416393655,-0.001283869914532652,-0.0005725664535662875,0.00028212916926276244,0.0008670394446695107,0.0002682091058857629,-0.0011405447128832438,0.0001441827517844461,0.002106561429570378,0.003245165949734261,-0.0019839400585324823,0.021177997802887847,0.0002554963642430011,-0.0015163881267550973,-0.0003210511862595985,0.00598324089360314,0.003967450198563165,-0.001679384882801955,-0.00032722909157365757,0.0015200180511739365,0.0003512716081451373,0.0008361356420936787,-0.00044460817241835854,0.0007082238995448455,0.0014606903506452311,-0.008283256417287882,0.004758023859354509,-0.0014047080054554154,0.006778380114077553,0.012067626796680012,-0.01574798856408939,-0.0021955587758271207,0.0029201816116951186,0.002390638432006565,0.0064010187453144435,0.005075493057682977,0.0032527276179092814,-0.0003852073803072099,1.86776261502747e-05,0.0010866859773546436,3.79483769346665e-05,-0.0004348322536704206,0.0013978009005589799,-0.00010741187138157203,0.01976615366153792,0.0015229042946601117,0.001597546725243774,-0.0004428758574470796,-0.0008615367931834777,-0.008252765842704795,-0.000862184635839308,0.0008806375202857412,0.005212431740811187,0.0,0.0,0.0,0.0,0.0,0.0,0.0,0.0,0.0,0.0,0.0
2022-05-11,3.9205117819824814e-05,-0.005291858633387672,-0.0004779500955580189,-0.0015795288767967727,-0.0009262987542571768,-0.006953881549403013,-0.0022642081376143723,0.0004624942262019982,0.001704330995241017,0.004406997046248053,-0.0027694138086102097,-0.018355294537264564,-0.0028779607399981597,-0.006587796285484761,0.006512976596254903,-0.006092080132541095,0.0003001618607794102,-0.00613451255987604,-0.0004940100565928682,-0.047411115471637,0.00046244666057367414,-0.018048479839018645,0.0009010830335426745,0.0014338034599455458,-9.72669513644432e-05,-0.0001272181948421915,-0.00018550435282174452,-0.00047996154153159533,-0.00021185745590539162,0.00033834976473449334,0.004564272961717597,-0.0007479214074029257,0.0033829417345489715,-0.0029055994116559186,0.005771937555126969,-0.0003490977983657544,-0.002302288501856472,-0.0006103233015586614,-0.0005291022469962963,0.0003102660364465125,0.00023784167622421551,0.0007431236554152713,0.0033510375938218405,0.0011862145382485591,0.0011906574301057686,8.165707169679956e-05,-0.0006849071343888396,-0.0015288303163404988,-0.0010846026233800883,-7.621738807096006e-05,0.0015396549458542065,0.00019098740345233954,-0.0004617156912753441,0.00024555972210319724,0.0017726935368215526,0.0035261868839046254,-1.3428258539376879e-05,0.0202301479312051,0.0011400030639541023,-0.0009977429760108184,-0.0009250525705608213,0.005989185296761029,0.004845503381350363,0.0011588352995355452,-0.0007924840439379926,-0.0006506569775489336,-0.00021043424591247293,-0.00021718633153896665,-0.0005292994583113157,-0.00022676573343649372,-0.000693535557221669,-0.007648432412538943,0.004130495688684221,-0.0017521459457937125,0.007354388218767002,0.01241512473544531,-0.015818306730341215,-0.0005822440009914066,0.0028776168828388306,0.0025348255924697565,0.005587482616613972,0.005647222557003721,0.00413552360855891,7.17124077290925e-05,-0.00018787839355255867,-0.00023860725224864732,2.4892835536164987e-05,-0.0005269059637052546,0.0014818459239887554,0.000726495671602588,0.020440649168001805,0.001263963223460354,0.0018779356406780714,-0.0005018783339880725,-0.0004735066896247657,-0.006099258657050747,-0.0002869632036803871,0.0011281149808178344,0.0031408169177715665,0.0,0.0,0.0,0.0,0.0,0.0,0.0,0.0,0.0,0.0,0.0
2022-05-18,-0.0015624223307772597,0.01020128836593234,0.0002937273029988165,-0.0014733543259034924,-0.0002905549326225857,-0.0018937573279095312,-0.002177916177398301,0.0014619980070982137,0.00046833915440074747,0.0051629082987806494,-0.0014709403511584892,-0.014893852647980554,-0.002559760105986423,-0.000694208013805494,0.00498999158672439,-0.006325840374984262,0.0003895453005881911,-0.005375721473133671,0.00032423526523081206,-0.04854552471464014,2.451055584040637e-05,-0.01762407936298713,0.0006248892090155412,-0.0014627777929789065,0.00014817740517539314,-0.0007874572234550446,9.214281858807081e-05,-0.00022064875526274467,0.0005347863370929097,0.0004586143277234221,0.004294955616679433,-0.0010348040895515743,0.003007584666673163,-0.00037458427499869956,0.004585827612724818,0.0022152269685347947,-0.0005274237538017175,-0.0008773664638675363,-0.0007546860938074284,0.0004910390810543729,-3.367676205068923e-07,0.0004088445120303368,0.003599284517356375,0.0013661498263356758,0.0009171601191490179,0.00021217162682114416,-0.0005056088530610482,-0.0017021344311531747,-0.0003565664317662793,0.00015138815928625294,0.0015097203185943152,-0.00018006694800362817,0.0002363465073400034,0.0008982101992365166,0.0014904446454210916,0.0033636907892149953,-0.0019942896219463527,0.022179023310850945,0.0010505999176722313,-0.0013483072465366051,-0.0013908919759675154,0.002508417119660302,0.004836709808052441,-0.0017325857946115233,0.0010854634634812686,0.0011902022718305039,0.00031020508837367527,0.0002780742235422,-0.00041354736071393415,0.0015514503509377908,0.0020315101914807087,-0.008410892888521756,0.004166697430841326,-0.0010852677524019485,0.006596728160728815,0.009592900803114039,-0.0153435521239623,-0.0009221649737854318,0.003072079021236678,0.0015767904012556223,0.005163342501846702,0.007238538151392792,0.0038906540824799364,-0.00013965076293914123,5.173982011193432e-05,-4.749690969176463e-05,0.00033524836184728587,-0.0012461182633374407,0.0012048419350423742,0.0005671052316880112,0.016579074513756197,0.001351734644351511,0.001287507749260577,-0.000725010379189915,-0.0004898692837433147,-0.00830532349563878,-0.0002153188451429061,0.001118909951788933,-0.0052492931077539025,0.0,0.0,0.0,0.0,0.0,0.0,0.0,0.0,0.0,0.0,0.0
2022-05-25,-0.0004433363678125896,0.010688349280720247,-0.00041810291806118193,-0.0008761750871407195,0.0006291939455520776,-0.0019229930059904397,0.002995739841108789,0.0008542343490389032,0.0017456159211293636,0.0050888889942405785,-0.00014129863108378981,-0.016563036426162595,0.0007798151102327207,-0.00028845313508958485,0.00030375802784703577,-0.006206019265872633,0.000848788364320957,-0.0062022814761780514,0.0009817027895181133,-0.048029392898030265,0.0006122035155341942,-0.01645393181817056,-0.0007063712030046676,0.002462217182089119,-0.0005430303694173148,0.0010969787438239009,0.000509060202269337,-0.0002711426045916231,-3.977070569692601e-06,-2.3640668734153557e-06,0.00046981899517096055,-0.00234843133192403,0.0019908938299267633,0.0016711465920979743,-0.0025816936693858323,-0.00018428069885835388,-0.0012265566185148213,-0.0006249830084345279,0.0005310249602332438,0.00045713329948737487,0.000264845793342668,0.0014349638133694695,0.003359880726946803,0.001098638442734789,0.001120950292330938,-0.00020679564519278,-0.0010123860289447152,-0.0012311558219509598,-0.0003660869701333163,-0.00013502126657838193,0.0014720485034260457,0.0003764766846500502,-5.794926233373617e-06,0.0008278951730663681,0.001876360056139239,0.0032033439212456557,-0.0012257634981365504,0.01386672179316043,0.001387058249838307,-0.0012569929390463034,-0.0018236353003516933,0.00015597841284018302,0.005122329345827144,-0.0020497458626756474,0.0010470883756695966,0.0008776217915767458,0.0004988569670817409,-0.00038440947900852636,0.0006032022548567445,0.0018828322467906169,0.0003704563265351258,-0.00861123647461488,0.0037753497836841205,-0.0009028961606713229,0.007096876903204014,0.010406275274383934,-0.016255859464987074,0.0003327793981730691,0.003395984446334347,0.0017807810179850054,0.006503922147794751,0.008181786559494952,0.00419422158969256,-0.0002171610720459332,4.43039011073593e-05,-0.0007307785911663717,0.0005411990027142617,-0.000988986358163241,0.0006264736010340148,-6.994231467634691e-06,0.02335676177773678,0.0013444403682523341,0.0015577926187245862,-0.0006084362378246874,-0.0010484864695451705,-0.00962669010101386,0.0010935782974057146,0.00023807798455495105,-0.002058210542245282,0.0,0.0,0.0,0.0,0.0,0.0,0.0,0.0,0.0,0.0,0.0
2022-06-01,0.0006337639069215907,0.001258118479377567,0.00019182960469622468,-0.0011180830584123925,0.0012455961173110223,-0.0036506714019540814,0.0027265768784096255,0.0016293102339661205,0.00022904429241882166,0.004013962400360999,0.0007457692324369907,-0.018676521524445523,-0.0007641920338950013,-0.003868878802530809,-0.0016104094265129776,-0.005774595957187555,-0.0006237474479979068,-0.0068502051061977804,0.00021298049433145396,-0.05121168730285724,-6.592532834445666e-05,-0.016267597645103295,0.0011209903109380673,-0.0013524253673122422,0.00047427092973968243,-0.00010374723076302087,0.0009997077385955572,0.0021055250810224817,0.00011488556797132412,0.00014672853647224184,0.00015686854712915356,-0.0009095521366572599,0.000562434406403641,0.0005710176752240493,-0.003034988065636189,-0.0013709370561022904,-0.0018637299312805524,-0.0014365870057211423,0.00035934062593389243,0.001752684999970832,0.00030891652665835664,-0.0008173854318765027,0.002568423886083501,0.0010081448785470898,0.0012664745133609515,1.1448668773292078e-05,-0.0014908520241396649,-0.00042738751493878014,-0.002928286273625878,-0.0026045796289847177,-0.0007590073346095827,7.208959250015055e-05,-0.0009125269329578257,-0.0016267611963873654,-0.00155966835928683,0.002673457433140406,-0.004092163565282136,0.011744664330361523,-0.0004643988892294365,-0.0017335695461239088,-0.002636265438106655,-0.00025043864332816414,0.003845125051831551,0.0005151836178019494,0.002130386044221222,-0.0012665249914149326,-2.836676906198784e-05,-6.716243837640227e-05,-0.00017659935724014924,0.002393129266873969,0.001682953108917008,-0.00930727269952016,0.005044556282306606,0.0013638821705784275,-0.0018873378769056468,-0.007539224222514698,-0.017008526526798268,-0.0001357174301398794,0.00240057473429125,0.0010503107330255416,0.004839666345768591,0.004105805468813723,0.002752884205258265,6.0635832634819414e-05,5.493868004478332e-05,-0.0005569347350728468,-0.0003226066252042405,-0.0010561358710218713,0.0030498555116014827,-0.00034172247505310534,0.03927313494168786,-0.0010968695248175194,0.00019563836255280544,0.0015876606258871805,-0.0013433976244075568,-0.010910140700218937,0.001203129109959451,0.0008045011381065569,-0.008703500924861923,0.0,0.0,0.0,0.0,0.0,0.0,0.0,0.0,0.0,0.0,0.0
2022-06-08,4.923186627649524e-06,-0.002062801346506269,-0.00047472652615263125,-0.001151191953820198,0.0010751803397053502,-0.004449406860757039,-0.001128146927408921,0.0017049300702370936,0.0008046583908346242,0.0018021168768284513,0.003910524747521552,-0.01795920524091301,-0.0035595891620370367,-0.005048543969984007,-0.0009533944436353758,-0.0060589550361209886,-0.0003509816632588365,-0.007020426021379941,0.000464822136308719,-0.053905857002069346,1.787245517669459e-05,-0.016200069995133685,0.0013182562696965492,0.0011834646965098498,0.00030030554923185103,-0.00013306162088007431,-0.00033770340129854053,-0.0008432555705691632,0.0006654409836310037,0.0002741531738361973,-0.0012614408918273027,-0.0011368468141727357,0.00020219518564087622,0.003494068875981392,-0.004586042422222751,-0.001706865376132256,-0.002239487640087373,-0.001629230941848197,0.0005152282998487708,0.0023054468217142744,1.071557039008905e-05,-0.0008849784153462966,0.00272788352818215,0.0004982889818812019,0.0014525228163115623,9.476418192074575e-05,-0.001730300592057091,-0.00016821671515276392,-0.004718150752731696,-0.00239441716635455,-0.0008790376020603105,0.00046232544193458835,-0.0007666935022296483,-0.0016833769647303476,-0.0016095204411344178,0.0028197008326419715,-0.003521568567725446,0.007527086227583946,-5.3321027438297985e-05,-0.00026612364946743486,-0.002229085619739354,-0.0011428169989725076,0.0036966874763758022,0.001153167277294484,-0.0003286675479629644,-0.0005307595338812392,0.0001884835015545931,-0.00014563402555347382,-0.0007194422374525039,-0.0018897588185633452,0.0013154739001291719,-0.009001719445093901,0.004873453804410975,0.002713360312682393,-0.0022404806178521947,-0.007600982111965581,-0.014968291837380623,-0.0006807735097802631,-0.001811511664405429,0.0021142646939358934,0.004344631407989992,0.004302722277742027,0.003367324690536703,0.0002467619677144077,0.0002952757006407724,-0.0006709438189863278,0.000162682644935661,-0.00024605052360628484,0.003111257086841055,0.00010360690571445641,0.03852284501702363,-0.0008955775185428777,0.000893675762231981,0.00089997222612398,-0.0013639794178425305,-0.009351181325736424,0.0012771470296909417,0.00030442562932352416,-0.008316808462764046,0.0,0.0,0.0,0.0,0.0,0.0,0.0,0.0,0.0,0.0,0.0
2022-06-15,0.00035731375770766956,-0.004397549811907007,-8.648584007939901e-05,-0.0020904223284695573,-0.00023882607102274013,-0.004178146838498375,0.0009175684254854442,-0.000986256679461058,0.0007154680586732091,0.0021188067851510084,0.0022128354493835406,-0.017193741195051383,-0.005047884784311653,-0.005784158911736646,-0.0023975853297829287,-0.0049946780584207194,-0.0013990808321199277,-0.007327363145067603,-0.0007493556022102304,-0.050438690597420066,6.607642128497351e-05,-0.015208696160171047,0.0005753593245998642,0.000679125072017813,8.403602870819882e-05,0.001449395010296339,-0.0006909153968814992,-0.0018662132365557566,-7.998803304649755e-05,-0.0007500902428385983,-0.001334233372971278,-0.0019030199777526882,0.0006263351347546188,0.00305584950296208,-0.0033905942970291546,-0.0005814493840291735,-0.0033295474375111957,-0.002054743397692595,-0.0035539256294369577,0.002454437293238769,-0.00023746056314134973,-0.0009151132658009819,0.0027416906378240867,0.0006679263159688497,0.0008363486024471972,0.0009161223783717219,-0.001609255234822515,-0.00038463023640517864,-0.0048349182655221794,-0.0017762911354365961,-0.0007865955655228501,0.0002633323253383383,-4.139341714306156e-05,-0.0016777829369888325,-0.0007562519001651383,0.003260298698130005,-0.0030846896466816937,0.002443780908105955,-2.9624090107986976e-05,-0.00048219766267023386,-0.002988850424841527,-0.0010891477203590367,0.0035758962068008215,-0.00043154439270916436,-0.0009636966091854335,0.00016741942330032644,0.0004739328415429481,-0.0012504248185211668,-0.0004873820978774662,0.0007684741533512049,0.002881761090580104,-0.010488947936430796,0.004762142163550875,0.002263801783963832,-0.0037130460696412123,-0.007895871262770046,-0.017327075588916465,0.0013421268796331843,-0.0014880590700260135,-0.0009468470374070135,0.0022379893046276596,0.0037072920243138704,0.003470714667760761,-0.0002129331823514486,0.00119286788456735,0.00046733375977845977,0.00040400422335439115,0.0001750163279029041,0.002719337708818147,0.00023435218699352638,0.04025822881615324,-0.0012582918604337903,0.001068662917932522,0.002412403043564668,-0.0005968283900896644,-0.011108796143368774,0.00036541650103202584,-0.0007837058303918093,0.003679674825980372,0.0,0.0,0.0,0.0,0.0,0.0,0.0,0.0,0.0,0.0,0.0
2022-06-22,0.00025519487608202576,-0.005628369875641418,-0.00042532510866901253,-0.0008073802568644803,-8.521905690626899e-05,-0.004534240280877089,-0.0003367288132132126,-0.00016421376127644712,6.975772467034064e-05,0.0020313406194024065,0.002808268648280504,-0.01564089578695128,-0.0032803195497899717,-0.006354251826922923,-0.0006952257757491565,-0.004508745884145278,-0.0001233461693700947,-0.0055164999613619625,0.0004531983372094981,-0.049085548035447304,0.00028794859936714424,-0.003219438380089263,0.0005868054299742756,-0.0006208566147952101,-1.952817086835147e-07,-0.0007690906410349824,0.00027816481235454004,-0.0007356317133970766,0.0005568643071669257,0.0005814088514462006,-0.002457760730811527,-0.0018675637834102948,-0.00244597421976801,0.004181024358023284,-0.003305526969229254,-0.0005958337986570833,-0.003092704335407788,-0.00108187181429145,-0.004651526063098457,0.0024941742165789206,0.00015386095597327677,-0.0010039167614049969,0.0025056511020543916,0.0008810351344915141,0.0006260642638923972,0.0008204271662230861,-0.0015982354778756006,-0.0006905666519905279,-0.0043620120612925225,-0.0027289793800174223,-0.0007658405659112372,-3.806514914886708e-05,0.00038003596613764794,-0.0011429173158396526,-0.0009663743201117783,0.003716518996903342,-0.004317060981494194,0.0017506444891305897,-0.00021831961605583769,-0.0002985557302273049,-0.002718748871336779,-0.0010398841838333756,0.0028614327075675303,-0.001020956597592459,-0.0007308961930360884,0.0022860685105252857,0.00034463120792412326,-0.00045648761693111513,0.00012678109176319464,0.002123119226405497,-0.00010539642219561987,-0.00827771105865686,0.002572589330146316,0.0024510064628175524,-0.0029849654517847004,-0.007920070182732941,-0.021214128816786176,-0.0016247018333180217,0.002617216616546644,0.0024618685378951155,0.0028462563372685682,0.004232291675215009,0.003156985043489408,-5.411501939704181e-05,0.0013318587739055499,0.000486956045859697,-0.0002210791799937167,0.0004744375208917077,0.0026367895730111087,-3.0741475050105314e-05,0.03069277438977754,-0.0005916469915825255,0.0001655089533191395,0.0023076674162103117,-0.002073964955374686,-0.00992066335310529,0.00011999499494163847,-0.00027131007919828647,0.0028297574324631343,0.0,0.0,0.0,0.0,0.0,0.0,0.0,0.0,0.0,0.0,0.0
2022-06-29,-4.4044920927317234e-05,0.0022928830225745728,0.0006753446290997299,-0.0011706717682981884,0.0008504617914246093,-0.0056427805399101826,-0.0010151572095530564,2.206595655423938e-05,-0.0005398376992234919,0.0020858419417117105,0.0032434593373646156,-0.015445076978366456,5.2048800118720316e-05,-0.0032766122882812916,0.0005604999957949989,-0.004005797157418841,2.0696728842256137e-05,-0.005695675929534452,0.0007808848527132325,-0.05114084672329024,0.000695281567145332,-0.017398578637048245,7.730402570217315e-05,0.0005965616306273601,0.00046293414999486556,-5.2178458750129e-05,-0.000457278022215443,-0.0003048033019023831,-0.0006031397583765853,0.0008682006811890087,-0.0022417100036710314,-0.0018677516928747124,-0.002286216528305755,0.00036937855870038745,-0.003721117205373181,2.1635795535666086e-05,-0.0021649958559779147,-0.0013079682522122954,-0.004635441805617958,0.002403534301598567,-4.561319875715917e-05,-0.0007407708488294153,0.002538617775329243,0.001616285605004544,0.0011231559328105498,0.00044751763189709723,-0.001290899063755747,-0.00040662327617278137,-0.004602098577536773,-0.002948708998296104,-0.000818139257922667,0.00044564015543028775,-5.5257408504596614e-05,-0.001141871458691758,-0.0007952809616606126,0.004484279266120107,-0.0031185070199560004,0.005238608446644853,-0.0004971778190046137,0.000149767666070781,-0.0026877204034399704,-0.0015136277948394115,0.0020851631777411,-0.0001456143551324611,0.0018734008318958913,0.0008452495270163401,0.0001947335688898851,1.1805324042392902e-05,0.0004428188931262321,0.0015907913499404994,-0.0014512018120939995,-0.006818728795299577,0.001526043890336564,0.0015235270028738917,-0.003397095441902796,-0.007936671367515425,-0.014923484911419588,0.00033323104834760285,0.002392834956175581,0.001362759186051225,0.006308369270239345,0.0062017543527550885,0.0031367196090620057,-8.617034477745208e-05,3.9006523198031766e-05,0.0005542201223453137,-0.00016182957825357764,0.00031360380200992443,0.003087874652733116,-0.0003339650378496118,0.02651100965803241,0.001001473604115245,0.00022998750562580679,0.0018903063539538669,-0.0004101284294352174,-0.011421832259132843,0.0005166269280663516,0.000881262572873223,0.003865261259322104,0.0,0.0,0.0,0.0,0.0,0.0,0.0,0.0,0.0,0.0,0.0
2022-07-06,-0.0011734065554506966,0.004443941128201158,0.00046739334290207504,-0.0007819283563868539,0.0004587676226682808,-0.007805309529910508,-0.0011618482208302161,-0.00014907417171055798,0.0001435908512287702,0.003753332102905775,0.0020490681213378944,-0.01636259695373741,-0.0034440444879139218,-0.00442376925130426,-0.002454389529419293,-0.003946801558180651,0.0001419097561856361,-0.000741764632597914,0.0009710500968362183,-0.05206037086096251,0.0006375191513568099,-0.023149432135682615,-0.000520350574091569,0.0005271320755292524,-0.0007642151728753115,5.6687439801398575e-05,-0.000651100970439054,-0.0005906180766713,0.0008107681579894433,0.00023603699297472546,-0.0020253631878939015,-0.0015842087511112922,-0.002206957740061288,0.0003229794358069133,-0.0032366210723135756,-0.0004701728932417425,-0.0019103265560300846,-0.0013147390013832417,-0.007797395299433113,0.000439243158552055,-0.00016501004950514756,-0.0009680678984840338,0.0017626802621133841,0.0004346993511357308,0.0018138954304494693,-0.00010454823653397874,-0.0006220958062882457,0.00031907464526967046,-0.003024883038253295,-0.002450562641588153,-0.001095925004955301,-0.00010202452533523271,-0.0019155507829662507,0.0007618733131377448,-0.0009638676335946073,0.0021098435480673473,-0.00011045183482669572,0.004175865151842165,0.0005488733210755141,0.000776786519276888,-0.0021916747172383744,-0.0015453504152603953,0.001441937089795302,0.00056596577519603,-0.0015132764359762658,-0.0017746303971826695,0.0004126606806216638,6.892651695662475e-05,0.0009344697110569248,0.001412759596183924,0.003566579844925977,-0.009203003142924944,0.0031090179257700725,0.0020463808256089393,-0.004824213059095476,-0.006286424045056579,-0.017410976379782582,0.00010927457603186516,0.0010545573741115562,0.0013968282352719076,0.00021426376280658763,0.0060914600058374424,0.0013221038454797255,-0.00010306034612575896,2.1156285696995963e-05,-0.0005147228439352748,-0.00019612485919276885,0.0003754126642326477,0.0023960579345590617,-0.0005193102912661201,0.03560886014705992,0.0010655327045985155,0.0007781369306788686,0.0022767507438869205,-0.00010804193972254631,-0.008371352185664921,0.00032478650598130674,0.0013847170996914042,0.004917643152295458,0.0,0.0,0.0,0.0,0.0,0.0,0.0,0.0,0.0,0.0,0.0
2022-07-13,-6.801039531742292e-05,0.004888001951154569,1.2853485590743077e-05,-0.00011975792044281347,0.0003228686288810481,-0.006770976354194574,0.0018369015044663918,0.0008778482175566202,-0.0004127848692110963,0.002845373794434017,0.0024520404369988914,-0.016217800105963985,0.0006701488465760464,-0.0039262420309607885,-0.000118466909535086,-0.0053016613271493086,3.088539305429266e-05,-0.001090942770400202,0.000940539234606331,-0.051993141072881166,0.00031518996430476886,-0.02209833618212823,-1.7468350867788846e-05,-0.00040421695980214796,-0.00030141129357019974,-0.00020862788516393696,0.0004884901803320464,-0.0003825137494311049,0.0004621826062951839,-0.00014004058834865977,-0.0019435961788353835,-0.0028076550999046237,-0.0019724349654107855,0.0009002732448551552,-0.0031366877572328866,0.0001238012274960563,-0.001368312264858129,-0.0009807429428705717,-0.008682588641490203,0.0005885003365245672,0.00012491743592381438,-0.0009659940279183771,0.0015940831509230608,8.618993108117379e-05,0.0016959123429605254,-0.00014800447446975578,-0.001849358009024751,-0.00041640768169001524,-0.00268138623074013,-0.001790322499413292,-0.0011966059849538213,-0.0003190652901173328,-0.002363774084162946,0.0004390642576416277,-0.0011375846991333743,0.0021224689804773267,-0.0034990113303432283,0.00560991416406245,0.00023861657263149317,0.0033957755692571976,-0.002923594075179331,-0.001028574043420309,0.0012471172949976386,0.0001256103771491623,-0.0002935512215487034,0.0003444418651297707,0.00036100581021008177,-0.0004502811344327851,0.0004487318618206682,0.0025672262318148925,0.00472813969377331,-0.010012832264215414,0.0032517314056820113,0.0024438237150085735,-0.005691456202978278,-0.007304315935531731,-0.017459441540402527,5.677196955264885e-05,-0.001240832327911919,4.5749992615863926e-05,-6.143891264422308e-05,0.006814720360585241,0.0013695883909448166,-6.345832479741183e-05,-0.00022330377537198244,-0.0005530474092186869,-0.00020185955823134844,0.00019589327741596747,0.0014366713588750035,-0.0005652725094956228,0.03460536493048253,0.0008689078388057292,0.0006555967870671603,0.002801581683793554,0.0005511504597291039,-0.008957046302140993,0.0009192489715893323,0.0012016809000719617,0.005328702564280256,0.0,0.0,0.0,0.0,0.0,0.0,0.0,0.0,0.0,0.0,0.0
2022-07-20,-0.00014587003213210932,0.0015746127558000757,-0.0009544099117277458,0.002406801560264885,-0.00025455119926902223,-0.002191683063036022,-0.000661807893006396,0.0011547223459430587,0.000572908034748373,0.0024356328221082518,0.005968457240465563,-0.01758408609927969,-0.003940589491335446,-0.004060486530803038,-0.001069525725215822,-0.006305867823585652,-1.4664400043941552e-05,-0.00113836299703811,0.0010152189935322543,-0.04951754135787441,-0.00011715910477450965,-0.01505739975917336,-0.00018413561933416472,5.050534002274869e-05,-0.00044043963811672134,0.001853672441647292,-7.6435939703287e-05,0.0006206010481762472,0.00021136291173382368,-3.5341407583773785e-05,-0.0029702003934287875,-0.002427073511385007,-0.0019791339843157254,-0.0007312617554024079,-0.0023489488432347676,-7.589452506448201e-05,-0.0028357194454634335,-0.0010335932797212424,-0.008600618378619073,0.0008256802115971704,0.00013841112262664038,-0.0007726637104473142,0.001546472405976519,0.00013792901236107257,0.001637943270726637,-0.0002581566899435159,-0.0016155046365795007,-0.0006362710544474645,-0.002394915274689576,-0.0019652039303633606,-0.0011199643244118361,-0.000114632787927053,-0.0021455052323204127,0.0005589777559918553,-0.0007003878240852341,0.00280053038262915,-0.0033825364930719103,0.003307461139661388,0.0006250640410755261,0.0032126827104783117,-0.0023739542172883364,-0.0009481905739691518,0.0014440999179020301,-0.00036124727061059934,0.001842153166628981,-0.0021458399171284865,0.0005381024054012116,-0.0002969120894164689,0.0009373035689652042,0.00043811692077975285,0.004085283145080305,-0.010165441581220971,0.0035949692476590386,0.0017626327095473522,-0.005195514956439953,-0.007659361930986921,-0.017588897132582125,0.0003470093855504009,-0.0008331463458621465,-0.0003900461885794555,0.00015030208975238478,0.005513653037571439,0.0022336929960877043,-0.00022032178420675424,-0.0002878192403570209,2.2493426066108206e-05,-0.0001145745246837428,0.00038486804116465417,0.0019591306015367543,9.764376598186455e-05,0.03372176981733842,0.000877157617526337,0.001885221190793305,0.003668948452782915,0.00117251579612262,-0.007635856554340391,0.00029711790006526755,0.000474499831944615,0.005594630087304459,0.0,0.0,0.0,0.0,0.0,0.0,0.0,0.0,0.0,0.0,0.0
2022-07-27,-0.0007340327450494771,0.010486698393177788,-0.00034198631905953055,0.0017189358128317002,0.0004308690334039485,-0.0014871971307174254,-0.0029987803134256742,0.0012144708011455876,-0.00024005755226871723,0.0036044888936710502,0.005073696431624535,0.010788355561521027,-0.0023980983932779367,-0.002631427586524197,0.00717136555573552,0.0018610794790581526,0.0011234931641685342,0.0006996890984255972,0.0006201113033334421,-0.01693975652601261,-0.0006008086485155266,-0.0013502262949144671,-0.0026731054319343575,0.0007942451164523981,0.00032319319117204016,0.0004590702886183576,-0.0005046379883773362,4.688882946772317e-05,0.00045078402664520885,-0.00012215726205025266,-0.002370400911252193,-0.003247826554462769,-0.003448376878531916,-0.003220637335199841,-0.003041454129071644,-0.00023827963662238858,-0.002428293677213031,-0.0028024073939602774,-0.01072819983895841,0.000778767801080989,-0.00032524805452907043,-0.0004030391697787804,0.000667003946382465,0.00015773926633324493,0.0017831914149673985,-0.000949453151086809,-0.00036830689716137323,-0.0008651291930645129,-0.0032928822120443665,0.0004196413287259811,-0.0009359632173887788,-0.0007951218776850568,-0.0016051229163815614,0.000776141330734174,-0.0017967008659362984,0.0025982679675100625,-0.0035712736034601094,-0.0009136249687640938,-0.0008077153255100153,0.003066807451203347,0.0008091549294020388,-0.0009611592854873201,0.001848638902060948,-0.004742628671136723,0.0023622071475119934,-0.0016908445013377336,0.0007902925702137642,0.0004681947574232229,-1.5608719694260246e-06,-0.0010431995913780178,-0.0002818969881701462,-0.011449047172799218,0.006327528285025952,0.0014773868213967766,-0.003144599305375363,-0.00808941912825617,-0.02425074835675165,0.0003097783634372742,0.0005873969091006111,-0.0003020700415250753,0.00021951306546293153,0.00399181512194663,0.0003876465026893514,-4.952858018768119e-06,0.00041956318724220175,0.0001771419096322296,3.0365804302358125e-05,-1.7401395153718135e-06,0.0016320134098472012,-9.35457978597525e-05,0.02781800691829711,0.00037258668780196637,0.003182340004760588,0.003119754224313156,0.0011656521087656732,-0.004301614634751739,-7.227756457620444e-05,0.0012102347522992378,0.007077472335154198,0.0,0.0,0.0,0.0,0.0,0.0,0.0,0.0,0.0,0.0,0.0
2022-08-03,-0.0009522717672916986,0.012754446360376051,-0.0003268668841046068,0.0024021977245650794,0.00032945927819764856,-0.0036605391384968602,0.0016726206989997141,0.001537754971122804,0.0008265815069649998,0.0030601800558907777,0.0031220462801251833,0.011681484351796972,-0.0035390047216981514,0.0033109501074122583,0.008268684222304501,0.002810308629548352,0.00153365888896369,0.007149698108134366,0.0007814587153728812,0.034969288190850406,0.00021632129765802944,-0.023721915349246395,-0.002789237501754209,0.00018586856956184298,0.00044144591588134245,0.00017381441196392096,-0.00011082471251080923,0.00018037642929183631,0.0004759987884086271,9.281673402324444e-06,-0.0026538523032393273,-0.005500171894314262,-0.0018924140352186447,-0.004544685990910085,-0.0025772242208510782,0.00027780488946773876,-0.0022311034122998873,-0.002555925964783597,-0.010953067194153645,-0.0007303316238671838,-6.9987957454060286e-06,-0.0018686092224149793,0.0018254379901706849,0.00014328012096692845,-0.00031022557701355463,4.562568155831403e-05,-0.0013339319265793725,-0.0011170180900097815,-0.0021113875027378996,-0.000772613980875603,-0.0012240960129821109,-0.00024039301145016578,-0.0015132848494009475,-0.0007654820583922926,-0.0014573652142832268,1.3032204510599792e-05,-0.002205574039511829,-0.0027106977950422323,0.0006231445746226302,0.0031401659914546643,0.001762325877872086,-0.0018072857102407684,0.0037024405583843466,-0.0038855552281283367,-0.0009557333487939999,-0.0008645455501424734,0.0005741770987398804,0.003850811742422128,-0.0021059647803331263,0.00324299211613421,0.0019266457192646273,-0.01607231538165289,0.004531909804659497,0.0008312998603533996,-0.002793181714893322,-0.0068932676551151295,-0.026814775791520053,-0.0003623219054912261,-0.00037868505296601474,-0.00013236393590565368,0.0004423274318718158,0.004439568929116679,-0.00015172422598222653,-0.00046502828017774123,0.00040126298984019944,0.00013229857097601634,0.0005797768505170107,-0.0003058269847851476,0.0019604973960971757,-0.0002581739133804395,0.022442227098580965,0.0003060997322351971,0.00466008337248873,0.0036519331827914877,0.0012661499396431632,-0.005076904318448694,0.0006073665245806787,0.0018717460008353978,0.007342572934109394,0.0,0.0,0.0,0.0,0.0,0.0,0.0,0.0,0.0,0.0,0.0
2022-08-10,0.0003852997479603384,-0.0001502566920485811,-0.0008321160423173351,0.0019090604122189968,0.0005975001802968136,-0.003102394985786553,0.002894649266433509,0.0009292661521929972,0.0012404874140862128,0.0029105688767667674,0.0024670717235682,0.01168439494654323,0.0004282536810538565,-0.0015151502082692062,-0.0015959251256340429,0.003219429236644977,-0.0009014506957931352,0.002781963659661755,0.0001703193673853791,0.011459203581564211,0.0012096752736573731,-0.020369441169238438,-0.002606377376084273,-0.001321115959140199,-0.0001854445614272438,0.0008259653494810678,0.0007541888954949589,6.958659815034034e-05,0.0005489233412810231,0.0002781688959192613,-0.0029030031703015176,-0.005511017754623571,-0.0025647835166246087,-0.004499254504165345,-0.002334976099793931,-0.0038521650251161495,-0.0041206638489835875,-0.0023630620241881935,-0.011010559742332454,-0.0006916544686445579,-0.00014036826257990976,-0.0019725232692324735,0.0017551825633941689,0.00034633604401712695,-0.00041756218482341586,-0.00018741376944414118,-0.0008309969238837518,-0.001641318823807769,-0.002340410131333754,-0.0009906028615807563,-0.0007794519964805482,-0.00022556515178570705,-0.001802967582986492,-0.0005992464188128057,-0.0013378682377758564,-0.0012668692658129566,-0.0028557548855036798,-0.006816071115015684,0.0008001603719864369,0.0033639610166234495,0.004727988809187434,-0.0014751765490396231,0.003342120469559107,-0.004949560892340687,-0.0008335480444738414,-0.0012064729160740576,8.597719892940853e-05,0.00445123882646666,-0.0016497286737949953,-0.00021305451476401495,-0.00035052231965656394,-0.014614984833029965,0.004907507273735745,0.0006634626437329986,-0.0020005807109786003,-0.0048907741070617905,-0.0217372303777289,-0.0003887455901739211,-0.0013920132486408138,-0.00048120970494636064,-0.00018161764657021362,0.0033957560584314734,0.0007899266699910868,-0.00014992437399234836,1.4700004882143194e-05,4.244478682494603e-05,0.00028780014329476836,-0.00012970022014701301,0.002330510280016893,-0.0005007757036830036,0.03062688593696826,-0.00022479983662246553,0.004777548835827986,0.003999823985388475,0.0015940254348866755,-0.004953607734502725,0.0010808403823042096,0.0011225566669054812,0.0071567687401580355,0.0,0.0,0.0,0.0,0.0,0.0,0.0,0.0,0.0,0.0,0.0
2022-08-17,-1.721714460708454e-05,-0.001884414014699976,-0.001606585986294908,0.0012738860448363047,-0.0011101443646907509,-0.003469866961813257,-0.0009930960562562208,0.0012142375653397776,0.0014140097395922218,0.0003040928102419986,0.002716576745316825,0.01030695147127978,0.0003693722873911162,-0.0010766604401879919,-0.0008238700471114481,0.00185153763141876,-0.0004711633073701168,0.006179594429581477,-0.0001618899605849629,0.016054532261113554,-0.00029257736083434057,-0.0003175098753726235,-0.0011647318596575658,-0.0003822962363344673,8.583062014315847e-05,0.00029222242506603204,-0.0010240513804679714,-0.00011051183334376587,-0.0006060073564389371,0.00020295369089959404,-0.004067126934736424,-0.006717875995652636,-0.0027042426481850407,-0.007666099777629342,-0.0028357976733738833,-0.0037680295905724,-0.004021663585999185,-0.0028394673439180044,-0.010153913815345752,-0.0006905077145804934,-0.0002712849976344663,-0.0022481725937555765,0.0019332809726553912,0.00016699462455182566,-2.7345196461563492e-05,-0.00022427562794963884,-0.0006993791833490404,-0.0016635564164333278,-0.003284737618840269,-0.0001054372164564827,-0.0012236888720128446,-0.0003995240066483034,-0.0020373691833780578,-0.0013791858508082932,-0.0015222756678216173,-0.0007739387292725684,-0.002138703612652717,-0.007494559429516698,-0.00053862284683717,0.0039656843489562135,0.004982299619527265,-0.001128279661982572,0.0033487591148365506,-0.003542418882192857,0.00030303345398433637,-0.0006038370563018421,0.001240050003934622,0.004537417169210587,0.0017555741712334397,0.0026075144852496616,0.0026667751465953276,-0.0169860964355191,0.005139683170613461,0.0004323432346425983,-0.002424821345347144,-0.005112493020283679,-0.025610382237467953,-0.00037241956754146605,-0.0015462311482873866,-0.0002719160738267205,0.00045692554583870194,0.0028183006300702405,0.0003461874164684967,0.00023065954342067736,0.002167047931713079,-0.0003970358770209723,0.00029328899704620536,-0.00011382655972018474,0.002049257098358274,-0.00042699657342832437,0.03430950108855959,-0.0002388143692977003,0.0047068145929670254,0.003864488433046464,0.0030243684771204937,-0.005085179532555118,-0.0009694428101543877,0.0012696137753184697,0.008725250596256782,0.0,0.0,0.0,0.0,0.0,0.0,0.0,0.0,0.0,0.0,0.0
2022-08-24,-0.0006627266369887872,0.004402758000991483,0.0002223204699585696,-0.00012440862358731555,-0.0013681423653316845,-0.001967038976306046,-0.0010708195659311429,-0.0009604758954171686,0.0003811431090389815,0.003337158617468994,0.0034851602819987396,0.009971005408099335,-0.003916648066652544,0.0029290597264972303,-0.0008663769312695717,0.001942825368416673,0.0017239671907593825,0.006290238058100565,0.0007265792121587946,0.05453841593881263,-3.991773601406682e-06,0.004836455099828297,-0.0029748283761270988,0.0006230871281960395,0.00014530432098149916,-4.915325122296588e-05,0.0005664975540233773,-0.0007884113368976205,1.6870036550091044e-05,-0.00023426750945952833,-0.0059172689584481245,-0.006092527718706118,0.0027503478310763646,-0.003296583229088218,-0.0015192580376718562,-0.003370843612242961,-0.0022116900754021343,-0.002125457667214505,-0.008384598834358905,-0.0006354254331846466,-0.00015778677053934913,-0.001822358846554403,0.0009540177559000214,-2.3738257812994053e-05,-9.093320643929058e-05,-0.0002580186700157344,-0.0019624687554589786,-0.0014307342067272208,-0.0033048588040837283,-0.0016128198819243883,-0.00013735930765613447,-0.00125729032880235,-0.0017971668962214833,-0.0012947192582550009,-0.001209558462501409,-0.0011793047038475106,-0.0013050955099576783,-0.006449715706220961,0.0006048039585340744,0.003568482899503015,0.004557096673776405,-0.0023585381265007915,0.004174427190108156,-0.0035391017090905187,0.001595234084939432,0.00020289405840918963,0.0006133493556873442,0.0008805794566115017,0.0024754047937266322,0.0029690014407907695,0.0009510291040705489,-0.00968408563061106,-0.005648859731641976,0.0007975458930989488,-0.0016432205082324261,-0.005544574507231734,-0.023583026496564095,-0.0002889140299411274,0.0011603723540603188,-0.0004991199709438736,0.0009244327420204209,0.001958582025192912,-0.00393215005274846,6.37440317100375e-05,0.0020877341557165477,-0.0011516213109990974,-0.002644482759218202,-6.801672099865785e-05,0.001616401461194563,-0.00025181205232666375,0.025122752872473866,8.048263651794812e-05,0.004739489283473169,0.00426360704754191,0.0021220960611002385,-0.0040748981099181045,0.0013138114938799248,0.0018304917306581423,0.008845922894091853,0.0,0.0,0.0,0.0,0.0,0.0,0.0,0.0,0.0,0.0,0.0
2022-08-31,0.00034355028029553676,0.012645337209357083,-0.00010638539875506116,0.00027690028833230173,-0.0010511715673257366,-0.00159812710129349,-0.000898952843943218,-0.0007650741901162303,0.0002821909846478643,0.0037672289283721748,0.005083854487510915,0.009424337935919465,-0.000566153313990203,-0.0014360522915369744,-0.002212729623569198,0.0026122349314805973,0.0002992967296951773,0.00486573421117865,0.001246665256365944,0.05787645512623341,-0.0003061688763587896,0.025169660181456,-0.0024562343288169826,0.0006685584348763391,6.874214420714141e-05,0.0005698811599979289,0.0006321497944355543,0.0009046800989682817,0.00017293155071563174,-0.0005662446889755254,-0.005123543358071794,-0.0048922808710693665,0.0010755353488658753,-0.005748913076862158,-0.0016134303848368016,-0.0008330878656499007,-0.002140803319256707,-0.0016820805523453507,-0.008996077562439276,-0.0006126588907758457,-0.0005030185529387405,-0.0015709974143425518,0.0007916565341096948,0.000598707030875176,-0.0003469979123659611,8.420771537341078e-07,-0.002078263924893489,-0.00035243962890352064,0.00045635326064397033,-0.0012329445146758615,-0.00023593061971782778,-0.001058730017539016,-0.0018301435993538513,-0.0011607977495725168,-0.0013359342231095645,-0.0003388180947725285,-0.0005935383471884545,0.0015530020293186041,-0.002369106222193924,0.00479698659758282,0.0037050519175810285,0.0009978894781683466,0.003997804186772984,-0.003047732693471749,0.0015088805926868184,-0.0005786383818755228,0.0004591890737205015,0.001309571756841779,0.0038951662322730765,0.0017009870116681566,0.001623955516682719,-0.012576793040185327,-0.005328498575819312,-0.0003440249591889983,-0.0015845395376017915,-0.004032644606351564,-0.021657861650333954,0.00017688046560157658,0.0019712535814866337,-7.979185190239877e-05,-0.0013197975491246014,0.0018697040856835915,-0.0034615907656836893,-8.49070463387526e-05,-0.00019886726661917209,0.00020831544723085333,-0.001614877958684556,-9.524388545358609e-05,-0.0007732141161143857,-0.00025569161682669985,0.017343201777308612,0.0007679185129480861,0.0037413864619191017,0.004882400376604525,0.002576342178163691,-0.00371452035596355,0.0016057577307218094,0.0009267837193155914,0.007709080571233,0.0,0.0,0.0,0.0,0.0,0.0,0.0,0.0,0.0,0.0,0.0
2022-09-07,0.00024061646677442199,0.010263307217208771,-8.38580461480898e-05,0.0013312767105344125,-0.0005946395258419149,-0.0009247085226878434,0.0012053370624924321,-0.0002450922212335864,0.0009725216643812627,0.0037489547332501152,-0.0007597831013925659,0.009928005298288835,0.0002879325416140023,0.008714516143525496,0.00905880868931742,0.0035913302077514022,0.0016171498980552047,0.002616306558237903,0.001226835667737695,0.059255787624822115,6.77221213399332e-05,0.006377672194273435,-0.0020685044666523206,0.00020495972589755704,-0.0001935883141773735,0.001351000979595847,-0.0007138392865804101,-0.0008747329050366201,-0.0009628002161204841,-7.619251597247779e-05,-0.005359038467634525,-0.005793267430192189,0.0019357099480916834,-0.003943443419480351,-0.0014395606589330766,0.0010203421516276675,-0.0020181224017612283,-0.0010784792927200574,-0.011589558611213406,-0.0008552036423904789,0.00011235456460135974,-0.0006006711137113114,-0.0019903441589752286,0.0005950629943997611,-0.0007726624120471762,-0.00024936034525867203,-0.002240220670707013,-0.0002532818235648486,-0.004345258179436048,-0.002511561517220729,-0.00048165619920430774,-0.00049537910424781,0.0007672077669958527,-0.0012517983808418103,-0.0017765151421426882,0.002808742028885134,-0.005620657957111241,0.001291124485454734,-0.00018888629797278895,0.004512873847529643,0.002777785722385364,-0.00031473794508599757,0.0025576833207994103,-0.0019451362929013988,-0.0008782925936238879,0.0011909316094796374,-0.0011044268305530794,-0.0016540642029570164,0.002509367641616568,-0.0018436967965231369,-0.001930748710881197,-0.00876165506446392,-0.0037603556455717366,-0.00018658515038774584,-0.00441723310163162,-0.005739677217553016,-0.005269164611541598,0.0003682162092953128,0.001208830149203973,-0.0005421275102451915,0.0011047960843001926,0.00021632345618546905,-0.003823720621412047,0.00018048728775151154,-0.0006034864789985165,0.0002053765029169523,-0.0007691683815964305,-0.00011900525684985922,0.0007870732607223394,-0.0002577554576477624,0.020607031776282297,0.000958335543366493,-0.005530191877962547,-0.0008129060286805263,0.002945765675815387,-0.0029653241895327338,0.0018472856252095583,0.001095362864576614,0.008534194023551801,0.0,0.0,0.0,0.0,0.0,0.0,0.0,0.0,0.0,0.0,0.0
2022-09-14,-1.307220794553509e-05,-0.0012892653503792152,-0.00016747256309604898,0.0009105212479731193,-0.0014740011574176169,-0.001474903608149262,0.0011212240912879196,-0.0009906073854072095,-0.0004943686279170273,0.0029921995617467256,-0.0005925557112819587,0.00888044858156831,-0.004503681559025591,0.004892113048733143,-0.0020931388813706657,0.0033500439076322858,-0.0008131219606338742,0.0026299972177773333,-0.0006755266044130552,0.05552781171799894,0.0012381665548101728,0.024906280487653774,-0.002656239366913809,-9.737632451896138e-05,-0.00020533496440331786,0.0020363597567347024,-0.00013289236574295642,-0.0014642296566339998,-0.0009719428342216743,-4.6592382896685255e-05,-0.006734705780095034,-0.004597860538170027,0.0011416318625283358,-0.005334078801181874,-0.0022699712917072282,0.0001329434760196339,-0.0017800374621323564,-0.0016550837129946027,-0.008554624869280261,-0.000688100413979743,-4.7508169213057466e-05,-0.0006301900491762724,-0.0023845200667618575,-8.969238626783542e-05,-0.0011555594495272351,-8.820447514870002e-05,-0.002142657704409716,0.0003359149671560357,0.000887490200850221,-0.0026092068372925064,-0.00038773012377887146,-0.0012220239652809956,-0.0006260300671238927,-0.0009788705497871676,-0.0024277238789974787,0.002172693526353113,-0.00549374949979505,-0.0014748565085793976,-0.00014046700082454415,0.0061500711101629595,0.0015015268796328375,-0.00021035166276051087,0.004295709006258686,-0.0020154924994072745,-0.0005256623847655428,0.0005507922449976422,-0.0009807698266753478,-0.0009278217053561036,0.0018417337210327464,-0.0018531559222830238,-0.0013843920927891235,-0.010077773490202079,-0.004390172074512422,0.0004367192402030442,-0.003651776998897823,-0.0045725779163051875,-0.005030332708183186,-0.00044626061196527427,0.0010775111315294926,0.0016039506655394279,0.0006614821238450439,0.0012748178728391056,-0.0005723896413193175,0.00044982228694992574,-0.0002034246804529801,-0.0028614866311696212,0.006946728132476723,6.10481463688367e-05,0.0010208833085514246,-0.0002085505008222845,0.018012548015428356,0.0008459885245348843,-0.006502171729846346,-0.00020911161895074948,0.003071244242333289,-0.005389430313358799,0.001489486272115194,0.0004966072183595679,0.008485652619511345,0.0,0.0,0.0,0.0,0.0,0.0,0.0,0.0,0.0,0.0,0.0
2022-09-21,0.00017133986357070603,-0.00827681942905094,-0.0003597763467956756,0.0002670354479819667,-0.0017823600275113747,-0.0014213050085439894,-0.0011442397915776626,-0.0013476843640912873,-0.0002659067152751155,0.0020177126704143526,0.000262752181944781,0.008507950361048662,-0.001982914652693272,0.003235407059041601,-0.001575324709378255,0.003674959558616352,0.00033600528599791654,0.0033191323416569443,0.00020998911388362177,0.05189000228194892,0.000845779822074116,0.023541113045552176,-0.002262351889876971,-5.786535098244815e-05,-9.356799263390908e-06,0.0014323104401019935,0.000377370516290091,8.354858524089231e-05,-0.0010467501752850707,-0.0005733822975909112,-0.004040933935449146,-0.005137698129191325,0.0013022055034344836,-0.007595040305405964,0.0020291029187288986,-0.00031217094944850296,-0.0010934739523475443,-0.0010117218496144395,-0.007841861775099605,-0.0008507763681204544,-0.0002757419634337229,-0.0008093286345201085,-0.002937820284748473,8.345334014508005e-05,-0.0023889834468799834,-0.000181344056277869,-0.0019002765758873393,-0.00032056263339335213,-0.0002706992697486364,-0.0025479431963836047,-0.0005414323721769063,-0.0014123175273865383,-0.00044358301122545877,-0.0012772188385064252,-0.002368508441270979,0.0019898151098736157,-0.002232095056246722,-0.001568032234753772,0.0012167433958144807,0.006195148767744648,0.0017250490753137203,0.001445247189181568,0.004460708040434805,-0.0005926013200969199,0.00021787588739836114,0.0006974715804367473,-0.0004977467052507403,-0.0013227146081919454,0.003426236215888368,-0.001117553205933861,0.0005983635360509935,-0.010571699110238265,-0.004916851857859379,0.0003671486136875765,-0.00284784183880193,-0.004218490723556004,-0.004181044039774236,-0.0021565779615179384,0.0014972184179556582,0.0001951868699621736,0.0012048212134205018,0.0008914374188861502,-0.0002689415130731416,0.00036004989067880164,-4.543948298145918e-05,7.877526364822683e-05,0.002801324172017396,8.61869888423771e-06,0.0009974113123011321,-0.00016946694636919428,0.013819233981385093,0.0010516446408074295,-0.006520645986477422,-0.0004479294179220778,0.0035303221461461844,-0.007670555044424933,0.002191298059390568,0.0009643479189878719,0.003179952888862631,0.0,0.0,0.0,0.0,0.0,0.0,0.0,0.0,0.0,0.0,0.0
2022-09-28,0.0004191415457603172,-0.00517554376237144,-0.0005071899714943178,0.000940327504401627,-0.002295988662336839,-0.001538909657443912,-0.0008566794640756925,1.6256136637841085e-05,0.001741402366861244,0.0019763266591421437,0.0006467251728206534,0.007255739790488367,0.00038799672618348817,0.003626090644519657,-0.001952030450855941,0.0037952045920621384,-3.689813857491625e-05,0.004302810315713111,0.00011736442088092687,0.0515719565788323,0.00025658845940816427,0.02269462528641722,-0.0016608446975339033,0.0001458882451037146,-0.0008211429744473215,-4.101619866896968e-05,0.00010526599803455191,9.017598189355646e-05,-0.0014190401999348286,-1.854611861737006e-05,-0.0038362659933529088,-0.004394612894459528,0.0015755867532759782,-0.008075019798928978,0.002533372602854205,-0.0011381472261911977,-0.0011522842539539715,-0.000871868407828787,-0.0007675717676829062,-0.0008798214035910364,0.00011861989329688148,-0.0009303424135986116,-0.0028835929156079214,-0.0002768155718904316,-0.0023096016738339193,-0.00035444909182171327,-0.002351284349356996,-0.0009225155967088038,-0.0002002128581873132,-0.0015175518828930874,-0.0004147764851060187,-0.0014555939840000958,-0.0006877412791598051,-0.0011555995821078025,-0.002401868571273951,0.0013732166270220012,-0.0033365576044713436,-0.008733255083565256,0.0009157968680529406,0.006540973002453468,0.0004094714039560187,0.0016851456094257662,0.005978190318910674,-0.0006436481412601052,0.0004391882529735021,0.00236362370150872,-0.0018263297967367074,-0.0004207113284661119,0.0025332968186134383,-0.0018856011105859974,0.0013656322408090594,-0.012032616056731437,-0.0035459760497380767,0.0005025214107134926,-0.002759906225446992,-0.003838745775360524,-0.005248763548986264,-0.00011056625805879325,0.0015829093869670309,-0.00011754016412184866,0.0026817541584531405,0.0012985982823225683,0.0002961030938765878,0.00036547777657371154,9.540461629844818e-05,-0.0011049542412425641,0.0060497056114791345,9.304377786634811e-05,0.00016741470478366552,-0.00039947329840222444,0.013652043065836962,-0.00033188235156229054,-0.003616516740493412,-0.0006904275769120214,0.004768505682373063,-0.0073936011812776245,0.0017197646318403066,0.001698630232711523,0.001481314246119128,0.0,0.0,0.0,0.0,0.0,0.0,0.0,0.0,0.0,0.0,0.0
2022-10-05,0.0003639030045816781,-0.0014695860067109015,-0.001016253339540161,0.0009126769022211269,-0.002231779627107061,-0.00234541460561925,0.0007427416546709417,-8.983645008664151e-05,-0.00023983436639704573,0.0010161322295870986,-0.0006422656050132027,0.007485927558794097,0.0005740192093774605,0.007240542777125076,0.0074627095455209605,0.004587111815662501,0.00048187533742838096,0.004396261533471361,0.000881221443687047,0.05932047368432335,-0.0006382712629995214,0.021450588203028146,-0.0020363791021269914,8.295870268242176e-05,0.0003491289326221851,-0.000677319059014306,-0.000416766063519471,0.0003008626604245363,-0.0004298231472402313,-2.628172881487868e-05,-0.002714937739474306,-0.004444461154880485,0.001424901256275526,-0.008181841616668812,0.0027885036648739644,0.0013749699311060945,-5.9286704757061684e-05,-0.0007119063598089479,-0.0005536612787344691,-0.00033686442448249595,-5.897470332557612e-05,0.0013020542488281835,0.0006535481545321641,-0.0018686580433682925,-0.00020410401750372995,6.973143807932756e-05,0.00024507582327121263,-0.0001722465454635319,0.0012236585709535649,0.000657647092645743,-0.00032151611514045695,-0.0016115027169315878,0.000250847922482856,0.0005081860796227771,-0.001600679841279918,-0.0038544062494265965,-0.00454928573720578,-0.008337025617348887,0.0003097024849312169,0.006099501480559556,0.0030391393215459138,0.00017880727619321097,0.006439483614489505,-0.0017817897312247442,-0.0007094960376397691,0.0006538477131483378,-0.002111984441831525,-0.0005270285147354884,-0.0027856011495068734,-0.0014829681374835771,0.0019288316083781133,-0.013052581799778107,-0.005530472531017059,0.0014339236584923305,-0.0027225194448837935,-0.0057942142191565165,-0.017164224660821223,0.00021417936196384466,0.0010762879495519976,-0.00011116856926329062,0.001669795340013164,0.00307851834348366,-0.001217258067482274,2.5670258111167764e-05,-0.0007081784241204726,-0.0011462338816294747,-0.0004321102728802429,0.00012641756854461084,0.0017614571514165745,0.0003255954562352652,0.012210121073838488,0.00027919603862547776,0.0016135818729629502,0.003113767367740808,0.0028327932051460964,-0.004282514444714434,0.0016358925821713163,8.510193812299198e-05,-0.001925708283633708,0.0,0.0,0.0,0.0,0.0,0.0,0.0,0.0,0.0,0.0,0.0
2022-10-12,-0.00046478970680402455,-0.008273693667097654,-0.0009331526910384934,0.0009449039593553226,-0.0025602064989911815,-0.0010036144049547057,0.0016927718494994636,-0.000807576366863303,0.0016385075273425236,0.003115812499295053,-0.0021607364534624363,0.008803477022257828,-0.00019527493367622412,0.00641589937024046,-0.000841130504268452,0.004611470495493017,-0.001025637840381785,0.004088969921203105,-0.0015189326030854357,0.05108355286241698,-0.0010425635671364908,0.004258168969149256,-0.0017270624644383928,-0.0007832859292485256,-0.0002778735953448144,-0.00017030325364632268,0.00012828593053136315,0.0002595151661852238,0.0009125208881065707,-0.00010288810823375493,-0.0036061864884740394,-0.0032693962907215765,0.001661336569237799,-0.008052473204176378,0.0034186460244093344,0.0016797429511455756,0.00043386856445238925,-0.0004999549245292865,-0.0007171192557864333,-0.0003522584381917386,5.837339967680448e-05,0.0011707340813348918,0.0003350270169881327,-0.001473412940651906,-0.000426501718859108,-0.0006180482679235973,2.5744560514625297e-05,-0.0006061303844675415,-0.0030198749462427427,0.0012701751965473486,-0.00030464472120888256,-0.0020240256436491275,-0.0009719810863526558,0.00030970545757417605,-0.0010639143282271128,-0.005133508128559031,-0.004143530471638474,-0.0035678226503006523,-0.0009570680087024714,0.004679668349316507,0.002765435735216451,-0.0012363619204872206,0.006136657376452588,-0.0017603579463108,-2.4261543522037277e-05,0.00040469771097697974,-0.00062121264357615,-0.0002905069595611278,-0.0031470838862169845,-0.0006194350033977128,-0.002893531698447712,-0.012321950138600365,-0.005013393284830901,0.0018755493315253024,-0.0017059169636404656,-0.009441057708938043,-0.01792689312263148,-0.0006381458226836144,0.001048727918992586,0.0010330266415331342,0.0013937966875472746,0.003325455403457291,0.00013749303120233478,-0.0005922347608778594,0.00017474934836711372,-0.0009906122363460448,-0.0009989961315106362,6.85994177621704e-06,0.0036805972351278177,-0.00011350199955167446,0.01550247266602222,0.0010777042251830416,0.001061314700546356,0.002313425537841679,0.0011837999630523771,-0.011131439182593954,0.0015032386736490463,0.0006439088722349499,-0.00033815110889186495,0.0,0.0,0.0,0.0,0.0,0.0,0.0,0.0,0.0,0.0,0.0
2022-10-19,-0.0006744683205843731,-0.007946240639263578,-0.00029310730448641386,0.001074849360441799,-0.0023791660555295036,-0.002020008129512924,-0.0004260846713289158,0.00025163152809151707,0.001726177674706912,0.0033755534114594562,-0.0020094835279420476,0.008844908366988619,0.0005419744495086547,0.0070243661361312675,-0.0010623930705634284,0.0025480532788426683,-0.0010898937552264805,0.004579821115688241,-0.0009015459468620546,0.050252351925123076,-0.0005358612737447492,-0.0037537659035348746,-0.0020451559406594348,-0.00034516376026851666,0.0008423320714749201,0.00017927673828406894,-0.00029511151459123895,-0.0008492014330213684,-0.0008126799883292902,-0.0008853465380459001,-0.0040002149270213574,-0.003697881636227119,0.0008474817866338986,-0.009168627156356905,0.003136533372530415,0.0027926230110902122,0.00011799097365981021,-0.0005328355966282348,0.0012977564378890464,-0.0004374707237651071,-0.0005717743866045321,0.001132840043886489,0.00018717878226082277,-0.0012307492225845974,-0.0004093231376475887,-0.00014140837000505872,-0.00011551057341898516,-0.0006689162059783639,-0.003365407088675724,0.0013316944169752256,-0.00033739967981697447,-0.0008879895425505909,-0.000502012806532958,0.0003270587295954726,-0.0008926341886936618,-0.004858137257697432,-0.004394876772449149,-0.00377426992395378,-0.0011053442317180606,0.004774407206103488,0.004281950825770188,-0.0013215950276068184,0.006098271944846272,-0.001780658027683551,-0.0016148669756114197,0.0011140775957733187,-0.0004424864893411647,-0.000494442734450358,-0.002899247203588493,-0.0014256804767638826,-0.004092609666163345,-0.017565903967169817,-0.0039673159031614865,0.0032895419980256578,-0.0019328321190755973,-0.007769276965146814,-0.01737260273060169,-0.00017064960811982515,-0.0011964913453166254,0.0012541723260458342,0.0011080271738533917,0.0041513830871929905,0.0008371268871012892,-3.0278811050001706e-05,0.0002608835888867831,0.00010265925116190451,6.11863114816014e-05,0.00015054860208302577,0.0031199752429474596,-0.00013312691299856725,0.01368592265069259,0.000995220939507263,0.002341567892271504,0.002201625404275529,0.003241008473749224,-0.011629007901221903,0.0007066115717301728,-0.00023739871260404656,-0.00029127078053114964,0.0,0.0,0.0,0.0,0.0,0.0,0.0,0.0,0.0,0.0,0.0
2022-10-26,0.00012594722147971242,-0.006249989185436779,-0.0008642361585735412,0.0018095539549055138,-0.002940971367568747,-0.001716852500398112,-0.0009340360423575117,-0.0012115229779250285,0.0019156564366938971,0.00044720491246707394,-0.0011589019632031593,0.0074997144702784995,0.0005090365208664839,0.005021648077504483,-0.0011666579226737408,0.003187799184548873,0.00021213725752567715,0.004549617524562088,0.0008504756346399879,0.05400847619933293,0.00040698392391479436,0.005634155999156283,-0.0020497538663976664,0.00023275762145290484,0.0003058765209091046,0.0004957709444521244,-0.00030177645386689905,-0.0021587715530944507,-0.0007227673136134934,-0.0008560600354905107,-0.002922099702395597,-0.004391313196843415,0.0009541331651744741,-0.009212640176369498,0.003979685436551036,0.003624214694092956,0.0003907392272922989,-0.0012848458539482807,0.0017725724331918635,-0.00047247712076054556,-5.6024439614532586e-05,0.001022793886273198,4.0985387093321706e-05,-0.001345610278391032,-0.0004067981315772417,-0.0004457195606470852,-0.00013064183979528184,-4.1164304397792624e-05,-0.0032925898161053164,0.0012046392572801394,-0.00043704818228298026,-0.001346897861132048,-0.00045382807531852847,0.0005249366201299819,-0.0012604716952451381,-0.005539094759708585,-0.0037156078186448803,-0.002330063097870292,-0.0019353930107369475,0.004722447272165631,0.0026470859344242654,-0.0013756359486120147,0.0034230350100801104,-0.001234740073671046,-0.0004469748129594062,-0.0017958697204417697,0.0006906071116711195,-3.191378077147083e-05,-0.0033485940672433293,-0.0016786900088449437,-0.004186919259510585,-0.01875190477806934,-0.0045758806781808535,0.0034064276503244263,-0.002018315447723152,-0.008054184250907518,-0.017630149372673234,-0.0005695229669680548,-0.0009734296414863565,-0.0005334468363925601,0.0016221657958888445,0.003370231792198039,-0.000953070465713598,-0.0006114895778693304,0.0005676708460120735,0.00016104056501003007,9.976282690721086e-05,7.880178205136852e-05,0.0024458512218175385,-0.0002796408980247884,0.016617654928978855,0.0008507439034097074,0.002090587579827551,0.0022544261946549943,0.002947914375667592,-0.011258159847151065,0.0011945241353562154,0.0010662212346454088,0.0019181531586806835,0.0,0.0,0.0,0.0,0.0,0.0,0.0,0.0,0.0,0.0,0.0
2022-11-02,-1.9889852928083673e-05,0.0028142483699264533,-0.001291907618209478,0.0002779335805353834,-0.0025446618147552287,-0.0012147783714125992,-0.0003532140107428675,0.0004888716111249778,0.0007262707443881563,-0.0012637188969679175,-0.0005973542085505167,0.006834606724701432,0.0002921989379241999,0.005815669279445189,-0.0010088189414969684,0.005208096837025214,0.0006957045619831014,0.0053466877715275815,0.0008097724084838059,0.052404987486514884,0.0004175751924449261,0.018406991742289575,-0.0016134205399966533,-0.0010079718020872355,-0.0004720570833113533,-0.0015782537225644258,0.0005926664287912848,-3.174576334386649e-07,-1.7657003345494072e-05,-0.00041373341020971375,-0.002033205827908556,-0.005705851832833807,0.001776774813167876,-0.006127881415833291,0.004139423459076585,0.0014180358208721715,0.000673173130575613,-0.0009850612919731795,0.001613088989279673,-0.00044138868182774733,3.773768543710392e-05,0.0013944704748194705,0.0016035316171479955,7.68940750755113e-05,-9.974267492917422e-05,-0.00023517679289885454,-0.0003031082529959036,-3.2196467709805965e-05,5.717224074277717e-05,0.0007789057428613536,2.775021386878557e-05,-0.0012542826158174541,-0.00028642392566817975,0.0001438664982017546,-0.0002519005669680801,-0.0005174954909524487,-0.002958327935474354,-9.90643220662826e-05,-0.0025256263527240383,0.005705733305117896,0.0022594566100801756,0.001294146209453873,0.005014247338315792,-0.001805681854375802,-0.0020847499927360838,-0.000837985537856288,1.5196928397053033e-05,-0.0007759703544931864,-0.0018098424277503517,-0.0027211174490626047,-0.005735088826064355,-0.018346397742298546,-0.003974722723035173,0.0017933122186874473,-0.002902056858406455,-0.007487676819882132,-0.01779570655758232,-3.1294206784811637e-06,0.001353926897516946,-0.0004952039694168772,0.0007324186064951358,0.0034448426117631614,-0.0032921375577410544,-0.0006017418613870045,0.0006373559779846623,-0.00015235475739193378,3.3877484868192235e-05,-0.0005692406996156934,0.0017314938156963726,-0.0002266911980714377,0.015078955730860674,0.0005546749931623578,0.0025204282208519907,0.003922885996297523,0.0008500451089220422,-0.011744328976087761,0.0011400544773154837,0.0004988892377376708,0.000607801464686939,0.0,0.0,0.0,0.0,0.0,0.0,0.0,0.0,0.0,0.0,0.0
2022-11-09,-7.754247624396967e-05,0.003599971164991859,0.0008077975249409945,0.00022906393689683407,-0.002080330232732115,-0.0026768264937038332,-0.00010431884541629827,0.0010572512228667326,0.0010587868081965834,-0.001665388757720067,-0.0001418414264270136,0.007657440794782169,-0.0034150702988547344,0.006073177685791358,-0.0013851470256075874,0.003730812328618467,-3.933169651148533e-05,0.005727847052892203,0.0010565281416784747,0.05494785692565981,0.000641607632165744,0.02078071450924206,-0.0013056551903045906,-0.0005298061453183093,0.0001752230655951547,-0.0014409585518979267,-0.0002977094384132308,0.00019519835710260126,-4.856124648524245e-05,-0.0009325062563312132,-0.002096134260875568,-0.005760284828035161,0.0017700584904126382,-0.006729168953031301,0.0037815760322868533,-0.004185255189649282,0.000566879263046991,-0.0005251840163954145,0.0016940675386574115,-0.00034760045503922016,-0.00018261504725310278,0.0012679200080022216,0.0008382063949756649,9.344659011693027e-05,-0.0001152395431025862,-8.651868128395048e-05,-0.00021828821009349533,-0.00017636199588998621,0.0001356900813122143,0.0006554449160910666,-0.00033761981165768073,-0.0015147412923970554,4.832103816132641e-05,0.0001693939361883264,-8.586350635716848e-05,-0.00037137263562349554,-0.002742021063800179,1.8092565579728005e-05,-0.002754618772104508,0.005669629466836956,0.002006732265585468,0.001242967508599811,0.005014924980492333,-0.00113424403355528,0.0018221900286568306,-0.0013836310085763746,0.00017378869263237926,-0.00021195863553650682,-0.001952127168320864,-0.0026518323552207055,-0.003327597494784471,-0.017652637168300667,-0.0040560031344597965,0.0021144933425991125,-0.0023145648952632076,-0.006846235042271163,-0.017295066413531412,-0.00052818620177978,-0.0017903135006485129,-0.0006663882119502901,0.0007904409053818824,0.0033160294543144193,-0.0029387946441423495,-0.000652494568867415,0.00015730405799604727,-0.00015705942971846925,7.948606994246225e-05,-0.0005728125545464431,0.001334504293975639,7.08800554211114e-06,0.013965370969887007,0.0007006320005312565,0.002808230496132264,0.0038842731325253667,0.0010407725281490914,-0.009235569596744781,0.0006697669787158196,0.0002802770755491043,0.0004838919230767739,0.0,0.0,0.0,0.0,0.0,0.0,0.0,0.0,0.0,0.0,0.0
2022-11-16,-2.215268021460076e-06,0.004088081470309502,0.0010012726450922462,0.0005351219967566665,-0.0018011604396113968,-0.0013716914595173553,0.0006065456722522152,0.0006053789833136505,-0.000916722533039205,-0.0009493362589768947,-0.002547893683049444,0.008333109908255913,-2.0085781895846173e-05,0.0054414978155052935,-0.0007944580954498296,0.004297254522758145,0.00020565518081500306,0.005561770252257421,0.0008315913800623061,0.04935565809107734,0.00039167779624852496,0.02134898036328528,-0.001614463314787338,9.274793242130713e-05,1.8276070297290635e-05,-0.0002920799410896156,7.545408629231963e-05,-0.0005546335065284134,9.440309042132867e-05,-0.0005069999163970878,-0.0024297677479900347,-0.005467605308553181,0.0018704840688226311,-0.006667034387915546,0.003178692091074406,-0.005040439781580355,0.001401899021184357,-0.0005848059888139165,0.002116262838988584,-0.0004038173415412918,0.00011806685188278583,0.0015052946660178716,0.0009033806599760431,-0.0003340795950256647,-0.00010393507112225583,0.00014843550846428645,-0.0001747693462351887,-0.0001191666777768365,0.00034458148085341015,0.0006833832813203842,-0.0006078775650837724,-0.00121858922851361,-0.00018559403258748043,0.00041962927821639933,0.00024041036945495503,-0.0013074063874487026,-0.0028276389486821007,-0.0005501464647662314,-0.0017724810956686115,0.005585937138863065,0.0020056900257448677,0.0017267985901827311,0.005147222672221776,-0.0015981468219279796,0.00024245356019827539,0.002023996904496039,-0.00038954665176499614,0.00013748292188831796,-0.0014651346272702022,-0.0010581626609376764,-0.005173253936414756,-0.016809715348164812,-0.003960714524513907,0.0013851058440010242,-0.002828369362788489,-0.0066457992406788475,-0.016748954613119853,0.0016125318169137534,0.002773446714269626,-0.00014851452016477145,0.00115593154196203,0.003262190167667921,-0.0029425853185345184,-0.0005115591257972079,-0.0015038706667691666,-0.0010198919992946325,6.857322266804434e-05,0.0004660512959593179,0.0011389896294071837,4.597760583832949e-05,0.012989133293681388,0.0007824797196688947,0.0029835750212095775,0.00416159244186471,0.0008375628546389776,-0.009985130028358767,0.0017291672291057042,-0.00024371951627188526,-0.000443180601772765,0.0,0.0,0.0,0.0,0.0,0.0,0.0,0.0,0.0,0.0,0.0
2022-11-23,0.00022132710891607573,-0.006054584629429946,0.00011912423653172488,-0.002461654125957328,-0.001607586219877273,-0.000498901868970552,0.0028191926036089236,0.000714682669079444,0.0012219929742344393,-0.0019163744409760979,-0.0025920193440946543,-0.005132346079231887,0.000775838613958733,0.004783372402323554,-0.000591786460800822,0.004775239217734141,-0.001259877685247747,0.0058587454791261635,-0.0013214037135841847,0.049960516581570406,-0.0023361050088891826,-0.005080548107356275,-0.0018105841215910249,0.0006283129277968821,0.00020379237670585995,-0.0009731368743146609,0.00019735191062591011,2.021729406663102e-05,0.0006877310090089852,-0.0007898624944727218,-0.001903873691342773,-0.003437235044535339,0.0038592733613348473,-0.004922373378426725,0.0032670502190744405,-0.0013553618249134195,0.00017805296901430095,-0.0005050403463498516,0.0019230073356017003,-0.00044942982977538143,-0.00032451443973471005,0.0015229338908056655,0.000971236742732934,-0.0007391591279932733,-0.0006922008437706651,-0.00026200027002649625,4.741742994938639e-05,-0.0001356911449859395,-0.000697512966494262,0.00115729284430171,-0.0004157913991240259,-0.00044996149640104464,-0.001150799045253889,0.0004018500503095838,-0.00043210958624763965,-0.0007817589805291787,0.00026078140018091724,-0.00012103106828159627,-0.0017730017335842961,0.00526740809308239,0.003617208845463551,0.0015647771367188197,0.005185336285946091,-0.0019391431815891115,-0.0019039593049314026,0.0005156753956492543,-2.5467456141396117e-05,-0.0002639189930164632,-0.0010746039613083967,0.002210013936699492,-0.005347063122723319,-0.014736352781995036,-0.003442436962102582,0.0017897907800525881,-0.0029819547851794507,-0.006155599554000459,-0.017454866547429282,-0.0013394136824891939,0.0020771743903234404,0.0018918553263733435,0.0016285127477018901,0.003793459771724438,0.001097984414171225,-7.930227496885942e-05,0.00040798020358859987,-0.0007495849755616432,0.0005336472055648341,0.00039358505078666264,0.002660365887893227,-0.0002037881875808219,0.019129060914315446,0.00034757789270841507,0.002307011326551744,0.004849843543758881,0.0008533063773421847,-0.01330258189606462,0.0004952492117744772,-0.0002532934950783282,-0.00025055309011668575,0.0,0.0,0.0,0.0,0.0,0.0,0.0,0.0,0.0,0.0,0.0
2022-11-30,0.0009626741422536273,-0.004829723452004837,0.0003908917810746121,0.00012986244323325916,-0.0019855956647993433,0.0004371807163999243,0.0015669594800001162,-0.0011821472085605897,-0.0007112373133595626,-0.0008485383374378441,-0.0021255520861377317,-0.018483791384768775,0.0014788572558046874,-0.000272899053064816,-0.0018139665211126708,0.002202117073731442,-0.0009860822947717193,0.003232061061091502,0.00023038355242515035,0.014530464460760064,-0.000852508259532652,-0.019015505488962543,-0.0017388102518454802,-0.0012565262656182392,0.0004299522277194284,-0.0008560042325996844,-0.0007671719447997948,-0.0012821915880507477,-0.0002701254279310779,-0.0006622387820677495,-0.0028917975437620373,-0.0033752855860477494,0.0032548825374137795,-0.0029865286935268557,0.0036807262636338947,-0.0026322229179896505,-0.000370675707818001,-0.001225971974201031,0.0014208776619128688,-0.000529867670073668,-0.00020020706343237477,0.0010461378287642139,0.0018629546276905512,-0.0009567828959631784,-0.0013943621132086917,-0.0009987291311206585,5.2846556007602056e-05,-0.0003507570228677547,-0.0014610679258352012,-0.0002592934335771532,-0.0004908886441984338,-0.0004926442164998311,-0.001521286305931547,0.000163373431905071,0.00048531881841331074,-0.00014602673528787911,0.00034961058280076813,-0.00013618466499846303,-0.001779847525379448,0.004441593042572059,0.003040491602901097,0.001307524377760841,0.007112668368067292,-0.0017692338163527613,-0.0010175999427864016,-0.0004294562938040499,-0.00018357386454363476,-0.0005830624384919671,-0.0006511889067241695,0.0012754124215130127,-0.0005533687450881618,-0.015465575726477533,-0.0014727620477966066,-0.0028356585405484177,-0.001727203047512584,-0.006371603337274435,-0.011526869633068615,-0.0015276402035488835,0.002681217738649689,0.0010777441434969624,0.0015906518701360806,0.003825040828831987,0.003525604039924365,-1.2279837586837204e-05,0.00019429677080278602,0.0003660352698516566,-0.0006017377491477684,0.0002597380661422892,0.0035862122688376566,-0.00031915532025719,0.02245233876568211,0.0003759533175435823,0.002884468903082195,0.00487135527933931,0.00229359929028607,-0.007143133429225496,-0.0019919215984327793,0.0009881121008324186,-0.008326473851173669,0.0,0.0,0.0,0.0,0.0,0.0,0.0,0.0,0.0,0.0,0.0
2022-12-07,0.0011051516946451987,-0.005136211103963693,0.0004550806269575897,-0.0019071925476204573,-0.0012206666643548442,-0.0013557620236514037,-0.0017974135725273013,-0.002104174094663003,0.0006490792140237776,-0.0033588680455232563,-0.0016268340893940596,-0.015190537044192915,-0.0019177100143130906,0.0029127388159089097,0.008539163907864853,0.002587231188832457,0.0002547596048724796,0.003500931715396649,-0.00038606969461201835,0.011057537433191413,2.0786086379482845e-05,-0.02005472269546175,-0.0013126674935857326,-0.0007737661928011875,0.0008313232302675523,-0.000908211796517773,-0.00021305219041730113,-0.001507345310576343,-0.0008850873042845967,0.000126536889978332,-0.0030153898675989057,-0.0019238966651514277,0.0025541565411977074,-0.0011535172130721124,0.004511856229051053,-0.002509090495847122,-0.0014051725069034525,-0.0017677887345678178,0.0016385478638595503,-0.0005697367916839619,-0.0006247032094230937,0.0005240272102570615,0.0018146031163566452,0.0007310450765581233,-0.0004465646856009988,0.0003524903501073304,0.0009635212448432247,0.0003975881208657703,0.0003409936795183162,-0.0005353278938281634,0.00018779800120735955,-0.0003424880951702779,-0.001001874138308343,0.0005985318599903053,0.0015952286395201363,0.005700750378244398,0.0028761355365619114,0.002365960561982964,-0.0030070879844580436,0.003649415682531193,0.002378943144430381,0.0005710664306283995,0.00756599557602514,-0.0009396225187132682,0.0011823589816742262,-0.00031564762816794963,2.0977829454713944e-05,-0.0010803539670061182,-0.0012437974197951345,0.0025705963586160176,0.0010085196463564493,-0.01034658433898318,-0.0026478972090899252,-0.002798159180013332,-0.0026825003702842533,-0.006213815347108309,-0.014921756892413091,-0.001458980151233718,-0.0016491047853747934,0.0011910242138487813,0.0008174524162714268,0.005545365689388802,0.005164340662012912,0.0004020485807943344,0.0017158432653927075,7.386031249304822e-06,-0.00043123554348950083,0.0004319176830021355,0.0035299317304967725,-0.00049180135108511,0.024165343354100297,0.0003567933895266791,-0.0025437178804461223,-0.0041828888154507625,0.0016406088683057311,-0.007138209661650801,-0.001307556765969098,-1.1948112479976516e-05,-0.008078977977921387,0.0,0.0,0.0,0.0,0.0,0.0,0.0,0.0,0.0,0.0,0.0
2022-12-14,-0.0003676029963980948,0.003383307087178483,-0.0010216328097462756,-0.0026216379604392993,-0.002329286796641753,-0.0012732143755256565,-0.0020578527128416197,-0.001979041242848877,-0.00032037478809692155,-0.0013091497549960036,-0.004122018616956782,-0.016911264409891075,-2.0109627128785487e-06,0.004572878123370168,-0.0003446421688897865,0.0036594126675960088,0.0003172559232946063,0.0034777733617871866,6.418809238756878e-05,0.033281753886671546,0.0010253927890299984,-0.015267365348940732,-0.0016048632429983669,-0.00030667583546417404,0.0003724095607299107,-0.0005975141799361069,0.00035019248975592883,0.00010406186495858672,0.0004388648835880029,0.0005307525434654626,-0.002594387085256329,-0.0013566121040026699,0.003283448244381407,-0.0010000973959113687,0.002992719570320144,-0.0022639743842090606,-0.0006290355079148611,-0.0011341368190095431,-0.002439317617220172,-0.0003034012477245721,-0.0007280701014978544,0.000521603836196831,0.0008541856472703196,0.0006336005436682552,0.00013100204147350108,0.0003038182907566519,0.0002774837316897624,0.0004299196763519634,0.0003470346987834966,0.00045830707665606824,2.562654950607342e-05,2.964579163083351e-05,-0.0020263548135171544,0.0006993353405721444,0.0024833799407692073,0.004706159031814115,0.0036922200603602064,0.01092107748417363,-0.0007623454053368129,0.0033235583485827836,0.002307057724924299,0.0009765820416733908,0.0062883002286673656,-0.0010033297828934437,0.0006697402489584401,0.0016372074955475842,0.0008847824881136143,0.00024889758302579814,-0.0011390377369920124,0.0008344456425211776,0.0011999289890176018,-0.013140774259639188,-0.0019467883021563374,-0.0026611045863930947,-0.0025793469120714224,-0.006355056189459296,-0.016136832755750206,0.002254858819206311,0.0023762828578191607,0.0014421771067828508,-0.00039893532127591055,0.005915764907137687,0.0027443239372690375,-0.0002148601150402183,0.003359871440781836,0.00020447254050185332,-0.0004532097256337112,0.00030462992159282663,0.00245218124078176,-0.0001276527529613966,0.01569944855112109,9.489474987660722e-05,-0.002469062005416219,-0.004162433945902555,0.0003504681711093672,-0.012023482429627697,0.001662443889767363,0.0008665107043644273,-0.008419014768044526,0.0,0.0,0.0,0.0,0.0,0.0,0.0,0.0,0.0,0.0,0.0
2022-12-21,-6.977692629121739e-05,0.0035415061092307037,-0.0006548621363672833,-0.0024364954245148043,-0.0020578676780222873,0.0018989335992518777,0.00067987642456912,-0.0022513376067400796,-0.0007373297095785488,-0.0018497952964061678,0.002018842313255002,-0.01712518179677455,0.0010777756206388801,0.004486013471226283,-0.0012263108132303836,0.0021659180732576137,-0.0004360951639933099,0.0037873496061931904,0.00041974109217067675,0.03512738238818291,0.0008442051307015893,-0.01952403017553291,-0.0011978949886406274,0.00036195426495646004,0.0001329729867301359,-0.0007989552257514677,0.0002065623786639687,0.0003672630393047477,0.0003147005191456438,0.00031788921573157347,-0.0024664487871487095,-0.001410592097065306,0.00421149080895649,-0.0034016985207837667,0.003778351792171256,-0.0024292208460785117,-6.055683363857209e-06,-0.0009518972135514542,0.0012554588405140734,-0.00031834222145565313,-0.0005144605553904068,0.0008063906219502656,0.0007869524766852204,0.0009526486127693792,-0.0003932574888768204,-0.00044830271599511604,0.0007919029192536249,7.724484210444005e-05,0.00027226345985481256,0.00031076675389255046,8.674990300730285e-05,-0.00039018293753734625,-0.0011027976587070988,0.0006245509249640437,0.0015557383703714948,0.0060228458983428166,0.0014743630503050629,0.008957161708688736,-0.0013406888709003974,0.0037100241663082303,0.0024090220484331423,0.0007645255189569071,0.0051110543485981975,-0.0009372873990593476,0.00045568921695280534,-0.0002062819486133984,0.0004046523219147983,-0.0005369812162393149,-0.0017117174753969921,-0.0005854979328703332,0.0012433524453589657,-0.016918064418912887,-0.00485540043797425,-0.002875887158949406,-0.0024199257667189195,-0.006661278201345667,-0.01653599052750715,-0.0015485012182209425,0.002703733786401346,-2.8392490673676683e-06,0.0011619882924669522,0.004346607553986613,0.0014399209917759323,0.00016150294721658772,0.0013296922675442877,-0.0007229524543820945,-0.002974576558408422,-0.00018306407738120318,0.0024905594024815032,-8.592962103448184e-05,0.023706050017416713,0.00022725511148682785,-0.001944328865244525,-0.004786812603869665,0.0008958707081808172,-0.007224004744969175,0.0024029877467292445,0.0014976582293009522,0.003234068957375805,0.0,0.0,0.0,0.0,0.0,0.0,0.0,0.0,0.0,0.0,0.0
2022-12-28,-0.0001644169341914032,0.0030663693972280202,0.00011319584572352768,-0.002652531529601161,-0.0011896106096435262,0.001942505427693753,-0.0012471744661790027,0.001381921804770922,0.0013652472390109996,-0.002331770630352261,0.0017621522757460294,-0.01880255778485454,-0.00019636172823708797,0.006194928756293592,-0.0004698126888110381,0.002561149837289712,0.00028843606359744625,0.005597331353997712,0.0007565813073450627,0.036534027392676666,0.0005557950513971717,-0.015166339125898775,-0.0008658891037468684,0.00016656397061131213,-7.429375388227989e-05,0.0002478611223733005,0.00025759210365539846,0.00019805299807351562,0.0005009253677788235,0.00042457251913738565,-0.002642198405704519,-0.0008218191000788265,0.004076565464484556,-0.004260264466509025,0.004502645586505074,-0.002475868615264993,0.0005341405839508382,-0.0008193520184500839,0.0018914782238837336,-0.00020035107377050179,-0.0006793995820868519,0.0006451299331089813,0.0011842431775770184,0.0005373767992212562,-0.0002005885878752296,0.0010274381125196222,0.00018928192766907295,-8.252638408661814e-05,0.0003340393164749554,0.0008657823002457864,-0.0004564303256225992,-0.00026394726413727705,-0.0009700823211185542,0.0006784635179470388,0.0021418858203402715,0.0055966326811072425,0.003081959933246842,0.009149511080678597,-0.00045486730614291903,0.003872502566734994,0.002469810374552294,0.0007142725229844942,0.003229448308772655,-0.0009298876251974474,0.0009550026861584931,7.673044237636856e-05,-0.0001406188068801464,0.00011954442484891761,-0.0009451997948918108,-0.0010235349402248357,0.001809841405770552,-0.015327203935561699,-0.0035042147727135566,-0.002548156433228388,-0.002829157357199097,-0.006372452403728563,-0.017838745588364593,0.0024515065626463483,0.0006378717006181259,0.0002539655031080537,0.0014905074140940274,0.005629399489567558,0.0011784445325801667,-0.00016167128245382363,0.001361359302344119,-0.0007850441422181561,-0.0031177330518723785,-0.0003220501325517655,0.0025769396012649674,5.8143222095868005e-05,0.020539830283407817,0.0010680967187979065,-0.002224506162533417,-0.00473095091069997,0.0022086724079602113,-0.012291795597930925,0.0014984968242268428,0.0008472644831601703,0.003690940555067768,0.0,0.0,0.0,0.0,0.0,0.0,0.0,0.0,0.0,0.0,0.0
2023-01-04,0.0006951856156596597,-0.0069302509569582615,0.00011131223342484104,-0.00034468672291443955,-0.0011936939004336203,-0.0017960751575404625,0.0023356185346756876,0.0013467555290289429,0.0003232587070875346,0.0009648237511442188,-0.0021438770146084635,-0.0041870301835468604,5.910558470862486e-05,0.0008868651476155821,-0.0017650604321486063,0.002506155399965544,-0.0003069690515047662,-0.0011119116218363753,-0.0008412404765135267,0.014755574804752378,-0.0012571779645456464,-0.01911614171724463,0.0008215302369728255,-0.0010947968006093435,0.0006543333219269377,-0.0005793729580902692,0.0001441845502658091,-0.00036053004821589386,0.0018060978063874644,0.0002089817277158503,-0.00508637826513255,0.0012943633234549494,0.002927851961671885,-0.005512887221440801,0.001666946462429378,-0.002651419930186107,-0.0034045397519012442,-0.0006922246220038362,0.00020098956160987186,-0.0004603937680949343,-8.045876069740846e-05,0.00033635054655694246,0.002473642109932283,0.0014369920533988131,0.0011994642330830287,-0.000365244909221297,0.0014506727888957478,8.811046090001503e-05,-0.0020925855788343113,-0.0012969256305115746,-0.0003267754905442737,-0.00022887729220084877,-0.0006841720345844659,0.000500231379437134,0.00032144750500776487,0.005914234634889944,-0.0025848699070580854,0.008811776668463263,-0.0005556822838767784,0.00224177460015916,0.0022655159441215787,-6.752366051663487e-05,0.00314000207844275,-0.00048072908472707957,0.0030644696896158863,0.0005269900094018832,0.00016855992563913504,0.0003992573652912167,-0.0026144497652823115,0.002702499673322808,-0.001276045775035004,-0.016548632955519865,-0.0018575766793172668,-0.003251456623403045,0.0011167276980560737,-0.007439095901323649,0.007759250053194665,0.002239421627391204,0.003410719396182947,0.001611489002697413,0.0012137165633520103,0.005558735691254639,0.006090379242054185,-7.445975851082267e-07,0.0017794549995957933,-0.0001659561348750792,-0.001148429096430639,-0.00017323763047591276,0.003024848308491258,-0.000494371486515987,0.015552362990593429,0.00029134870673648257,-0.002408480980119459,-0.004831100937395773,0.0012335513736938108,-0.011355239059060251,-0.0006254830386137973,0.00023665495327351654,0.007022216986342594,0.0,0.0,0.0,0.0,0.0,0.0,0.0,0.0,0.0,0.0,0.0
2023-01-11,0.0008391632903991294,-0.006885506391318298,0.0002764097058245354,-0.00024645794665025417,-0.0005241951456813738,-0.0027726631233754226,-0.003269904089249782,0.0014167982576765346,0.0010251793849697876,0.001480452866985094,-0.000262178555328959,0.007643493106610956,0.00016197998194510894,0.0002729121784369144,-0.0016064418904623821,0.0019729585339198436,-0.00047172611569031746,-0.001017701315444651,3.4080955920018386e-05,-0.009477044565937972,0.0002650556880844181,-0.015565206270944936,0.0011724991882105546,-0.0006195099684123347,0.0011201533120837283,-0.0009893775295018545,-8.27584471969623e-06,-0.000918920657632554,0.00035296622060529393,-1.9760553618156717e-05,-0.004747080483620578,0.0004531525097419314,0.0031338789885600824,-0.003779774830191553,0.002007637012595846,-0.0036520609945136077,-0.003027749159154844,-0.0011113587630281632,0.00029901516087537733,-0.0004464874040407741,-0.00018934770606901044,0.0001616666913212536,0.0018549830100904382,0.0019181670157390905,0.0011568174844240279,-0.0003219055218071138,0.0013146041922416018,0.00036374151003680034,-0.0018694377317029366,-0.001431111258350334,-0.0004933603419176042,0.000296405333918684,-0.0008957279104970277,0.0007060631521760256,0.0005848192023250951,0.0060256621016361155,-0.0014133889484596292,0.007550686235771354,0.0003513618473122261,0.0021814767910833233,0.0020517220111930475,0.001822286309601745,0.0017545615769095592,-0.000702492058777236,0.0014731548328923926,0.0018124306827483991,-0.0006291435621372974,5.7396312698537986e-05,-0.0009025385272150082,0.001269358187559571,-0.001241728847681618,-0.015193863367756865,-0.00356582930690897,-0.003245555708202665,0.002749139830536508,-0.004946105808289355,0.007567442402980354,0.0024274611316574815,0.0036998111447487415,0.0015176617530852454,0.004936275399517102,0.005743290152557051,0.004060651024649529,0.00023494854924833682,0.0013244967495025049,-0.000561660019671802,-0.0012080699624746121,0.00023198766664896505,0.003481363529506651,-0.0006193850963363179,0.01696796406917527,6.59771341444449e-05,-0.0024482320811135615,-0.0032994242496669217,0.0010684996792630417,-0.011837405835831103,-0.0010041209603339563,0.0012532453504781813,0.007282709820129709,0.0,0.0,0.0,0.0,0.0,0.0,0.0,0.0,0.0,0.0,0.0
2023-01-18,0.0006448860830086337,-0.005117973462971666,0.0011471470999856056,-0.001447425451386602,0.0003640861721416258,-0.002602305850221929,0.002893923092665856,-0.001678098531846188,0.0016156795332904674,0.001364746035871278,-0.0035256920085891463,0.00889862925737002,0.0007020616601310925,-0.0005901671450368944,-0.0012555915311077146,0.0015878559907021518,-0.00019434302185527484,-0.000953352907697323,0.00014566869679136726,-0.022908754789413274,-0.0009116083386907331,-0.016233714698147335,0.0005888163522922422,0.0006666713526092003,0.0007631751246130578,-0.0005097925518512568,-0.0004461432325555518,-0.0012268540316631208,-0.0002126982199411575,0.0005479609613264583,-0.004272256462317014,0.0004121498763442604,0.0032786934209840823,-0.0026985730653438914,0.0018268172432111694,-0.0038728985350731104,-0.003602074131278562,-0.0009734482204834417,-0.0033739484550027914,-0.0005006781984244066,3.277435509221024e-05,0.0002080611904073675,0.0012065166752382942,0.002106101953382779,0.0019256289705666973,-0.00022289198662137267,0.0014592690227627602,-0.00010663805247289386,-0.001716376965641996,-0.0013543192116984158,-0.0002939457926406219,0.0002511135640908339,-0.000979327699766529,0.0009587539238750346,-4.773616425192373e-05,0.005738666700384396,-0.001676260671528896,0.008251973265926655,-0.0014256965414451515,0.0023984430369001397,0.0020379561322912856,0.0018293103090762453,0.0020045315064154546,-0.0007770994497622118,-0.00018572198460850326,0.0013687046293705137,-0.0002685240941366904,0.0005818526687512032,-0.0004656673347761264,0.0012939206964441893,-0.0015482914301323501,-0.015082016574879007,-0.003529682392201486,-0.0034203206092063287,0.003312441802367114,-0.005006023225173439,0.007862068205423746,-0.0005534799200790922,0.0031343730373746556,0.0024960238233653533,0.0051804777165467605,0.005777039435450044,0.0036177739136653876,0.00013526422560988316,0.0017369998763422988,-0.0002505927821725493,-0.001221554479572625,0.00023043674518638727,0.0031331007394194864,-5.904359493187014e-05,0.017658026065181794,4.19386536765465e-05,-0.003173447799366015,-0.003183848745583472,0.001239406666227012,-0.015645133717290087,-0.0012425090019297347,0.0011126399582219353,0.0075526050070982755,0.0,0.0,0.0,0.0,0.0,0.0,0.0,0.0,0.0,0.0,0.0
2023-01-25,-0.0005951403363867263,-0.0011888067977182516,-0.0010040257162516727,-0.0005349218361490258,-0.00011659974629597746,-0.002272090627768945,-0.0026570645730208346,-0.0010179765883389098,0.0006196722732676539,0.0013054578406462157,-0.002003471304875334,0.008133551347689182,-0.0034655094150275807,0.0002983685728520647,0.0002360322355560954,0.001160546526564737,0.0009897274704180835,-0.0007782786298130766,-0.00026688091960122047,-0.016700572352979715,-7.912648069989797e-05,-0.015220070422310755,0.00023622837667236935,0.00010722980738623431,-5.735364668440442e-05,-0.0009868866439798384,0.00020169504986165436,-0.00035452436207713303,0.0005833804339471776,0.0006774463119283701,0.0014812910766968824,-0.0022105713494728657,0.002506589646311996,-0.0028284495510418847,0.0019177444850839449,-0.00353028974523841,-0.0020215965091925654,-0.0009978289406763156,-0.01264844450505496,-0.0001949282026010359,-0.00037468275478369555,0.00013679710099496375,0.0016882378822176674,0.0014271799796859161,0.0011059380826692982,-0.0004915642077881577,0.001798467780768836,6.8101385019518415e-06,-0.001779488271608614,-0.0005395577496931193,-0.00015892179916167197,0.00012213753205026314,-0.0006376447955871605,0.0010804415891187283,-0.0005046374738721953,0.006186056749291796,-0.0024391608714847165,0.012575433955630554,-0.00028278099445516063,0.002316845106524106,0.002023152887275714,0.0020339822839727374,0.0015632185667865907,-0.0005160709112599347,0.0016732504951310252,-0.0018448194689541155,9.310867306752706e-05,-0.00027817722261994294,-0.0006294410477695529,0.0011022817196330154,-0.0005963610589258262,-0.013267790605977957,-0.003565745797161297,-0.0029469380104039985,0.00530153147946099,-0.004985670346927467,0.005141987037074427,0.0002761411207449273,0.0015483090418164616,0.0012119812662353048,0.004098661135245626,0.004974090547625771,0.0029899213763363327,-0.00043375794173188627,0.00145751966043517,-0.00039797832339493193,-0.001161805731719875,0.00027272584142038397,0.0024063818994941037,-0.0001982759932262127,0.020176066200855696,-0.0002856418519095175,-0.004213307911967868,-0.0035445450825305077,0.001428039408038644,-0.01345873611905294,-0.00028603481938772727,0.0021655556978401906,0.007064495010989708,0.0,0.0,0.0,0.0,0.0,0.0,0.0,0.0,0.0,0.0,0.0
2023-02-01,8.670773627690527e-05,0.00615040496527235,0.0004738779203104571,-0.0008542744099428928,0.00016112205634605543,-0.0017369273311321572,0.0010086543925813946,0.0014832923069808403,0.000919654194300029,0.0022269927908956095,-0.007351034517264264,0.00936810616240938,-0.0006449020511093752,0.0016306039439218645,0.0007346972115185041,0.0015293824667843934,-0.00016431068665102402,-0.000650704855395467,-7.603914570520744e-05,0.011744029779571872,0.000533309476642325,-0.020352192572909718,0.001218415265208308,0.0009836009474416248,-0.0004441054620200923,-0.001002849174227984,5.893114029118327e-07,-8.801789274456906e-05,-0.0010859810178934011,0.00029686204660381787,0.0005703274379103846,-0.0037452167234861833,0.002901881867605737,-0.005917824562164628,0.0015542155398572033,-0.0010440810686274608,-0.0014306026788773697,-0.0007862900432645106,-0.010880130632797342,-0.0002911357189669869,-5.808682970423955e-05,0.0010233159172982884,0.001507241938018334,0.0007960930301840741,0.00014209658811862092,0.00035645798300377085,0.0006769064411208512,0.0009678885006053785,-0.0026054285371425842,-0.00020151954292031314,-0.0008343179615990886,0.00040887449167006993,-9.784269205125523e-05,0.0003712197770241301,-0.00045684574999589134,0.0030636502764586036,0.0032960440938549925,0.006943675554458347,-0.0008096340556867233,0.002006397979535554,0.002619102398969318,-0.0008105729977649059,0.0020445787138909355,-0.0005577097364703142,-0.0003285198008530814,0.0008349829101056438,0.0005177756615742676,0.0003838444518356231,-0.0026207283975582035,0.0028607992692035182,-0.001834062883015213,-0.009422954424175069,-0.0060151945043712485,-0.0018299654070824366,0.005787460329537224,0.009162701650534217,0.00670524421641709,0.0013990665342421354,0.002274213371879572,0.002022417330545148,0.003781543992816278,0.005023873338070814,0.0023448504149047042,5.6812451152161715e-05,0.0021444464194229555,0.0004942358239607685,-0.0012343039754080284,0.0001355666541950327,-0.00220393231450772,-0.0001982759932262127,0.01742179178969132,-0.0020159140531624195,-0.002568299356621898,-0.003659808153620806,0.0019319553886653223,-0.017586398465991415,0.0020251118820932244,0.0018797983167473315,0.006767400802322482,0.0,0.0,0.0,0.0,0.0,0.0,0.0,0.0,0.0,0.0,0.0
2023-02-08,0.00031851354663282253,-0.0016531407380212344,0.00020743687805367295,-0.0005656054563517759,0.0008977034085675903,-0.0014414632190814258,0.0033064822958158067,0.0011932791567435767,0.0004450532499026414,0.0025801155056968533,-0.0034346939550428265,0.009924481967468354,-0.0003049715574790293,0.0013371290486000201,-0.000668181022196346,0.0017758364052781216,-0.00026403778397028556,-0.0006614717263571924,0.00032651962180309805,0.001145032942997843,0.000508726890365131,-0.014098631740828678,0.0013274143051496107,0.0005633049759610197,-0.0011863882708323251,0.0011762084340836596,-0.0004972834804873074,-0.0008099887788463813,-0.0012769088225847085,1.9196963171757965e-05,0.0007984366300188872,-0.0039576648213488904,0.002903283968287475,-0.004453434946787888,0.0018134709452419105,-0.00087865430155518,-0.002479177531080205,-0.0008488496809847185,-0.009799599966972251,-0.00029047863267568424,-0.00022522674512705893,0.0008751482181826472,0.0013374581009196636,0.0008460170216803725,0.00077933387636274,2.3948541963171517e-05,0.00037970117821093866,0.0009215003575358346,-0.0027008519772777004,-0.00044683113217154093,-0.0008508855048445519,0.0004784869794488449,-0.0006372798827414034,0.0003879557686141751,-0.0004899006859639523,0.003163767848997229,0.0042614288452798065,0.009915761936102909,0.00011157174083712784,0.0023636607480512412,0.0025543399353980946,0.0011877092082950731,0.0022936434623535324,-0.0008821288229805095,0.0010301381574965498,2.2484620820078102e-05,-0.0005092924380155885,0.00024721107600368767,-0.0009067583820860836,0.0031072451326846083,-0.0014573860839480815,-0.007619984109253074,-0.005582619158447605,-0.0021282815089584493,0.0057031884168151185,0.010383302344619023,0.007072048682748078,-0.0003197382014912505,0.0030156781489422834,0.0018627912705865767,0.003366178515155164,0.004877752840572415,0.0026328819159264407,-9.706347450620457e-05,0.0015747979297880113,0.0004931434598876969,-0.0013165048547967083,0.00016014317915193877,0.0002847682626418849,-0.00033530160622305226,0.015909263361251837,-0.0009555901684099188,-0.000977549489202952,-0.003135096321889102,0.002366285300480018,-0.016569277080501422,0.0017362009794412853,0.000478305460862248,0.008156151628801478,0.0,0.0,0.0,0.0,0.0,0.0,0.0,0.0,0.0,0.0,0.0
2023-02-15,0.00046994970273495106,-0.005142804344207907,-0.00035109959725431345,-0.0004152922947010695,0.0012574083866446152,-0.0018866095051332634,-0.0011459093055417471,0.0012779236020974926,0.0010993860124596294,0.0024591466605148483,-0.005830628881618235,0.00871836619269362,0.0005283855258706386,0.0012315390848370818,-0.0016494863352785622,0.0015137861081750434,-0.00037031109701416164,-0.000758289665127136,0.00023699290652769118,-0.005402771600227673,0.0007461344264006062,-0.014581630996657177,0.0016394642430599155,-0.0002768721620410697,6.229838910673057e-05,-0.00027034409806429594,-3.300604349414535e-05,-0.0008001735813961592,-0.0007761219550063464,0.0003436311938529528,0.0002816119648765661,-0.0041295533343385545,0.0030560980547464714,-0.0015508228865024484,0.001989221660970729,-0.0003274872692998181,-0.0026109588577099617,-0.0012214821641404025,-0.009904608341749527,-0.00033177463426522775,-0.0002374104522726365,0.000728619903182425,0.00126094471293561,0.0011519784714996992,0.00048054381453560145,0.0002173392775407328,0.0006043384738848656,0.0008467264220864132,-0.0026569276648439736,-0.00033944093377370527,-0.0006755703816886563,0.00042589051861401,-0.000814526361704744,0.0003868456593660695,-0.00020087534785572262,0.003033851661395663,0.002972850447536714,0.010921094218067296,2.1845702909009493e-05,0.0024517697169735377,0.0025847885362487418,0.001155245416687326,0.0026869055576783625,-0.0008803302891900274,-8.377272023814221e-05,0.0011699744197302782,-0.00024256200307656446,-0.00043750335487081443,-0.00118336189001742,0.0024298934203011912,-0.0014540620988477207,-0.007766673693560418,-0.006394388209071073,-0.002020584195013888,0.005502891722262211,0.010213407369995327,0.007258571207384203,0.0015459921869510232,0.0029818596540368936,0.0020845199433042654,0.0039377892090011616,0.004535166215133295,-0.0004621267754519684,0.0003608022624690173,0.002332435636824255,-0.0008762962480663816,0.004288310456978074,0.00025725936598286405,-0.001357998063329053,-0.00020537935270321375,0.01531523959813027,-0.0007330822118596066,-0.0012277055225098962,-0.0025550366609983517,0.00259312820891781,-0.016214533122618172,0.0016712176824879828,0.0007207142749729662,0.011787637825055122,0.0,0.0,0.0,0.0,0.0,0.0,0.0,0.0,0.0,0.0,0.0
2023-02-22,0.0007243352704144959,-0.004747924896929887,0.0004164765343977005,-0.0008738785776841618,0.000996283722096684,0.0012030561338583305,0.002947844545173791,0.0016852558482855695,0.0011987274853797298,0.0018137983297902883,-0.0015262327121566656,0.009985199511726587,0.000456187981799739,-0.00045382270179979985,-0.0011807555727438195,0.00191506402217641,0.00026900067167728376,-0.002412706875196489,-0.0006715989309292406,-0.022457984697808197,-0.0006009083319769134,-0.013813363872459086,0.0015968104923219026,-0.0010412884870837468,0.0006983065579665316,0.0008307725591307785,-6.62320827727605e-05,-0.00026531482092591704,-0.0006908385799709094,0.00031373786007786767,0.0065533105581254665,-0.0033007734407526296,0.0036029814623324673,-0.004817060463407858,-0.002768771637534021,-0.00018393482955340708,-0.002335616885566882,-0.0011727960033530752,-0.009459891188199893,-0.0006770292454528741,-0.00020557284337905944,0.0007273529146317072,0.00037767742799922074,0.000920124188586933,0.0007040823392352216,0.00020691083597657275,0.00036897722829281243,-0.0005083773001166504,-0.00276664161796348,-0.0003161842011908246,-0.00042498804303849595,0.0005397475200270322,1.654289530760544e-05,0.0012421319119285987,-0.00043557504236113625,0.003189910848047026,0.0008163553129954416,0.011882474373621155,0.000279844261792729,0.0023425547541168993,0.002705677003964331,0.0008440577198772362,0.001231588426747129,-0.00033269251498663715,0.002088036348859998,-0.000874457258100872,0.0003373666680960678,4.295661847541913e-06,-0.0013598566293094617,0.0034418899094392384,-0.0018340194438460288,-0.010369238929620236,-0.00693620596367324,-0.0019082270080391238,0.0059405343644357836,0.010866358956526842,0.008418448766591057,0.00035135606523048225,0.0031885675090780876,0.00158925864123195,0.004462742186532122,0.004967896680052826,0.0007706006600965054,0.00026056343975239303,0.00231537058116827,0.0005076588286346016,0.0057775470359036196,0.00022839866876941018,-0.0002134183447255913,-0.00019940330036638854,0.014231065896423286,-0.0003804419058823905,-0.0012770010086562676,-0.0024665948560192667,0.0025199001594225796,-0.010963073953568337,0.0018158502936081386,0.0012338932920135373,0.007860444916807015,0.0,0.0,0.0,0.0,0.0,0.0,0.0,0.0,0.0,0.0,0.0
2023-03-01,0.0006182798699126584,-0.0036250948395499583,0.0005146669263063532,-0.0007316429370238842,0.0006109135382914481,-0.0008710374254958794,0.0011876353404461095,-0.0007092065253980646,0.0007556078066031823,0.0027641411910478936,-0.005687247269585292,-0.020061935784576473,-0.002686785815584937,-0.0043825086447935235,-0.0017040372021710384,-0.0024140357926092067,0.00014708854137386596,-0.0050366909469758015,-2.9979683359442186e-05,-0.04781906321759058,-0.00086929734883914,-0.01393882325907796,0.00014437646834585818,-0.0003267221705009621,0.0006521085142942044,-0.0001524586259906172,-0.00030744061772996107,-0.0002534766832727209,-0.0003583472346270387,0.0004044579464412183,0.004836820503954518,-0.0022805931791808156,0.004197288098120412,-0.00229388095427211,-0.0029367807437414473,0.004402150753648915,-0.0014735434019620289,-0.0009430490490471687,-0.006188286594710887,-0.0006046608488244333,0.00012952066562939892,0.001419731859584384,0.0026003231536226284,0.0003604059348056788,0.0014760927006275094,0.0001665140870166481,-0.001681336229259119,0.00033016389461652557,0.0025125551472394646,-0.0013069226869889177,-0.0005048468203338218,-0.00017150744100870665,0.0005072937468730454,0.0013501595401825789,0.0027336261127831113,0.003492757811408462,-0.0012793816844564663,0.018034750269241014,0.0009542568102839693,0.004082889622570414,0.001752993971509477,0.0031536811300628474,0.0029100039614293593,0.0003756105135739401,0.00039114257998458827,0.00134934324043919,0.00025663647523363947,0.0012074130278095989,-0.0006895384437278336,0.004939678771768755,-0.0011719396170735772,-0.006318993146864045,-0.0036416907575703276,-0.00046748563871436467,0.0009980974849158686,0.00855173871180727,0.009576207486257681,0.0012751957806808431,0.0024669617190971587,0.0032865789938949018,0.0031297877892842484,0.005311178179141786,0.0029003700989150842,-0.0003572488241440491,2.1297647971142813e-05,0.0009959453002104084,0.005898060197993231,0.00014528627342793766,0.0004255842857633645,0.00045202269063663263,0.021174302081778375,0.00040163605373180983,0.0030022737322460942,0.0032422224963279673,0.0011212215273877155,-0.009518799237671967,0.0020211974696488465,0.0010762958519316922,0.009836284221148753,0.0,0.0,0.0,0.0,0.0,0.0,0.0,0.0,0.0,0.0,0.0
2023-03-08,0.000762972783698636,-0.004278551818424629,0.0003034734971907167,-0.0009380385173068974,0.0004874975267440339,-0.0013883209156162835,-0.002435166339417135,-0.00017069676539946114,0.0003580580539234099,0.0027399551138549867,-0.004796234992390715,-0.020171546084120234,-7.973195161829186e-05,-0.005403906131328881,-0.00026453056222427377,-0.003647695193474026,-6.027384354452381e-05,-0.004835378166312975,-0.00031598828563331226,-0.04765914339821456,-0.0012203642760933902,-0.014350145914158795,0.0002925543288601978,1.969501165693626e-06,0.0008483349332039402,-0.0002956435034442612,-0.00010729784567688883,-0.000624667868511113,-0.00018872541115304102,0.0002662288005753763,0.004658179312542316,-0.0019879751623823076,0.0036997147563866085,-0.002550241406013364,-0.0024941944124706153,0.0062376867326452085,-0.0016374631100660197,-0.0013102885830681011,-0.006835238190583339,-0.000604713355437208,0.00013812137323865537,0.001238622453867844,0.0028120359882815946,0.0006380122869909551,0.0008705760523817337,0.0001712403290661912,-0.0018857827024999258,0.00016055623908908955,0.0023946472408320524,-0.0014228950583597309,-0.0005500828963091954,-0.0001290179664494394,0.00026284925639152016,0.0013240055312736382,0.002938221800911907,0.0038986289667164585,-0.0007935295447601717,0.019213085046900745,0.001567025693958265,0.004068679944790929,0.0017828867963307715,0.0031669216538815115,0.0029338100919981507,0.00043380281437752115,-8.08843587611798e-05,0.001045104102784771,-0.0011298838922541767,0.001255464052345657,-0.0004785560278516796,0.005172579189091391,-0.001069488842245205,-0.006636221589875069,-0.003785432551762298,-0.0006081961703471667,0.0013411103207014749,0.008327822196944201,0.009643159382963251,0.0014178273907524473,0.0028872973616307727,0.0030686129328282236,0.00354862582728477,0.0054877632102677005,0.0033536252468063803,8.510074420627318e-05,0.0009026749223931138,0.00110237182271487,0.008126264362187878,-0.0008913798778319706,8.808553074902823e-05,0.0005144718334389958,0.01819763653166732,0.0002190289427617868,0.0026247992145558043,0.0030241339206557366,0.000976978501473207,-0.009334355033459203,0.0021375980449967686,0.0009148901920861953,0.009556690891413224,0.0,0.0,0.0,0.0,0.0,0.0,0.0,0.0,0.0,0.0,0.0
2023-03-15,0.0003636207552099781,-0.006054787137533771,-0.0006682187303996068,-0.0013237352120626363,0.00038485642823956896,-0.006283531362077691,-0.0010590424162538116,-0.0011288227115704836,0.00043447533236122776,0.0026655819693457527,-0.004184683605511139,-0.020980229197079203,-0.0006291363089639189,-0.004207081120602269,-0.0003804374977115056,-0.004111175757185902,0.0002929835246510799,-0.004681019553559292,0.00016959356074174161,-0.04696030205585364,0.0006509235263368193,-0.014203989148447088,-1.3398336124785963e-05,-0.0002871474270164006,0.00037698741876762546,-0.0003574882523110775,0.0006286920079513719,0.0003907424483387259,0.0008178903161764112,0.0005686378316785932,0.004882670843496129,-0.001135973619425161,0.004281020931793379,-0.0012223264799674969,-0.0023697352852222577,0.006623274334411368,-0.0025495809460754815,-0.0012667460068478895,-0.007161136546031822,-0.0006959859477516225,-5.104390138340803e-05,0.0016308811151580426,0.00295338736697567,0.000659109491183562,0.0009363857394653606,-0.00016937480005982478,-0.0016679935877114338,4.8374039701592194e-05,0.002191166109873761,-0.0015214699099109115,-0.0006024721398224669,0.00012730937158857863,0.00018059906177814912,0.0012473255519760975,0.0029894290654835162,0.003921238287247903,-0.0006400693248223889,0.019095727653068273,0.002186026891772073,0.004067679565978261,0.0016888449162227297,0.0031755471781520403,0.002905401951797703,0.00037608768361951553,0.0009248816107714815,0.002205353177300001,-0.0008721592128891342,0.000646025385291312,-0.0008732199351133352,0.005092367920586659,-0.0009169190990320693,-0.006948046948670218,-0.003906262697872181,-0.00038463299037528963,0.0024958259478052016,0.009965724426329158,0.009590106034981456,-0.001238353363948263,0.002701596118842097,0.003854334759923459,0.0037504511298658153,0.0059829709539418316,0.0023098203009700616,0.0004233172587189996,0.0011442474086447128,0.001105666855485015,0.006382289495275837,0.0003029014172250653,0.00028301680403907526,0.0002779330784807538,0.018982507967941462,0.0004358185045069227,0.0026494950052921053,0.0031758386906752187,0.0011946887926393983,-0.00879560514993813,0.0020830906079697723,0.0009527276305260554,0.009338958434052922,0.0,0.0,0.0,0.0,0.0,0.0,0.0,0.0,0.0,0.0,0.0
2023-03-22,0.00045152849090785395,-0.0031153796143054448,0.0004547458671346042,-0.0012612405172164188,0.00046052136498698576,-0.006282816179376124,0.0012344617194648068,-0.0013772355965446347,0.001044922962847013,0.0027828071039970787,-0.007422821234071416,-0.02045864800846812,-0.000327200196313299,-0.0041422174555776296,-0.0008071723747779268,-0.004651345473926201,0.00010903423208204716,-0.0044735959776505355,0.0001551436599402176,-0.047814389287876215,0.0006568082612553616,-0.012498103431907218,9.216853354449475e-05,-0.0006710213036934451,0.0007870033000180039,-0.00012383098836735761,-0.00039508701519373285,-0.00032846940229015476,-0.00029871931195305033,-0.0001272574404852625,0.005442518731976078,-0.002274247300598897,0.00124808064894449,-0.0010683583188904168,-0.002672254089292744,0.006652838426236368,-0.0016345978816050422,-0.001154985764259834,-0.008037113489698147,-0.0007117361261986069,-6.074302611797586e-05,0.0008458230700485874,0.0028485130304497235,0.0007907338235181504,0.0014232045883579166,-6.373159485350673e-05,-0.001250484583745124,0.0007951076307552549,0.0022111771375684583,-0.0015502639102408745,-0.0008094126781380375,-3.721660694157243e-05,8.325567075793657e-06,0.0013349410279154391,0.003903150002427598,0.0037847862451285677,0.004140600782865346,0.016914999581393607,0.0013879868163684211,0.004523331969452732,0.000867187118751599,0.0015022854955990407,0.0029301003364722174,0.00027911353016378705,-0.00023878161209249255,0.002875136993320351,-0.000592380818180489,0.0015681426197053827,-0.0013509201228886448,0.005388856574936989,-0.0008089640312846487,-0.007347382999279572,-0.004063283668625968,-0.00036754793651426373,0.0012870501338539083,0.008390648875847551,0.009436605461211785,-0.00038981217386461375,0.002597252718395341,0.004361762780492151,0.004530761336197821,0.005691467619484254,0.0017928121159611582,0.00012582249882679464,7.779999209516022e-05,0.001387223903762932,0.0005227425478106133,0.0003607748727689289,-0.0011110012057853785,0.0003679422744873415,0.017746645159302694,9.967918146764194e-05,0.0023369051220449117,0.003200666439638239,0.0012016317567147719,-0.008920923623314902,0.001764635462981063,0.0003799383941697151,0.008047668296158966,0.0,0.0,0.0,0.0,0.0,0.0,0.0,0.0,0.0,0.0,0.0
2023-03-29,-0.0008214408011278289,0.0027478663614130937,0.000908060452085095,-0.0013114817401648972,-1.4253000190689148e-05,-0.0013474737335945253,-0.002865879224436013,0.0017272321899637177,0.0009118628272642254,0.003827821313380545,-0.004688508467762024,-0.01949578121848261,-0.001667617963250873,-0.001333033884583147,0.0004220059400097337,-5.295405825903837e-05,0.0005256246913547978,-0.004905674064846488,0.000364845293758387,-0.05100254800974173,0.0003654541589922047,-0.012730939376221816,0.00021436134822957583,-0.0004287314148130222,0.0008426951551179067,-0.0002446318905806543,-0.0005482290872285099,0.00045301318405342094,-0.0008272705474282727,-0.0005259101946875875,0.004758571302928095,-0.0029275699243040015,0.0008192718073385332,-0.0005687780353241334,-0.0030861761325455313,0.0020950109666042272,-0.0010382720411919169,-0.0015701767366737426,-0.008494712455219456,-0.0005518614780408468,1.2424508553452645e-05,0.0008223548198954237,0.003296566540713848,0.0006977646392582346,0.0013193690783005305,-1.3028918114908504e-05,-0.0014240140451898136,0.0003826407403094986,0.0020740617769975976,-0.001830403623283318,-0.0005784308370596996,-9.000526701924374e-05,0.0001657568710923285,0.0014121464928991412,0.003369117651139284,0.003947894476421313,0.0034024848582000235,0.018636559421051604,0.001403553723934485,0.004515143826094277,0.0008410504791722458,0.001552265521370841,0.0029092357391736884,0.0004614450776038344,-0.0013686973889420018,0.00034541201637013644,-0.0017611899417785848,0.0017607642074886712,-0.0007602480625385572,0.004833357617006244,-0.0006945978165195797,-0.0016235420673146493,-0.0038834470311307273,0.0016771559861873163,0.002854484434364356,0.0071024145595766615,0.009637989234287598,0.0015540068699840786,0.00246111222117569,0.003688310106734543,0.0037706222900402487,0.006126299144710257,0.0013723503145755013,-0.0005093720150901327,0.00015408327426675718,-0.00013648795121286482,0.0005626705256707229,-0.0007988155129471313,-0.0009392888058655511,0.0006236928856184728,0.017454985980825632,0.0002298552188630153,0.0020306164906241024,0.0030561779617339743,0.0013428992717173128,-0.011288187547364112,0.0007789817887105541,0.0008934215284604977,0.008025689547481013,0.0,0.0,0.0,0.0,0.0,0.0,0.0,0.0,0.0,0.0,0.0
2023-04-05,-0.0004999453674924166,0.0057170334248689576,-0.00040678838846138247,-0.000773514640578739,0.0008116241483316595,-0.002092764037624961,0.0003925854085870443,0.0016853066325196505,0.0005276527906108654,0.005233059934918639,-0.001730929482205187,-0.018566531818807977,-0.002177676298680909,-0.00016868020224381126,-0.00025569213919181656,-0.003975105561793112,-0.0012897379780804866,-0.007065526588340449,0.0003754634338720738,-0.025873753374175093,-0.0006581463970163862,-0.009176939957517224,0.001387673141331947,0.0006660005514005951,-2.2812500925362955e-05,-0.0009248664271156218,-0.00046411552826598496,-0.00032478986479919484,-0.0008741093375737321,-0.0006115420134517433,0.004871986365626361,-0.00164610818985903,0.0031316166829509317,-0.0010830154372587554,-0.0028049946229105433,-0.0009322546423878711,-0.0025278192718485156,-0.0004168349338600065,-0.0065631014073366314,-0.0005270334243883994,-9.28310793666327e-05,0.0002678587616695131,0.0013292843691897762,-0.00017162498929316176,0.0009159138306047779,-0.00014165656122694292,-0.0006508885626731561,0.00025589073534945813,-0.002019100712561228,-0.003100805256237739,-0.0007298000921877086,0.0002297511810087594,0.0006068343400336016,0.0012463001193863453,0.0029887053486213197,0.003926080691277384,0.003194056039962979,0.01495517886409119,0.0011207814768674617,0.003902808904573978,0.0008300481291059397,0.0015625464535790874,0.005552259419978641,0.00041278146944652704,0.0003668299676995247,-0.0012372454219083645,0.0001579258378203425,0.000440878304815289,-0.00045540765101570273,0.005583697275562992,-0.0009537377398989364,-0.002391564924150895,-0.0066608917714780025,0.00041317803818131455,0.00010334327962623638,0.008098801697000856,0.008145787143823966,0.00034154351719192604,0.002838922889449795,0.004664208235294093,0.0036493473647675736,0.004135442893569308,0.001802561699107438,-0.00013764276047639946,0.0037441080096289325,-9.045816687164307e-05,0.0005139877913489545,-0.0008715443991739356,-0.001382568064613083,0.0007238158548505661,0.016779476657960455,-0.0004918048321166666,0.0025177295350260055,0.0036344990094040156,0.0005858995260739131,-0.009841550632031985,0.0012497234756212304,-8.43491512792573e-05,0.005189299108194529,0.0,0.0,0.0,0.0,0.0,0.0,0.0,0.0,0.0,0.0,0.0
2023-04-12,-6.84884742389909e-05,0.0022249299398644936,0.0002294101406084314,-0.00046427133027734805,0.0003491333450827665,-0.0007908973409150538,0.0012012399644288746,0.0018415891602931453,0.0005840350313636376,0.004855932739673903,-0.0010400555124901742,-0.02010706122951357,-0.005463014327580168,-0.00033620236074701,-0.0009564546561304631,-0.005663274061910464,-0.0008122764882713283,-0.006799670092365688,0.0001619486573096174,-0.028411068084405213,0.0002045008464135832,-0.009445896079866218,0.0010399097322374325,0.000962422073806686,0.0004686004804058696,-0.0006473930254183655,-0.00016588916770935585,-0.0003651785596929444,-0.0038618322764479704,-0.0009494831284850634,0.00524147913748898,-0.0018964446075695341,0.002715028815216453,-0.002430410408329095,-0.003055649848947694,-0.0007595308335993752,-0.002332152688886976,-0.000624609968077649,-0.006678049076303389,-0.00048215668221939065,-0.00012472970475874048,0.00033691272828175015,0.002339196207681431,5.3177313514698444e-05,0.0004967549359645749,3.342007130751868e-05,-0.00024031287370398154,-0.0001769544489729192,-0.00209170275476269,-0.0030422525036083578,-0.0007090662117267332,0.00022807804710158096,0.0004798761418292183,0.0013388567316230488,0.0027240371101927684,0.003509363320951921,0.005771340050107009,0.015068035789070911,0.0015402969492898848,0.0037722659378569006,0.0003839561466141725,0.0030941839399447205,0.0016633603544188502,0.0031131628334125894,-0.0003085258538118138,0.0004191037981848536,0.00021077858881330742,-5.4150640518617056e-05,0.00020145301771066246,0.00725275431158939,-0.0013403337100557854,-0.0011318631178710314,-0.006565156345921548,0.0008907252004775552,0.0001303503050063892,0.008026971972464233,0.008544206687542785,0.0004396728041706404,0.0030086710736445398,0.003658172072279204,0.0044936349354465,0.005291472608411373,0.00044865848755003615,0.00014464944780563145,0.0019387405594821698,-9.038225958790757e-05,0.0005686824650651391,0.0003807791825470896,-0.0015584955399120535,0.0005993873015356152,0.01844106101183676,-0.0005001777004387865,0.002389875301256,0.0033930756585054548,0.00048282966894357934,-0.011624291424971898,0.0008491113516903021,3.6164487619586495e-05,0.006576866870255166,0.0,0.0,0.0,0.0,0.0,0.0,0.0,0.0,0.0,0.0,0.0
2023-04-19,0.00029360028437326027,-0.00556493454674079,-0.0006868025680103753,-0.0004257336180883686,1.8754885051180825e-06,-0.0006412383547313976,0.0008265992583655122,0.0016937763828611357,0.0004898315682433926,0.00487030236173616,-0.00030499879461468266,-0.019702952420580445,-0.0057510848129938095,-0.003936308821928274,-0.0012107354518820126,-0.005424480982490844,-0.00024834866246349017,-0.006804744621596249,-0.0008591518184351135,-0.05353025615405884,0.0003179720197967998,-0.011562961475209556,0.00049716443281572,-0.0009123284734884425,0.0013529656076835758,-2.1535924752288155e-05,0.00023350548821203252,-0.0003108174023869613,-0.0013584247197774345,-0.0009076360197940993,0.0053681856719229185,-0.002711633983234626,0.0014509268855374276,0.0022604881465609944,-0.002709197921338621,-0.0008619150216927188,-0.0018148461457426182,-0.0013983172528426887,-0.003566168935369602,0.00013703596415539778,-0.00013021499088095874,0.0011456693569877633,0.0019112390502402609,0.0001137746145584256,0.00012990503267877948,0.00027263783302830996,-0.0006164072003267384,-0.0007276768653200138,-0.002315214569228628,0.0019110366135272996,-0.0005030518778758425,-0.00024323750809630967,0.0004696819957009635,0.0014004691996167985,0.002595277824495346,0.0035766409378783235,0.0005623289442040494,0.01343873877149349,0.0010942414815576504,0.0037540513639651245,0.0004486317202219933,0.0037405892668398682,0.005643077059297025,0.003376463036934008,-0.0005192410052103984,0.00037550204746707606,-0.0007807285772527929,0.0006168834648896868,8.256066054218247e-05,0.006579277549909263,-0.0016837967400464447,-0.0019139433230983957,-0.001503870871350963,0.0011090673927176707,0.0003950081720231378,0.012436669393096745,0.008988920240236817,0.000379089181262731,0.003102187502507247,0.0033456247510810283,0.003136450888599795,0.0035357525620592373,0.0022167482077502646,-0.0009025718606358606,0.00034048578440181923,0.001167867869947363,0.0006405809953698677,-0.0008106962713805494,-0.0009074204426866875,0.0005948412391314508,0.022544161669929345,-0.000505840270026384,0.002768290650675733,0.003140079054451119,0.00041335563369355506,-0.009629603930899294,0.0009486839763660962,0.001104896594701302,0.0064625897788212925,0.0,0.0,0.0,0.0,0.0,0.0,0.0,0.0,0.0,0.0,0.0
2023-04-26,0.00044314494566082,-0.005171117159640058,0.0002226781646430108,-8.257018079618625e-05,-0.0007635186975875351,0.0005724953484307248,-0.00041206266252689824,-0.0005284409475029714,0.0005626578996408311,0.003093081150533115,-0.001164466734135378,-0.02083756663872497,-0.001986171768350267,-0.0008787586909886599,4.381441292618674e-05,-0.00552868010382555,-0.0004765863272554397,-0.005728026555396789,-0.00023394082186902732,-0.049549862646592904,-0.00011731258566528486,-0.011874496392333761,0.0014002674424970169,0.0009611330328466033,0.00027757413883285704,-0.00016651009806126143,0.0009460571513320619,0.0004308257829229429,0.0009622284789925185,-0.0008159550236529775,0.005304333458307825,-0.0033477271398497494,0.0022897408144899488,-0.0030802373873763354,-0.0007139941351177818,-0.000749748689825164,-0.0022354470837339818,-0.0011504831001884835,-0.005867850376072389,-0.00023831860787119612,-4.02979075371722e-05,0.0003835611062995533,0.0021003291628949624,0.0008003820122011347,0.000842299492456343,-0.00031168026864377394,-0.001478500752776606,-0.0006135805552167314,-0.0025521039189822133,0.00013168353379985168,-0.0004314642138274299,-0.00013461337655014993,0.00017531052934102113,0.0011850276571048588,0.00257157367119587,0.0037983947975897235,0.00019709867203321224,0.01431723606025074,0.0015457248521498093,-0.00041769686824046385,0.00040528563437358596,0.0031288303964074515,0.00617016471443863,0.003285767637889487,0.0007856778981545174,0.0009262313840040037,0.00017044844314622554,-0.0002713553194221266,-0.0004545063298070264,0.00718077293951653,-0.0009325634638183679,-0.0020500568768487526,-0.004389412097431046,0.00024248205980704918,-0.0008076546982915902,0.012888944273858697,0.008136013636942675,0.0006943565670477003,0.001639177848741285,0.0029184826875015184,0.006094476634764468,0.003780664732349109,0.0017870890645142249,-0.00028261286200727286,0.002405332005329785,0.0011224799047023053,0.0005103766584332709,-0.0008140172460333843,-0.0011470243044338511,0.0006509879478719118,0.019483849075069854,-0.0007266643753331873,0.0022085897879353797,0.0025695235400181394,0.0008841017378823346,-0.008087110590051247,0.000980457928095381,-0.0002063659151170705,0.004502787881925719,0.0,0.0,0.0,0.0,0.0,0.0,0.0,0.0,0.0,0.0,0.0
2023-05-03,-0.0012806881247198598,0.0027261172086605135,0.0007194980594771155,-0.0006977936178902559,-0.0006727120514862921,0.0009251633752086415,-0.0019073397649552505,-0.001241571840067122,0.0005644511734308756,0.0028169585443008184,0.0008815987032903124,-0.014900618563853272,0.0006655219622203961,-0.0011255594950671877,0.0002577080308290234,-0.00563695995620875,-0.00020259180148758104,-0.006303645346684051,6.778598002072878e-05,-0.0267745647572108,7.345896700524358e-05,-0.01326389229045624,0.0013485055243938312,-0.0001390043326607951,1.1258117267169817e-05,-1.9034078353134996e-05,-0.00042866884755061644,-0.00019371469893607844,0.0006614749497410141,-0.0005662974575865367,0.005669484582797111,-0.002958710137232901,0.0016658147466128348,-0.004933378647530751,-0.0016007482110257708,-0.0005902713596334397,-0.0009741864904849003,-0.001964259068043253,-0.005519784673186755,0.0004326583796168951,-4.596302182138645e-05,0.0004577548631050669,0.0014247309512021055,0.0009649618412440807,0.0006174371038643581,0.00021301015696855696,-0.0021425961971044912,-0.0010493613139167803,-0.0014331867306015273,-0.00011569023991790326,0.000894677841820566,0.0005489654093910856,9.793090124856748e-05,0.0005808168630611547,0.002140652562500892,0.0037451483828393997,0.0011009377830961107,0.020036349907551307,0.0014060012352726838,-0.0019123010726022085,-4.171188459607942e-05,0.0018736555372917654,0.0017161659767012294,0.00026952267641076503,0.0014446978133038817,0.0020931180120946124,-0.000297647027699904,-0.00015458946503292523,0.00011925219391071577,0.00552327652825144,-0.0012874351010095648,-0.004101041303336862,-0.004508045740173512,-0.0007843529467234704,-0.003743735650101652,0.01413374830037353,-0.006697909880337164,0.00045627609865087965,0.0017284937127904504,0.0014381154844081067,0.00967780230773676,0.00520680612070754,0.00113269039203223,-0.0002172480190850561,0.0015886430389919694,-0.0003345274648523351,0.0005210148469731755,-0.0008251502607408126,-0.0009501443339039829,0.0008457504384026052,0.018666361396440692,-0.0005810228471725477,0.0017951613912484902,0.003993629014265764,0.0018371584971506427,-0.00903550504302297,-0.0005061884731431903,-0.00028481831299179155,0.005322568221889061,0.0,0.0,0.0,0.0,0.0,0.0,0.0,0.0,0.0,0.0,0.0
2023-05-10,-6.298992086317676e-05,0.004531104963679865,0.0008766772845900855,-0.0006059891872366629,-7.188858712086149e-05,0.0005754581897459641,0.0026193033640846707,-0.000859852624741091,0.001201737223972581,0.0035395798269471823,-0.0023368974326785016,-0.013495174367580997,-0.002124484265983327,-0.001864520271343089,-0.0005871540935579211,-0.004866081369947008,-0.0007275866751995346,-0.008114771996112703,4.0447554640279926e-05,-0.026155510905435327,0.0007979038089171078,-0.013693851211144444,0.001259762705485964,0.0006832033005075465,0.0003491199446771216,-3.8121149172699715e-05,0.00032252822915970677,-0.0005196787862517139,0.0005066095162559797,-0.0008116616616270189,0.007142800413284944,-0.00364487535143284,0.0016921990217439052,-0.006341664715749097,-0.001878009593275954,-0.004183486216509838,-0.00151905971804421,-0.001745733257314369,-0.005908246000035264,0.0004468169020542039,0.00013336060074701044,0.0006936343766771497,0.0003746443587938915,0.0012336552152221584,0.00067038976585994,0.00015950877913922774,-0.001662040691375684,-0.0017978653267827658,-0.0013735628219583352,-8.223872214437833e-05,0.0008166146532093398,0.0002983402611355332,8.812229122261479e-06,0.00043134540909501174,0.002485314361495323,0.0026073643019393247,0.0009228132116170377,0.01696989533459649,0.0008661675028031116,-0.0016299919962270584,-0.00022058461715055623,-0.0016342935666707743,0.0016254710239858839,-0.0009582893525802383,0.0029054903504490146,0.001390473008284777,0.0005024815020579135,0.000483916887891537,-0.0002563344628832617,0.005664502041261269,-0.0007086383789826588,-0.003415824399458906,-0.005228322373456808,-0.0007802214573051542,-0.003896533704321382,0.01421067305464675,-0.008379182924743685,0.0004100297026271366,0.002791842698655404,0.0011358369783860615,0.008229934381707028,0.003067269422151464,0.00019038600091967231,-8.421361400360004e-05,0.0016838550881110939,-0.00039963789644072807,0.000472834222439988,0.00037238659827019244,-0.0008081185217239848,0.0006003230138228164,0.018840948011586083,-0.0009351921508609175,0.0016881544555214134,0.0040417843534514076,0.0020146297723473974,-0.010305983084035884,-0.0008039036172499748,-0.0005471335226682447,0.004893253228280812,0.0,0.0,0.0,0.0,0.0,0.0,0.0,0.0,0.0,0.0,0.0
2023-05-17,-0.0006143190613336921,0.002665541363986738,-0.00039349353065210437,-0.00038712992674744013,0.0003767442234223567,0.0007015601884010456,-0.000418181139316342,0.0006623829463684491,0.00047314937865518226,0.008639762212540343,0.005129735533199985,0.009462900854841076,-0.001379203227702499,-0.0012565066144161106,-0.00013159920451665262,-0.007120306023838594,-0.00043627564802956726,-0.004444672238698763,0.00012248923039587096,-0.013904636593602032,-0.00010709064725022491,-0.010738333469755066,0.0030366680303368786,-0.000671301037404653,0.00039807770108364013,0.00014748559078305422,0.00013285199692164373,-0.0008268614820405937,0.0007345846093004227,-0.0005586310419410437,0.00768124860272056,-0.0010402858025463835,0.0023637058117297037,-0.005512884144031339,-0.0017281558835178445,-0.004471171956294921,-0.0031375896050636104,-0.0015116473153806852,-0.005850817481569091,0.0004867524474368602,-0.00039844167891586925,0.0009248537633326261,0.0005766191344312381,0.000914746688829494,0.00063996192934231,0.00029690710391147454,-0.0020121282666775717,-0.001858379599300838,-0.0012227638768454545,-0.0012631795183491133,0.0012046587410214867,0.00022108215791751277,-0.00010641120001716827,0.0005361709750888314,0.0036564805983795045,0.0035613134158561256,-0.0006827401449984002,0.0026568043861660245,0.0004495291391972008,-0.002039020239224074,-0.0011962405904811402,-0.0009963294401175232,0.00133298076211274,-0.000532758036586946,0.0009366795704793002,-0.0006633734130422238,-0.00016019607291069008,1.8153287965849348e-05,-0.0010934271762374436,0.004402240884516228,-0.0017199415367434457,-0.004617390969698879,-0.004710312517810528,-0.0005329833361609072,-0.0027685628330305044,0.017441160425279004,-0.010928450422961901,-0.000427718054218088,0.0010642518272355322,0.0009738805142108592,0.005411604353096319,0.002926300615451373,0.0016302068198063748,-8.24779051599318e-05,0.001634711888314801,-0.00048113344853683145,0.0004873407923489465,0.00021051258530985619,-0.0001145350811040631,0.00039055917003358846,0.017122263469488183,-0.0008813716821959463,0.003933380263239096,0.0028792976681150982,0.00173167721206814,-0.008856730960121543,-0.000975819250417909,-2.066096580136404e-05,0.00892172992488599,0.0,0.0,0.0,0.0,0.0,0.0,0.0,0.0,0.0,0.0,0.0
2023-05-24,-0.0001130592887021463,0.0023541559993259906,-0.00028766550976981576,-0.0004064478362071418,0.001101182117004402,-0.0010630572892974248,0.0012287758736088162,0.0013421694841979053,0.0004036529388147952,0.003887435336291218,0.003553511468350361,-0.005505425498756084,-0.005709115586355017,-0.0023558554249618045,-0.0013774479199931454,-0.006596647275532918,-0.0002765262961438845,-0.00777629765976521,-0.0009024037609822148,-0.022740181306680308,-6.06471657093527e-05,0.0015929704751220586,0.0016006201349468478,0.0002225614071677421,0.0008105208310255223,-0.0001485949483950963,0.0002397284157106303,-0.0008869515020765008,0.0003451161362229715,-0.0009302849067756903,-0.00279846532223794,-0.0029640002531055713,0.0016635876150847995,-0.004898394357488433,-0.002216702414611294,-0.0052254102945952065,-0.0015116070300317732,-0.0019132499722493066,-0.005935754868263854,0.00025442300754142537,0.0002867267914469131,0.0010224275500090023,0.0008021392876325332,0.0006769546556246413,0.0030904357417914636,0.00043565913842436737,-0.00011514543373120285,-0.0014610989727112853,0.00012759634778356877,-0.0008995078493872684,0.0008799730334607522,4.447152771936263e-05,-0.00010319498403149075,0.0006070522597060333,0.004206162255301421,0.0032101801977962407,0.002132704964981208,0.004779758300359134,0.0015013705453414993,-0.0018053644843635036,-0.0017521460032148667,-0.003550889498491642,0.0015870501579322693,-8.240710570569577e-05,-0.00045531019244367504,0.0018140320151093649,-4.051244330130977e-05,-0.00013567849280317836,-0.0008370241088041816,0.003670302393325161,-0.00448708018470124,-0.0036321352624445395,-0.005767245113709493,-0.0009539645914128266,-0.004270347308608078,0.017017171116629617,-0.010737101060293864,0.0012928244583572707,0.001743606896744602,0.0014504753775303816,0.007514189377996533,0.00396894980269651,0.0009118103034895759,-0.0003142148974294393,0.0027310869754410398,0.0001276329000705948,0.00024025968515739956,0.00021612633171831454,0.0009646518317884624,7.879602623355882e-05,0.02027284030138506,-0.001387448728695986,0.0032438419744759326,0.0037256078947808225,0.0023529192566282787,-0.01606728444118379,-0.001102067351677785,-0.00046025927329550463,0.0055785019255169465,0.0,0.0,0.0,0.0,0.0,0.0,0.0,0.0,0.0,0.0,0.0
2023-05-31,0.00020030996887214237,-0.003772290077121021,-0.000118106798968265,0.00014027733603194038,0.0006734362614004728,0.000227014472638424,-0.0003293204955230211,0.000575030504686495,-0.00022381499631903026,-0.0011752047608947712,0.0050695515617002074,-0.015400475835066709,-0.00047061609052170307,-0.001903442570005096,-0.00017652606414538904,-0.005857977079396354,-0.00027174254378696603,-0.007058550437748561,0.00043250599344326745,-0.016770202090096987,-0.0002919664482425384,0.001644786073765814,0.002655075748226401,-0.00043544076421841136,0.0006123915274846825,-0.0002986992853547561,-0.00041415238348347207,-0.0003727792081511145,3.5723269316778836e-05,-0.0008908110660797837,-0.0029702509867790914,-0.0033094345350958435,0.0013654094348256882,-0.005201959934948704,-0.0027399159352847154,-0.004000814569981789,-0.0009871882728192875,-0.0010418810235413144,-0.004218859725793199,0.0003617973040780299,-4.084273038444311e-05,0.0010461409954835893,0.0019753903492255452,0.000737563221256034,0.003437229504109703,0.00017290035581813066,0.0006077740332964816,-0.0008596275750319984,-0.0002920866846049097,-0.0014352661810456428,0.001399257139583699,3.481253664021472e-06,0.0011858386588573585,0.0005028242779193338,0.004292151561762497,0.003685416709946433,0.003926243191004537,0.003962998118076689,0.0020361196548891068,-0.003593296736820488,-0.001480913520811357,-0.002288688795639069,0.001338553046460348,-1.66526191055296e-05,0.00032504150093092183,7.492247209610244e-05,0.0004651157156211148,-0.0003555654702273169,-0.00012586793753087432,0.005356021431304956,-0.003354444014437007,-0.004589671404207625,-0.005170043930561637,0.001768080503969369,-0.003128937174450055,0.01618416316954092,-0.007079242009338243,-0.0009120070609138259,0.002137852209603286,0.002171271194673706,0.008395577452649195,0.005054841317583226,0.00044967389710689543,9.917062177177042e-05,0.0016537306083184151,3.757334543930739e-05,0.0006605878471976952,0.0003005441475562616,-0.00044349352699211606,0.0003616103932629282,0.019671816964134316,-0.0004215905414706527,0.0025407686236878857,0.003677761874760696,0.002373085133704974,-0.010584714565812938,0.00040900802271927317,-0.00012914392772623377,0.005863293899792211,0.0,0.0,0.0,0.0,0.0,0.0,0.0,0.0,0.0,0.0,0.0
2023-06-07,0.00028518385531874036,-0.0030601459994365823,-0.00025863960440693587,0.0002800570273905638,0.00011020983088824279,-0.0011801453402126144,0.0019263781396775973,-0.00027282245893318734,0.0004404848436310559,-0.0007012324369458242,0.0030923208354081406,-0.02179149497781211,-0.0012722751104846074,-0.003961242271888005,-0.002079984723998246,-0.005218904145628223,-0.0005096636545646765,-0.0070701136670818935,0.0005138798514657888,-0.037595855556580994,0.0007740120924673562,0.027114540306800158,0.002084402263977855,-0.0004177581203144447,0.00039515508068339693,-9.755440092597916e-05,0.0004199118169793064,-0.000502573852002496,0.0003913259218803015,-0.0010147810832133945,-0.002798514045423922,-0.0018143370661111843,0.001462362877896621,-0.0068170381128327745,-0.0019976012878767033,-0.0039796988332408325,-0.001186924735284111,-0.0011826514135700043,-0.004935224784558711,-0.00034718425709012214,-0.00013580893359730484,0.001157011754271424,0.0022143241601315167,0.0007292311599097402,0.004211280658796312,0.0010304043326713566,0.0004847422782902743,-0.0007849652986061338,-0.0001257002186549645,-0.0004202511222622701,-0.0004245737512297639,9.498574017953672e-05,0.0009042737225032657,0.0007797159164568223,-0.0007182250975904624,0.00416271290709579,0.00579060953016899,0.0020399480377899285,0.0012231665225767776,-0.002885711261548875,-0.00043822082062285267,-0.001846992673228757,0.002180548173284539,0.0019931754685139536,1.577885994992921e-05,-2.5264646816179855e-05,7.411807493808342e-06,-0.0015557219783101281,-0.00023559793063688018,0.004080740130145383,-0.0030941018962025316,-0.0048093884513115736,-0.003838008197728793,0.0015642045227074713,-0.001600107486918525,0.008748210471012716,0.008978814842512567,-0.00010264481665527735,0.0023369189351510186,0.0017774527787499056,0.003778336932683828,0.00467403956327963,-0.0006057425756623998,2.1431181661669108e-05,-0.0001978315812951188,-0.0007809860672535023,0.00016592961318482154,0.0003351196401672487,0.0010132572905313857,-2.249043174868553e-05,0.018951928564764457,-0.0005571590642374509,0.0018243642136085972,0.003227254346687459,9.277147250767658e-05,-0.01397660283818566,4.814182446945527e-05,0.0007880698496836487,0.006878176447095869,0.0,0.0,0.0,0.0,0.0,0.0,0.0,0.0,0.0,0.0,0.0
2023-06-14,-0.00016825758272203498,-0.0010497057164412394,-0.00024066582320623976,-1.1257482965421034e-05,0.0001999812657500001,0.0006885893825715769,-0.002759546602981314,-0.00012098472971144874,-9.734343317278314e-05,-0.0010219989439444555,0.0043246051833904274,-0.021229230726509795,-0.0018034975696242705,-0.0049650185146211225,-0.0012584581745514545,-0.004029631543898091,-0.0005182049417230969,-0.0047651712198736795,-8.929048270848007e-05,-0.028718821495931805,-0.0005895137025330198,0.023194322183128863,0.001540123367092881,-1.5148363905803005e-05,0.0004907404982343865,-0.0005514403906901083,-0.00027098611514991,-0.001006577293966041,-0.0008850644462340507,-0.0004623013914853804,-0.004316198013726665,-0.0036540575722168243,0.0009904846313803124,-0.006614376062346011,-0.0019790164195826764,-0.004682106070060837,-0.0008777332749145687,-0.0007469730794230975,-0.004765360489940133,-0.0008267047036203991,-0.00014643072211807995,0.0012469579324778316,0.0022671879684328057,0.0003114602081706258,0.0044104773194455415,0.0004151140103623546,0.0004390742379882237,-0.00032478595030711806,-0.0001768284924775334,-0.00014003860850779213,-0.000631709242571141,-0.0007771683377637894,0.0007167687729930912,0.0007379006450968927,-0.0011039298716764298,0.004370121521684688,0.012162214283724338,0.002881305224469314,0.0011090628861451766,-0.0002048226953848332,-0.000222772739315666,-0.0019092306560040439,0.005447810482278148,0.0004093363317367244,0.004363507295130492,-0.0002497614991680753,0.0002767348631532434,0.0008510495995773092,-6.576177393935014e-05,0.005820720631036778,-0.002039004417715701,-0.006181597187558999,-0.0052328315987187745,0.0016459218802305346,-0.002910353344280758,0.007970601313421578,0.008605563437290272,-0.00024060309737203092,-0.0023230056951120672,0.0014672860167673316,0.0014213991815957808,0.004810399729391266,-0.0018020878007130752,0.00018483859597415912,0.001585489403202789,-0.00039853478865989794,0.0002594891126825461,0.00031103120847870866,-0.0015069334158114979,0.0007900227737949472,0.015888860497583875,-0.00024344748061157952,0.0011444452063830574,0.0033686691936762837,-0.0002328668424696386,-0.010949789578477996,0.0005660177422244899,-0.0003743833786360244,0.003485645601206249,0.0,0.0,0.0,0.0,0.0,0.0,0.0,0.0,0.0,0.0,0.0
2023-06-21,-0.0017635474378257696,0.01015454300225627,-0.0004491671612244975,-5.836460840075236e-05,-0.0002626876341487424,0.002383369946857725,-0.003550092796915563,0.0005107732560112942,0.0013942200685452253,0.0042898024196163466,0.002747975029993536,0.00898944303982911,-0.001971038442843762,-0.001787591276459626,0.005904694761137621,-0.0071626713239125,0.0012082616942254037,-0.0017239759383919626,0.00045829185524187146,0.032199674766184884,-0.00010854395743145464,0.024623913001037872,0.002240333991209904,0.0010458572667246578,0.0010712141635233884,0.0001557664009854341,0.00010855572341699992,-0.00013295806820966326,0.0002967275708682719,-5.588853853144442e-05,-0.002573239250229287,-0.0034318090405813487,-1.183949657521717e-05,-0.008442439827853936,-0.0019825748271555203,-0.0038527543073657205,-0.0015079153289895468,-0.0020402790842524916,-0.0076964088996003205,-0.0007481272151084316,-0.00046053765978074464,0.0012552488488466584,0.00017306803013773935,0.00041580008882264815,0.0038322057485115917,0.0002223105888766822,7.604448130401842e-05,-0.000347060282335619,3.400744257979232e-06,3.0488675763702862e-05,-0.0005809437364317037,0.0010683941353682785,-0.0008974439755247492,0.0008250005129347554,-0.0015095482163534025,0.003754059429161195,0.007354447372476698,-0.0003186979692415606,-7.778844512732437e-05,-0.0033913612068637816,-0.00045483963114198764,-0.00048677614189904396,0.004612984011873332,-0.0001663655044691207,0.0006053114334463054,-0.001075887189218059,-5.1651369814576705e-05,5.847218471844109e-05,-0.003643565332168195,0.0015505701238404915,-0.002824893746738658,-0.009877503069066889,-0.009561223834709783,0.0010320223062769535,-0.0003397055184915062,0.008162816132327921,0.010967576766410123,-0.0004416666156497881,-0.0009357027670348505,3.848010960954607e-05,-0.0007596549218875253,0.0036284933028030066,0.0005343594517610204,-8.86129362186802e-05,0.0032725170518419894,-0.00039444768300041683,-0.0001028002886040037,0.0003495995248697307,-0.0014154801028394251,0.0005306485726123904,0.007564642444878162,-0.0004906060857225835,0.0016859277069323538,0.005028824939908412,0.0019223263593323955,-0.0098120426205463,0.001393151967920742,-0.000582698131605776,-0.008076220105622882,0.0,0.0,0.0,0.0,0.0,0.0,0.0,0.0,0.0,0.0,0.0
2023-06-28,-0.0009860050959067945,0.010839243388284648,0.0002220207405082911,0.0006563938764958678,0.0001920643246752723,0.0017964249653235796,0.00113213889980557,0.0007139161459834359,0.0007843743590840947,0.003417712868736238,0.0016867636437744452,0.007562533981922363,-0.006414315535698889,-0.0008503733692301111,0.00512210362526582,-0.0030936994940901656,0.001285723591743755,0.0035780940078954733,0.0008594450077614905,0.03793252986524099,-7.417246289233379e-07,0.02276388585542303,0.0021327169382642647,-0.0008450392369981631,0.0003777363536997319,0.0008487887758725547,9.634666935652376e-05,0.003323586090418357,0.0012096313936630593,1.5142757714174046e-06,-0.0026948524130163487,-0.004635251952371206,-0.001230148070096862,-0.009220908572462282,-0.0018873347285423944,-0.0037749151574823702,-0.00018308944862992137,-0.0018581846938537897,-0.007367458071733478,-0.0006658843991124324,-0.00029331399821942814,0.0009429961837254008,5.425042473408298e-05,0.0007949900695092402,0.0038372349541758327,2.7710483889281252e-05,0.0002654366929637861,-0.000768296440356597,0.000981378146956897,0.00033336359919438295,-0.0004875598229870117,0.0012369678675790005,-0.00022007772429680675,0.0005058342288616664,-0.0015150994370351696,0.0034679120343133144,0.006407158770252627,-0.0012196430400399426,-0.0015334741081644177,0.0014003234503515843,-0.0004849727791018683,-0.001245822544253737,0.0025089892087639286,-0.00038761284589644644,-0.00037974807504205374,0.001505206285399808,0.00024713924376832454,0.0001936527895521643,-0.003681053584495479,-0.0018052125272797852,-0.002277831370065819,-0.0114496708146021,-0.009982029805764616,0.00015307651729777564,-0.0018669169640755066,0.006507007370923565,0.009648137862045185,6.093070768693141e-06,-0.0005975565315903911,4.796243612774268e-05,-0.0009090736702837091,0.004807540819580535,-0.0021013781571636706,4.157095234190901e-05,0.0017626813559190682,-0.0003189109948891217,-0.00054677364115896,0.00027009123875675517,-0.0014641947885732118,0.0006025119735168319,0.006812117544711545,0.0003582820729740062,0.0011250591579444872,0.004581144671452523,0.0029978690509161595,-0.010197168199743789,0.0005856392604358286,-0.0014278674218509344,0.0036852009201654885,0.0,0.0,0.0,0.0,0.0,0.0,0.0,0.0,0.0,0.0,0.0
2023-07-05,0.000392781368274407,0.0020941221351187095,0.0004938452093139999,0.0018324217679692165,0.0008560714947855267,0.0006500386208386882,0.003068035017228401,0.0017713010952208855,0.0010969428018721002,0.005258144222199018,0.003224547003063065,0.005799617257804185,-0.005807477077636712,-0.0032431541392626663,-0.001257386644440529,-0.006686471838374814,-0.0003810953363392473,0.003444181767266926,0.0009440266297517686,-0.020976343910651625,-3.441131195284748e-05,0.027509960344950672,-0.0010786643487991799,-0.0008460199289948604,4.272241612876948e-05,-0.00038213611782999927,-0.0005223506626813384,-0.0006004484922400221,0.001154836839649577,0.0009741994265607255,-0.004985394239644258,-0.004359072996488041,-0.0022603881360187023,-0.005751867776720464,-0.002523561082049075,-0.003852339367457365,0.0009858369833271893,-0.0024495254069053646,-0.010296273523920771,0.0006337142776050938,0.0008807919935941173,-0.0010126434194312546,0.0021547955064536548,0.0009957504041300112,0.00404903059754956,0.0001944230477930066,0.0015597506396021429,-0.0008303913214008494,-0.0002603728418472355,0.00024045479165000998,-0.0005698900706314092,0.0014207264806184448,0.0011097163112089871,-0.00032686336091592225,-0.0009659626744554636,0.0016422959777310008,0.012463829981201522,0.005824324476682455,0.0017649049888341809,-0.0013650789689215726,-0.00033793920529696844,-0.0012769812704770743,0.00584528909229304,-0.0003079917440938077,0.0017857795953820717,0.00038986995634483003,0.0006248170745891117,7.663499062780704e-05,-0.001994841986200198,-8.366431286949725e-05,-0.002822628520332483,-0.005955928124157456,-0.008196060128779176,0.0010114103749761815,-0.003970795906432697,-0.00394673734817314,0.012507497785626724,-0.00027201031855987834,0.001544873155357507,-7.872376435818528e-05,0.0022144824686458715,0.004479419371917065,-0.0015438413347997272,0.00041317025618475427,0.0011359432322753926,0.00013021358020377018,-0.00028915963518456867,0.000320728715189148,0.0011025813727474844,0.0004891977074078344,0.011680828489150119,0.002300620632082213,-0.00077081390797858,0.007089128316779263,0.004561079672602716,-0.011823105643263188,0.001177704781645672,0.0011863268504232896,0.0018032531181830945,0.0,0.0,0.0,0.0,0.0,0.0,0.0,0.0,0.0,0.0,0.0
2023-07-12,0.00036022738521181976,-0.004915512420148108,5.347916622717578e-05,0.0023153159735648894,0.0007716456401079886,0.000588280311797421,-0.00044495790001728233,0.000712570905473375,0.0013725493452828087,0.0052056184914814245,0.0055917184027398465,-0.023056331110585786,-0.00015277738023265742,-0.005205256927988245,0.00010438641507992105,-0.006987343958870306,-0.0006314790293574814,0.0038932785597384696,-0.0006313670694843617,-0.030475706636120342,0.0004956877582286825,0.025186819422259296,-0.0005170939450783142,0.00020378014196020626,5.406382477417689e-05,-0.0005766209383507005,0.0005823399797351687,-0.00026573894906977314,0.001273879322141172,0.0011262917574989702,-0.004409352836457703,-0.004429705433421225,-0.00231778333312492,-0.00665274345710696,-0.001963669300362002,-0.0034538049716029903,-0.0002984317351885315,-0.0020884935569171043,-0.008227779367744296,0.0008820732361969429,0.0005647513382752738,-0.001196785108060042,0.0015572172852768942,0.0006379801064288308,0.004194696303293053,0.0005089160556502264,0.0017935053441516314,9.547012881016881e-05,-0.0004883391080910448,0.0001271410000475873,-0.0003709380227488818,0.00041732841270058536,-0.00033366605679942973,-3.7505743115473305e-05,-0.0007437616353096119,0.0011940178522932717,0.014461068713870099,0.008917734530320631,0.0015552190971571105,0.004104897900127639,-0.0005363025772370087,-0.0010366765651529915,0.000986912200661697,-0.00042229198148791214,0.003497232520706268,-0.0005358768215226074,-0.00042664891093692275,-0.0006438003452679045,-0.002143892625935539,0.004454469694001357,-0.003657371328084313,-0.00619955152578655,-0.006717998498475613,0.001363438140556381,-0.0030490167868701228,-0.004128501267089204,0.009232514053527995,9.143226245398354e-05,-0.0011121502084249883,-0.0006725949521141503,0.001619807455626816,0.0033992322517154582,-0.0017590727522856485,0.00010461503565233288,0.001832220587629123,-0.0005042316045326452,-0.0002449851969941713,0.0001290254803011928,0.0014748232643023778,0.00039328246398363494,0.013485416709376011,0.0035080754481043143,-3.4120946173924724e-05,0.00494308362767688,0.002443764075395782,-0.013093824439213754,0.0007828528920439045,0.0011338482099616687,0.0029787200782443986,0.0,0.0,0.0,0.0,0.0,0.0,0.0,0.0,0.0,0.0,0.0
2023-07-19,0.0005640942672630914,-0.005191641854444192,-0.0006336204601801292,0.0013988135274728463,0.00024185102255736495,-8.559492831123992e-05,-0.000947039031414877,-0.00034323899432327,0.0009119350639427014,0.0056967076224201255,0.005356042344217032,-0.02430846272583355,-7.336876315342758e-05,-0.006157117777483825,-0.00221964557172142,-0.007640989937935455,-0.0011941606646485104,-0.001220456917269357,-9.208802621939587e-05,-0.04161757287563418,-0.0005337166135826814,0.025035707589218224,-0.0004733400900221253,1.4944548144093545e-05,-0.0005336651791030967,-0.00019714189095813866,4.3472629253071016e-05,0.002308773411967809,0.0011956565954402629,0.0007859069473826627,-0.00409956021967943,-0.003333841277038296,-0.001989906434319563,-0.003627741686170458,-0.0016862269687247528,-0.001507580686955628,-0.0007976999593996886,-0.0008917550694555076,-0.008393019416671546,0.0006432984128176256,0.00045301787197453165,-0.0008056769980753549,0.0025018962197412738,0.00103403956671654,0.004187750576976706,0.000420145743561076,0.002313118118452485,0.0001509942150988889,1.707472883783412e-05,0.00012974833969573365,-0.0006222441486693035,8.668210901147078e-05,9.88841804704816e-05,-0.00026522084475970716,-0.0007253846055053163,0.0014219752603448865,0.014463979240031939,0.010967654519344526,0.0020027134296797876,0.0015181398008947205,-0.0005413576594470494,0.00036919167940372555,0.0018026954926520413,0.0020173433814102983,-4.788852091137955e-05,-0.0005925790654415264,-0.0005506372298979572,-0.0006459421562619833,0.0023608871607587356,0.00371498664912315,-0.0033423223289745347,-0.004804299318514168,-0.007754501894855358,0.0009392938864255722,-0.004126219039459635,-0.0047807908592930335,0.009570217313912235,-0.0005271781512760223,-0.0008269256513606452,-0.0008017721476456766,-0.000661123750866489,0.004228270007585907,-0.00010435633500489999,-0.0002784593072834777,0.0018836608921520416,-4.226001726594442e-05,-0.00036544407409555736,3.709733645517522e-05,0.0016488584256134876,0.0005389565976725574,0.01649406340949075,0.001766865612458419,-5.026938088138477e-05,0.006577296458901731,-0.0009430329065781764,-0.009499504412287673,0.0005194989095746399,0.0009342714530501188,0.0035237841555497084,0.0,0.0,0.0,0.0,0.0,0.0,0.0,0.0,0.0,0.0,0.0
2023-07-26,-0.0016320637839540154,0.0018726585902091564,0.0009026719635873873,0.0020986775007887397,0.000476726020739585,-0.00033733182584642213,-0.0021878678446968537,-0.0002819323619926082,0.00041991208819751465,0.005899356755638714,0.005231647069038297,0.008026560808030627,-0.0013861017912345003,-0.0051883881678438225,0.003506951387956269,-0.004464658544332186,0.0016825139892639308,0.004185578874701165,0.00047586898204005383,-0.009940922680910333,-9.718254666420065e-05,0.026831646835364476,-0.002140834981584716,-0.0005284995396322985,-0.0006097604087703361,-0.0007670638906774878,-0.00048603167203962224,-0.0002754449141981099,0.0012804195058355376,-0.0005012355645497351,-0.004047659283945116,-0.0029846690659705894,-0.0019451586586041174,-0.0027243364859281245,0.001575721154314793,-0.0011708193726005748,-0.00033517250891825287,-0.0023728706288745644,-0.010705582715757923,0.00065986685428188,0.0013355900965040521,-0.0012410425439042347,0.003455347811327476,0.0009599098575112842,0.003929748923515675,0.000953811345420425,0.0024751037562451197,-0.0008349261536639428,0.000862246570438047,0.0002918220646088652,-0.0007884415301453861,0.001172898719256108,-0.001081486906293371,-0.0003780327391155975,-0.001336784274965227,0.0023808438776446,0.010466106569506596,0.0033462948499586253,0.0009584447950685067,0.004858221583181068,-0.0007163779905605992,4.245226833909407e-05,0.00024310345489511988,-0.00019287811131306202,-0.0006129433793746085,0.00046394284841007804,-2.0910138887409516e-05,0.0039020953747195314,0.0019772026986390025,-0.00043855229885381305,-0.0026201289475673135,-0.006132543252375574,-0.008970638685208586,0.001286751131966034,-0.004427388373059889,-0.004553814850109279,0.010223489993169297,-0.000270113781268456,-0.0007619438183464957,-0.0003207512907149041,-0.0005098431960991007,0.004339515107311798,-0.0010819488787768845,-0.00012514705586279972,0.0014782684177535514,4.481036342277397e-05,-0.0001913000895002404,-7.510822374078442e-05,0.0015060344303905995,0.0008077780353407209,0.01136519673840204,3.3283124473786875e-05,-0.0007456019273675908,0.009886073107938898,0.003239024163288344,-0.011288397836690328,0.0016482427781721696,0.0027469954217600023,0.0066389463015601976,0.0,0.0,0.0,0.0,0.0,0.0,0.0,0.0,0.0,0.0,0.0
2023-08-02,-0.000320163578499466,0.010339534315719618,0.00048516317016786335,0.0010344686613199287,-0.0001291693254237113,-0.0011410258741146922,0.0013267546924386397,-0.0013210758299756723,0.0011901541240572555,0.005045532289738806,0.0018441013208839417,0.007731610774567203,0.001533029048922388,-0.005517475275572728,0.0006101996935504914,0.0022555943479823353,0.0018768392263620204,0.002763791058747971,0.00044516180303961854,0.02619476313497023,-2.4933922637389056e-05,0.02070073527171236,-0.002081614218935561,-0.0002770238482520269,0.0005867381588244659,0.0004462128257819355,0.0009788995367922863,0.0004744425742300224,0.00380589722843627,0.0007294787063650866,-0.006049757658707042,-0.002007076330393819,-0.0008540699227440651,-0.004124284652250288,0.0021461927621497724,-0.0006544013360602231,0.0004219166471834098,-0.0026763019276700396,-0.012736610357214002,-0.000608964586542697,0.0002435892523321656,-0.0021028125742644267,-0.0017697757249588043,0.000371249442819058,0.00368769962929234,0.0006312867532678687,0.0018856380553714483,-0.001699471365779675,0.0009301540938517202,0.0006740889104579873,-0.0006302596834419018,-0.0016300880212518065,-0.00016102855639454103,-0.0016082423311095666,-0.0012904654364588723,0.0036946985527189684,0.01158478569387609,0.007921217600095915,-0.0016989864149416624,0.0054234186834778274,-0.0004234944396121075,-0.0024511521408664637,0.0012242447833428088,0.00025137539251899433,0.0004704358979921813,-0.00025291492157974093,0.0009084537712364554,0.0043140542068914305,0.0017460206893796881,-0.002516584547787618,-0.0034747648059889865,-0.009794165189345299,-0.007226962744023784,-0.001110394757667965,-0.00032204212334732376,-0.0035784235738878707,0.008305471213257497,-0.0005074740228058871,-0.00133027535836108,-5.311025219210675e-05,-0.0011485316678545117,0.003934531659273919,-0.004586182926680864,-0.00017457376572154511,0.00222193009151601,-0.0006828326653102835,4.518409994884855e-05,-0.00014753517260323215,0.0018587037450841955,0.00020054508358662503,0.012246684448998861,-2.7153773122486253e-05,-0.00016862429064304303,0.01042579142452032,0.0032418171146041063,-0.013101464797616992,0.0022940252925550465,0.002855007185323936,0.008008381894726501,0.0,0.0,0.0,0.0,0.0,0.0,0.0,0.0,0.0,0.0,0.0
2023-08-09,-0.00042618964427435776,0.00404262832900429,0.0007655281422206391,0.0013216101023575768,-0.0010990087801641965,-0.0002445361167108693,0.0007682838615222634,0.0008413514616961297,0.0005434311327011661,0.005161904553804608,-0.0005155599075855046,0.008156788509061454,-0.0030220987874493913,-0.0046067273537479195,-0.00042124881302204285,0.0016921133960307718,0.0003692085119489987,0.0031087617603693814,0.00027195294597238067,0.027298009888719787,0.0001632471901723951,0.018055242820411523,-0.00192695936587189,0.001170477237223573,0.0001519648034274356,3.5016150413208267e-06,-5.382502920065777e-05,0.001165365328941582,0.0016295178890410364,0.0005806213472173022,-0.006653069621153635,-0.003680756109380476,-0.0019209977788428886,-0.004061691700107025,0.0023469343757312926,-0.0004262459364797577,0.0008481563649070867,-0.0026890245570347407,-0.012498345643103521,-0.0005674706965323258,0.00042731048776322643,-0.0018968781319649586,-0.0021389750614705257,0.00013481095122921662,0.0035376450316523616,7.669804778365441e-05,0.0019763768095162277,-0.0018132274295575759,0.0008161108545013529,0.0004284791227196523,-0.0007994378869674916,-0.0016572172082314181,-0.0001839520633607644,-0.002001589103241616,-0.0015574053833388058,0.002512598509966193,0.013570823629073787,0.007180557072636629,-0.0013893811035906483,0.00552249194607892,-0.0011070080739303345,-0.0025034941803528544,0.001516611952226984,3.651529672810941e-05,-0.001329597746710161,0.0008209346214999827,-9.076777844458303e-05,0.0007674339761782547,0.0018716363852882536,-0.0022539218131389215,-0.0038702967426694685,-0.009359121623722034,-0.00481529202861935,-0.0011613306062160684,-0.00045992225300654093,-0.003410262421893642,0.007286390697902153,-0.00026085760373064943,-0.0015607642684247298,-0.00028410075010215657,-0.0014326594990660326,0.003682329581353282,-0.0053196263582960795,0.00020504885794390103,0.0014721177285166138,-0.001258139448436927,-2.7262777652947243e-05,-6.577137852874434e-05,0.002076803117158095,0.00037361753978289386,0.013739998756365703,-0.0004024360570797419,-0.0003137637664389258,0.01079000280423462,0.0033124666127454434,-0.013468713139087252,0.0030738610385064387,0.001244435517910295,0.008396687214564545,0.0,0.0,0.0,0.0,0.0,0.0,0.0,0.0,0.0,0.0,0.0
2023-08-16,-0.0007690842290921703,0.002143916667735066,-0.000685112164462029,0.0005610009275911775,-0.0006244513153998111,0.001259830169671427,-0.0011445159796988626,0.0013405482456391431,0.0005432827287261077,0.0052657844189524655,0.0003467813312867839,0.007773236160078977,-0.003629985459307806,-0.0021279057847755196,0.00157670071018974,0.00158323088712453,0.0003359594614640311,0.002683359148733305,0.0007286034635012428,0.03557606819662243,0.00029892014591942725,0.01689554238351124,-0.0014449738710443378,-0.00012327111413114097,0.0003984200645203084,-0.0002989302553258706,-0.00017531662722969628,-7.896915482173895e-05,-0.001252814387745252,-0.0004538434585902785,-0.00575260082227489,-0.0029566475296760823,-0.0018857146369028785,-0.002925155521632731,0.0024409536980044126,-0.000837270110704553,-7.181020319698324e-05,-0.0028127024420410364,-0.013961657609392716,-0.0004560480257769476,0.00024490456673411954,-0.0016481345282605404,-0.002040499205989859,4.4661150621543136e-05,0.0035933595444887887,0.0001714689380587808,0.0021151674331029817,-0.002009710085374653,0.0014461015507184626,0.00036086631345163156,-0.000505792751617257,-0.0017384001053937937,-0.0002838905144842387,-0.0018971002278337465,-0.0019416430904709773,0.003858793520221679,0.01268388312309594,0.002938198304991792,-0.0011524991640738213,0.005481579939636406,-0.0011842875315940687,-6.661011437006314e-05,0.0009790551383785523,-0.0002028447415746935,0.0006921481613346744,-0.0016087648956474028,0.0004434959278430788,-0.00011759415970489552,0.00139461707983362,-0.0022811202975678603,-0.003238965022013958,-0.010298556877677705,-0.004430386842627997,-0.0014505617487152575,-0.00023706244371352302,-0.002936474396416934,0.0053310959301174805,-0.001032679124430543,0.0017036790971482513,-0.0003101182488563846,-0.001663385163388979,0.002540102729519464,-0.004061072180511218,-0.00013146613339669934,0.002838430831355362,-0.0012145947083541497,-1.3422953636222293e-05,-0.00016044965939395627,0.00017506559264660325,0.00010968843186039091,0.009359675219555438,-9.709384165341375e-05,-1.4010842780853504e-05,0.00938949799033096,0.0027241657556451543,-0.012869149926722011,0.002283940601429116,0.0017586583078311277,0.007130047076275944,0.0,0.0,0.0,0.0,0.0,0.0,0.0,0.0,0.0,0.0,0.0
2023-08-23,-0.00016763951024553414,0.003622834410496787,-6.276864246136628e-06,-0.0004542606107116488,-0.0016457252553735318,-0.0008565588875309501,0.0011252937289658502,0.00019377869819255165,0.0007047686798645059,0.004452284147534529,-0.0007031362475050716,0.007713514234594494,-0.0001030407546168694,-0.0017424138175980701,-0.00038969300348111626,0.0022261547130591583,-9.999408225428771e-05,0.002411849825482051,0.0006162040226478693,0.03976203647499987,0.00042961968180778667,0.019470957310570098,-0.001025586033421452,0.0003465701900000051,-0.00029747757539169624,-0.0008879580054694885,-3.9758385442371564e-05,-0.0001619033457378094,0.0006546144599998987,-0.00032731438221662894,-0.008534602660824968,-0.003957397105337524,0.002214813172867347,-0.002746319224054124,-0.0019234448686070082,0.0003143153647646199,-0.0033667693960025336,-0.002144698473646818,-0.011991476281905103,-0.0004390453708923909,0.00022372891863669386,-0.0019538033693234126,-0.0021584765148926024,6.478691328877653e-05,0.0038084755066211187,-0.0003968368069076923,0.0017764764420746622,-0.0013795307982773632,0.0017544387278630462,0.0003396820711077557,-0.00024494082059266085,-0.0015979394481954964,0.0003661193067758972,-0.0025436628461507197,-0.0015719068247512982,0.0034951477773803737,0.012852504209976771,0.003155583449734022,-0.0008002127610557137,0.006057044082183678,-0.0016544494567471944,-0.00235758019226556,0.0008952918575440924,-2.5391290112857055e-05,-0.0006943135813488753,0.0026364771552171568,-0.00012338288566088155,0.0008976589818958633,0.0005109608164415287,-0.0029828190673375676,-0.004032943516143784,-0.010046914941462192,-0.005419131298462183,-0.0009687531843951014,-0.00010310033777008545,-0.0032449161305040564,0.006934219153336201,-0.002130209312150573,0.002322297671234686,0.0004610327079281759,-0.0012053425886616083,0.0032568374569906665,-0.004891271740371838,-3.6240186010909514e-05,0.0014409464618210723,-0.0010400338797402564,6.92583290101388e-07,-3.9725164446021765e-06,0.0018192739513835455,0.00015665452221118586,0.010428096626030184,0.00016143230016873967,-0.0006553961048418388,0.008918376248820617,0.0019969603292047775,-0.009878974601012443,0.0019571528968940813,0.0007841841668804838,0.005394842072343012,0.0,0.0,0.0,0.0,0.0,0.0,0.0,0.0,0.0,0.0,0.0
2023-08-30,-0.00019139216195175867,0.0018209568640211262,0.0005721668297956896,-0.0012305711904452132,-0.0009197066175138307,-0.001956745497003049,-0.000341395883119238,0.0008447057449837854,-0.0026731992888962496,0.004561362458281572,0.0025309300840534697,0.007216340372001067,0.0010053819376699418,-0.0013103303416842794,-0.0005208415901918117,0.002108616263680815,-0.00023345172771907746,0.004035749203658159,0.0005631802734181206,0.039708867523548345,0.0004958966122916874,0.019185903882400053,-0.0013823622323884044,0.0005529769703717588,-0.0003100279116692576,0.001966855437214817,-0.00014704033192316276,-6.734849183356725e-05,-0.0009528308822544727,0.0007813583172711904,-0.007682094582196039,-0.003428139052478967,0.001612708291233624,-0.00326529479112364,-0.001890084788930375,0.0006229764542315451,-0.0029715261011057418,-0.0025464405132818247,-0.009704152795453284,-0.0005559527078922418,0.00047821998045091587,-0.0021759050130528224,-0.0021935015108965226,0.0008078413252796534,0.004019974147608236,0.00020489896266987867,0.0017144778521696708,-0.0013532599164504985,0.0016269521184844055,0.0006999520976092502,-0.000271536040135413,-0.0016794671279904588,0.0004025909592955873,-0.0026216540564719024,-0.0017303296641030968,0.00435216516402546,0.013963932426983103,0.00348074173991962,-0.0015376844366833474,0.005947795354793945,-0.0016544494567471944,-0.0023737587038898675,0.0006792020619871056,-0.00014627642275220196,-0.00017727202894225974,-0.0005046545169868486,-0.0004376577129030683,-0.0006651197799362825,0.0008263247376028549,-0.0022328105831156838,-0.004155075038733873,-0.00944552055985959,-0.005945966398392208,-0.0008093352359961706,-4.894998508734804e-05,-0.0025842686933841797,0.009106089662285918,5.718428415693656e-05,0.002263358452797989,0.0004909553151628699,-0.0016066088394641545,0.0031551511124424205,-0.004178601403184515,-0.00014230030300646477,0.0005616291818518543,-0.0010442114658341583,2.0824241818988898e-05,-9.168008000818195e-05,0.0027992597705168544,0.0002483313462567322,0.010523262409287294,0.0022786927509851848,-0.00033721722737539836,0.008651892009052918,0.003418619540732084,-0.015247575798717787,0.0026404991222412186,0.0003647091234253329,0.004640299763866566,0.0,0.0,0.0,0.0,0.0,0.0,0.0,0.0,0.0,0.0,0.0
2023-09-06,-0.00046702616139123436,0.0021854134802029457,0.0005688520001881889,0.0003435170730355487,-0.0004167911632705056,-0.0007478084377519314,0.0006793555147344891,-0.0006859492301772641,0.0009678570359650301,0.003998755226190574,0.003924795877659183,0.007376521588873079,-0.00020382590079965525,-0.0014465105591802184,-0.0007775727549782456,0.002801902381843131,0.0017608713785447155,0.003064380130045936,0.000752706992836788,0.037660364855977485,0.0003646700036740666,0.018544891270350906,0.0010158758655485012,0.0006282775167345021,0.00010858372364249461,0.002122442843951081,1.2428069056499143e-05,-0.0005522220136832596,-0.001077095461229262,0.00011227656924019955,-0.0071814389173998705,-0.002652146474269714,0.0021165807793938223,-0.0032676323786364953,-0.0012071361654278046,0.0005205882415134412,-0.0029514608130335506,-0.0017335971833890562,-0.011007919392084647,-0.0005295928089844213,-2.6171439350955747e-05,-0.0008412106888412866,-0.002199632272997713,1.488321892317095e-05,0.0038273490746717586,0.0003891571714020077,0.0012595337323298864,-0.00041835133282922134,0.0006422919669204198,0.00024331559489766701,-0.0006586222934941353,-0.0011958131286432874,0.0009646677362264405,-5.7413603527873904e-05,-0.0017878533011250863,0.003634258429846782,0.01396907435129911,0.004272579236665667,-9.346053654752753e-05,0.005813184613921478,-0.0017986591109348166,-0.00239512993011395,0.0030483839453381636,-0.0011934103248905537,-0.0010558686767000252,0.0008355106514484945,0.00029507092523784183,-0.00032345728811726933,0.0021005856383904116,-0.0014998177687641997,-0.003879453977575054,-0.011179823024788442,-0.005834410655531888,-0.0006498888494406336,0.007374022301075758,-0.0035363003013729613,0.01002257766815275,0.00027539095148159667,0.0036202819118030805,0.0002574759964838599,-0.001335201523557356,0.0039054014690341897,-0.004533358629778359,4.501644536150893e-06,0.0019633337657109927,-0.000805334760038171,-0.0002873812565925084,-0.00011232960430613835,0.0027138598485327635,0.00031065887752826577,0.005848057083173659,0.0021740697281547247,4.154499577760636e-05,0.008504837169884686,0.0037733882861864525,-0.014805426536997996,0.002923185567369448,0.0017940437133279873,0.0029313982033912452,0.0,0.0,0.0,0.0,0.0,0.0,0.0,0.0,0.0,0.0,0.0
2023-09-13,0.00022683091093171636,-0.0008265164340038514,-0.00011704629818238295,0.0005242465869096489,-0.00023270415542161435,-0.0008393792190095051,0.0009981834890106839,-0.00016291647252183387,-0.002231181480646472,0.0039003721407725508,0.0025032932503700105,0.007702965197903835,0.0007962303291480961,-0.0006992200516404576,-0.0011893103432662007,0.0027802139539000927,-2.513984325479736e-05,0.0033960570029027003,-0.0003636341559704427,0.03732222936762274,0.0012848513905178854,0.017364214602474743,0.0008178720210146341,0.0005817340740783074,4.8125272215238554e-05,0.0018724581451804328,0.0003348466329382871,-0.0006344100602012168,-0.001332887235267786,-6.458822778045727e-06,-0.007483360102494371,-0.0029901821534530004,0.0012263906607683497,-0.002575525916761362,-0.001143562952107867,0.00028842617514503356,-0.0024047202402707442,-0.0022966575919667743,-0.010772180510033817,-0.0005865413498944469,-0.00021617479217016559,-0.0007051888562835589,-0.002141115132122031,-0.0001689644509767224,0.004198203447616551,0.0007278205751742744,0.0010691053258293907,-0.00019158788642291321,0.0010219522802209008,0.00043247712551234635,-0.0005439295796393253,-0.0013431278127040988,0.00033775397196717676,-0.00021899981143387503,-0.001733853828211408,0.003810986523287967,0.015140618785693933,0.0031694568350518226,0.0009176652910953579,0.005754633461863709,-0.0009360891209778911,-0.002327931015054723,0.002928773576260546,-0.002773809980553984,-0.0004907579088637129,-0.0020856280458144993,0.0004867395727203575,-0.0003628846225816237,0.00206419989630324,-0.001050414518545404,-0.004008732567227838,-0.011091355628817497,-0.006069514184800401,-0.0013280293051603801,0.007471993870029038,-0.0037386777773515826,0.008939515953024014,0.00014860085769430887,-0.0020992640562504444,0.00016903323805623937,-0.001354491903435806,0.0034571145207072944,-0.004895054150771146,0.00012742335693017253,-0.0001562963951529047,-0.0006030845720669088,-2.5053267836732644e-06,1.390401630060909e-05,0.0030210472696619046,0.00015665452221118586,0.005130973528361668,0.002196795513448415,4.332287924924532e-05,0.008633066242458052,0.004331350697233988,-0.014231242039121303,0.0024597043277287812,0.001494994495745425,0.0028717027494629364,0.0,0.0,0.0,0.0,0.0,0.0,0.0,0.0,0.0,0.0,0.0
2023-09-20,0.000363081671652528,-0.004200974576572357,-0.00039903635708695345,0.0014808979783062822,-0.0003762587603541263,-0.0003034765786782214,0.00022192819328939662,0.00035649629183943655,0.0013067130543626682,-0.0002992245775426541,0.0030208467689415643,0.008168849943714074,0.0001978041172532044,-0.0004389894898247857,-0.0009883024774576866,0.0021844994935675253,-0.0012969214398136216,0.0034558411320640557,0.00019705329898948447,0.03618572460170369,0.0005616491299980062,0.019196598687426736,0.000942984540723737,0.00046716681491190974,-0.0002772553400419816,0.002523296890538851,-7.102852976191565e-05,-0.00024474520657950246,-0.0014391752691649393,-0.0003185407807921887,-0.006467381925598824,-0.002767577331635267,0.0017290932935234587,0.0015936659835903363,0.002958255118756005,0.0007944939994621056,-0.0019444336437807609,-0.0023687043063296016,-0.009872867429030508,-0.00051364143293044,-0.0005605217252269525,-0.000869903898718263,-0.002597435608823881,-0.0005616250030370334,0.005028010670953708,0.0007448944732335852,0.0005317825582391946,-0.0004976401672596404,2.9107658424461408e-05,0.0004955423223140795,-0.0005162191218254489,-0.0014592163332821356,-0.000436446022470175,-0.0003721010339580615,-0.0017830904800115724,0.003896697395648936,0.011830675042940022,0.006820299210111756,-0.00043526816987735117,0.005166839791578759,-0.0007459193556714476,-0.0012321313651217128,0.004261361791249195,-0.0016712611713618178,-0.00034436044546532445,0.0002044620700098645,0.00018752235130746318,-0.0007455058113232628,0.001398647702292011,0.001166429952807397,-0.004170322455668185,-0.01255130763985345,-0.009373725182830486,-0.001732143929822599,0.009363718591211158,-0.003473276692320812,0.008622561214970216,-0.0007524515903545478,-0.002177231837785564,0.0004131456177992004,-0.0016118932183818745,0.0033251881224985015,-0.004987327613004447,-0.00037550332062212164,0.0014445708621736017,-0.00084941616335877,7.564946206990879e-05,7.999903857776089e-06,0.0028078636795608883,5.961588949097409e-05,0.011338215138662964,0.0023155427426787257,0.0005430128844155087,0.008389671476922843,0.004589165204857179,-0.01361174206319215,0.002712077198294741,0.0023666101176341007,0.0032329080018288717,0.0,0.0,0.0,0.0,0.0,0.0,0.0,0.0,0.0,0.0,0.0
2023-09-27,0.00034047079897708273,-0.002619541587573927,-0.00024337046548960874,0.0015896354026492567,-0.0013013888106915559,-0.000510461370860246,-0.0008479082779999757,-8.338487361658912e-05,-0.0016054293200811498,-0.0016268516584607335,0.0026118118055801,0.0074039559093180786,0.00065636940210985,-0.0015705387668195822,-0.0009885891538820447,0.0015753964242490176,-0.0007430411346870172,0.003407151632581021,-0.00027250206070544337,0.033694370508937685,0.0005425517504368011,0.022783216927543995,0.0010509749670908838,0.00019873439033279923,-0.00010603523767717607,-1.3949707365810112e-05,0.0006825616804348936,0.00043233782917746934,-0.0006783687106381443,6.165310301432206e-07,-0.006049348689078544,-0.0019438900454120884,0.0017904132207659743,0.0009263631684337141,0.0026583092881633233,0.0026503376907909314,-0.0011101231237517846,-0.0025724981217721626,-0.00643211855510632,-0.0011771933568526956,-0.0002506230790414928,-0.000970866632417272,-0.003136820069862122,-0.0003490648219323787,0.00455814718343236,0.0011791652506186305,-0.00038742439838153125,-0.0004319728994635551,6.523880459761042e-05,0.0006616121018534543,-0.00045917099388122017,-0.00128630686265569,2.01187666970455e-05,-0.0005293971864613344,-0.0016177031920789739,0.004462287440467664,0.012343208050633292,0.009747819150305391,0.0011031735743619242,0.00519428201109792,0.00033093053451330184,-0.00044003656465645537,0.004383510186897474,-0.001702537593274752,0.00221693956293287,0.0002227771320976915,0.0009702889026109839,0.00042494303575178944,0.0020126407732487628,0.00042472732297129913,-0.004219268282721659,-0.014675312215410241,-0.009314652373430824,-0.0019503612386744832,0.009247861478975999,-0.0040032079482278365,0.007848523690872161,0.0009749503893917951,0.0035493787486100313,0.00031636038663887506,-0.0015656763894487617,0.003916123787278313,-0.004944116878771107,-0.0002925084990274627,1.867802467438655e-05,-0.0007906571345622366,-4.876262603619704e-05,-6.594045271815737e-06,-0.0016057567685997631,0.00047565451860106145,0.013127027070921634,0.0019206118841794905,0.0006468550864779948,0.00816362279329707,0.0023232793342563758,-0.00978295298911832,0.003193131523579193,0.0023794787399119364,0.0034009649994814414,0.0,0.0,0.0,0.0,0.0,0.0,0.0,0.0,0.0,0.0,0.0
2023-10-04,-0.00031233974433728166,-0.0042007771109241416,-0.00010894752340337335,0.0013974182496847263,-0.0013656941431569858,-0.0007258836689629777,0.0010604091719142942,-0.0004521097323379694,0.0013325893909879234,-0.0024857568641510307,-0.00011761368745926757,0.005063873156201111,-0.0002652444738016589,-0.0010757786202810788,-0.00019527075059715712,0.004562051397801863,0.0014360776318689367,0.0031420985124455355,7.699827190361057e-05,0.00825709739480155,-0.0003187753744277271,-0.004796603796675965,-0.000524398553487999,-0.0008119558971010071,0.0002550246381535381,0.00035088466343483917,-0.0003757987166956118,-9.91583953813281e-05,-0.00011285935124584312,-0.00012108863762547049,-0.007674407208720763,-0.0032792042451808504,0.0004215664972583854,-0.00020042570204654623,0.001362157996283561,0.0015549128311055313,-0.0020367673207060486,-0.0008327000205481281,-0.0020294933126529992,-0.0011894920876778252,-7.275377055653054e-05,0.0007186839031663891,-0.00041012637223802884,-0.0021085984483812663,-0.0031278136489769465,0.0012349579523706264,-0.0014503033194688674,0.0001764529846605636,-0.003106003925688893,0.0008375589120370885,-0.0006586327320504128,0.0014027066080351104,-0.0014370471314643651,-8.460604293038723e-06,-0.001602892591879536,-0.005110765781241713,0.007780838943089154,0.00842386703924627,0.00032217524212911056,0.004164302565938689,0.0019343600641783072,-0.003011487242449512,0.0034821044190449777,-0.0014888962437410698,0.002608608316215928,-0.0012734851881318638,0.00012577571763967434,0.0003854356597813323,0.0026858753650334977,2.7189387215558154e-05,-0.0040642823838751025,-0.013731503422932924,-0.009969078970623099,0.0018812021636648597,-0.001170422803832618,-0.0046520618268357065,0.004322954992033585,-0.0013596008975809207,0.0007932643562875938,1.3407766874088797e-05,-0.0023813063506398276,0.004842739784208352,-0.00031596397267260375,-5.8101316756119494e-05,0.002224602784408663,-0.0006946986439619781,6.454018251538954e-06,-4.00170554415262e-05,0.00047756076258756805,0.0001993602063648548,0.018737465293527437,-0.0005922529688766197,0.0015336383347913638,0.009120277528885024,-0.0023546834858895497,-0.009753002388254538,0.0031907330403612095,-0.0030814325104556585,-0.010641329852864395,0.0,0.0,0.0,0.0,0.0,0.0,0.0,0.0,0.0,0.0,0.0
2023-10-11,0.0004006200824135644,-0.005740735029708454,0.0004248571247613561,0.0015609885518349078,-0.0020913381531371313,-0.00043370621844814527,-0.0002044584735018517,-0.0006079464490078087,0.002004925098421444,-0.005019266746381519,0.002039642352386108,0.007433986917551514,0.0003762734979705255,-0.0015747564834524426,-0.0007042649220238266,0.0031041736669303946,1.8314294671633714e-05,0.0033461069886216326,-5.331205064665932e-05,0.0036959887087524446,0.00017167408445088167,0.004049335929657914,-0.00045997432002170167,0.0008116270580774948,-0.00020005696690119593,-0.0006006706670311632,0.00044243740867096714,0.0015373159872565155,0.0018452411518456624,0.001109864581717249,-0.00625707880098074,-0.002829677235172686,0.0006510516220708322,8.302608306693616e-05,0.0015799153270187407,0.005265538787483712,-0.001839806044781973,0.0016061342949886823,0.0013214624211342228,-0.0013263957606594373,-0.0004143570580050735,0.00037084718550166426,-0.0002109905197036275,-0.0025344584770015,-0.0032419523918130596,0.0009138400278823021,-0.0013048186030691455,-8.945514504014388e-05,-0.0028255270542787434,0.0007198923590273583,-0.0009297464405999179,-0.0013554364527185781,-0.0007828898204485078,0.0006680254176878209,-0.001448413436791933,-0.004311549185049484,0.0094417864394404,0.00932653940167332,0.0012084188464879856,0.004947551927036581,0.0013558388220271413,9.919159754263247e-05,0.003646000611563973,-0.00036835632798825447,-0.00010761943422499795,0.0011617943809898266,0.0010141558242166332,-0.00018625898131342493,0.0005983106920582151,-0.0015621397943402905,-0.004275906771179431,-0.01720325477953775,-0.009827078973017055,0.002123891487105568,-0.0019986710117345543,-0.005043040177538007,0.005514494465742171,0.0018846450898396328,-0.0005740500348171134,0.0004034009070000097,-0.0019586168808978215,0.003835134819274163,-0.004945796141132288,-0.00012334669972899608,0.0017872735870098522,0.000126838716843439,-4.971369278442949e-05,3.699281088748558e-05,-0.0010516503020492672,0.00026348287650385994,0.015921733045116737,-0.0012970942014291413,0.001719057909983537,0.008293073780644557,-0.001438315608653283,-0.010498836293559842,0.002299488473887639,-0.0026457924119805873,-0.002621689898540576,0.0,0.0,0.0,0.0,0.0,0.0,0.0,0.0,0.0,0.0,0.0
2023-10-18,0.00022696675431843705,-0.0018059780101019108,-0.00014064694987194403,0.0016253350307571073,-0.0010846067320133398,0.0003231975588649283,-0.0011382489133104172,-0.0009164365337820225,0.001050745302559643,-0.0038116186537758513,0.003845815777202086,-0.0068406776796638355,-0.00015610225122208367,-0.001832690713271212,-0.000792744993359188,0.005738386825561176,-0.00010590769896505626,0.00405528757845662,0.000192881398012256,0.005864372050865522,-2.4629066961948767e-05,-0.00358902837205948,-5.769690634137508e-05,0.0002738932373208277,-0.00011608808450518611,5.499933845397397e-05,-0.0008559797850847333,7.518402717453777e-05,-0.0001016158752005056,-0.0010651764632054394,-0.006572796197381156,-0.002397133374005148,0.0008661212573540088,0.0014058557235640346,0.0029084875179113856,0.0027370902205064033,-0.0026121530226949855,0.0009469934362182604,0.0015498022780619108,-0.0012202451095708784,-0.00020631324822295658,0.000596983045945412,0.00011712158392829674,-0.002236984148528234,-0.003312718972614822,0.0007406743536492247,-0.0013999605890920698,-0.0001722401302377336,-0.0029959187308752594,0.0014890432427405614,-6.262522851851113e-05,0.0015941110918915465,-0.001419802921341037,-0.00043241996589187665,-0.002085653126898586,-0.0062368851497149646,0.009520347038933863,0.00825023490279643,0.0004507958138604257,0.004957465926266452,0.0017606109191266638,0.0018743037370279596,0.004150105676438926,-0.000300679555967338,0.0018718151216918493,-0.0003377175304448265,-0.0011449574010769805,0.0002341534155833122,-0.0015203836395283048,0.001325304235754115,-0.0038113723001662373,-0.020015077680172886,-0.010379721170455604,0.0011071898450850425,-1.7998307535375258e-05,-0.006845362104893409,0.005239259584660286,-0.0013241129919067955,0.000576394573763058,0.00019327782257987946,-0.00014117445154015874,-0.002328091172362327,-0.0018340275896082882,3.950003835953804e-05,0.0019530719978610473,-0.00039381930990972316,7.458383722953307e-05,-3.0797517215894506e-05,0.00024060900062629017,4.302868668744634e-05,0.01997150585960614,0.00013837337048680783,0.0013311820898044976,0.008282626725569127,-0.004133785543119252,-0.011928330646214569,0.003060765108588443,0.00235661670035417,0.004824377681451062,0.0,0.0,0.0,0.0,0.0,0.0,0.0,0.0,0.0,0.0,0.0
2023-10-25,0.000286006883409756,-0.0038193439817266776,0.0006126364172543572,-7.297120848730112e-05,-0.0010378619974472712,-0.0003181339650576013,0.0012673138930977446,-0.0013147268910581522,0.001675935890036094,-0.0062489413043431315,0.003805841094329088,0.008178207818060437,-0.003507014083842523,-0.0014822284452553805,-0.0010729930450612125,0.0024253717307349877,-0.00028299684412544536,0.0031967474302637042,-0.00040284695592363414,0.000372344961546659,0.0003339576289238683,-0.003916831511050202,-0.0005026819792789127,-0.000630928309147063,0.000228657107781142,0.000123373736498017,-0.0003367099532079952,-0.0007821651899878842,-0.0013992552430319276,-0.000957999352808349,-0.004041161088793664,-0.0017369533970902178,0.0017422533816402231,-0.00041826591059682057,0.0033820359945182536,0.007416899122684073,-0.0011941963370347658,0.0009179626196979721,0.0010809139773654483,-0.0012509507747130628,-0.00027361355209651713,0.0005728022377693982,-0.0002527201588171855,-0.001238789401882459,-0.003054244350240907,0.0009585822364868197,-0.000519351185126772,0.00032844757486379843,-0.002816917295616243,0.001406102419758646,-0.0006296822388273277,0.0007124452338141461,-0.0001657212880399603,0.0003756243045561963,-0.0020027952871837125,-0.003221821400678675,0.007657849444346201,0.008889709934748627,0.0014430009082848515,0.004955520061681794,0.001959086634061898,0.0033114332989196437,0.0035810844101417535,-0.0003444797887819734,0.002329740414464985,0.00139162809114216,-0.00023096459007426154,0.00039021269398139673,-0.001238646333632456,5.274059721547183e-05,-0.003422880313746769,-0.014788051722692647,-0.009864211960901653,0.000999148443227615,-0.0002340613941858414,-0.006817290907606875,0.004830832020101689,-0.0007589748186433279,0.0015523115170199338,0.0004429129669471018,0.0014947173033481743,0.004964888432026255,-0.00018117935785601742,-5.63071069742591e-05,0.003658299645043963,-0.00027121702919275073,7.120699462561209e-05,-4.2731697346522576e-05,-0.0006633572915627527,-0.0007277319528082055,0.015094145931948397,-0.0015553160418615565,0.0015979364987736813,0.009229823528537627,-0.0014009286116536002,-0.011013882133545358,0.0038705355069736866,0.0026409982792183298,0.00800278341587024,0.0,0.0,0.0,0.0,0.0,0.0,0.0,0.0,0.0,0.0,0.0
2023-11-01,-0.0005581146076754051,-3.44084584356484e-05,0.0007839548198824515,0.0002681983640200398,-0.0013100709204172465,-0.00035876134022914247,-0.002549806910422126,0.0018778260712713547,0.0008149900599721947,-0.006682273038827162,0.006174427247828481,0.008782897354824184,-0.002360984315893416,0.004607434310708604,0.006749603306890483,0.004580987887423707,0.0013577124158717813,0.0022998407853592065,0.00014318334554876526,0.03029101784197136,0.000579165364647886,-0.014116484548697607,-0.0026020794412117197,-1.6497550679702455e-05,0.0003537369717525678,-0.0003483420434752264,0.0005086069399562438,-0.0002842155898960895,0.0011590657627928646,-0.0003410622241854361,-0.0032587004252423997,-0.001290956356417137,0.00259427731920243,-0.0004827523950836794,0.003000274781618649,0.00485846514692081,-0.001487371912827609,0.00035652445374813877,0.0003115289960808288,-0.0004968321346195392,-0.0005656920078015222,0.0012479454607641305,-1.0381965498046068e-05,-0.0006921188404143432,-0.0015451416248245535,0.00039598295197328326,-0.002522614729535756,-0.0004484985683599919,-0.0026337132148094525,0.0008166018962637809,-3.590795814669686e-05,0.0004446803684954756,0.00013776254642041343,0.0003794016015215346,0.0002774554236836555,0.00369858257454684,0.0022429332800468216,0.00853232048127802,0.0015602366594595553,0.004843482745401274,0.0023051859603916143,0.0025791094588684094,0.004820386661887623,-0.0013614381810070336,-0.0002754996954363716,0.0015114418260465936,-0.0012058408362209734,-0.0011254041134365414,-0.0014675293390041676,0.00023298437026095012,-0.0008798262807288,-0.019168286891902152,-0.007161059249413777,0.0007829929932389713,-0.005308091535174548,-0.006779704715323844,0.004089915439043335,-0.0002950888469424471,0.0016931199212169646,-0.00042486520181890243,-0.0010956573367962858,0.00490611398093186,-0.0026098132491150427,8.300005053383295e-05,0.0014763105158910102,-0.00026188365252192844,-0.0008285156335768493,-6.279293896605589e-05,-0.0009007731880078518,-0.0003107725652942547,0.008315099074259797,-0.00024161367407224405,0.001208195302673662,0.007563402099433763,-9.200462330124274e-05,-0.010315346268386621,0.0011030521391767307,0.002553776712422246,0.006351290424597042,0.0,0.0,0.0,0.0,0.0,0.0,0.0,0.0,0.0,0.0,0.0
2023-11-08,0.00012924933602273262,0.004176078532082082,0.00045950734078056355,0.0007191256635897137,-0.0007849734452922291,-0.0007626276228632733,0.0005011515731275887,0.002465170787212068,0.00015626314602965304,-0.007539982149028485,0.005236269911020776,0.008249550752227221,0.000948477065104777,0.004044120592732855,-0.0005243623817510718,0.005269061792539612,0.00016485180692773328,0.002037560245560508,0.00045823894920872353,0.038311985875449546,0.0004899579621175565,-0.011531578790562616,-0.002744362603910237,0.0006151000739363357,-0.00028547590082624724,-0.00010694650659958353,-0.0004694694220052779,-0.0005882495193802324,-0.004475329872779583,-0.0007448145236142958,-0.004399285518469201,-0.0019409933226475584,0.002497086485968962,-0.00015118130251238555,0.0038290047616876426,0.004156494486005317,-0.0015913972525826773,-0.00015512587778080403,0.00043715571315537855,-0.00041073371347539664,-0.0008331949808773964,0.0012925088774033066,4.803828119873052e-05,-0.00041201830883827857,-0.0012636528895559962,-6.862176807289628e-05,-0.0029617276052947184,-0.00021437970053628038,-0.0028160093338399817,0.0006646217550854674,-0.0007012190930352323,0.0007347689510922129,-0.0006931929604181075,0.0004206652594255448,-0.00023659582575170736,0.0034323903964043425,0.0025985490418062437,0.0024981011583271053,0.001567607921357775,0.004903374560220787,0.00222411174085491,0.002053994526340266,0.0051055274015415035,-0.0012628371079294507,0.00010406777182835228,0.0002719800399451193,-0.0014836127013896781,-0.0006636400647931192,-0.0013939129970676912,9.626213848072586e-05,-0.0007022796823070986,-0.01840465500723642,-0.009384080927294315,0.0010908553799843417,-0.004371796949102009,-0.007083838209106459,0.003893659579429236,0.0014737081003909024,0.0021904405654610067,0.0011097696704375412,-0.0012519709815713566,0.005141289417934783,-0.0020381386763625962,-0.0003367493899853291,0.0019207822647938698,-0.0002500212465245627,-0.0008977188086873774,-0.00040962401661735764,-0.002075880610029788,-0.00030806168227003164,0.007827802004986274,-8.657276431353935e-05,0.0015626753611845835,0.007561912963956949,-0.0006651451876365624,-0.008212074495527119,0.0011884870252940505,0.0023733624749484993,0.004292607735436685,0.0,0.0,0.0,0.0,0.0,0.0,0.0,0.0,0.0,0.0,0.0
2023-11-15,-0.00016678206208848296,0.003401419290189958,0.00010372014940969051,-0.0017390470659382148,-0.0023624786119227437,-0.0016508859523354739,0.00097461634016601,0.0020978632874506784,0.0003990403652474526,-0.006606784813957396,0.004097147480449561,0.008391897155856046,-0.0031267771631372783,0.0044665736023018045,-0.001186044671583267,0.0034969987199255123,-0.0002014803571008612,0.002288776002499105,0.0002372226710542202,0.03902021220885864,0.00048711120260331887,0.0008938624720611666,-0.002898109265792879,-0.0008523348960282399,0.00046521047896898483,-0.00032246761066219827,0.0002444271451431652,-0.0007496265729674233,0.00011174922482954355,-0.0005932180348184815,-0.0043178468654754,-0.0004694071764080826,0.0025652049369957602,-0.0011423031815476368,0.0023251788011571265,-0.0025651578845381166,-0.0013521284643737983,-0.0015226532447390813,-0.0002463756673487485,-0.0005173880358387172,-0.0007818204437683268,0.0011522168732844408,-0.0005156457841108769,-0.0006721676934408683,-0.0033522212577094773,-0.00015165101444599124,-0.0019062745933881658,7.340164180038463e-05,-0.00210815066646436,0.0013498465434335,0.00011960024228867863,-0.002553479556317937,-0.0008426187237345753,0.00025643184632128177,-3.756835745373651e-05,0.003677416259776813,0.0004827180414973442,0.0034828763817371998,0.0010793227030552075,0.004858559750420555,0.0022121719773549884,0.0020437644740956746,0.004729681214295737,-0.0013551679088167911,0.001348050490804183,0.00282031175635756,-0.0004315886918800869,-0.0006815731423092485,-0.0016080229806856696,-0.0016720908495739806,-0.0037360831073323733,-0.019099870936875003,-0.00860757331544964,0.0010846971052620245,-0.004082576368958005,-0.006765524645925224,0.003685295647944946,-7.458963789945516e-05,0.002266136584578941,0.0011107219484208304,-0.00033672778160592656,0.005324923457906349,-0.004159498370895304,7.344137571873179e-05,0.0019305881249356352,-0.0003768858622214466,-0.0008344549928075389,-7.999232974269592e-05,-0.002190808190064903,0.00011357117872774837,0.005737519151876486,-0.0003008980000206518,0.001808542596600328,0.005640420596341881,-0.0025481088173775635,-0.010914434314764819,0.0012698338944111204,0.0022424425187978353,0.005993790974040149,0.0,0.0,0.0,0.0,0.0,0.0,0.0,0.0,0.0,0.0,0.0
2023-11-22,-0.00022142928816997138,0.00023774266041093646,5.826564808708049e-05,-0.0016142458679022748,-0.0016942326574825317,0.0013197658710788886,-0.00041510470395118897,0.001523019472197186,-0.0026387988095538167,-0.007294159706182154,0.004411223230757389,0.00854081873972562,0.0011110919315967577,0.004585323867984415,-0.0014026827304662464,0.005017928306444375,-0.0003359478247553422,0.0023073235666126917,0.00032473452450660945,0.04075894297269149,0.000966142443832684,-0.0026276816468531936,-0.002211821752617339,-0.0008143340458872303,0.0006348843310337852,-0.0002901397894440219,5.9261509947923475e-05,0.0005571523433958149,0.0008195314051257873,-0.0007117541046138098,-0.003121418979382014,-0.001199687811848577,0.0035555798994165886,-0.0008177582383263833,0.0025902179764369163,-0.0024813445856439577,-0.0020823214978752174,-0.0013748526170947511,0.0009985049141892353,-0.0005410357754401923,-0.0008377896558932443,0.0013853043804818953,-0.00047187793411570714,-0.0010552352554402751,-0.003093825028293831,-0.0003494544161492879,-0.002097962936710662,0.0002565059941780978,-0.002442931711551307,0.0013859207779748216,-9.648439027348725e-05,0.0005143336072949169,-0.00031771442340794865,-0.0004588150944472836,6.239119177643807e-05,0.0041855892161944755,0.002538189329002688,0.001664097400536212,0.000363437432187603,0.004671049403593079,0.0022728180363816865,0.0020614177578790263,0.004530919486722789,-0.0022927944240859334,-0.00038391130145987845,-0.001712988548390706,0.00027528105120916754,-0.001190986539076429,-0.0017721024110658934,-0.0004616789288707293,-0.0036613825657550694,-0.01702639333003825,-0.009266067279504549,0.00134779721784299,-0.0035286130315466627,-0.006108984647198489,0.0034255821733778155,-0.0006912564955919446,-0.0018666183218646148,0.0005933558791754161,0.0014549916646659587,-0.0012001854804330001,-0.0009094333057678263,-0.0006512383754081619,2.60828032989919e-05,-0.00027030057149372974,-0.0007295740625273086,0.0001732870318206016,-0.0010385654743655223,7.397966261640659e-05,0.011282532845175285,-0.00021541326106731603,0.001901308730262961,0.010091134467225541,-0.002398654969196498,-0.010332462450772732,0.0010044818778209253,0.0021248562243045576,0.00706920575447645,0.0,0.0,0.0,0.0,0.0,0.0,0.0,0.0,0.0,0.0,0.0
2023-11-29,0.00036520585134365433,-0.0012916699279294133,-0.00038874491926093105,-0.0017270761675773558,-0.001704452271070952,0.0010834138076040519,0.0005419696593560551,0.0008851879101747361,-0.002456852222720588,-0.007608459546790991,0.002377703322835369,0.010217708460383218,0.0008558563081938722,0.0048370261120170965,-0.0015572544456765609,0.0055629508073005976,-5.6966591337318315e-05,0.003989151409225913,-0.00027903719637925275,0.042908524799646894,0.00037731028934627324,-0.002334835705127453,-0.002575868136099061,0.0003525712658470061,0.0002819030693452012,-9.657214885317452e-05,-0.00023054044024072912,-0.00046007312344248873,-0.0013327433738326447,-0.0003128724027145065,-0.003116128021640335,-0.0013816939427499049,0.0040413849944528875,-3.525839807655354e-05,0.0031705584584605234,-0.002935827447631564,-0.00200236988494705,-0.001773432281312923,9.043913984821904e-05,-0.0003283265667002497,-0.0007266300677628001,0.0014073325903499218,-7.635428077470158e-05,-0.00038901575117701386,-0.0036230348186653515,-0.00016838171554785843,-0.002215811152170607,-0.0004301880445513306,-0.0027022773994401063,0.0014094302350336331,-0.0005215222778591505,0.0007369653181700019,-0.0002625427503661073,-0.0004555983942551922,2.4010470597341964e-05,0.0035127566643031643,0.001581588180885788,0.00032976923555850125,-0.0012892815030457068,0.004818928900380613,0.002737546667870521,0.002113764221904821,0.004736925092448974,-0.0013047100635784135,-0.00021925556803905225,-3.930936169072386e-06,-0.0006038143122550016,0.00039800908064222505,-0.0020367195998867425,0.0010256850491433616,-0.005684612118406681,-0.020430021709563442,-0.009063975635219242,-0.0011146475973911657,-0.0054261071719021664,-0.006048604317385165,0.006393501472033175,-0.000948948082565894,-0.0018744815200680252,-0.0002795751359231969,0.0014505016679791385,-0.005775263025987764,-0.0032060653016803757,-0.00061160601615592,5.333796771090206e-05,-0.0002928347715378235,0.0001460837980864376,3.376360308962613e-05,-0.0004640174841228412,5.816195232072734e-05,0.0096976878165713,0.0013814905344990203,0.002224868983864468,0.007192708291289679,-0.0025304767693652263,-0.011030223000078915,0.0003843119760628509,0.0023948045633692397,0.006156074695911748,0.0,0.0,0.0,0.0,0.0,0.0,0.0,0.0,0.0,0.0,0.0
2023-12-06,-0.00015568265016724391,-0.0058012583100759425,-0.0005689472551594499,-0.0017591377317642894,-0.0009423575159190901,0.0011558306023807207,0.00035324797111474456,-0.002522587721825433,0.0007510378335545109,-0.008138905795845041,0.004368288230905391,0.009951117527769034,-0.0016966303241098732,0.006254197238827443,0.010241010461535967,0.005146978297930356,-0.0011009833350456872,0.005711228210366245,-0.0006685434585893641,0.03281764478074684,0.0004689845939657775,-0.018811320816895447,-0.00236347959322368,0.0003193286056432999,0.0008940126358586429,-7.806077049984613e-05,0.00042305694220874467,-0.0027819404022434288,-0.0012841361435548767,-0.0006695828574623387,-0.0019526028099914093,-0.001108892459586123,0.003997418959095172,0.0004465928695845546,0.002827069787957799,0.0021934516263263336,-0.0025176622496785104,-0.001693499614866997,0.00023289010225010864,-0.0004780418888502732,-0.0006038075234245484,0.0005163504580506901,0.00040517049274490754,0.001104761396553335,-0.001186872230051794,-2.4856999079596418e-05,0.0005617160119439388,-0.0018428388757668784,-0.002851527875370914,-0.0005897340150892847,-0.0005766377617316386,-0.0012816142454010508,0.00026920332106347515,-0.00046051441959302984,0.0011153635408426804,0.0020586321500753535,0.0031509195652212607,0.0028077884664717244,-0.002287690692471841,0.004874852714903722,0.003167355721134992,0.0031891936980353143,0.004524423649780621,-0.001077392983148071,0.00023029880832281708,-0.00030816595540198984,0.00010155656615211998,-0.0007897697785309116,-0.0016286842436538376,-0.00026937071093598825,-0.004148773999265219,-0.017952756771130268,-0.006965296605152805,-0.0006132310392139107,-0.004587372632155202,-0.00954024690290723,0.009880674775527724,-0.0009743461626256187,-0.0013628064054446237,-0.0004532085654703119,0.0010543306881800943,-0.005939119935205138,-0.0012208946006544675,-0.0006214331957274832,0.0014111308202323035,0.0007515510687456815,0.00013946430423850934,-0.0004457918120591236,-0.0009559040351336276,-0.0004639845496880903,0.014509396139770061,0.0016234751367793655,0.0032745647170998914,-0.001186070145049796,-0.004256853722292866,-0.010448967783717511,0.0008594091764126576,0.002260220472728636,0.005516933425891869,0.0,0.0,0.0,0.0,0.0,0.0,0.0,0.0,0.0,0.0,0.0
2023-12-13,-3.0368145814093477e-05,-0.004536836280671446,-0.0004184525516655618,-0.001915565897898159,-0.0011289705427340866,0.00043352307102565395,-0.0012233328920496277,-0.0023788389867853165,0.0003790825829641544,-0.007853912431386232,0.0030122666952189393,0.009334944620226878,-0.0013674978038967364,0.007005414531008818,-0.00150686379243859,0.005001978128042394,-0.000787517651380139,0.00438803786143011,4.322505675962592e-05,0.031306070688656595,0.0007689708782120314,-0.018351777762734597,-0.0025119893752838427,8.358685533635511e-06,0.000887940001148609,-0.0010826888560613297,0.00014051591886022838,-0.0010859889229947917,-0.0007085170534551933,-0.0003287961080129582,-0.0027038659207139324,-0.0017619437699024233,0.00430282123870248,0.0003371807103111997,0.0029687292191034314,-0.001417687515589612,-0.002521294996211743,-0.0019996658832755745,0.0006792072555056348,-0.0006535305541349048,-0.0005190186195673484,0.0002821482509036018,0.0006856321802699156,0.0012925202947003584,-0.0010177680196925836,0.0006228567795676169,0.0007088810392053314,-0.0022360070708836383,-0.0026467937563806436,-0.0008327034517914266,-0.0006040727797684988,-0.001243703323739625,-0.00019603018570553033,-0.00032254061444296007,0.001101450645348925,0.002995327122566483,0.0009411446008158195,0.0037499770945251644,-0.0017979966691723272,0.004875911300063579,0.002701125610763856,0.003386631442672114,0.004608312991921989,-0.0010689358476424938,-0.0013060768878999855,0.0011131324517006434,-0.00021326727409810413,-0.0006585193548971253,-0.001753098756091988,-0.00019667550017067633,-0.004051960737236635,-0.018277765978986695,-0.007237314550913414,-0.0009494544639885104,-0.003704288382240815,-0.00899880249874003,0.008166578612053492,0.0015686520844568994,0.0019160689444389634,-0.0007882496972924084,0.0008047953620592717,-0.005157229734433998,-0.0025868241947638597,-5.032173786243738e-05,0.001686760815447014,-0.0003363624804860647,8.170389113456336e-05,0.00017860193050449205,-0.0005537846398835872,-0.00042742613332210803,0.013445805374566633,0.002095975171617603,0.003501052961846627,0.00039376349967426674,-0.005760016613389928,-0.010420612573373832,0.0008686235697399302,0.002481427651235758,0.006990145138860408,0.0,0.0,0.0,0.0,0.0,0.0,0.0,0.0,0.0,0.0,0.0
2023-12-20,-0.00011111126793868219,-0.001595596187070322,-0.00046837239186470154,-0.0019255791013428325,-0.001134497246690178,0.0008845933903989793,0.0006736737638146041,-0.0026606123238578127,-0.001821532493235467,-0.007251634370175265,0.0037107828610323575,0.009721066902680802,0.0009911273306498843,0.006032020757210492,-0.0009676090074956413,0.003899125619828721,-0.00035288461858376,0.00402380512504015,0.0004094282692901509,0.028393544228164043,0.0013114357015314726,-0.01876517750278615,-0.0025267567899831655,-0.0002335602988667936,0.0007281755111094532,-0.0009731697171006378,0.000389057826045318,0.0016321541154267452,-0.0011153594677436858,0.0004012093433228473,-0.0008709288658116662,-0.0040629377790813844,0.00351167547588667,-0.0011422647795543172,0.0014325675096457666,-0.0030092452091298482,-0.002508896672771016,-0.0019177823520329213,0.0007617827238803206,-0.0006124385212282864,-0.0005307061236043867,0.0005552275257217328,0.0006510741725433886,0.0015028939473252126,-0.0010120960389569235,0.00029929766179209304,0.0009464321144180702,-0.0008968846320424075,-0.0026512596901407774,-0.0007310427419412009,-0.0007454945526139832,-0.0015165105256638527,-0.0008230082101117192,-0.00017499287246309443,0.001683977401409979,0.0027936489871251053,0.0011799817104010894,0.0041188959497583015,2.022049275225771e-05,0.004824440205856846,0.0027838989537352123,0.0025306770275325334,0.0016803830336164876,-0.0015057672340583626,0.0021100248439362163,-0.0016784960124478796,0.0006552773330692494,-0.000528169240731758,-0.001945968724659582,-0.0017935562959919612,-0.003024200420909662,-0.016499188340725824,-0.0037526923100776066,-0.0019184652862781638,-0.004035331917101629,-0.00820220045407954,0.007782890592281643,-0.001103779222085089,-0.0016538169083288952,-0.0004384249577728646,0.0005557971141496156,-0.005249856917998406,-0.0008944001310796373,-0.0007020165961129976,0.0004901179232510538,-0.00024096281454205035,-9.826917561831979e-06,0.00023993271126509445,-0.0007519238825314666,-0.0004389586063472481,0.011081856283103677,0.0016042403591946426,0.003995197941509602,8.363268050170383e-05,-0.006252521969595889,-0.011401954225271039,0.0010606639752250334,0.00023854090524566858,0.0048740416745890365,0.0,0.0,0.0,0.0,0.0,0.0,0.0,0.0,0.0,0.0,0.0
2023-12-27,0.00013075671432441033,-0.004206537851399402,-0.0004865523081791379,-0.0010056050549687758,-7.516298539803743e-05,-0.0013820656859365678,0.0004451142813186457,-0.0024864328920916035,-0.0020970557143225555,-0.00992183292013662,0.005002147259472676,0.01091906724065759,-0.002692395112632489,0.006785110985059036,-0.001410437599815725,0.004471504915844672,-0.0005193033026042184,0.00609779719762789,-0.0001388844416449081,0.031032824036904036,0.0014122654002181978,-0.01847537370014418,-0.0030897757110349834,-0.00023388189097099153,-0.00019483369973551025,-0.00014985619478970495,0.000428087740111308,0.00029797969517451455,-0.0005722595769340296,-0.00035962288151290004,0.00021502497390555553,-0.004653035583349319,0.0038475351951160145,-0.0006534821007037522,0.003367200401672397,-0.001289289385766433,-0.0028607503155383377,-0.002298140581937134,0.0010304164675834237,-0.0006877707474567373,-0.0006752304187994464,0.0003700227323579505,0.0018620005060433675,0.0011815630464658868,-0.0012826914516689254,0.0004265933957350451,0.0011475945502340764,-0.0018082618786446015,-0.0026075438158859707,-0.0011366026710111319,-0.0002778276148610549,-0.001992160575169315,-0.0006981113379402378,0.00020375211318382974,0.0010067394484766113,0.002968784363485238,0.0015887943296293658,0.004762430472016411,-0.001851283449957646,0.00486185180612251,0.002679239821507647,0.0010489875190704584,0.00197349069832458,-0.0014556426864824514,-0.0006163622640836754,-0.0017657227683673378,-0.000890745818891857,0.00079872584966991,0.0020738525420267986,0.00020312173886503492,-0.0027897712477610694,-0.01465325605617653,-0.00465391794809208,-0.0018674672386819362,-0.004859483027127276,-0.0077844884753257996,0.008502537345594668,-0.001068556649153328,-0.002371714358346291,-0.0005732202292966975,0.0003728877361968101,-0.00569848215247594,-0.0012374293002758037,-0.0007501430365331976,-6.472234299723987e-05,5.973329756835402e-05,7.189068626669247e-05,0.0003724039473104843,-0.0007714415087472415,-0.00042849012820824574,0.01607233207024314,0.0015736476486461148,0.0032697084191123057,-0.0011883242032388489,-0.005000103993468873,-0.011946749500899707,0.00012805834019962136,0.0006701542776419358,0.002550791275756692,0.0,0.0,0.0,0.0,0.0,0.0,0.0,0.0,0.0,0.0,0.0
2024-01-03,5.616511253214352e-05,-0.0040238612384909745,0.0002778086687630946,-0.0011259805665365732,0.00035664378549769,-0.0009431590514457492,0.0011616381579462368,-0.001673582517750941,0.0001346879436566464,-0.0047596331265165985,0.003718011506672752,-0.003570573883421979,-0.00166110178549885,0.0035682595583012137,-0.0009824518918729068,0.00205087920557879,-0.0016944152171474742,-0.00039015123832874046,0.00048642500844733215,-0.0315892536013851,-0.0013478680140876548,-0.015000441205810797,0.004644405758941805,-6.433306197248511e-05,-8.5499149282599e-06,-0.001960299192608861,0.00017088072028428533,-0.0008989446836597969,0.001219227705707852,-0.0001116391521166373,-0.0006691357130983651,-0.005080614501346375,0.0027003452673341984,-0.0006545902955922913,0.0023363804312626886,0.0020833940813756876,-0.004202036322246434,-0.002640789473013394,0.003034533546274182,-0.0003189096042493877,0.000631993504305585,0.00021902316492258898,0.0028363806060122602,0.0021854453787626556,0.0021821830245046174,4.6946989539088176e-05,0.00339741742303174,0.00024433380136692774,-0.003229687654520751,-0.0019166381470929956,-0.00038642755349889137,0.0005884011113607624,0.0007409539374487076,0.00025798112388735427,0.0008634928292817559,0.005100141589281762,-0.008540663009614953,0.0035846564893355554,-0.00018828075768733272,0.005078128085563038,0.001640775626524767,0.004076480836587505,0.003953337247615823,-0.00012699346041027444,0.0006056769000250409,-0.0017279890470380174,-0.0012152216176058131,0.0031123894398483337,0.0012199538337544728,-0.0017337784063147313,-0.0019415222654590087,-0.013563416724486698,0.001142187551050388,-0.00020773676439807173,-0.00019348024602722826,-0.004300814495488915,0.008142782378453745,-4.5223343709029334e-05,-0.0016203833441450087,-0.0004574634895267293,0.0007056318111929985,-0.003855423321208177,0.0014030752230419499,0.00018084272156409798,-0.0001278197249567994,-0.0005376971901277241,0.0003093105248822897,-0.00015482800915718662,-0.0011863225448588803,-0.0005203594908798297,0.03305039620413889,0.0003875370103889692,0.0023902934566667924,-0.0005720184491259799,0.0017064123441090375,-0.009007881806455963,0.0013373497106558855,-0.0006660549728302719,0.005048550491154543,0.0,0.0,0.0,0.0,0.0,0.0,0.0,0.0,0.0,0.0,0.0
2024-01-10,0.0004974337054288863,-0.002664326487894124,0.00024565938874962636,-0.0016424777179737929,0.0006990535623174204,-0.001715916224287786,-0.00011734264159810372,-0.0021818141807717173,-0.00032677766002232335,0.006173624568674498,-0.001835938698642283,-0.027240630267305683,-0.002845594354206356,-0.0011382868117250794,-0.0005084287542509228,0.0018536239252706468,-0.0013031481630066952,-0.005570684530270181,0.0002592176508121972,-0.060264673637464954,-0.0004086602446750385,-0.015468986153659185,-0.0027269403634103445,-0.0004073024591796722,0.0010035312129635418,-0.0018272172316097374,0.00024777335571353796,1.2942758881706655e-05,-8.713492532415249e-05,-0.0006491220655407616,-0.0003653530460646469,-0.007517419516961447,0.001944018479647124,-0.000651217423037644,0.001097697089930455,0.0016634671779201895,-0.0036649588478659613,-0.002325986762850176,7.76266364670035e-05,-0.0006813567626060126,0.0006292347156039265,-2.3573881908535396e-05,0.0010617690674633007,0.0015806765012093297,0.004799153741758954,-0.0011601730669438765,0.004581654710040438,0.00146307457686458,-0.0036941227361834603,-0.0024470038359019437,-0.00039803471391291177,0.00023658041930056136,0.00015282051338135128,-7.814617053651573e-05,0.0011219965863806256,0.004047236173799531,-0.00989560126039577,0.007288159077334317,0.00010210936070368527,0.004025280055153225,0.0017721389705205933,0.005501992674271989,0.0036791283418113967,0.0019261773817608966,0.002174965405158196,0.0012113712929881497,0.0006370320054512725,0.001944932088090614,0.002106746132817805,-0.0037951087650841624,-0.00017125230876081828,-0.007634973549083231,2.196302114881735e-05,-0.0002159970769794156,-0.0025237609946353106,-0.002774382958296251,0.00833475666918646,0.001474477715759878,0.0015303989421939035,-0.0008247418823139775,0.00036157690668230677,-0.004466233045580196,0.004364035579432417,-0.00019156438155648614,-0.0004809289637376236,3.0457866958826547e-05,0.0001701118860241071,2.4072484759173933e-05,-0.0012327361210533604,-0.00018101059052222913,0.03368667227819229,0.0003851727996913434,0.0016576536607047466,-0.0003418976932031602,0.0015400219792643182,-0.005681280348802962,0.003097672596808085,-0.0025577180073743802,-0.0018999942443576983,0.0,0.0,0.0,0.0,0.0,0.0,0.0,0.0,0.0,0.0,0.0
2024-01-17,-0.0014287136251308603,-0.00364506392530062,8.859360165790505e-05,-0.0005737229007661139,-7.569838135991556e-05,0.00016981422708871443,-0.002968005351412827,-0.0025535240251759036,-0.0013704341283681868,0.006290055877974889,-0.0007088042798625898,0.011438771895297703,-0.0013540805463375344,-0.0008303653672887282,0.006688812096581982,0.0019453581851123706,0.0014447657065195147,-9.727194707721248e-05,7.529671786211855e-05,-0.061902406070253095,-0.0022042386258679233,-0.015390911905441836,-0.00207874644159399,0.0006308547206075656,0.0003192475416831907,-0.001929645558654241,0.0010180879300828209,0.002202073120823686,0.000368548700158224,-0.00035346138793313983,7.118304501928631e-06,-0.005452063637572503,0.0027853444254038744,0.0012130831530188849,0.0013309774990056624,-0.0016204838266794055,-0.0033272547309954347,-0.0021498168067721965,-0.0005746194803128824,-0.0005283938275992918,-9.495004786276901e-05,0.0005771349216680768,0.001586891150146013,0.0028240572319935928,0.004398668565770531,-0.0013712541159579131,0.004617505536949022,0.00017080685939865016,-0.0034311261315024544,-0.00222214094063846,-0.0004583854112968278,-0.0005353249282759687,0.00025961267934137053,0.0003587184168329852,0.0009035756212263004,0.005106417832595204,-0.00946792060655503,0.0030438934808617595,8.648450713317848e-05,0.00429508287682957,0.003192679540172283,0.0053410904443409535,0.001922693693414795,0.00178910678711238,0.002120603310765424,0.0013181087676736648,-0.0016770458022528224,0.0015433655877753335,0.0022069029948763082,0.0017549668259083974,0.00028892552992160463,-0.007636253032432128,0.001327350658232118,8.534418061954433e-06,-0.0009041160390669545,-0.002131462756355548,0.009302590922021407,0.00044632258519668535,0.0030196009589468047,-0.0003790429065458544,0.0005017410923256389,-0.0020571664025477985,0.0013536711971960916,4.8594186216764355e-05,-0.00040324063989656214,0.00026915492823442955,0.00014275626959364503,-0.0001700557284292232,-0.001033801237414105,-0.00013116649759101605,0.03328538834453853,0.0003151458719361568,0.002701841814753277,-0.0010373573155979825,0.001780751716424743,-0.005730320432000553,0.001915709092783143,-0.0009935310565849442,0.0035275096824464503,0.0,0.0,0.0,0.0,0.0,0.0,0.0,0.0,0.0,0.0,0.0
2024-01-24,-7.129995784950758e-05,0.008584069195363234,-0.0009158206370879326,-0.001216446158612427,0.0004081739852104083,-0.0012577427024119854,0.0016597941775233042,-0.0015930117773134047,-0.007031065644368198,0.006304033114509035,-0.0022946420785413934,0.0010405092574967717,-0.0030627652604883096,0.002750603829588355,0.006657130828831642,0.0018589614048922457,0.001190453817163321,-2.3049586192836112e-05,0.00021240799106757375,-0.0623936078008928,-0.0022763019662073443,-0.013961221929492156,-0.0016983249156145538,-4.336528007342444e-05,-0.0003263905546212236,-0.0021376820219906755,-0.0007953973536721494,-0.0007633288359385693,0.00036659370788345267,0.0005164511009639797,0.0038693825219165896,-0.006025253999397731,0.001137682372209464,0.0005718459229082425,-0.00033575819313781154,0.004700699992816272,-0.002781259947894235,-0.0017437516771490755,-0.006214812349388922,-0.0005232011314068946,8.769499628790115e-05,0.00027509867339986174,0.0014205312587345115,0.001603915904283679,0.004268349944247747,-0.0009350861249963449,0.004743275694106312,-0.0005470669466695515,-0.003147963299665623,-0.0022711348344809394,-0.00018504114908343754,-0.000581102195944266,-0.00028712523881951337,0.0005839437217016233,0.0008788326489967986,0.0032447976281742225,-0.009522386018141184,0.0011343705388510256,0.00011799629628811453,0.0038170465822757217,0.0025280121048565705,0.0032447453259191556,0.0018654633590881888,0.0007713294706576453,-0.0015600638539882438,0.0006921782481636151,-0.0016736348112290308,-0.00038634860336571975,0.0002789036502696082,0.0024150179831680485,-0.0005403067419176828,-0.009019033385118494,0.0020302225051127254,-0.00010510048634952368,0.0009716751121967866,-0.002502269771573163,0.010232189971685443,0.00032629419451611137,0.0010164029563832463,4.1864509902910845e-06,-0.0010553343366976175,0.0024168447951623605,0.00030526370229622016,-0.0004063993591547927,0.00015977271258717343,-1.382775620722725e-05,1.76555146247678e-05,1.9579953748854158e-05,-0.0003147057968409393,-0.0003096229573816527,0.0330122671690306,0.000748860978981797,0.002896721552374964,-0.0021472710731824302,0.00017979274804548468,-0.009790431530735067,0.0030242866020684087,-0.0011020686636911265,0.0024644710409652553,0.0,0.0,0.0,0.0,0.0,0.0,0.0,0.0,0.0,0.0,0.0
2024-01-31,0.00015234095666887985,0.0007058915125742785,0.00038289176074692846,-0.0012611329973200229,0.0009698066309295796,-0.0007477345122605507,0.002249516361756249,0.0015716753564471782,-0.0003401496463077336,0.006084831439472464,-0.002346459748983481,0.009037944931255485,0.0006300523154001346,-0.0006002615543707855,-0.0005578591495037903,0.0014268336144764974,-0.0004647332529954297,0.00021988449457667982,0.0003274800060334958,-0.06401567898585132,-0.0019445925678287606,-0.016060256905012404,-0.002597068290848759,-0.0002817630330081646,-0.0006046099245534272,-0.00022329594831882113,-0.0005397582439203533,-0.0012297128594317861,-0.00043416170871786767,-0.0006397494379432883,0.00513688670766798,-0.007957974678264526,0.0012007580639380017,0.000501387138261921,0.000326438788816503,-0.000358931355639591,-0.00222981089348201,-0.0022513476037958773,-0.006622711639143967,-0.0006765373801848152,-0.0003467664638576126,-7.978440316776075e-05,0.001281765944291375,0.0021979811072872523,0.0015027563168908344,-0.000616312984147111,0.0028047052543585644,-0.0001908570018860969,-0.0049167303153835,-0.0021766164150852658,-0.0006079204968189042,-0.000779235959317166,-0.00041510309741886296,0.0004503110269669608,0.0009734749731518591,0.002976470025991148,-0.009508939264037383,-0.00486978879168986,0.0008395947388802676,0.003773328987255407,0.0036260790986973827,0.0033056727394867717,-0.0009533354516721415,-0.0023249287922388136,-0.00173653370457017,-0.00040127991549250076,0.00019125796897609596,0.00023682158207306907,0.0005593101654575066,0.0018664352578777164,-0.0005182138142195411,-0.010149616788738793,1.5513160957839615e-05,-0.0009601551999038148,0.001455803029591922,-0.0033620140175090094,0.009101144379934856,0.00010930016142921278,0.0017262881723433573,-0.00014543407230126822,-0.0017613558005296435,0.0024933978036350266,-0.00012369390418265173,-0.00011023748444813015,-0.0004772784279181348,0.000334818298185417,-0.0007507096936112618,3.4009762891805446e-05,-0.00033721046464825895,-0.0004603648226331184,0.031632665386739874,-0.0003104954868158113,0.003079023007154859,-0.0021009289667221756,0.0002597739030461881,-0.010714547233487358,0.0027828455775794777,-0.0013967923140440935,0.005348845325397785,0.0,0.0,0.0,0.0,0.0,0.0,0.0,0.0,0.0,0.0,0.0
2024-02-07,0.0006196681186584252,-0.0034806276876390555,-0.00042318260098582813,-0.0014312855516226727,0.001134886741561703,-0.0010168355169678758,0.000289234977954267,0.001395093908619573,-0.00019746552966328358,0.005677854989474867,-0.0017529622944319825,1.1320500893558362e-06,0.00018374902685747686,0.0001770200800463923,-0.0008279457818125575,0.002353481613878407,-0.0004324859756378964,-0.005445355464716886,-0.001012317398343652,-0.05753053828354372,-0.002216554859127666,-0.015355432341404057,-0.0011544175961187065,-5.961453646649942e-05,0.0004884497834874936,0.0015416400261173858,-0.0003991468158975892,-0.0026795050809363514,-0.0006610128460381293,-0.000998691239054498,0.0050241670960990414,-0.007155454108170283,0.0009411263654706912,0.0007796109883622754,-0.00016235341590164882,-0.0012378827373679523,-0.0016670680122191093,-0.0024781474584115127,-0.006758407469707477,-0.000513772380843349,-7.437128012366168e-05,0.0005603011995498888,0.001112082462232417,0.0009588871764802452,0.0002876489694269745,-0.00024105219148559166,-0.0012656483596104346,0.0005449799328614103,0.0011616126692999623,-0.0014195634568594686,-0.0004994268308582738,-0.0010292173475156328,-0.0005681196159306181,0.0005082617037729786,5.2343603860974296e-05,0.002658045746930574,-0.006040070985420333,-0.006646940385849483,0.00010948769938862171,0.00449286805208114,0.0030038400224693985,0.003412349918605552,0.0019319165050530873,-0.001659592157214838,-8.924366504906776e-05,0.00030551317543423673,0.00021908872191564655,-0.00021070120224305088,0.0012829224648026813,0.0015625395770190802,-0.0013848714145016838,-0.005388490723398981,-0.002453792170169938,-0.0008127859760070701,0.009331312846656935,-0.009002963821341383,-0.0022486348548587786,0.0003104571620008067,0.0014424141611788482,-0.001131019377471154,-0.0017679516158069608,0.0032377963789085515,0.005269929254935872,0.0006598190473125402,8.878999536459639e-05,-0.000683194732054776,-0.0018210654695355285,-2.823656472005748e-05,-5.016605507675609e-05,-0.0009784286946468445,0.033600703777096466,0.0012970530134634277,-0.005908182852879046,-0.005191672184741133,-0.0033114309683681888,-0.015849705717657564,0.002210141812754043,-0.0013594162537434364,0.005670961106698881,0.0,0.0,0.0,0.0,0.0,0.0,0.0,0.0,0.0,0.0,0.0
2024-02-14,0.00020495627689701682,-0.0027191721948770426,-2.4920938457091207e-05,-0.0018545387113111955,0.0005591560903098697,-0.0008794791667091557,-0.0010433659750886406,-4.51154618997041e-05,0.00020317275527692913,0.007144433534811086,-0.004162743241233959,-0.023569218270424932,-0.0026082062737495275,-0.0002174018136965812,-0.00012674161140616039,0.0030344159406446316,0.00023995232980429947,-0.005435705270854604,-0.00042612494855159594,-0.05512464151414966,-0.0015112787364598384,-0.015745005611318506,-0.0007670219716963345,9.646828492967284e-05,0.0011028432135921386,-7.914772947244033e-05,-0.00014900385751999616,-0.0008247954930743395,-0.0007825519962531719,-0.0006164764179223531,0.004970882280338988,-0.0072306949599277625,0.0014984671634087655,0.0002361624121541817,-0.000545465478132495,0.0008338692490600934,-0.0018551882859178825,-0.0019527868845335568,-0.005752389280085742,-0.0004530270504418269,-0.0002265942872676133,0.0008041460618780884,0.0008114846435608634,0.0014156636890161366,0.00027383607690521187,0.0006820237799452091,-0.0013020125494582718,0.0014016204879285868,0.0003911828693444793,-0.0015962565970590742,-0.00026815352964185406,-0.001092996131389269,-0.0010941655881589382,0.00050604503536708,-0.0005983192106547258,0.001967726314977203,-0.005876216130771578,-0.007068468789665016,0.0003199118131310121,0.004492154799681997,0.00296835749468968,0.003698765324204529,-0.0017403230644416146,-0.0011828858589338661,-0.001128328667190412,-0.00019908696056164716,0.00034130100066087355,-0.0006049837184240323,0.0015862902491703928,0.0037474366034917616,-0.002291970214562407,-0.004287962935700547,-0.0008632818586104232,-0.0006457624890032868,0.008257106060513159,-0.008940134458896869,-0.0022280701293041385,0.0017541692164851927,0.002948587005382325,0.001419219002076183,-0.001554012370511647,0.003573945041593455,0.007834799552938638,0.0005213670144478239,0.00031050282791176615,0.0007926463053602228,-0.0006633930356076019,-0.0001755520924230186,-0.00017059856443639868,-0.0009806983959916148,0.032381720669235614,0.000805858711495656,-0.005985172604720657,-0.004655051199650722,-0.00270809000303696,-0.01462999282096795,0.002072491795570297,-0.0012622358207506766,0.004740379981089133,0.0,0.0,0.0,0.0,0.0,0.0,0.0,0.0,0.0,0.0,0.0
2024-02-21,0.00033239729960134233,-0.0017600223385513512,-0.0010851911309930503,-0.0014036830517779658,0.0009386170073956661,-0.0010660913350565384,-0.000828619397044633,0.0006405415308587521,0.0004100840998344369,0.006050361944748949,-0.002035547454707925,-0.027193302022609327,0.0007164822519416421,-0.0005097647056622825,-0.0016072819729747835,0.002499127978438361,-0.00019860974844584638,-0.007190767259141042,9.92048792528285e-05,-0.054820724446747515,-0.0025629929954336613,-0.015055144386911625,-0.0011229120362761735,-0.00044346255686534246,-2.6794669540579142e-05,-0.00020598077546534084,0.001005900655999677,0.0027760745314406696,-6.094311129719423e-05,0.0004902595732428881,0.005173637271879803,-0.004765822887060408,0.00047604985262479735,2.8203268518529115e-05,-0.0015359416193282014,-0.0044004653729611334,-0.0031906729228325993,-0.001564575631036335,-0.006209834263336282,-0.00019657808698327476,3.817104900133177e-07,0.0018316832969485556,0.001208042723927922,0.0014488863246914288,0.0006746294741058284,0.00040000716335845406,-0.0010679515827593635,0.00016569257896408127,0.0005894091030789484,-0.0016916118123620613,-0.0001834153992608124,-0.0009040077217328777,-0.000896115702410789,0.0001300827610741718,-0.00045123730200123533,0.004639738807690045,-0.005381208375060787,-0.004689566851588288,-0.0023738703313143364,0.004196999485747266,0.002990662186497231,0.003983853744537118,-0.0006453243347315246,-0.0005968792470922349,-0.0005168874118210621,0.0002693626984161218,0.0003040107358129115,0.00023300474233759253,0.0009990907737212873,-0.004272819644523969,-0.0010028332795118987,-0.004234281096870021,-0.0019037177523389404,-0.0003708995756014133,0.007987752481498984,-0.008943239066423556,-0.0021219875726047094,-0.0010724653403301196,0.001630257665940162,-0.0006699387039085031,-0.0017515483548348068,-0.00255355319455832,0.006269393155829657,0.0005818144198968214,0.0006196379709031025,0.0007559644198855524,-0.0016080550581572372,-0.00028787238632572087,-0.0007672704328494502,-0.0007676426748998945,0.0329270142089623,0.0008277590099691326,-0.005871788389615048,-0.004659100577994326,-0.00215411467637054,-0.013989806801562869,0.0030385879971370944,-0.0018583334597654382,0.00485581917081211,0.0,0.0,0.0,0.0,0.0,0.0,0.0,0.0,0.0,0.0,0.0
2024-02-28,0.0007720782009668897,-0.0039762455627291755,-0.0006510917605639917,-0.002017004320111455,0.0008481925705602465,0.0009744910517067423,0.0009156379600706979,-0.0004766374918547391,0.0003148650939713972,0.0058757576784967515,0.0041999933038385645,-0.027634647269341124,-0.00607920033676777,-0.0004321746703118521,-0.0008075191409930556,0.002686645682584045,-0.0007177132957800885,-0.007112620682396476,-0.0007471240167064544,-0.056281421645967965,1.7981712274800972e-05,-0.013859963379172923,-0.000955311063818113,-0.00039422593122659464,0.0001916637002702581,-0.0023684065911908636,0.0005047453809910547,0.0020931206354652164,0.0016172167014401621,2.8603107889598728e-05,0.004868306205394983,-0.002690527957162146,0.0010316027353595404,0.000328529466527729,-0.001497347607196592,0.0017616913468870511,-0.002653266459667928,-0.001364308218136096,-0.00546677599353884,-0.00026473230743329513,0.0005000878153677985,0.001779891016961951,0.0011664558964353366,0.0019552074313115304,0.0007839875493056416,0.00098922728231901,-0.0010157429622778499,-0.0003871299274930367,0.0007733036088343915,-0.00205139890306885,-0.000641333938582316,-0.0007505701908740225,-0.0005864110231440196,0.0006268967847823005,0.0002616384343335809,0.004996545499325072,-0.005126174305062612,-0.006571193651569885,-0.002749377603151137,0.00444755596269043,0.003027185688648559,0.003821864553954739,-0.0005355967914412686,-0.0007745738961217737,0.0014978416955034478,-0.00023957561481826,-0.0002517631742112307,-8.643020678871167e-05,0.0010723067845994673,-0.004531883623268714,-0.0013892456029996289,-0.0046090244678994585,-0.00037803851473200455,-0.00029884566161608934,0.007461543326178635,-0.007566995798539263,-0.0022485964734088692,0.00027950510024493913,0.00026271022120840005,-0.0005227411738695335,-0.001443882956836435,-0.0026011528859538925,0.007759851447369438,0.00033704091199996224,0.0001408748399298573,0.0008032708618727917,-0.0017742923996379755,-0.00021054403585132986,-0.0006268766460137248,-0.0006190080925882439,0.03430786113349242,0.000814368736225046,-0.006039477485874851,-0.004907089313714004,-0.002497156942370928,-0.01411336633533279,0.0036404584562750152,-0.0011335490843515387,0.004455105806340523,0.0,0.0,0.0,0.0,0.0,0.0,0.0,0.0,0.0,0.0,0.0
2024-03-06,0.00011259959525845444,-0.004603202265542249,-0.0005974465886405242,-0.00036787917231816564,0.0006640403419353524,0.0023108007563886483,-0.0003654838679883076,0.0005862707202219594,0.00021593547195520674,0.004618041044382247,0.001851206617820046,-0.02197056120252109,-0.00570113867109518,0.00010464532993440221,-0.001333245376368013,0.0005645816125525573,-0.0008852367644968908,-0.005418128539122452,-0.0004160494532941903,-0.05491573915651331,-4.2890446062155624e-06,-0.01486412342068585,-0.0019430551749871439,0.000788347061927784,0.0007442058937682233,-0.0011277670751071167,6.92480926753821e-05,-0.00039927268568976126,0.0010386510962322514,0.0003199003165781587,0.0038687279752959414,-0.002024293704132818,0.0020620358512089677,0.0006967618025341541,-0.0017562743551953882,0.006868139606357363,-0.00366596944215222,-0.0011334240617294248,-0.007720426914916531,-0.0009172123085300997,0.00025132066502329476,0.0010450780299457502,0.0020420943251684615,0.00206613757750319,0.000351393808826203,0.0009564864451220935,0.001345967249400377,0.00032949202332206126,0.0034241565642191395,-0.00012472770472160078,-0.0015458851105771942,-0.0009182031432874088,-0.0006338518309205642,0.0004683478458375398,0.0008402816119118489,0.005452209638780013,-0.006170066727027791,-0.0003235713025876018,-0.0014986119680894649,0.003545133012868387,0.0005268786322619978,0.004134898771088458,-0.0002350709626416867,-0.002668400254419321,-0.0005083620540542416,0.0019090582442881936,-0.00030317197666694326,0.0004752762243067156,0.0005565891530907878,-0.004051474916972316,-0.0007076164898497151,-0.006659131788817357,0.00020208981442047824,0.00037213056505221257,-0.0038353412671640105,-0.00852084307377994,-0.013993577572531507,0.002575347437127024,0.002517056853527246,0.003007488662904151,-0.0008707847675334536,0.0014062032463874568,0.006136749344707551,-0.0002011202196951267,-0.00029769617071217445,-0.0007652552799950889,-0.0018652963235285514,-0.0004122702052813107,0.00040223361459550464,-0.0007641307505334014,0.03364098299202237,0.00120347204516013,-0.007207129351857737,-0.008136455184847203,-0.001589636478710011,-0.011287347986901342,0.0004889712666108458,-0.0013583146482327353,0.005176133767167702,0.0,0.0,0.0,0.0,0.0,0.0,0.0,0.0,0.0,0.0,0.0
2024-03-13,-0.0005887027499522715,0.0010201070019165922,0.00046399380739295783,-0.0007200429145248935,0.00032127775289340487,0.002564075949017211,-0.0010583931444518519,0.0003171841136861769,-0.0004103906669498494,0.004723661852605404,0.002951645093590685,-0.01960325354468059,-0.0030494267371320902,-0.0006511838427750337,-0.0009796730991449706,0.0016847484988395894,0.0002766125688929598,-0.004974569860010933,0.0006712404169129649,-0.058355306649669536,-0.0011067945660700623,-0.016371590934460997,-0.0021214095626843022,0.00042535358727544616,0.0008535479194900306,-5.959190078054934e-05,0.0012541271407808738,-0.0010643580607124735,0.0003719556033522911,9.791720764572165e-05,0.004799404317691592,-0.0004001703783928562,0.0002665338395697988,0.00048155977193989905,-0.0019218683634148438,0.006830561233609577,-0.0033037134076641574,-0.001439378114336267,-0.007584459252464677,-0.0006882630795186412,0.00026806596088015035,0.0013555353468238222,0.0026655411152394616,0.0015372809272290837,0.0005784716636054833,0.00020648995985691075,0.0014346122766523905,0.00028584151834335533,0.0034186722188521102,0.0005433537866334568,-0.0011299847032552456,-0.0009780644738620896,-0.0009726200551814224,-3.690191893995871e-05,0.0010716132517271696,0.005530535783470571,-0.005583654477561562,0.001237827309833112,0.0003832257056307919,0.003861691748138153,0.0005538167670776201,0.0046423290433878755,-0.002469410896531406,-0.003069365180382823,0.0005698058260277601,-0.0008249167884070822,0.0003851818010110298,0.0007582446040015691,0.000960063719948721,-0.0021383703737372353,-0.001305274027409273,-0.006403757645420078,0.0016823219381092952,0.0003348043041386872,-0.0041135661767449615,-0.007775936741167504,-0.014446656752863645,0.0020466272287437727,0.0024254575252150106,0.0012632299123751113,-0.0016693996355618135,0.003633062567672302,0.007238316535311631,0.0005114309650107535,0.001814937787647813,0.0007159137585381229,0.0014494474012858695,-8.884345021708889e-05,0.0009169643835341612,-0.0008812223573965634,0.013425989320933685,0.0014102106458703549,-0.0073639832315634274,-0.008774998530227918,0.0014175979832968045,-0.013058942504699723,0.0007201505029590177,-0.0005836188955720648,-0.00022603014773414054,0.0,0.0,0.0,0.0,0.0,0.0,0.0,0.0,0.0,0.0,0.0
2024-03-20,-0.0004992348433430895,0.0047774172083263145,0.0008087623489164453,-0.0003464260786842779,0.0007295756417156442,0.004883825067669926,0.0003400560414990853,0.0003416868302273139,-0.000235182244123991,0.0039021126296450216,0.005356769207046789,-0.019377827454099158,-0.001805042486620766,0.004218890870534638,-0.0007150280930398951,0.0021330514845427566,0.0002062194890277902,-0.005469344605775538,0.0005267095959623999,-0.058409719944469446,-0.001549175182299509,-0.017331563267169465,-0.0028632029923916337,0.0008618466620274081,-0.0001628754004366728,-0.0010917934777565999,0.0009894120607297186,0.0029111038856700308,0.00036317273827044894,2.387723864198286e-05,0.004228764364865736,0.0004070212492035163,0.0026254177863158745,0.000171841249044743,-0.0024323228442222314,0.0021317198816959825,-0.0021423261914027443,-0.0015025198281315307,-0.008279035649114723,-0.0007316106110946607,0.0002660723014990478,0.0010976864477519018,0.0024478438465263645,0.0010851652749904342,0.001232161398901606,0.0005426357278225416,0.0012656233217283547,1.3105254525400868e-05,0.005085480684140908,0.0003225792963328042,-0.001208731399732412,-0.0008434105102801393,-0.0008960231767423958,-5.155113047540869e-05,0.002707424921371202,0.0051533429115533545,-0.007145367553709064,0.0008301494540185788,-0.0004894061272661995,0.004607780763390854,0.0007212468841558627,0.004233832769771724,-0.0021719025715185407,-0.0030384183719994002,-0.0001035406632139427,0.0001198564295317306,0.00026992329207812155,0.0007037247293960175,0.0005176655268918005,-0.0015288114258024065,-0.000988257035874724,-0.002117774992804708,-0.00026851435345263085,0.0005338777960167747,-0.0036167791539571848,-0.008258908725184267,-0.014932451094496332,0.0012211308165822811,0.0013504895306538519,0.0029522678225042858,-0.00031254576081369504,0.004871277239642469,0.006339161905119467,-0.00018140745174317511,0.0016699035831881398,-0.000414648158072961,0.0013769491101623963,0.0006111724764270158,0.000813425486486013,-0.0007126589567588662,0.011813346472119922,0.0014326505113518243,-0.007363933538783312,-0.007355979729929719,0.0015568457041036613,-0.012276639561381248,-0.00036579715860840826,0.0006929432000494853,-0.004769855541227524,0.0,0.0,0.0,0.0,0.0,0.0,0.0,0.0,0.0,0.0,0.0
2024-03-27,0.0003074257186831211,0.00437000373649279,0.00014520101871733204,-0.0006795601539867007,0.0005857248660555778,0.0013455670613590944,0.0015589233263044067,0.0005493282398479634,0.0006624456238843202,0.0029087233500927115,0.004244233783690949,-0.019581539472894326,-0.0012815662976378408,0.002400846966988223,-0.0006148098559994891,0.0030854347120382493,-0.00018137336028619633,-0.005331382724218492,-0.0003114322104132572,-0.05750033009544013,-0.0007979615538870441,-0.015210307111409404,-0.0016831420468080103,-7.003756252290897e-05,-0.00012995930299641964,-0.0004444594697613723,-0.0006297493757069612,-0.00017522951942292638,8.005045109488453e-05,0.00010865067040877449,0.005847608811404289,0.00018980615329759493,0.0023992131370196967,0.0004230061198306983,-0.002460739671662714,0.0010088404698451205,-0.0020178755704850955,-0.0011853867067946533,-0.009579339368562333,-0.0008317456621182829,7.379402761443249e-05,0.0013180561558024688,0.001895334800934404,0.0009962093750835784,0.0009534057559943052,0.00043914253073107357,0.001333575813163258,0.00038254775117872226,0.005222018538554568,0.00027939578004892724,-0.0016118263438819366,-0.0009720076025105587,-0.0011219871625613006,0.0005948170300214428,0.002305269588491033,0.003838586930405557,-0.006407820139929262,-0.006862531473210362,-0.00026409508233464344,0.004759094219579439,0.0006370024591619958,0.0043850000724416785,-0.002622256066539188,-0.003211321383699968,-0.0006992012074721357,-0.00010471190917409317,-0.0003764398955365596,0.0007970916613298158,-0.0009430689889853167,-0.0008590230260745165,-0.0016812389068356416,0.00042364571746773946,0.0013461532945239277,0.00029151570318175664,-0.003496826221138225,-0.0078674214781739,-0.01512146577436388,0.0022206352197344367,0.001724660646476598,0.0026777206321844547,0.004089648346476363,0.004553063414691622,0.006064790675692965,-0.00026802136677271546,-0.0003761999416380977,0.001059792872935368,0.001311057698875981,0.00010815482885054989,0.0030596597713299562,-0.0004709196116848481,0.008136046751844287,0.0008947187026726451,-0.00808227125255442,-0.006375004942738987,0.0022852447140249968,-0.011653929591525596,-0.0003588557164035779,0.0004092518945285487,-0.004468313627029688,0.0,0.0,0.0,0.0,0.0,0.0,0.0,0.0,0.0,0.0,0.0
2024-04-03,-6.142299949899325e-06,-0.0046793768960015115,-0.0006932733286761338,-0.001523686391851582,-0.00022382200866159042,-4.439418939984979e-05,0.002082793905987826,0.0007308947964254221,0.00041190345826681786,0.004594303006473721,0.0010426336975707985,-0.018092014696801325,-0.006808766000268903,-0.0005978963360476406,-0.0010587914454953488,-0.003862365732329428,-0.0012002672663478237,-0.004063231566830574,-0.0010332165919806542,-0.05414551565106713,0.000594900635701444,-0.012234814758284775,-0.002030863261381997,-2.5570305565462467e-05,0.0004988421002901687,0.0015777698727544916,-0.0005772420784013355,-0.0004987527349308246,0.0011982615454225831,0.00019944936988079446,0.0071980431494185785,0.0011487202539102708,0.0020882847093741112,0.0014758003586555477,-0.0024818843012180424,-0.002024227673654204,-0.0009735629968952162,-0.000773330202082832,-0.007150411848772999,-0.0009964976327374634,0.0006555254693877086,0.00102575971956378,0.002267703699465082,0.0018193029561819978,0.0010920130627346267,-0.00017218989727423226,0.0014134578165055,-0.0007557623749265641,0.0019268945471137102,0.00406301442474841,-0.0006131596399396582,-0.0009584965189197317,-0.001073267192021837,0.001462503645132267,0.0027500617910046917,0.004996926589923944,-0.0069802480454068516,-0.004100078305682417,-0.00042455117662887657,0.0036062544428710178,6.304836979043137e-05,0.0040713956818850235,-0.0009658707495163797,-0.002161680584127215,-0.0003670612074836446,0.0003189056180411358,0.00011304132653348953,0.0004962585647339042,-0.0004378900593565398,0.004358756250261706,0.0020501136561714107,0.0017018374484455336,0.002026102974291967,6.88756646562095e-05,-0.0016860668819182784,-0.004726994975520348,0.01086472070230059,0.0012473128417363718,0.0022739220176601956,0.0033812883244672947,0.000990088858361467,0.0035323495564554266,0.003346938489862387,-1.3472288698712174e-05,-0.0002373793298725115,-0.0005476258604949985,0.0012652724776914808,0.00029092656259664944,0.003640568822177686,0.00011041565078336123,0.013111953570949469,-0.0002154742303078187,-0.004347007617217392,-0.008111576872912099,0.0008769450690902547,-0.011906512776859331,0.0015083614623496511,0.0006093367362126716,0.0009440565254482553,0.0,0.0,0.0,0.0,0.0,0.0,0.0,0.0,0.0,0.0,0.0
2024-04-10,0.00041392239645701506,-0.0030591635064163222,0.0007903014961609284,-0.001685168583664742,-0.00019499238393894791,-0.00042890711494784163,-0.000528660366617638,-0.0007711876304802964,0.00028586086002165283,0.00248926171502316,-0.0027406223026838735,-0.018588978153864674,-0.005853366170761367,-0.0063085940507994764,-0.0016379140606337336,-0.0028735760033526433,-0.0007365383315592419,-0.004471787849830025,0.00029797071451307126,-0.052359196111162305,0.00046834382313275653,-0.020434173599571177,-0.0021057104075267777,-2.7254907473654452e-05,6.959023121658558e-05,-0.001278656131147832,0.0005580727874734577,-0.00020331823492464362,0.0003735508274238501,0.0009576990971553144,0.007427630071842351,0.00035637798763898487,0.004489053171714583,0.0009827024450285219,-0.0020548167246244356,-0.002936635575720223,-0.00029896334013565046,-0.0005587567377017104,-0.007315736960770022,-0.0011561994518827462,0.0005756099134804935,0.0007860700206673249,0.001682711872262417,0.0017415553968193017,0.0009706381156498555,0.0004289562404047902,0.0010134936592966549,-0.0010866162583857664,0.0019982455281970864,0.0033251787624519703,-0.0004767903612858868,-0.0005241506191256035,-0.0008755503977732688,0.0014546198156646629,6.90182854205314e-05,0.0051780698582679675,-0.006995782812145289,-0.0057237561007786745,-0.0007911068722751297,0.0037472100290422846,6.431903476436908e-05,0.004712782772600069,-0.004167937876695076,-0.0027790166443196337,-0.0007260909343648015,-0.0010501747034423515,-0.0015290505603678334,0.0008240977557559444,-0.0010545573574518177,0.0003925805355630468,-1.347493114873361e-05,0.0008550800171927217,0.003249115303338385,-0.00029256672740378875,-0.002801115633617152,-0.006463348631457396,0.009978063927973155,0.0019165581560869722,0.0026950652292306635,0.0029979870162012414,0.0003129813617995384,0.003949171627889232,0.0017012647348803812,-6.958808374894736e-05,-0.00015112524727209898,-0.0007143634837287983,0.0014402661092413115,0.0003878598108416192,0.002562968847887359,8.824167435757199e-05,-0.007459637651690615,-0.00023124581652540115,-0.004666380235387609,-0.008217895629475263,0.0010347712079457865,-0.013084900375630322,0.0012335582059068851,-0.0002508576191274332,0.0008656557561222046,0.0,0.0,0.0,0.0,0.0,0.0,0.0,0.0,0.0,0.0,0.0
2024-04-17,0.00027537899234249036,-0.0044316538768271185,0.00020653551774908247,-0.0013624787596695478,0.00039237787214740384,-0.0007781293279343774,-0.0010416047661858591,0.0002770843155581914,-0.00010579264143758764,-0.000555177412831847,0.002261035489137321,-0.019222756440571503,0.0008788680988329493,-0.0067433587671216965,-0.0012728711020355762,-0.00580825783905354,-0.0002574637438177357,-0.004572220148456424,-0.0005168764449537687,-0.055547310932415425,-0.00023254090391397914,-0.020005764549527766,-0.0027100278381432864,0.00026948700835583355,0.0005764059250341664,-0.0012647509591837364,0.0008175906293833711,0.0028296296755922646,0.0001224342888298269,0.0006939150562712201,0.0066253430435049936,0.0016915013384471067,0.0031610793801682604,0.0011859564333641863,-0.002459450238655218,-0.0009523075235772908,-0.001153472074242006,-0.001307459933339096,-0.007597032339211297,-0.0010383937941808522,0.0005280840041721955,0.0010318651351354643,0.001744230597432867,0.001922619714670255,0.000904683637278186,0.00013766543038458046,0.0010055670150978938,-0.0005790320604119671,0.0020117063507743317,0.0036566725591669594,-0.00029773381373061577,-0.0006686852820640781,-0.002359248032080233,0.0008890129638232653,0.0006584011088819191,0.004650608584262832,-0.007195671004115096,-0.004909266107592397,-0.0009449713052444551,-0.0014244205643461113,6.273337896265958e-05,0.0012774248602488586,0.004193900313658071,-0.0023005179337867547,-0.002853181295419111,0.0001519151837299017,-0.00015009362792143733,0.00048608806587361,-0.0011059748003435731,0.001173630576743113,7.736606129902014e-05,0.006296911339079266,0.002975560234214422,1.0572118057098195e-05,-0.0035786773480050056,-0.00626224036325043,0.008970620807073245,-0.0012603985854928793,-0.0013722910778496019,0.0032012456391708817,0.0006466443617481339,0.0038748321577912704,0.001919188440983136,-0.00031067861049688075,-0.0005834666816771176,-0.0005944273470258854,0.0017541750561870842,0.00045843464377038056,0.003697168194512036,0.00026046237036077134,-0.008868811970267499,-0.00010169843565184262,-0.0016604083409871985,-0.008317484534402156,0.0010288622482382292,-0.007163400937450603,0.0012972078026078193,0.0004128430070757602,0.0007721720621273693,0.0,0.0,0.0,0.0,0.0,0.0,0.0,0.0,0.0,0.0,0.0
2024-04-24,-0.00043284093806638166,0.0024800176705323885,-0.0013415741413376934,-0.0009013633437074293,-0.0002151978138126933,0.000626289969190172,-0.0024604260509077493,0.00037817332672607543,0.0003620258331188356,-0.001276675243049257,0.003162064689684763,-0.019609757388808446,0.00017922416895749962,-0.005971842954989574,-0.0011377802509491637,-0.0026938738796650503,8.092513266295954e-05,-0.0033598777367402914,1.7792369470057916e-05,-0.05474169804077832,-0.00021890299432545456,-0.019657363987581118,-0.0025998235321096313,0.001187507140035719,0.0007853866608833911,-0.0013641053831593619,-0.00026740727913583407,-0.0013206787775162571,-5.360452025287936e-05,0.0007620649991237874,0.006969880169329161,0.00021933485581799713,-0.00013084438473721482,0.00041977701437794884,-0.002585887335184274,-0.0027310996003665792,-0.0021733166456391964,-0.0025347949483267027,-0.007053660263846218,-0.0009798929918344598,0.0004669536837039096,0.0006947525700218244,0.0019371977975346536,0.001349851752597909,0.0007841258345993318,0.0005523013124786735,0.001145707467927358,-0.0003362018625686841,0.0023376919376997454,0.004716458301332228,-0.0005300118650894329,-0.0008649359178175143,-0.0018902639417180374,0.0010836678904140844,0.0010946265260529757,0.004465478683810453,-0.006509135663035978,-0.0046993588484408825,-0.0009307073800042675,-0.0013949065649344961,0.00045485498574350395,0.0014633409051237184,0.0049603867958124236,-0.0020324593275063774,-0.0002123946309655444,0.0015848009039304597,-0.0008091706992851392,0.0002410220440036332,-0.0009317032396179443,0.00087655341025728,-0.0008595779394656996,0.0035470852342194127,0.004057754439066624,-0.00019774131944985855,-0.0028134201726065164,-0.005543706753983404,0.008520681047623784,0.0019518563533990273,-0.0018702294614847544,0.0015263106326753421,0.0008114129101701485,0.0058399824339358435,0.0022682741014303986,0.0001305883239841144,-0.0005017017363867438,-0.0004293211764052411,0.0015831340460802873,0.00033633728126687234,0.0022143531789555223,8.133702821846589e-05,-0.008028820437319539,9.009202896722082e-05,-0.002257570800217761,-0.004336470597630037,0.0012203681477216178,-0.006240972780696913,0.0015680486463858412,4.988481226443247e-05,-0.0045859206613792615,0.0,0.0,0.0,0.0,0.0,0.0,0.0,0.0,0.0,0.0,0.0
2024-05-01,-0.0014828504551278536,0.011911956053527304,-5.6018158924332886e-05,-0.0015515083633625515,2.4582003505842985e-05,0.0009888957823340244,-0.00035495751052981833,-3.463129084477708e-05,0.00043623884567539216,0.004417729479227408,0.001522565125927649,-0.019190917056153257,0.00023462957602163141,-0.00026044578625032444,0.005024628293769753,-0.004378971820466856,0.0008307578076944287,-0.006610196475900523,0.0003185757371769654,-0.061732212218013664,-4.943539736514403e-05,-0.025085441946188832,-0.0017030558234115074,-0.0007167269921965058,-0.0004414848200708502,-0.0012957217300295742,-0.0003554573982507896,-0.0006539960299876829,0.00030576615765390383,0.0005906046604700947,0.008317339798199607,0.00024233174003241307,0.0021288711841454273,-0.0020042418801022033,-0.0032926847739212436,-0.0032810103559250256,-0.002258403662433992,-0.0018475862756214504,-0.008118930607998936,0.000932825808400752,0.0004668731615919108,0.0013926951224223388,0.0006600975181238673,0.0013398618153755695,0.0012751154010376567,-0.0002832675053190993,0.0004922454023358504,-0.0008314312769763163,-0.0016597314478924942,-0.0019457602072602733,0.0010941710935331492,0.000666192315627806,-0.0011099224383067882,0.0005082928981851363,0.00037463545289304366,0.004930824624081075,-0.0016238002172133078,-0.006766998673981839,-0.0006789387757015198,-0.0024909374041514397,0.00021531900152847396,-0.0016925702208232427,0.005461442611153805,-0.001976700139410103,-0.0006028693480969688,-0.00041433548003102626,-0.0006680231508826674,0.00027766697681819863,-0.0006068819302296884,-0.0006921631023538854,-0.0030819634713854715,0.004230798700868718,0.0005793784712696928,0.001381442104056869,-0.002869792122104285,-0.006976059801668118,0.007985706295044403,0.0008997308736701337,0.0018638181974270033,0.002635861534333937,0.002510741244229253,0.005601629952345129,-0.0008692934252996462,-0.00010636674843663159,-0.00029747872101118684,-0.00042786084741649647,0.0016048823091998406,0.0003554664087202152,0.0022376996177770263,0.00041624025359193067,-0.008840703501936043,-0.001736152513426494,-0.0011361207411502716,-0.002244133595869019,-0.0002980546247342886,-0.005863037309003875,0.0010631957819647192,9.346903070966201e-05,-0.006938417437992147,0.0,0.0,0.0,0.0,0.0,0.0,0.0,0.0,0.0,0.0,0.0
2024-05-08,0.0004199216552364196,0.002998155402659374,0.00013076218502578162,-0.0021637064421570168,0.00041401122723159085,0.0011287124812593928,0.0027084011263046655,0.00011186674024359503,0.00020272362123848291,0.005201912730952407,-0.0019611406469053857,-0.018399765366494833,-0.0015635614689873626,-0.0037371275762482876,-0.00060201062918059,-0.005160213561555186,-0.0005975390337678713,-0.006933399150634948,-1.839668105600069e-05,-0.06237014134811437,-0.00012250613855229573,-0.02819622568085046,-0.0008745306369265753,0.00043491625963721167,-0.0003625023811739388,0.0030986403733870654,0.00032304225693006474,8.009604735672877e-05,9.96633067035244e-05,0.0011988519531936825,0.009067858995855525,-0.0010049686676135725,0.0027990049932400643,-0.0023098638071030104,-0.002871727178184185,-0.0024153915286277508,-0.002105955025663463,-0.0021825873945760816,-0.007814998657543483,0.0009497951334038417,3.237445871169001e-05,0.0007823353317069138,0.00046705759235159643,0.00146817674478916,0.0012922035903976568,-0.00019480703055276872,0.0004971361384855593,-5.442093645567709e-05,-0.002154309198609429,-0.002676255653663182,0.0013272257988688864,0.0005443774170014418,-0.0017306972201674038,0.0006284869411322807,0.00035875765772266574,0.005166516727655358,-0.0018678803609484,-0.006879238599019398,-0.0003533154381561062,-0.001514887325323045,-0.0010761088168486394,-0.0011745626656220897,0.0060284976707339405,-0.002176475750910599,0.0017182271230047218,-7.062765770519335e-05,-0.0014332492860390036,0.0002608322535107656,-0.0006252993387573856,-9.246278526769046e-05,-0.003410130295001983,0.0034187332782066576,0.0027474804549708813,0.0010771134966668817,-0.004718183602533407,-0.008282095596156386,0.008205141047404142,0.001058434014358306,0.002547341806763448,0.00167463084552772,0.004172038992532302,0.004480558450155456,-0.0003025194290511317,9.510708453144143e-05,-0.00013266737087194838,-0.0005527637011989673,0.0016046303013064719,0.0004067727575588017,0.0026480894322081457,0.0004918204771393835,-0.00785522646720505,-0.00187043195890604,-0.0019263516870337385,-0.004498831263289963,-0.0016281375093777715,-0.00813627140498348,9.340944710057264e-05,-0.0010070562460488012,0.0013531129885313345,0.0,0.0,0.0,0.0,0.0,0.0,0.0,0.0,0.0,0.0,0.0
2024-05-15,1.652749691542291e-05,-0.005160980553731624,-0.0001584469213973163,-0.0011479252589116423,0.0009088956415887587,-0.0016076995653558097,-0.0011928715278132834,0.000661146332341807,0.0003946889385373928,0.004464600017158206,0.0018520060001978712,-0.017532883210748612,0.0015053542996248,-0.005191085637442609,-0.0018170082150920372,-0.004487251216273218,-0.00018909365215283603,-0.00844867846248987,5.952905644074794e-05,-0.061809946523432205,-0.00021709574998271243,-0.024192590442781638,-0.0012649948997177551,-0.0012354564266397066,-0.00032380943389983435,-0.00046331833223765953,-0.00020141656667388983,-0.0005353777390230449,0.00024569072630538916,0.0006625738644979969,0.00951360356138472,-0.0008442832735702912,0.0006447894680836522,-0.0010296885746020423,-0.002831700135167338,-0.002021769103286705,-0.0019594342584887806,-0.002106193224627545,-0.009172860905582605,0.001306323361028011,-8.56370394439671e-05,0.0006587508857078876,0.0004410805716102242,0.001600041620200852,0.0015076435632517613,-0.0006649991237866204,0.000198547338715918,-0.00021608962653361013,-0.00241611149638342,-0.0016070590212553866,0.0013873023218941565,-0.0003494569389740171,-0.0023845667712342833,0.0003225869299229362,0.0003773489708506577,0.004696846211046955,-0.001315695385561246,-0.0031534305788330176,-0.0005711549851063056,-0.0020802483986232002,-0.000776925663025532,-0.0014945957490513492,0.006233845019030679,-0.0016446383498615708,0.0008887098080403666,-0.0002101625662405863,5.62157817280552e-05,-0.00024206874515063462,-0.001208099320305753,-0.003325933487888343,-0.0036083602750353883,0.0030501216122421474,0.0014016469236344362,0.0014198010025603775,-0.003938958574262702,-0.006839692693581243,0.00828038219618383,0.0007948896150473483,-0.0018272192339055236,0.0030074478001779047,0.004529220598869471,0.005356460994124936,-0.000626562479709674,-0.000163124885681098,-0.0002991614522468047,-0.0004136080459649538,0.0016121584652291465,0.00037587496591436737,0.003553789985226239,0.000281172962919547,-0.028330609955836524,-0.001865721213752707,-0.0012720839196034214,-0.004005749926242988,-0.0007347243527036441,-0.007565425602917569,0.0001355005983264085,-0.0019775636138242353,-0.005947764222007355,0.0,0.0,0.0,0.0,0.0,0.0,0.0,0.0,0.0,0.0,0.0
2024-05-22,-0.00028076119626191447,-0.003723577424975624,0.00012859958458544805,-0.001648121997632151,0.00010268444168236253,0.00041211373730452893,-0.0005254763793186869,-0.00019726252393360182,0.0005340668535813327,0.005595444982681888,-0.0004203966828830933,-0.020132647450616294,-0.001204179933103536,-0.0037639520910086903,-0.001448080092866621,-0.005393594995046346,-0.00027016714432546654,-0.008659451359316958,-0.00024410042657665852,-0.0629823473839778,0.0003493283576299608,-0.023235792634087413,-0.0015228517645992062,-0.0009631832148977699,0.00045619031019975833,-0.0014986143035882154,0.0007019737897127338,-0.0002863779842298689,0.000874974552016466,0.0002758273342377376,-0.004134727372119425,-0.0016086761535555457,-0.002377491512010686,-0.0022297090277428417,-0.002220927404119608,-0.004139078456410256,-0.0009899511767963956,-0.001385407253957422,-0.009763466254504218,0.0008661332545832608,-0.00029446743480220804,0.0010041299127000016,0.0013960617126379186,0.0014086022169105884,0.0013118389000128445,-0.0006629120932593282,-0.00046366576288849547,-0.00022028973210693755,-0.0021426559362453432,-0.00267076792788509,0.0011770735155998207,0.0008962549791202016,-0.0018897353011051133,0.0002744708160673466,7.613536344360484e-05,0.005436750379165465,0.002666756527160822,0.00012409772443714866,-0.001278755440150044,-0.0034960684895296956,-0.0005401299446440017,-0.0028033450917679904,0.00472043263950546,-0.0016502236936909197,5.850431300966312e-05,-0.001324388585864121,-0.000542697505970569,-0.00029877156431726835,-0.0023553412905694543,-0.003879306849083916,-0.004895084005681853,0.002909898411303439,0.004058876736866764,0.0004883187880747643,-0.005057985394974515,-0.00656831612266018,0.00905960031301092,0.001006896127911297,0.0013776029374404743,0.003244214894260187,0.00392980149075363,0.004262618533195299,-0.0006918222143588266,-0.00013629145912671294,-0.0003059543428626246,7.013968748526868e-05,-0.0006499982955924184,0.000358361854435949,0.0038075647433818594,0.00027916374727046135,-0.027629431818435805,-0.0018895503322662918,-0.0020832511667342292,-0.006801954995430964,0.0009232900341850747,-0.009262441429748159,6.149514682657625e-05,-0.0016964624512162023,-0.0028188380614560587,0.0,0.0,0.0,0.0,0.0,0.0,0.0,0.0,0.0,0.0,0.0
2024-05-29,-0.00028853592204514957,0.002248766790136164,0.0007586344113507014,0.00014496296919218557,0.00030640408452745055,0.00039822449269218195,-0.002073354754096231,-0.0007184728813750026,-0.0004183979869580316,0.005317573728793711,-0.0023668213054711296,-0.022850720122637332,-0.0013658331339199018,-0.001814130862584411,-0.0015554537275939062,-0.003192386407635568,1.7495038450622444e-05,-0.007136741292780104,0.0006365081609016347,-0.06642400114840373,-0.0007773903892667276,-0.023092170465251437,-0.0015665918756911043,0.0006568814848240896,-0.0004150633256103539,-0.0008529764494936025,-0.0007999452048236308,-0.001219538191582248,-0.00012468407347512452,5.220211447662066e-05,-0.00487451686196119,-0.00426224207635868,-0.0021439478534037177,-0.0014859094392503877,-0.0019504663724308074,-0.003789527454897464,-0.00087859942026241,-0.0016124621493879654,-0.010102907482942505,0.0011554308212520224,-0.0001997111374300513,0.00087708320088242,0.0015795474379581371,0.002047109721510175,0.001098966935773187,-0.00022879606948845223,-0.00012188099486136743,-0.0007298604476059103,-0.0018914610960003668,-0.0024518258917588364,0.0012072688216698483,0.0011353701386624317,-0.0016211298663050958,0.00022443800691515113,0.000306201396256563,0.004947164090885427,0.0054597507766440505,0.004296481336530526,-0.001027680736361068,-0.0024304185453134907,-0.0006362701728647036,-0.0030333784379882986,0.005704373430080848,-0.0010595536767866722,-7.511819688846722e-05,0.00047854619816148694,-0.00023736045393796422,-0.0006501789227535358,-0.0018028249537701258,-0.002554770858644237,-0.0007269188420712093,0.003121207035896689,0.0015054624837028004,-0.00033859309322863297,-0.003976644953343774,-0.0073173235698219,0.013122664238190054,-0.0008775685812285657,0.00029068539124289865,-0.00044472404372492415,0.0046562459727926666,0.005673717380037162,-0.0008831448363850642,-0.00017996353022859172,-0.000278473199150414,8.257645450666603e-05,-0.0006904620720756045,-0.00018557808813407848,0.003482200077342335,0.0002749300466032467,-0.02447388903462393,0.0017209572188443276,-0.0010592712003822202,-0.005337548573538668,0.0022386884825941387,-0.007557487868397268,0.0002800208307983719,-0.0017406597574400292,-0.001656937005627816,0.0,0.0,0.0,0.0,0.0,0.0,0.0,0.0,0.0,0.0,0.0
2024-06-05,0.0002763819942177233,0.012160249999643226,1.9451016848430353e-05,0.0021251825452880914,0.0005849570571000178,0.0037128939215519442,-0.0033069320913228064,0.0007790988015319596,0.001148456298285412,0.005122985488561645,0.001096314789206057,0.011288264603912725,-0.001429031391893527,-0.001553115505841971,-0.00034296130375994127,-0.005366869183607331,0.001635099232339145,-0.0028893090568969256,0.0007453397147479963,-0.06698777251354418,-0.0017579778871242987,-0.023451208513363596,-0.0013879292416199627,0.0006723454790675905,0.0006312708588294116,-0.0005222815541715197,-0.00017007663335472437,-0.003015714243337124,0.0007089275945031254,0.0006807279081386967,-0.0027104843701507182,-0.001903338215316962,-0.000510067225569434,0.0016027202946930841,-0.0013085686706229163,-0.003755747712639264,-0.0003772281328878629,-0.0019814956845545183,-0.0100122346430471,-0.00023574753264833922,0.0005291473386613479,0.0010231838374478593,0.0018727860055466478,0.0015506654234389967,0.0015178327544612858,-0.0005481733202086938,2.88314065382091e-05,0.00016564598490396447,0.001866106373858383,-0.0026520633926900095,-0.0006897814697846232,0.0003261324730340122,0.0014461990848937758,0.00042556244898544647,0.00016510074613529973,0.0034916868930759807,0.011012947911707663,0.00737507587046244,-0.0009282845026075339,-0.001023204741745914,-0.0008248720051275951,-9.100444945034349e-05,0.0052143542029647605,-0.00029582050061019476,-0.0006423444178277382,-0.0009114047830222924,0.000509079732673279,0.0007930465268444532,-0.0003486213250960939,-0.0014318838424722251,-0.0011015543564553566,0.005318647786186218,-0.00017245025562523058,0.0003299919750496967,-0.0058311894845951345,-0.006865643470337981,0.015392945115287136,-0.0008700378896518607,-0.002278293693394724,-0.0006193520506547868,0.0016555448541072826,0.002683875996363942,-0.0006106180904635323,-0.00015612907293552394,-5.329257369530452e-05,-0.0003655711794759051,-0.0004531956334033921,0.0003881740548820972,0.0052301344777237815,0.0001711789858347283,-0.018998551663007374,0.0014465461021212873,-0.0008447837879737187,-0.003147888617921692,0.003154249290399639,-0.006762656787105564,-0.0003363109002817003,-0.0009538110663930397,0.0044551986947542485,0.0,0.0,0.0,0.0,0.0,0.0,0.0,0.0,0.0,0.0,0.0
2024-06-12,-0.0003958219595116221,0.012954923994341814,-0.0003193085116498515,0.002382455544771012,0.0006946940090470471,0.002754662911650601,0.0016283799527853256,0.0015523615771480816,0.0004532370755364427,0.003787057803502022,0.00037533089701115237,0.011169441794594621,0.00022534732292965725,-0.0021681490294199086,-0.000557623039852812,-0.0022587122700932897,0.0019404788072662986,-3.352784161383837e-05,0.0005806335286297189,-0.059483684249239895,-0.0007046268684286946,-0.02524252274600755,-0.0010207655590623403,0.001286453059163337,0.0011264107602039378,0.0026078653869133104,-0.0001832379191729139,6.180777729461716e-06,-0.00017471603221778177,6.440619200291722e-05,-0.0028311473417492847,-0.0028025539822068377,-0.0010215265787625477,0.0011237570654319066,-0.001304238311204483,-0.007710184716029483,0.0007557761545159446,-0.0015302744676254961,-0.010581695053269152,-0.0004578684448079651,0.0004351900584596764,0.0010878806128395274,0.0020164553025330397,0.0013355800016069139,0.001126701281065508,-0.0008393727750557373,0.0025949564772321915,-0.0003684909677020928,-0.001435292408181331,-0.0005402383520425636,-0.0007306709186171254,0.00016975357598652147,0.0018311353110670413,0.0009602714000764526,0.0004121394320069423,0.00202920282231211,0.011466317543276577,0.01633946374445443,-0.0006367825557033298,0.0013377348986395902,-0.0009236761545272304,-0.0011210567722745666,0.005151280439052041,0.00011500736172146462,-0.0010443977120597866,-0.0003038293884469325,0.00043928252518267923,0.0008191375250478722,-0.0018969412798917553,-0.001698761669619882,0.00015853732108093603,0.0021209240684374473,-0.004392234448351187,0.00019214759778621334,-0.005210383733904335,-0.007948065941547977,0.016163590716918634,0.0015593991352381262,-0.002293517676925246,-0.00013341926956088153,0.0021716922487394455,0.002678797539747557,0.002026040499988825,0.0005101519052279573,-0.00011481452686178632,0.00010647154606123822,-0.00024674974723813014,7.521921396158024e-05,0.0018113833279241307,0.00013903843259078727,-0.03189028088327087,0.0003219829419006427,-0.0022569331215053614,-0.0047361913298457105,0.00403973310845624,-0.009684294062455964,-0.0007290920111119632,-0.000695790885715049,0.003926637599743072,0.0,0.0,0.0,0.0,0.0,0.0,0.0,0.0,0.0,0.0,0.0
2024-06-19,-0.0010517163333486944,0.012384212656670208,-0.0002576215699624073,0.0026588197617407705,0.00023889498418356342,0.0034465615127746343,0.00038966376026922713,0.0020244843398962336,3.650351453892793e-05,0.003803221778199239,0.0006441926528869597,0.009938651046362173,-0.0015767042181443819,0.003907556477393181,0.008070935218557802,0.002209610043503987,0.0015405743337608213,0.006168696492926899,0.0009647574730250009,-0.06430577160265268,-0.0002420359428332948,-0.029627888984609427,-0.0013555315929800003,0.0008329826102967386,0.0013909034205022187,0.002649206948346128,-0.00015259413994901582,-0.00017397368518849653,0.00010692368018406956,-9.080215353850833e-05,-0.0021168036086839153,-0.001584980344814062,0.0001549279909307128,0.00064859273270981,-0.0017984444069694828,-0.006629632005439475,0.0004829694005219275,-0.001295996341049149,-0.011474070760567336,-0.0003797477124414285,0.0009797807159072365,0.0010642477910093187,0.0012162806058488628,0.0013508506108737865,0.0008259789220047477,-0.000279788150993358,0.002573493480541759,0.00041116249514870347,-0.0013561797996450452,-0.0005710210715402065,-0.000804275444524158,-0.0012355541641542738,0.0014305276975562086,-4.8592719383280896e-05,-0.00025837874146034947,0.0024438716067047526,0.010912339616029065,0.01729617795358626,-0.00038805350422390635,0.0015051475278323567,-0.0010322977319223848,-0.0007057872914260505,0.005673418212218221,-0.0021597317642942904,-0.0008164281879850816,1.6415428610341833e-05,0.00018284225836343322,0.0001281085834083075,0.00043432367996201825,-0.0016264952436374478,-0.006739504715269586,0.002440235312536094,-0.005253137149916325,0.00016384667961625248,-0.005735511543080649,-0.004951135601161801,0.01270834086058925,-0.0008845088667434335,0.001659407270903452,-6.411005780844798e-05,0.0015918046051931934,0.002922532377111569,0.00203335268162601,0.00029531990157522756,0.0004525217012144238,-0.00012409202609124553,-2.9335773426727922e-05,1.3381937508825098e-05,0.003730602050427367,0.0004396422987073525,-0.030729542152520453,0.0004304143607601964,-0.001724624064315661,-0.005410493430468867,0.004556476929418927,-0.0032534492285776376,-0.00046790780784279054,0.0006309178302475375,0.0090126003549275,0.0,0.0,0.0,0.0,0.0,0.0,0.0,0.0,0.0,0.0,0.0
2024-06-26,0.0002741095941061419,0.002742471007294336,-0.0017320122912698125,0.0032312564396820387,-0.0006450172211325846,0.0007748632840596099,0.0025044291013915487,0.0016168202278776626,0.0003467386332794052,0.003959150248486066,-0.0005329864955635231,0.00916458739853955,0.0001607055699594206,-0.0021090755842991474,-0.0006081337043872156,0.0019055258316170171,-0.0011172454710380725,0.0037711908746459457,0.00020377571912994722,-0.06092938764435552,-0.0010038957070904369,-0.02562703636839785,-0.0009300340511615732,8.374369773941638e-05,-0.0004118005566259348,0.0025313645211110618,0.00020584039529445707,-0.00016329323065829342,-0.00019763190387617397,9.160499030783415e-05,-0.0030816174061118608,-0.0065841170440718464,-0.001474726186029527,-0.0009748167048247694,-0.0012632869338687319,-0.007041563591776403,-0.003222306277795562,-0.0022149416582618194,-0.012809936215874807,1.2840419357875566e-05,0.0005572588666311709,0.0010481406927080779,0.0009008913855480302,0.0015732377124932095,0.001683633286840392,-0.0007810299415545336,0.002313822435568538,0.0002227159768802468,-0.0012228529003086926,-0.000526566223220672,-0.0007297535796411746,-0.0007135106618840948,0.0014623058851936518,3.254397859050739e-05,0.000613987422910456,0.0013116588036643161,0.013233159077650944,0.019095003597590303,-0.0005006993483269954,0.0012913275549303411,-0.001187895792681547,-0.0009350535009163384,0.0032485457051207654,-0.0013390778840848682,-0.00037839270960429776,-0.0006137547661868129,0.0003406819964857952,-0.0003128100447449711,0.0015416052704088333,-0.0039170091868549455,-0.003535072881907414,0.002841391447563854,-0.000578152746871058,-0.00013244266337342396,-0.005853042367518497,-0.005408116224283979,0.015780361234797074,-0.00043832665242423937,-0.0016762754320232864,-0.00027821174825966343,0.0021152228583095076,0.00260324082497602,0.0015309482489141194,0.0006419913206097991,6.973660116234919e-05,-3.958124537205136e-05,-0.00025775812333099545,-2.785346240946042e-05,0.0050428637516511275,0.0006561319750929753,-0.034085225694996356,0.00022026281277886958,-0.001482595373463177,-0.006189178934499795,0.004070617733875224,-0.007208428216220571,-0.000525493905560878,-0.0007668090478789634,0.008504723833783534,0.0,0.0,0.0,0.0,0.0,0.0,0.0,0.0,0.0,0.0,0.0
2024-07-03,0.0001134387345089391,0.001015580249895938,-0.0015602912964929477,0.003156397843364331,-0.0002884289796597894,0.004462705952670333,-0.001893547693356046,0.0017149769200835842,0.0011108822427328899,0.003145892570840709,-0.00311859082396677,0.008966539925768924,0.001675204606341991,0.003752138820067638,-0.0004133143675540856,0.0017442044385505863,0.0012068785028336757,0.0028805054978741592,0.00039184978492352786,-0.056449418932770515,-0.0012924321325521093,-0.02409743469071305,-0.0006351599069087344,0.0015793617956171826,-9.341046574673213e-05,0.002595886150941123,-0.0003433155680936062,2.3414970825942504e-05,-0.000476199993279128,-0.0003418852029291464,-0.0031701323432907543,-0.0044124673706358725,-0.0018308065169309622,-2.324547615521033e-05,-0.003749694817919164,-0.006745693441453576,-0.0025005584037013306,-0.0024052183074638237,-0.012334186431708924,0.00024371623893079016,0.0010346633404508456,-0.0013150669903974799,0.0003368111675261944,0.0005058085044777027,0.0016294684755325795,-0.0010174874959446502,0.0023374178274137973,-6.573031388909116e-05,-0.0003740016026845836,-0.0006692767955007652,-0.0006720438939196918,0.00030404540832236574,0.003497484425244822,0.00025679051824431455,0.0017648119515878175,0.0005329415314820735,0.013614205098091138,0.015436404499658066,-2.1776978709378694e-05,0.00238579934138648,-0.0012842235082480185,-0.0012921392271927185,0.003634819988483504,0.0012928707109283468,-0.0004886818392403093,-0.0005021942516528824,0.00037259668255939035,0.00017775775417220273,0.002002348800155736,-0.00024023272991462958,-0.0036651514473472436,0.00137520705480419,0.0014776885282488618,-0.00015467977756860614,-0.0009748445883850195,-0.003775776055745519,0.012703176982401289,0.0012340242497938115,0.0014977730750956656,-0.000713432804611468,0.002069997443998849,0.004654241479218366,0.002305184133469358,0.000249564090604239,0.0002957935459866447,-0.0003668033108798999,-0.0006462369827302459,-6.799434732975724e-05,0.004840712352599006,-0.0002745652569771692,-0.029039064775452754,-0.000947715670776381,0.0012656691921438636,-0.003427028609919364,0.006419232723428234,-0.007536855168780815,3.733492511714926e-05,0.0006861332967842938,0.0098681167688108,0.0,0.0,0.0,0.0,0.0,0.0,0.0,0.0,0.0,0.0,0.0
2024-07-10,3.7886351914940734e-05,0.002153367375370933,-0.0005532569220137052,0.0017760429238066644,-0.0003560932757378797,0.005615963081178147,0.0019366499872732455,-0.0014317651127031472,0.00020462720373458127,0.002925648506556874,-0.0030552529810708596,0.00958489015477506,-0.0015821273216982277,0.00322758174754805,-0.0004815030722988826,0.002019391561853717,-2.110702167969783e-08,-0.00528338000945858,-0.001162542141486984,-0.05471826741098125,-0.0016527951718944426,-0.02507985900507945,-0.00016981177882709973,-0.0012662245677461364,9.556171841123144e-05,0.00029072516922229994,0.001414262986300605,0.0019029566214125322,0.001609129974817986,0.0004741469290256547,-0.0026217297117703754,-0.00808923054630391,-0.0020345192501698443,-0.00011681871287601083,-0.0022073950696637062,-0.0058984931351213155,-0.0032882064009866698,-0.0012289984426474092,-0.009861900627609704,0.00033137411228984165,0.0004126596815105034,-0.0010785129024141469,0.00020475814287901887,0.0011697365445057905,0.0016159506908025923,-0.0003487581815634123,0.0009391951310526919,-5.5636116514965205e-05,-0.000756984260093022,-0.0005480693878360199,-0.0011472431098101732,0.0005006200636750768,0.0017514372472957626,0.0001495119209488481,-5.246333567017448e-05,0.0014363675478779798,0.015275451564581486,0.022301843323707996,-0.00043850597845746203,0.0022860700604072194,-0.0009476331057912372,0.0004286108820665134,0.003944129878822837,0.0012045165398230878,0.00024411690338537958,0.0001656306494175912,-0.00019184234925326168,-0.0003007055081900468,0.002006707206942553,-0.0031804108687045283,-0.0014431858957936862,-0.007407464623257593,-0.007270016201117313,0.00013526074728538323,-0.00047199312061271494,-0.0034819942696371776,0.012987422499434185,0.0017008395808966105,-0.00016879564949322712,0.0005699978876687218,0.001707442705914688,0.004598481944682535,-0.0024116111978277287,0.0006475043419068396,0.00019703586904782155,-0.0002852957767396113,-0.0004332974562476127,-0.00012721248445256495,0.002832055608948622,-0.00012139673915049472,-0.029816480569563826,1.0054378435379603e-05,0.0008803881229583905,-0.00512040769592386,0.006065103661409635,-0.006877090027601342,0.0006778362878081162,0.0004863834499440868,0.007262279375533023,0.0,0.0,0.0,0.0,0.0,0.0,0.0,0.0,0.0,0.0,0.0
2024-07-17,0.0002874215414277119,-0.0013958393465585022,-0.0010071529974581773,0.0017511778765203836,-0.0004969135044667048,0.004985598840519952,-0.0004736996984511279,-0.0015505392915388294,0.0004942858449965467,0.0027293168752834545,-0.0027308224216170507,0.009666435163110842,-0.0028883192705627184,0.0021457569784712562,-0.0011438147988341904,0.0009540726275633027,-0.00015175752821546998,-0.004209211485571366,-0.0019157975079549627,-0.05354431445883499,-0.0006607296653313526,-0.02541621862461466,0.0004542416455534436,0.000503936552189467,-0.00048722411449928844,-0.0003019110913626506,-0.0011616213448710445,1.315249093062632e-05,0.0003705420392498026,-0.00036548959363425626,-0.0024642080233181207,-0.0034804532809351073,-0.0016581628746995662,0.0009514751376749658,-0.0031689602022454,-0.007076033152429594,-0.0019919226260642913,-0.0011269594690871956,-0.008272887460598809,0.00022447139264582884,0.0004276363540649931,-0.0012543668610062572,1.36924899567864e-05,0.0013692318875687807,0.0010034885616595965,-0.000671406444388194,0.000467458105561844,-7.96655929205995e-05,-0.0005563672754446477,-0.0006404605993637394,-0.0008062674095347188,-0.00034412280694150085,0.0014567417415755448,0.00042360493697815165,0.0014997857495368525,0.0006034944057660837,0.013926629539043446,0.02327219080840061,-0.00013671125315659207,0.0036583398895139695,-0.0003791940803411509,-0.0003433925865585904,0.00416835535149122,0.0005600136105050236,0.0011693360969004263,0.002621937549183336,0.0015393368179856702,-0.0005990614678175094,0.0008663167869493173,0.0018099613168670952,0.0031269729757876425,-0.004745928939386994,-0.004451629750775496,-0.00022833315608399276,-0.001087919681221124,-0.003736728997362961,0.010570822599448616,0.00035629261499996146,0.0008556552426382746,0.003172516670406909,0.0015862506697387952,0.004727160253523227,0.0051219802426653764,0.00044794425047201285,0.0015822550820153447,-0.00020962642475657795,0.0005164575410084414,-0.00015494571328087393,0.0031473963410326654,-0.00010934474364061171,-0.024766150305077457,0.00016816506803935506,-0.00019967177031827242,-0.0047100892472965485,0.007906029151793423,-0.00920634045669735,0.00028200496141882306,9.218697866438381e-05,0.007700251009871189,0.0,0.0,0.0,0.0,0.0,0.0,0.0,0.0,0.0,0.0,0.0
2024-07-24,0.00026625776717930245,-0.002502017177686162,-0.00041362914146699284,0.0013858362641110606,-0.00059314976420488,0.003938350277862145,0.0008600494432833476,-0.0011748161996332999,0.00027469544505240474,0.002313277994892172,-0.0044844007390732,0.008391235815407908,-0.0012884167905986813,0.00047412502763614434,-1.5219193636275894e-05,0.001201799617068417,-0.00024112319252771338,-0.0028623076839350836,-0.0016316078481086313,-0.05252762899589753,-0.00037637189646562604,-0.021918944754622145,-0.0011031608287644268,-0.0008351771866846389,-0.0005347484729518668,-0.00033665734926276994,-0.0001826187936541965,-0.0015605809883938331,0.0002903730391947463,7.593371534696433e-05,-0.003560114361973045,-0.002004308511544736,-0.0013369198725150665,-0.0003892480352531951,-0.003206472401137768,-0.007270198430225736,0.0017169755310175294,-0.0006821043591282774,-0.00811769864588315,0.0002221232435279041,0.0004975924850192321,-0.0013805959314228777,0.0007510836207461615,0.00145852032316664,0.0011845479761113927,-0.00047344310068179085,4.543467609139436e-05,-7.670152086607478e-05,-0.0007122612914489942,-0.0003879086750417366,-0.000858884525239567,-0.00018972301607516874,0.0019362535032894457,0.0005133122646322291,0.0013861914859025434,0.0010866818118991958,0.015873871685549722,0.02048820971487758,0.004155294304019099,0.00385022925337645,0.0014273786832898004,-0.0032403034645057316,0.0012712148646053275,0.0004569507347305689,0.0012995725360893955,0.0009639959262072123,0.001923994107824139,0.0010265540629821432,0.0010619743655681188,0.0030486538009908627,0.002899416197661813,-0.005072166659260331,-0.003266361352433973,-0.0007567619662180893,-0.0006942149907704573,-0.0054527947416041144,0.009947044416958283,-0.0002228565251155934,0.0013328460996552406,0.003713666357040852,0.0008726060922179179,0.00503252451924729,0.00507300387910826,0.0006384176550709827,0.0014906122473264847,0.0012710921054716092,0.0007173795686772619,-0.00016798238293652971,0.001957022109698182,-0.00010398517408937882,-0.024790958596815228,7.857884396701495e-05,0.000304314958750431,-0.0048373534754811735,0.00558628105713169,-0.015056483399301223,0.00037340560145932396,-0.00030438454906971796,0.007171937562430831,0.0,0.0,0.0,0.0,0.0,0.0,0.0,0.0,0.0,0.0,0.0
2024-07-31,0.0002512872142627318,-0.004278741391204677,0.0004046831840287235,0.0024681407477524057,-0.001224038693588849,-0.0009216199440468945,-0.0015067006620562659,-0.0018602849838743134,0.0004599634168246722,0.0020998836623235444,-0.006189614891235276,0.007185406253014712,-0.0014003798976206445,-0.0010990949499775056,-0.000524350619104027,0.0013321967177150036,0.00027119561185910587,-0.0038088088487715052,-0.0010115907411331797,-0.04957970441363479,-0.0018250438196984126,-0.022402126884330274,-0.0004430225439510655,-0.0007260234678928289,0.000901503086690366,-0.00038221895655816415,-0.00044931180886616663,-0.00033658289770425846,4.466026531158158e-05,5.601248108584146e-06,-0.00401871249656712,-0.0025250309922682586,-0.0006012293863028854,-0.001665698976972296,-0.003234664484096702,-0.0069687712008002995,0.002527680233557091,-0.0010583442934524873,-0.010527549525195272,0.00018227028022138755,0.0006682918111063821,-0.0010754699035741562,0.00022106228501663012,0.0018818974108181345,0.0017722815189186974,-0.0005550882327466511,-0.00023924653693126196,-0.0003275867824290795,-0.00040120316174284225,-0.00019980135391620357,-0.000979978743773069,-0.0005883133973246529,0.002734247857645134,-0.0003485953105051367,0.001858929409551279,0.0004680132171397922,0.014041968351739105,0.017940658806148372,0.005928763937573774,0.0037046922268407756,0.0019931402185869515,-0.0031533632842163967,0.00029814676740435203,0.0013095055690004972,-0.0003892884691632836,0.0026025255997736522,0.001713407192781441,0.0008656090034608,-0.0010895008379567578,0.0018950329439510138,0.004322238894592722,-0.007257404292563909,-0.009936281764059796,-0.00017968055785481303,-0.0010851617361622202,-0.005299726742974151,0.010325969904078525,0.0014915174209228286,0.0015765764909541381,0.001917653115121388,0.0018410796815667484,0.00451626798125508,0.0037662235433120477,0.00043438233656787646,0.00019755838024435637,-9.913189583587283e-05,0.0007069268147058944,-0.00015131129589612897,0.0012400197503248964,-4.219448066187763e-05,-0.025967893585035394,-0.0007615811694669158,0.0004645357659333961,-0.004819957358891906,0.0032822108977328597,-0.016703439628968413,0.0001777931658815801,0.0014445040598722193,0.007048681668183129,0.0,0.0,0.0,0.0,0.0,0.0,0.0,0.0,0.0,0.0,0.0
2024-08-07,-0.00019478319453716426,0.00029695350603881814,0.0002972378153029841,0.0016349207495876404,-0.0003971995580470735,1.896993268229703e-05,-0.0008595071454152133,-0.0011051778097845367,-5.350581356707061e-05,0.0013921759116946124,-0.003002092957557725,0.007727789814868512,-0.00193933349608876,0.0002490222254991781,-0.0017668942154351274,0.0005831852853888538,0.0007562890880536756,-0.004813245551239898,-0.0011001546667420991,-0.0562748642830723,-0.0020968070668340886,-0.022081031462003166,0.0011283059575601373,0.001047254924734004,0.00046134779516006916,0.0035108610461718087,-6.604233319959098e-05,0.0007622004388030837,-0.000957257231659569,-0.0006757956160049571,-0.005242914867486016,-0.003374656449913544,-0.0007083219319078312,0.0008474251300611497,-0.0019477406396379514,-0.006076609986016229,0.0010180319280395289,0.0006090118475708124,-0.012799237884983649,-0.0005808778156627322,-2.5695326607684512e-05,-0.0019320818641149682,-0.001947270461879847,0.0008818931591689994,0.0001758834632419545,-0.000662680817421665,-0.0014597941413422076,0.0005184842148311363,-0.00053669476696898,-0.0005836630477381648,-0.0015621902290726727,-9.667063125064813e-05,-0.0004984179374877282,-0.0005399766731806843,-0.002327667109160867,0.0006091844546797081,0.01034367526093551,0.019453519202919888,0.006801953865958918,0.0036784993367125836,0.00045138784282556334,-0.002734058947545998,0.00020406675725132277,0.0012439129422219997,-0.0013588311080560036,-0.0007227550682209334,-0.0002845635484620697,-0.0011428287798407,0.0008126201630825378,0.002738924601847506,0.004217254576721135,-0.007807527997577949,-0.008191837270252333,-0.0009471307168479996,0.013164909915012773,-0.006628685680438466,0.008539853420750443,-0.0005362122131930768,0.0019249156375256505,0.00239839525565366,0.0025693349213547407,0.005673337144996416,0.0031474845936666843,-0.00013875426691307535,0.0002952206326148367,9.053628741655464e-05,0.0007003798195783284,9.148616335171201e-05,0.0022828208592892106,-4.4370025823111624e-05,-0.023362442067771473,-0.0010361957168034648,-0.0023093737618432204,-0.004685030726102442,0.0020060389085233663,-0.013866375492431486,0.000342863057477267,-0.0018835537922868542,0.008320542597185204,0.0,0.0,0.0,0.0,0.0,0.0,0.0,0.0,0.0,0.0,0.0
2024-08-14,-0.00034326072070929857,0.0004442237631800758,-0.0001371595054741107,0.00265892307231546,-0.0016471592795900408,-0.0001945852176705541,0.00020214617827774795,-0.0014672447819232656,0.00044471199785387356,0.0009440635832903782,0.0014055221833511001,0.008483864454401628,0.0005827488093001017,0.0006604342525130721,-0.001442201532255134,0.000617003856704735,-0.00020195327145273737,-0.005608847639839135,-0.0011900996321626085,-0.05448376410643933,-0.001509443433582487,-0.022280273487799474,0.000960813100617281,0.0007637577410920672,0.0001830731878851154,0.0009883836505338842,-0.0005956876628978995,-1.2739780389217458e-05,-1.3603111848046167e-05,-0.0008168899358833503,-0.005136390235723848,-0.0015656485128061203,-0.00011375212963823728,-0.0004106440805337228,-0.001859457304202738,-0.006675317576940373,0.00017152674826142865,0.0017567399882725595,-0.012454786669994162,-0.0006583367490189124,0.00016289075351075673,-0.0017960913932356414,-0.0018424716417231545,0.0005178585650002424,0.00021218149344064152,-3.9258937260060994e-05,-0.0015628124559314866,0.0007099578935560435,8.920833901517383e-05,-0.0006641394303098794,-0.001267447853985667,8.371188703630941e-05,-0.000313130078939162,-0.001612889116547601,-0.002452535105350784,0.0016529840361998605,0.010719346533290762,0.01909003850204745,0.0066595130724048214,0.0036804816263765294,0.0009440496532189299,-0.002890191222494857,0.002204017179222949,0.0012287161707512568,-0.0011328595313393611,-0.0006710509276329566,-0.0006975311942743026,-0.00021179235157520103,-0.0023656867664416767,0.004205919029857057,0.003689357971996759,-0.00740831887987383,-0.00749670608979753,-0.000688021383577803,0.013495363902586063,-0.005564591625002434,0.008317415698888189,-0.00048288599612097635,-0.0014612761105506744,0.0022587972590937333,0.002469685651880142,0.004481348512780416,0.0026457091207092325,0.00019286692968802836,0.0003608310671520142,3.196866505440579e-05,-0.00046311784444126293,4.8677204763227256e-05,0.002411695168950844,-4.520339289492734e-05,-0.029088330918206225,-0.0009649797007272174,-0.0024446991624701123,-0.004419289350718979,0.0013574033789392293,-0.017510793519022412,0.000432059397454482,-0.002211744650941878,0.00764200992439078,0.0,0.0,0.0,0.0,0.0,0.0,0.0,0.0,0.0,0.0,0.0
2024-08-21,-0.0002658703850664394,0.00023369127030547612,-0.0018107034075942807,0.0020356655831429656,-0.0015378494263830955,-0.0005628497299115741,-0.00028479321223417217,0.0008218651267798133,-0.00044305646986280187,0.0004751419418239453,-0.0012623247963303252,0.008773790031489299,-0.0019180787066097852,-0.0015138109639834213,-0.0007473209182148939,0.0015461024363304296,0.00011234317616556445,-0.0055650882568902245,-0.0011212682319446743,-0.052870747431125964,-0.001401593624040756,-0.02352315844610685,0.0011807228894810935,-0.0008349533817661498,0.0008178281511450995,0.00034870344438970647,0.00017212470020544496,0.0002792266932251775,0.0005517666138966005,-0.0006656199211194422,-0.006325041836203936,-0.003447678572353012,-0.00015724010487058276,-0.0004905300000446351,0.004768639910645682,-0.005858294984216626,0.0011072483762287395,0.003182674752077921,-0.012890552874571018,-0.00036755454416074074,0.0004976436578413789,-0.0006582774255607364,-0.0020086313809855485,0.0005516955706596202,6.189234857341613e-05,-0.0009662308828169502,-0.0013680587360593223,-0.00014823948932753684,-0.00016895902775928708,-0.0008315784735293361,-0.0015656331146906095,-7.203959039642702e-05,-0.001075351234895928,-0.0015318634564822193,-0.0024374210961476315,0.0014572685397558267,0.012254193533833278,0.0176500440538542,0.007190177353251418,0.003706910543877117,0.0009705356796591817,-0.0026961758173703106,0.0031600093779425692,0.00048227167007983905,-0.0007547722786643082,0.00011079082013154354,-0.0005370527244021395,-0.0006947933176432336,-0.0021343909474589437,0.004869856571961928,0.0017752657044138023,-0.006462791691279575,-0.009990016952545725,-0.0008189664605317025,0.012734455012281065,-0.003382141481084579,0.008053889907103344,-0.0008488478542755905,-0.0019591747082448184,-3.966336656292955e-05,0.0013495708712074597,0.00534621726502753,0.0010305909352319724,0.00013988632095386926,-0.0003077630413338958,5.072152283839484e-05,-0.000427788886059203,0.00013614767269059104,0.003066873174586792,0.00045850151842730217,-0.02954159286166326,-0.0009111782592864845,-0.0021832037104854377,-0.004802560015695242,0.00425890267124799,-0.007381627043998408,0.0018490954641448678,-0.0014851631465973045,0.004345015925944483,0.0,0.0,0.0,0.0,0.0,0.0,0.0,0.0,0.0,0.0,0.0
2024-08-28,-0.00024104799430866983,0.00039056275858886854,-0.0011012786257670925,0.0028180123025237894,-0.0007486418547360545,-0.0003499157674056566,-0.0007374322199399068,0.001434784498412861,-0.0002360764092026929,0.0013683895770347492,-0.0008385631221797268,0.009457186660332729,-0.005681848045193373,-0.0012716121363547848,-0.0014950360671294853,0.0023992881867033232,0.0003573557744716323,-0.005894067880070527,-0.0008041742115340888,-0.053743836007846685,-0.0015603945335038896,-0.02320039709264839,0.0015816761765402058,0.0005729451822026208,0.00041356191759714324,0.0006062277639067821,0.00022019421503522034,0.001582959263657303,0.0009140703946789036,-0.0005225094924258206,-0.006458866068984306,-0.0037517764164770686,-0.0005013490905246557,0.0008704763863426922,0.004367405017344669,-0.002790579401169501,0.00016080142611940053,0.003123301173028422,-0.012219528789455248,-0.0003408580056487394,0.0005013931711177875,-0.0004169696488271748,-0.0019151787837208697,0.0005422442834554076,8.979195115005606e-05,-0.0006367053557383026,-0.0002645022248929175,-0.0005749758053106459,-2.6114730293661537e-05,-0.0008380189261355066,-0.001449740205222851,2.737054679093936e-06,-0.0010576219956103452,-0.0014824994076875172,-0.0021958476932074328,0.002393035216503731,0.01202994185607718,0.019555712989119976,0.007058143577533598,0.0038000861249272776,0.0006376912760765888,0.003492467319406827,0.0038573109906161617,0.0005058400581079793,-0.0012135011017019976,-0.0009969116209469912,-0.0009199360017356107,0.000557595865364581,-0.0026182848233132832,0.004324397218240219,-0.0034080958296282735,-0.007793142969151281,-0.011228772389493998,-0.0005432625026466828,0.013078290482268046,-0.004721276473367879,0.00796084502468261,0.0005018293553135009,-0.001740456963284455,-0.0007957318246085054,0.0021013286960694095,0.0057796619549196565,0.0019775701378312344,0.00035283106788268126,-0.0003515491719608932,-0.0003370877737961758,-0.00039604264246006837,2.0808805861980517e-05,0.0017876205461054148,0.0004333331376421691,-0.03112316014800269,-0.000840889019242461,-0.0025744594259561942,-0.004842335911174098,0.005443393909307507,-0.011823556431020423,0.0013911407054161267,-0.0014659102685133977,0.0046026868631042816,0.0,0.0,0.0,0.0,0.0,0.0,0.0,0.0,0.0,0.0,0.0
2024-09-04,-7.09124957036484e-05,0.0014840436475621966,0.00019947179529231592,0.004105171514440167,-0.00017862323177498244,0.0005214561985778945,-0.00011802334080525095,0.0013128459430224405,0.00026305157234312085,-0.004150563578989459,-0.001195313725862574,0.00957443090383026,-0.0015864374647679624,0.0019691320231065737,-0.0005582275983351285,0.002973160424577134,0.00014507370294885468,-0.00754141564358699,-0.0010279804069040397,-0.05616236032946844,-0.0008338259886814028,-0.017158432810402868,-0.002274528878454897,0.0003354573574281845,-0.0001905455121632141,-0.0005037551555036223,-0.00022156785422802744,0.0007609572770661431,0.0005458544126410471,-4.1722109411524835e-05,-0.006620971934699838,-0.0032302134276883726,-0.0014200985969872457,-0.0007730328305721731,0.0033106559197053726,-0.0016222984685327062,-0.0005787440633597563,0.0030573790804332267,-0.010370236602545853,-3.434720903054022e-05,-0.00016535012474506533,-0.0008362419863725166,-0.001477909261224272,-0.0010875780795409583,0.00072373615413108,-0.0010155155591981655,-0.0007522839625771653,-0.0010463304228960266,-0.0004666602474643343,-0.0008557966975895819,-0.0011004898037503368,-6.216580632614421e-05,-0.000680218742443017,-0.0009145672845709995,-0.001990784173645063,-3.0213104249089443e-05,0.010997183424641009,0.02235817968521221,0.006651995363847412,0.002689747284875809,0.0014158390088796812,0.006065112416973364,0.003320937288083868,0.0006873097711181664,0.0013832944634164384,-0.0012476387002218973,-0.0004641380675618977,-1.9884164589768665e-05,-0.0015953976235668725,0.001747307901498316,-0.002649770411389091,-0.0054741670649659365,-0.011833450472491238,0.0004928583925377493,-0.004000082414482701,-0.005915281764619456,-0.015116096050386973,0.0012545386855222112,0.0012339619160528145,-0.0004496165558105538,0.0018738329194290697,0.007067066070365902,0.006684115686836567,0.000990233017048032,0.001025981153233525,-0.0008319099802306162,-0.0004283966238392167,7.081586103150007e-05,0.004018646808174949,0.0005968611164509998,-0.031915912546082496,-0.00048415815287529223,-0.005334921083733339,-0.007905828688999675,0.0037441475064742503,-0.008735792869704878,0.0005134201322759591,0.00040048685606358506,-0.004549052579602851,0.0,0.0,0.0,0.0,0.0,0.0,0.0,0.0,0.0,0.0,0.0
2024-09-11,0.00013734112198772184,0.0014167190682438098,-0.0003660298641525835,0.003269730825437184,-0.002031071854611398,0.001075688374111421,0.00022847225024160878,0.0007297608563573414,0.0006750939761059238,-0.0023986554366928524,-0.0006354623585410293,0.008394323817567932,-0.0024007385847151603,0.001869964065244211,-0.0006136710484759766,0.0027202279248251414,9.270506097838098e-06,-0.006431900264294866,-0.0010210283966123957,-0.053751710371586145,-0.00037404526301214455,-0.017462123802888585,-0.00249530493062204,0.0001887389340965247,-2.2714262359408473e-05,-0.0006039606981588557,-0.000136978053097854,0.0009753638630636678,0.0008855986312766792,0.00023414445116008484,-0.0068974133769673426,-0.0033684973837119687,-0.0007032858927303874,-0.0005453985770304674,0.0033852712469673893,-0.0021192487387920026,-0.00032448802171252376,0.00257591467600857,-0.009123937409492201,-5.017030027439361e-05,-0.00034353406102917655,-0.0010014646897433996,-0.0016097855440528792,-0.0014739425732979065,0.0006820293069098568,-0.001077688733977686,-0.0016579692445386196,-0.001083134740349501,-0.000671511794057688,-0.000690675783545641,-0.0009956952415140794,-1.8441876590995834e-05,-0.0008878988111256918,-0.001000175756575572,-0.0028236411626659345,0.000354870068809033,0.007967692810517776,0.023930864909277053,0.006383499145324703,0.003501525032619787,0.0024521031690395087,0.006393162085429367,0.003675458096415666,0.0006925224070317754,0.0014419929126225637,0.0011744969593892197,0.000879959980531888,0.00016155904409177903,-0.0011357898639571342,0.0029533080382484833,0.004446091517883299,-0.005450645194362612,-0.009027230512374425,0.0004992481720480348,-0.003419608505109745,-0.006105705979462078,-0.01491740023527576,0.001255979511144432,0.001220980257953163,-0.0002489758891910365,0.0010940089936655063,0.007182852075571672,0.006421936289565084,0.0003415851063953692,0.0008475632022441784,-0.0007332995411803166,-0.00040953995890837517,0.00013865927412527246,0.00033509732775590653,0.0005968611164509998,-0.02730158438167021,-0.00028756650957773353,-0.005302596741941498,-0.006185858372338094,0.006089865995496154,-0.009639151022609588,0.0003280122630240218,0.0009883612069000278,-0.004659000278272109,0.0,0.0,0.0,0.0,0.0,0.0,0.0,0.0,0.0,0.0,0.0
2024-09-18,0.000381626075983562,-0.0015854056728946935,-0.00025290718015263274,0.00046035509372970343,-0.0016665345360572029,0.001086291080434826,0.0001957182013941073,-0.0005204565388271763,0.0005341558132943487,-0.0020750817386933993,0.0013003118090483099,0.008055386118096043,0.0008019249867289456,-0.001371011954733301,-0.0009899692967873228,0.003717844733471449,-7.51532002171419e-05,-0.005253291519223175,-0.0011330393785407712,-0.05504163889622241,-0.0011891574655906259,-0.0144452044362801,-0.0018642164898901694,0.00023002263050775067,0.00020414424853069295,0.002334586215803456,-2.8942384633855546e-05,0.0003106180155659612,0.0008550612773043595,0.0008259766597783639,-0.008073994035833306,-0.001432434331660953,-0.0006188264653609952,-0.0004901749095283852,0.0035812510363050724,-0.0029084606972335373,0.0004790580136934935,0.0025923080296752538,0.0009701690863720463,-0.00022169846601376853,-0.0002426501468889795,-0.0006898560892667462,-0.0025570523346269253,-0.0021576019584099108,0.0008513784969466472,-0.0002256921126487214,-0.001350480006050355,-0.001409396471493113,-0.0012677804554264117,-0.0004835151598992625,-0.0009520108618974527,0.00031032316187321176,-0.002225640986595988,-0.0003137488626271253,-0.0026563292412332988,-0.002589126889736057,0.00982316492256561,0.023155432623432885,0.005601379020588671,0.0027616370002180287,0.0025553308063707195,0.007805436217289899,0.0031460345530429745,0.0011348896736354977,0.0017067169666297832,0.0025791667082961664,0.00028667581530725846,-0.0006736845200592769,-7.577858219079855e-05,0.004273715883136817,0.003927811151487855,-0.00433149124508213,-0.00898165162388055,0.0010725707998203032,-0.00381707263507675,-0.006642656778744211,-0.015475123721720035,0.0013487915379918481,0.0026170868446135486,0.0010463891482654516,0.0020579359269773862,0.007047294378707625,0.0051626399786741965,0.0003682847410370606,0.00010235920368837669,-0.0006102415521435594,-0.0003908599079785015,5.861680612376514e-05,-0.00016170837722519907,0.0005778290917765986,-0.0294219838811439,-0.0006421881133643813,-0.004283220305065711,-0.007368761759498324,0.005189268577420059,-0.016305052684169936,-0.0004119474424371784,0.001494112625379303,-0.008451396532831008,0.0,0.0,0.0,0.0,0.0,0.0,0.0,0.0,0.0,0.0,0.0
2024-09-25,0.0005209637705669543,-0.0030360809344100346,8.10782390652038e-05,0.0016817620072032626,-0.001612695719004415,0.0007541671986997243,-0.0013614013956303617,-0.0011548688389490147,0.0004122664806408771,-0.0017253935207199225,0.0017027404992605603,0.00826032271082246,0.001442238064278634,-0.0008877741566340303,-0.0005166501559933538,0.0024883022796007453,-3.226185908523748e-05,-0.006601343914443962,-0.0005922225534186241,-0.05886594978686357,-0.0013482920100432916,-0.016542555588492384,-0.0013469190036312243,0.00031697404014121916,-0.00018706079479716617,0.002181663519622154,-4.269129156402359e-05,0.00013036838131503088,-0.00023286656842822292,1.492321369433588e-05,-0.006103164982989071,-0.0013830283834088165,0.0006831841151458497,-0.0005293313214847682,0.0039775086899114164,0.000500759616598189,0.0007442282691991759,0.0021726055514103278,0.0011703423769521867,3.8847297525549055e-05,-0.000249478582736367,-0.0008022518116354371,-0.0026791153242673557,-0.001893473456325812,0.0007958374074453797,3.617970543316162e-05,-0.001604763470155584,-0.0011193493108700638,-0.0012428557131477836,-0.0004532090500587521,-0.000906290063586169,-0.00028556019346021006,-0.0018464446767561876,-0.00036401135375258985,-0.0023158205483638835,-0.00032885446770518063,0.01237736587903081,0.027208523106002722,0.005501439486021749,0.0027212003461397154,0.0019847199960074786,0.007686628644352955,0.004254933261292248,0.0014440434296945357,-0.0006883200021517188,-0.0010302725736350837,-0.00011395637897478309,-0.0008178773593949767,-0.0007509969797558601,0.0033695013135625505,0.0031141891391944596,-0.005596031223609588,-0.007882660156514608,0.0010012407481919047,-0.004363062688606434,-0.005572885611924118,-0.01324716259653821,0.0003950562868218267,0.0025140910170093926,0.00152756087893369,0.0018596790599110583,0.005838008190769662,0.00534378916329108,0.000507870115893915,0.0003849041645120021,-0.00062064823115992,0.0011091337337799819,8.74936116741643e-05,-0.0005418740645669174,-0.00040404153963767266,-0.029133326132753407,-0.0005587961418762822,-0.0044325441895375645,-0.005997241232170891,0.005115784462547822,-0.012041630101664615,-0.0003719964186043459,0.0014867635552288075,-0.007155729043161055,0.0,0.0,0.0,0.0,0.0,0.0,0.0,0.0,0.0,0.0,0.0
2024-10-02,0.0003311432907878541,0.0029185942790877057,0.0007346958295340624,0.0013438427261360715,0.00022994675450087424,0.0036497431747864167,-0.0010688251723310147,-0.0009334628258729467,0.0007240711098812756,-0.0035236515027910753,0.003366918227502882,0.010099004229353349,-0.0002523610200792708,0.00848777030071902,0.006530997187812706,0.0034169355112471894,0.0005894384381671535,-0.007929050370521705,-0.0012935718129734913,-0.06299049732076419,-0.0015461499351660337,-0.015604362979831364,-0.001748847435227194,0.00045731549006900233,9.307059534445339e-06,0.00012998034462431089,-5.3737461674770154e-05,-0.0004636645108265256,-6.199641330859889e-05,0.0001368220282080189,-0.0046270673797358716,-0.0031065956414412974,-0.00026721646420330055,0.0003868618165131132,0.0041997521212281085,-0.00014099979783869634,0.0004776462218120797,0.0021284442025373876,0.003357032860729989,3.477092293064379e-05,-0.0007496137645417052,0.0005887491145139968,-0.00286115604224509,-0.0031031496284244144,-0.0006086947408248401,-0.0006303110740350782,-0.0007743350513466303,-0.0006704113509380541,-0.0018495765037462243,1.046152937346994e-06,-0.0008875889243355287,5.262078525254934e-06,4.6277695360971404e-05,0.0005847175392540655,-0.0017041141442026865,-0.0046109383955623695,0.012222342305702858,0.023493331406787218,0.006095388697181503,0.002540690242837505,0.002193162893471376,0.0069640091393523606,0.004489204395207512,0.0012793177663545626,-0.0018108794155544598,0.00047640366254912155,-0.0006500880714901913,-0.0006336563743755691,-0.00038888100013949236,-0.002388651137194775,0.003362712472333337,-0.003472631424677754,-0.010469873330442666,6.835737400545368e-05,-0.006405896914293537,-0.00822918795237741,-0.0040508811898088875,-0.0008143872194998985,-0.0015873213918484825,-0.00027044616525657354,0.0015062383910686007,0.006621782731649725,0.005873024217227737,0.00033528825262569423,6.580890118514152e-05,-0.0005899932138246946,0.0012661395411164296,0.00013025887799438004,-0.0007114905175153003,-0.00048420918969310306,-0.029338540209969677,0.0007720825478518705,-0.0007720632324984912,-0.006862484125091675,-0.00045163562488212655,-0.01726416577176241,-0.0009261158954597183,-0.0014027446836387626,0.001972971660964915,0.0,0.0,0.0,0.0,0.0,0.0,0.0,0.0,0.0,0.0,0.0
2024-10-09,4.945701533769017e-05,0.0015982038293152457,0.0008434725064718967,0.001462761660335166,-0.0002605777721040137,0.0036643636050725987,0.0001926023670839067,-0.0003428628241013543,0.0006731456428408595,-0.005684744988833229,-9.339213402285606e-05,0.01062241951773754,-0.00277923997107481,0.008814536100508754,-0.0024191618040172937,-0.007379020673053374,-0.0012195642793675582,-0.008408156229951969,-0.0008573484388649826,-0.061041541695972416,-0.00017795944155584147,-0.016249550913061166,-0.00012981619614798554,0.000449733099153346,-0.0003133635022872122,0.0002772695044586935,0.0008648062285570227,0.0015023238050392586,-0.00013511277773494784,0.0007088401281728729,-0.006186270391162336,-0.0028847176135890053,-0.0007766246962555587,-0.0005634663156401033,0.0038622713450420843,0.0017624454022902337,0.0015753533778145768,0.000833687003250221,0.0031773841438504456,0.00014345063892175084,-0.000527059113496621,0.0007590006064986843,-0.0025744256635374277,-0.002943554191254794,-0.0006727319930064158,-0.0006832314281362208,-5.172972710236508e-05,-0.00042865991010912973,-0.0020568044033094186,-0.00016858240660584312,-0.0006481168053779794,0.00010298505169749106,-0.0003581605319670716,0.0005543960865616224,-0.0008776684755882862,-0.005096846259246374,0.013056058369133487,0.022219827090163367,0.00850236676528853,0.0028166608385177326,0.0022306148430023677,0.007452735427465995,0.005437673175904096,0.0014022888992549407,0.001973646040161553,-0.0010805068552620963,-0.0004350900277979667,-0.0002037577125925928,-0.0008271763552381445,-0.003991516795165635,-0.0038411853061808008,-0.003769097795367809,-0.012139935471554968,-0.0002728020310223756,-0.005718176846047939,-0.007966099442843735,-0.005180038021596884,0.0006130774922711023,-0.0019146050427002266,0.0002633197033999238,0.0016506805719563586,0.006019555269610451,0.0050853282637637704,0.00033138166582831566,-0.0001165395957041106,-0.0004620278644739159,-0.0004576219090091848,1.0921190128915053e-05,-0.000792382048248812,-0.0005203883422236161,-0.033125466899147804,0.00065723982580917,-0.0010324937497987168,-0.006592919866966922,0.00010407482385112711,-0.013124323722054656,-0.0011907712357362914,0.0002771492040642927,0.0015798525786407988,0.0,0.0,0.0,0.0,0.0,0.0,0.0,0.0,0.0,0.0,0.0
2024-10-16,-0.0004866509207822404,-0.0006494228074176541,-0.0001480330701268904,0.0011192276008247738,-0.0004258130443502961,0.0026736436042542346,0.0004942788349706252,0.0012211228486834474,0.0013352431513661532,-0.0072468619838689475,0.0011002060324074373,0.00873185928816201,0.0021282175250528813,0.007009425802353372,-0.0012150692272384534,0.0036933102297923284,-0.0009863920772569788,0.004547594544522571,-0.0009349047702103888,0.049935832336826094,-0.0009713933842319302,-0.014843290727455861,-0.0007523364566930418,-0.0005171141551549201,0.0005445589870898785,-3.886733156244802e-05,-0.0015470315565185512,0.0012152966558511833,-6.228160481312857e-05,0.00040307208023802513,-0.005379595212745415,-0.0009633223584754326,0.0015051782418890503,0.0002328136133052787,0.002304016502341088,0.008440589788777193,0.0022571072596069964,0.0024139707235930987,0.007774015463048399,0.00032715967516747064,-0.0008396441792032187,0.00044351776804896854,-0.0018462075164262523,-0.0018000014370514635,-0.00038290156665253815,-0.0010307493131123315,-0.0015324104093313914,0.0003241919042100783,-0.0009843141831276155,0.0016626949900352202,0.00023262182606137387,0.00017537816420042714,-0.000990313535313978,9.884414115074618e-05,-0.001866520640180963,-0.003925302002733157,0.007235199782015719,0.014413862154375933,0.0031989557076459903,0.002987318466056871,0.00237208765943823,0.0055284920254611795,0.0064828564418616015,2.6770482342896594e-05,0.001299433809925401,0.0023861251509670225,-9.611978985560997e-05,0.00027266260392109674,-0.0014223354038753794,0.0025800675599762777,0.002202982231936697,-0.00320344862371526,-0.010213879610463708,0.0006191185882719977,-0.0048908233114731085,-0.005873735815964417,-0.00466302574991724,0.0007139415789361158,0.0017924150957634804,-0.0002166179043485274,0.0020198303572527133,0.004861153817713587,-0.0011287651287911315,0.0005345147698416668,0.0015519876627434722,-0.00032177838354193947,-0.000342952293856534,-5.029740963179388e-05,-0.0007948450217981613,-0.0005729726627978251,-0.031802253224467864,0.0008729384484965824,-0.00023949971689717295,-0.006652605208839642,-0.0010703327405829864,-0.01142740347471759,0.0005243099854422479,-0.0020713892501866902,0.002209183983365047,0.0,0.0,0.0,0.0,0.0,0.0,0.0,0.0,0.0,0.0,0.0
2024-10-23,-0.0005781014908693106,-0.006427441431914691,-0.00013332220775225773,0.0008102397691947124,-0.000976608608010385,0.003048652768101543,-0.00012327312432705025,-0.0005143272098748013,0.00195454929410085,-0.006758463347063127,6.339815609718438e-05,0.008471160771069759,-0.0016757862958440973,0.003651292640879625,-0.001639093825663081,0.003069773115323365,-0.0005671430113691866,0.0038452664375635067,-0.00019320607275068495,0.04320907964207903,-0.0011591679951962859,-0.01492206393179373,-0.0008590993937247401,-0.0005525380495614511,0.00025477844803698316,-0.0015611003178575954,-3.7712430138546215e-05,-0.0006875039207994182,-0.00031791455168665315,4.6399513101098814e-05,-0.002385761930757154,-0.002922955383577772,0.0014543950449035792,0.0008511574980350695,0.0035709935586142466,0.009368005766904006,0.0011043033345712544,0.0015363119972779482,0.00740958055947231,-9.958570622547354e-06,-0.0009251294439457332,0.000216951344068663,-0.0025401390522060007,-0.0027106329627877047,-0.0009919794631809101,-0.0004369587580198126,-0.0005005083674186676,-0.00021383068076106696,-0.0016519799730197828,0.0014292091310761927,-0.0003069067822656314,0.0002150643506917227,-0.001556913856712401,0.00026825607585103083,-0.0012058260683540044,-0.007067018769489281,0.009773592567091002,0.01964268202842077,0.0036429998667413003,0.0027249437349867152,0.002573631557307608,0.00483707556663912,0.006442035656243783,-2.7546900184506004e-05,-0.0010647925743360969,0.0009404541731042367,0.0009084589298380811,0.00010052084127000579,-0.001378812991347061,-0.003163340472938106,-0.003342840587570413,-0.0012827534872621262,-0.014082821076285236,0.00044251201687467277,-0.0056210772498273606,-0.007295502183226829,-0.005049230741984566,0.00162220938380511,0.0028342577014852147,-0.00012558364612419911,0.002109117148577033,0.005179830422906135,-0.0012568640962616051,7.054782430097642e-05,0.0012653354430911653,-0.0005002577060957729,0.00023659905132300736,0.00013870417451793338,-0.0007522099000537941,-0.0003487269413742015,-0.036618243669698756,0.0007205088115161428,-0.0005413969091029104,-0.007700909474619704,0.00018218724823633765,-0.013608531436051317,-0.001142334763358791,-0.0018303980426517053,0.003899672417893399,0.0,0.0,0.0,0.0,0.0,0.0,0.0,0.0,0.0,0.0,0.0
2024-10-30,-4.2616950087668634e-05,-0.006631262587653205,-0.0007904650229490997,0.0006208236902985297,-0.0026157588028511733,0.00265457160363668,-0.0002435499642892711,-0.0011186315093096194,0.0015977316386099946,-0.006647124325747891,0.0030366705000909136,0.008194493096314601,-0.0036018608863706697,0.0012393571762875388,-0.000337791122533077,0.002557796993507214,-0.0005581085164766935,0.004713720810229055,0.000410858652382513,0.04397955298638726,0.0003351361859790455,0.00015178570873589315,8.604413448549459e-05,0.00047540602952042104,0.00048349350404377,-0.0015403445328247116,-0.0005680701282974562,-0.0004308790741846207,-0.00016336086697043832,0.0001770669035664178,-0.0019525073661910766,-0.0036639394112921325,0.0008001188406559978,-3.401561784055293e-05,0.0022798034221721834,-9.26413980397171e-05,0.0011026689829763622,-0.0002680797413759952,0.007302675731415187,-5.139076440118525e-05,3.98942060707512e-05,0.0006589079612061347,-0.002417604812519346,-0.0016074664586257488,-0.002549209539759809,-0.000750983819758052,-0.001237991167056855,-0.00021114597524182158,-0.0019945650447576154,-0.0005169589460697657,1.4345046700739778e-05,-0.0001817357299973832,-0.0017838616030829424,0.0010154767769209674,-0.0014074705984494322,-0.007189584445885071,0.007486966671899797,0.017398893231644272,0.0015765894568455807,0.0021994674892676313,0.002835956501138811,0.0034155481127108697,0.005629104743216607,-6.487037444945652e-05,0.0013715090438001928,0.00015196397888082153,5.672488755190826e-05,-0.0006038014684250166,0.00031935606793674284,-0.0028111902340470867,-0.0038854196611274815,-0.002048366811479513,-0.015265581368507114,0.0020187570467314095,-0.004549138719949331,-0.0070034114800157105,-0.0051420796864746696,0.00223079644537857,0.0028798162860048477,0.0010813921948177355,0.0026032233797396594,0.005006227686310277,0.0011987163661470518,0.0008873415849337159,0.0015312234364248615,-0.0015132145559109732,0.00022564055117372926,0.00010537357051472194,-0.000591734918851641,-0.0003114119321965696,-0.035829114757029525,0.0006294626653502039,-0.00020104593859740985,-0.0076269603406649445,0.0018958453660114128,-0.010526807986074532,-0.0003972658550622347,-0.0020611377549408713,-0.007480899558966323,0.0,0.0,0.0,0.0,0.0,0.0,0.0,0.0,0.0,0.0,0.0
2024-11-06,0.00017544392924494394,0.003807326552926753,-0.0006723273460711876,0.000981283743288201,-0.000647731903332923,0.0020632741384862363,-0.0013967963137349092,-0.0019197707434329783,0.0019804743145938534,-0.00527879540473033,-3.873120666770509e-05,0.010477775660572643,0.0019437515255635242,0.004685724048841538,-0.001849808318440482,0.004688241097714535,0.0011875633785728308,0.005328409765081413,0.0004562265625136444,0.03873705717065292,0.00045841731970151035,-0.01448905711002894,-0.0014153662366989657,-0.000941580595051376,-0.00014432678915018206,-0.0017457622105269636,-0.0003855754751122636,-0.0002905418732895543,-0.0035745040300467234,-0.0001570435461839351,-0.0020596192372343415,-0.0036274865008170134,0.002191605102912098,1.6881218772595346e-05,0.00324371000849878,0.0001905737818938409,0.0006100632102025759,-0.0014957936202657784,0.007969666270249377,-0.0003141770343368084,-0.0005873230307877458,0.0008920269085795285,0.002283779044185949,-0.0007826696053501936,-0.0008386980595096463,-0.00026868901737130103,0.0007739146638491609,-0.00012006394017763872,-0.0006211496629654252,0.0019765892923061406,-0.00032176837856755187,-0.00018115653219965427,-0.0008806185357279836,0.0007096865951056578,0.0010940181454323773,0.0010977135752413113,0.011146714150564495,0.022111100718085006,0.003019575673577763,0.0024381785911564303,0.0019585131828768684,0.005599901226161797,0.005625510063161046,0.0008223446190294096,-0.0007524286341403681,0.0004013889820985507,3.493254900366122e-05,0.0005882696268010903,-0.0016223472816748559,-0.0030607034975059706,-0.004556505089644244,-0.0010225313142042177,-0.013693070840600542,0.0018936891619593616,-0.00453422678357245,-0.00743663753324792,-0.004890564742533829,0.00196992292475278,0.002748463307788417,0.0012558464415749393,0.0017562482562438904,0.006675953600467631,0.0008414387191989963,0.0006737612820155564,0.0012450179253676054,0.0003409385593208285,-6.234632753736592e-05,4.5612172053511354e-05,-0.0012005787596491198,-0.00036961075006198234,-0.038582929652689085,0.00040440791574143875,-0.0019548465321629514,-0.006615438078333903,0.0015583396055478436,-0.012553170555739575,-0.0007351937362039073,-0.0021041803142715205,-0.006829271850855203,0.0,0.0,0.0,0.0,0.0,0.0,0.0,0.0,0.0,0.0,0.0
2024-11-13,7.856855262679227e-05,0.0037025133837653343,0.0011883546043712485,0.0008150953792381795,-0.00026047463718347044,0.0016429946274499657,0.0006224709448861537,-0.001464660949398333,0.0017921490062550683,-0.005517004987235618,0.0009526098251334394,0.010103750956524752,-0.0035559523526319703,0.005285647060971545,-0.0023371825307448783,0.004737290678499676,-4.83901348305982e-05,0.005931912476587018,0.00040722807290850615,0.04081468561973976,0.0011661319514276048,-0.014347163635101072,-0.001313860326065392,0.00015118580263898064,-0.0002019757631461211,-0.000197677171675028,-0.000451571066774766,-0.00023970133700943464,5.112202623040351e-05,7.84678754029579e-05,-0.0022581346954122423,-0.0034136744031442747,0.002028696158001897,0.0011613799049264054,0.0030334955740195287,0.0008577655249574542,0.0012536519571826816,7.939439573172613e-05,0.008681377509678451,-0.0004017231840290184,-0.0006211205690594107,0.0016866579868090152,0.002434456605764454,-0.000823431992759803,-0.0009432714083906455,-0.00036664584917442237,0.00053670916123408,-6.987826600989557e-05,0.0002105255462054903,0.00173352042433372,-0.0006169840356661517,-0.00025686881106960606,-0.0013029869107023348,0.0007132516221213821,0.0004526124152233885,0.0007631509592371219,0.013074497206315231,0.024936014993127902,0.006167066644126346,0.0020296922329747047,0.001764767906489686,0.006447088414194323,0.004417297545431672,0.0007558541117540097,-0.001129304445113094,-0.00024206832359075154,0.00021907759487838373,-0.00028278498653391387,-0.0013087971730823393,0.0012962127847915906,-0.005192411848797686,-0.0004099277829483216,-0.018819651481233778,0.002227007824213858,-0.004291714967879648,-0.007332220445123217,-0.004775616904410441,-0.00012979942688317288,0.0034267841008511933,0.0010686839244991213,0.002147977483223034,0.006697837704491377,0.0026313083776364384,0.00010447880320240956,0.002180313051729597,-0.00026303333940739984,0.00016385060709120744,2.7660515767437785e-05,-0.0008016948296325822,-0.00036961075006198234,-0.033856667917857505,0.00025777270194216024,-0.0021618210577216317,-0.0061227899999007004,0.0009433785528778205,-0.012412960212199961,-0.0006521783537581245,-0.001554667360808272,-0.010464729194677162,0.0,0.0,0.0,0.0,0.0,0.0,0.0,0.0,0.0,0.0,0.0
2024-11-20,-0.00011082717548238965,-0.005358240471420987,0.00021210784286253298,-0.0015293100042038349,9.288288599788755e-05,0.0017726578268332741,0.0008530203068897588,0.001862930459099093,0.0017200539057886089,-0.006768842491093948,0.0005768413536826672,0.010903179817551501,0.0019323285644478978,0.0049994336658292626,-0.0003220539393317518,0.004237762644859341,-0.0009822046992606593,0.004237346715242876,-0.0006550841491252767,0.010272470093891078,-0.0008836086682088673,-0.014783173680733223,-0.0006814567007229916,-0.0006472972002564507,0.00016259140314837524,-0.0009205072511723378,0.0008441494575515628,-0.0002910408993220185,0.00049716317389855,0.000589682930849554,-0.0017151200363212105,-0.0033121190958131457,0.0016209746294916433,0.0017760859382270353,0.005003260132370017,0.0017864947948105579,0.00021645281593379552,0.0006908861185980521,0.008485153643707336,-0.00038718949171243967,-0.0005829932782927858,0.0018923226901206725,0.0031756095713208407,-0.0003462284126864593,-0.0012134782711023665,3.7986639662344725e-05,-0.000137261133209728,-9.535461729655889e-05,0.00032387002960566593,0.001106218374850457,-6.961706437541261e-05,-4.711030674025867e-05,-0.0018712148097459868,0.0007584451738161352,0.0002773346607080082,0.0015510868844754203,0.011668798258874177,0.02523987446329639,0.004785558688501626,0.0019047234733868795,0.002001296325500278,0.005565436409397216,0.00404723112370602,0.0009565517410495622,-0.0018514706684100274,-0.0006497970275843119,-0.0006457886546857774,-9.798006459288576e-05,0.0012848670423476808,0.0018411724693071668,-0.00293638017149204,-0.0014652781712808597,-0.020579453432226467,0.002023015004866468,-0.0034765183472707556,-0.006714596166825986,-0.0038148198600247347,-0.0011646882302867733,-0.001713833573959476,-0.0008337991808674765,0.0023569200844486596,0.0063458408095779205,0.004010569412923817,0.0001873786920290747,0.0023123750767469853,0.0005680373748357327,-0.00038113493694018965,0.00023719152882299005,-0.0008855321201816416,-0.0003186568013860785,-0.034772757945024595,0.0002175719687531551,-0.0017669050754596809,-0.0070582683296264445,0.001491582124574725,-0.010558362684205647,2.6686703620785424e-05,-0.0006935482674148361,-0.008819736184289877,0.0,0.0,0.0,0.0,0.0,0.0,0.0,0.0,0.0,0.0,0.0
2024-11-27,0.00046335338731534,-0.005550620617688059,-0.00018448890716475853,-0.0019306757042273908,-0.0010774888390760132,0.0012138698300273407,0.000837811496925818,-0.0015968649508548787,0.0010701869469581463,-0.006394697287761225,-0.0009726027862731868,0.010448575814284171,-0.004642520052269297,-0.0005418377781573625,-0.00022646358398430052,0.0024520867322405126,-0.0012672348092820432,0.0049731476595604625,-0.0008235303481597215,-0.035068852065810154,-0.0005821175983847987,-0.0197478859097162,-0.0008505773265525979,-0.0008956921789978645,0.00015075577669883435,-0.0022685488281056856,-8.1974575862057e-05,-0.00031858495870417254,0.0006571764433470262,7.060193201657208e-05,-0.0026858744570894305,-0.004876342692677321,0.0006029394619256715,0.0022049358195828594,0.0050217723351689125,0.0061585463343856355,0.00024414997530117027,0.00011509290597680446,0.006795201333851428,-0.0003779693764614383,-0.00022338296853083469,0.0016356326467394985,0.0025531431628083804,-1.0951727751030429e-05,-0.0013673885738492686,-0.0007006661514640201,0.0002269216295107022,-2.544231850218913e-05,0.00067207240437112,0.0004611061175514027,-0.0005991953460570561,3.687435967396607e-05,-0.001815847556747911,-0.00018179718203844804,0.0003506044083910522,0.0014694033133932406,0.015593101349825568,0.024968797879846287,0.006038220007167771,0.002778313935794526,0.002022188220310193,0.006751282813744982,0.004453003825090904,0.001458617562530539,-2.0574650628221455e-05,-4.660559351878617e-05,-0.0012208119234422411,-0.000783930932636393,-0.000981903281803505,-0.002830488269685626,-0.0028389041960773702,-0.0018854312048448806,-0.014576768677100872,0.0021348759534651303,-0.005287492019740937,-0.004363572657512471,-0.0057748204749387,-0.001352482882375834,-0.0010786044735042104,-0.0005899415006052426,0.0022845834044500422,0.005636076741098377,0.004186176368428423,0.0007805828003869893,0.0021490932217006885,-0.0011288727670001207,-0.000199592432214247,3.0974424848671385e-05,-0.0009532668126068608,-0.00031495368893927263,-0.03746539575454394,-0.0003443219303309803,-0.0032137938734189686,-0.008006848970421162,-0.0006979122510560701,-0.010331434105589335,0.000980976151089389,-0.000475614998763723,-0.009554292591086014,0.0,0.0,0.0,0.0,0.0,0.0,0.0,0.0,0.0,0.0,0.0
2024-12-04,0.0009268905042917596,-0.00611982010867014,8.251096722950959e-05,-0.0015285899078700952,-0.0007127893575070918,0.0019531725119992225,-0.0020467519978684986,-0.0020352255033612284,0.0006506371200923916,-0.0058967307777626965,-0.0014865884919047837,0.009510120398931622,0.0008046922897242039,-0.0029106762080211516,-2.7904278242987233e-05,0.004208972968479945,0.0008193972865141504,0.003491138801677672,-0.00031030489101523893,-0.038802018661042915,0.0009362127809619735,-0.01461513565173855,-0.00041652828900142684,0.0005252197026517941,0.0007762207168165305,-0.0002302946564001706,-0.0005220669374741714,-0.0009641920326087486,-0.00046714263657570543,-0.00027481412248953974,-0.001756355163201405,-0.0002076377398548491,0.0008490549554514878,0.004110040245053734,0.005262567672217935,0.002389441416158212,0.00014040541076547211,-0.0005388544519662837,0.00674360957654408,-0.00023018844172820652,-0.00023702669717044455,-0.0003874013434208281,0.0027070768554347644,0.0011591972325725075,-0.000409778727757847,0.0015350181350276594,-0.001133949836930401,0.00010236677958808127,0.0009682078208683076,-0.00015472294202686286,-0.00038806175328655616,0.00018509340838304174,-0.0016833309034681248,7.456151114506945e-05,0.0010275570888640226,0.0033408535626886352,0.01416533501608002,0.032472785503118023,0.00447854826853486,0.002781022954054687,0.0035883556651942084,0.007158790982208677,0.006165466107617387,0.001297762130921282,-0.0015721491572204128,0.0004558384699611311,-0.0007924854357637065,-0.0010780062795543693,-0.0004821031363906207,0.0013045314834657855,-0.002152854314367557,-0.0021233266058622593,-0.01605345613315877,0.0028910440539003037,-0.003725843279895153,-0.0028701727113956883,-0.013417671256250385,0.001851099190263762,-0.0012554689055136068,-0.0009125627724802519,0.0025030204535184536,0.007173912122795659,0.004829480363048951,0.0007501047392727404,0.0034790087455526895,-0.0009995203367042895,-0.0005242721839299071,-7.540432717535049e-05,-0.0011153288917268897,0.0001798387785085874,-0.03486383069767331,0.0014298803484930132,-0.005454029497490757,-0.006795933541402317,-0.0016470389106440662,-0.010476012219230238,-0.00017380080111781347,0.0004150363200710416,-0.008646652055331628,0.0,0.0,0.0,0.0,0.0,0.0,0.0,0.0,0.0,0.0,0.0
2024-12-11,-0.00038831888424308074,0.0022737325383589916,-0.0006931804060899501,-0.0016375915417794814,0.0006966646870545057,0.00237258395792484,-0.0008036608723726707,-0.002161468455864371,0.00010237353932869878,-0.0064658403190219725,0.00034211553620737406,0.01031902738967989,0.001239627435813023,-0.0010040341401723754,-0.0013148044713856236,0.005545958889570012,0.0008430915323332292,0.0030484255837996306,9.936454696038283e-05,-0.03515254376150183,0.00013272046972036264,-0.014603134827315541,-0.0012429393644744983,0.0005675947719062679,0.00028670384814412267,0.00018963828194913226,0.0006435958128049551,2.557778665189462e-06,0.00023500394940978534,0.0003200427323487733,-0.0019214979267324385,-0.001232817034798965,0.0009324378689237192,0.0036854094773239453,0.004985274301645085,0.0020070844230478065,0.001170772336183905,-0.0006266341621675309,0.007798455880564071,-0.00021349812617750278,-0.00036022189288572687,8.309921367327602e-05,0.0028575280836852183,0.001998818068223144,-0.0003343197355552275,0.0019134616658286897,-0.0010493967055178119,0.00013143932089428986,0.0009618418863085915,7.602497422865184e-05,0.00019416889869549803,0.00013920343800990316,-0.0009425016851559791,6.952017951856207e-05,0.0007824098044506405,0.0037034464038546836,0.013579667977669676,0.02922230708193831,0.005992099280863373,0.0035956264647144754,0.0037298211460378835,0.00730905062355325,0.006586153414245864,0.00015342888744878576,0.0009095667146222137,-0.0012177307924839077,-0.0006166217813864597,0.0005652219285846701,0.0002021160254699046,-0.0016614580427416587,-0.003376509469967288,-0.001657038016613873,-0.015496616305770178,0.0024940262908357404,-0.0029103633521420434,-0.004162960718902438,-0.012811982233093626,0.001428975086657408,0.0015712118580800362,-0.0007944124574431338,0.002452994665380555,0.006803131035540216,0.005152102741319736,0.00017934464451436704,0.0014978884520953646,-0.0011068668452945492,-0.000547233082255594,2.2377409030635862e-05,-0.0008113386258459279,0.0001742515043139514,-0.03338625115720475,0.0014050116828721502,-0.004620427570943841,-0.005479499373380174,0.00042822733600435774,-0.008647603698131744,-0.0004399862331203531,-0.002502244956126522,-0.006420522789593237,0.0,0.0,0.0,0.0,0.0,0.0,0.0,0.0,0.0,0.0,0.0
2024-12-18,4.602387368264358e-05,-0.002424955518794825,-0.0009587736178049907,-0.001420900508922523,0.00029993848412609585,0.0012330696065366794,0.0011924764272103479,-0.002093367343420721,0.0007488185971014821,-0.005962393333625853,-0.0023279679058692236,0.010697116554040464,0.0009179630886874586,-0.0003831670287508003,-0.00021683801719223333,0.0037566965747826285,-0.0003609698097592817,0.0031259763538096785,-9.577184901088003e-05,-0.038550965762025415,0.0011732703779499904,-0.014438286352534883,-0.0004620365676432692,0.0009063702953879923,-7.18311149764368e-05,-0.0002191656925717047,-0.00021429009835209005,0.0005813897897026862,-0.000827421693915814,-0.0002937271540608259,-0.0020833866959322016,-0.004175452333170764,0.0009442464912799509,0.003637204806755969,0.005139615766163238,0.0032039960908440187,0.0009765040664246881,-0.0008262375842468471,0.006906045937367246,-0.00047497336683851243,2.095085095886359e-05,6.736475668718585e-05,0.0019619662590168703,0.0013515766615499504,-0.0006529785204350185,0.0022968793437154835,-0.0010764172755057446,0.00013755670539457933,0.000983640685794878,4.916964065411908e-05,-6.258385777418921e-05,0.000233763248665522,-0.0016262707403254396,0.0001379455875373961,3.444271454531941e-05,0.0015925662590771316,0.013844571266793759,0.030514661176643733,0.00491907354973948,0.0028255748943126257,0.0036612902399260935,0.006881081982880791,0.00617094252375744,0.0014988955882062462,0.0010968228852407066,0.0004668855898558454,-0.0006989326748120176,-0.0010332342718471531,-0.0002693818464265338,0.0022056224483702493,-0.002773723927969565,-0.0018419706560309744,-0.016124262043561547,0.0019995998516498144,-0.0031481215914837615,-0.003954224686469126,-0.013836365012804549,0.0003843486429391373,0.0019518324851507192,-0.0007796367494389223,-0.0010481888398307946,0.0077191890742708885,0.005895743982084669,0.00035605244020622015,0.0021307005874108497,-0.0009850077675812232,0.0014903746431456709,3.425144482297192e-05,-0.0007876978337866199,0.00016089051951001442,-0.031092933876365997,0.0015253126018707022,-0.004995821748183801,-0.006839079471235454,-0.0013840415644704891,-0.009843038587724926,-0.00035683529701916513,-0.0009890666270844653,-0.00746633572234483,0.0,0.0,0.0,0.0,0.0,0.0,0.0,0.0,0.0,0.0,0.0
2024-12-25,0.000452289855083151,-0.005918220762419272,0.0005247304226998637,-0.0009266423630711982,0.0007448697571400903,0.0011440368247853463,-0.0003678923131984479,0.0025230265669632795,0.0005879285012979197,-0.004867914632549292,-0.0022792321775037014,0.012055724215945519,0.00018555302079999576,-0.0017220005259441851,-0.0025499655836624053,0.0038893385826986077,1.9745376924154328e-05,0.0032093442321664643,0.00013619391454987778,-0.048385382466205724,0.0010683937491459323,-0.012088340912858861,0.0004803888982337645,0.0004979779412962883,0.00024129995604034075,-0.0003894277905195704,-9.774650576636649e-05,9.639230013991437e-05,-0.0008232947545268334,-0.00023068573756134558,-0.001654711631294673,-0.004040841418702671,0.0029668176712365183,-0.001899218353004632,0.005876153188259442,0.002341085561574389,0.0010347328082844379,-0.0020659248555991053,0.0071534761778131095,-0.0003751361927407911,-0.00023938156442901185,-0.00010544162322954158,0.0029090724665459377,0.001719618834908745,-0.0009267941329189549,0.0010231856150202212,-0.0008182710827016377,8.31423641713941e-05,0.0010110736979339879,0.0008405574225385263,0.0001846749763518118,7.968980993933412e-05,-0.0023284593902271693,0.001050788343412709,0.0020662046167848344,0.002147846274870157,-0.005690930878642392,0.02993234459941444,0.005442665430882266,0.0027074501448012818,0.00414932073716884,0.0066299110440400716,0.0060375119276827385,0.002081277181064172,-3.695505649485483e-05,0.00022194682528324096,0.001923224517908787,-0.0004841114857822796,-8.552692948114432e-05,0.0021316034567240706,0.010047488631137313,-0.0015269692330785725,-0.015617558996288033,0.0018909170803156077,-0.003904504428304392,-0.0034006933233544233,-0.011976333406207029,0.0016059997937940826,0.0021147703681446924,0.001201249521541106,0.0024018176154742914,0.007667152580912559,0.0054098461240813574,0.0008017895942697518,5.788298144842782e-05,-0.0013090691481803135,0.0015891080686446983,-8.901883275436107e-05,-0.0012948566943487398,0.0005332831952924518,-0.02586120569143474,0.0015005711423427214,-0.005220804162493586,-0.007569875935068961,-0.00042582087977810734,-0.007935188416961558,-0.0003196432571854313,-0.0008009480412997697,-0.008431620896250748,0.0,0.0,0.0,0.0,0.0,0.0,0.0,0.0,0.0,0.0,0.0
2025-01-01,0.0011636014786040787,-0.005323283608359127,0.0003587207722213354,-0.0008653725735841979,0.0009365630772097598,-0.0011033287372254259,0.001547736388951034,-0.0025112878963845704,-0.007153194451523339,0.0031037233380858975,-0.004050656282033978,-0.018449398565629025,-0.0033901311476529266,-0.005544135650277834,-0.0018571239526973047,0.0012008434263230728,-0.0013159625928747362,-0.0006705446154635225,-0.0008018200612663612,-0.05862995527551016,-0.0009232217729691022,-0.0139877558385856,-0.0013429718523638163,-0.0003942799013407973,0.0011430043223553952,-0.00042172406640079855,-8.088878511242648e-05,-0.0007133002879980101,0.0005484970108410409,-0.0007479014710906939,-0.0021091786284433717,-0.00465234061682085,0.002708139402058664,-1.5989474589567466e-05,0.003923902439962171,0.00731349624294204,-0.00020900124132734274,-0.0011090453752446024,0.004026599121701473,-0.0006044023548238908,0.0002346470839449823,-0.0007817546183826518,0.0008428965748104568,0.0016667493047630827,0.0017977118122950984,-0.001136175622210815,0.0037434965683601244,0.0005180785498806429,0.0011421503424708511,-0.0009794857924052271,-8.345437342815833e-05,-0.0003505216789046083,-0.002470123067658139,0.0008149569305682717,-0.0007269634170310339,0.0021567800059316775,-0.006345767344821333,0.026972037872792756,0.003797807149573257,0.00393023400501969,0.004222928101006623,0.004670077861932199,0.0067672300436175305,0.0017377675052509423,-0.001727572734941225,0.0011250559066895954,0.0016528723492954638,0.0003465364323937787,-0.0002499587419468438,0.0038320471003547387,0.010367064910853183,-0.0016530115115466761,-0.009894798400156364,-0.0015815485382350556,-0.004026127653290424,-0.005071788342481139,-0.01567933596080441,0.0026454652890931176,0.00252013275812173,0.0012205589876374651,0.002144212833730231,0.006966121614864951,0.004714326642669859,0.0007011447278155844,-7.532775359692066e-05,-0.0005776800605787485,0.0012118098502510858,-9.318591063494166e-05,-0.0019902041831516603,0.0008175408374801411,-0.028963826719982353,0.0009414081106834524,-0.004449623625652916,-0.005818532223606945,0.0007890758924639182,-0.010291285924728031,-0.0002060374662186543,-0.00030731320337295734,-0.00847080808252181,0.0,0.0,0.0,0.0,0.0,0.0,0.0,0.0,0.0,0.0,0.0
2025-01-08,0.0011509996340538138,-0.0057505327611973266,0.0002570241612522098,-0.0007810089368510855,0.0014060205305783666,-0.00027728206571061897,-0.0018963626077718346,-0.0014674618177807192,-0.00010580974833516662,0.002543527884236454,-0.0016185768040108803,-0.016580663759505516,0.001219923448647498,-0.005405753220173238,-0.0014358928809409487,0.0011692017992665509,-0.00053981796686365,-0.0007568410536426312,-0.000397574078048968,-0.060685376754638164,-0.0005543283755411855,-0.014824425803904747,-0.0024164181141248624,-0.0002504939002883838,0.001407475000679364,-0.0015972652691016455,-0.00016012562795033876,-0.0003476679389204396,-0.00048496399228153503,-0.0007484079397859052,-0.0017643887456936663,-0.005063560669577701,0.0024215688063837465,-0.0010640663520269538,0.004500126349713266,0.003305703142308695,-0.0011775050605667197,-0.0019190153066428418,0.004403105048029407,-0.000570712343717707,0.00032888862620287737,-0.0003268974097030052,0.0007757880637825471,0.002064408772017157,0.0016424855892458138,-0.0012759236188880022,0.003833802126846046,-0.0001685123741891382,0.0009490993367715255,-0.0018904794038020409,-0.00019439435117989606,-0.0005237298779820502,-0.0019887935704270133,0.0008761868762127979,-0.0008812423602505486,0.001926768947924087,-0.006927957848354134,0.00769542790662941,0.004679993041166108,0.003947305276234708,0.0037615956354216484,0.004056309574053052,0.007169731690924869,0.004868803358151842,-0.0008940862971174948,-0.0014516325521047632,-0.0008362699832611367,0.00019814405165691435,-0.000833154641663735,0.004600780720366157,0.008971140619611502,-0.0026312214061554413,-0.009479554117894109,-0.0012094904237713894,-0.0038091081678781015,-0.004116506361656084,-0.018277668241500514,-0.0016317472472705604,0.0031821482493354977,0.0015330452330147625,0.0015089864391285414,0.006747613295695635,0.005397158323430077,0.0005139075578162653,7.085921492421609e-05,-0.0001867050997440739,-0.0005059516043380472,1.0327110138243934e-05,-0.0018425229940185878,0.00033163359061810164,-0.028579724541217193,0.002418266253716686,-0.004468368310237174,-0.005569102339083686,-0.00018969937418773664,-0.011382014754837468,-0.0006376386418134536,-0.0015155564471335365,-0.009918173159455467,0.0,0.0,0.0,0.0,0.0,0.0,0.0,0.0,0.0,0.0,0.0
2025-01-15,-0.0015443265955380613,0.0007513017799808942,-0.0009049931626361815,-0.000821248697232444,0.0006436292707415538,-0.0006675727958867086,-0.0027758411815600056,-0.002783199870994289,-0.010029591975377918,0.0030297416166320534,-0.0025251988751256857,0.012480786925539914,-0.0001550596578653509,-0.0016060522614311826,0.0069671461517427065,0.0014423696686378907,0.0008934912627245399,-0.000676289540283787,0.00023538507148536023,-0.06725580842868999,0.00018054865503482897,-0.015366241447849947,-0.0019428251765908613,0.0015590060314485546,0.0012519169977436215,-0.0013272598724828192,-8.465796810485043e-05,0.000933190243758317,-0.00017843670085434965,0.0001096599163420916,-0.0028996064791054353,-0.007446755745166093,0.0009894963843211108,-0.0001775751780859954,0.004623860507635793,0.0020908674204866413,-0.0016404839690803443,-0.0015163473539467874,-0.0001268961583528943,-0.0004209560461011539,-0.00014805376795416978,-5.9805471214350526e-05,0.0011157824080397605,0.0033525771922424262,0.0013468728951537517,-0.0004780029483028016,0.002333614152563873,-0.00043310404757223594,0.0002951035807433345,-0.001720969369003766,-0.0002814202444389561,-0.00010637749925014057,-0.0014463601066682023,0.00017585294440730035,-0.0008427078683011205,0.0014662509115409706,-0.007411344101781981,-0.0027458717174197187,0.0050941846850632725,0.0050213218362147065,0.0046146160540506236,0.004551069163482043,0.006651368781985018,0.0030011786979870165,-0.0013438227232088426,8.702254444377563e-05,-0.0005525151006616428,-2.1768524755266488e-05,-0.00100500583239637,0.0022955090540978337,0.008707681910740697,-0.0036494659995257167,-0.01137180113213195,-0.0005440712575193536,-0.0031698388864366354,-0.003679413568113557,-0.017088091146882794,0.0006754547733802726,-0.001303497020255883,0.002083676319267612,0.0022023392166145308,0.0065236037870278945,0.0064229588642069025,-0.00020043106875418628,-1.1544491029780963e-05,0.00011147145970497197,-0.0006099854070818482,4.8484836478421765e-05,-0.000746650530588641,0.00017569129792479641,-0.028480145625353358,0.0015099792533625495,-0.004461862497825367,-0.004817251263032822,0.0005823905890627519,-0.012422363406379927,-0.0003399934090397151,-0.0019123420228140061,-0.0061310038957942065,0.0,0.0,0.0,0.0,0.0,0.0,0.0,0.0,0.0,0.0,0.0
2025-01-22,-0.002276803834363939,0.012551033705500427,-0.0005872229000362715,-0.00031404142364949535,0.00010391383892951193,-9.177558512834909e-06,-0.0009831070086103815,-0.0022940859767128486,-0.01090855942006961,0.005296235539440884,0.003808296605387582,0.013619053356161918,-0.0018743442136526236,0.003688548499892023,0.009794402389542765,0.002311104413469649,0.0005662336933052949,0.0038541807342732976,0.0001624482148440685,-0.024030931295745926,0.00029322533502516433,-0.01894946612041006,-0.003565462512005391,0.0015115133786508708,-0.0012555690847567556,-0.003088205699683223,3.41787038486299e-05,0.00023106971521524925,0.0003240728984302691,7.257248305507228e-05,-0.001552738262844068,-0.004793202568247889,0.002833763492918244,-0.002819607600779934,-0.0038955740998298937,0.0024667255831542756,-0.002754141808477934,-0.0019822182919246303,0.00037447165446662307,-0.0004597389352138169,-0.00040149338993486174,0.0004598788182220756,0.0012480781858204375,0.001926099833566847,0.0007277268542277576,-0.0008500354542837407,0.0019418829342071286,0.00031087074209971424,-4.220371971234295e-06,-0.0015816258744471544,-0.0005096813321006188,-0.0007704778038462923,-0.0014014609192519302,4.739045967203941e-05,-0.0009372368417474949,0.0014067251548881734,-0.006550011785289368,-0.006630228412916512,0.0003317852194747033,0.004632283396985645,0.0038992016640111197,0.00301949749314282,0.007659901736246972,0.0020294084516683433,0.0014900838110141143,-0.0011207598869603687,-0.0009477246643393184,0.0003902696253754398,0.0017225610762553025,-0.00013555621742983458,-0.001476550320792081,-0.002951372436711784,-0.009595075996030078,-0.000989646875544848,-0.001635429156179868,-0.0040720754687101745,-0.021679216289175025,-0.0009110509837761856,-0.001283930958432077,-3.525766131649987e-05,0.0017013658340232956,0.0033607126784543947,0.002885318605801773,8.005154607971916e-05,0.0002002566913274488,0.00024489332020730196,-0.0002633239501720857,2.2896387711528253e-05,-0.0005406025505192689,0.00017466503737123315,-0.03365519351750444,0.0007350710535583311,-0.0034911613864265136,-0.006825960239221863,0.0001520451420235551,-0.007188144620827898,-0.0004995950092593615,-0.002055509416586539,-0.003644251992407897,0.0,0.0,0.0,0.0,0.0,0.0,0.0,0.0,0.0,0.0,0.0
2025-01-29,3.7600663476293016e-05,0.014948647820648761,-0.00010801715549236194,-0.0004471257366575548,0.0003627738655578246,0.003881493525599753,0.0016805461919478654,0.0024133150470079497,0.00010927147797548385,0.004798777386325464,0.002841233526490258,0.014795960086424502,0.0009839283336063047,0.006342784870677108,-0.00022997779378196173,0.004700509870207375,0.0002990071712874189,0.006337166763075308,0.0003242516402064073,0.04206744966705924,0.0003305115784598132,-0.01938123107771735,-0.002048836687995179,0.0015997177402812274,0.00021742888018345713,-0.0009327432560963399,-0.0007769962813394124,-0.003802471441185144,0.000707518473641943,-6.090854723088403e-05,-0.002176675559437509,-0.003476545984376229,0.0009896533448483155,-0.0002828917735469484,-0.003649683749553464,-5.852620741277862e-05,-0.0024074409487668267,-0.0019516451626107832,0.002295203970203717,-0.0005948010431536481,-0.0005417775469030399,0.0002785214711781005,0.0009151471703771338,0.0015615344351643397,0.0010671104117951906,0.0007275091046642947,0.0024665839797994907,0.00033933714538478477,3.479936298670809e-05,-8.492114939042761e-05,0.00018759227909908397,-0.0011100500363596015,-0.0009527861326047583,0.001069347581749406,-0.0003302240275532695,0.0014073971323656778,-0.004219507649887884,-0.0084883041938152,-0.0032725714525364117,0.002400470020744512,0.0037192180612256793,0.0016358977585023827,0.011938142362763105,0.0011978033031473131,-0.0002572818048319799,0.0005199718506833849,-3.333548435416561e-05,0.0004673949198945036,0.0022093725922304056,0.0011399477087050563,0.0050566331847250665,-0.0009159256920450018,-0.004362903140668691,-0.002025377661213586,-0.0010315935564252068,-0.004499698914763827,-0.024401082409314982,0.001223280951044072,0.0009823386145759714,-0.0016098049770739162,0.00198600207551853,0.003946399030351121,0.0001917123454334861,0.0007545519178772885,-3.2428456193200684e-06,0.00018308885594748434,0.00017036260392891365,5.437734854185325e-05,-0.0005606279363166125,0.00017626071996303702,-0.024892790655265364,-0.0010236612640029418,-0.0038928655146104577,-0.007321681455173025,5.806210551388787e-05,-0.010490036635991414,-0.000483387131780201,-0.0026865126998333625,-0.010288310910281774,0.0,0.0,0.0,0.0,0.0,0.0,0.0,0.0,0.0,0.0,0.0
2025-02-05,8.43778670755881e-05,0.004783206952101103,-0.0005427903908359312,-0.00024391706850269258,1.9995716957492264e-05,0.0037664692327061323,0.0015810959394139579,0.0005649048868792683,0.0006316733460210119,0.006387929724566678,0.000270467099219461,0.012981124991134551,-0.0015168500243283563,0.003002229394088001,-0.0017367887860980857,0.003913410589095791,-0.00011971865085207794,-0.003505002795581561,-0.0004227363004233012,0.06520328147577892,0.00037134181472013263,0.03386239920960277,0.005992611406948486,-0.0005067285675291485,0.0009281948618103768,0.002207737900986572,-0.0006268506423204032,-0.0032450968987697767,2.5808090015832042e-05,2.4206351130436743e-05,-0.0018069579663712908,-0.004509179316230949,0.0014408486721195681,0.0001580904046816547,-0.002375569269600129,-0.00018545560146452283,-0.0025590971694403066,-0.0013291137641158897,0.0020633759133531385,-0.0007262080594784095,0.00048371792295304504,0.0015574596023824896,0.0012747603878845715,-0.0004278781252999515,-0.0006907587976592968,-0.0004018816519684163,-0.002194648525942644,0.0006373781305120003,-7.85328109409236e-05,-0.00015481816924616042,-0.0006875508263947213,-0.0012977078331972934,-1.3340823996110228e-05,0.001240989183358488,0.0004143394896052732,0.0019638779785954136,-0.004615247366885322,-0.007315363557867085,-0.00435177362634865,0.003271680690864216,0.0029582685498056468,0.0024311851981439468,0.010481261935241883,0.0037813294160114587,-0.0012822448866884886,1.6005995148803877e-05,0.0006476899103365785,0.00010869258854795848,0.001967902722889121,0.0011904935519540525,-0.0005389820982486385,-0.0018984226456131939,-0.013681359800163941,-0.0008158362812558096,0.00013027672669347972,-0.003895479129235284,-0.02460442540935409,0.0012199386952337996,0.0016371605390092185,-0.00011090563737854398,-0.001559896781102893,0.003912394791268292,-0.0021086787613039102,-0.00011736075696823847,0.000133868352482674,0.00013479803438777796,-2.2463301546160175e-05,6.697797478930417e-05,-0.0005013643159135616,-0.0003202093916991905,-0.02263798087968719,-0.001777877161002228,-0.003610785366064548,-0.00376637805277819,0.0016445232375744208,-0.013216273775621132,-0.0004020161468405008,-0.0015889871678487011,-0.010231708479544905,0.0,0.0,0.0,0.0,0.0,0.0,0.0,0.0,0.0,0.0,0.0
2025-02-12,1.9208713130570227e-05,0.0025024915265457626,0.00068202596910557,-0.000367783119735007,0.0003056775925972577,0.0058220675981616446,-0.00036868811911377314,0.0010361474382271359,0.000898855164763955,0.006953886918689345,0.0014315026087795256,0.012333876440038527,0.0019065366537120063,-0.0003859542446851784,-0.0028396793562263448,0.004657635232721736,-0.00023150627404441303,-0.0035270850885124987,0.00025494682171084816,0.07115305939840395,0.0003177959350387026,0.03524437928126439,0.006067879763037779,0.00027542986847558897,0.0007127542403089113,0.001652832539592515,0.0002895083223554229,-0.001521931669877771,0.0008283615697321579,0.00021092336435701617,-0.0023300156427254813,-0.004866285194168524,0.003152481618292871,0.0008547381921996393,-0.0018896140673626447,-0.0004841897538883349,-0.0026629518690719427,-0.00243059049108869,0.0024156279958886737,-0.0006297943467107156,0.00034904312831668903,0.0018678507496429698,0.0015458261693139606,0.0001336083914858102,-0.0007751879136917585,-0.0003600460607536035,-0.0020128682415602762,0.0006836424141922152,-0.00029418384129072843,0.000304269685621429,-0.000561972553332662,-0.0012267748690903907,-0.0005027068494190847,0.0011363191361701975,-0.00023573012536486752,0.0019923624536204937,-0.004229374692319333,-0.008061026574270998,-0.003883989147635139,0.0031978065394102978,0.0030063437880857155,0.002435541477231891,0.00982235565672702,0.005018843887035394,-0.000767709426371326,-0.0007871012536282062,0.0001280501162024163,0.0006268144337259278,0.002817487675287895,0.0008863134344077264,0.003385429477263741,-0.0025007102339272068,-0.013390907596106264,-0.0009495980834383589,0.00021453037219953077,-0.003928482639675808,-0.022374501527124828,-0.0001210220178819024,0.0019756675245197917,0.00022014385748217384,-0.0016796798118605578,0.0035555463845926573,-0.0020960490352753317,-0.00011442365834620639,0.0007715455969092527,-0.0010999547938895463,-1.5142011708769472e-05,0.00011349488663718122,-0.00032743526602789866,-0.00032012955412457625,-0.025332732858550328,-0.0016616335607874371,-0.0033015402795114547,-0.003749898827837136,0.0027127667941491923,-0.0092780933871677,0.00014696277308914752,-0.0015795082169835044,-0.010152742198192724,0.0,0.0,0.0,0.0,0.0,0.0,0.0,0.0,0.0,0.0,0.0
2025-02-19,0.0002610073382108743,0.0011548250331432721,-0.0005284331307532016,-0.0005375241562544996,0.0006228612233508508,0.005790833650772023,0.0013650765695948771,3.230752220866787e-05,-0.0006552109637102619,0.006211861922253704,0.0023713569002705567,0.011606841300446723,0.0008491525877097808,-0.00020958665644624114,-0.0010221479413617153,0.003530977653785677,-0.0010268125691785207,-0.004259922618854008,-0.0005295206302953905,0.06997663393557707,-1.17341573771112e-05,0.03601685055783103,0.005956692013436066,-0.0003955205944750673,0.0003983461335671032,-0.0009595738479373901,-0.0005875672398895888,0.0005827033015169378,-2.8356825555031506e-05,-0.0003264849391840178,-0.002372859574751002,0.0015927059208719495,0.0012912897038419731,0.0015543078661156662,-0.0014732598113212424,-0.0021419846887044676,-0.002773904594286613,-0.0021535656013252353,-0.0031368539732479117,-0.0006736237493958437,0.0001663817967513578,0.002048138250655223,0.001822080669368859,-0.0001817169221537064,-0.0005191936016244996,0.0004494636666728366,-0.0014987039989341642,0.0006501779456445874,-0.0002854191303963897,-9.106603705104502e-05,-0.0005670047095586256,-0.0012628749246743143,-0.0007360683033267979,0.0007062470968871743,-7.363245544366492e-05,0.0021841724823205306,-0.004966377268599774,-0.006110969647465664,-0.004157524564114001,0.00335299703117498,0.0029327598688436637,0.0023906376425913626,0.010389798061720322,0.003794001794346325,-0.001812251054657265,-8.813033811162585e-05,-0.00017510524342695196,-0.0005011885582340696,-0.0011678764350205454,0.0009045338969587545,0.002284677063771159,-0.0013918631513237846,-0.01124191978612845,-0.0002696184858511727,-1.8079237784387186e-05,-0.003994737499860744,-0.021684778976436784,0.0005252569616167376,7.251900106986752e-05,0.0012304799745578492,0.0012418033187250356,0.0017159299740715454,-0.0016999138740132229,3.0020736374659834e-05,-0.00199022833054607,-0.0012115281823038336,-0.00018219607181000155,0.00012992736378993975,-0.0002603677139500497,-0.0003356756245168465,-0.023596982646601525,-0.0014389618604554724,-0.003783483519528124,-0.004489245120668071,0.0028604096967870204,-0.012129461887315266,0.0007570356573108245,-0.0015303584434273188,-0.008723826513025133,0.0,0.0,0.0,0.0,0.0,0.0,0.0,0.0,0.0,0.0,0.0
2025-02-26,0.00016531887484499253,-0.005865537607521165,0.0005695627063085968,-0.0011302893185258691,0.0006846299434819114,0.00564756732715461,-0.0009261039595974554,1.659473827992798e-06,-0.0004035187743855469,0.006499035609455297,0.002364238098042823,0.011987853580042064,-0.0013933313341446256,0.0004373727736108332,-0.0019010184747206694,0.0031520871845787096,-0.00043429774781657287,-0.00424697125690357,-0.0003017181021877177,0.06665883450814464,-0.00017718658561497952,0.036592652950137715,0.005032360464742058,0.00038054032726297693,0.00022533903345417502,-0.0008493258875556018,0.00010721918755240836,0.0005233860130170906,-0.0010292600379520954,-0.0001140530410612811,-0.003014139409207902,0.0035040106119699896,0.004413427276111844,0.007522175367341906,-0.00212661905974256,0.005182135151469958,-0.0004194940399285525,-0.0026053112075680603,-0.004549375392685257,-0.0011437771983708214,3.318224928138074e-05,0.0018814139422657684,0.0005737869947540827,2.5014791362982117e-05,-1.838303226879037e-05,0.0015649413802424135,-0.0010297247187856429,0.000439991620466878,-0.0006742578816109217,0.00025088079316484076,-0.00041685068566737457,-0.0013695404358224715,-0.0012487827505936367,0.0005218102190766139,-6.113265157506114e-05,0.001719054247447956,-0.004571430574951737,-0.007299702350508908,-0.0037325059084800678,0.0028902978628147255,0.0027273064554222634,0.002468628478161688,-0.0013260823570880418,0.004072653603913976,-0.0006850798085935124,-0.0015789771043562323,-4.689052506024778e-05,-3.522858313161397e-05,-0.0009586286996063931,0.001178140665622394,0.0031530082517094394,-0.0031320347938419,-0.013980894598776232,-0.0006875164712199264,-4.7150797378519584e-05,-0.004349272325343564,-0.02145424896697181,0.0005831862030483062,0.0018091903174983644,0.00015584063359980289,0.0010896978584237864,0.0020591131720265558,-0.001006510564950304,9.897138707887179e-05,-0.0012729865980799073,-0.001747250903621792,-7.231960517838527e-05,-0.0001217765948207335,-6.937118881418427e-05,-0.0003292422915370902,-0.023655140439623735,-0.0014966309421621448,-0.003436724348313169,-0.0054137944748424965,0.0035181298858492915,-0.011196441637422996,1.674980538367329e-05,-0.0003012048329700609,-0.011753836171666298,0.0,0.0,0.0,0.0,0.0,0.0,0.0,0.0,0.0,0.0,0.0
2025-03-05,-0.00021825428687719979,-6.579463768329702e-05,0.0005896990709108856,0.000295788728780669,0.0005231551486312136,0.00568894983807186,-0.0006121441640164751,-0.0013077699494797438,-0.0012612100635618578,0.0043253563395026515,0.0025059638509928243,0.009546324879867573,0.0011090926426562079,-0.0011158039618513194,-0.001595061764607254,0.003657313501248722,-5.965193776711897e-05,-0.0028024146532522635,-0.0010826223642422313,0.06098386988290111,0.0011122382653098938,0.035481987863584225,0.004730081598130817,2.2591957868538598e-05,-1.2495962754229256e-05,-0.0006615958493473706,0.00032563661546096103,0.002424468207740593,0.0010190041344620652,2.7532240045069942e-05,-0.0041612484266287985,0.0034051457352534866,0.0038820225704298134,0.011693659202761135,-0.0021467011604892365,0.005066749711798987,0.0003282745376219125,-0.0028092999381076167,-0.00723507553765089,-0.0016739563370447303,0.0003214258557600359,0.0008951471555527087,0.0018898951013496142,0.0010651899703361379,0.00012727228910980578,0.0005286493043018146,-0.0022755706883818396,0.0004996425494782471,0.0024646711009113313,0.0023342073475643914,-0.00017553288775861328,-0.0008304764154483492,-0.0003776259880204481,0.0008368311136757929,0.0012782981527412818,0.0015876166511696666,-0.004567665425565754,-0.005412673233460047,-0.0029612859543050015,0.003722206048548189,0.002556016084619528,0.0021214410922448827,0.01012633090890358,0.0035268681399552356,2.0976723212796735e-06,0.0007035304405957159,-0.000396911758734654,-0.00020347013026195175,-0.0003910689495917792,-0.00019479727877664795,-0.001906964633669847,-0.002106741852325617,-0.011346881958113288,-0.0005626403457526932,0.0037587148058704917,-0.00313474801664286,-0.01112409641392214,0.0016954700602793056,0.002097322468967826,0.0004433725704833953,0.0009429287968685697,0.0023775151236009482,-0.0015228942075881631,0.00042027682103089537,-0.0023197861588564834,-0.001736553235166782,-0.0004289094711959491,2.624070417130975e-05,-0.0003021822749442051,-0.0002512472891767819,-0.023677167056721918,0.0006769137301425478,-0.002422963914247042,-0.0048846449521198635,-9.868519165474193e-05,-0.0057352081732004664,0.0013002329503856685,0.0001528174659240122,-0.008076315425217839,0.0,0.0,0.0,0.0,0.0,0.0,0.0,0.0,0.0,0.0,0.0
2025-03-12,-0.0008838069012327884,0.003827077923163794,0.00098551938738573,0.0003166861774260547,0.0011402565480861796,0.002998342449967717,-0.0006726230481823435,-5.346922089460987e-05,-0.001067058655978808,0.0040893321199655065,0.003870354084089624,0.009194326468501176,0.00016504169018744294,-0.0004949789731145767,-0.0009420907872637523,0.0037532792328870456,-0.0006754978135048944,-0.0033500400487469885,0.0005867840482518023,0.06221868685370115,0.0008987388205894866,0.03443997545215077,0.0045355622555509414,-0.00019397217593642433,0.0002988157305759987,0.0007004533913753051,-0.00042294927300514474,0.0014315962363926507,0.0010042399515723444,0.00010086742443996846,-0.0029371060642682033,0.003844116591713307,0.00293879940280669,0.008358016802620735,-0.0017183663057290242,-0.00047678537991415804,0.00039000948454098413,-0.002315057666707064,-0.006857983683568809,-0.001612745493388762,0.0001248585613723813,0.0005805862992574412,0.00196144375961064,0.0005333790635525608,-9.200586249531368e-05,0.0007055105577548087,-0.0007711377250818538,0.0003145836422349158,0.0012342045557686167,0.0006161743448284405,-0.000222166852263771,-0.0010936425140504083,-0.0005573270312875017,0.0009359644011064323,0.0026116810479775133,0.0019428174697238851,-0.004346717543462671,-0.005104510786942753,-0.0002387082823904387,0.004936109127367136,0.002131280480937594,0.0035903947329964754,-2.6676359459905435e-05,0.0038527773082542623,0.003204415190786831,0.0008881788853864437,1.1725405250809752e-05,-7.160477399738048e-05,-0.002629117306975134,0.0011496056305131223,-0.00019753642292228573,-0.01119227675575833,-0.010259219230751484,-0.0003070388297026205,0.003645955873045282,-0.0032667692032301533,-0.010722978298793059,0.0015189914806681523,0.0020493711356913227,0.0009793724231238502,0.0013991157697722805,0.0034606522776768223,-0.0020888026718625893,0.00019197273711081466,-0.002542143826156613,-0.0011395396058705555,-3.482246124847331e-05,-6.993324272331651e-05,0.00015179331973434835,0.00023227111798785377,-0.017731962963293622,0.0009980953190101343,-0.0021910578252842517,-0.005603813723387406,0.0010399629885841889,-0.009755218888250483,0.001189078143187606,-0.0007920223942649388,-0.01017259756177524,0.0,0.0,0.0,0.0,0.0,0.0,0.0,0.0,0.0,0.0,0.0
2025-03-19,9.366616732721255e-05,0.002588850901713733,-0.00022199925405003222,0.00020689811587113437,0.00042986894845441524,0.0033728489612860984,0.0012011562106813405,-0.0005870470437263828,-0.00035767537556303017,0.005089471087438262,0.001479330517493621,0.011913200372352785,-0.0026265993712885536,-0.00047819906773078377,-0.0017152527944775452,0.003245212260758709,-0.00039877296538110094,-0.0035421251688944272,0.0002533774385517578,0.06297546474268712,0.00013529530304622064,0.036999647794058906,0.005072236280672555,-0.0009293025243468721,-0.00015145254759003348,0.0010985226369114034,-7.432850423240257e-05,-0.00010023671995936584,0.0001315695369165213,-1.795226001326383e-05,-0.003995163069901252,0.0034188202629007645,0.0038104165449134924,-0.00027228441851538573,-0.002135079234956899,-0.0002576007408924179,0.0006248949067559977,-0.0027013664006087777,-0.007883601840155886,-0.0009556776219203801,0.00044879125257830775,0.0008312612875586458,0.002666013757641607,0.00017051906320395357,-0.00019356114455035275,0.0007352943545711209,-0.001345745734375708,0.0005669029908953737,0.0017878323683327131,0.003043116549929783,-0.0002983147522547609,-0.0013573616453591843,-0.00033114010453576134,0.0009084945279757343,0.002184679260117664,0.002244509817396873,-0.0045024522510233094,-0.0040940247437869825,-0.0016173605995601272,0.004720598068451583,0.0025699540034448912,0.001511149871727305,-0.0005049143381353587,0.003299430038518616,-0.0011579725586113505,-0.00154562184346493,4.199609924476504e-05,-0.0008936877966515967,0.002146790905775652,0.00119375385226556,-0.002175580837461448,-0.011158516053568717,-0.00863908007057967,-0.0003203787370625514,0.0034383506456244924,-0.0037729684448562,-0.01027782652792963,-0.0006164215348621582,0.003479548781770314,0.0014564838337386243,0.00115425255035246,0.002167121620214854,-0.0024558091919608736,-4.828649130334309e-06,-0.0015427384778913486,0.0004441217903786402,-4.300420574700776e-05,0.00023221481619463663,7.986240032290933e-05,0.00022124706030532577,-0.02431092851038125,0.0010305655535042361,-0.0020610208354637197,-0.0051569373614316445,0.0032525369616558672,-0.008627558387822918,0.0010920084789574468,-0.0008491532016746087,-0.01307960142664507,0.0,0.0,0.0,0.0,0.0,0.0,0.0,0.0,0.0,0.0,0.0
2025-03-26,0.0002712024729538062,-0.0035887529272941266,0.00026558080130169797,0.000668262759159802,0.0005324623131051929,0.0032913433407117864,0.00041206753745391266,0.0008112261118764978,-0.0001676531805185748,0.005587279207691609,0.002657964567144063,0.01174568552103747,-0.0007339498932110555,-0.000923255081082226,-0.001444947357111106,0.002269437514253505,-0.0007860787354610363,-0.003931597047934386,-0.00026824025258393,0.06336687458182477,-0.0015573531960098661,0.0382590096118209,0.0034408925714252943,0.0007357451501072486,-0.00012091191964295448,0.0003490608376869219,-0.00010974519317938032,-5.688154624227176e-06,0.001442092782413003,1.1800363771342468e-05,-0.0020824573460695565,0.0029589540342345793,0.0036257493986987543,0.00871101984435284,-0.0015382565816913984,-0.001835649925089163,-0.001307276159181568,-0.002898549301988643,-0.007202202169774771,-0.0015576227070337443,0.00017177918608756175,0.0008165235451947101,0.002355096609310147,0.001233566530053499,0.00019794327730778466,0.00026287188033218754,-0.0014362521522561554,0.0003331664946751427,0.001702860986394815,0.003290218021349517,-0.00019664954261632592,-0.0014877598576127713,-0.00032307006363294603,0.001175834281692439,0.0020456107569035214,0.0013127541457390996,-0.004595401829773229,-0.004778009722486469,-0.002138461156397749,0.0037141733656200536,0.0023213747683088577,0.0014852489771822151,-0.0005345325923494722,0.003935157103601305,0.0022888824524078155,-0.0006668318933931994,-0.0003036509052324266,-0.0006736105547892697,0.002158112279160042,-0.0002443643000907676,-0.0010712884847689395,-0.008994950916024149,-0.010134891308484606,-0.0003008002433584666,0.003381507965526469,-0.0034412871368506527,-0.011186186394913429,-0.0006305356737785021,-0.002121636241746763,0.00011658180034498371,0.00045375082006652944,0.0032491039791208327,-0.0020619913544446893,3.104618008772783e-05,-0.0029439105233114004,-0.0017604273390853446,-3.5611843812532456e-05,0.00011629864736924517,0.0001512291731154287,-0.0001224827654769828,-0.02291840930087067,0.0005375780256970861,-0.0026465281446745627,-0.0051129098077252405,0.002781971543595456,-0.009118960899516816,0.0019374546870404553,-0.0007043540883978072,-0.012556844712240797,0.0,0.0,0.0,0.0,0.0,0.0,0.0,0.0,0.0,0.0,0.0
2025-04-02,-0.00014973588241220167,0.0031013418315739747,-0.0010198995282243797,0.001825980605426795,0.0003667188651296199,0.004240338926784851,-0.0020618573754294027,0.0007799361652554669,0.0009308962260339775,0.006045281147716966,0.0031560337370217144,0.012752780958633948,-0.003438814951027766,-0.001770013926241228,-0.0015490811357547366,0.0025007501547068297,-0.0015732559998708363,-0.0030820924544553785,0.0007603542102892877,0.05915243642457332,0.0005390078392592526,0.03834126598979018,0.004379221228005322,0.00037821948006626236,-0.0005406336339101243,0.0007453964795598044,6.491131086896824e-05,0.0010231160517883372,-0.00016568781903139967,-1.7849109036030792e-05,-0.0032002621526968085,0.0028111007983328573,0.003041977757747843,0.012020538827828681,-0.002173559739232826,-0.0008155106910129751,-0.0015025586172839657,-0.002862398358016531,-0.006318318014223139,-0.0011148354479106992,-0.0004083594081459778,0.0010623594190650315,0.0014026466033432762,-9.42446335335734e-05,-0.0004672919499740722,-0.00023603517720626317,-0.0009395918567246111,-0.0005686996419579917,-0.0009205011079241783,0.003449728217739316,0.00019844955600787793,-0.0008681908249694138,0.0001037676840830935,0.001234405943009481,0.0020997191456129404,0.0020176105566663983,-0.00355222142078927,-0.005980440003758969,-0.0017017090802886486,0.004730068136902095,0.0016388411626585674,0.0010511480071042298,0.004646558081747826,0.0032405359230626195,-0.00027980567614363305,-0.0007754021439023549,0.0005185171059083404,0.0011523113360264654,0.002881814343503524,-0.0011451924917103016,0.008652346383866728,-0.00954282700811807,-0.014476304566293929,-0.0008444148569566449,0.0038308139863229927,-0.003211616940042034,-0.0058804416763981685,-0.00010414603683121476,-0.0008017479116934143,-0.00046823932635468954,-0.0007502042557813888,0.0026600121248348103,-0.0009804280440241587,-0.0005868182975083033,-0.0022274659960026147,-0.00348566184484807,-0.00089230392493296,0.00010145803484630595,-0.0011000200457762898,0.0003780762901296296,-0.021107596013321493,-0.0006094849860292755,0.004551870096285053,-0.00482490721055436,0.0027631725364711543,-0.006481488218946818,0.0015527170861059764,-0.0014084291248114005,-0.010086038383127138,0.0,0.0,0.0,0.0,0.0,0.0,0.0,0.0,0.0,0.0,0.0
