,∆ Salmon (NOK/KG) 1w,∆ Salmon (NOK/KG) 2w,∆ Salmon (NOK/KG) 1m,∆ Salmon (NOK/KG) 3m,∆ Salmon (NOK/KG) 6m,∆ Salmon (NOK/KG) 12m,Acc 1w,Acc 1m,RVol 4w,RVol 13w,RVol 52w,Spread (FP - SSB),∆ Spread (FP - SSB),FWD 1m,∆ FWD 1m,FWD 3m,∆ FWD 3m,FWD 6m,∆ FWD 6m,FWD 12m,∆ FWD 12m,FWD Slope,FWD Curvature,∆ Export Volume 1w,∆ Export Volume 2w,∆ Export Volume 1m,∆ Chilean Exports 1w,∆ Chilean Exports 2w,∆ Chilean Exports 1m,∆ Chilean Exports 3m,∆ Total Biomass Monthly,∆YOY Total Biomass Monthly,Avg Weight (KG) Monthly,YOY Avg Weight (KG) Monthly,Harvest Intensity 1m Monthly,Harvest Intensity 3m Monthly,Loss Rate 1m Monthly,Loss Rate 3m Monthly,Loss Rate 6m Monthly,Smolt Release 2m Monthly,Smolt Release 3m Monthly,Smolt Release 4m Monthly,Smolt Release 5m Monthly,Smolt Release 6m Monthly,Smolt Release 7m Monthly,Smolt Release 8m Monthly,Smolt Release 9m Monthly,Smolt Release 10m Monthly,Smolt Release 11m Monthly,Smolt Release 12m Monthly,Smolt Release 13m Monthly,Smolt Release 14m Monthly,Smolt Release 15m Monthly,Smolt Release 16m Monthly,Smolt Release 17m Monthly,Smolt Release 18m Monthly,ISA Outbreak,ISA Outbreak 1m,ISA Outbreak 3m,Lice Outbreak,Lice Outbreak 1m,Lice Outbreak 3m,Sea Temp,Sea Temp 12m Avg,∆ EURNOK,∆ EURNOK 1w,∆ EURNOK 2w,∆ EURNOK 1m,∆ EURNOK 3m,∆ EURNOK 6m,∆ EURNOK 12m,CPI NO Monthly,NIBOR 3m,∆ Shrimp Price (Global) 1m Monthly,∆ Shrimp Price (Global) 3m Monthly,∆ Shrimp Price (Global) 6m Monthly,∆ Shrimp Price (Global) 12m Monthly,∆ Broiler Price (EU) 1w,∆ Broiler Price (EU) 2w,∆ Broiler Price (EU) 1m,∆ Broiler Price (EU) 3m,∆ Broiler Price (EU) 6m,∆ Broiler Price (EU) 12m,∆ Pig Price (EU),∆ Pig Price (EU) 1w,∆ Pig Price (EU) 2w,∆ Pig Price (EU) 1m,∆ Pig Price (EU) 3m,∆ Pig Price (EU) 6m,∆ Pig Price (EU) 12m,Meat CPI (EU) Monthly,∆ Fishmeal 1m Monthly,∆ Fishmeal 3m Monthly,∆ Fishmeal 6m Monthly,∆ Fishmeal 12m Monthly,Brent FWD Slope,Brent FWD Curvature,Soybean FWD Slope,Soybean FWD Curvature,Month_01,Month_02,Month_03,Month_04,Month_05,Month_06,Month_07,Month_08,Month_09,Month_10,Month_11
2022-01-05,0.0004263381014018272,0.004326469387489752,0.0001879072350803351,8.003680524418897e-05,-0.0004329311724463107,0.00012297501430796323,0.00031777989763950485,0.000890761270303389,-0.0006899796306162266,0.0006406924973884021,-0.004395102866958957,0.0014831344711422837,0.0002338288714242323,0.036377719442463416,0.0021858419955482797,0.0007728951937097157,0.0015985191883602522,-0.0025248854624645794,-0.0033247046198192137,0.00032082329014785195,0.0005294332831473722,0.000459741777609047,-0.002149564438434813,-4.8105115371832165e-05,-3.059970439101765e-05,-0.00014779366375494,0.0006178290652934927,-2.5147146287156435e-05,-0.0008399521895870051,0.0003287365806291837,-0.00014579933188643834,0.0045166569113871844,0.0026187884841036113,0.001531580768908042,0.004785824045114619,-5.6287166817931686e-05,0.001281480204678257,0.0006032406854731577,-8.156489665066301e-06,-0.0010007223341581876,0.00029043154765487524,-3.6498872800844255e-06,0.0077432011423925196,0.0006976565287150666,-0.00018052429627606536,-0.0015644492071558893,0.0015319937962991977,-0.003569190912023967,-0.001534665512766751,-0.0008930171880633876,-0.00016421737621385768,0.0007404897920011447,0.0034322193837261713,-0.0014934615587274558,0.0005689184432061236,-0.0010593030631766696,0.0020036418289544645,0.004663182261238128,0.0039017399429745587,-0.00030884535723263906,-0.00028786600337797266,0.0010149023994627303,-0.0011356419458173428,-0.0007982096702676805,0.0,-0.0001441950607614187,0.00016818965943914713,0.0001881751038436103,-0.00022705835723965553,-0.0006621248700589339,8.457032899040351e-05,0.00016145000117177253,-0.0005604560548481967,0.012763677294241119,0.0025401283566185546,0.0015000299202152707,-0.000843248126755555,-0.0004911220844538141,-0.0003722190197024243,-0.00023403492189526744,-0.002931525496084368,-0.00013655686499609057,-0.0013116846296890444,-0.0008533303724325636,-0.00037290323297806377,-0.001245502940854854,-0.0012491372044618446,-0.002586495758352366,-0.0005045713607287167,-0.00010395118514538808,-0.0006481469416929995,-0.0025402911287259015,-0.005559292015297696,-0.0014352826179845589,0.00023062758638379174,0.0005296733958316927,2.7544501341238576e-06,0.002266568968412583,0.0011291858270657813,0.0,-8.714915791728575e-05,0.0,0.0,0.0,0.0,0.0,0.0,0.0,0.0,-0.0009884454285336768
2022-01-12,2.918217766071837e-05,0.0021519877394318146,0.0001879072350803351,0.00011653861581722462,-0.0006347773754296333,-0.0006742330372374698,0.0005788503852108699,0.0004144048103207527,-0.0006899796306162266,0.00016903054555839574,-0.004191138228144998,0.0014831344711422837,-0.0004741789017415675,0.025186023029338152,-0.0031592976437139894,-1.0031541585386483e-05,-0.0006903016132050407,-0.00401451588938221,9.35657165421369e-05,0.0005560143349326094,-0.0004026304658149839,0.0005117007174090647,-0.002905184665306945,0.0002051758751114738,-3.395849293109348e-05,-0.00014779366375494,-0.0021151427193129195,-1.644579331835864e-05,0.00025549432433061476,-0.00020924432598914608,-0.001303294484068169,0.0050640908068392155,0.0021568250754866896,0.0014267806637288034,0.004785824045114619,-9.987020469298624e-05,0.0011779626410675314,-0.00023445436958618524,-0.00039551492351103964,-0.0010007223341581876,0.0003993981049588466,0.00017196311973407036,0.007488832164876399,0.0007121941879992173,4.9643056277451705e-05,-0.001599303868528007,0.0018650922458446572,-0.003563315812254056,-0.0007839017409139429,-0.0008930171880633876,-0.001154849842854486,0.0007715388334221985,0.0025677201479998575,-0.0014934615587274558,0.0005689184432061236,-0.0010593030631766696,0.0022711336158024566,0.004663182261238128,0.004004251416164733,-0.00030884535723263906,-0.00028786600337797266,0.0002898852375362318,-0.0009458789285331395,-0.0007982096702676805,0.0,-0.00021379886355862317,-0.00010181635681697822,-0.0006765120551275492,-0.0003077684293747108,-0.0006621248700589339,0.00033027421462394424,0.0001707470010078519,0.0002742294518621318,0.010524082058641892,0.0016019774909303403,0.0015000299202152707,-0.0012642537982650963,0.00037056548993949533,6.28164387208947e-05,-0.0004481717381164856,-0.007405449254607502,0.00032389747129924065,-0.0011949082235694329,-0.0017049765575026445,-0.0007922478387244753,-0.0011224696821104684,-0.001948881357500229,-0.002777432629571957,0.00012938637779480534,5.663755857657022e-05,0.0010161636612870883,-0.0026381778662248703,-0.005592661054962314,-0.0014309985782932496,0.00023062758638379174,0.0016801178872481587,2.7544501341238576e-06,0.002418666536671138,0.0012409951193428535,0.0,-9.238398016691988e-05,0.0,0.0,0.0,0.0,0.0,0.0,0.0,0.0,-0.0009884454285336768
2022-01-19,-5.751272097206749e-05,-0.0038035557554299514,0.0001879072350803351,9.088364811435712e-05,5.2959976345093226e-05,-0.00017500154852523737,0.0004099571834641678,0.00031651537423629925,-0.0006899796306162266,9.910822717378826e-05,-0.0034766344358531337,0.0014831344711422837,-0.0003754926267931708,-0.027477461612696038,-0.0025249130039289806,-0.003588264438698846,-0.0016588856115728012,-0.00804721830327226,-0.0016810218552994404,-0.0030901615400184186,-0.0005745603454815064,0.00014845502985443484,-0.004256869576041063,-0.0003107192418515523,-3.059970439101765e-05,-0.00014292659758018584,0.00017867180777280807,-1.644579331835864e-05,0.0005297502370307976,-0.00015276520688986152,-4.9616688718237355e-05,0.003539855472526352,0.0021643586724958016,0.0023896734661764435,0.004738567277596891,-9.987020469298624e-05,0.0012720783776819595,0.0001554589584003349,-0.00038929185122045843,-0.0005074130649944487,0.00045688130367978446,0.00038255462992018325,0.008340572079446362,0.0005312943011391349,4.9643056277451705e-05,-0.0005437873941113397,0.0017782817649399602,-0.003235139233810786,-0.0009191901367589418,-0.0027647429348297363,-0.0011309236028246633,-0.0008697256480941717,0.003497597881241071,-0.0017823449060611577,0.0005689184432061236,-0.00087033322310371,0.0015495319839687407,0.004472956617836045,0.0013189610620318087,-0.000661914860368508,-0.0001116670314116413,0.0006170698275203479,-0.000734550049548836,-0.0007563813678261609,0.0,-0.0003390102078187575,-0.00036554258756789696,-4.743647635863248e-05,-8.535738883322234e-05,-0.0022760506108039664,0.00014442601027284523,-0.0006973984989530045,-0.0011582073597186503,0.01023053353104535,0.00020184447871047812,0.0013578459723046239,-0.0007838577745447452,0.00037056548993949533,-0.00035095839811010116,-0.0004573931037961996,-0.007736367144800553,-0.0009233745052015239,-0.0016841214310550612,-0.0013772595939698083,-0.00040080896789051253,-0.0016271406836334476,-0.0021676580668056867,-0.002487674229549735,0.00011422572446767518,0.00011265999087843579,0.0012338121770800899,-0.002664466798456107,-0.0059726128405633745,-0.0022865546575766994,0.0002929517943101609,-0.0005438307048015145,-2.0040663494116085e-05,0.002419943751167078,0.000981926181787239,0.0,-9.238398016691988e-05,0.0,0.0,0.0,0.0,0.0,0.0,0.0,0.0,-0.0010315512170983702
2022-01-26,-2.8614965791011056e-05,-0.00391985553719797,0.0001879072350803351,0.0001988975819448514,-2.5171953249552705e-05,-0.00017500154852523737,-0.0017480445986165264,0.0003092368461569096,0.0007003746097371652,6.706604092986517e-05,-0.0032296057855698552,0.0014831344711422837,0.0002338288714242323,-0.015341384825479048,-0.0028001563472189015,-0.0036717702352471056,-0.00048483729710338926,-0.007776191308855168,3.0975115609565467e-06,-0.002799710487949339,-0.0005001572080430942,0.0006208363060370817,-0.004484159049853425,0.0002051758751114738,7.073659056001321e-05,0.00014148647694036965,0.00017867180777280807,-1.644579331835864e-05,0.00014546215207312705,-0.00015276520688986152,0.004682346610805242,0.00523239621066658,0.002132591703623808,0.0018806245788139551,0.0002662402178018636,0.0011452480330370672,0.0018582229240787927,0.0001554589584003349,-0.0004247222759895488,-0.0005074130649944487,0.0003674759269232518,-0.0002993061054920679,0.008491792588000893,0.0005771667991929313,4.9643056277451705e-05,-0.0006832087054427458,0.0013905551575123163,-0.002989550914536364,-0.0011026097379122186,-0.0018056152033556977,-0.0011309236028246633,-0.0008697256480941717,0.0032427754533326026,-0.0017607263596092204,0.0005390698696067952,-0.0007720077456721819,0.0015495319839687407,0.004472956617836045,0.0024114067941662033,-0.000661914860368508,0.0005041941395573775,0.0009542554244966712,-0.0005327766581997794,-0.0007563813678261609,0.0,0.00019826834656022925,-0.00036554258756789696,-0.0008890299816629882,6.163934092226798e-05,-0.0031070548800670177,0.00034084823017618685,-0.00037682256621501386,0.0005677787557962986,0.009336853514593265,0.00020184447871047812,0.0013578459723046239,-0.0007838577745447452,0.00037056548993949533,-0.00035095839811010116,-9.880743401474381e-05,-0.007405449254607502,-0.0009233745052015239,-0.0015363186858353152,-0.0014294187995534402,-0.000115732187873887,-0.0017330464903760395,-0.0022131389496399577,-0.0030583815542132445,0.00011606181908786921,0.00011265999087843579,0.001408917059823327,-0.0023770895587024057,-0.006239171191767376,-0.0010391376553518172,0.0007218021893788422,9.879806800056412e-05,-0.00014537696805055775,0.002469167718694411,0.0011226878013275454,0.0,-9.238398016691988e-05,0.0,0.0,0.0,0.0,0.0,0.0,0.0,0.0,-0.0010315512170983702
2022-02-02,4.964329175610602e-05,0.0007241935422733278,0.0001879072350803351,0.00018493820391397148,-0.000658484164075427,-0.0003780206563954257,-0.00015870564426096557,-0.00010372551137604582,-0.00023939266936167118,0.00014426992640974035,-0.003907960756558392,-0.0016550185385965557,-0.0004741789017415675,0.001098154541922024,0.0032164758721553604,-0.003271397757736286,-0.0004424333111271392,-0.006493129734742777,0.00041018903180136334,0.0019763404668924852,-1.1391999063375242e-05,0.0013466285496229677,-0.0037879096701828718,-4.8105115371832165e-05,-3.059970439101765e-05,0.0001670797632259771,0.00031307607870844365,9.071052296068348e-06,0.0007181699592563018,-6.85466294236987e-05,0.0036069929857338763,0.005430315720971232,0.0021147653058448627,0.0026880817735808397,0.00035086199222745986,0.0012107299248267766,0.002316773986853661,0.00018042637344949797,-0.000467836658477093,-3.4465197091667595e-05,0.0010983204992605303,0.007900262489092143,0.007848356570078117,0.0006423614711584557,0.0009355107376933336,0.00033014918201314383,0.0032092382591544654,0.0058833561828825895,-0.0014741470619624737,0.0007296520791447618,-0.0007904856050190438,0.0005226994088692367,0.0036038263083282385,0.005082642456789365,-0.00014200067263768802,0.0001780704397497107,-0.0005346780459566239,0.0021660123055689527,-9.64807571436954e-05,-0.0003097148495967689,0.0009448961552626608,-0.0006403907951927422,-0.0011122945452684769,-0.00024458643202788784,0.0,0.0003974662034692375,-0.00014658325910594887,0.00047392618447735315,-0.0002958998107594543,-0.004594165791241945,8.457032899040351e-05,-0.00010163797972794584,0.00044294520683543944,-0.0028353563808647094,7.038618602484116e-05,-0.00034521071305423413,0.0006544781745936355,0.00037056548993949533,0.0003241067067485507,0.0006479934938402374,-0.005942560355040624,-0.00013655686499609057,-0.0020254337004114646,-0.0010221944524117228,-0.0007922478387244753,-0.0016277497362304993,-0.0017054099730981183,-0.002320258919927271,-0.0005121520613350087,2.4160381745887077e-05,0.0013461503341038207,0.001983729773698444,-0.007385507708750383,-0.0004122682547086654,0.0003504675769300883,0.0006237987509620894,-0.000814423040765042,0.0028191520928846896,0.0022303058270246806,0.0,0.0019320949684977053,0.0,0.0,0.0,0.0,0.0,0.0,0.0,0.0,-0.0004711330355385376
2022-02-09,-0.00020075210648626008,0.0012522821723607322,0.0001879072350803351,0.00030191780372464545,-0.0010985605812370708,-0.00010205776952522126,0.0008334609791876707,0.0002610432086216196,0.00016908688068699467,0.0006565862863341703,-0.004095445681370317,0.0012908960598134926,0.0002338288714242323,-0.0024994213325611613,-0.0031777914959101898,-0.003543704397333854,-0.0012449805643366682,-0.007817634563076856,0.00024516423311945947,-0.004150104901053592,-0.0005728178512335691,0.0006428004296208435,-0.0029560837917445098,0.0002051758751114738,-3.059970439101765e-05,-0.000546262771690611,0.0002968214033073734,9.071052296068348e-06,-0.0007580500494275653,0.00040877033833663196,0.0028346307541684272,0.005918821371842906,0.0021971688844477054,0.0036258715493747303,0.0005337953429461268,0.0011452480330370672,0.002208661724034995,0.00018042637344949797,-0.0004599996745477531,-3.4465197091667595e-05,0.0012486503993735056,0.00803858870749159,0.008101963952436661,0.0007463184286940392,0.0009012205888022156,-0.00022956384601996254,0.0024612782615217607,0.0058894321837862215,-0.0007233832901096652,0.001201155846300771,-0.0007904856050190438,0.0005226994088692367,0.003567209240651827,0.005078302989196096,-0.00014200067263768802,0.0001780704397497107,-0.0005370535181267802,0.0021845903236416995,-0.00034876908378840066,-0.0003097148495967689,0.0009448961552626608,-0.000800951855377202,0.0009959374483694999,-0.00024458643202788784,0.0,-0.000729799140115601,0.00022111338231744124,-0.0004198085820932035,0.000117345010114095,-0.004319059939396453,0.00033027421462394424,-0.00010163797972794584,0.00044294520683543944,-0.002676266639804975,-9.24329756962825e-05,-0.00034521071305423413,0.0003046545523485317,0.00037056548993949533,0.0003241067067485507,0.00028668941264501323,-0.007124558343464594,0.0004353635286499947,-0.0020254337004114646,-0.0014068611019088522,-0.00037290323297806377,-0.0015218439294879076,-0.0015338611111211735,-0.0023130361691664015,-0.0005121520613350087,2.4160381745887077e-05,0.0011710454513605836,0.002230598020527593,-0.006509388947149075,-0.00179629385660361,8.561024256607e-05,-1.350113025432335e-05,-0.000814423040765042,0.0027295880628729393,0.0014328469099621694,0.0,0.0014666560897774548,0.0,0.0,0.0,0.0,0.0,0.0,0.0,0.0,-0.0004711330355385376
2022-02-16,-0.00020075210648626008,-0.0037942126586256873,0.0002361541266851105,1.567264332742918e-05,-0.0007258031989262554,-0.0010546929639339145,0.0009263181421088129,-0.0005309359083030301,6.888334718840321e-06,-0.000139897857923213,-0.0032666021010937817,-0.003601111846773863,-0.0004741789017415675,-0.035718137047406194,-0.0024578306683782046,-0.005144156999240471,-0.001606547801751894,-0.006521343980027139,-0.0016888143230378645,-0.015510299018932758,-0.0007762792706295251,0.00022500712875493163,-0.003478016802965999,0.0002051758751114738,-0.00014214574767603086,0.00013909832563427436,0.00040427276298328805,9.071052296068348e-06,0.0005097836985187325,0.0005053053772234808,0.003570524787950017,0.005242531149261654,0.0036857588326124156,0.002182488104365959,0.0004065884030524867,0.0004971016052261836,0.001873212921014476,6.0234843181836946e-05,-0.000460403950981159,0.00016841397431565435,0.001276654091039805,0.00889821926910265,0.008294751416589785,0.0004328266986808612,0.0007244607296713352,-0.0006384025647093404,0.0021088955590749235,0.0059370043324553255,-0.0007233832901096652,5.846063288482046e-05,-0.0007514647981667613,0.0005226994088692367,0.0027584893025937663,0.005188394101834582,0.00038120287191309476,0.0005153715938033488,0.00031860155271621975,0.0022658326971623853,0.00028031079506765573,-9.470093178949132e-05,0.0014926339621826779,-0.0011015735510983974,0.002132442204599042,0.00023714304372916768,0.0,0.00021551236059465473,0.00022111338231744124,0.0005169810192526143,-0.00044659160900511547,-0.0023629098399471403,0.0002875062483957804,-0.0007391922407186475,0.0014476188555135148,-0.002629776517686965,-0.0005155707465825062,-0.0004227809609227152,-0.0004330476228153142,0.00019625243294744016,0.0003241067067485507,0.0002701416799536818,-0.0064439075641140155,-0.0005331241173058934,-0.0021975023431853023,0.0011773153321652954,-6.258110142329548e-05,0.005296766502722793,0.0035197825277137854,-0.0014005380545885125,0.0006290297088504663,2.4160381745887077e-05,0.0023221645417341556,0.0021465537409759415,-0.006721941838767341,-0.002827038620388271,0.0007535803111410396,-0.000362322736888934,-6.969703079959494e-05,0.0030051683982929376,-2.586756426749094e-05,0.0,0.0014666560897774548,0.0,0.0,0.0,0.0,0.0,0.0,0.0,0.0,-0.0004711330355385376
2022-02-23,-0.00020075210648626008,-0.0036867138800654327,9.010594833108756e-05,1.567264332742918e-05,-0.0010408672753890935,-0.0009363140262669817,0.0009263181421088129,-0.0005309359083030301,-8.822444123383915e-05,-0.0009091841071699604,-0.0046772333726416,-0.00960088186533898,-0.0004741789017415675,-0.05026451498434244,-0.0024578306683782046,-0.004839780998329076,-0.0012261583629533442,-0.007170777217897345,-0.0016888143230378645,-0.01586209442440897,-0.0007762792706295251,0.0003554969028764058,-0.0036158570312673443,0.0002051758751114738,-3.059970439101765e-05,-0.0001014930817021031,0.00040427276298328805,9.071052296068348e-06,-0.0003242201111629664,0.00023426356532731243,0.005332699328904507,0.005191753721523289,0.003913214874460648,0.0031718063545362017,0.00019073948469516363,0.0004971016052261836,0.0015695731136480785,7.74239575003085e-06,-0.0004599996745477531,-3.4465197091667595e-05,0.0009665614869085764,0.008536915668636624,0.008422999281023781,0.00035914612992072497,0.0007244607296713352,-0.000918965781372287,0.0016844587600043904,0.006124744262614448,-0.0007233832901096652,5.846063288482046e-05,-0.0007514647981667613,0.0005226994088692367,0.0026990386797400407,0.005701495018787187,-0.0004079937601984724,0.0005132169243512543,0.00031860155271621975,0.0022658326971623853,-0.0012837369719188004,-1.168316806174743e-05,0.001049573494767429,-0.0007196095603715754,0.0020948598703685083,0.0004454416603108864,0.0,0.0003974662034692375,-4.968711622096005e-06,0.0004486921350153236,-0.0005191057654642119,-0.0023629098399471403,-0.0011261159105105075,-0.0007391922407186475,0.0006959189494325597,-0.002942112519738369,-0.00046084715277299495,-0.0004227809609227152,-0.0005500458672977671,0.00019625243294744016,0.0003241067067485507,0.0002701416799536818,-0.0072772182716329395,-0.0011955740387192566,-0.0008833194003232047,-0.0013409956111639781,0.0010448654735874079,-0.0012970335001375485,-0.0001482225650710332,-0.0013289104946245074,0.00042203626694166954,2.4160381745887077e-05,0.0024585662091748187,0.0021465537409759415,-0.006542832702377611,-0.003071543619572268,0.0007038352622084844,-0.0010878080946300705,-6.969703079959494e-05,0.001668444096187214,0.0014783424019507102,0.0,0.0014666560897774548,0.0,0.0,0.0,0.0,0.0,0.0,0.0,0.0,-0.0004711330355385376
2022-03-02,5.3293168261408705e-05,-0.0036608286866042588,0.000138352839935863,4.132761103029668e-05,-0.0006633741037864698,3.995702824570669e-06,-0.0017741996857940786,-0.000494911694045024,6.888334718840321e-06,-0.0010294004932058624,-0.00454664502177134,-0.005566414961688686,0.0002338288714242323,-0.04940733755448915,-0.0029308445521678346,-0.004142715887099734,-0.0004848553538742009,-0.00662675724179399,0.0007485055159000265,-0.016622679609589564,0.0008511737161867588,-0.00023301315777856445,-0.003634663540495263,0.0002051758751114738,-0.0001455045362161067,-0.00011144945575021546,-0.0012062162019716568,-1.644579331835864e-05,-0.0001589277215162388,9.520257802975666e-05,0.006139148077835471,0.004399104804517191,0.005325428278474942,0.0023002037686467025,-0.00011813286944590605,0.0006027922908436554,0.001111425474795146,-4.3181617539611683e-05,-0.00046824093491049893,0.00016841397431565435,0.0010606068364177527,0.00526856613186069,0.007409328972190049,0.00026266605566113114,-0.00031583916251180246,-0.0009099231717931116,-0.0007246470444942207,0.00548076957399803,-0.0005258357421048663,-0.00244818747233142,0.0012651181910808334,-0.0006965071849497772,0.0027584893025937663,9.179724133222771e-05,0.00011520978435231038,0.0008185010444278855,0.0006138252681946131,0.004506807175108845,0.002120455680808133,-8.903078303666527e-05,0.0013933816375241625,-0.0012349154114803323,0.003055805049936434,0.0001564447048295129,0.0,6.838411379542393e-05,0.00022111338231744124,0.00023767901014293513,-0.0003056766096514056,-0.00373728659965667,-0.0011457902771239896,-0.0009056233619180418,-0.000873998556245145,-0.0023732737942422605,-0.0011411402979109708,0.00032118416392703874,-0.0004330476228153142,-0.00011709190596938264,0.00022210297647173058,-6.656233613743195e-05,-0.0009504888381354614,-0.0005331241173058934,-0.0016130526478889957,0.0026936458281085615,0.000356763504323116,0.0066520353222333396,0.0060447495763684906,-0.0015194978956696993,0.0006443002061930396,3.052857294719605e-05,0.003001790635842414,-0.00216040478347444,-0.006781381649104601,-0.003491818877249835,4.367823778594138e-05,1.8643187335194033e-05,-0.0010020505977513072,0.0018505633661689066,0.0022656758061580335,0.0,-2.883764437675192e-05,0.0,0.0,0.0,0.0,0.0,0.0,0.0,0.0,-0.0004711330355385376
2022-03-09,0.0006058190349674695,0.004174207215392461,0.0002361541266851105,2.7368232999416757e-05,-0.00121005645320028,3.995702824570669e-06,-0.0016229331455600005,0.0006415675075972454,0.0014080398387958052,-0.0006931882046034408,-0.0031194846204921902,-0.0018281530632275763,7.591724839288547e-05,-0.0447682844513806,0.007372204254863885,-0.003958761702767151,0.003503085366193276,-0.007208801211070682,0.000954585646293163,-0.014787312820214947,0.0007925587900339504,-0.0006176396584914546,-0.0032175160827478382,-4.8105115371832165e-05,-0.00014214574767603086,-0.00011144945575021546,0.00046416501448819704,-2.5147146287156435e-05,0.00015390947467134767,0.00023011207846659613,0.006302113299615312,0.0040584945840114696,0.0037607352470228105,0.002612294274297679,0.00038330943721148866,0.0002798854374936696,0.0014569380928490638,-4.3181617539611683e-05,-0.001987154822714061,0.00021244019007109414,0.001018885503857152,0.004110737405259723,0.006708634266767359,0.00026266605566113114,0.00018865473458720472,-0.0005010844531037337,-0.0016905968166189271,0.005111958799090693,-0.0008977862235111302,-0.0024893114017944702,0.0012651181910808334,-0.000727114761349638,0.003099264816775237,0.0009054604495887183,6.113975369645964e-05,0.000531205726923398,0.0011846640075994985,0.00444758529771503,0.0018771327765115648,-0.0001181103898285034,0.0011393754014394162,-0.0015080813193307971,0.002413170611140574,0.0003363716516107336,0.0,-0.0004608906366465515,0.0012018059100940906,-0.002295813965889397,0.00019997153333136032,-0.0035263615035902363,-0.0002947368300538635,-0.0007648075096522719,-0.00013729625422030005,-0.0018996387061249104,-0.0013921515161532192,0.00032118416392703874,-0.0004330476228153142,-0.00011709190596938264,-0.0002617487506719326,-0.00011517866896931663,0.00020244486319402237,0.00011356442144603586,-0.0017646710956987495,0.0028584970757383425,0.0006098185726965371,0.007207943346993659,0.004579961410212184,-0.0012097194982380762,0.0005069040466653634,-0.0002996547355423841,0.0030673248316687484,-0.002510773111563604,-0.0049617431191797306,-0.0037734777867321516,8.561024256607e-05,0.0022616573328709784,-0.000814423040765042,0.0021616458224276804,0.001680482459270401,0.0,-8.714915791728575e-05,0.0,0.0,0.0,0.0,0.0,0.0,0.0,0.0,-0.0004711330355385376
2022-03-16,4.964329175610602e-05,0.004174207215392461,0.0002361541266851105,0.00028795842569376555,-0.0011330296930289194,-0.00011438323484236224,0.0010909257318851818,0.0009837727757556853,0.0014080398387958052,0.0007159842703431317,-0.0041962463380130054,0.0011662303614190387,0.0002338288714242323,-0.002649965812724699,0.007043130837917706,-0.003964633298892035,0.0007269270544215517,-0.0075065155272649965,0.001104803168921239,-0.015254901915828296,0.0009978046727554025,2.3113124046476223e-05,-0.003110713061427798,-4.8105115371832165e-05,-0.00014214574767603086,0.00016100890108239978,-0.0010781575806071424,-1.644579331835864e-05,-0.0010839554712761303,0.00032233273541679445,0.004030437780303572,0.003741911948692121,0.0026269046821752657,0.003094520968533236,-0.000282999069776116,0.00010871286008648842,0.001660713253752559,9.310829892194418e-06,-0.001987154822714061,0.00016841397431565435,0.0009605323930921842,0.0036322205668816053,0.007200780432014033,0.0006033035696185741,4.9643056277451705e-05,3.0143611357484357e-05,-0.0012163663486365963,0.005994766383754714,-0.0008977862235111302,-0.0012192689410504569,0.0012651181910808334,-0.0007550248077716321,0.0027646410977758486,0.00025396677761655605,0.00038120287191309476,0.0003441172978067078,0.0011846640075994985,0.00462908967320315,0.0017747362763963278,6.088076110945156e-05,0.0014926339621826779,-0.0002778425782467208,0.0010453852002659128,0.0003363716516107336,0.0,0.00013543299007629832,0.0012018059100940906,-0.0009744000427026672,-0.00047081278114636014,-0.0017201441704539256,1.1553980596514798e-05,-0.0002393999070930613,0.0003466716655316557,-0.0016783441162167112,-0.0008596192849498786,0.00032118416392703874,0.0003046545523485317,0.00019625243294744016,-0.0002617487506719326,-0.0004895517758753298,-0.0002535277586845381,0.0004103358996843364,0.0005372236464079532,0.002680041454294893,0.0009836641961882377,0.00911169145015999,0.004365477978461101,0.0006352303988085957,0.0012241630457015074,-0.0002996547355423841,0.002865388968401751,-0.0026696530240571466,-0.0045283387098143495,-0.0029076594922027147,8.561024256607e-05,0.001860674936954057,-0.000814423040765042,0.0024492867532993987,0.000897221588242036,0.0,-8.714915791728575e-05,0.0,0.0,0.0,0.0,0.0,0.0,0.0,0.0,-0.0004711330355385376
2022-03-23,4.964329175610602e-05,0.0019592768551856266,0.0001879072350803351,0.00029746007296644494,-0.0007200479590666707,-0.000123948546369895,0.0012093601851534636,-0.0005030141383302055,-0.0011911612112759041,0.0004749682017894047,-0.00424400293857352,-0.004989115690152583,-0.0004741789017415675,0.014040627990786288,0.0027285758738654652,-0.0036891931902143984,0.0010489657626026794,-0.0073280112042868354,0.0010293561385524127,-0.009265756293499391,0.0009607390056402226,-0.0008019943323563203,-0.0042415916008355144,-4.8105115371832165e-05,-0.0001455045362161067,1.0136950268387618e-05,-0.002557816556592826,-1.644579331835864e-05,0.00040615855254515925,-0.00021023297143462006,0.008175328695835498,0.004028072723137207,0.0028040819648765367,0.0012474837977744077,-0.0024453423337841497,0.0011996446251243183,0.00010696060926103166,6.14359429615116e-05,8.232732391151133e-05,0.00021244019007109414,0.0016940222247965814,0.0029942532724383706,0.006049985324106208,0.0005691793289237522,-0.00010478915448980405,-0.000631119358826133,-0.001829956079219427,0.007131481928954057,-0.0008977862235111302,-0.0012084417604905254,0.0012651181910808334,-0.00022440096410819135,0.003179650074232169,0.00017396002203967593,0.00038120287191309476,0.00015686192068237032,1.0487723664742601e-05,0.004244980620864849,0.0012524367570467803,0.00012831521823128148,0.0013819792720568243,-0.0005303543802575353,0.0016061678587885463,-0.00029515490213407323,0.0,6.838411379542393e-05,7.949883483358838e-05,-0.0012558442277515916,0.00048255197971378103,-0.002512013516216438,-0.0007764733989098127,-0.0006056314384898663,0.0006748495945967434,-0.0014141935325192147,-0.0015998647108839525,0.00032118416392703874,0.0006190417228680376,0.00019625243294744016,0.0003462619805985445,-0.0004895517758753298,-0.0005512374296153941,0.0004353635286499947,0.0018592591399187442,-0.0006080342646225635,0.0005643195904418262,0.008892859316625581,0.004265639743496422,0.0006352303988085957,0.0015982949422878542,-0.00013653033389601435,0.0026172320683598774,-0.0027321549532153037,-0.006584115656809873,-0.0029076594922027147,8.561024256607e-05,0.0006102275428257566,-0.001236956146389214,0.0021338982485679106,0.0018593600568352596,0.0,-8.714915791728575e-05,0.0,0.0,0.0,0.0,0.0,0.0,0.0,0.0,-0.0004280272469738441
2022-03-30,-0.00020075210648626008,-0.00286624303236634,0.0002361541266851105,0.00027626283602177795,-0.0012696761208922569,-0.00011438323484236224,0.0009068290010573384,0.0012407280842136595,0.0002712131802632085,0.0006589795007462604,-0.004401506195801444,-0.004963813905682492,0.0002338288714242323,0.006832807700604471,-0.0032069154573823003,-0.00367471502133158,-0.0004698932822819561,-0.007326418953196528,-0.002297831770989225,-0.0172871440686348,-0.0005319605509805803,-0.0029684444661236876,-0.0038218248299735523,0.0002051758751114738,-0.00014214574767603086,0.00014954002009088922,0.0005742422452805435,0.0005441561793460603,9.498986069699747e-05,4.833354057685322e-05,0.006738564823286073,0.004516578374008881,0.002813329479268975,0.0022875979457438315,-0.00276851760985415,0.0008115294681212109,-0.0005758962657248093,6.14359429615116e-05,0.000703065108191803,0.00021244019007109414,0.001605892911141466,0.0032712959525071686,0.0073415739408421365,0.00034672194291172,0.00030421146855535714,-0.00020883864821415345,-0.0024603472152041456,0.006337925579178224,-0.0005429370504942301,-0.0012084417604905254,0.0012651181910808334,-0.00022983317031164782,0.0027765414658568305,0.0005126995317550826,0.00038120287191309476,0.00043741816176240725,0.0006255218045427328,0.004244980620864849,0.001677134523715137,8.996036790128969e-05,0.0016281607236697682,-0.00037610777261329987,0.0020250486424122313,-0.00021615398991818558,0.0,-0.0004608906366465515,0.0003495048510897137,-0.002136548795180945,0.00048255197971378103,-0.0014580265469812015,-0.0005752527556479716,-0.0005948271309103488,0.0001684857295707371,-0.001626296901217268,-0.0016039052561670458,0.00032118416392703874,0.00016351726308133906,-0.00011709190596938264,0.00022210297647173058,-0.000714795233940075,-4.4467980023449674e-05,-0.00023635263906759287,-0.0013656049086970025,0.0019969466455040594,0.0009836641961882377,0.008983535202989622,0.00515164457730242,-0.0014692997697386529,0.0035848262997719323,0.0015724771435734772,0.0029309231642280853,-0.0016497841094387422,-0.006744531929355557,-0.003378784145498717,8.561024256607e-05,-0.000578012001537658,-0.00059593607605913,0.002715941494860554,0.0019194425709872598,0.0,-9.238398016691988e-05,0.0,0.0,0.0,0.0,0.0,0.0,0.0,0.0,-0.0004280272469738441
2022-04-06,5.3293168261408705e-05,-0.003638503084275885,9.010594833108756e-05,0.00030191780372464545,-0.001563181435843574,0.000805373394193645,-0.0014342365778392682,0.0008608024327264218,0.00017610040431052904,0.0005093165915780136,-0.0036019421402773604,-0.009808252191597599,-0.0004741789017415675,-0.012884663680077223,-0.0026947155276508036,-0.0038427900910050486,-0.001263552157952818,-0.007901292138429942,0.0015986858634330899,-0.016611917686516587,-0.0005372228751582739,-0.001746384479852022,-0.0023174761029025317,0.0002051758751114738,-0.00014214574767603086,-7.529415608247372e-05,0.0004705093640553191,-1.644579331835864e-05,0.000223466458123519,0.00010603288913113206,0.0066274264349351075,0.004806075353584578,0.002883975172379751,0.0024414719447638147,-0.0027975609753926223,0.0008272378954162068,-4.739444135456306e-05,4.29150279957586e-05,0.0006952281242624632,0.00015155102475266713,0.0007967096433553891,0.005189434179919659,0.0074648050869732105,0.0004050186279745215,4.9643056277451705e-05,-0.0004034146060058384,-0.0013092005581342601,-0.003534816033024704,0.000653689471553939,0.0014856254499871165,0.0012162146392756782,0.00015448963051569166,0.0024203471327476273,0.001181871216714392,-4.9555264500717616e-05,-0.0008334011303985556,0.0006255218045427328,0.004880089860503079,0.0005496334303444742,-0.0005566134287202095,0.0008560528953122439,0.0007262353408297481,0.0024611696940035044,-0.0005547571245528047,0.0,0.00021551236059465473,0.0003495048510897137,6.205027494900184e-05,0.0009085369493780329,-0.0024035549878691147,-0.0002156199632171867,-0.0007558835845402896,0.0009220428090299331,-0.0017530951003795411,4.900348137409746e-05,0.00025096025378660105,0.0015290962502269095,0.00019625243294744016,0.00015274017236047486,-6.656233613743195e-05,-0.002629278446856246,-0.0011955740387192566,0.002199570676576384,0.0001574898594302297,-0.0012002154627315236,0.0012479751068682269,0.005574506517384522,-0.0001672186373971287,0.0017797750311951237,0.0015724771435734772,0.002013466855317795,-0.0016977923092368805,-0.0063919128742348326,-0.0029926419609510864,0.00016594815946475254,-0.003625090565284502,-0.00015140772017191814,0.0027280523088214197,0.002431166958746122,0.0,-9.238398016691988e-05,0.0,0.0,0.0,0.0,0.0,0.0,0.0,0.0,-0.0004963174140726721
2022-04-13,-0.00020075210648626008,-0.0034243529231482903,9.010594833108756e-05,1.567264332742918e-05,-0.001841122998672207,0.0009237523318605779,0.0009263181421088129,-0.0004798160590743898,0.0010666522999745705,-0.0009091841071699604,-0.004475684290187479,-0.009803971406297038,-0.0004741789017415675,-0.04013055475754331,-0.002476048801631402,-0.003820773626321672,-0.0016350532192127008,-0.007260519199006476,-0.002350235371124795,-0.013549602157416166,-0.0005690262180957601,0.0007490324703659737,-0.003468449332089043,0.0002051758751114738,-0.00014214574767603086,-8.676303707398426e-05,0.0004705093640553191,-1.644579331835864e-05,0.0002978742655229393,0.0001594172794780374,0.010716720836189443,0.005052423551741687,0.005002599105079938,0.002796952562635076,-0.0020421856467593806,0.0003334691224081477,-0.001222161124363302,-9.577419436047492e-06,0.000703065108191803,0.00015155102475266713,0.0008384309759159901,0.004709959617941622,0.0073945042511182535,0.0003045131699741722,-0.00031583916251180246,-0.0005023330920636666,-0.0006815238272690646,-0.004060750157507702,0.0006036230833499987,0.002825899277587282,0.0012162146392756782,0.00015448963051569166,0.0026549484660659105,0.001181871216714392,-0.00031554835206150204,-0.0006463127012818655,0.0006255218045427328,0.004224116754444708,0.0005469414585735266,-0.0002240867058452154,0.0008918402907594571,0.0005656742806452884,0.0026696103413689823,-0.0007346840713340255,0.0,0.00013543299007629832,0.00022111338231744124,5.684520476005909e-05,0.000811350373299597,-0.0014988483381044135,-0.0002156199632171867,-0.0006949882111534486,-3.36068502915383e-05,-0.0016053781120919336,-0.0020092787602849706,0.00025096025378660105,0.0006670681563694871,-0.00011709190596938264,0.0003241067067485507,0.0006429739696243226,-0.0008958486713367288,-0.0011955740387192566,0.00040922799942309394,-0.0010736140414384387,-0.0005800666468926995,-0.0012603402820594587,0.0059920192643121,0.00010650753648328973,0.002497602294170612,0.0015724771435734772,0.0027908840821796897,-0.0017003248013538527,-0.006385105726929577,-0.0037374657013356733,0.00012401615468462393,-0.002996516474897037,0.00026987080148190896,0.0018580388672408403,0.0017961935464958635,0.0,-9.238398016691988e-05,0.0,0.0,0.0,0.0,0.0,0.0,0.0,0.0,-0.0004963174140726721
2022-04-20,-0.00025854924993798953,-0.003628150023973631,0.000138352839935863,0.00032104771160772953,-0.0016709770639690882,0.0009237523318605779,-0.0008391551616894739,-0.00044379184481638375,0.00018992592206660335,-0.0009937080219760515,-0.004692731272886756,-0.008566422507010056,-0.0004741789017415675,-0.0393929690001323,-0.003144134811083131,-0.0037384391310699384,-0.001263552157952818,-0.008242076806392211,-0.0002252629372477922,-0.015229784273602397,-0.0005372228751582739,0.001502635031373816,-0.00404254737533139,-0.0003107192418515523,-0.00014214574767603086,-8.676303707398426e-05,0.0003155854744779771,-1.644579331835864e-05,-0.0002543435141007569,0.00019075098952066663,0.01527612783620642,0.0053178450877371716,0.004571864587673175,0.002141361508342939,0.0061025210314730296,0.0008272378954162068,-0.0010882546191704483,-9.577419436047492e-06,0.000703065108191803,0.00015155102475266713,0.0008384309759159901,0.0058321036783746125,0.007395565083467019,0.0003628098550369737,-0.00031583916251180246,-0.0005023330920636666,-0.0006564239710261224,-0.0021868388556880716,0.0006036230833499987,0.002545569412205396,0.0012162146392756782,0.00026516679628345107,0.0028447218859894217,0.0011970177733647096,-0.00031554835206150204,0.0001226076892685383,0.0012219213799833002,0.004880089860503079,0.0005469414585735266,-0.0004737101082434538,7.979738563606946e-05,-0.0009412142146733124,-4.665831631498734e-05,-0.0015634649814730533,0.0,-0.0004608906366465515,0.00022111338231744124,5.684520476005909e-05,0.0009522653726533069,-0.0006443569610907057,-0.00041204218312052845,-0.0007666878921198071,2.069914455493997e-05,-0.00169893207498072,-0.002176997199748564,0.00025096025378660105,-0.00024874554721983697,0.00019625243294744016,0.0003241067067485507,-0.00046655652192233876,1.9394584211818947e-05,-0.0005331241173058934,0.002199570676576384,5.616337096225454e-06,0.00016477772901786914,-0.0010467917565722086,0.004266562526352104,-0.0001672186373971287,0.002497602294170612,0.0015724771435734772,0.002856418278006024,-0.0011995945932932353,-0.006889037305833586,-0.003386187797288165,0.00012401615468462393,-0.0035281792979308304,0.00026987080148190896,0.0022893829101205488,0.0022139414795176436,0.0,-9.238398016691988e-05,0.0,0.0,0.0,0.0,0.0,0.0,0.0,0.0,-0.0004963174140726721
2022-04-27,-0.00020075210648626008,-0.00417656894867438,0.000138352839935863,0.00032104771160772953,-0.0013460681081166326,0.0009237523318605779,0.0003285156364499766,-0.00047619618181851914,0.00018992592206660335,-0.0011461876149932767,-0.004535228015658832,-0.009706992959175128,-0.0004741789017415675,-0.0403488905507564,-0.0009335403743316457,-0.0037409866867711117,0.0008986839279416152,-0.006351503256840422,-0.0004073752768746025,-0.015223059519919353,-0.0005690262180957601,0.001668053105856872,-0.0046131967292413045,-4.8105115371832165e-05,-0.00014214574767603086,-9.283389921756159e-05,0.0003298927209925892,-1.644579331835864e-05,-0.0005880088151394706,0.00018739356891410344,0.014988046875939754,0.005052423551741687,0.004571864587673175,0.0026021613774020263,0.004655294508238787,0.0008272378954162068,-0.00028728128594064753,-9.577419436047492e-06,0.000703065108191803,0.00021244019007109414,0.0008384309759159901,0.006600116015161872,0.00715972012699097,0.000428004527002498,-0.00031583916251180246,-0.0009773234239114819,-0.0006848230679925537,-0.002519596004805928,0.00027540690910126894,0.002545569412205396,0.0012651181910808334,0.0002705990024869075,0.0032927286548809936,0.000683916856412105,0.00011520978435231038,-0.0006463127012818655,0.0007906212280412927,0.004880089860503079,0.0013452565606295406,-0.0004737101082434538,-0.0004814646732615988,-0.0009412142146733124,-0.0006371677754016564,-0.0007346840713340255,0.0,0.00013543299007629832,0.00022111338231744124,0.00030283998085867635,0.0011611737291636467,0.0013453285450296237,-0.0008209566412815123,-0.0007666878921198071,-0.00037917576789938925,-0.0018522076311026899,-0.002176997199748564,0.00025096025378660105,-0.00024874554721983697,0.00019625243294744016,0.0003462619805985445,-6.656233613743195e-05,1.3246004174631738e-06,-0.0005331241173058934,0.001125218473635838,0.0021536936909520013,0.00047161014573457796,0.006541659915489235,0.006004737647034626,6.243931497581561e-05,0.0026755136746217786,0.0015724771435734772,0.0027908840821796897,-0.001196865936323125,-0.006455900623328113,-0.0032642727049218582,4.0209731378542175e-05,-0.003349680293953505,0.00026987080148190896,0.00214037862714352,0.0024129958024131206,0.0,-9.238398016691988e-05,0.0,0.0,0.0,0.0,0.0,0.0,0.0,0.0,-0.0004963174140726721
2022-05-04,-0.00020075210648626008,-0.004394622238628916,0.0001955370940024837,-0.00019945342128045967,-0.0013460681081166326,0.0009237523318605779,0.0007161340627442005,-0.0012687416234073191,0.0003552095417156489,-0.0011228917304737438,-0.0059602689076104914,-0.012599352303272157,-0.0004741789017415675,-0.04546846382866513,-0.003354382579989961,-0.0036250607856596687,-0.001263552157952818,-0.0063071468866684,0.00169434955649008,-0.014982224276298995,-0.0005690262180957601,0.00037284795237410844,-0.0030071474032615873,-0.0003107192418515523,-3.059970439101765e-05,-8.676303707398426e-05,0.00013537622775507672,9.071052296068348e-06,-0.0004510085635456983,0.00018815959071721898,0.011529008908267769,0.005052423551741687,0.004550068432612104,0.003060601830181037,0.004294937940017952,0.0007058387825037393,-0.0005853451259127767,0.00029256364357140735,0.0007034693846252088,-0.0002472759206132886,0.000677810949424011,0.0018367195068856612,0.0065973906511901685,0.00037283199133706,0.0011323642855720207,-0.0009972515147873503,-0.0006900939947949986,-0.005614040395421613,-0.0006593291382216469,-0.0007320973682920822,0.0013453630187835477,0.00026560826130464396,-0.003281183185319194,-0.003608403538148238,-0.0004079937601984724,0.0001226076892685383,0.0006296907132535751,0.003366820896602546,-2.590058438918378e-05,-0.0004737101082434538,-0.0008252728160183324,-0.00026845680190715714,-0.000811793698533796,-0.0009863149648374513,0.0,0.00021551236059465473,0.0002163939045221547,0.001423728932674738,1.9525554992420897e-05,0.0003646802006401368,-0.0006066286255358078,-0.0009633262596149895,-0.0001394993450994918,-0.0020846053825118245,0.00020120406227385807,-0.0003151061452057313,0.00036989952796480185,0.00019625243294744016,0.0003241067067485507,0.00028668941264501323,-0.004520924285486476,-0.0011955740387192566,0.001125218473635838,-0.0014758321132887445,-0.001255480043399599,-0.0014212475834432957,-0.0019580867923994633,-0.00032552522443989024,0.0030096211507370653,0.0015724771435734772,0.0019435196994182639,-0.0012125489906961615,-0.006551923333670397,-0.003145190369993476,-0.0002584316768719217,-0.0045280179781590525,-0.0008611922095997374,0.0009730506531513573,0.0027973780600971773,0.0,-9.238398016691988e-05,0.0,0.0,0.0,0.0,0.0,0.0,0.0,0.0,-0.0004963174140726721
2022-05-11,-0.00011341713507706298,-0.004394622238628916,0.0001955370940024837,-0.00021341279931133957,-0.001199052518144666,0.0008992660246396971,-0.0016589496697504043,0.0002784026653059004,-2.5383595878908754e-05,-0.0013987490151124782,-0.005943652868163483,-0.012111413957573652,0.0002338288714242323,-0.04245805761787431,0.00583400967288559,-0.003424566685081901,0.0010486137797025622,-0.005335251206681723,-0.0004864556343957921,-0.014974091794960367,0.0005367662205879684,0.0008100162729321246,-0.005497739985136857,7.754937228709621e-05,0.0002445220927794178,-7.529415608247372e-05,0.00013537622775507672,9.071052296068348e-06,0.000774536365109346,0.0001771229628603734,0.010947126116267403,0.005188225751158788,0.004550068432612104,0.0023335699798832945,0.004655294508238787,0.0007058387825037393,-0.0011234528344284376,0.00029256364357140735,0.0008529008477188219,-0.0002472759206132886,0.0007150299669145678,0.0016825464090283594,0.006596204340122418,0.00033098487702401893,0.001038283543502179,-0.0009016729466174607,-0.0006859453725908442,-0.005530776950916586,-0.0016250596076044293,-0.0007320973682920822,0.0012599128940558129,0.0002710404675081004,-0.0027421282999667692,-0.003592271080618873,-0.0002630055230352172,0.0001226076892685383,0.0006308103403244491,0.002710847790544175,0.0006517809219523988,-0.000197725127641211,-0.0008252728160183324,-0.0009586702780476381,-0.0009039330051918836,-0.0009009958183894312,0.0,0.00014846348431378037,-0.0004559926867042998,0.0016840202216359891,-7.368016430749018e-05,0.0012364775031608218,-0.00048168905917668936,-0.000721402248838188,-0.0001394993450994918,-0.002050341605593547,-0.001992961601950301,-0.0003151061452057313,0.0006670681563694871,0.00019625243294744016,0.00044826571087536464,0.0006479934938402374,-0.004762602975213013,-0.0011955740387192566,0.001018759655512621,-0.0006191235992895082,-0.00010815216785747506,-0.0014732357144919626,0.0039631113940787055,-0.0002183710729353125,0.002835664637669392,0.0015724771435734772,0.0019619856671361812,-0.0011444192487309137,-0.006283363840590487,-0.0033434998574517717,-0.00021649967209179307,-0.003217389398484346,-0.0008611922095997374,0.0002714455885551952,0.0023020203580224434,0.0,-8.714915791728575e-05,0.0,0.0,0.0,0.0,0.0,0.0,0.0,0.0,-0.0004963174140726721
2022-05-18,0.0006058190349674695,0.003839118548927117,0.00013261043634858836,-0.0004179218951018445,-0.0010425875478842727,0.00017059857992236615,-0.0010170505620721508,0.0010406696650672048,-3.887887441967319e-05,0.0016335090835406917,-0.004533021596615663,-0.01154013750860091,7.591724839288547e-05,-0.021051158974413797,0.005334783459704504,-0.003463163513147575,0.003719338549439441,-0.005392525505307312,0.0018092397229852904,-0.01527738999528311,0.0007925587900339504,-0.0017533742115045411,-0.0039965711668684,-4.8105115371832165e-05,-0.00014214574767603086,-7.529415608247372e-05,0.0001443533351851633,9.071052296068348e-06,0.0009791634569804098,0.00017953487453202516,0.010213633855114743,0.006208320577705879,0.0022678733420225,0.002609227831727001,0.004395250807847213,0.0001063793238782086,0.000711841535800181,0.00041129684399237215,0.0006952281242624632,-0.0002472759206132886,0.0006702528710939293,0.003722587827849318,0.006544297184971759,0.00033098487702401893,0.001038283543502179,-0.0013341796348534981,-0.001254260371522027,-0.007260398637061234,-0.0016250596076044293,-9.63376751387073e-05,0.0013453630187835477,0.0002710404675081004,-0.003337972926835023,-0.00312897324596002,-7.050518911272791e-05,-0.0009336080187863531,0.0006308103403244491,0.003366820896602546,-0.0009741728992693634,-0.00013006839541268415,-0.0012234450056131181,-0.0009586702780476381,0.0002941972747186902,-0.0013352254282904745,0.0,0.0003974662034692375,-0.0005390796080612258,0.0011967571137145902,-0.0006710584577225832,-0.0009780887314485287,-0.0006211727170776228,-0.0005997984887308929,-0.0001394993450994918,-0.0020009277022301694,6.949864502413774e-05,-0.0003151061452057313,0.00044971165750244056,0.00019625243294744016,0.00044826571087536464,0.0006479934938402374,-0.0037857489827084322,-0.0005488854999673272,0.0003999233523025817,-0.001055415340903464,-0.0005305104959909534,-0.0017844710461336398,0.005073267454162464,-0.0002183710729353125,0.0016871611599139427,0.0015724771435734772,0.0018071180319776004,-0.0003032022752780038,-0.006096034429026253,-0.003215389560299349,-0.00021649967209179307,-0.002271465298701229,-0.001096097758237644,0.002724630879663164,-0.004261541531650128,0.0,-8.714915791728575e-05,0.0,0.0,0.0,0.0,0.0,0.0,0.0,0.0,-0.0004963174140726721
2022-05-25,0.000508246235454247,0.0036302868535437777,0.0001955370940024837,0.0005587005275092915,-0.0005257446303415423,0.0004465614667925706,0.0005372870866309029,0.0004248017039918271,0.0008302714415399872,0.001945740919499877,-0.005524863971894995,-0.013180413470477404,0.0002338288714242323,0.006205156167387622,0.0031058964962825775,-0.004275219950045715,0.003726907307465522,-0.005080100637938311,0.0017634943638566867,-0.013559220693810992,0.0009978046727554025,-0.0001612556342705089,-0.0038295372782728996,7.754937228709621e-05,7.073659056001321e-05,0.0006899695568359581,0.0001443533351851633,9.071052296068348e-06,0.0011033849020036326,-0.00012112323875552391,0.0024217150126723125,0.005730492261293224,0.0015225158948993813,0.0024883126626930115,-0.0014391913242282489,-0.000319611090744381,0.0016699548103244915,0.0004081052081657468,0.0006664250482173599,-0.0002472759206132886,0.0009319427484469902,6.481378461870783e-05,0.0073616255603534755,0.0004646339847339333,0.001038283543502179,-0.0013610712682516032,-0.0019103888314992864,-0.005012049565537721,-0.0011277398478101149,0.0003955528477759179,0.0013453630187835477,-3.8077453660596294e-06,-0.0029181149653401744,-0.0031602522601397024,-0.0001718492462370163,-0.00014179564530816062,0.0007070831682823337,0.002826059897005674,-0.0009121820769992827,-0.0004982862092622507,-0.0014342614195017856,-0.0005077615180635064,-1.8428093971728406e-05,-0.0007488332324993084,0.0,0.0003974662034692375,1.505019647305072e-05,0.001996649472473228,-0.0005880369006093297,-0.0006997436989317821,-0.0010849819700218665,0.00039381046544591957,0.000487317572745553,-0.0017544850380937687,-0.00014982335532480353,-0.0003151061452057313,0.00044971165750244056,0.00019625243294744016,0.00044826571087536464,0.0006479934938402374,-0.004247638127145403,0.0004353635286499947,-0.0010130240062103599,-0.001854802861417761,-0.00037269046736526347,-0.0017844710461336398,-0.0018517911547556863,0.00020319763788541573,0.001494190788549598,0.0015724771435734772,0.0018071180319776004,-0.000615047540899547,-0.0060474959555990625,-0.002517725338143455,-0.00021649967209179307,-0.0013513557332903573,-0.001096097758237644,0.0017531344140679296,-0.0009477722325408102,0.0,-8.714915791728575e-05,0.0,0.0,0.0,0.0,0.0,0.0,0.0,0.0,-0.0005040995866665201
2022-06-01,-0.00020075210648626008,0.0013421993008349894,-0.0009721135852244899,-0.0001929941091418349,-0.0012247866476500153,0.0009237523318605779,0.0004868097390691829,0.00011629693640727526,0.0008302714415399872,-0.0013453187584070731,-0.006073925088208062,-0.010811989934273732,-0.0004741789017415675,-0.046490492082895796,-0.0036822275784356507,-0.004238720968509029,-0.001150745583190999,-0.0063308045517045984,0.00014644303555426115,-0.015416720374133358,-0.0005690262180957601,0.0005744919571474051,-0.00269655486415638,0.0002051758751114738,-3.059970439101765e-05,-0.00020899463183094222,0.0001165362213792657,-1.644579331835864e-05,-0.0005600401548453995,0.00011635940326881212,-0.0013804979379202448,0.005081555772732231,0.0028861753515280033,0.0035869830537724836,-0.0012254110494887497,-0.00021392040512690935,0.0026088546309478784,-0.0003209294827579649,0.0003921102989131066,-2.5769921978592e-05,-0.0007388524388903573,-0.0017688720328375152,0.0065858156072757705,0.0003201992186945569,-2.0163486809588507e-06,-0.00023908903994328148,-0.0008006082385714102,-0.003862735706200189,-0.0005061777435280226,-0.0032316054045539275,0.0013453630187835477,7.081166477699015e-05,4.2089808871653315e-05,-0.0028366888251666602,-0.00043945006534395364,0.0004601507572516175,0.0002952593790131298,0.0009445906524412702,-0.0007648307330520048,-0.0002240867058452154,-0.0012234450056131181,-0.0007443851185662518,-0.0009208896301470312,-0.0011174532334582848,0.0,-0.0007698556080838508,-0.0002121890486763583,0.00021210735828978446,-0.0009136918845594186,0.0002967419563474715,-0.0005488182804633524,0.0007737565629916377,-0.0006103993802092889,0.011029326391738953,-0.0009606209688099778,-0.0003151061452057313,-0.0005813819972344518,-0.00011709190596938264,-0.00035095839811010116,-0.00107894031787143,-0.004579231671741928,-0.0005488854999673272,0.0017316609839707164,-0.0013402962191380176,-0.0005827613542719619,-0.0010725681870964049,-0.002115653293823493,-0.0009883793715163673,0.0018610109009584712,0.0007334568972815033,0.001768414816675027,-0.003422863501451593,-0.007438890554930604,0.004035338566400015,-0.00023287749660291906,-0.0031445954946212632,-0.000890034994669023,0.0010654412845306055,-0.0026053571846729605,0.0,-9.238398016691988e-05,0.0,0.0,0.0,0.0,0.0,0.0,0.0,0.0,-0.0004963174140726721
2022-06-08,5.3293168261408705e-05,0.0014029181285023784,0.00011552422636304391,-0.0001929941091418349,-0.0008670766654219925,0.0009237523318605779,-0.0011845121607869762,0.0012472722894430613,0.0013129270628431256,-0.0014671542416722799,-0.006073925088208062,-0.010811989934273732,0.0002338288714242323,-0.04666258391193065,-0.0012510934493053295,-0.004239480951204622,-0.00031688181415306883,-0.0056027584449725954,0.0008357909070039257,-0.01405801017913392,0.0005367662205879684,0.0005551525395670733,-0.0020812555950686226,7.754937228709621e-05,-3.395849293109348e-05,-0.00012220037746933253,-0.00037632936152458236,-1.644579331835864e-05,0.000758598218479902,4.840966761725254e-05,-0.0006408803414027362,0.005249861176559595,0.002886113961006445,0.003649153070405362,-0.001218460732570855,-0.00021392040512690935,0.0026684275318899775,-0.0003209294827579649,0.00038427331498376674,-2.5769921978592e-05,-0.000509884812334355,-0.001334315146056337,0.0065895811640495905,0.00027835210438151585,4.9643056277451705e-05,-0.00023908903994328148,-0.0008006082385714102,-0.0036361360249076336,-0.0004875442007390151,-0.0032316054045539275,0.0013453630187835477,8.771169286820183e-05,0.0004182053092375181,-0.0028366888251666602,-0.00043945006534395364,0.0004601507572516175,0.0002952593790131298,0.0018910889810580325,0.0008611230881697575,-0.0002240867058452154,-0.0012234450056131181,-9.740159275710392e-05,-0.0007470288926420205,-0.0011174532334582848,0.0,-0.0007698556080838508,-0.0009711879506776673,0.0010193870939147248,-0.0009136918845594186,0.0020794637980199515,-0.000814887376422855,0.0008148408807607285,-0.0005297546028249489,0.011621765479002875,-0.001235106581985909,-0.0003151061452057313,-0.0004643837527519988,-0.00011709190596938264,4.950826574600363e-05,-0.00107894031787143,-0.004070377039447879,-0.0005488854999673272,0.0017316609839707164,-0.0005627241207241091,-0.00016341674852555046,-0.000820129167688402,-0.001534067271997072,-0.0012691897594274955,0.0018610109009584712,0.0007398250884828123,0.001768414816675027,-0.0034038252398796167,-0.00729400545145877,0.004035338566400015,-0.00023287749660291906,-0.0016688721411517607,-0.000890034994669023,0.0021299048424641095,-0.0026303785102229967,0.0,-8.714915791728575e-05,0.0,0.0,0.0,0.0,0.0,0.0,0.0,0.0,-0.0004963174140726721
2022-06-15,-0.00020075210648626008,-0.0034990291209084376,-2.7240474287835707e-05,-0.0005867762695624086,-0.0014488081674936852,0.0009965278415063963,0.0006195360643317309,-0.001190271362550711,-0.0005246830668602548,-0.0015209285176905943,-0.005826896437924784,-0.01124003552969458,-0.0004741789017415675,-0.04972892719580757,-0.002888035204491365,-0.004694572116628181,-0.001488073657763013,-0.005525902289853124,-0.0011220187229056765,-0.015471327238560019,-0.0005690262180957601,-0.0005613389436696839,-0.002804971598123427,-0.0003107192418515523,0.0002445220927794178,0.000991722066650415,0.00010028154597819545,-2.5147146287156435e-05,0.00010331066284181999,5.512946839468443e-05,-6.737151184200924e-05,0.004756697609942672,0.002943627602635162,0.003121103725885482,-0.0013856821308400986,0.00047328364801986283,0.0027227724661758965,-0.00035305089965542025,0.0005493787459360594,-1.8950185046300196e-05,-0.0008480674655472327,-0.0018484670860912677,0.006657462598327841,0.0003748321786411097,-0.0001387412991973395,-5.878987214908198e-05,-0.0008987692933883988,-0.003998047721201235,-0.000598284166868126,-0.0032316054045539275,0.0014332540565942058,-4.79000406893944e-05,-0.0002206903003048338,-0.0024989275796227293,0.00016775261337859522,0.0005287093690555209,-0.00032180524019700263,0.0013334545244887376,0.0005298731809370606,-0.0004735956649924656,-0.0004814646732615988,-0.0004805930056486404,-0.002727197304722353,-0.00032253887758150387,0.0,0.00019826834656022925,-0.00019701668621935987,-0.0008474240084609384,4.352996513853026e-05,-0.0004972838606870476,-0.0007885362237504856,0.0002792961534870456,-0.0007479731917318727,0.009705306460241037,-0.0008674134765711722,-0.0003151061452057313,-0.0004643837527519988,0.00019625243294744016,-0.00013931585569209177,-0.0006799588726265459,-0.004196716447853911,-0.0005331241173058934,0.0017316609839707164,0.0008708711206273079,0.0018234937679342178,0.00451331857721708,0.0026970861154284654,-0.0006004148321006616,0.0012121904062156776,0.0007334568972815033,0.0019435196994182639,-0.003666182264319917,-0.007326425496329575,0.004601454550145822,-0.00021874696434792548,-0.0032917357424719074,-0.0006776383595489854,0.00033175945058151854,0.0017679421614034503,0.0,-9.238398016691988e-05,0.0,0.0,0.0,0.0,0.0,0.0,0.0,0.0,-0.0004963174140726721
2022-06-22,5.3293168261408705e-05,-0.0034990291209084376,-2.054461744835217e-05,-0.00042772560125811405,-0.0010777710576780487,0.0007205649546361917,-0.0012742065863589687,-0.0015321119394175425,-0.00046960466171413887,-0.0015209285176905943,-0.005826896437924784,-0.010457636213056625,0.0002338288714242323,-0.04938461387105788,-0.0033917787203574692,-0.004984140641384315,-0.0003453418591220025,-0.005487513950420676,0.00031430173540390467,-0.016518614062744533,-0.0005001572080430942,-0.000385705398822608,-0.002250042234389028,0.0002051758751114738,-0.00014214574767603086,-0.00020359661298300903,0.0001165362213792657,-1.644579331835864e-05,0.00015405039384588595,0.00010851385874158978,-0.007220553860420636,0.004925003013770036,0.002943627602635162,0.0034757241753745585,-0.0015044530770374493,3.29576260560467e-06,0.002577592169582312,-0.00023227448173921358,0.00038386903855036083,-1.8950185046300196e-05,-0.0008110761575862039,-0.002100481180767174,0.006400534635059575,0.00036094891485434293,9.206439338888317e-05,-9.641009383511244e-05,-0.0008589941478389846,-0.0040175465723192106,-0.0005019104512789948,-0.002409706376392892,0.0014332540565942058,-6.480006878060608e-05,-0.000525854886100474,-0.0023822187913676595,0.00011520978435231038,0.0005287093690555209,-0.00032180524019700263,0.0013334545244887376,-0.0008493191738735178,-0.0004735956649924656,-0.0004814646732615988,-0.0004805930056486404,-0.0027501855148719676,-0.0005056725966910132,0.0,0.00019826834656022925,0.0006842597161150442,0.0004593183360203668,-0.0011480347591219869,-0.0003179468506867418,-0.0005921140038471439,-9.727854081649283e-05,-0.0008011835269243874,0.010230470825770183,-0.0009079450045389475,-0.0003151061452057313,-0.0004643837527519988,0.00019625243294744016,0.00015453951032313285,-0.0011187598293353844,-0.00402637211215206,-0.0011955740387192566,0.00150514165320795,-0.0004254381992787555,0.0022428383736806294,0.00674704764546878,0.00044934336414205803,-0.0012621055453967858,0.002103974182258839,0.0007334568972815033,0.0019435196994182639,-0.0039027617819462363,-0.007480210923779919,0.0035097892075888412,-0.0001685975421797318,-0.0020746276986015606,-0.0006776383595489854,0.0007412876970871229,0.0020593431996102436,0.0,-9.238398016691988e-05,0.0,0.0,0.0,0.0,0.0,0.0,0.0,0.0,-0.0004963174140726721
2022-06-29,4.964329175610602e-05,0.0018392965086001178,0.0001393062931880719,-0.00031363050794788543,-0.0010777710576780487,0.00028897751758929905,0.0006436935390976848,-0.001482561428749328,-0.00046960466171413887,-0.0016103340886865426,-0.005826896437924784,-0.011689304964956335,0.0002338288714242323,-0.04836519530776221,0.00420150662404991,-0.004958885653375405,0.001103445524218465,-0.00512014191165985,0.0013785278991855785,-0.015117600278777168,0.0009978046727554025,-0.0011681316197890766,-0.002172296220703729,7.754937228709621e-05,-0.00014214574767603086,-9.462360046935012e-05,0.0001165362213792657,-1.644579331835864e-05,0.0001652278798329677,0.00011769141687754873,-0.006078323442254074,0.004723676020313876,0.0029619777049695022,0.0025903512333270225,-0.0015156011740708863,3.29576260560467e-06,0.0027182307844467036,-0.00023227448173921358,0.0006952281242624632,-4.439674920596665e-05,3.354065319477834e-05,-0.0006036091196597414,0.005711666259245574,0.00048555328773825944,9.206439338888317e-05,-0.00021028806142443015,-0.0008882584435464404,-0.005143117283470793,-0.00047584484974734026,-0.0032316054045539275,0.0013453630187835477,-5.936786257714966e-05,0.00010136957664988298,-0.00216165959181329,0.00011520978435231038,0.0004182638269358945,-0.000757758932366646,0.001488752475023201,-0.0010501738307159467,-0.0002240867058452154,-0.0004814646732615988,-0.0006344675427983006,-0.0033602650858046866,-0.0005056725966910132,0.0,0.0003974662034692375,0.0002163939045221547,0.0009748674882022318,-0.0013576065900801628,-0.001057498035563849,-0.0010877141870077008,-0.0001191446605156573,-0.0007090921017619801,0.0013412960779715889,-0.001099105652580927,-0.0003151061452057313,-0.0004643837527519988,0.00019625243294744016,0.0002786985144499468,-0.0009485711472387924,-0.003953929336109052,-0.0005488854999673272,0.0017316609839707164,-0.001131954018659675,-0.00016341674852555046,0.005799273687360407,0.003921312498732948,-7.169196977535553e-05,0.0016742682168378897,0.0021317866263901274,0.0019435196994182639,0.0037944707663936255,-0.007190470111345668,0.004319755379583303,-0.00033004296447852814,-0.0021935539810284295,-0.0006735646526134721,0.0011551309515889815,0.002836167655779215,0.0,-8.714915791728575e-05,0.0,0.0,0.0,0.0,0.0,0.0,0.0,0.0,-0.0004963174140726721
2022-07-06,0.0008555645672291874,0.0034567987396559165,0.0001393062931880719,-0.00029955478106462893,-0.0010777710576780487,-0.0003753693246320487,-0.0011318221677175011,-0.0016577998219272246,-0.00037323843088028145,-0.0016661222717359652,-0.0063303298243068415,-0.011362955142935744,2.2035518727283914e-05,-0.049022959676101645,-0.004271024571688469,-0.005233765847213393,0.0014244534989598368,-0.004453683941250698,0.00074700556815924,-0.014087278626596356,-0.0007615383645094414,-0.0011681316197890766,0.0021817312106369655,-0.0003107192418515523,-0.00018427214486802738,0.00011577422974921376,0.00029795569205893016,-1.644579331835864e-05,-0.00010315271052855956,0.0001268723453550269,-0.006790270428357822,0.003852109659964753,0.002604243693887185,0.0028953669454836375,-0.0012602957457820065,0.00010898644822307635,0.002339255723320567,0.00025117821381836624,0.0006496480947579279,-0.0002472759206132886,-0.0030686612537920645,0.00030314838203533603,0.005305487826672681,0.0002248402315280101,-0.00027775297750709245,-0.00023717969482253497,-0.0010445129434584286,-0.004780992242359585,-9.8297642098932e-05,-0.002486780614291487,-0.0010553562230498012,9.684665204629712e-05,-0.004580647914310752,-0.0023350212711982354,0.00045480004160104704,0.0004182638269358945,-0.000757758932366646,0.001488752475023201,-0.0012414435134697034,-0.0002240867058452154,-0.0008252728160183324,-0.0006344675427983006,-0.004274902136920591,-0.0008989150442947032,0.0,-0.001021588104592062,-4.370907076784281e-05,0.001070514706865417,-0.0004275206045589417,-0.001374224383531046,-0.000998392944338058,-0.00030628637044849156,-0.0004908735128550566,0.0022959541705853946,0.0007353279265858998,-0.0003151061452057313,-0.00011870367987053894,-0.00011709190596938264,0.00014385317174729636,-0.0007874556626443608,-0.006484886522500581,-0.0005488854999673272,0.001112824680760677,-0.002365067160829488,-0.0004405835589775905,-0.0009210035721233735,0.003550003573957918,-0.0010359915528110213,0.0004403975776230695,0.0025379300480661087,0.0019022385326670612,0.0032250936701887652,-0.0066687965160194315,0.003891225509925631,-0.00028342928295411584,-0.0013174291042305677,-0.0006735646526134721,0.000750767640708143,0.0023777895707422342,0.0,-0.00011132093664571465,0.0,0.0,0.0,0.0,0.0,0.0,0.0,0.0,-0.0010567355956325047
2022-07-13,6.02693452312986e-05,0.0034567987396559165,0.0001393062931880719,-2.0827033448868305e-05,-0.0009973122178665922,-1.6557397230974253e-05,0.0008192318158519582,0.0011226246970195157,8.318117398161773e-05,-0.0013714287709564654,-0.006382637125670907,-0.011815073562632877,2.2035518727283914e-05,-0.047052393545336045,0.003938773476256466,-0.005213774616683314,0.00026861403045652833,-0.002011460735246352,0.0011037141445107773,-0.015378452178807064,0.0012994986375519531,-0.00024645991313294516,-0.0011422423592071255,-4.8105115371832165e-05,0.00010561750769734685,-0.0001975257508394317,0.00027383195123450234,-1.644579331835864e-05,-0.00023896010318839048,0.00012861717545879922,-0.0064473846734774375,0.003816963940202225,0.002604243693887185,0.002694470796180674,-0.0016064160354338347,0.00016456466628366636,0.0026129307544178674,0.00025117821381836624,0.0011891020242127265,-0.0002472759206132886,-0.003876045639049203,-0.0007380640139685599,0.004916971752191222,0.0003494446044119266,1.4212544467882813e-05,-5.432298960889078e-05,-0.0008874825153560311,-0.0034176965080142036,-7.966409930992453e-05,-0.0013501947603126296,-0.0010553562230498012,0.00021792612609278206,-0.004080277086602512,-0.002387116780727639,0.0004421747399316858,0.0004182638269358945,-0.000757758932366646,0.001488752475023201,-0.001439606198541185,-0.0002240867058452154,-0.0008252728160183324,-0.0006344675427983006,-0.00466946838089238,-0.0008737831496169694,0.0,-0.00014332548016268053,-9.867788143790203e-05,0.000852050848102442,-0.00016733969408488664,0.000410226598847271,-0.001047674610068257,-0.0003214341846178743,-0.0004908735128550566,0.0022371055642394946,0.00104183176978587,-0.0003151061452057313,-0.00011870367987053894,-0.00011709190596938264,0.00025386668318346623,-0.0012104451023822586,-0.004520866670595707,-0.0005488854999673272,0.0010366476327151376,-0.001131954018659675,-0.0004405835589775905,-0.0009038323036696994,-0.0005474042939076596,-0.000621507056021003,0.0020500086166417193,0.0025379300480661087,0.002077343415410298,0.004040320882326029,-0.006386912532773461,0.0032822948384101684,-0.00018982587500099806,-0.0017538917896258554,-0.0006735646526134721,0.0011624917806796454,0.0029990084507539893,0.0,-2.883764437675192e-05,0.0,0.0,0.0,0.0,0.0,0.0,0.0,0.0,-0.0010567355956325047
2022-07-20,2.6470587304475786e-06,0.002463271616844982,0.0001393062931880719,-0.0003660481382824871,-0.0009504213683300566,-0.00026567332135929157,0.0005308664045923019,0.0005142365721666836,-0.0006188201074167502,-0.0013636803565795002,-0.0014935022504415922,-0.00904604045089383,2.2035518727283914e-05,-0.048255905681252126,-0.0036545827937090086,-0.005218754360187339,0.00026603898780203615,-0.0006401655193640051,0.0011819324851694171,-0.012944019111193226,0.0012994986375519531,-0.0002825682388909746,0.0024646049533869896,0.0002051758751114738,-5.2988386088469004e-05,0.0006899695568359581,0.0002811927982683922,-2.5147146287156435e-05,-6.315957717846043e-05,0.00015923572619161813,-0.005821581720367921,0.0030253675218192204,0.002604243693887185,0.003840739105988244,-0.0013003495619093308,0.0007577449262382714,-0.00011979662833046484,0.0003573665931346705,0.0011610397778564507,-0.0002472759206132886,-0.0035404022043534133,-0.0007521771335659516,0.005085740826907544,0.00047293596144025246,0.0001532242227776358,-0.0007424775931906129,-0.0010681379786085933,-0.003828876441459799,-9.8297642098932e-05,-0.0013501947603126296,-0.0010553562230498012,0.00021792612609278206,-0.004004033398753771,-0.0023350212711982354,0.0004339849456520277,0.0004182638269358945,-0.00014069431315651362,0.0015485457735916692,-0.0005871482741172827,-0.0005498174898489259,-0.0009284241177953751,-0.0004429135548400593,-0.005675364135590862,-0.0008399165953547227,0.0,-0.001021588104592062,-9.867788143790203e-05,-0.0007962270656262985,-0.00016104556185130107,0.0006789487070739869,-0.000801970724434716,-6.440767112224031e-05,-0.0004908735128550566,0.0014326852702122612,0.0007353279265858998,-0.0003151061452057313,-0.00011870367987053894,0.00019625243294744016,-0.00012264444442045228,-0.00012399790297872026,-0.00608086570638398,-0.0005488854999673272,2.3761623281480672e-05,-0.002365067160829488,-0.0005144609118007276,-0.0007076768328246721,-0.0017445069687845982,-0.000621507056021003,0.001848224729905563,0.0025379300480661087,0.0019022385326670612,0.004009077380877896,-0.005880184813966387,0.0040473290896779045,-0.00018982587500099806,-0.002279594959775564,-0.001096097758237644,0.0009555622844558686,0.0028677714067900256,0.0,-2.883764437675192e-05,0.0,0.0,0.0,0.0,0.0,0.0,0.0,0.0,-0.0010567355956325047
2022-07-27,0.00045728716056811096,0.0025811498479942387,-0.003155971322220322,0.0008187032722263244,-0.000350543322786372,0.0014101015978327499,-0.0002821099048380567,0.001566308604153883,-0.0004428159680510546,-0.0011274862752163673,-0.004185920485689881,0.0012170187785299229,3.71335031425867e-05,-0.03351404113053604,0.0075196022798637765,-0.0036496596919129132,0.0030198121321028592,0.0044686043167499025,0.0009625706503405076,-0.002448775844979427,0.0012488060511043864,-0.0007524390637972232,0.0025760849195757157,7.754937228709621e-05,0.00010561750769734685,0.0001802363614618243,0.0002811927982683922,-2.5147146287156435e-05,0.00035502149007044745,-0.0001402591437609141,-0.005391302601908685,0.004074125910746159,0.0014176687889737962,0.00393227932269941,-0.001947696359873302,0.00010288199732292483,-0.0003541756293892098,0.00040985904056647655,0.0011689441962473496,-0.0007905895461484858,-0.003921973404135409,5.9044773085251915e-05,0.005486367870035334,0.0005562504839931332,-6.876822093899377e-05,-0.0010098017609899992,-0.001549267429323422,-0.004101353705385992,-0.00015773149338572492,-0.000528295732151594,-0.00048650946101794646,0.00015036382424995647,-0.003352585642598244,-0.0020661780312453025,0.0004956251983137639,0.0004779092828511496,0.00016759436694667129,0.001567123791664416,-0.00016831669604356735,-0.000661914860368508,-0.0010102255101363611,-0.0004310268899630937,-0.004700480126480808,-0.0003663643829008501,0.0,-0.001021588104592062,-2.048036654021335e-05,-0.0001404472457072056,-0.00016104556185130107,-0.00047651520513099373,0.00037557320703343643,4.995541988993282e-05,-0.000371179642566431,0.002093715589432388,0.0010608901060414617,-0.00035733155923249236,0.0008091469944749137,0.00037056548993949533,0.0007022326819427218,-0.00014699315693171122,-0.0043265862900825885,-0.0006603515573180812,-0.0026144022811293334,0.00015027525219524782,-0.0005682225608403752,-0.0009465242002724375,0.00029293217344844195,-0.0008093682286915019,0.0019283022151868208,0.0025379300480661087,0.0026590643295797568,0.0037701924804614986,-0.004810378623542209,0.003164421046380119,-0.00013616048729864032,4.2747254889323395e-05,-0.001096097758237644,0.002734960609356132,0.001327108748470336,0.0,-2.883764437675192e-05,0.0,0.0,0.0,0.0,0.0,0.0,0.0,0.0,-0.0010567355956325047
2022-08-03,0.0003406825182163712,0.006495494875825733,-0.0020683335106327885,-0.0007792146608019217,0.0005931285222163229,-0.0006852690995293954,0.00018227233712267776,0.0008682947489381213,-0.00021953342911090664,0.0003652498647569594,-0.004572145566289236,0.0011570627092022904,2.2035518727283914e-05,0.03803071410234654,0.005865378456724918,0.0031411219150530197,0.000541343747005794,0.0046181913991568384,0.0007240283689605163,-0.002296182507147601,0.0008311272479439229,3.361254931052831e-05,0.0019008886042883263,7.754937228709621e-05,7.073659056001321e-05,-0.00011104001725205514,0.0004009578749929354,8.20347267973912e-05,-0.00048042288378549644,0.00032412434040801207,-0.0038985644930537755,0.002365515474967973,0.001591966591197952,0.0026908135318091503,-0.0020825541078512673,9.088681713738937e-05,0.0009993005718667398,8.416043312296832e-06,0.000646267220251983,-2.9440717386561155e-05,-0.0009611375555683847,-0.006673244261185638,0.006869869403589617,0.0007158885281534427,0.00015521325223762106,-0.0009843911874229897,-0.0027334170383155067,-0.003757075982562596,-0.0005265396888929399,-0.00022281236855427203,-0.0006925155762370551,0.001436581879567749,-0.0061267327713905645,-0.0021662825280533223,0.0003265272404280889,-2.4448197204916686e-06,-6.063781720628576e-06,0.002264389101330878,0.003110269431425926,-0.00030884535723263906,-0.0007582767541930535,5.318890861460629e-05,-0.003394304997138616,-0.0006124866793186379,0.0,-0.0004608906366465515,-2.048036654021335e-05,-0.0007213067724434997,-0.00029460005836146454,0.0012119838803457685,0.000546824652173377,0.0007796839016261611,0.000915381850979412,-0.001820647653374619,0.006734027943213995,-0.00035733155923249236,0.0015139966704464645,-0.0004911220844538141,-0.00035077380419914865,4.002983549163248e-05,0.0010646957418164666,0.00029886984233358233,-0.0017637841776755373,0.0019146268226740448,-0.000716367376236829,-0.0011177599397391607,-0.0017923278660743223,-0.0009788117880879027,0.0024629665236058206,0.0025379300480661087,0.0008980099232663991,-0.0041673019142814275,-0.003946074154020851,-1.6493922511172778e-05,-0.00013616048729864032,0.0009769177955877737,-0.001096097758237644,0.0023723513997203644,0.00239976632288956,0.0,-2.883764437675192e-05,0.0,0.0,0.0,0.0,0.0,0.0,0.0,0.0,-0.0009884454285336768
2022-08-10,-7.926107532197218e-05,0.0034987935010049086,-0.003155971322220322,1.5858414639072666e-06,0.0006799343224918469,-0.0006157560322455906,0.0005173916126219363,0.0011720880256232678,0.0011234303099396383,3.766390395709872e-05,-0.004275182916235368,0.0012971991070540036,-6.44230405263107e-06,0.015194435908741892,-0.003345376347233682,0.0005666983363889556,-0.0002894729323404317,0.0047351594944873305,0.0003146847675206929,-0.002533629208070786,-0.0006176629587479821,6.651303262467426e-05,0.003753372130195503,0.0002051758751114738,-3.059970439101765e-05,-0.00013306361912682115,0.0004009578749929354,-2.5147146287156435e-05,0.00043607676850899345,-5.975955400299827e-05,-0.00401291044550674,0.002882467958415774,0.0020158759129799224,0.0023143847717014346,-0.0018533988583779677,-0.00023458544749562556,0.00018868267334681436,-7.167332653444045e-05,0.0006754745727304921,-2.9440717386561155e-05,-0.0008554647209835657,-0.007370011816449144,0.00645681142708986,0.0005000976104796539,0.00024663398747098607,-0.0003231282172393727,-0.003383031968028777,-0.003538404445399186,-0.00016487141578422742,-0.00022281236855427203,-0.0012072934412534994,0.0015264613398536142,-0.004521209077625995,-0.001532313345259388,0.0003563758140274172,-2.4448197204916686e-06,-0.0007599802168840298,-0.0018146428726690794,0.0029290673026270467,6.088076110945156e-05,0.0008612444062683329,5.318890861460629e-05,-0.004369910863050046,-0.0005706583768771183,0.0,6.838411379542393e-05,-0.0008727814255445902,-0.0007213067724434997,-0.00029460005836146454,0.00026254334574324334,0.0006416423029929391,0.0010920161211035628,0.0007116192903378672,-0.0014022845955177128,0.006876692124851211,-0.00035733155923249236,0.0008785695939066187,-0.0004911220844538141,0.0007432302283852462,-0.00012399790297872026,0.00111666452001155,0.00032389747129924065,-0.001684323521207005,-0.0012311873275900925,0.0004380711460298678,-0.00124953366791733,-0.0016594290878055116,-0.000872767508524402,0.0024629665236058206,0.0025379300480661087,0.0019961888772698994,-0.004085997948936399,-0.005206001769752037,0.0010630542059290348,-0.00013616048729864032,0.0012088599907031034,-0.0006735646526134721,0.0023161399156030466,0.0011365789307488286,0.0,-0.00011132093664571465,0.0,0.0,0.0,0.0,0.0,0.0,0.0,0.0,-0.0009884454285336768
2022-08-17,-0.00027909515004743133,0.0015743883578131182,-0.002623142929540379,-0.000128410922610662,0.0003423747046035978,-0.0006061907207180579,-0.0005533039707733358,0.0011274094693885994,0.0011234303099396383,0.0005382746074329334,-0.004339685018135439,0.0012711538287072117,2.2035518727283914e-05,-0.0011581492262452682,-0.003456801281103654,-0.00030297688744203635,-0.0002894729323404317,0.00510168494035953,0.00016405632156229216,-0.0018801617988514075,-0.0006269459551661513,-0.0008036739937502577,0.0034936394390808023,0.0002051758751114738,-3.059970439101765e-05,-0.0001391344812703985,0.00024029096280682623,-2.5147146287156435e-05,8.674565122161e-05,0.00034441626412668103,-0.0047068894240685525,0.002411347202755648,0.002089375827171713,0.002015676452639877,-0.001846448541460073,-0.00041454796713120235,0.00016380963166508802,-0.00010717270947697559,0.0006754745727304921,0.0002174646697762006,-0.0007988811471437319,-0.006663788575929435,0.006792604649422559,0.00048450212223853363,0.00024663398747098607,-0.0003231282172393727,-0.002696613270820443,-0.004553246340126214,-0.00016487141578422742,-0.0005928988143635356,-0.0012072934412534994,0.0010794958950068926,-0.004367988036985769,-0.0012975509069873257,0.0007871339504412296,-2.4448197204916686e-06,-0.0007599802168840298,-0.0018567234156688052,0.0027507111932244628,6.088076110945156e-05,0.0012050525490250666,5.318890861460629e-05,-0.0035961922269988436,-0.0002924718679451124,0.0,-0.0004608906366465515,-9.867788143790203e-05,-0.0006388272043141089,0.001917831126484968,-4.3867880320521075e-05,0.0006416423029929391,0.001362870790931,2.0243918725380155e-05,-0.0010767706477029146,0.0062276974433628195,-0.00035733155923249236,0.0007431078741741718,-0.0003964282397945276,0.0008047340269731172,8.38785871268901e-05,0.0007552307439008643,0.00029886984233358233,-0.001866164336538092,0.002670122093245261,0.00025785121085315635,0.008543929515002604,-0.0005773524755088667,-0.000872767508524402,0.004489886711724761,0.0025379300480661087,0.0023098799731381065,-0.004223725761922369,-0.004881990181863844,0.0016523009056085682,-0.00013616048729864032,0.00015656523986108076,-0.0003546964679022346,0.002172402218688381,0.0011365789307488286,0.0,-0.00011132093664571465,0.0,0.0,0.0,0.0,0.0,0.0,0.0,0.0,-0.0010315512170983702
2022-08-24,0.00045728716056811096,0.0029583294890168123,-0.0009552563280133152,-0.000909211424876491,0.00020863533953695176,-0.0006852690995293954,-0.0007117674383648596,-0.0015678576479603227,-0.0004697476749073075,-0.0004953053956237345,-0.004358080561931237,0.001237668629323123,0.00024725176300055063,0.032605805302797275,0.0030746722386441067,0.0031352862603482683,0.002564440700561156,0.004357263846944948,0.0006692799143174127,0.0016924995435612464,0.0008109845439032482,-0.0008365744770644038,0.0046058796300104485,7.754937228709621e-05,7.073659056001321e-05,-0.00013306361912682115,0.0004257640668686991,-2.5147146287156435e-05,0.00043607676850899345,0.00021901036747409833,-0.003247055445466417,0.002374145114418602,0.0013505762910747956,0.0030892317593409074,-0.001297189542279221,-0.0007979911913933546,0.0003134272254873659,-0.0001679157196183471,0.000646267220251983,0.00015657550445777357,-0.0009611375555683847,-0.006598419411314545,0.006431218516567171,0.0004805953238141287,-0.00010928151326366594,-0.00039088357682151375,-0.003253850802179896,-0.004391275519688915,-0.00014623787299521994,-1.0986167610904586e-05,-0.0006925155762370551,0.0013823030358360111,-0.00650247806055635,-0.0021509119886311662,0.0003265272404280889,-2.4448197204916686e-06,-0.0007599802168840298,-0.0018567234156688052,0.0033673648888057654,6.088076110945156e-05,0.0008612444062683329,0.00032214668545045143,-0.002438083299617478,-0.0004980921660946991,0.0,0.00013543299007629832,0.00018271031399071488,-0.0005867790577139837,0.0023275630535914142,0.00015523553889495734,0.00037557320703343643,0.0010224245885270037,0.0004210092784884054,-0.001320897603011047,0.006266313867874988,-0.00035733155923249236,0.0004807435398499826,0.00037056548993949533,0.0007919513364742393,-0.00014699315693171122,0.00010658900300308199,0.00032389747129924065,-0.0026939175065805155,-4.418338442172345e-05,0.0010934711263244415,0.0012493632508912978,-0.0018973165955908308,-0.0009082088533105383,0.003282226960362273,0.0025379300480661087,-0.0007998342617079998,-0.004310330108527742,-0.0042886800163381795,-1.9498848496933747e-05,7.566905742817551e-06,0.0012577280379162505,-0.0003546964679022346,0.0023666410976263194,0.0016488051629249107,0.0,-2.883764437675192e-05,0.0,0.0,0.0,0.0,0.0,0.0,0.0,0.0,-0.0009884454285336768
2022-08-31,0.0010072468266335206,0.0027427425695955997,-0.0005588324949007719,0.0005236837555027783,0.0002766974916916983,0.0009667398152021661,0.0005987821868200761,-0.0028302443290958252,-0.0007157459318735056,0.0008757412453744714,-0.004739412872211189,0.004132450999148534,8.432688648580332e-05,-0.0026889947994969405,-0.003390300592358587,0.010719391715857405,0.0019130673143536426,0.0046258529501273715,0.0010678786250240889,0.03009789815743331,0.0013673608071576584,-2.518291974169704e-05,0.0036994475669019367,-0.0003107192418515523,0.00024637975915324777,0.0005303771106989034,0.000521035592532394,-2.5147146287156435e-05,9.11195114887677e-05,0.0003004293878614983,-0.0019547671080894324,0.001865087674708013,0.00215002598098415,0.0029492824782332643,-0.0015355294393710897,-0.0016898182395203368,0.0001576434533640904,-0.00021583513245234347,0.0008327430197534449,0.0002174646697762006,-0.0007406267286699127,-0.0032490388889629346,0.006299659327169202,0.0006220564494935697,-0.00010928151326366594,-0.00039088357682151375,-0.0031001264572577073,-0.002575098570157812,-6.848865184198407e-05,-0.0002692600657601678,-0.0005040930026887545,0.0005400666199658099,-0.0037865758461366724,-0.0011475538013767527,0.0012384063433630117,0.00029449604751039443,-0.0002904054999658981,0.003579560317201509,0.0027480192214535152,0.0014897003870535503,0.0012050525490250666,0.0003592920544233793,-0.0008622687196018477,-0.0004519350604816375,0.0,-0.0004608906366465515,-8.101591676020383e-05,0.0006395271327731337,0.0009740555999915979,-0.002080152738627793,8.558729065881251e-05,0.0004962156086940688,2.0243918725380155e-05,-0.001023569886078638,0.005431091537800831,-0.0003530369982376083,0.001322249438782268,-0.0004911220844538141,0.0002673423920015639,-0.00012399790297872026,0.0016091784175924979,0.00029886984233358233,-0.0015752187949611357,0.0036981061870204803,0.0006593060883804765,0.010049732159778444,0.005673799722198384,0.0005783630251062871,0.0013277423957223974,0.0033776666593880855,0.001908408978422495,0.005076055609519986,-0.003822216352377061,0.0009284390712201037,1.012490787554852e-05,0.0006399851877318965,-0.0006735646526134721,0.002464831444945104,0.0011137116374506863,0.0,-2.883764437675192e-05,0.0,0.0,0.0,0.0,0.0,0.0,0.0,0.0,-0.0010315512170983702
2022-09-07,0.0002547601515039814,0.0025236250295520126,0.000631620411348248,0.0010945548471547706,0.00024835315164548684,0.0008823916564046918,0.0004018874513652183,0.00046256729344802477,0.0005621400646547167,0.0008412053798995754,-0.004192608631216303,0.004436582262642255,0.00024725176300055063,0.05312682779557322,0.007741384864954651,0.02078260386629668,0.0018407308095947025,0.004835557568841694,0.0009670345619788497,0.033817064634374,0.0012588750581262514,5.9485279849560426e-05,0.0027608449234446117,7.754937228709621e-05,0.00024637975915324777,0.00038712972226131255,-0.0004982945694826318,2.3025280612688275e-05,-0.00047563613559510197,-0.0001519351807140887,-0.0037966862141022547,0.003234796150569458,0.002174161390630521,0.001998748853496253,-0.0009755674363804426,0.0003720725389547804,0.00044035778857879135,-0.0002718889775970747,0.00013163241966524734,-0.0005207346125657626,0.0005749943845613509,-0.0002764047345344398,-0.0177920009934889,0.0005636702076325948,-0.0003213579861157707,-0.001641442149722397,-0.003600666737870491,-0.004232539676426931,-0.00011986061549566364,7.499872401232324e-05,-0.0009962480853618859,-0.0005070774434918888,0.0035405133935665556,-0.0021857125534864613,0.0002538083750375204,0.00029449604751039443,-0.00016677398155251965,0.0008506960166820394,-0.0006726339247283105,0.0016539623864388546,0.0011758994673424703,-3.228282620122691e-05,-0.0015140058444154001,0.00010559490477444847,0.0,0.00013543299007629832,-0.0005086194224876092,9.710343022945592e-06,0.00014735917547655712,-0.0005608217720483276,0.0006985481358136607,0.00029983308665331457,-0.0008934056334425081,-0.002198317906997197,0.0030354295949616365,-0.0004937329096121215,0.00012358767343489567,0.00037056548993949533,0.0008770555202625388,4.4957566996039404e-05,-0.0011467429009348678,0.0004793038508192492,-0.001542541739812435,0.0011951535615260349,0.0014003035430411503,0.006964576055341345,0.0034512991586547245,0.00017219360820369927,0.0013929208047754609,0.0021419410523620614,0.0012410761950177062,0.003425973229636602,-0.003272473003734943,-0.0008921877185060933,0.00019161470402263587,0.0015432579352812408,-0.0006626057059537397,0.0017251707839587187,0.0008598597156767076,0.0,-5.032347105253337e-07,0.0,0.0,0.0,0.0,0.0,0.0,0.0,0.0,-0.00040402177282221254
2022-09-14,-0.00016595597395475804,0.0014397269743143975,-0.0005717314367651989,0.000809239513650241,0.0003694836938359066,-0.00015537774239964133,9.217635536697113e-05,-0.001647207053324169,-0.0009030324212171894,0.0006034094834425677,-0.0043506943792748515,0.001391833523583204,-0.0007913171375500102,0.03750753233005288,-0.0038275421916128287,0.02193665836714853,-0.001547725659443559,0.004509462142777307,-0.001160401123707736,0.03191868490032852,-0.0008247510877936821,-9.450989718248008e-05,0.0024749766087162773,0.0002051758751114738,0.00024637975915324777,0.0005352441768736576,0.0003814056043804075,2.3025280612688275e-05,0.00022309327629682263,-0.00013040002163223455,-0.00403362215869446,0.0019117732067025998,0.0018732906508890142,0.002565827862512555,-0.0009066225670828755,0.0008538832013898239,0.00016193244614732307,-0.0002718889775970747,0.00010300284729510004,-0.0005207346125657626,-6.095371930832197e-05,-0.0006833356363280031,-0.019352621096221666,0.0004731873263809998,-0.00033306038325501934,-0.001641442149722397,-0.0035942552395309673,-0.004097670869756386,-0.0001460481730089874,7.499872401232324e-05,-0.0015833204952549068,-0.0006972659474600501,0.0025103870601891156,-0.0015256238913345073,-1.5443615932236862e-05,0.00029449604751039443,-0.000760774983478501,0.0008506960166820394,0.0012233888839533569,6.088076110945156e-05,0.0011030845878399534,-0.0009166363977073349,-0.0025850367733446455,-0.0005212510646965287,0.0,0.00013543299007629832,0.00018557576081370446,0.00015539065754865053,0.00038147989413017804,-0.0008367799106246919,0.0009646172317731635,0.0005007042252096045,-0.0009190696583300896,-0.002314692895962387,0.003958883227546433,-0.0004937329096121215,0.00012358767343489567,-0.0004911220844538141,0.0012342210004444277,0.0006494327685727546,0.0006275962816816986,0.0003522120526242544,-0.000881314020078292,0.0005718034186016292,0.00028915096926924365,0.007523625482054138,0.004039398794867187,-0.0003565292541216067,0.0017211929596705614,0.0021419410523620614,-0.0007366772049422455,0.0033712816546489824,-0.004020793060327886,-0.0010344327918905452,3.1061415607414985e-05,0.00020313626666241494,-0.0008034640941053095,0.0019102669409090355,0.0012893863606819956,0.0,-0.00011132093664571465,0.0,0.0,0.0,0.0,0.0,0.0,0.0,0.0,-0.00040402177282221254
2022-09-21,-0.00027909515004743133,-0.005034167294388272,0.00010664103272693592,0.0008418588714960624,0.00014550936265608,-0.00015537774239964133,-0.00015355570022399472,-0.0018796617628936156,-0.0001243030883710348,0.001028857033902188,-0.0043506943792748515,0.0013607679595422644,0.00024725176300055063,0.037677257747198364,-0.004333088206969543,0.02269034662920008,0.0004224422238265399,0.004395885711828598,-9.524285251886149e-05,0.030553318917608367,-0.0005142422943254486,0.00030010879952828987,0.0020182235030323428,-0.0003107192418515523,-0.00014028808130220083,0.0005303771106989034,0.0003814056043804075,2.3025280612688275e-05,0.00046736952189404407,-0.0001221786045259374,-0.0022043112154357856,0.0025423838440981456,0.0017051131893370407,0.0025634550767677827,0.0026640019093319366,0.0014700167927295129,0.002436054664372556,-0.0002718889775970747,-6.089294845183999e-05,-0.0006730914374025327,0.0005715931815480854,-0.001524390051684138,-0.018873907323270524,0.000671812072539622,-0.00033306038325501934,-0.001297742734316359,-0.003597554480254456,-0.0038840156480698905,-0.0001460481730089874,7.499872401232324e-05,-0.0014588828845216691,-0.0005959789339812356,0.001877446207715986,-0.0014785687683143574,-6.798644495852168e-05,0.000581791365014882,-0.00021998319222625318,0.0008506960166820394,0.0016102875801392636,0.0014897003870535503,0.0016236115494251782,-0.0008292375144427564,-0.004084106643027475,-0.0004520654199253942,0.0,0.00013543299007629832,1.7422937155297304e-05,0.0005871424618294186,-0.0007677543676877714,-0.001078628310559498,-0.00033199839823869063,0.00019944430773837624,-0.0008328352569899319,-0.002163306801528658,0.003902253722096945,-0.0004937329096121215,0.00012358767343489567,0.00037056548993949533,0.0008770555202625388,-6.0103537188999924e-05,0.0014124778081249358,-1.3297237099522366e-05,-3.141669361802102e-05,0.002128191608188436,0.0011987420324006182,0.008122437325338901,0.003819944781718117,-0.0003565292541216067,-0.0002568298717702501,0.0021419410523620614,-0.0007366772049422455,0.0037554048915339655,-0.0037626906860339245,-0.0011176741035816703,6.270069595190592e-05,-0.0009866567651926896,-0.00045083803677220465,0.0021128656911908635,0.0017142854420294687,0.0,-9.238398016691988e-05,0.0,0.0,0.0,0.0,0.0,0.0,0.0,0.0,-0.00040402177282221254
2022-09-28,-7.926107532197218e-05,-0.001603446550217435,0.00011858371915129755,0.0008418588714960624,0.00016468574446484025,-9.550728254757497e-05,0.000675961712471495,-0.0013230147055286012,0.00041114444527073153,0.00036992695167647457,-0.0043506943792748515,0.0011538113185611933,0.00024725176300055063,0.036712179687981135,-0.004044470121803426,0.022625884654167656,-0.0009266060769995884,0.004412543074861295,5.538559343953926e-05,0.026957693442191455,-0.0005142422943254486,0.00033341666611527644,0.0007631950452314834,0.0002051758751114738,0.00024306759217987466,0.00020781313846180671,0.0003286098191261442,2.3025280612688275e-05,-0.000701673046310252,-0.00018124970580921993,-0.0038567217610012963,0.002225022868918942,0.0018259539999083887,0.0022143865246001832,0.0026640019093319366,0.0007070204084770784,0.0022824310862572653,-0.0002718889775970747,9.677977500451879e-05,-0.0005207346125657626,-3.0266724289064473e-05,-0.0013641752962225526,-0.019089403900666508,0.0005042605067142027,-0.00017451163971079925,-0.0013050052214357035,-0.0036764340551958385,-0.003752648795216325,-0.0002626367965793858,7.499872401232324e-05,-0.0014588828845216691,-0.0006972659474600501,0.0015364682525528016,-0.0017240318171665024,-1.5443615932236862e-05,0.00029449604751039443,-0.00021998319222625318,0.000693727495883743,0.001220696912182409,0.0014897003870535503,0.0016236115494251782,-0.0002829880461932416,-0.003991109958657996,-0.0001813998957399573,0.0,0.00013543299007629832,0.00020271610860662028,0.0008974666135111444,-0.0006286798021727131,-0.00035000955518535144,-0.0001638122938162857,0.0002213104274375406,-0.0008328352569899319,-0.002302308309568787,0.00393412504696058,-0.0004937329096121215,0.00012358767343489567,0.00037056548993949533,0.0012342210004444277,-6.0103537188999924e-05,-0.000543699504942469,-0.00014038903529451708,0.00013413469071091492,0.0025909478365054913,0.0011987420324006182,0.007523625482054138,0.004059795444388264,-0.0003565292541216067,0.000635390341761548,0.00010253831653862116,-0.0007366772049422455,-0.003209703593970136,-0.003750904651308459,-0.001021843353959866,-1.0870589172713644e-05,0.00033301693046011336,-0.00030997964862063474,0.001909102528901233,0.0018213052431297753,0.0,-9.238398016691988e-05,0.0,0.0,0.0,0.0,0.0,0.0,0.0,0.0,-0.00040402177282221254
2022-10-05,-2.163878882112116e-05,0.0015611608162249668,-0.00028507034940358295,0.001511372177176031,2.9217000526689317e-07,0.00021961653216590832,0.0006114553409451931,-0.0014109806755896195,0.0006380398521036967,0.0013948892814048385,-0.004117029843869795,0.0012568084082297509,8.432688648580332e-05,0.05687062839968316,0.006064945099842474,0.021153128554247305,-0.0007801736155077419,0.005167588189786045,0.000886182201033298,0.032304833606663357,0.0014391920695127165,0.0007068405466420279,-0.00011235994591124309,7.754937228709621e-05,0.00024306759217987466,0.0001802363614618243,0.00033507660540926733,2.3025280612688275e-05,0.00034811939343804216,-0.000202981716551392,-0.0022636608035016925,0.003917279184436274,0.0023895913972800365,0.0026993829280471757,0.0028614787085487286,0.0013655693953210017,0.0019304491351894264,-0.0002718889775970747,0.0005213839340413427,0.00019206528124813546,0.002237570111853911,0.0009102817871580089,0.006621437393760848,-0.0011018033218470021,-0.0007174881879295038,-0.0012874293722291675,-0.002806981199185483,-0.003488280697569268,-0.0004890030865039347,0.0006605013063592567,-0.0015467739223323273,-6.876344018210815e-05,0.0007235484179952071,0.001892929350020536,9.723902472669561e-05,0.00041819878529189265,8.56777589817224e-05,-0.0005760761962050297,-0.00013747867763511888,4.5857440048719094e-05,0.0023228242665890844,0.0007201930444899568,-0.0033107079396688466,-2.1726333514106538e-05,0.0,-0.0002938782340769796,0.00012549718287407414,0.0007558185022127906,-3.8144436068085944e-05,-0.00029343146234717376,-0.0005669207520764279,-0.00012894193503135392,-0.0006205307627705719,0.011721894956170395,0.003763328004403393,-0.0003134523588219755,0.0022534198505707015,0.00030576713446892046,-0.0002577256873963549,0.0002689554461289123,-0.0024839050978736166,0.00032389747129924065,0.00029613221194402565,0.00012692705646311623,-0.001477412715505953,-0.000689976377570985,0.0011785243939471954,-0.0004906605388727777,-0.0008926178995661388,-0.00036217277431608577,0.0004234061023370796,-0.0026278566077174654,-0.0018280091944050754,0.0021395192045144994,-3.198169892571611e-05,-0.0005526410400635773,-0.0007197201589478456,-0.0007709166680642092,0.0013359272018767816,0.0,3.776314059391726e-06,0.0,0.0,0.0,0.0,0.0,0.0,0.0,0.0,-0.00040402177282221254
2022-10-12,-0.00016595597395475804,-0.005573961656346734,-0.00020117293472881616,0.00032256585818171354,7.842409959991282e-05,-0.00031866715369412515,0.00026946494380708584,-0.0014890768179456994,0.000615389533734944,0.0013424604663188015,-0.004033945635396947,0.0012617263546086447,-0.0007913171375500102,0.04035277508783263,-0.0035912566546316247,0.020667837924780004,-0.0006544397437320146,0.005766766154548478,-0.0017553351119668245,0.030304190830650453,-0.0008917481735372383,0.001425997630720075,0.00032913784479938086,4.016697315842152e-06,-0.00014028808130220083,-0.000128196552952067,0.00034697574764525714,2.3025280612688275e-05,0.00042559398391310696,-0.00017046521295603555,-0.0024260357403991847,0.0029060661923446976,0.0016812474380968041,0.003641738915306055,0.0034223504179393687,0.0012965139582324875,0.001850448153546712,-0.0002718889775970747,0.00036993428287556513,0.00019206528124813546,0.0022345143485938733,0.0009620020183607323,0.006365646206140372,-0.0010946276610846054,-0.0007174881879295038,-0.0015592717469549448,-0.002791667672322449,-0.003952830099124436,-0.00039233723457065905,0.0006605013063592567,-0.0015467739223323273,0.00033208356249689796,0.0008033121215252689,0.0007099570386975379,-0.00014525326075986655,-0.000103863029374816,8.56777589817224e-05,-0.0005760761962050297,-0.00026473693838755143,-0.00030884535723263906,0.0023228242665890844,0.0007201930444899568,-0.004818955588564179,-2.1726333514106538e-05,0.0,0.00045917304609226743,0.0006338775778392825,0.0006689104201936653,0.00021258027806878181,-0.00040323683024238706,-0.00020753628689970918,-0.00014079731488858977,-0.0006461947876581532,0.011968395329307994,0.0035137417060965817,-0.0003134523588219755,0.0012307710864132237,-0.00045826189791039703,-0.0004993540492522542,-0.00010889636775764322,-0.0028258594683544937,-0.00016870361661953085,-8.811122573039676e-05,-0.0011189484920379584,-0.001122681040565133,-0.0009188459678785209,0.0014086516587717038,-0.0010193834011980837,-0.00178546551075127,0.0016772299615073546,0.0005391505676199545,-0.0031600326715132635,-0.002924818809821528,0.0016590020939862141,-3.198169892571611e-05,-0.0020720931071936356,-0.0010777305350022702,0.0020215747760099372,0.0010922196798885714,0.0,-2.1429516514854217e-05,0.0,0.0,0.0,0.0,0.0,0.0,0.0,0.0,-0.00040402177282221254
2022-10-19,-0.00011530986442379691,-0.005386447086736803,-0.00020117293472881616,0.00032662076666721947,0.0007128852777638627,-5.634635470429616e-05,-8.992685476690203e-05,-0.0014663137323064784,0.000615389533734944,3.1039414880402886e-05,-0.0039993448559676875,0.001075350562316714,2.2035518727283914e-05,0.03682238303325825,-0.002984818220145783,0.018876767979923402,-0.0011399585614449495,0.00559274478039347,-0.0009618800851735357,0.022093507959093362,-0.0005446740817828201,0.0013055863600071917,0.001292638824664368,4.016697315842152e-06,-3.407909598428265e-05,-0.000128196552952067,-0.0016607893340630465,2.3025280612688275e-05,0.0002782734815040504,0.00027059500309933345,-0.003269240771110861,0.004378562623523836,0.0019248723470340675,0.0025443235917373933,0.004279246359769885,0.001027323416600632,0.00182788417411049,-0.0003395583175523508,0.00037033855930897105,0.00019206528124813546,0.0018396767805413225,0.001117524471163413,0.006365646206140372,-0.0010946276610846054,-0.0007174881879295038,-0.0015941264083270624,-0.002791667672322449,-0.003972115062310573,-0.00011697657833027415,0.0006605013063592567,-0.0015467739223323273,0.0005891683803079624,9.624409627154218e-05,0.0005823152918840497,-0.0003314401954766575,-0.000103863029374816,8.455813191084844e-05,-0.0010540079635929837,-0.00026473693838755143,-0.00011840455933658517,0.0023228242665890844,0.000574937340006658,-0.0022390297836888257,1.2140220748140201e-05,0.0,0.00011818897604187281,-0.0005842565136207575,7.82161077183312e-05,0.0002623904317458362,-0.00030771878483655806,-0.00020753628689970918,-0.0002495411881169767,-0.0006781231941518325,0.012794492916015502,0.004876399403683765,-0.0003134523588219755,0.0012307710864132237,-0.00045826189791039703,0.00016505911805259722,-0.00010889636775764322,-0.0008549254200993865,-0.00016870361661953085,-8.811122573039676e-05,-0.0015557743471187194,-0.0007053346240981791,-0.0009359734198803146,-0.0006806145429288116,-0.0011759255755197466,-0.0009631860030587133,0.00212737383600332,0.0004234061023370796,-0.0039782829680511155,-0.0034654149785308527,0.0018196750645585972,-0.00013387754621572396,-0.0017587852209809587,-0.0010777305350022702,-0.00028573572420051424,0.0012428767594429603,0.0,-9.238398016691988e-05,0.0,0.0,0.0,0.0,0.0,0.0,0.0,0.0,-0.00040402177282221254
2022-10-26,-2.8614965791011056e-05,-0.005579827779781122,-0.00020117293472881616,0.00032662076666721947,0.0017965150986554435,-0.00031866715369412515,-0.0012580115278782215,-0.0020872069289254195,0.0005252823999463515,0.0013526942846522367,-0.004156848113195611,0.0010766971996102662,2.2035518727283914e-05,0.036504727560477374,-0.0030896151388392456,0.020549764647158478,-0.0005848419418998936,0.005505892609230071,0.0006045160084864217,0.022835012574551807,-0.000208187523749801,0.0013930971474059289,0.0012076488140159297,4.016697315842152e-06,-2.874203801718762e-05,-9.941597998326142e-05,0.00034697574764525714,8.20347267973912e-05,-0.0006021026894270937,8.490761482128791e-05,-0.003254310991289058,0.004378562623523836,0.002000825723610425,0.002426794809488984,0.004279246359769885,0.0012316050190084317,0.0013106125967540985,-0.0003395583175523508,0.00036411548701838984,0.00019206528124813546,0.002252758921016707,0.0012706446675003467,0.0066955068926706765,-0.0011598223330501296,-0.0007250527571064834,-0.0016199739276093062,-0.002783482393917887,-0.0037884016629339064,-0.00017605174085231308,0.0006605013063592567,-0.0015467739223323273,0.0005891683803079624,9.624409627154218e-05,0.0005823152918840497,-0.0003314401954766575,-0.0003875008182264513,-0.0003888330020833584,-0.0010540079635929837,-0.0002620449666166037,-0.00030884535723263906,0.0023228242665890844,0.0007201930444899568,-0.0016844861882825738,0.00010089413928856964,0.0,-0.0005009471046148014,6.218983944426796e-05,-6.0380851337279225e-05,-0.0003297974645012419,-0.00030771878483655806,0.0009133115559304393,-2.8307159195492426e-05,-0.0006781231941518325,0.013577383853132613,0.004800685075905503,-0.0003134523588219755,0.0022534198505707015,-0.00045826189791039703,0.00016505911805259722,-0.00012646661685513375,-0.0013747262666316043,-0.00016870361661953085,-8.811122573039676e-05,0.00030907579273023797,-0.0007053346240981791,-0.0007902116060831292,-0.000535506943967284,-0.0014496517494001651,-0.00030412000304094023,0.002763736688874865,0.0004339925925151782,-0.003607167452838634,-0.0033017045562334564,0.0019117463349854202,-5.192796707626844e-05,-0.0015012043329557343,-0.0010777305350022702,0.002224173526291765,0.0018739486307515413,0.0,-8.714915791728575e-05,0.0,0.0,0.0,0.0,0.0,0.0,0.0,0.0,-0.00040402177282221254
2022-11-02,2.918217766071837e-05,0.0014891592805991638,-0.00020117293472881616,0.00013129420324376872,0.0012189088062324572,-0.0006368915682437516,0.0004663216597724966,3.966973847165163e-06,0.0003908729825242448,0.0011307108131784786,-0.003008114604590432,0.0014160703104764895,2.2035518727283914e-05,0.03574811520443699,0.001200218220913615,0.019147807923639966,0.00043053629456163526,0.0053565092665504,8.042093644584656e-05,0.029353482678025847,0.0009850911419531628,-0.0006119911125794295,-0.00017404977152070067,-7.928806378830696e-05,-2.874203801718762e-05,-0.00013306361912682115,0.0004039411120621686,8.20347267973912e-05,0.0006556742027726847,0.0002700231827045548,-0.0031265614637127877,0.004885447667218005,0.0019617942749101964,0.003220650158949756,0.002840311159433877,0.001704164667126017,0.000993941655914177,-0.0002695314481490069,0.00036411548701838984,-2.9440717386561155e-05,0.0008853518173116563,0.008209155840620102,0.009264347321752093,0.0008171258363394377,0.0004381891314598866,-0.001517975787819309,-0.0030751565012624104,-0.002553389189856519,0.00012659176747069345,0.0005071451076012703,0.0004820724638792881,-0.0016394389233536073,0.0017059575665478051,0.0037465571935452477,0.0017253564463465827,0.00013456099644025736,-0.0014481307977790188,-0.0012981530622062421,0.00038955830096486937,-0.0003097148495967689,0.0023228242665890844,0.0007201930444899568,-2.8551879777343565e-06,-0.0006370327361483008,0.0,-0.00022340485068103697,-0.00011231017336161796,-0.0005584186071567136,-0.0005860570127915984,0.0002093308457683822,0.0007292502089830856,-1.7502851615974933e-05,-0.0012476071760097178,0.005525641588578986,0.006520590805308082,-0.0003134523588219755,0.0006614050425677425,0.000533225802541655,-0.0002401696620612945,-0.0001637380362017809,-0.0015646525567878224,0.00032389747129924065,0.0007917729990707337,-0.0010156548961936741,-0.0007053346240981791,-0.001002505287407938,7.417900882596319e-05,-0.0006472027131944407,-0.00038327848688031176,0.0019793369302794615,0.002418019151569536,-0.003092314503282666,-0.002567557847560685,8.705295789054063e-05,9.146481449488655e-06,-1.7777220008494566e-05,-0.0008034640941053095,0.0022488788298370326,0.0018462948879362517,0.0,-8.714915791728575e-05,0.0,0.0,0.0,0.0,0.0,0.0,0.0,0.0,0.004827372104394034
2022-11-09,2.918217766071837e-05,0.002019478092225332,-0.00022110921318480335,0.00013129420324376872,0.0012189088062324572,-0.0006368915682437516,0.0007631732601486422,0.0008555022927444975,0.0005708818177845889,0.0010175706525607715,-0.002973513825161172,0.0014160703104764895,2.2035518727283914e-05,0.03574811520443699,-0.0004267776248995073,0.020601119562642593,-2.688580591072689e-05,0.005383233526335711,0.0007900600264041818,0.032162061703746275,0.0009850911419531628,-0.0006448915958935756,0.0003947143836243903,-7.928806378830696e-05,-3.205420499056075e-05,-0.00013306361912682115,0.0005205884595355389,8.20347267973912e-05,0.0005225497271012717,0.00027595448387234315,-0.0026562695847855483,0.004885447667218005,0.0021016523206924924,0.003101972234064007,0.0025876052601238662,0.0017567584592263143,0.000993941655914177,-4.1654314739232904e-05,0.00036411548701838984,-2.9440717386561155e-05,0.0008853518173116563,0.008024940056579399,0.009309153234395537,0.0004778466469637247,0.0004381891314598866,-0.0013263401915544852,-0.0029618163297993817,-0.0022537336242509907,0.00012659176747069345,0.0005071451076012703,0.0004820724638792881,-0.001964869837950822,0.0019905826838766973,0.0037465571935452477,0.0019153059028068598,0.00013456099644025736,-0.0009747396637848119,-0.0012981530622062421,0.00038955830096486937,-0.0003097148495967689,0.0023228242665890844,0.0007201930444899568,-0.00012557555865121736,-0.0005371664533329508,0.0,-0.00022340485068103697,-0.00011231017336161796,-0.0005584186071567136,-0.0005860570127915984,0.000212153202797851,0.0007292502089830856,-1.7502851615974933e-05,-0.0012476071760097178,0.0053617369626082784,0.007501030331917034,-0.0003134523588219755,0.0006614050425677425,-0.0004911220844538141,-2.4094397541667544e-05,0.00010690579908121041,-0.0008038168285173916,0.00032389747129924065,0.0007917729990707337,-0.000672618027766897,-0.0007053346240981791,-0.001002505287407938,-0.000825404079397546,-0.0006472027131944407,-0.0003853688305934733,-6.006580554397873e-05,0.002418019151569536,-0.0031981643975099224,-0.0022838892267676267,0.0005485438110263607,9.146481449488655e-06,-1.7777220008494566e-05,-0.0008034640941053095,0.0022488788298370326,0.0019287384249715219,0.0,-8.714915791728575e-05,0.0,0.0,0.0,0.0,0.0,0.0,0.0,0.0,0.004827372104394034
2022-11-16,-3.226484229631374e-05,0.0020661310296930875,9.864744069531037e-05,0.00015184952672485873,0.0012189088062324572,-0.0010904653271950086,0.0004668989755573065,0.0018112012889387396,0.000594938545473658,0.001909100147927587,-0.003008114604590432,0.0013396349005097908,-6.44230405263107e-06,0.03967748893675536,0.003984104240263222,0.020464408592501638,-0.0004731405925668033,0.005183538264967179,0.0003727641098087613,0.03306666079482326,-0.0008510557967723146,-0.0004518777019017322,0.0007524841285475386,-7.928806378830696e-05,-3.205420499056075e-05,-0.00013306361912682115,0.0005205884595355389,2.3025280612688275e-05,0.0006556742027726847,0.0002418249892461623,-0.002042371727258529,0.004545409340147488,0.0021016523206924924,0.0028802881822101163,0.002840311159433877,0.00176875363941185,0.000836213712387006,-4.1654314739232904e-05,0.00036411548701838984,-2.9440717386561155e-05,0.0008853518173116563,0.007588697131322373,0.009602076639944005,0.000395847495660795,0.0004457537006368662,-0.0006967541995630989,-0.0029550435787416866,-0.0018998092263710807,0.00012659176747069345,0.0005071451076012703,0.0005699635016899463,-0.0012385919206746013,0.001734985514407871,0.004118336272269307,0.0019153059028068598,0.00013456099644025736,-0.0009747396637848119,-0.0009290829161553183,0.0007946035395896763,0.0002504520666413756,0.0023228242665890844,0.0001979666944670243,-0.0003428662629773687,0.00010265561901180354,0.0,0.0003173868329508811,0.00022584306641713634,-0.000538483282319618,-0.0018116513486811053,-0.00013537878300738686,0.0009482072806318971,-2.8307159195492426e-05,-0.0012476071760097178,0.004507392403933875,0.006520590805308082,-0.0003134523588219755,0.0006614050425677425,0.00037056548993949533,-0.0004993540492522542,-0.00028047566962079835,-0.0015646525567878224,0.00029886984233358233,0.0007917729990707337,0.0029381908302306657,0.0014100426043244297,0.0015900126369241035,-0.0015251482324359304,-0.0011759255755197466,-0.0003853688305934733,-6.006580554397873e-05,0.0025152909083150806,-0.002732987668256829,-0.002124325034078151,-0.0002385958005588244,9.146481449488655e-06,0.0003508724032973672,-0.0005023426462337605,-0.000795021201341339,0.0020705670815367714,0.0,-2.1429516514854217e-05,0.0,0.0,0.0,0.0,0.0,0.0,0.0,0.0,0.004827372104394034
2022-11-23,-5.751272097206749e-05,-0.003718112330614071,-0.00020117293472881616,-0.0002768252134135266,-0.0004434409691310544,-0.0013527861261848377,0.0005315344661943219,0.0008924967053203497,0.0004809801163128373,0.0006611556764286808,-0.0034854600007567806,-0.0003941846343244688,-6.44230405263107e-06,0.03502183139097901,-0.0032789117116858125,0.01912923870454481,-0.0004815194171866207,0.005094716772315573,-0.0019036730361887515,0.021611856285339407,-0.0005353910853646508,-8.57880072639907e-05,0.0010495437714272723,4.016697315842152e-06,-2.874203801718762e-05,-0.000128196552952067,0.0003650970771103499,2.3025280612688275e-05,0.00028118493055753237,0.0001768177657663069,-0.0029268414905113224,0.005786853104997773,0.0014008256892734192,0.0028307189051291026,0.00417607925556977,0.0009640183489997332,0.0020533515307916417,-0.0001839844634207898,0.00037033855930897105,-2.9440717386561155e-05,0.0007159946336113722,0.008391309492839602,0.009593525703357681,0.000395847495660795,0.0004457537006368662,-0.0013573214618740556,-0.0028039957424976568,-0.0024478601749209033,0.0002027076384419466,0.0005071451076012703,0.0005485595573552516,-0.0012381504556534084,0.0017507124946663096,0.0037465571935452477,0.001631614919766762,-0.0003640550958694181,-0.0009747396637848119,-0.001385712838226482,0.0013639088546051586,0.0002504520666413756,0.0023228242665890844,0.0007201930444899568,-0.0009749476339916811,-0.0004181590493991155,0.0,-0.00014332548016268053,-7.466603655023649e-05,0.00036272133767243123,-0.001818258244339973,0.0008317409049774536,0.0003668822465864954,-0.00021183177147651453,-0.0010400163090183792,0.004112902858292774,0.005516412552750413,0.00023199748423256066,0.0008882037560894977,0.00037056548993949533,-0.0004993540492522542,0.00012447604817870098,-0.006214165048857154,-0.0007518697714183371,0.0018439244457596296,-0.0002872899539513351,0.00044910389816851755,0.0015728413684704293,-0.0017562317397150184,-0.0011759255755197466,-0.001665214743613404,0.0029176429376918853,0.001777003592148305,-0.0032618170310663185,-0.002999043313216697,-0.00020094542197431525,3.973934941561603e-05,-0.00182826884494645,9.80576454790467e-05,0.001884340479616775,0.002078509400059244,0.0,-9.238398016691988e-05,0.0,0.0,0.0,0.0,0.0,0.0,0.0,0.0,0.004827372104394034
2022-11-30,-5.751272097206749e-05,-0.0034512672080379172,2.003348883196208e-05,0.00010600382604373024,-1.1482214581243368e-05,-0.0008765598961019168,0.00044837026055435627,0.00012330434693419011,-0.001151613544305852,0.0009266970988384616,-0.003007720595992243,-0.003419986532973639,-6.44230405263107e-06,0.017660850061235293,-0.0029978855062640516,0.005731237181975649,-0.0007503578270405803,0.004905769726591485,-0.0019036730361887515,-0.0015416004691907533,-0.000363440332134189,0.00041448783957908015,0.0031068190204676053,0.0002051758751114738,-0.00014028808130220083,-8.224667489628034e-05,0.0003650970771103499,-1.644579331835864e-05,5.814652430653834e-05,0.00027771939641549397,-0.003726738681399357,0.006017762200643963,0.001697244349260795,0.0018052830858174022,0.003274309447915816,0.00010364996924631531,0.001010259335496603,-0.00011774371043163113,0.0006812933685876675,-2.9440717386561155e-05,0.0010268119417371185,0.0111117178592257,0.010070448363203593,0.0006700907357097058,0.0006761314770923819,-0.0014784318723174773,-0.002614810058123915,-0.002730257202813555,0.0004351311926551098,0.0005335579109518327,3.3781692338807114e-05,-0.0008790159979891444,0.002613962035222494,0.003784985748427073,0.0017031104032917222,-0.000492237277298485,-0.001592238575535125,0.0010031953893354672,4.687397775618714e-05,-1.1977337569829197e-05,0.002960987964438894,0.0003453182107695777,-0.0006309698439211914,-0.00042545769037883663,0.0,-0.00014332548016268053,2.9067905273651816e-05,8.166984235675453e-05,-0.0021814633770734456,-0.0006109240145393631,-0.00036415998825834356,0.001001838372933096,-0.001321270250897137,-0.0034382482388280954,0.006390044900512251,0.0002277029232376766,0.0009437324941519767,-0.0004911220844538141,0.00018454143297125697,8.620276126787427e-05,-0.004256316003881072,-0.0007768974003839954,0.001637141348005582,0.0004303310080047677,-0.0005251146889214676,0.0013321024342622923,0.0016879560999770828,-0.0006177811993908901,-0.0003709619998157175,0.004315972666800509,0.00294071674197814,0.010646601312976902,-0.00456948676734871,-0.000404269832735886,8.948439834817121e-05,-0.0027630661631608345,9.80576454790467e-05,0.0016344098199454619,-0.0011205056398550105,0.0,-9.238398016691988e-05,0.0,0.0,0.0,0.0,0.0,0.0,0.0,0.0,0.004827372104394034
2022-12-07,-0.00019532526912948274,-0.0031602845894993016,2.003348883196208e-05,6.070271275272564e-05,-0.00039729930606081324,-0.0011839225155949368,-0.0010772291567644472,-0.0014315025267444652,0.0005574586752630735,0.0003727876499536803,-0.003079977525872415,-0.0017305901059133976,2.2035518727283914e-05,0.03664495085557801,0.005683300751532364,0.005415045551154204,-0.0008250293201697113,0.004934401568483978,5.38736243444002e-05,0.0005231722310532777,-0.000470724913588918,0.00013738774423173916,-0.0007771238118044754,-4.8105115371832165e-05,-0.00014028808130220083,-8.71137410710345e-05,0.0003503082263582275,2.3025280612688275e-05,-5.539311835876409e-05,4.1151907269609754e-06,-0.002406499776704979,0.003938320292366712,0.0007758186414684911,0.0009042418951836914,0.005922765276664996,0.0010175050606039072,0.0010896501372916383,-4.308290170535031e-05,0.0006750702962970862,0.0003216226143258289,0.0013069176440825448,0.0021059101976952936,0.009074485196920199,0.0006237058330480368,-0.00046450967800968203,0.0030973457074752854,0.0026682105011406254,-0.003262053439437365,0.00010038669798055622,-0.00021856964584289647,-0.0005191744136986621,-0.0006940263793040953,0.002187036927568054,-0.00033311657805124603,0.0008955966308269111,0.0005118760919290922,0.0009291766803280462,0.003097242691229869,0.0010272815773564208,6.088076110945156e-05,0.002232759890385439,-0.0003572235467389613,5.05524784345739e-05,-0.00019031372556597772,0.0,-0.0007526796011230124,0.0011699601709524328,-0.0003711621308948002,-0.0010124991547127086,-0.0009460543080191809,-0.0006597555490954715,0.0013243223173457636,-0.0014723819805191826,-0.002963275790789843,0.0028826653518559623,0.0003042835648332338,0.0017700256394972934,-0.0004911220844538141,-0.00043772649023593116,0.0005023278620652565,-0.0006238914627775954,-0.0007768974003839954,0.001637141348005582,0.0016759082994912636,0.0012298226691477183,0.0016558046403326798,0.005226807190234192,-0.00040562917316616393,-0.00040572069778505894,0.003770737016703907,0.000644899146177903,0.011259880169485552,-0.0036850956945082194,-0.001464660188539766,0.0005871101749426774,-0.0023457928731567723,9.80576454790467e-05,0.0018898715791908236,-0.002757959594752468,0.0,-9.238398016691988e-05,0.0,0.0,0.0,0.0,0.0,0.0,0.0,0.0,-0.0009884454285336768
2022-12-14,-0.00019532526912948274,0.0014326863694301326,-2.113807568299733e-06,6.070271275272564e-05,0.0001249817844053029,0.001373405934925145,-0.0011023330200782338,-0.0014131904622417299,0.0005574586752630735,0.000511537785498566,-0.003343257917680764,-0.0017622605368158757,2.2035518727283914e-05,0.03961095052794159,0.0032639338459574453,0.011963303250077457,0.0006554368731851622,0.005236744271053125,0.0009050748287667287,0.001569715998588183,0.0008127826496998958,0.0008560735766387363,-0.0008703903085323833,-7.928806378830696e-05,-0.00014028808130220083,-9.318460321461184e-05,0.00031146419140640885,2.3025280612688275e-05,0.00011961678802649248,0.0007855781340334623,-0.001649213224041128,0.003938320292366712,0.0007758186414684911,0.0018258972389830694,0.0060844241625922614,0.0010295002407894427,0.0011959613290108118,-0.00011774371043163113,0.0006750702962970862,-0.0004325980012207181,0.0011671958692379746,0.0020498598331640263,0.008329878375740342,0.0005628856673964486,-0.00046450967800968203,0.0030893460102882405,0.0024638922536370355,-0.0029608379213288943,0.00016708242764752095,-0.00021856964584289647,0.00013438508967032238,-0.000622764578130378,0.0023108178494994427,-0.00046996282234315173,0.0010171020324890453,0.0002658013802905821,0.0009291766803280462,0.003097242691229869,0.0007625770059608546,6.088076110945156e-05,0.0013815088983218995,-0.00043675474757935885,-0.00020769850715535233,-0.0002548408976508458,0.0,0.0003974662034692375,-9.990921071258796e-05,0.0002585049881526591,-0.00023567476162018717,0.0001843344275214793,3.105765259963275e-05,0.0012779861562730588,-0.001690600569426106,-0.0025867308544667788,0.002385070311857091,0.0003042835648332338,0.0013747577376083976,0.00037056548993949533,0.0015156858674267295,0.0005023278620652565,-0.00468630725849597,-0.00041521674540359767,0.001637141348005582,-0.0001588478124335275,0.0012298226691477183,0.006244699869248106,0.006067257850226814,-2.9810456918001225e-05,-0.0014040142562367585,0.003770737016703907,0.001958426841987598,0.010220915180651699,-0.003878946191325318,-0.0007121574903468907,0.0005373651260101222,-0.002512385749647564,0.00022883740654821764,0.0021945870108368206,-0.002860626712906863,0.0,3.776314059391726e-06,0.0,0.0,0.0,0.0,0.0,0.0,0.0,0.0,-0.0009884454285336768
2022-12-21,2.918217766071837e-05,0.002264301376159919,0.00010556932022900212,0.00012161880927536661,-2.876336468115639e-05,0.0013976159087801098,0.0006806601696299795,-0.001035275990920204,-0.001114067186204019,0.000511537785498566,-0.00302341577874234,-0.0016708075901642272,2.2035518727283914e-05,0.03979295306398577,-0.002860153958117777,0.011560278519896536,-0.0007623700735634659,0.005024715107039725,-1.9308827344738616e-05,0.0007089644304141327,-0.0005759680412324349,0.0007666231276523116,-0.0012403467312727407,-0.0003107192418515523,-0.00014028808130220083,-8.71137410710345e-05,0.00046782068070056577,8.20347267973912e-05,0.00011961678802649248,0.000794276905857512,-0.0007013769422248601,0.004248436986838562,0.001043655587635365,0.001709220350731094,0.001813221584269815,0.00010364996924631531,0.0022793074556984377,0.0006032406854731577,0.0006750702962970862,0.0003216226143258289,0.0011671958692379746,0.0026538982306717734,0.009832498779633958,0.0006540785299697072,-0.0004720742471866616,0.0021767867818466365,0.002495242251783648,-0.002023387409209707,6.58621066554126e-05,-0.00021856964584289647,-1.9993041616299192e-05,-0.0005878517328292415,0.003320223348379284,-0.00018816476194460035,0.0009165465554389215,0.00021645807283919693,0.0009291766803280462,0.0027281725451789455,0.002260125472989575,-0.00030884535723263906,0.0017733010984759398,8.547160244357369e-05,5.906672263487479e-05,-0.0004974899854123979,0.0,-0.0007526796011230124,-1.2116566951847561e-05,-0.0010728730853372128,-0.0010124991547127086,0.0006900173656740774,-0.0007917190936989817,0.00010054306392268429,-0.0014723819805191826,-0.00340055498495072,0.002289322916366563,0.0003042835648332338,0.0013747577376083976,-0.0004911220844538141,0.0008453415272782494,-9.465212889273913e-05,-0.001077552013576818,-0.00041521674540359767,0.001637141348005582,-0.0009303459226075052,-0.0007053346240981791,0.0013439804344983252,0.002302959127100916,-2.0292968219669412e-05,-0.001452604007778289,0.003770737016703907,0.0026649765972351636,0.010608901086954902,-0.004117843181609276,-0.0017507247472387396,0.0006209064787815465,-0.0025028341497126093,0.00022883740654821764,0.0022912940857939736,0.0011952491700544582,0.0,-2.1429516514854217e-05,0.0,0.0,0.0,0.0,0.0,0.0,0.0,0.0,-0.0009884454285336768
2022-12-28,-3.226484229631374e-05,0.002247572455242839,-0.00022240249625372574,6.070271275272564e-05,0.0001249817844053029,0.0009909027459809939,0.00035621165521357247,0.0004481384929120501,0.00020296485151844286,1.2713471173621819e-05,-0.002892434982857189,-0.0016951344579066857,2.2035518727283914e-05,0.04916914147563893,0.002784075011322213,0.01164019877394182,0.0006105816110735335,0.0058745422170710495,0.0010580607371144164,0.0024596013820532146,0.0009029585102989811,0.0010609664182013104,-0.0011998969993231648,-7.928806378830696e-05,0.00024637975915324777,-0.00013306361912682115,0.0004644882019875955,2.3025280612688275e-05,0.00011961678802649248,0.0008044964144411779,-0.0013701504835359165,0.004763789488962913,0.0010740388592397157,0.001943177678314196,0.002769894387367748,0.0010295002407894427,0.0022108969109844692,0.0006032406854731577,0.0008327430197534449,0.0003216226143258289,0.0013396088161982962,0.0023615562725785807,0.009492661403629594,0.0006896984509703991,-0.0004831818852098064,0.0019275449487004238,0.002247226417298233,-0.0017902880298617957,-0.00020599987495563578,-0.00021856964584289647,-1.9993041616299192e-05,-0.000675971020281702,0.003424006433274226,-0.0008622714562271728,0.0007139066803693787,0.0004597958338393703,0.0009291766803280462,0.003027833946451813,0.0009533198964934518,-0.00030884535723263906,0.0008322481997404133,8.547160244357369e-05,-0.0002026676306166051,-0.00121631296997304,0.0,0.0003173868329508811,-0.00011231017336161796,0.0007406747627001337,-0.0003534504343769089,0.0014909682183160047,-0.00013961354218183385,0.0002862838674966412,-0.0014723819805191826,-0.0029777623864469496,0.002702903778985374,0.0003042835648332338,0.0013747577376083976,0.00037056548993949533,8.746426380914772e-05,-0.00048203359759474787,-0.0007642833440274276,-0.00041521674540359767,0.0014037528940014008,-0.0010418730032654686,-0.0007053346240981791,-0.0010146488117273621,0.004306576906719907,-0.00019823276065675696,-0.001452604007778289,0.003770737016703907,0.0025994424014088293,-0.0017857301596439046,-0.003419889509410665,-0.0015609617464971374,0.0006706515277141017,-0.002330891351738377,0.00022883740654821764,0.0021400945300662465,0.0015254690914394107,0.0,3.776314059391726e-06,0.0,0.0,0.0,0.0,0.0,0.0,0.0,0.0,-0.0009884454285336768
2023-01-04,-5.751272097206749e-05,-0.003352685645336544,0.0002361541266851105,-0.00040293723209832853,0.0002889644663545129,-0.0015906356783940527,0.0005047146189358989,0.0007241242357800542,-0.0011726352519193651,0.0009410786503020785,-0.003987312608101943,-0.002172917363447352,0.0002338288714242323,0.03646514905435089,-0.003255224126387968,0.0060650623028923,-0.0009286104694108033,-0.0009400739507613325,-0.00232740644753427,0.0013487310442890567,-0.0006142324243639117,-0.0010940345425651046,-0.00010568026711598111,4.016697315842152e-06,-0.00014028808130220083,-0.000128196552952067,0.0003140088623267616,2.3025280612688275e-05,0.0005228139466145418,0.0005292954719445042,0.00028163038743923494,0.005394560051805717,0.0012875782934910142,0.0020937352416443822,0.003593884561960892,2.1189905157313282e-05,0.0018993197209949528,0.00034291724570253556,0.0006812933685876675,-0.0005277744662554064,-0.0003329494730103263,-0.0004000527927605409,0.008080718116747569,0.0007634903505147337,-0.0002945461740936425,-0.0013674448705356097,0.0018759749694087016,0.004720481561924718,-0.00030257304685328014,-0.0012474133765986728,-0.0006637253286913514,-0.00032980480684235573,0.0013932514627956168,0.0003159635241213614,0.0006613638513430939,-0.0004139924816699966,0.0011078504219462612,0.0032589451900466365,0.00035416768327071546,6.088076110945156e-05,0.0010381711293000907,0.0002460326626280335,-0.0013926663576630228,7.199441685601989e-06,0.0,0.00013543299007629832,0.00016791379613600624,-0.00018606360464558825,-0.00022475640258257882,-0.0007975987747515225,-0.000521655871191906,-0.0007729748511111495,-0.0020524292746964446,-0.001727221960294721,-0.0031720373931195226,-8.860329046861805e-05,0.0002971876652088862,0.00037056548993949533,0.0007467119209444059,-7.708187979524859e-05,-0.0014042282542670347,-0.0007768974003839954,0.0010067483457468968,0.00267773687750009,0.0005460507734438462,0.000763172798271365,0.003390744658060667,6.966206573668519e-05,0.0004727625932271181,0.003770737016703907,4.986397010685187e-05,-0.001659747585552192,-0.004819196805444483,-0.0012325080553561556,6.402717660731954e-05,-0.0006977557147698761,9.80576454790467e-05,0.002491884052660916,0.001776426595126117,0.0,-0.00011132093664571465,0.0,0.0,0.0,0.0,0.0,0.0,0.0,0.0,-0.0009884454285336768
2023-01-11,-2.8614965791011056e-05,-0.0033585517687709323,0.0001879072350803351,0.00012161880927536661,0.000210832536759867,-0.0009615141796008235,-0.0012580115278782215,0.0006765237954980481,-0.0007627062909511357,0.0009410786503020785,-0.0038352831422133076,0.0014765822727035975,0.0002338288714242323,0.023069897210433683,-0.003458768990432499,0.00525184524679865,-0.0007132851028814188,-0.0011236465566693355,-0.0006605889436071991,0.00022789485087776557,-0.0007488248337072017,-0.0008827949415335984,-8.088950866200437e-05,4.016697315842152e-06,-2.874203801718762e-05,-0.00013306361912682115,0.0003140088623267616,-1.644579331835864e-05,3.7293419339988877e-06,0.0005179701483020032,-0.00014147796441431004,0.005578894154299081,0.001087633863067047,0.001210946872429538,0.00457231513532446,-4.4291986632396225e-05,0.0019904176646621204,0.00034291724570253556,0.0006754745727304921,-0.0005277744662554064,0.00038488096182890216,0.0006653297612901558,0.008328707059455124,0.0006284629617084478,-2.0163486809588507e-06,-0.0013674448705356097,0.0018637941905923442,0.00479336794801361,-0.00030257304685328014,-0.0012474133765986728,-0.001178503193707796,-0.00032980480684235573,0.001247568256546236,0.00035138574027269786,0.0005689184432061236,-0.0004139924816699966,0.0011078504219462612,0.0026887271019872066,0.00035416768327071546,6.088076110945156e-05,0.0010381711293000907,0.0002460326626280335,-0.0014156545678126375,7.199441685601989e-06,0.0,0.0003173868329508811,-2.390275224008984e-07,1.5068759526902796e-05,-0.000161738278911721,1.311219986578933e-05,-1.4345035957318095e-05,-0.0007729748511111495,-0.0020524292746964446,-0.0017526150894201973,-0.0026332693947470755,-8.860329046861805e-05,0.00024852245388450403,0.00037056548993949533,0.0007467119209444059,-9.880743401474381e-05,-0.0016119593493474492,-0.0007518697714183371,0.0010067483457468968,0.00030963587507525835,0.0005460507734438462,0.000763172798271365,-7.88829557587412e-05,-0.0005992513983203087,0.0013645463692702798,0.003770737016703907,0.002845887109084751,-0.0016661547627356283,-0.0052014530278288815,-0.0014719251654049237,0.0001375984617319391,0.00024293735012089268,9.80576454790467e-05,0.0026944828029427433,0.0019428119788574255,0.0,-0.00011132093664571465,0.0,0.0,0.0,0.0,0.0,0.0,0.0,0.0,-0.0009884454285336768
2023-01-18,-5.751272097206749e-05,-0.0033399334745569877,0.0001879072350803351,-0.0004296174847738321,0.00028672138247540755,-0.0009519488680732908,0.000606488894455937,-0.0007446835885837106,3.0459661860987303e-06,0.00025319621154100744,-0.0032119001908542436,0.0014769561830972602,0.0002338288714242323,-0.013749214999059739,-0.002927764435390798,-0.0024518201336046264,-0.001136273141173013,-0.006480544530678729,-0.0022504003719239743,-0.007681395670101567,-0.0007806281766446879,-0.0008827949415335984,-0.0008570293145379514,-5.108444219398134e-06,-0.00014028808130220083,-0.000128196552952067,0.00033813260315118947,-1.644579331835864e-05,0.00018972740779568786,0.000517417191528074,0.0006036600811512809,0.005407421685446967,0.0013334677786419967,0.001364536436070121,0.004413481086198949,0.0002064246991766967,0.00231649410624384,9.310829892194418e-06,0.0006812933685876675,-0.0005277744662554064,-0.00015907524933608564,0.0008521755930817223,0.008712082524748902,0.0006625844533407692,-0.00027775297750709245,-0.0012763644393761792,0.0004460421598266352,0.004067711507120063,-0.00035653763110636745,-0.002150802376636989,-0.001178503193707796,-0.0008701671131153647,0.0003130601645193877,0.00012831082078909795,0.0006613638513430939,-0.0004139924816699966,0.0008094840819426641,0.0021294313125342,-0.00014567584158866608,-0.000661914860368508,0.0006743296736698419,0.0002460326626280335,-0.0013926663576630228,-0.00010558367746299698,0.0,0.0003173868329508811,0.00020271610860662028,0.0003158103032367498,-0.0004219191893857761,-0.00016619263723629635,0.0002960027195671259,-0.0012060750928903675,-0.0015407102500687455,-0.0015823197160320496,-0.0021107954229968137,9.260164379147964e-06,7.495868005511365e-05,-0.0004911220844538141,0.0003241067067485507,-0.00011535516670607525,-0.002714473432428338,-0.001348420458433301,0.0014369482414221043,0.00020052698352733374,-0.0001709967685419624,0.0005175525274826898,0.002089735471330018,6.243931497581561e-05,0.0004727625932271181,0.003350519762307878,0.002999212684393785,-0.001639795673052684,-0.005763133599016149,-0.00279225174030016,4.254496122760692e-05,0.000921104857549042,9.80576454790467e-05,0.002491884052660916,0.0019769496066181693,0.0,-0.00011132093664571465,0.0,0.0,0.0,0.0,0.0,0.0,0.0,0.0,-0.0010315512170983702
2023-01-25,0.0005239109009150499,0.0012662530722434258,0.0001879072350803351,-4.0526173744696864e-05,-9.644702485718007e-05,-0.0009615141796008235,-0.001462903154079701,-0.0015866017920608657,-0.00035211806717156384,0.001148591137879106,-0.004072103332426545,0.0023642244259434253,0.0002338288714242323,0.0203891079542161,0.003840224715423689,0.004950264507396458,0.0033943833016394052,-0.0017491107151811332,0.0017087459092135831,0.00010339203095125954,0.0008511737161867588,-9.705539138651399e-05,-0.00019674622087328746,-7.928806378830696e-05,0.00024637975915324777,0.00015621652156848847,0.00044431741292943355,-1.644579331835864e-05,-0.00026976856799942135,0.0005249011621509934,0.0023644214597725974,0.006503481546163477,0.001443631714488747,0.0012798144155796343,0.0002644918473871179,-4.4291986632396225e-05,0.002118976967373425,0.00034291724570253556,0.0008327430197534449,-0.0005277744662554064,-0.00032497862796457733,0.0007594575671299036,0.00790276028180266,0.0006518105193609311,-0.00027775297750709245,-0.0011601616932522864,0.0018679428127964988,0.00511805712776765,-0.0007812592638585873,-0.0012474133765986728,-0.001178503193707796,-0.0003243726006388992,0.0017318384690833187,0.0008363021213834875,0.0007139066803693787,-0.0006600671933085068,0.0011078504219462612,0.0023196569559362826,0.0005326778402986469,-0.00030884535723263906,0.0010381711293000907,0.00030667963759409245,-0.0010398834533516441,-0.00025114436919270713,0.0,-0.0007526796011230124,0.00012676528572431398,-0.0007928397103655806,-0.0004945660869090547,0.0002785507492754874,0.0003832771303431093,-0.0007021639037593096,-0.0020524292746964446,-0.0017083514549386533,-0.0015020118605003753,-8.860329046861805e-05,0.00024852245388450403,0.00037056548993949533,0.00011903886301335083,0.0002624966471804803,-0.002205559152427652,-0.00041521674540359767,0.0010067483457468968,0.0003729352458616925,-0.00042816781364613915,0.0001013155351099991,0.002454014859322044,-0.0002183710729353125,0.0004727625932271181,0.003770737016703907,0.002911421304911085,-0.0012390706666822627,-0.005651660936581566,-0.0019506076317795113,-2.5879248066725135e-06,0.0006235148211439685,0.00022883740654821764,0.0026944828029427433,0.002566727320716403,0.0,-2.883764437675192e-05,0.0,0.0,0.0,0.0,0.0,0.0,0.0,0.0,-0.0009884454285336768
2023-02-01,4.964329175610602e-05,0.003237673418804347,0.0002361541266851105,-0.0003355629289742177,-0.0004144506041572855,-0.0005531028866963269,0.0007091892258464847,0.0004169033706049563,0.00021771898843402662,0.0006619891251192948,-0.004151781368872781,0.0012936190270564673,-0.0004741789017415675,0.03640394800060297,0.003455194233415531,0.00551240367787338,0.0008614302583775242,-0.002229886928917779,-0.00024994930889099374,0.0024562466269521903,0.0010106270046561518,0.0004848397142362681,-0.0021823275639472305,0.00012464385423094417,0.00024637975915324777,0.00016100890108239978,0.0008097137655001111,2.3025280612688275e-05,-3.926127976689928e-05,0.0003160236475719891,0.0030596511767621965,0.0031386983108427024,0.001813812491031331,0.0024366841683786788,2.838628099592383e-05,0.0008284195213895458,0.0024216699482032533,0.0005004331859113886,0.0008529008477188219,-0.0003248952948480845,0.0004261720457500487,0.009186013274911312,0.008560263902764582,0.0007530673345923643,-0.0002945461740936425,0.0006037416637598872,0.0018130475761392512,0.00800152195489438,-0.001107533862723636,-0.00021989942088743126,-0.0005884996891595437,0.0008252254983885537,0.003862864982748494,0.00787250655242985,0.001144664816783191,0.000421408200749884,0.000245146574409263,0.0016512966166144648,-0.00039394319659654265,6.001126874532171e-05,0.0013819792720568243,-0.0001665943804723129,-0.00013368624531680124,0.0005175852455094923,0.0,0.0003173868329508811,-3.7240910536932185e-05,-0.0004514953266430502,-0.00015222537740808848,0.001373501605999842,0.0006992648961356375,-0.0004557427500020958,-0.0021195361339813226,-0.0021930269986979965,-0.002486074123770365,-1.4193805955733566e-05,0.00016901125969863895,0.00037056548993949533,0.0015472604666309326,-0.00048203359759474787,-0.0016105545295778368,-0.000440244374369256,0.0004524304318944668,0.0034710883638265732,0.001087644873853347,0.00858739512696969,0.0051146043802853,0.0005911621773011216,0.0023552444138129906,0.003770737016703907,4.986397010685187e-05,-0.0021249786251885472,-0.004575407782779387,-0.00036276445045817614,0.00039102236478748753,0.002210985911916932,0.00020028465898797352,0.0024488362304094105,0.0019647283314621713,0.0,0.0010400167358278827,0.0,0.0,0.0,0.0,0.0,0.0,0.0,0.0,-0.0009884454285336768
2023-02-08,-0.00020075210648626008,0.0014189875311074632,0.0001879072350803351,-0.0003216035509433378,-0.0006419250339407085,-0.0002771399998261224,0.0005534987486690117,0.0004169033706049563,-0.0002824135954706336,0.0007618609049329298,-0.004308027540161301,0.0012936190270564673,-0.0004741789017415675,0.03624121398260238,-0.003232780090257997,0.005563650253563104,-0.0006481884260683272,-0.005314845002676149,-0.00041733156996218444,0.002483728399878208,-0.0006091549641610463,0.0004848397142362681,-0.00319362783219679,4.016697315842152e-06,0.00024637975915324777,-0.0005523336338341883,0.0005919345345136771,2.3025280612688275e-05,7.629268768186853e-05,0.00031405232777998175,0.0022032013862551647,0.003643232660380377,0.0016633070132805667,0.00391828617175722,0.00013490002661814776,-0.0001410137880286361,0.002315618024580529,0.0004270498224910673,0.0008607378316481617,-0.0003248952948480845,0.0010998586020747115,0.00917053695932761,0.008282369035899725,0.0006122714214563999,5.3139163572408704e-05,0.0006037416637598872,0.001890889127251513,0.007986046818351309,-0.000752684689706736,9.27635736075196e-05,-0.0005482065793280331,0.0009346411086268065,0.003257220582057559,0.0076283692205192785,0.001144664816783191,0.000421408200749884,0.000245146574409263,0.0016512966166144648,-0.0007989884352213498,6.001126874532171e-05,0.0013819792720568243,-0.0001665943804723129,0.0014135527513049017,0.0005175852455094923,0.0,0.0003974662034692375,-0.00014658325910594887,0.0004121769764880826,-0.00022064465336519488,0.001373501605999842,0.00026841069815244413,-0.0007528735436955526,-0.0021195361339813226,-0.0022292575342182435,-0.0020835944582890415,-5.0127206027725306e-05,0.00016901125969863895,0.00037056548993949533,0.0014231014625041187,-6.0534147103917155e-05,-0.003930269035304946,0.00032389747129924065,0.00033037225139600395,0.0008037865281659281,0.001087644873853347,0.008678071013333729,0.0051146043802853,6.243931497581561e-05,0.00319932059274794,0.003770737016703907,0.001041158399833685,-0.0021840559505904964,-0.004351465347543664,0.0011218975198722708,0.0005271607309714507,0.003292119849616133,0.00020028465898797352,0.0024488362304094105,0.002141368871689247,0.0,0.0014305918197406024,0.0,0.0,0.0,0.0,0.0,0.0,0.0,0.0,-0.0009884454285336768
2023-02-15,5.3293168261408705e-05,-0.003971929255968795,0.0002361541266851105,-0.00021858332916354376,-0.0004949094439687421,0.0010916037820437143,-0.0012297177042372865,4.527704258364442e-05,0.00021771898843402662,0.0007618609049329298,-0.004308027540161301,0.0012936190270564673,0.0002338288714242323,0.03123164636726038,-0.0033373315473750782,0.00560772940381588,-0.0004427241099666757,-0.005882888466077688,-0.0006312900283078451,0.0014007964737488615,-0.0005402859541083805,0.0004235789039674673,-0.0029230393839941764,4.016697315842152e-06,0.00013493798751336862,0.00016100890108239978,0.0005919345345136771,-1.644579331835864e-05,0.00044736587381568097,0.00031731298054780684,0.003023219240997218,0.0038115380642077413,0.0017207592643877256,0.004187106732760419,-6.695795316481875e-05,0.0007728413033289557,0.002495845201278619,0.0004270498224910673,0.0011959956777645836,-0.0003248952948480845,0.0004648970398047072,0.008812206260493607,0.008884544842767699,0.0005470767494908755,-2.0163486809588507e-06,0.00044449728729678887,0.001890889127251513,0.007709416431715837,-0.000752684689706736,9.27635736075196e-05,3.8865830564987895e-05,0.0009346411086268065,0.0033311234975690633,0.007907928768581186,0.0011281335567496467,0.0007087035182543717,0.000245146574409263,0.0016512966166144648,-0.0005751453253954219,6.001126874532171e-05,0.0013819792720568243,-0.0001665943804723129,0.0023254909700194102,0.0005175852455094923,0.0,0.0003974662034692375,2.1569564552458293e-05,-1.9574827792685485e-05,-0.00022064465336519488,0.0012164104851309122,0.0012759081389077324,-0.0004356414425864988,-0.0021195361339813226,-0.002297048552448975,-0.0020132318555081178,-5.0127206027725306e-05,0.00016901125969863895,0.00037056548993949533,0.0014231014625041187,-9.880743401474381e-05,-0.003930269035304946,-0.00019373124558518917,0.00044614460867206733,0.0033062371161967923,0.0015069894795997584,0.008678071013333729,0.004972463528110884,-0.0005842466331101244,0.0024457336251600134,0.003770737016703907,0.002848219628862526,-0.002346535443809501,-0.004535046894462238,0.0011104861944728046,0.00045358944584683125,0.0029802029395773456,0.00017149425486781946,0.0026138499288604466,0.0023534171265727085,0.0,0.0014305918197406024,0.0,0.0,0.0,0.0,0.0,0.0,0.0,0.0,-0.0009884454285336768
2023-02-22,-0.00020075210648626008,-0.003217579600657963,0.0001879072350803351,-0.00034725851864620533,-0.0008405106879303397,0.0011231489251175345,0.0005445816360701158,0.0003880050540258089,-0.00034356095300152716,2.5351708093431e-05,-0.0033107225733532216,0.0012936190270564673,0.0002338288714242323,-0.02645192810144285,-0.0025790747387684793,-0.0008283501106495486,-0.0010842080734208312,-0.006293638710606336,-0.0023513101261195086,-0.008001598993206726,-0.0005720892970458667,0.00026502540560740135,-0.0037803210203626522,4.016697315842152e-06,0.00013493798751336862,0.00014954002009088922,0.00040632424028047304,-1.644579331835864e-05,-0.00038232628914409885,0.0003293746155643548,0.0034331410483176,0.005441709858473887,0.002297090886129289,0.00463192359972817,-0.002176660498639236,0.000879819315924717,-0.003411682428582579,0.0001668267701010475,0.0012038326616939236,-0.0003248952948480845,0.0005036049353610604,0.01098287325452445,0.008313048928732742,0.0005791582531685089,-2.0163486809588507e-06,3.793758197672689e-05,0.001468046355299846,0.006935032047577874,-0.0008066492739598234,-0.0018645752276527186,-0.0004489806674163985,0.0014350748221355284,0.0023999837464128053,0.007846449877645767,0.0011281335567496467,0.0004135506144975641,-0.000298020689013141,0.0013820468621569735,-0.0013126334672026523,-0.00020199764592037715,0.0010181378164265756,-0.0011136648132591474,0.0014332714805459837,-0.0004142670998294874,0.0,-0.0007526796011230124,-3.7240910536932185e-05,-0.0002617613627225798,-0.0002640682595338109,0.0016084677605378848,0.0004740390479692189,-0.0012138472369048648,-0.0005127710228244762,-0.0019329500774074603,-0.0016999759431457356,-0.0001724144453653386,7.495868005511365e-05,0.00037056548993949533,0.00022210297647173058,-0.00011535516670607525,-0.0017311227001114242,-0.001348420458433301,0.0008001674563017355,0.0003505461706088178,0.0008800887877346368,0.009645830869720125,0.006208431378040816,6.243931497581561e-05,0.0034451206111081483,0.003350519762307878,0.004295585874652571,-0.0019147659430033114,-0.005501091606087861,-0.0019605259942270686,7.641998149091395e-05,0.0009129804991176427,0.00026987080148190896,0.0026533202960814023,0.00226448603971875,0.0,0.0014305918197406024,0.0,0.0,0.0,0.0,0.0,0.0,0.0,0.0,-0.0011492270310560961
2023-03-01,-0.00020075210648626008,-0.004005414616274377,0.000138352839935863,1.567264332742918e-05,-0.001074895648852155,-0.0008335699304063579,0.0005445816360701158,-0.0002881252372870771,-0.0005083782006551369,-0.0007569180177840422,-0.004084003708990027,-0.010942994075949843,-0.0004741789017415675,-0.0483227959900188,-0.0029951844374960066,-0.004124840969090552,-0.0016350532192127008,-0.005922726873181147,-0.002350235371124795,-0.015460204911074485,-0.0008176938437598677,-0.0002249922973799931,-0.002533094016601555,4.016697315842152e-06,0.00013493798751336862,-9.283389921756159e-05,0.0004975209245553175,-1.644579331835864e-05,-0.00011189909784344824,0.00023645086566201687,0.00273356806255642,0.004756697609942672,0.005195001615335637,0.003951147087085708,-0.0012501258621436934,0.0008272378954162068,-0.00410380399130577,-4.3181617539611683e-05,0.0012038326616939236,0.00016841397431565435,0.0011123414054097095,0.008606419227428783,0.00818831015892529,0.00044331550864056186,-0.00027775297750709245,0.00030794432800449807,-0.0017381757528775656,0.0020755194616363624,0.0014362784169802247,-0.0032701797624473633,-0.0008380651959021762,0.0002376149972110784,0.0021339586912865346,0.0011782993254720237,0.00015122135334505094,0.00028535755756686667,-0.0009601357700929441,-0.00019446920610601448,-0.000975473293055913,-8.903078303666527e-05,0.0013575942420769494,2.1001843511071847e-06,0.002904777291469384,-0.0007201823463130877,0.0,0.0003974662034692375,-4.261284843347748e-05,0.0003377552122531021,-0.00122981478953729,0.0003186070762461263,0.0002550819763204072,-0.0012030429293253472,-0.0002628209726144545,-0.0020848684446393667,-0.0029293761149114393,-2.248766132039698e-05,-0.00036834146458457004,0.00019625243294744016,0.00022210297647173058,0.0006429739696243226,-0.004197902103206986,-0.0011955740387192566,0.0006843950990256721,-0.0005482601077045371,-0.0006822247155467691,0.00639418058608116,0.006945936522188452,6.243931497581561e-05,0.0036025867171754853,0.003140666527791736,0.0024945987924132173,-0.002721160199433395,-0.005469210747476942,0.0029443109635404058,9.451507821283268e-05,-0.0006961278574659551,0.00026987080148190896,0.0015575686299940576,0.0018599508589128239,0.0,-0.00011132093664571465,0.0,0.0,0.0,0.0,0.0,0.0,0.0,0.0,-0.0005888088494962635
2023-03-08,-0.00025854924993798953,-0.003723872499281108,0.000138352839935863,1.567264332742918e-05,-0.0013888006696489966,-0.0008335699304063579,-0.0009463274148850954,-0.00029294569917975193,-0.0005083782006551369,-0.0007569180177840422,-0.004084003708990027,-0.009705445176662861,0.0002338288714242323,-0.04865510697343676,-0.0029279473229731666,-0.004080761818837777,-0.0016350532192127008,-0.005922726873181147,-0.0024774646304573608,-0.014747737351756421,-0.0007488248337072017,0.00016474729411165146,-0.0022953547846676827,4.016697315842152e-06,0.00013493798751336862,-9.283389921756159e-05,0.00037081268404162476,-1.644579331835864e-05,-0.00011189909784344824,0.00012193670259875777,0.0026868432071114625,0.004925003013770036,0.005195001615335637,0.003970780997120246,-0.0014848790044872258,0.0008272378954162068,-0.00410380399130577,-3.866343800057735e-05,0.0012038326616939236,0.00016841397431565435,0.0009429842217094255,0.008787401595382613,0.008226605568361548,0.00037812083667503754,-0.00027775297750709245,0.00030794432800449807,-0.0017533083160074135,0.0019618611119385414,0.0014362784169802247,-0.0032701797624473633,-0.0007064759033113836,0.00023805646223227134,0.0021780489049606647,0.0009064064837260733,0.00015122135334505094,0.00028535755756686667,-0.0009601357700929441,-0.00019446920610601448,-0.0001771581909998988,-8.903078303666527e-05,0.0013575942420769494,-0.0007317008225323254,0.0020740709520950754,-0.0007201823463130877,0.0,0.0003974662034692375,-4.968711622096005e-06,0.00029504917815406856,-0.00122981478953729,0.0003520751489157373,0.001545335151185458,-0.0011937459294892679,-0.0002628209726144545,-0.002191954640273159,-0.0026383743853536984,-2.248766132039698e-05,-0.00036834146458457004,0.00019625243294744016,0.00022210297647173058,0.0006429739696243226,-0.005663624597295918,-0.000685970537019938,0.0008001674563017355,0.0015647923584399528,0.00198753536274534,0.00639418058608116,0.006945936522188452,-0.0005842466331101244,0.002848999749587559,0.003140666527791736,0.0024945987924132173,-0.001900128045096879,-0.005572111115569067,0.0026975161408897205,4.47700292802775e-05,-0.0004224577946980898,0.00026987080148190896,0.0007031908188374475,0.0019498662839888786,0.0,-0.00011132093664571465,0.0,0.0,0.0,0.0,0.0,0.0,0.0,0.0,-0.0005888088494962635
2023-03-15,-0.00011341713507706298,-0.003428285086373151,0.000138352839935863,2.7368232999416757e-05,-0.0009278800588801883,-0.0008335699304063579,-0.0013045152300330814,-0.00030322087225771147,-0.0005083782006551369,-0.0007569180177840422,-0.0041316434649444666,-0.009705445176662861,-0.0004741789017415675,-0.04802578733400394,0.0034382750079292234,-0.0036743315484429316,-9.084560641404465e-05,-0.0049948531522076706,-0.0003971833896578937,-0.014832889427948177,0.0008141080490715791,0.00016474729411165146,-0.0019289112039790402,-7.928806378830696e-05,0.00013493798751336862,-8.136501822605104e-05,0.0004620093683164691,-1.644579331835864e-05,-2.867498942384478e-05,0.00022583849970091957,0.0023548081645522125,0.0052902267840483665,0.005195001615335637,0.004047308710937042,-0.0014848790044872258,0.0008272378954162068,-0.0039026868244014675,-3.866343800057735e-05,0.0011959956777645836,0.00016841397431565435,0.0009429842217094255,0.009054571191044495,0.007926139953631733,0.0004014683943275208,-0.00027775297750709245,-0.00010651622657996232,-0.0017597198143469374,0.0018241481872281805,0.0014184182242737843,-0.0032701797624473633,-0.0007064759033113836,0.00024348866843572787,0.0027083497379627865,0.0011782993254720237,0.00015122135334505094,0.00028252458479037545,-0.0009601357700929441,-0.00019446920610601448,-0.0011763279498983423,-8.903078303666527e-05,0.0013575942420769494,-0.0005100961682305883,0.002638012061679157,-0.0007201823463130877,0.0,0.0003974662034692375,-4.968711622096005e-06,0.00029504917815406856,-0.00122981478953729,0.0003520751489157373,0.0019182771291342909,-0.0011937459294892679,-0.0002628209726144545,-0.002164594253597701,-0.0027962304419373737,-0.0002636980146974055,-0.00036834146458457004,0.00019625243294744016,0.0003462619805985445,3.8498768047607376e-05,-0.005942439982716271,-0.001348420458433301,0.0008001674563017355,-0.00030982065913655527,0.0015681907569989285,0.005966830301270317,0.006945936522188452,-0.0005913308471408341,0.002848999749587559,0.003140666527791736,0.0024945987924132173,-0.002500291373220407,-0.0052610777148700974,0.0027760501152857735,4.47700292802775e-05,-0.0006802475861134497,-0.00015140772017191814,0.0018784934095833958,0.00249469152327582,0.0,-2.883764437675192e-05,0.0,0.0,0.0,0.0,0.0,0.0,0.0,0.0,-0.0005888088494962635
2023-03-22,0.00011109031171313814,-0.0013093193758713932,9.010594833108756e-05,-0.0004791735218578925,-0.000893851685417127,-0.0008335699304063579,0.0005534987486690117,-0.0004707498486331961,-0.0005053569428418787,-0.0006814458055511626,-0.004088505243963772,-0.01094262016555618,0.00014554345085667877,-0.044363720478421555,-0.0033706287700169257,-0.0039569598161307545,-0.0006759364420317527,-0.005625661349421836,-0.0004073752768746025,-0.01347178558319922,-0.0005313105019571637,0.0003864393433628962,-0.003558929384415683,4.016697315842152e-06,0.00013493798751336862,-8.136501822605104e-05,-5.271629267129718e-05,-1.644579331835864e-05,0.00011794059439696696,0.00016905380131598054,0.005703678066155407,0.0041168784793128394,0.00546461919138063,0.0020846904856398575,-0.0014918293214051203,0.00016583845885372197,0.0025894514787216127,-3.866343800057735e-05,0.0011959956777645836,0.00016841397431565435,0.0003073815575929805,0.006108560684244899,0.007850846754622798,0.0003744571115587888,-0.00027775297750709245,0.00030577219328033797,-0.0014071314590307783,0.0018199667508944468,0.0016629164649641865,-0.0032701797624473633,-0.0007943669411220418,-0.0009007231981651836,0.0019882754850371535,0.0011782993254720237,0.00015122135334505094,0.00037559890646409605,-0.0009601357700929441,-0.0004845152411015297,-0.000975473293055913,-0.0005498174898489259,0.0013575942420769494,-0.00015676972337337147,0.0020611298588620796,-0.0007201823463130877,0.0,0.0003974662034692375,9.25488337658655e-05,-0.0004026372901446387,-0.00122981478953729,0.0005627319927059731,0.0010816312556105154,-0.0011859737854747706,-0.0002628209726144545,-0.0023369006034852174,-0.002660598657125472,-0.0012318546207022675,-0.00036834146458457004,0.00019625243294744016,0.00022210297647173058,-6.656233613743195e-05,-0.005462395944984466,-0.001348420458433301,0.001570995161385632,-0.0018242511744369998,-0.0006845103760397961,0.005651502362166213,0.006945936522188452,-0.00031052045922970597,0.0006091712280852462,0.003140666527791736,0.0024945987924132173,-0.002709322483382559,-0.005531447615632082,0.003170709137303535,-2.8801255844342054e-05,-0.0008870590942146706,0.0003024879350848887,0.0016317031911841468,0.00184913185918988,0.0,-9.238398016691988e-05,0.0,0.0,0.0,0.0,0.0,0.0,0.0,0.0,-0.0004711330355385376
2023-03-29,0.0006058190349674695,0.002477262075632149,0.0002361541266851105,-0.0003733384974604619,-0.000893851685417127,-0.0009519488680732908,-0.0014184142719580188,-0.0006791109681847523,-0.00034053969518826893,-6.0063036443854456e-05,-0.003503646913059607,-0.00385861505108604,0.00014554345085667877,-0.032410815264530574,0.00392556312463071,-0.00451821059491274,0.003497915730844861,-0.005278843769159153,0.0016953543375602903,-0.014713407381659924,0.0005374162696113851,-4.043485781033183e-05,-0.0014751814171468402,-7.928806378830696e-05,0.00013493798751336862,-0.00010537859360663812,-9.586070280970843e-05,-1.644579331835864e-05,-0.0006088209246941253,0.0001731929325472112,0.006290343725056306,0.004552947706531161,0.004475664905000546,0.0006353484554855711,-0.001992778626919632,0.00016583845885372197,0.0018316668967482109,1.3829009431228751e-05,0.0008846365920524814,0.000187040801543029,0.0009459447600415346,0.0037183145808129107,0.008068102495518568,0.00033260999724574777,-2.0163486809588507e-06,0.00044357135596356984,-0.0018059117062657448,0.002490468120545322,0.001783665245078927,-0.0032701797624473633,-0.0007943669411220418,-0.000895290991961727,0.002983921547400658,0.0018828052353375305,-1.354369550797706e-05,0.0004311717508551011,-0.00014313149857878764,0.0005291980556275445,-0.0014825549225001855,-0.00017204854676440917,0.0010137860993202157,-4.7748975998690576e-05,0.0025207475877730254,-0.00047601041029234287,0.0,0.00010840701634553053,0.0005031861657580031,0.0008548842047168383,-0.0016421168630863657,0.0007606059123494002,0.001454573233559348,-0.0011151628381229307,0.0004010388932147638,0.008426154851045475,-0.0014855071988719572,-0.0012318546207022675,-0.00036834146458457004,0.00019625243294744016,-0.00022679939398328726,3.8498768047607376e-05,-0.005205299487779297,-0.0009518290056703551,0.0012334698848185494,-0.0007191324758565406,-0.0004123333345400272,0.00046157971103573056,0.0012880363638312013,-0.0012541849942173111,0.0013732392534275303,0.0017423367986831124,0.0023581971249725534,-0.0023634120410877175,-0.00465790304092825,0.003044480671682513,0.0001314880994904029,-0.0011854825333002111,0.00031318496799407985,0.0024103845473803214,0.0016270320180705202,0.0,-8.714915791728575e-05,0.0,0.0,0.0,0.0,0.0,0.0,0.0,0.0,-0.0004711330355385376
2023-04-05,0.000508246235454247,0.003966116631709921,0.00019805159245988124,-0.0002157685265459072,-0.000658484164075427,0.00017059857992236615,0.0005372870866309029,-0.00023495197774543568,-0.00034053969518826893,0.00020031092929330245,-0.0036735720912983412,-0.0016402048847944742,4.26730881436346e-05,-0.02180397473111373,0.0031725342004767843,-0.003917529080556843,-0.0016439728206467075,-0.005436003578795862,0.0009186549205740864,-0.007379285268540457,0.0012591561707313479,0.0008866340002537856,-0.004217328506347354,0.00012464385423094417,-0.00018241447849419735,1.6207812411964947e-05,-0.00018705738708455283,-1.644579331835864e-05,0.0006211356791380805,0.0001681508724219192,0.004921496922224444,0.003048907831318137,0.00271690062964868,0.001277632769646376,-0.001990471481329914,0.0002839017711519417,0.0023045253841214738,-0.00025383524504544894,0.00033828900904582564,-0.0005074130649944487,0.0010454560084720381,0.0037255907436917184,0.007847081589933916,0.0006060149836955909,-2.0163486809588507e-06,0.0010364685650549215,-0.0006774342620762447,-0.005735354246513887,-0.001350743140583676,0.0061612947207109366,0.0013453630187835477,-0.0010098036298509798,0.0020120570396234406,0.001154562123204037,9.874013318019926e-06,-0.000973442309661456,-0.0009302314056611657,0.0013358890685105395,-0.0021258791940400846,-0.00047282341425812263,0.00046840674411016437,-0.00035052366994593336,0.0010084322651418482,-0.000822651613257542,0.0,0.00010840701634553053,-0.00036554258756789696,0.0004974435727303785,-0.0018093243807969757,-0.002425822683159212,0.0015124854535937086,2.4564855938195406e-05,0.001000128576740232,0.0048643977574501784,-0.000109057095606349,-0.0009906442673252589,-0.00031670190484601844,0.00037056548993949533,-0.00035095839811010116,3.8498768047607376e-05,-0.0037348971849547248,-0.0005488854999673272,0.0007122246322609157,-0.000978780287587426,-0.001175230155720095,0.0010678420855334723,0.00176837760189921,-0.00044465174398087713,-0.0012415497937253942,0.0017423367986831124,0.002013466855317795,-0.0028703549091897134,0.004169369157244754,0.003877250284403364,0.0006007625034912237,-0.0018135718068370485,0.00031318496799407985,0.0020331902134169866,0.001534880249757967,0.0,-8.714915791728575e-05,0.0,0.0,0.0,0.0,0.0,0.0,0.0,0.0,-0.0004711330355385376
2023-04-12,0.00011109031171313814,0.0030305551724963365,5.200341410585827e-05,-0.0004144918707525974,-0.000658484164075427,0.00105457765060648,0.0004868097390691829,-0.00023495197774543568,-0.00034053969518826893,0.00020031092929330245,-0.0036735720912983412,-0.007674475652303254,-0.0003754926267931708,-0.025016925237817355,-0.0031240412802272014,-0.003913007135347372,-0.00047506494407548676,-0.00533978326823298,0.00011464299840824026,-0.006847896749183029,-0.0005745603454815064,0.0014097470524816417,-0.0034001308023345325,-5.108444219398134e-06,-0.00018241447849419735,0.0003295077930006104,0.00042819553977700025,-1.644579331835864e-05,0.0008089012911201966,0.00015800097675912323,0.004700194213931826,0.003232462275629808,0.0021986141356837904,0.0028226543597606847,-0.001955417496615862,0.00024275818781629185,0.001700919991213766,-0.00025383524504544894,0.00033828900904582564,-0.0005074130649944487,0.0010454560084720381,0.0040121233604589225,0.007843316033160097,0.0005466052827771987,-2.0163486809588507e-06,0.0010386406997790816,-0.00067432200446021,-0.0059128660234291875,-0.0005999793687308672,0.0061612947207109366,0.0006248575184828089,-0.0010098036298509798,0.0017634986534290522,0.0010085250444490735,9.874013318019926e-06,-0.0013905586849576384,-0.0009302314056611657,0.0006799159624521684,-0.001925024537197655,-0.00019423484831903427,0.00046840674411016437,-0.00035052366994593336,0.0017513425998308637,-0.000822651613257542,0.0,0.00019826834656022925,-0.00010181635681697822,0.0006087689081889692,-0.0012171364845498976,-0.0008065677378562032,0.0013919790111349595,1.3760548358677886e-05,0.001000128576740232,0.007331067136410445,0.0002427104005455487,-0.0009906442673252589,-0.00031670190484601844,0.00037056548993949533,-0.00035095839811010116,-6.656233613743195e-05,-0.003731443002287295,-0.0005488854999673272,0.0015217586261132364,-0.0015013238445437988,-0.0003190332104519068,0.00037859783026351554,0.0013687168224539087,-0.0009733746063061832,0.0012140488780514307,0.0017423367986831124,0.0028750063454851295,-0.003005378292299304,0.003208157670341093,0.004271909306421125,0.0006007625034912237,-0.0015139010658361271,0.0002805678343911001,0.0020331902134169866,0.0016004180757166957,0.0,-9.238398016691988e-05,0.0,0.0,0.0,0.0,0.0,0.0,0.0,0.0,-0.0004711330355385376
2023-04-19,-0.00015057537066390757,-0.0034296175583590142,0.00010025030571063371,-0.000440146838455465,-0.0013547722961859353,8.115181556329134e-05,0.0006982499100873597,0.0003678447107852461,-0.0005870971071209216,-0.0011490400858349802,-0.00410553834996803,-0.009839004702691116,-0.0003754926267931708,-0.042928446747745264,-0.0028898626358198677,-0.004046079903941985,-0.0016402248810062315,-0.005736583004820292,-0.0016271132263391236,-0.013594510980839797,-0.0005745603454815064,0.0007152963723226502,-0.004665803128597471,4.016697315842152e-06,0.00013493798751336862,4.7389314204544e-06,0.0004083476043721386,-1.644579331835864e-05,0.0007079260953303961,0.0003638235373210543,0.005025684487548149,-0.002256527801586842,0.004890077211793262,-0.0013939440651682287,-0.0015988792366849215,0.0005946827609323303,0.0017735424236143527,-0.00030632769247725507,0.0008924735759818212,-0.0005074130649944487,0.0010379193710381084,0.004208719604999111,0.008627967879326449,0.0003744571115587888,-2.0163486809588507e-06,0.000799131305372988,9.053091076292707e-06,-0.00532674781460222,-0.0005999793687308672,0.005689790953554927,-3.1247243784904435e-05,-0.0010098036298509798,0.0014798200998917892,0.0008312343805079584,-0.00024929103690746104,-0.001999942714013114,-0.0009302314056611657,0.0013358890685105395,-0.0027359771345339674,-0.0005307895437946395,7.979738563606946e-05,2.141032333965163e-05,0.0005558906049861066,-0.0013094726370398387,0.0,0.00019826834656022925,0.00042229239022948864,0.00037417009933946786,-0.001374060513598042,-0.001053453149920387,0.0013210964278578686,0.0003795309350826988,0.001000128576740232,0.00640127241163757,0.00019806384418738412,-0.0010784124655162295,-0.00031670190484601844,0.00019625243294744016,-0.00035095839811010116,0.0006429739696243226,-0.003731443002287295,-0.0005331241173058934,0.0016941611188794148,0.0010169870987854746,-0.0011212122176698128,-0.000871293309692069,0.001992868444802033,-0.00015857536995809315,0.0004604619104635041,0.0017423367986831124,0.0015137064523037377,-0.0028924686989660288,0.0031841169305104325,0.003507171968581435,0.0006380785922819361,-0.0013461862482901,0.0002629120486764814,0.0007360565142112037,0.001911536900469076,0.0,-9.238398016691988e-05,0.0,0.0,0.0,0.0,0.0,0.0,0.0,0.0,-0.0005007409589220749
2023-04-26,0.00014212423462414467,-0.0036268909955740267,0.00010025030571063371,-0.0001937197566671983,-0.0012077567062139687,0.0004909984117196735,-0.0012423601168147576,-5.438495352472241e-06,-0.0004919843311682421,-0.0013849903515942533,-0.003844631904555932,-0.005283622315290698,0.00014554345085667877,-0.03772854163400565,0.003591018824939682,-0.0035767013633968754,-0.000723379399850284,-0.005634941560165609,0.00022030395360992164,-0.012989752252882207,-0.0004995071590196774,0.0010913011654670915,-0.005585183800241055,0.00012464385423094417,0.00013493798751336862,-7.529415608247372e-05,0.00037081268404162476,-1.644579331835864e-05,-5.225770654504187e-05,0.00014814335407293728,0.00480836867398674,-0.0013575810617422461,0.003431203294236452,0.0021899949149195444,-0.0011277118627153605,0.0005946827609323303,0.00243345714726479,-0.00030632769247725507,0.0008846365920524814,-0.0005074130649944487,0.0016490476512299997,0.00416871085783401,0.008121525243839245,0.0003092624395932645,-2.0163486809588507e-06,0.00018883238671129542,-0.00039302639688216286,-0.004990883024121886,-0.001350743140583676,0.0058809648553290505,0.0002492368370968765,-0.0008991264640832205,0.0019208668274628437,0.0011031272222539088,-0.00027953678306876146,-0.0017654953899089803,-0.00038943961440891794,0.0013358890685105395,-0.0038175759183022196,-0.0005307895437946395,-0.0008252728160183324,-4.773032782228327e-05,-0.002019382212318366,-0.000822651613257542,0.0,0.00019826834656022925,0.00042229239022948864,0.00039411254079213943,-0.001374060513598042,-0.0011319197835064298,0.0017067623368909259,0.0003795309350826988,0.001000128576740232,0.006725090661428751,8.111474562505582e-05,-0.0012115367563937903,-0.00031670190484601844,0.00019625243294744016,-0.00035095839811010116,3.8498768047607376e-05,-0.004568207892473647,-0.001348420458433301,0.0020285256753663637,-0.0007113987178618864,0.0007002368378151082,0.0005788502226891372,0.001402197477213055,-0.0012471007801866016,0.0004604619104635041,0.0017423367986831124,0.002074462308157954,-0.0028176464125216323,0.001619323669771234,0.0028893415472485843,0.0004224637292481672,-0.003168276798143868,0.00020179549010386285,0.0010597079342154023,0.0020044095019617625,0.0,-9.238398016691988e-05,0.0,0.0,0.0,0.0,0.0,0.0,0.0,0.0,-0.0004711330355385376
2023-05-03,8.112404571317742e-05,0.0027920380859800865,9.010594833108756e-05,-0.0003135141590955088,-0.000658484164075427,0.0005478575196333733,-0.0015701389941161373,-0.0003846332314079711,-0.0005616888028691725,-0.00025941472645297007,-0.0037147223550239986,-0.006753375267223782,4.26730881436346e-05,-0.026279375355334988,0.0036405204269822607,-0.004290898276720239,0.000791410946389098,-0.006201455219501287,0.0009074149780040249,-0.003505566693051861,0.0007981177185639138,-0.0005138182229051485,-0.003971085224237306,0.00012464385423094417,-0.00018241447849419735,0.0002922189387574271,0.0002396248608488582,9.071052296068348e-06,-0.0003228299785096724,-0.00010231493594892147,0.004794777474843795,-0.0017020182656556596,0.002083765278918589,0.002286083380827333,-0.0007868103344760578,-0.000856798400362483,0.0025637443746198965,-0.00033764248204855003,0.0006496480947579279,-0.0002472759206132886,0.0018861094775984425,0.00024103712033795606,0.006683631012861614,0.0004875862466434631,0.0007625469146760452,0.00018240346479917488,-0.001257550180477653,-0.0054959475900443625,-0.0017364523745056568,-0.0030624541513609303,0.00024079451516407848,-0.0003034424803965646,0.002650820569527032,-0.0026099609101488813,9.874013318019926e-06,7.703338380963417e-06,-0.0005980177204589114,-0.0005145220485230892,-0.0025837231406406432,-0.0003071044695729593,-0.0006293833963277293,-0.0005576028979484099,-0.00130986118234541,-0.00089612881583441,0.0,0.0003974662034692375,9.25488337658655e-05,-0.0005363926974365195,-0.0015240435206319398,0.0004404395599721794,0.0014190011324483,-0.00038073867138214165,0.00017050025424784855,-0.0025556485048656512,0.0002363249925742442,-0.0018198285694128837,-0.00010220641377511755,0.00037056548993949533,0.00044826571087536464,0.0004239956147073645,-0.006633782917636582,-0.0009518290056703551,0.0011911621482787993,-0.0023227349492358786,-0.0006213786726879964,0.00043934155553406286,0.0017459179429939868,-2.074494568451166e-05,0.00036486342115784145,0.003140666527791736,0.0015277698996690905,-0.003401888268832066,-0.007010482186684073,0.0031187166105939228,-0.00019294559604910637,-0.0039321850745683215,-0.0006735646526134721,0.003092460078033138,0.0025561142331796305,0.0,-8.714915791728575e-05,0.0,0.0,0.0,0.0,0.0,0.0,0.0,0.0,-0.0004963174140726721
2023-05-10,0.00016126704753549064,0.0027961648221699665,0.0001879072350803351,-0.00029955478106462893,-0.0008576816958681846,-0.00010633436509603088,0.0007039096137651103,-0.0005054016688128309,-0.00048166170696095455,-0.00033519637059934815,-0.0037147223550239986,-0.0021876155834954793,0.00014554345085667877,-0.026936729318502644,-0.0033619287305495004,-0.004298646975306862,-0.0006910385657414729,-0.006420987594526965,0.0001636822506069392,-0.0025319418979414675,-0.00022662728686163077,-0.00042247243614510746,-0.00387742858492365,-5.108444219398134e-06,0.00010747517407117688,0.0002922189387574271,0.0002396248608488582,9.071052296068348e-06,-0.0003228299785096724,-0.00010415722569866845,0.0049974465184125525,-0.0015323663213687813,0.0032794472586769033,0.002456179625358685,-0.0008342288718291305,-0.0012139605767160536,0.0025045375763313132,-0.00033764248204855003,0.0011891020242127265,-0.0002472759206132886,0.0018785174503023866,0.0004012518757995414,0.006679865456087794,0.0005294333609565042,0.0007625469146760452,0.00019411635444431137,-0.0013594206365463764,-0.00478096218900108,-0.0009856886026528484,-0.0030624541513609303,0.00024079451516407848,-0.00030887468660002103,0.0021610390507672975,-0.002463923831393918,-2.7512883513413136e-06,7.703338380963417e-06,-0.0005991373475297854,-0.0005145220485230892,-0.0023828684837982144,-0.0003361840763647974,-0.0006293833963277293,-0.0007164728056728885,-0.00126495222819175,-0.001729976441817349,0.0,0.0003974662034692375,9.25488337658655e-05,-0.0005363926974365195,-0.0015240435206319398,0.0004764109242099809,0.0012984946899895508,-7.809113780111993e-05,0.0003780911212391874,-0.002536447205459554,-7.423050886177176e-06,-0.0018198285694128837,-0.00010220641377511755,0.00037056548993949533,0.0003241067067485507,0.00031893451052232514,-0.006712506836301136,-0.0009518290056703551,0.001273625019546738,-0.002707401598733008,-0.00043173717936075814,-0.0015290857750786993,-0.0015669196408436585,-0.00012789909718908943,0.0016021278843269568,0.003140666527791736,0.0015277698996690905,-0.0034308250536845245,-0.006258960113413497,0.0035317609382338306,-2.9066326378999486e-05,-0.003969506719281977,0.00020028465898797352,0.0030419588960098652,0.002254137849142039,0.0,-8.714915791728575e-05,0.0,0.0,0.0,0.0,0.0,0.0,0.0,0.0,-0.0004963174140726721
2023-05-17,8.112404571317742e-05,0.0026013796920460975,0.0002361541266851105,0.00018493820391397148,-0.000658484164075427,-0.0005119847730802251,-0.0015701389941161373,0.0006616724774827128,-0.0004119572352600243,0.0002851460867811824,0.00041489189726877607,0.001655496592226844,0.00014554345085667877,-0.014028668396926673,0.003498451729584813,-0.0042936672318028375,0.001999991311324699,-0.0064232797516396226,0.0009074149780040249,-0.0016158396905125738,0.0008518237652101754,0.0008841988111886982,-0.0028923751487541158,-7.928806378830696e-05,0.00013493798751336862,9.186625699023686e-05,0.0002396248608488582,9.071052296068348e-06,-0.0002218775226342328,-9.393771711500252e-05,0.004446826781908933,-0.0016680630909519823,0.002083765278918589,0.0026592043489871244,-0.0008635877382317719,-0.0009888399499332896,0.002326679682109479,-0.00033764248204855003,0.0011959956777645836,-0.0002472759206132886,0.001600741756206703,0.0004560297859701202,0.006995519291889592,0.000529318040391634,0.001038283543502179,-0.0002581924618481317,-0.0015472287642666494,-0.00498134454890376,-0.0017364523745056568,-0.0013354152672964456,0.00024079451516407848,-0.0003034424803965646,0.0035444575645223915,-0.002463923831393918,-1.354369550797706e-05,-7.651749927072468e-05,-0.00046338718902302634,0.0010468010533859107,-0.0018464956177331958,-0.0005856930355120476,-0.0006293833963277293,-0.00010669413796427825,-0.0010664858944318869,-0.0016488016533846043,0.0,-0.001021588104592062,0.0003495048510897137,0.00020920487515016409,-0.0008682486151853574,0.00047665109724967806,0.0013610889124139394,-0.0002713047151569073,-0.0003569524793837301,-0.002028797005165685,0.0001950013380269874,-0.0018198285694128837,-0.000793814161763315,-0.0004911220844538141,0.00044826571087536464,0.0004239956147073645,-0.00601068279028217,-0.0007370158526075565,0.0021290541716820375,-7.369079931783594e-05,-0.001051885995199582,-0.0018466429981100307,0.0021874452818257495,-2.074494568451166e-05,0.0015536397277631409,0.003140666527791736,0.0012189954045547656,-0.0034267109977529505,-0.005165342426110535,0.0008594441464458012,0.00014791539538053298,-0.0028862816847489885,0.0001241861445462064,0.0024599041390413025,0.0031027522191810386,0.0,-2.883764437675192e-05,0.0,0.0,0.0,0.0,0.0,0.0,0.0,0.0,-0.0004963174140726721
2023-05-24,-0.00015057537066390757,0.0008963203903594326,0.0002361541266851105,0.0001952913841206928,-0.0008406832638411697,0.00024280181667380422,0.0005942644454768469,0.000709272917764719,-0.0004119572352600243,-0.00039360673877489273,0.0005702361986183412,-0.0022214746932732302,-0.0003754926267931708,-0.03776442360193331,-0.0030731495864073726,-0.004594055678346774,-0.0010842080734208312,-0.006314851090240157,-0.0016336705529642153,-0.0023877118999072995,-0.0005745603454815064,-0.00013434047329087748,-0.003429927609134859,-5.108444219398134e-06,0.00013493798751336862,-0.00013366925846084306,0.00021180774704296059,9.071052296068348e-06,-2.1482129042625657e-05,-0.00012694930395339976,0.001061517412708789,-0.0013686263341181888,0.0012419111984792728,0.003649150117117143,-0.001737449346946054,-0.0011047947424079824,0.002437402047981289,3.526742813267389e-05,0.0012038326616939236,-0.0002472759206132886,0.001945494292202852,0.000463467004944971,0.007559186013148927,0.0005294333609565042,0.001038283543502179,9.131705951254476e-06,-0.0014625155711124227,-0.004680669058263885,-0.0004883688428585337,-0.0021594691448362643,0.0007921972721713272,-0.0002891661168086132,0.002153055601240334,-0.00258766096280364,-1.354369550797706e-05,-0.0001756717239754608,-0.001138809511711159,0.0001414510575352819,-0.0013870585019975256,-0.0005026752717843038,-0.0006293833963277293,3.3937311470882666e-06,-0.0010903263050596101,-0.001138777903595962,0.0,0.0003974662034692375,0.0003495048510897137,0.00020920487515016409,-0.0015240435206319398,0.0005578782264400576,0.0015174517616383624,-0.0002713047151569073,0.00048461842637865095,-0.0020027571847864886,0.00020580855081413647,-0.0018198285694128837,-0.0001273845120942061,0.00037056548993949533,0.0003241067067485507,0.0010284708162840797,-0.006530844998320039,-0.0007370158526075565,0.0018200719696513322,0.0013700869015225272,0.0007466434739172344,0.0014073427834607568,0.0022318950051591303,0.00026006544222661646,0.0016441289391101637,0.003140666527791736,0.002467447659506505,-0.0038260785563058574,-0.0063384942466617996,0.002655655925481598,9.425000767817525e-05,-0.004165995084395161,0.0001241861445462064,0.001815647462700454,0.002317353335230965,0.0,-9.238398016691988e-05,0.0,0.0,0.0,0.0,0.0,0.0,0.0,0.0,-0.0004963174140726721
2023-05-31,0.000237158229665109,-0.0030026684359417957,2.805632444391103e-05,-0.0003711283317406291,-0.000828689535760424,0.00012442287900687131,-0.0012368755283312274,0.0004494259985443552,-0.00014830441102985323,0.0010255641066666526,0.0004420488616589154,-0.005376074499998345,-0.0003754926267931708,-0.03261908656046463,-0.0007978656010928156,-0.004276722292238462,-0.0006848248195704197,-0.00598281419700933,0.00074700556815924,-0.002139367727443619,-0.0005427570025440202,2.739129897412068e-05,-0.0031422742675883603,-7.928806378830696e-05,-5.1130719714638974e-05,-0.00012827123961290987,0.0004380854542998929,9.071052296068348e-06,2.2952149481092333e-05,-0.00013828278786366283,0.0005950960797927955,-0.0014815857729060364,0.001471782856237275,0.0038349395501569654,-0.00185646858154369,-0.0016491265359612063,0.0023731354550593966,3.526742813267389e-05,0.0011610397778564507,-4.439674920596665e-05,0.001766726170082164,0.00043574938024268985,0.0075783368222319646,0.0003672118948412526,0.0010545124366510205,3.04065220120042e-06,-0.0014658148118359118,-0.005024889277458321,-0.0012391326147113422,-0.0021594691448362643,0.000704306234360669,-0.0002891661168086132,0.0021576542592912223,-0.0028511689853555357,0.000419817053782813,-0.0012117931839331997,-0.000757758932366646,0.0001414510575352819,-0.0029304482659608905,-0.0005566134287202095,-0.0002855752535709956,-0.000393961222883532,-0.0014206734433191003,-0.001219952692028707,0.0,0.0003974662034692375,-3.7079493220932346e-05,0.0001871929142265113,-0.0015145306191283073,0.00117551764158829,0.0013364087240623449,-9.323895197050272e-05,0.0006210875178879204,9.677566726877678e-05,0.00012886994728388338,-0.0018198285694128837,-0.0001273845120942061,0.0004184715047038204,0.0003241067067485507,0.00031893451052232514,-0.0063731407025871874,-0.001736118800035659,0.002511672005247791,-0.0011529211778525,-0.0010054793590974559,0.0050962312968949285,-0.0015403982616093133,-0.001064479418145985,0.0019397918536327358,0.003140666527791736,0.002331045992065842,-0.006853210866532203,-0.006664683461841066,0.0030783760856160644,4.450495874562007e-05,-0.0042456045499065275,0.0001937722870401418,0.0025576900744635226,0.002659943122450551,0.0,-9.238398016691988e-05,0.0,0.0,0.0,0.0,0.0,0.0,0.0,0.0,-0.0004963174140726721
2023-06-07,-0.00015057537066390757,-0.0030260190059225186,0.0001087589237220964,-0.0003843620622461456,-0.0012337550190391216,0.00024280181667380422,0.0005282271298141277,0.00010803243235465303,-0.0004549785951593246,-0.0004915999324202778,-0.0009295077995593769,-0.013067714532249117,-0.0003754926267931708,-0.04214393447844085,-0.004154256244696486,-0.0036925446767061957,-0.0011024888681974443,-0.004912864618581228,0.0006892156093422765,-0.008835577012299584,-0.000823227971145614,-0.00040324898711064625,-0.00024283735049793775,-5.108444219398134e-06,-5.1130719714638974e-05,-0.00013366925846084306,0.0003130929736831576,-1.644579331835864e-05,-5.934946770334257e-05,-0.000167862758490294,0.00011959970137232673,-0.001457011167597871,0.002646864396050509,0.003859387115116458,-0.0015140235100363176,-0.0011346777936156508,0.0022215585151753076,0.0002803978641692883,0.0011688767617857906,-0.0002472759206132886,-0.0006306155365596238,0.008666876277802077,0.008924067113841994,0.0003652232476563496,-2.0163486809588507e-06,0.0005065972345268642,-0.000992804322433956,-0.004032240055630069,-0.000598284166868126,-0.0009704268811311874,0.000704306234360669,-0.0002891661168086132,-0.001981018333578897,-0.003124834888202751,-0.0002769341701917838,0.0005446623078494034,-0.0007491204786206767,-0.0011420961877583388,-0.0029418051946651243,-0.0002812805846473892,-0.0006293833963277293,-0.0005370335582028287,-0.001986265607354024,-0.0017181682032447157,0.0,0.0003974662034692375,0.00019574747818054846,-0.0010361907084995747,-0.0011886955754412426,-0.0002984600618650274,0.001273814501637956,-0.00020519755662500594,1.55163849077908e-05,0.0006515852544319079,0.00012886994728388338,-0.0017776031553861228,-0.0002567182124242166,-0.0003145079808300564,0.0003241067067485507,-0.0003700741481339414,-0.006421921071137136,-0.001348420458433301,0.0024822477416240646,-0.001903541916394105,-0.00044849352854217596,-0.0013147838550570737,-0.0021886571834999285,-0.0007907532442655666,0.0012219645906572478,0.0039098292451245275,0.0028050591895855985,-0.004353339231183511,0.002684938527114808,0.003896348834971309,0.0003459951042286286,-0.0037469889777626475,0.0001937722870401418,0.0007245976716374169,0.002111407435147101,0.0,-0.00011132093664571465,0.0,0.0,0.0,0.0,0.0,0.0,0.0,0.0,-0.0004963174140726721
2023-06-14,0.000237158229665109,0.001530149656912568,0.00020656021047134397,-2.0943382301244907e-05,-0.000828689535760424,0.00024280181667380422,-0.0012630306155087796,-0.0005382143111154939,-0.0005259365217414327,0.00030120474587291997,1.7210848174918842e-05,-0.004788520360479812,0.00014554345085667877,-0.04164630285011063,0.003921821259137051,-0.003425050103912207,-0.0006535083037420185,-0.004265760501667626,0.001218626891845923,-0.0030749062292633332,0.0005374162696113851,-0.0005076289936331073,-0.0006395995196869979,-7.928806378830696e-05,-0.00018241447849419735,-0.00012220037746933253,0.0003293476490842279,-1.644579331835864e-05,0.0002728973883616976,0.0003655332323668269,0.0004443758638324695,-0.0015292002712802306,0.002646864396050509,0.004043669255583134,-0.0016444885184632779,-0.0011357725969857423,0.0025279757121084464,0.0002803978641692883,0.0006496480947579279,-0.0002472759206132886,1.821514307290141e-05,0.009347669238318571,0.008211709211710745,0.00037726891699916393,9.206439338888317e-05,0.0005395799216750231,-0.0009570093736836681,-0.003961492079131874,-0.0005796506240791186,-0.0009704268811311874,0.000704306234360669,-0.00027226608871740155,-0.001749345531728623,-0.0031815322604204664,-0.00025611907424276446,0.0007012323724297722,-0.001366185097830809,-0.0011420961877583388,-0.0034612515393260277,-0.0003363706925702228,-0.0006293833963277293,-0.0005043494779690661,-0.001842891762440198,-0.0014733452392663065,0.0,-0.00014332548016268053,0.00019047765587593103,0.0016020142014631469,-0.0018568713286292735,-0.00012208456522656396,0.0013610889124139394,-0.0004092154415603109,1.55163849077908e-05,0.0006707880483807177,0.00044955659427455783,-0.0018198285694128837,7.930599249966079e-05,-0.0003964282397945276,-0.00020265613139964098,-0.0004830293340426779,-0.004648307579227958,-0.0009518290056703551,0.0024822477416240646,-0.0006704287742242922,-0.00043173717936075814,-0.0012385862644518444,-0.0003507230511684876,-0.0010715636321766947,0.0019397918536327358,0.0039098292451245275,0.002467447659506505,-0.004193438438814862,0.0036082707844371027,0.005213104812670648,0.0002036266044009875,-0.003921218855564928,0.0001241861445462064,0.0012703807124010656,0.00199675805913719,0.0,-8.714915791728575e-05,0.0,0.0,0.0,0.0,0.0,0.0,0.0,0.0,-0.0004963174140726721
2023-06-21,8.112404571317742e-05,0.0020030757562940855,-0.0011578259950052,-0.0003240873243513357,-0.0005663179845212111,-6.373538227873068e-05,-0.001256330973338879,0.001259229314487978,0.0010631250157521178,-0.0006393983782560037,-0.0032195769137517254,0.002648184540093115,4.26730881436346e-05,-0.03399423027741699,0.006339538977697861,-0.004264826339763008,0.0033038473524566367,-0.0003842844303577107,0.0008383865110769453,0.0013848699939370901,0.0007981177185639138,-0.0006689730839151308,-0.0006444037362374551,0.0002956371401468811,-0.00018241447849419735,-0.00019741388370507278,0.0004858214228426465,-2.5147146287156435e-05,0.00011296577179542164,-0.00016233138746181848,-0.005715705846171974,-0.0017020182656556596,-0.0038805543161090006,0.0032873104341980077,-0.0020356045476352517,-0.0006881155533717397,0.0006137537236288767,0.0007809952651397578,0.0006496480947579279,-0.0002472759206132886,-0.0007785939049943451,0.008590053790499435,0.008606987396074678,0.00039481590590217936,0.00013699532962879415,-0.00015586159989526343,-0.0017096272857582346,-0.004083553814460132,-0.0008420226702693108,-0.0005739139241411926,0.0007257101786953638,-0.0001398459600884917,-0.00103297900180757,-0.0022128403555424113,-1.1075911293990367e-05,0.0003552539486798996,-0.001231554566394924,0.0004192269141506615,-0.001716280032082686,-0.00041071445275566544,-0.0008615619329642993,-0.00023539170113322098,-0.00450676377458571,-0.0017051160266288745,0.0,-0.0004608906366465515,0.00034693944917107153,-0.000552027271517196,-0.00032345482317162725,-3.439826581254764e-05,0.0018453033445066083,0.0007131795958112655,-1.0427907474113404e-05,0.00030562120865853805,0.0009873065912942554,-0.0018198285694128837,-0.0001661006606299651,-0.0003964282397945276,-0.0002998513113979045,0.00019683190350607273,-0.0012411661267999194,-0.0007370158526075565,0.0016544057055728014,0.002410477516379594,0.0005105953444878701,0.0005171575454539447,0.0013335458807818127,-0.0006835990927609888,0.0003592973480807328,0.003785011648478093,0.003171265359684495,-0.005151041812673387,0.004184241069508915,0.001528554665406578,0.0003378276674699522,-0.002648753196976607,0.0001241861445462064,0.002963846509935849,-0.00434365619945722,0.0,-8.714915791728575e-05,0.0,0.0,0.0,0.0,0.0,0.0,0.0,0.0,-0.0004963174140726721
2023-06-28,3.380303804306554e-05,0.005434491065894098,-0.0015078239047157805,0.00011923016887903731,-0.0004334058748764961,-7.330069380626346e-05,0.000676570429747084,0.0010466602854630853,0.00026740647103884593,0.0008903703792193938,-0.0047352924296713,0.0013975400111338257,9.2021803311241e-05,0.014060923207971872,0.007418336803773002,-0.004695243262303397,0.003022002747553381,0.0008215382217170691,0.0009886040337050215,0.02434906272681668,0.001786291120024461,-0.0006037727665725749,-0.00028169380835483247,-7.928806378830696e-05,0.00010747517407117688,0.0003234796718863383,0.0004858214228426465,-2.5147146287156435e-05,0.0003504277852414265,0.00031939385693641854,-0.004366342837932409,-0.0018668091605906036,-0.00307449505797741,0.0032668820594134937,-0.002490401909333617,-0.0001423175460362792,0.0009891243725138014,0.0009265856580237784,0.0011891020242127265,-0.0007905895461484858,-0.0006718540461126265,0.007893744163405507,0.007954998784812772,0.0007129441984717866,0.00013699532962879415,-0.00032849918738695675,-0.0025135201338890513,-0.004474235483760702,-0.0011727988456286067,0.0007737997629793149,0.0006378191408847057,-0.0002318407112323592,-0.0015030173944384699,-0.0019486428169872962,-0.00021529391753004763,0.0003386694890082525,0.000201218935921169,0.0003848130910739698,-0.0013626249343508283,-0.0005525882755440789,-0.0008401998102163968,-0.00023539170113322098,-0.0045010126564177366,-0.00041407954183658903,0.0,0.0003974662034692375,0.0007536231775664749,-0.0006296431178062264,9.425936825308969e-05,3.842299113293384e-05,0.0013610889124139394,0.00012875823705905886,-0.00044151738420024263,0.0011549980875209134,0.002335358548295896,-0.0018198285694128837,-0.0001471676769968893,0.00037056548993949533,0.0002768991764872888,0.00019683190350607273,-0.0022210018233155713,-0.00041521674540359767,0.0010087514897074278,0.0002359007956828829,0.0007688412310576199,0.001960948350197082,-0.0014446237790611699,0.00018714758760034612,0.0006360189519917663,0.003785011648478093,0.0022165587043950566,-0.006447452430287083,0.0038849434211138934,0.0013816955411694956,0.0003925047480477587,-0.002349012542991531,0.0002808925973116762,0.0027170562915366007,0.001925069563277532,0.0,-8.714915791728575e-05,0.0,0.0,0.0,0.0,0.0,0.0,0.0,0.0,-0.0005040995866665201
2023-07-05,-0.00010060373811297212,0.001177035927877679,-0.0022380700446646214,-0.00036294407663033736,0.0004948311350995147,0.000571133429338181,0.0005404410415414871,0.000887229849883245,0.00035042748325241654,-0.0014716537695224048,-0.0038836143659719746,0.0014917446176735457,-0.0007913171375500102,-0.04870534902949119,-0.004034044485459537,-0.004512959765218126,-0.0006886777166962899,0.0029022079089376625,0.00042731271050652623,-0.0027118304315621585,-0.0005760834621295746,-0.0005434037809539491,0.003138980351572846,4.016697315842152e-06,-5.1130719714638974e-05,-3.0573774206169877e-06,0.00034043914551308097,-2.5147146287156435e-05,0.00013360040662483178,0.0003512477361631265,-0.005981322908750984,-0.0006346366446299098,-0.004178901978346432,0.003086092423234599,-0.0012686736734219195,-0.00015431272622181465,0.0015798696696448318,0.000652736297245647,0.0011471050221816552,-0.0007905895461484858,-0.0036343518285968006,-0.0036865461798652466,0.008646447684041119,0.00053616073736251,-6.876822093899377e-05,-0.0002684001480969592,-0.002133552945084997,-0.0041253730433614836,-0.00016487141578422742,-0.001891950799812974,-0.00046754642976617496,-0.00039852415015142155,-0.004605919073551411,-0.002309956806311106,0.00022144231647332145,0.0002212965158259263,-0.0006144899471847916,-0.0002367461919077097,-0.00023128326796507086,-0.00024825122993677015,-0.0009070742083593183,-0.00016713217836808312,-0.0050925727240473785,-0.0018963340601102511,0.0,0.0003173868329508811,0.0002701744872083841,-0.0008563090868018478,3.4852536562667436e-05,-0.0005481594196884215,0.0008205915579353867,0.00021457203317503748,5.2192549315382075e-06,-0.0010446797340104086,0.0006641433605272885,-0.00045993360818336623,-0.00061428428651941,-0.0004911220844538141,-0.0010854465652786458,0.00017686293893789232,-0.0013386521460269734,-0.0013994657740209195,0.0017550652389107563,-0.0008787709747026345,-0.0007947669901610005,-0.0010560630621235271,-0.0021904518326317955,-0.000889593868884603,0.0015350429659878957,0.004315972666800509,0.0035880698314077215,-0.007511466724445179,0.002496489553877761,0.002646234254396638,0.00019012891076224125,-0.0032056420718741658,-0.000462411783251592,0.0005870430464071548,0.0017279558524261403,0.0,-9.238398016691988e-05,0.0,0.0,0.0,0.0,0.0,0.0,0.0,0.0,-0.0010567355956325047
2023-07-12,-0.00010060373811297212,-0.004368786441784157,-0.00037719892509816786,-0.00036294407663033736,0.0004948311350995147,0.0006845718877246504,0.0005713930912839969,0.0014897076998350014,0.000513404728005044,-0.0013239792928523403,-0.004053021592716813,-0.0023517414684424403,-0.0007913171375500102,-0.045798549621982154,-0.0036195611023245784,-0.0047586399418688115,-0.0006886777166962899,0.00047814026708809085,-0.0008643286932318652,-0.002709242551298519,-0.0004096877098487984,-0.00011286419206421442,0.0032852539277133247,4.016697315842152e-06,-5.1130719714638974e-05,-3.0573774206169877e-06,0.00034043914551308097,-2.5147146287156435e-05,2.848671198768811e-05,0.00036146724474679247,-0.00543743113696693,-0.0006068959892331937,-0.004178901978346432,0.0035623014337018543,-0.0016444982944465618,-0.00024113630724338658,0.0015798696696448318,0.000652736297245647,0.0011471050221816552,-0.0007905895461484858,-0.0037962028767314212,-0.004053990710203537,0.008713215625812346,0.0006059934542032715,0.00013699532962879415,0.0006727041788550882,-0.0018820297892331679,-0.003977467758148628,-0.00026117857895274917,-0.0017521507388673873,-0.00046754642976617496,-0.00048742564064076834,-0.00464519465318657,-0.002309956806311106,0.0004339849456520277,0.0001243719071608127,-0.0007491204786206767,-0.0011420961877583388,-0.00046891271723990705,-0.00024825122993677015,-0.0009070742083593183,-0.00016713217836808312,-0.007005252828223941,-0.0014469515281970782,0.0,-0.0007526796011230124,-9.867788143790203e-05,-0.00037043068336679863,-0.00029797527143466627,-0.00024892815291225023,0.000795911369583792,0.00031275143098635305,-0.0003110269209519573,-0.0013904216091624709,0.0010012954829885228,-0.00045993360818336623,-0.0008221312542490214,-0.0004911220844538141,-0.0010854465652786458,0.00021629746196742084,-0.001642518124572608,-0.001348420458433301,0.0015234714014702357,-7.721716908080283e-05,-0.0007947669901610005,-0.0011099957191083331,-0.0021904518326317955,-0.0006121314590626961,0.0006917473465085495,0.004315972666800509,0.003677120635011223,-0.007327218611868556,0.0026577353652569545,0.006472587084380954,0.0001293077791766559,-0.0041225930767528444,0.00011384841336868929,8.188824517442808e-05,0.0020856658161178035,0.0,-9.238398016691988e-05,0.0,0.0,0.0,0.0,0.0,0.0,0.0,0.0,-0.0010567355956325047
2023-07-19,-0.00027909515004743133,-0.004917856525744598,5.539112572162737e-05,-0.00036294407663033736,0.00018573355735423296,0.0006772944746425806,5.077279483619096e-05,-0.0016031273410365763,-0.00019283245307146225,-0.0020223309946360846,-0.004976596034744174,-0.002319808988457559,0.00024725176300055063,-0.045118354698126716,-0.004119951336227085,-0.0047082863701656446,-0.0004697135413484375,0.0012348616644603445,-0.00018641742728397212,-0.006620100865489705,-0.00034784654204467224,-0.00011286419206421442,0.00435346451631876,-5.108444219398134e-06,0.00010747517407117688,-0.00013306361912682115,0.0003795985375339779,-2.5147146287156435e-05,-0.0002577652015250364,0.0003727925683892934,-0.0072220597012531695,0.0035791238566908502,-0.005045954533775889,0.0036978424452377675,-0.0014218018619600074,-0.0006921936960701735,0.001506537525305719,0.000424859163835873,0.0011689441962473496,-0.0007905895461484858,-0.0037965045053215234,-0.004987686325526633,0.00845750979612838,0.000380983434355053,-0.0001387412991973395,0.000790406970628534,-0.0027161803248737645,-0.003838135368485555,-0.00020210341643071028,-0.001012077841878524,-0.00046754642976617496,-0.00045717359429170516,-0.0037246996539015047,-0.002347861611898226,0.0004421747399316858,0.0001243719071608127,-0.0007491204786206767,-0.0005533000816261618,0.0006233755938998907,-0.00024825122993677015,-0.0009070742083593183,-0.00018559652366570293,-0.007492034884718598,-0.0013151023468106818,0.0,-0.0004608906366465515,-0.0010129592971004993,-0.0004158549877705381,0.0007021798181954216,0.0005290578965050909,0.0011062591251082361,0.00014761318586504503,0.0001389088524319067,-0.0014367483692142116,0.002363953180575706,-0.0004380260584650823,-0.00023154011410512804,-0.00011709190596938264,0.0007432302283852462,-2.1645749956010034e-05,-8.527218385726682e-05,-0.001348420458433301,0.0008826024578770967,-0.0007337281450107263,-0.00040850121044114674,-0.000724749810788403,-0.0013237126503051356,-0.0006121314590626961,0.001409574609484038,0.004315972666800509,0.004014732165090317,-0.006355716291432563,0.0030984595308465846,0.004355125905286023,4.5766426405231574e-05,-0.0034551429635873935,0.00026987080148190896,0.0003153024970680667,0.0016619815394864166,0.0,-9.238398016691988e-05,0.0,0.0,0.0,0.0,0.0,0.0,0.0,0.0,-0.0010567355956325047
2023-07-26,4.793490162205129e-05,0.002489686310207275,9.249937385171656e-05,-7.512245338823191e-05,0.00018573355735423296,-4.695803946321168e-05,-0.001216818959340735,-0.0019157965722316672,0.00040555619662020206,-0.00187465651796602,-0.0039048253657930606,0.0037369420868288306,8.432688648580332e-05,-0.04694818675108546,0.006783938433143126,-0.005126560007354519,0.0006645889741937567,0.0026912478951272153,0.0007690364168582108,-0.0019947365656170528,0.000848414926051582,-0.0006392399467745626,0.003004564187778699,-7.928806378830696e-05,-5.1130719714638974e-05,-0.00013306361912682115,0.0005353887926775273,-2.5147146287156435e-05,2.1195549975691226e-05,0.0003498903037772621,-0.00673780888956023,-0.0012764040471692742,-0.003637374868583723,0.0032280322002448377,-0.0005435411076015888,-0.00011318633458315812,0.00243421564770961,0.000424859163835873,0.0011408819498910738,-0.0006045733243041511,-0.0037962028767314212,-0.004426773129178959,0.008387596377480107,0.000575595186697146,9.848112046741731e-05,0.00023689775027111874,-0.003230784880960661,-0.0038428582670093922,-0.0001834698736417028,-0.002494778058004697,-4.6627679360622526e-05,-0.0006009689839537352,-0.003634472726203823,-0.0028895490480553183,0.0004339849456520277,0.00023168747810487164,-0.0006918824022135502,0.0003520499142244674,-0.0005211014718958909,-0.00031036019143922735,-0.0009070742083593183,-0.00018559652366570293,-0.0047440253839380955,-0.0024507110792824694,0.0,6.838411379542393e-05,-0.0001606582380961224,-0.0001394919560839863,0.00104129340553595,-0.0012792066938026158,0.0011935335358842195,0.00045800658397621765,3.116354731344234e-05,-0.0014919207108525351,0.001173100355607189,-0.00045993360818336623,-0.00061428428651941,-0.0004911220844538141,-0.00026147206323691473,-1.676785387829622e-06,0.002356935777854663,-0.0013994657740209195,0.0001563037398770347,-0.0006704287742242922,-0.0011494986651018205,-0.0007580434454798593,-0.0012800572331637678,-0.000548732179229796,0.0013190853981370151,0.004315972666800509,0.003906997405444521,-0.0077286736527354925,0.0006953043253283442,0.003515349031973764,9.511872321828355e-05,-0.003124494810712224,3.621983681434709e-05,0.00040869140186775525,0.002033706616418325,0.0,-2.883764437675192e-05,0.0,0.0,0.0,0.0,0.0,0.0,0.0,0.0,-0.0010567355956325047
2023-08-02,0.0011221825728645167,0.002725058048319751,0.00014117500990687456,-7.512245338823191e-05,0.00018573355735423296,-4.695803946321168e-05,0.000766543316369747,-0.0018122688312551978,0.0010286092829282563,-0.0014606113410600063,-0.0035607568736901536,0.0034078876009516887,0.00024725176300055063,-0.045900509100619886,0.0041254065762381205,-0.00324636077201724,0.001222953657516204,0.002455583096254854,0.0009196648628166115,-0.0010713173289614451,0.0008615590354012943,-0.0006708122039498498,0.0023520866844520616,-7.928806378830696e-05,-5.1130719714638974e-05,-0.00013306361912682115,0.0005353887926775273,-2.5147146287156435e-05,-0.0002577652015250364,0.0003766342100928854,-0.00571618509082218,-0.00111495274048873,-0.0037107784743281996,0.0031099634313486255,6.377745163928784e-05,0.001194665925168655,0.0026998137665517935,0.000507741757824835,0.0011408819498910738,-0.00015712097245294864,-0.0007930822459005175,-0.006467309551218877,0.006751166433631977,0.000650520509570028,9.848112046741731e-05,-2.2073347449559172e-05,-0.00235218614758833,-0.00720781632895349,-0.00019496349403220773,-0.0017748911481850753,-0.00010328755654265378,-0.00023217554718908627,-0.0015604561408508332,-0.002696144864379017,0.00033016452534521056,0.00015201596663460984,-0.0013960708278354936,0.001369371590639848,-0.0002644116757502744,-0.00031036019143922735,-0.0009064874838253419,-0.00022301599377861064,-0.004890090013530353,-0.0018264044471955551,0.0,-0.00022587424902639986,-8.101591676020383e-05,0.0006424044814964214,0.0015011435412333254,-0.0003289329827486219,0.0006405000532700964,0.0005666161147996122,3.116354731344234e-05,-0.0023329365045041406,-0.0008687189542871623,0.0001094064121943544,-0.0007283259788638065,0.00037056548993949533,2.4872072900953058e-05,0.00017133597767533893,0.0018110574162217789,-0.0013994657740209195,0.0013289005396707413,0.0004967551905580128,-0.00040850121044114674,-0.0009377021420291463,-0.0010614758445378054,0.0005142753845330831,-0.0007773133407793311,0.004315972666800509,0.003906997405444521,0.004575805576325995,0.005835534996865776,0.004253864017007356,0.0003046503043870286,-0.002248491510745086,0.0002329017925909533,0.00045216803085349155,0.0015941877322869372,0.0,-2.883764437675192e-05,0.0,0.0,0.0,0.0,0.0,0.0,0.0,0.0,-0.0010315512170983702
2023-08-09,-1.3908839480186262e-05,0.0029688364101567557,-0.0025036105341068723,-0.0004723855172238166,0.00018573355735423296,-4.695803946321168e-05,0.0006810382595722603,0.001163465929407387,-0.0003694831694900741,-0.001188928805074515,-0.0031339197515078076,0.0011366448534496122,-0.0007913171375500102,-0.04384160529833629,0.0037612444438157137,-0.0033754711524754915,-0.0006322645183000827,0.002775541901166259,0.0009196648628166115,-0.0014967940116573872,-0.0006583553355129059,-0.0006150666711259814,0.003043860874725047,0.00012464385423094417,0.00010747517407117688,-0.00013306361912682115,0.0005353887926775273,-2.5147146287156435e-05,-0.00044513636936523913,0.00036641470150921944,-0.004698042789338963,-0.0008235813090592467,-0.0033759318878277137,0.0030022084506449846,-0.00016537779783401153,0.0002534295133855067,0.002438715521212793,0.000507741757824835,0.0011689441962473496,-0.00015712097245294864,-0.0007897849033905104,-0.005905508490154955,0.006554695267893251,0.0006370360488825947,-6.876822093899377e-05,9.467130314180685e-05,-0.002509644436725017,-0.007197880186195242,-4.243209866344172e-05,-0.0017748911481850753,-0.00010328755654265378,0.0008400886783875457,-0.002115226586826522,-0.0025621494629347,0.00012581169044616235,0.00018841873564293671,-0.0010974523004617,0.001369371590639848,-0.0002644116757502744,-0.00031036019143922735,-0.0009064874838253419,-0.00022301599377861064,-0.006308288831476627,-0.0007624824521845638,0.0,0.00044083431563098036,0.00016504834931301666,0.0004919938714256205,0.0013215974198416596,-0.00032874803296005067,0.000698412273304457,0.0005439340050095298,3.116354731344234e-05,-0.0018119315656186133,-0.0006638125087061212,-0.0001654164007225758,-0.00061428428651941,-0.0004911220844538141,0.0002140255884952178,0.00017133597767533893,0.0009450438532698015,2.09836409528183e-06,0.0013289005396707413,0.0003053914553356152,-0.0007947669901610005,-0.0013871526256113043,-0.0007906011804781383,-0.0007460346509961046,0.00017000105129721423,0.004315972666800509,0.003906997405444521,0.003959253461232772,0.0060429908822268955,0.003544282271759797,0.0003925047480477587,0.0011497258394664448,6.883697041732687e-05,0.00047443279946963736,0.0007661590218194151,0.0,-0.00011132093664571465,0.0,0.0,0.0,0.0,0.0,0.0,0.0,0.0,-0.0010315512170983702
2023-08-16,4.793490162205129e-05,0.0023848095532672735,-0.002861002205745565,-0.0005119483610409063,0.0006518759903650588,-0.00020722312729436155,-0.0007871614258139323,0.0014694249517137588,-0.0004612191722054598,0.0005522397192105724,-0.003143226781811979,0.003805555130197272,0.00024725176300055063,-0.016077732345681526,0.004470560099194245,0.0007614139825690653,0.0018184695501655625,0.0032064317604554634,0.0006668471501383537,0.001669379154445668,0.0008109845439032482,0.00033683878540624905,0.0020622122175841125,0.00012464385423094417,0.00010747517407117688,-7.92444359537116e-06,0.000521035592532394,-2.5147146287156435e-05,3.4750640585189986e-05,0.00036641470150921944,-0.003573812465302837,-0.0013614890248794197,-0.003153924914406323,0.0026501150591475824,-7.596611105413777e-05,0.0002654246935710421,0.002639832688117096,-0.0002077901164437359,0.0011689441962473496,0.00030732309371210505,-0.0007897849033905104,-0.006664942555883641,0.006717279840107945,0.0006929689468880304,0.00011018351760666591,-0.000832490654279273,-0.002935188256294479,-0.008628687721785697,-4.243209866344172e-05,-0.0014178823916921734,-0.00010328755654265378,0.0001821568578974752,-0.0025268583361688617,-0.0028217305715116095,0.0003918047780069468,0.0001412067583878691,-0.0010974523004617,0.002025344696698219,-0.0002644116757502744,-0.00047282341425812263,-0.0009064874838253419,-0.00022301599377861064,-0.005438472548163352,-0.0021788265915393796,0.0,-0.00022587424902639986,0.00016504834931301666,-0.0006279382380508785,0.0021173898892352496,-0.00026476768433349326,0.000698412273304457,0.00041525707652149166,-0.0008091781427832692,-0.0023676407156365243,-0.0008689960592595336,0.0001094064121943544,-0.0008535506800745147,0.00037056548993949533,-0.0001678019537567747,0.00017133597767533893,0.0015670800208847182,-0.0013994657740209195,0.00012910064707563097,-0.00014058966559058123,-0.0010286500262799707,-0.0020227269669161312,-0.0016009461436089258,-0.0007267035926706786,0.00017000105129721423,0.004315972666800509,0.0037705957380038575,0.004563900892168521,0.004930754933303402,8.41661549389641e-05,0.0003378276674699522,-0.0017803529331368501,-0.0003536961352068451,0.0022184706576152164,0.0013961683594051694,0.0,-2.883764437675192e-05,0.0,0.0,0.0,0.0,0.0,0.0,0.0,0.0,-0.0010315512170983702
2023-08-23,-1.3908839480186262e-05,0.0026870094629014283,-0.0018023079326876061,9.836069553742957e-05,0.0007142781469954435,0.00011062590974005987,0.0006320142798775487,0.001078373875844046,-0.0004612191722054598,-4.1085323500906365e-05,-0.0031597158204680624,0.002333307221932029,-0.0007913171375500102,-0.015513719388962916,-0.0026740360839730254,0.00042742396946790566,-0.0007028951430990012,0.0033761058456165272,0.0007234826904535881,0.0037713237346907904,0.0004853103719983779,-2.00185882551765e-06,0.0020746635286143173,4.016697315842152e-06,0.00010747517407117688,0.0006791063151784694,0.0004989180587227458,-1.644579331835864e-05,-0.0002158978322807673,0.0005867943642562108,-0.0035751726637475033,-0.0005547049598049205,0.002149648061797331,0.0029731323116247363,-0.0012590629681411064,0.0002654246935710421,1.2340767190010935e-05,-0.00038412187937437986,0.0011689441962473496,0.00012130687186777032,0.00012117169377334176,-0.005372672434137931,0.006560914813597139,0.0006667472366705161,-2.8828160703087084e-05,-0.0008639576222932334,-0.003327158823516726,-0.008201400906234632,-4.243209866344172e-05,-0.0006778094947033102,-0.00010328755654265378,0.0005830038605764812,-0.0021150926914229977,-0.0025027764179905007,0.0003918047780069468,0.0001412067583878691,-0.00047281946549202554,0.001446391264842382,-0.0006288887111718752,-0.0002233144551108724,-0.0010096387856023846,-0.00022301599377861064,-0.004197340817525525,-0.0014971788330376563,0.0,0.00044083431563098036,0.0001987319398444565,-1.4467200199288051e-05,0.0006287579037662648,-0.0019638895995418323,0.0002675580753212636,0.0005439340050095298,-0.0008091781427832692,-0.0023582068030541096,-0.001287347867664867,0.0001094064121943544,-0.0008535506800745147,0.00037056548993949533,-0.00023806378122459817,-0.000401888636096336,0.0011586056086764882,-0.0013994657740209195,-0.001614205565704414,-0.0005774155206713423,-0.0007947669901610005,-0.0003798803878367707,-0.0012720222551945689,-0.0008961471520670793,-0.0005780352330466323,0.004315972666800509,0.0037705957380038575,0.004191351729178253,-0.0001617901811868553,0.0007098833513046856,0.00020512659791502373,-0.0026259044282172473,0.0002329017925909533,0.001707917751725841,0.00021561675843287094,0.0,-8.714915791728575e-05,0.0,0.0,0.0,0.0,0.0,0.0,0.0,0.0,-0.0010315512170983702
2023-08-30,-1.3908839480186262e-05,0.00279224036148157,5.088373491729176e-05,-0.0004276081924505437,-0.00015462267337526634,0.0009100905523470664,0.0006320142798775487,0.0011573502673235278,-3.536751700430127e-05,0.000261143954006751,-0.0011555098727946236,0.002306205301508493,0.00024725176300055063,-0.007190877747650496,0.0033383972950660526,0.0008574301499118714,-0.0004032709737595197,0.0033502600096223948,0.0007626305050448478,0.0140258329023275,0.000547151539802504,0.000256112409060645,0.00430714082945648,0.00012464385423094417,0.00010747517407117688,0.0006791063151784694,0.0004989180587227458,-1.644579331835864e-05,0.000852266469434032,0.000590044099580771,-0.005672407864339535,-0.0005822529164312308,0.0021513717196714245,0.00404252965953126,-0.0012590629681411064,0.0005966878399435038,0.0008819391003185927,-0.00038412187937437986,0.0011689441962473496,0.00012130687186777032,0.00012776537206809677,-0.006495183873490972,0.006667959803974411,0.0006667472366705161,-2.8828160703087084e-05,-0.0008408158505662522,-0.0033558382731503017,-0.01072844219496763,-0.0001834698736417028,-0.0004004765966000006,-0.00010328755654265378,0.0004941023700871344,-0.0006372467313282011,-0.002604600259352732,0.0006043474071856531,0.000177609527396196,0.00027739517871561625,0.000989842310449646,-0.0009160149433317476,-0.00019597573597871404,-0.0008157010273547854,-0.00013561711051403205,-0.004697362794933682,-0.0019491989397774304,0.0,-0.00022587424902639986,0.0001987319398444565,-1.4467200199288051e-05,0.0006452763348854325,0.0001528534694259379,0.0013423008931047926,0.0008438731868809962,-0.001016769009774608,-0.0025477389001556565,-0.0006683311777721246,-0.0001654164007225758,-0.0008535506800745147,0.00037056548993949533,-0.00023806378122459817,-0.0005148438220050726,0.0012507204900505484,0.00032389747129924065,-0.0007188368482396367,-0.0004010857277156819,-0.0008027125936520045,-0.0021383731830235844,-0.0010880948903312815,0.0011393671389357406,-0.0015698634678517282,0.004315972666800509,0.0037705957380038575,-0.0019963115680107805,0.002430435665534652,0.00026629865758115955,0.00012478868101634116,0.0017922022771022276,-0.000814423040765042,0.0017301825203419868,0.0024515571774871266,0.0,-8.714915791728575e-05,0.0,0.0,0.0,0.0,0.0,0.0,0.0,0.0,-0.0010315512170983702
2023-09-06,-3.2500189535571175e-05,0.0016842765626100065,-0.00035546275451592377,-0.0004276081924505437,-0.00015462267337526634,0.0013107872446743618,0.000307158973030599,-0.001680869414579064,0.0006321246843899392,-0.0001486991628119574,-0.0005900775925092374,0.0023502366825809942,-0.0007913171375500102,0.01072321371445703,0.004089547302630864,0.01213539566510793,0.0015695256388174189,0.0029697220999738237,0.0015012244877256548,0.013519993005377115,-0.0004096877098487984,0.0003240008239085644,0.004744443700943816,0.00012464385423094417,7.259425693384325e-05,0.0005305478666289656,0.0003814056043804075,9.071052296068348e-06,-0.0005020194303322267,0.0005851327913428091,-0.007380521669133286,-0.0012355606123729051,0.0013408587304955303,0.005011505702261374,-0.0011625449810447222,0.0004922404425349927,0.00077188440351421,-0.00044974250722815845,-8.969602449694323e-05,0.00023348600298078444,-0.00011771594291785104,-0.0011639018765616136,-0.018354890257253776,1.026475771717688e-05,0.0008106327402189708,-0.000970526704390408,-0.0041198046201828585,-0.005354304304198888,-0.000857913718805447,3.3156901507283e-05,-0.0016379130294045471,0.0004550370421780229,0.002276178110111807,-0.00171215700551537,-0.00020911433033476339,0.000177609527396196,0.0003319577934888236,0.0008906614410966184,-0.0004982416684381698,-0.00030884535723263906,-0.0007703454394527977,0.00017773316085211284,-0.002952501186889247,-0.002239984133911101,0.0,0.00013543299007629832,0.00012676528572431398,-0.001642329581284984,0.0004224051424848312,-0.0006001279311492229,0.0013423008931047926,0.0005674109325233221,-0.0004897658620140146,-0.002279008551778664,-0.0018396192308097387,-0.0002215593575354061,-0.00010401636363680346,0.00030576713446892046,-0.00022193923549302928,-0.00012934697534531546,0.001779416356178367,0.0004793038508192492,-0.0016328623204885592,-0.0006022940905700113,-0.0011889783733718582,-0.0017272395418431595,-0.0008412206018504652,0.0012454114184992412,-0.0017547921226706753,0.0028513930102241763,0.002663422434276342,-0.0011198882241025563,-0.003639566043050421,-0.00022353126410863656,0.0010032896922794986,0.0007827596484650687,-0.000814423040765042,0.0023059146012860713,0.0026046880886521073,0.0,-9.238398016691988e-05,0.0,0.0,0.0,0.0,0.0,0.0,0.0,0.0,-0.00040402177282221254
2023-09-13,-1.3908839480186262e-05,0.0016842765626100065,-0.00035546275451592377,9.836069553742957e-05,-0.00015462267337526634,0.00038354780808366935,0.0006810382595722603,-0.0019144923193279222,0.00017722875054862822,-0.0003166625636210402,-0.0009740825231301767,0.0019551635308950525,0.00024725176300055063,-0.004154594221976184,-0.004176777502947086,0.012146224534338288,-0.0016028216558678459,0.002221972137772816,-0.0004908794388987483,0.003950557412754057,-0.00034784654204467224,-0.0003351270248276415,0.0054991635321767,-5.108444219398134e-06,7.259425693384325e-05,0.0005305478666289656,0.0003814056043804075,9.071052296068348e-06,0.00015814490873249727,0.0005851327913428091,-0.0075965765389556196,-0.0007002469315738463,0.0017564865476201606,0.0035134874536261198,-0.0011625449810447222,0.0004231850054464784,0.0006744534976394858,-0.0005018676202974756,-8.969602449694323e-05,0.00023348600298078444,-0.0003476431422228956,-0.0011058166456837787,-0.02030806892477143,7.685011939796585e-05,0.0008106327402189708,-0.0009356720430182902,-0.004134149992074518,-0.005405173736435605,-0.0008765472615944545,-0.0004004765966000006,-0.001042996027365661,-0.0005016426142326634,0.001606530708371045,-0.001145846250763291,-0.00020911433033476339,0.000177609527396196,0.0005411170608740515,0.0008906614410966184,-0.0009443498445925418,-0.00011840455933658517,-0.0007703454394527977,0.00017773316085211284,-0.0032091247731324823,-0.0019702993913892153,0.0,-0.0004608906366465515,0.00012676528572431398,-0.001642329581284984,0.0016139860477134838,-0.0011296041960633227,0.0005779058308457076,0.0006603668704322865,-0.0009121063661651476,-0.0025965869180076427,-0.0031766364846725465,-0.0002215593575354061,-0.0007437847537424026,-0.00045826189791039703,-5.479516362564025e-05,-1.639178943657894e-05,0.0011113884419301915,0.0004793038508192492,-0.0016328623204885592,-0.00040374198856848315,-0.0008027125936520045,-0.0016853844881452786,-0.001263334122264641,0.0005762514425891096,-0.0017699527759978055,0.0028513930102241763,0.0021940641335957438,-0.0011117088126287849,-0.003817566588080215,0.00021245889819352802,0.0010504502460952575,0.0007827596484650687,-0.00013171561078760178,0.001817877977057783,0.0023723859277795024,0.0,-9.238398016691988e-05,0.0,0.0,0.0,0.0,0.0,0.0,0.0,0.0,-0.00044712756138690605
2023-09-20,-0.00010060373811297212,-0.004971959598932735,-0.00019016428180324056,-0.0002535341751086563,0.0007786905646228712,0.00045222493038209926,0.0006324816876831739,-0.0017565526497399016,0.0009559580833947826,0.0008223995401572207,-0.0007399424737609795,0.001118070225524331,-0.0007913171375500102,-0.007113574987858246,-0.004835966385139263,0.005021375753796507,-0.002123130717532859,0.002501720497324924,-0.0006911694275305132,0.00035051914018660395,-0.0004096877098487984,5.9491671883128374e-05,0.0038292239586398135,4.016697315842152e-06,7.259425693384325e-05,0.0005354149328037197,0.0004035231381900557,-4.411356354509514e-06,-8.613133686472416e-05,-0.00016462874773392284,-0.005873281269904898,-0.0011111739671099525,0.0018956059013549302,-0.0010623551561132357,0.004808160022859667,0.001027323416600632,0.0005404587891032663,-0.0005018676202974756,-8.347295220636198e-05,0.00023348600298078444,0.0007461163995269956,-0.0011847070463777115,-0.019840578290545696,-8.579442904440497e-05,0.000354106620406648,-0.0013793654230797859,-0.003491246577467215,-0.005969833008641332,-0.0008765472615944545,-0.0005868697064062277,-0.001042996027365661,-0.0005016426142326634,0.0014991551886937684,-0.0014011291244470279,-0.00020911433033476339,0.00019408348988133087,-8.35157740956231e-05,0.0008136417668940845,-0.0006384240422910224,-0.00011840455933658517,-0.00011274720022392821,0.00017773316085211284,-0.003319685487561099,-0.0008436456331443272,0.0,0.00013543299007629832,-2.0221199656084168e-05,-0.00047343506091320755,0.00016713161635259252,-0.0013380100816068553,0.000462201088947368,0.0012549983685979419,-0.0010334628318163287,-0.002470312982548686,-0.0032129901799326705,-0.0002215593575354061,-0.0007437847537424026,-0.00045826189791039703,-7.819640148753943e-05,-0.0002665504284607702,0.0013021459536526345,0.00021628090293580654,-0.0013025638570522556,-0.0008405678436492442,-0.0011889783733718582,-0.0012787662921724561,-0.000407214470111518,0.0013595067610882984,-0.0002713731419777316,0.0028513930102241763,0.002257859558142689,-0.0009269018221810823,-0.00344360885525617,0.0005676933746911748,0.001160308835202399,-0.0006217748639522172,-0.0010020505977513072,0.0014602817110578108,0.002199407004450815,0.0,-9.238398016691988e-05,0.0,0.0,0.0,0.0,0.0,0.0,0.0,0.0,-0.00044712756138690605
2023-09-27,-7.194503143959933e-05,-0.0036470560730779283,-0.00019016428180324056,-0.0002535341751086563,0.0007005586350282253,5.24213686540085e-05,-0.0007347698409694578,-0.0018127137157421384,0.0009559580833947826,0.0012077612231257407,0.00033596087471003005,0.0011149091297128068,0.00024725176300055063,-0.007476794120902013,-0.005206441608178892,0.005031147855546919,-0.0009346232264329432,0.0022943794728598867,-0.0008417978734889139,-8.68587421320579e-05,-0.00034784654204467224,-6.091959882975488e-05,0.004345394257097527,4.016697315842152e-06,-3.059970439101765e-05,-0.00013306361912682115,0.0003082516125263608,9.071052296068348e-06,0.0005408514879495808,-0.00018446366276084965,-0.005936011494378913,-0.0007882702818224627,0.0018956059013549302,-0.001116475408410646,0.005298313055316857,0.0011908340979636836,0.0005404587891032663,-0.0005018676202974756,-6.0488672018434086e-05,0.00023348600298078444,0.0007231115231803814,-0.0013149958597580514,-0.019087991343274394,-0.00015237979072519394,0.0008106327402189708,-0.0013793654230797859,-0.003491246577467215,-0.00569235046429343,-0.0009356224241164933,-0.00036871926002754896,-0.001042996027365661,-9.321541614751314e-05,0.0016844978349226218,-0.0014011291244470279,-0.0001792657567354351,0.00019408348988133087,-8.35157740956231e-05,0.0008136417668940845,-9.7880086527955e-05,-0.00011840455933658517,0.000907186718704297,0.00017773316085211284,-0.003491910115196247,-0.00023758995538397432,0.0,0.00013543299007629832,0.00024350503109483453,-0.00046433962994138066,0.0007171065715934872,-0.001384518158873243,-0.0009603949158145948,0.0012441940610184244,-0.0010334628318163287,-0.003059660104074418,-0.003420303573371858,-0.0002215593575354061,-0.0007995449061470399,0.00030576713446892046,0.00019787330854831891,-4.538573724470785e-05,0.0013021459536526345,0.00021628090293580654,-0.00240248359662386,-0.00016586115086423251,-0.0008027125936520045,-0.0011970318866244582,4.409402141156225e-05,-0.00011014702740482072,-0.0002713731419777316,0.0010733503914897755,0.0018717096340829036,-0.0009789089688727907,-0.003628640437041263,0.0008389276269670694,0.001160308835202399,-0.0003641939759269928,-0.0010020505977513072,-0.0003027251692577338,0.0019238444020022042,0.0,-9.238398016691988e-05,0.0,0.0,0.0,0.0,0.0,0.0,0.0,0.0,-0.00044712756138690605
2023-10-04,-0.00010060373811297212,-0.004695456075933489,3.419039761211406e-05,0.00023949576466739743,0.0007888441684004758,0.0006754271866606176,0.0005647671146665673,-0.0019288452631143589,0.00015877184300052186,0.00026599244479214804,-0.0013219466980862109,0.0010117803875303445,-0.0007913171375500102,-0.008473807749042984,-0.00447359309720566,0.02103333713570432,0.0025895916724232577,0.0037694870923561784,-0.00030551261237666123,-0.0012087359207129207,-0.0004473532371789353,0.0007500893117869349,0.002719723557047881,4.016697315842152e-06,-3.059970439101765e-05,-0.000128196552952067,0.0003618844982303019,-2.5147146287156435e-05,0.0005882788834944104,-0.00018844433237634573,-0.00477214228931177,-0.00116408599379993,0.0014544704050770282,0.0001520876299213727,0.005313802632157089,0.001027323416600632,0.0008960784721651203,-0.00043562686730831695,0.00037033855930897105,0.00012573972187134589,0.0019749519042074515,0.0031469050000991483,0.007392743753110218,-0.0018454787326584424,0.0002953035639735542,-0.0008217940754289727,-0.0029164242515803862,-0.0039175474357403895,-0.00042244031884583835,-0.0016711746316765785,-0.0006982045585815399,-0.0005710964715998493,0.0006771374111186114,0.002444371476486549,0.0005479685185941132,-3.574714305167232e-05,0.000354373623373748,4.0056797954679015e-05,-0.0009951339596519248,-0.00011840455933658517,0.0008998208625849817,-0.0002156138310070277,-0.0033056937563417017,-0.0006856821283277301,0.0,-7.010170434970799e-05,-0.0009921016930116765,-0.0003436029538603576,0.0018152662881190953,-0.0004932830280187992,5.48012769363386e-06,0.0018340912676389485,-0.0008958885556990646,0.014440379625269166,-0.0014836938656073223,0.0001346333506550318,-0.0010255529759746512,-0.00045826189791039703,8.436244338886991e-05,-5.650947699845182e-05,0.002465066792134228,3.584689445013972e-05,-0.0014135876358131847,0.0008020262042150285,-0.0011889783733718582,-0.0013989809927444088,-0.001015741325695893,0.00047195244576612983,-0.0003363572868332819,0.0011396003189574847,0.005134582049062386,-0.002736769540788003,-0.003849933312833289,0.0013740247864453513,0.001099234386676642,0.00043366365645096215,-0.0008184967477005553,-0.00038370867597551403,-0.00166661310290544,0.0,-9.238398016691988e-05,0.0,0.0,0.0,0.0,0.0,0.0,0.0,0.0,-0.0010315512170983702
2023-10-11,-7.194503143959933e-05,-0.004605761573014541,5.08950591107705e-05,0.00023949576466739743,0.0006247026553660686,0.00021236216708213533,-0.0009012992679520387,-0.0012700641081878855,0.00015877184300052186,-0.0007765506203453021,0.0010526776352746165,0.0010176943324814603,0.00024725176300055063,-0.02030046270370025,-0.004757408089528134,0.017868121376191586,-0.0007547766473939573,0.003944574810246949,-0.00041955248231358004,-0.00020839966991791135,-0.0004704041734520615,0.0006981303719869174,0.0046010570956570565,4.016697315842152e-06,-3.059970439101765e-05,-0.00013306361912682115,-0.0004712703010066532,-1.644579331835864e-05,-0.0005326218371445302,0.0005505577786769033,-0.005124560876806542,-0.0010365370551519678,0.0015163218199877985,-0.0007346927927860845,0.005803955664614278,0.0011670482101977441,5.6377040008412875e-05,-0.0005018676202974756,0.00036411548701838984,0.00019206528124813546,0.001804113838968942,0.0025143471283968263,0.0073103265101972514,-0.0014731815818944817,0.00015629188566380122,-0.0008566487368010904,-0.0029382840592818743,-0.0037433062598953297,-0.0004974065299040135,-0.0019802648663523404,-0.00010328755654265378,6.160325338096146e-06,9.407723256649028e-05,0.0019303627231755261,0.0005689184432061236,-3.574714305167232e-05,0.000354373623373748,-0.0001501688454474037,-0.002543593021932889,-0.00047147406247245407,0.0018341192158427633,0.00010169923458836031,-0.002977896406568693,-0.0006856821283277301,0.0,-0.0002938782340769796,3.2650335337123095e-05,0.00034111640667774604,-0.00021828299621939727,-0.0013225935904154214,-0.0005540111356363217,2.5491792081994548e-05,-0.0008958885556990646,0.013907972512982423,-0.0014500879141559663,0.0001346333506550318,-0.00109815815366611,0.00030576713446892046,0.00011308009589884311,-0.0004308825839044649,0.002021245803497747,-0.0009233745052015239,-0.0017179817267694109,0.00046360821453638265,-0.0005455415485478278,-0.0010478629631082428,-0.0006589945033599333,0.0004290105379856389,-0.00032883552934298506,0.0011396003189574847,0.004358911324539382,-0.003248605654499571,-0.004319345462074449,0.0024724465770651653,0.001099234386676642,-0.0011086137741955402,-0.0008184967477005553,-0.0006673024649155591,0.0006263427791842087,0.0,-9.238398016691988e-05,0.0,0.0,0.0,0.0,0.0,0.0,0.0,0.0,-0.0010315512170983702
2023-10-18,3.3327555707603626e-05,0.0015575635655615742,9.914195071554594e-05,0.0002600510881484875,-4.112290119152316e-05,-0.00014582341807800137,0.0003249479466056031,-0.001491615748206226,0.0003928713709016858,-0.000300938471263327,0.0011799051250389095,-0.0013815537865189938,-0.0007913171375500102,-0.007534678152170389,0.004876852367931649,0.020615802316649463,-0.0005582017188776955,0.0036848316916135273,0.0009196648628166115,-0.0016026875955051443,-0.0004473532371789353,0.0009072305683777774,0.002742131654494365,0.00012464385423094417,-3.395849293109348e-05,-0.00013306361912682115,-0.00205959603946327,-2.5147146287156435e-05,5.617199652580316e-05,-0.0002407132578352649,-0.004897306625067219,-0.0014412336938979713,0.0014054089455715652,-0.0007758092496967066,0.005264841725489273,0.0011634746648989391,0.00044518288776575476,-0.0005018676202974756,0.00036411548701838984,0.00019206528124813546,0.0017563343003600702,0.0032610726619627236,0.006726303220385164,-0.0018454787326584424,0.0002953035639735542,-0.0011487818752498487,-0.0026416401238072143,-0.005233873396907819,-0.00041969782459296706,-0.0016711746316765785,-0.00010328755654265378,-0.00022301444605097426,0.001115784978809939,0.0019303627231755261,0.0005689184432061236,0.0004863146716150363,0.000354373623373748,2.1478779881931942e-05,-0.000972298482905267,-0.00027049050690264727,0.0008612444062683329,0.00016103311394788573,-0.001499620533670095,-0.0013571256747278327,0.0,2.8327645827174103e-05,0.00055675908238359,0.0003649198472033686,-0.0008499266262828591,8.428046859513679e-05,6.634641024235176e-05,0.0008820863186922938,-0.0009282989957869961,0.013925969860625822,-0.0011221851958311902,0.0001346333506550318,-0.0010255529759746512,-0.00045826189791039703,-0.0005337770460709479,-3.654051243027141e-05,0.0021197646942305356,-0.00013655686499609057,5.789556260413475e-05,-0.0006682411501617236,-0.0011889783733718582,-0.001176453508451754,-0.0009472933571278328,0.00026676132654753534,-0.0003439961826701152,0.0011459685101587937,0.004745061248599168,-0.0031573135101525185,-0.004089901513838808,0.0023037264461224388,0.001220091828238779,0.00028758394211569546,-0.0013401805996249344,0.0026595970992914202,0.0018612246024090086,0.0,-9.238398016691988e-05,0.0,0.0,0.0,0.0,0.0,0.0,0.0,0.0,-0.0010315512170983702
2023-10-25,-7.335985149714982e-06,-0.0012317377266462186,0.00011108463713990757,0.00019581013191127453,0.00018530194991424405,0.0003362028419400216,0.00045358489219951906,-0.001478906693456589,0.000416928098590755,-0.0011367336002974606,0.0011861886801156694,0.0010517708001334142,0.00024725176300055063,-0.014334725338159828,-0.004325053291763072,0.012337235888604085,-0.0005489613584389112,0.0038310784334114386,-0.00023000115568157253,-0.0012578573286240134,-0.0006341796950389167,0.0005212088934945437,0.002607203245379843,4.016697315842152e-06,-2.874203801718762e-05,-9.454891380850726e-05,0.0003940488539655126,0.0005441561793460603,0.00034338824029446003,-0.00021931667803421173,-0.004679030273285657,-0.001203366942062484,0.0013596928638896437,-0.0010339622903492995,0.005313802632157089,0.0011670482101977441,-0.00013624605701473684,-0.0005018676202974756,0.00037033855930897105,0.00019206528124813546,0.0017663281122124433,0.004335170967951958,0.006313836480657068,-0.002364168866840978,0.00041086029794170666,0.0008478261630316065,-0.0022372636379666584,-0.005115936950599382,-0.0004383313673819746,-0.0018517509710936674,-0.00010328755654265378,-0.00022301444605097426,0.001020617532744648,0.0019303627231755261,0.0008241011473019512,0.00014033624786516374,0.0003086300152205075,0.0009376431157279534,-0.002540901050161941,-0.0002011281535562473,0.0014046871352884106,0.00014892757504956106,-0.002722607366871452,-0.0018898733765729515,0.0,0.00011818897604187281,0.00055675908238359,0.0001391529209722875,-0.00025773873003578104,-0.0009564613801239145,0.0016152036284871885,-0.00040127122084854163,-0.0008958885556990646,0.013229182651623842,-0.001405436870964602,0.0001346333506550318,-0.0009134790009944796,0.00030576713446892046,-0.00091312888608325,-0.0004783667474849623,-0.0011064979422614626,6.087452341579802e-05,0.0007413232346316148,-0.0007315405209481577,-0.0003890973656204158,-0.0015360586531119062,-0.0014791599745519698,0.0006468970917072104,-0.0004091745917231786,0.0029176429376918853,0.004745061248599168,-0.0028410081348150783,-0.004131127816673837,0.0019092162498616097,0.002154815960194634,-0.0002743137531503036,-0.0008184967477005553,0.0019253090195179422,0.0010392866322149565,0.0,-0.00011132093664571465,0.0,0.0,0.0,0.0,0.0,0.0,0.0,0.0,-0.0010315512170983702
2023-11-01,6.021610057172489e-05,0.001227131692868852,-0.00020117293472881616,0.0002612785887696437,2.895426438724698e-05,0.00023941710615813826,-0.0005329435284429605,-0.00026580563819334196,0.00043847078873992314,-0.004159045205815768,-7.121614990271831e-05,0.0011871940411381397,8.432688648580332e-05,0.03296451062408298,0.006402156778894691,0.019211842993663526,0.002436772612193713,0.0041266505660849054,0.0008596935993918397,0.0011698061990934017,0.000848414926051582,0.00021031431110088715,0.0019264314987225719,-7.928806378830696e-05,-2.874203801718762e-05,-0.00013306361912682115,0.0003940488539655126,2.3025280612688275e-05,-0.0010345547125638864,-0.00023630994673219262,-0.0025550699872535264,-0.0001414616919449743,0.0013389742743626489,-0.0003885845173236275,0.005673638125786419,0.0012952814953721948,0.0002795199714725053,-0.00010932365469450898,0.0006754745727304921,-2.9440717386561155e-05,7.819366823252957e-05,0.009653536008243601,0.009590305873669514,0.0002991955518179192,0.0004457537006368662,-0.0006363875663949249,-0.003305968343546744,-0.004170460323306803,0.00026396678607832366,0.0006804304146096722,0.0015000723177240331,-0.0002966832445614965,0.0013749284241062055,0.0049228887373728705,0.001631614919766762,-1.2835781999436998e-05,-0.0011125316586225573,-0.00095013864597878,-0.0021560786002784,6.001126874532171e-05,0.001524806044860202,6.652203387339126e-05,-0.001509882087783286,-0.0009965344817376089,0.0,0.0003173868329508811,-0.00044458322854472993,0.00016257338730219534,-0.0020055595981242564,-4.769248802325621e-06,0.0012940443256958302,0.000560344913900908,-0.001285847503985645,-0.0005808618253409727,0.0021159915375475956,0.0002960262672382614,-0.00019004317972421444,0.00037056548993949533,0.00042616979482715625,-0.0002431981191579017,-0.0015404205416989529,0.00015967542026972957,0.0023616554012852032,-0.00019483729171916467,-0.000503194128415968,0.0021542681315586316,-0.0009318456127969437,0.00013736468704764331,-0.00042486463862109796,0.004315972666800509,0.004264111093187403,-0.0007043151590731642,-0.003519577990305668,0.0008656936689890075,0.001996826988840142,0.000876211952655453,-0.0008034640941053095,0.0024102200212999343,0.0016995171543804052,0.0,-2.883764437675192e-05,0.0,0.0,0.0,0.0,0.0,0.0,0.0,0.0,0.004827372104394034
2023-11-08,3.3327555707603626e-05,0.0013293195843003293,-0.00020117293472881616,0.0002612785887696437,-0.00011933865712387424,0.00023941710615813826,0.00033258514764569806,0.0005646035677546399,2.467745145797399e-05,-0.0032254252137666546,-0.0005171414409032919,0.0011871940411381397,0.00024725176300055063,0.033440322458773486,0.004718101618682982,0.020547911721407703,0.0003182311761397488,0.00448610223357582,0.001009911122019916,0.003924683516996106,0.000547151539802504,0.00021031431110088715,0.0015187844033970293,0.00012464385423094417,6.647298888836583e-05,-9.941597998326142e-05,-0.001975739062676941,2.3025280612688275e-05,0.0011140620967041205,0.0002499262884595009,-0.0026127850520327543,-0.0003911480677062144,0.0013678393771597854,-0.0007323936385121368,0.0051430168728940516,0.0009640183489997332,0.0007860644848668472,-0.0001839844634207898,0.000646267220251983,-2.9440717386561155e-05,9.89056704533865e-05,0.007549051418583088,0.009945612571307407,0.00036566773039601577,0.0001206596336542222,-0.0006388821463750897,-0.003267356770612012,-0.004089814526175961,0.00026396678607832366,0.0006804304146096722,0.0015665594111999965,-0.0002962417795403036,0.001864795032255472,0.00389183276561229,0.0016017663461674338,2.5551851090049253e-05,-0.0004531988929750399,-0.0013088753477053985,-0.0016770833568647088,-0.0003097148495967689,0.001524806044860202,0.00012585591323291666,0.000284250234584038,-0.000482120379292163,0.0,-0.00014332548016268053,9.348678710817067e-05,0.00043324913608661504,-0.0007799652622347496,-0.0006253058692615403,0.0013519565457301907,0.0004844509380986428,-0.0010782566369943064,-0.0005924477423281076,0.0015557087828111339,0.0005708490801551916,-0.00019004317972421444,0.00037056548993949533,0.00042616979482715625,-0.0002431981191579017,-0.005228209850696802,0.00015967542026972957,0.001974282335628008,-0.0002886262783731485,-0.0007364152608452793,0.0021542681315586316,-0.001938833652100668,-0.0025843099449545256,-0.0012554883483528881,0.002753145345401674,0.0036230955337661717,-0.0008875104832823104,-0.0035356596062353822,0.003289299775526287,0.0020771649057388245,-0.0016195011129976232,0.00022883740654821764,0.002257057853282545,0.0011623722660225415,0.0,-8.714915791728575e-05,0.0,0.0,0.0,0.0,0.0,0.0,0.0,0.0,0.004827372104394034
2023-11-15,7.935891348307088e-05,0.0011251207701561939,-0.00020117293472881616,0.000631548158953326,-9.771175538917337e-05,0.000288580669404425,0.00032887230271029175,-0.00023928362086101925,0.00018031453314969008,-0.004159045205815768,0.00043122330561557403,0.0011871940411381397,0.00024725176300055063,0.03183739045137575,-0.004276380122381607,0.019836311861065502,0.0003182311761397488,0.004429111113892105,0.00084811048815337,0.006576484078249786,0.0008615590354012943,-0.0004326857986261442,0.0020845673769962873,4.016697315842152e-06,-3.205420499056075e-05,-0.00013306361912682115,0.00034125306871124917,2.3025280612688275e-05,-0.00042709446667824367,-0.00023463662521886248,-0.002415091600250282,-0.000677690499670064,0.0014008256892734192,-0.0008658808520056074,0.005176658571361121,0.0009640183489997332,0.0006082065906450127,-0.00010932365469450898,0.0006754745727304921,-2.9440717386561155e-05,-0.00021670097851505214,0.008168462441121002,0.009958989760557356,0.00031200509967827526,0.0004457537006368662,-0.0006548037949995038,-0.003447708008209959,-0.0038523312428731427,0.00024533324328931613,0.0007825315065177826,0.0015000723177240331,-0.0002966832445614965,0.0010780391858525168,0.00389183276561229,0.001631614919766762,2.5551851090049253e-05,-0.0013544439435601763,-0.0013088753477053985,-0.0020987273463133117,-0.0003097148495967689,0.001524806044860202,0.0007188514090627927,-0.0004747032336820857,-0.0010407676632041723,0.0,0.0003974662034692375,6.379716642047835e-05,0.00016257338730219534,-0.0020055595981242564,0.00033518327483391926,0.0009211023477469974,-0.0004412490458609155,-0.0006744709790343019,-0.0006441469275346148,0.0018094876943476257,0.0005708490801551916,-0.00019004317972421444,0.00037056548993949533,0.00042616979482715625,-0.00013024293324916518,-0.00406397588749683,0.00015967542026972957,0.0021351360705224366,-0.0009664278960159789,-0.0007364152608452793,-0.0014255692531828716,-0.0001168984624897707,-3.207887234875741e-05,-0.0010284419384813486,0.002276569930977069,0.0036230955337661717,-0.0009924226860917316,-0.003518897740787892,0.0011309004253052324,0.0020771649057388245,-0.0015332959346419908,0.00022883740654821764,0.002141165034284539,0.0013319032867966263,0.0,-2.883764437675192e-05,0.0,0.0,0.0,0.0,0.0,0.0,0.0,0.0,0.004827372104394034
2023-11-22,7.935891348307088e-05,0.0010017518428943992,-0.00020117293472881616,0.00030614423490968686,-9.771175538917337e-05,0.00023941710615813826,0.00024554649187568094,0.001266049932274104,0.0006850456792622505,-0.006407913903409736,0.0014892387605322669,0.002462777016028679,0.00024725176300055063,0.032857551290221346,0.0029840410205901682,0.019836311861065502,-0.0007501797261878836,0.004266668964834105,0.001009911122019916,0.01694604726255124,0.0002712441686496509,-0.00013824892813486301,0.001020769454547957,-7.928806378830696e-05,-3.205420499056075e-05,-0.00013306361912682115,0.00034125306871124917,2.3025280612688275e-05,-0.0003344822604376728,-0.0002244171166351965,-0.0024872782373569872,-0.000677690499670064,0.0014008256892734192,0.00026736957028781724,0.005626343383383132,0.0009282372810482581,0.0008073188568584884,-0.00013135923521381216,0.0006754745727304921,-2.9440717386561155e-05,0.0005882588693016769,0.006407529597649429,0.009887378141005869,0.00035218326970858234,0.0004457537006368662,-0.0005286314781180947,-0.0033868998705045505,-0.003941937849307396,0.00026396678607832366,0.0007825315065177826,0.0015000723177240331,0.0003612485759285741,0.0017387859018674833,0.003938638605821338,0.0013764322156709344,3.594281336899458e-05,-0.0013555635706310502,-0.0013088753477053985,-0.0016770833568647088,-0.0003097148495967689,0.000425765632190524,0.0007188514090627927,-0.0004747032336820857,-0.0022382246833934777,0.0,-0.0007526796011230124,-0.00011231017336161796,0.00023886494714897257,-0.00041676012950127696,1.3183750255881657e-05,0.0007196257922096255,-0.0002264268533460931,-0.0006744709790343019,-0.0005741132428333285,0.002324406087128276,0.0005708490801551916,-0.00019004317972421444,-0.0004911220844538141,7.956651288317903e-05,-0.0004447560471318513,-0.0018005544797272106,0.00015967542026972957,0.0017557599957963772,-0.0009031285252295448,-0.0007364152608452793,-0.00128964519279958,-0.0015735348555959098,-0.00012214270000787114,-0.001109921436303842,0.002276569930977069,0.0043296452890137374,-0.0010603205594965793,-0.003412058633406795,0.002811440094489896,0.0021458041592181927,-0.0014933586800268172,0.00011715935500750718,0.002257057853282545,0.0007259602882433135,0.0,-2.883764437675192e-05,0.0,0.0,0.0,0.0,0.0,0.0,0.0,0.0,0.004827372104394034
2023-11-29,7.935891348307088e-05,0.0014220376686813327,-0.00020117293472881616,3.2375177292196116e-05,8.914410063310794e-05,0.00025140246371624066,0.00037789628240500326,0.0011764074647510328,0.00020437126083875924,-0.0027813189096991494,0.0014576142041422902,0.002356083231013169,0.00024725176300055063,0.0324509480067277,-0.004306854634525759,0.021330806445288557,-0.0006120859340108877,0.004300627672931814,-0.00018540361919806852,0.004182364478136882,-0.0005965141677087798,-0.000105348444820717,0.003785358827546007,-5.108444219398134e-06,-3.205420499056075e-05,2.5723195548188584e-05,-0.0005722977210773946,8.20347267973912e-05,0.0011140620967041205,0.00028664568816305093,-0.0026290060342806613,-0.000677690499670064,0.0014605303374582196,0.0002989917819206251,0.005136190350925943,0.0009282372810482581,0.0009352107949808521,-0.00013135923521381216,0.0006754745727304921,-2.9440717386561155e-05,0.0005982526811540499,0.006778394255830834,0.010166955116086809,0.00035218326970858234,0.0004381891314598866,-0.0006548037949995038,-0.0034438868026438617,-0.00404779631754076,-0.00016641903001383227,0.00032075199779504324,0.0015000723177240331,0.0003612485759285741,0.0016230225365621066,0.005015650489006448,0.0013764322156709344,3.594281336899458e-05,-0.0008342494723195531,-0.0008201243784639247,-0.0011442699070978194,-0.0003097148495967689,0.000425765632190524,0.00017504650509539795,0.0003221537452893899,-0.0024037786265698616,0.0,-0.00022340485068103697,-0.00022128120640942144,-0.0006533357949989215,-0.0011061861745732156,9.167530295137759e-05,0.0006570315697852368,0.0004903017524319461,-0.0006744709790343019,-0.003384478229176118,0.003466931828834035,0.0005708490801551916,-0.00019004317972421444,-0.0004911220844538141,0.00012472384753298388,-4.554848671832386e-05,-0.00042153903086836333,0.00015967542026972957,0.0013224575672795634,-0.0009664278960159789,-0.0007364152608452793,-0.0012598634127775877,-0.0006698062351378039,0.0007368195542912203,0.00018509857599962912,0.002276569930977069,0.004361187098289024,-0.001964016439124401,-0.004044811753457947,0.002712244683083745,0.0021458041592181927,-0.0015332959346419908,0.00022883740654821764,0.00202809832508533,0.0009884810639213064,0.0,-0.00011132093664571465,0.0,0.0,0.0,0.0,0.0,0.0,0.0,0.0,0.004827372104394034
2023-12-06,-5.3367342925182234e-05,-0.0027218371188822217,5.462258293251795e-05,0.00010358526388844959,0.00016727603022775387,-0.0003089972983043646,0.00044764644300312876,-0.0004661548135743733,0.00021473833315619628,-0.003977627855425735,0.001472527441003098,0.0013736415129478187,-0.0007913171375500102,0.05071925974836944,0.004739565945151588,0.019602768243891202,-0.0011689571989614823,0.00479044639188842,-0.0035780636998161506,0.0017537545640586214,-0.0006042240662374179,-0.0020663952374588607,-9.63120840855862e-05,-7.928806378830696e-05,-2.874203801718762e-05,3.059026172294276e-05,-0.0002935628929481059,8.20347267973912e-05,0.0009295977865902602,3.5709021985113836e-05,-0.0016577012860988245,-0.0020219006121788,0.0016082609171409236,0.0003207300101651134,0.004368611976160799,0.0009282372810482581,0.0010198291100438006,-0.00013135923521381216,0.0006816976450210733,0.0003216226143258289,0.0010174889638125306,9.196244996464866e-05,0.009083267098565249,0.00035218326970858234,-0.0008207765760116517,-0.0002392241962872714,0.0043864731799895295,-0.010617927907578545,-0.00041969782459296706,-0.0006224699400180814,0.0004109344023354247,0.00026117336597526866,0.0020035017361185957,0.002957653060765037,0.00046509802289930636,0.00046253278447770706,-0.0003076411453964683,-0.0002349958448538828,-0.00016130385537535918,-0.0001445833578473348,0.0004263523567245005,0.0001810518674466898,-0.000199077255231719,-0.0021050208776684067,0.0,6.838411379542393e-05,-0.00029441486797751864,-0.0010011610601661411,-0.0005874842882918976,-0.00012471841086235928,0.0006949456038580308,0.00046571384150951206,-0.0012037043417287708,-0.0033231702204149297,0.0024532293740329287,0.00015574470975836046,-9.028274566143539e-05,-0.0004911220844538141,-0.00043772649023593116,-0.00011656538477867708,-0.002260408389317702,0.0002695761866512485,0.0013155884440381484,0.0029783396393881717,-0.001122681040565133,-0.0013854120283745542,-0.0011793707010843554,0.0006710750906003813,-0.001336591189343506,0.004315972666800509,0.0025961490629005453,-0.0023041671767884474,-0.00389179262482655,0.0037737222187090675,-0.0008469606846426411,-0.0010874540015822043,9.80576454790467e-05,0.0013820091558173011,0.002353875848617519,0.0,-2.1713812823091952e-05,0.0,0.0,0.0,0.0,0.0,0.0,0.0,0.0,-0.0009884454285336768
2023-12-13,0.00015525009561268924,-0.002909351688492153,-0.00026513407094759577,0.00012472287092751632,-0.00025145690447563263,-0.00031627471138643437,-0.000950283755765568,-0.0014557289905685262,-9.981741406261405e-06,-0.0034705709372331644,0.001420746875573052,0.0013722948756542664,0.00024725176300055063,0.052427976345845,-0.003868255390119506,0.019828122631313578,-0.0011260383241008974,0.004422631322489275,-0.000301256667574563,0.0011750228385808983,-0.0007509981646549287,5.9856171823021635e-06,0.0015651078506643535,4.016697315842152e-06,-3.059970439101765e-05,-9.941597998326142e-05,0.0003024931230964918,8.20347267973912e-05,0.0011140620967041205,3.214302156596497e-05,-0.0016269065443964973,-0.0017808678102547613,0.0017529697326406826,0.0006167803137766943,0.0048587650086179875,0.0009402324612337935,0.0013488382150704664,-0.00013135923521381216,0.0006754745727304921,0.0003216226143258289,0.0008481317801122465,-7.834907239755277e-05,0.00880537223170039,0.0003371397329735451,-0.0007250527571064834,-0.000274078857659389,0.00471788685585435,-0.01032397719193214,-0.0004974065299040135,-0.0006224699400180814,0.0004109344023354247,0.0012835821304118817,0.002241605136028071,0.0029536127675472853,0.00046509802289930636,0.00046253278447770706,-0.0003076411453964683,-0.001389381530087734,-0.0001039526014102711,-0.0001445833578473348,0.0004263523567245005,0.00032030220957869675,3.861503059132484e-05,-0.0021937747962088357,0.0,0.0003173868329508811,-1.2116566951847561e-05,-0.0010438670942651746,-0.0006653811639747496,-0.0008563740356519081,-0.00011557938438878668,0.00045385846165227616,-0.0012037043417287708,-0.0035487382884171297,0.0035567247324690045,0.00015574470975836046,-0.0002692089917486971,0.00037056548993949533,-0.00014884326852334945,-4.434689360470917e-05,-0.0026607406094226113,0.0002946038156169068,0.0013155884440381484,-5.7644869167108273e-05,-0.0007364152608452793,-0.001209868434555376,-0.0006866321146047969,0.001024214692685171,0.0005748653783494864,0.0025379300480661087,0.0025961490629005453,-0.002324833349717999,-0.004202606353535675,0.0026342738065585985,-0.0010349929754980046,-0.0003539104589344916,9.80576454790467e-05,0.001584607906099129,0.0010761526966155612,0.0,-2.1713812823091952e-05,0.0,0.0,0.0,0.0,0.0,0.0,0.0,0.0,-0.0009884454285336768
2023-12-20,7.935891348307088e-05,0.0011751588997452552,4.160818401022252e-05,0.00012472287092751632,0.000245843470642813,-0.00012263103469503528,0.0006213674695091384,-0.0012138109564447117,-7.603214750578467e-05,-0.005921249268997059,0.0012632436183451282,0.0013667672087601134,0.00024725176300055063,0.050004736690103226,-0.0037924273003482317,0.018557261173341173,-0.001750188835216973,0.00463764593179506,-0.00022613967831125096,0.00041153063883159186,-0.000663511253452336,0.0002573670803492439,0.00215271741160444,4.016697315842152e-06,-3.059970439101765e-05,-0.00013306361912682115,0.0003301007754023521,8.20347267973912e-05,0.00010501242029036356,-0.0001169060823852003,0.00020963170940696487,-0.001784033860343312,0.0016286239840813254,0.001726617418086755,0.002989758786991657,0.0011325188834560578,-0.007833763805312838,0.0006032406854731577,0.0006754745727304921,0.0003216226143258289,0.0010074951519601575,0.0008311695983708892,0.008437425919158142,0.0005197348355340018,-0.0007250527571064834,-0.0007584663597142104,0.004710605485603519,-0.010946825910405312,-0.0009356511271762893,-0.0006224699400180814,0.0004109344023354247,0.0011426531323598136,0.0035479244068660357,0.0028701868188908746,0.00046509802289930636,0.00020606711056025162,-0.0008785754213616955,-0.0008005854239555568,-0.0008549888282587551,4.5857440048719094e-05,0.0005843398706586517,0.00032030220957869675,-0.0005594273967765575,-0.0021937747962088357,0.0,-0.0007526796011230124,0.0002139655269876897,-0.00029449005478839784,-0.0005000905021101701,-0.0010214642204708281,5.094864126592132e-05,0.0006750924905737606,-0.0012037043417287708,-0.0042510841918199085,0.003313717921880571,0.00015574470975836046,-0.00019004317972421444,-0.0004911220844538141,-0.00016749814244977336,-4.434689360470917e-05,-0.0016386001372965143,0.00015967542026972957,0.0004702511414551751,-0.0004292468406250848,-0.0007364152608452793,-0.0013556302483525616,-0.0011825513212174047,4.611213077960047e-05,-0.0004928837493616975,0.0025379300480661087,0.0020617672641186904,-0.0020432049487205967,-0.004301060930592483,0.0024087563738672438,-0.0009852479265654497,-0.0018895913473058231,0.00022883740654821764,-0.0006130737809772168,0.002143744659591333,0.0,-2.1429516514854217e-05,0.0,0.0,0.0,0.0,0.0,0.0,0.0,0.0,-0.0011301116400866385
2023-12-27,7.935891348307088e-05,0.0008598933161743585,6.473402851807062e-05,-0.0005585221180402228,6.176867202871273e-05,-0.00012263103469503528,0.0005367377283208542,-0.0003286584058214405,0.000148687927056673,-0.00657554728450906,0.0012632436183451282,0.004412276789505435,0.00024725176300055063,0.044782976685174135,-0.004075764117493294,0.020394185816420808,-0.001750188835216973,0.005233496031121137,-0.00022613967831125096,0.00036980867716127904,-0.000663511253452336,-0.001058520913045163,0.003110494789825095,-5.108444219398134e-06,7.073659056001321e-05,-0.00013306361912682115,0.0002468507421905119,8.20347267973912e-05,0.00010501242029036356,0.0001156732770123703,8.139484576152675e-05,-0.0016863564870235484,0.0011721459253405053,0.0014083835703512875,0.0034168643430081426,0.0011325188834560578,-0.008529624652577245,0.000536671071553712,0.000646267220251983,0.0003216226143258289,0.0010182133423286414,0.0011202477401893586,0.0077137814299103385,0.0005197348355340018,-0.0008207765760116517,-0.0007236116983420928,0.006204779667427829,-0.011279483258987808,-0.0009356511271762893,-0.0006224699400180814,0.0004109344023354247,0.0011426531323598136,0.0035479244068660357,0.0028701868188908746,0.00043524944929997805,0.00020606711056025162,-0.0007308764372265868,-0.0002349958448538828,0.0004365913543527964,-0.00011840455933658517,0.00023359647088272718,0.00027016984520258864,-0.0012296452859048227,-0.0017913926983196284,0.0,-0.0004608906366465515,-0.0007177181360067614,0.00033908432008925634,0.00037418115731936913,-0.002759250604444054,0.0014866380806687436,0.000956751467980715,-0.0009977558151708912,-0.0029108552434400172,0.003626347911254595,0.00015574470975836046,-0.00019004317972421444,-0.0004911220844538141,-0.00016749814244977336,2.6942028595697052e-05,0.002016204062728653,0.00015967542026972957,-0.00013512024240495214,7.579014455676202e-06,-0.0007364152608452793,-0.0013556302483525616,-0.0009685377406762109,0.001008201359244641,3.717272108210481e-05,0.0025379300480661087,0.0020617672641186904,-0.0024983867737825476,-0.0038984771086372095,0.002911461468718335,-0.0008563339184947197,-0.0012226345759300116,0.00022883740654821764,-0.0010627576185853523,0.001951664173668873,0.0,-2.1429516514854217e-05,0.0,0.0,0.0,0.0,0.0,0.0,0.0,0.0,-0.0011301116400866385
2024-01-03,-7.335985149714982e-06,-0.002467153939891535,0.00021995840896369193,9.088364811435712e-05,-0.00036761180295339507,0.0007883748020964357,0.0004083033384025415,-0.0011554066014214652,0.00028503869801928283,0.0005472122191106746,0.0012528639029934353,-0.0022882043406676086,-0.0003754926267931708,0.03259457630483564,-0.0033150272520505683,0.006674387614947284,-0.0008449380869906836,-0.002936690651661582,-0.0014578241868457094,-0.005520578851673481,-0.0004081645932007301,-0.001463852580523278,-0.001784910354736834,4.016697315842152e-06,-3.059970439101765e-05,-0.000128196552952067,0.00039556612632052546,8.20347267973912e-05,0.0006726617745079937,-9.114717360847104e-05,0.0020405923068749867,-0.0017486172064053837,0.0008068934673292039,0.0022373167529966963,0.005649346550214699,0.0011006971854337288,-0.006909135807105926,0.00027634763178308985,0.0006816976450210733,-0.0001767111345430164,0.0001429524738283017,0.0006593390868690652,0.007184466832761849,0.0006982929294867088,-0.0006159335571014657,-0.0005533586589148459,0.0029646551608078276,0.008109586711345719,-4.843187048532908e-05,-0.0006581133646710954,0.00035427452515339344,0.0015865140569774941,0.0010307909742974387,0.001426034768441611,0.0005689184432061236,-0.0006441243302379744,0.00038512916304167164,0.0031558032218245193,0.0009090699431466759,-0.00011840455933658517,0.0009448961552626608,0.00014611857740963268,-0.000929025722008619,-0.0003720480840256798,0.0,-0.0004608906366465515,-0.0007177181360067614,-0.00033603833233676074,-0.00023789840140905024,-0.002649294847502181,0.0005991919716382424,-0.0002955582539604328,-0.0020407760663617206,-0.0031366258424692633,-0.0019104276544124083,0.0005911178101927694,0.00010711103641489273,-0.0004911220844538141,-0.0003153591102237741,-3.258457237204695e-05,0.0002597173286680933,0.0001392167818794539,-0.0005446539282395969,0.0007389116751521206,-0.0007132445936627646,-0.0010891990320111833,-0.0009416437163423624,-0.0006798162494595776,-0.000705091703671377,0.0023840237992490882,0.002270822105994198,0.002585279029286461,-0.005579930450420345,-0.0013338277596250463,0.0010752500473881347,-0.0019916894334051512,0.0002942616911862906,-0.00047733090180593005,0.0021998820898919583,0.0,-9.238398016691988e-05,0.0,0.0,0.0,0.0,0.0,0.0,0.0,0.0,-0.0011301116400866385
2024-01-10,0.00015865700455326866,-0.0029923606256922987,0.00016444249507823025,0.00029539274390486203,-0.0009394105249003505,0.0003759811264502695,0.0004929330795908258,-0.0014129268028102672,0.00017643064352583892,-0.0003237613678449989,-0.0032083205149959506,-0.011132034114774932,-0.0007913171375500102,-0.04341262319578561,-0.0029307928771876808,-0.003255924987155115,-0.00018254541482911978,-0.006789368433288311,-0.0014578241868457094,-0.012351275298376908,-0.0004096877098487984,0.002453829344673076,0.010755170921371916,4.016697315842152e-06,-3.059970439101765e-05,-0.0014485517814976866,0.0004416094042886916,-2.5147146287156435e-05,0.00018657072649124298,0.0003501622414902712,0.0010895770068855824,-0.0007478762683930519,0.0007486742346669492,0.0027409095392771387,0.0017991254315178748,0.0002689220201263259,-0.00791020724243956,-0.00010975123145905739,0.0006970587875913076,0.00031659813462072247,0.0006159277767757283,0.002175998780574819,0.007904510524322266,0.00044615076858218106,-0.00017682748420204945,-0.0003732762221730475,0.0020997702470208347,0.005840216383188428,0.00016217990972463658,-0.0033721186058420973,-0.0006982045585815399,0.0007560052124965748,0.00013597596222637338,0.0010259735443815814,0.0003029253556453391,-0.0009696942447920184,0.0008083644548717902,0.0029655775784224363,0.0009160594772091091,-0.0007029889265282853,2.2320532185715787e-05,0.0003207479263723135,-0.0007353184079277926,-0.00043435258847778174,0.0,0.00013543299007629832,0.00024350503109483453,-0.0009851846308603454,0.00024193065780230921,-0.000922291945428732,-0.0003951016271184077,-0.0008085261495545675,0.00014234412096094846,-0.0029630987874221257,-0.0011701959287947128,0.0006071350770326808,-0.00016586058714363012,0.00019625243294744016,-0.00017541671736513874,-1.1731074689780307e-05,0.0012015141254266444,-0.0008450322467378681,-0.0019101748863992723,0.00020052698352733374,-0.0010475401868400385,-0.0007906097126711862,-0.0007382610905206635,-0.000692554723753814,-0.00037115989616182517,0.0016434070642820518,0.005204465359132977,0.003176586045202333,-0.0060236798035265045,-0.0016123311988726664,0.0010333180426080062,-0.0017217272245562078,0.0002942616911862906,-2.2952204619546614e-05,0.0018921053770530325,0.0,-9.238398016691988e-05,0.0,0.0,0.0,0.0,0.0,0.0,0.0,0.0,-0.0011492270310560961
2024-01-17,-7.840883392423454e-07,-0.002976144693149639,0.0001879072350803351,-2.3255100289136533e-05,-0.00040019734603651425,0.00040313427786029617,-0.0010444823408171059,-0.0015240341197495658,-1.3470570167923964e-05,0.0019629420647065514,-0.004276558035810363,0.0014783967312215697,0.00024725176300055063,-0.011233460015854681,0.006470160254797343,0.003580498505061846,0.0022026979716107775,-0.006226009392263389,0.0008220001433961998,-0.013407479883972003,-0.0005564618082663092,-0.0020550818072861635,0.007636087980282219,0.00012464385423094417,-3.059970439101765e-05,-0.0002083889924969203,0.00038593086597887757,-2.5147146287156435e-05,-0.0006683959479405873,0.00015279527794824168,0.0011368357746783168,-0.0006975621094030362,0.0014932732175695382,0.0026534588910374635,0.002598023342036691,0.0002034401283366164,-0.007629249343452253,9.854439791556757e-05,0.0006754745727304921,-0.0001767111345430164,0.0004465705930754442,0.002226766124619117,0.00847787790984809,0.0005799596186150349,-0.0001387412991973395,-0.0005533586589148459,0.0019861662627601224,0.00941725862338138,0.00018081345251364406,-0.001786282034073327,-0.00010328755654265378,0.00035515820981756876,0.00033499467446239357,0.0014873412884175627,0.0005689184432061236,-0.0008262271271805715,0.0008083644548717902,0.0026087916607955924,0.0002308481368594664,-0.00011840455933658517,0.0002570996183313215,-0.0002823270440164077,0.0003285172511420056,-0.00043435258847778174,0.0,0.00013543299007629832,-0.0004909574578099111,-0.0005202153340917374,0.0003391172338807451,-0.0004237444228515562,0.00013950686495965678,-0.00015033759947396467,-0.0017107133652814275,-0.0026026192028605183,-0.0013443246684642538,0.0006071350770326808,-0.0004584454548964557,0.00019625243294744016,3.5645806313011315e-06,-0.00014593377759956146,0.0004719144037650567,0.0001392167818794539,-0.0023225559389217416,0.0001979608635688938,-0.0007364152608452793,-0.0013922339039476425,-0.0013873182549063593,-0.0005597037198448332,0.0003985110352198161,0.0016434070642820518,0.0042237167299948525,0.0029223128022064274,-0.005050051653555285,-0.0012888539540959582,0.0009835729936754508,0.00025914821934217935,0.0002942616911862906,-0.0010741823313685102,0.0026057931383653425,0.0,-9.238398016691988e-05,0.0,0.0,0.0,0.0,0.0,0.0,0.0,0.0,-0.0011492270310560961
2024-01-24,-4.810509600935422e-05,0.002125142148393038,0.00021995840896369193,0.0005589308292085467,-0.00044793884824940436,0.000970135117511665,0.0006298792521677787,0.0004601702356911953,0.000946455557981738,0.0027604879524027064,-0.004619165994060519,0.0013570643826069338,-0.0007913171375500102,0.02910421952937002,0.005735259074786667,0.009360282705247169,0.0023137661744737237,-0.002457410033563852,0.0009360400133331186,-0.013269509120522088,-0.0004096877098487984,-0.0018333897580349186,0.009449288025067743,0.00012464385423094417,7.073659056001321e-05,-8.615739773996234e-05,-0.00020815174214160306,2.3025280612688275e-05,-0.0005000641365694063,0.00016609377744592868,0.0045986881874833935,-0.0014411782591521281,0.0014267426796739258,0.0020597501367673595,-7.242776708624285e-05,0.0002590183463972064,-0.007657556029401452,-0.00036632331387867413,0.000646267220251983,-0.0001767111345430164,0.00024668138281350643,0.0008290678906966826,0.008394498966050405,0.0005548931101657527,-0.00017029615073128125,-0.0005962130174740086,0.002732951282934865,0.009619174600848905,-0.00014509772241860482,-0.0010960939800053141,-7.665291879833042e-05,0.0007659051229906254,0.0007165038489725263,0.001607120464363721,0.0005390698696067952,-0.0010723018388190816,0.00021422026627864653,-0.0001114806279873826,-0.0007819963115762522,-0.00011840455933658517,0.0007897587132458963,-0.0003195005927494608,0.0009197798504039273,-0.0013643079094122967,0.0,0.00013543299007629832,-0.0005086194224876092,0.00012494932655456462,0.00042862884567605253,1.4580444447947832e-05,0.0009509720638781595,0.00012051707035347222,-0.002309896006914953,-0.003055167624485248,-0.0015494366759264597,0.0006889812650405353,-0.0005154142546640472,0.00019625243294744016,-0.0002805049325809078,-0.00048203359759474787,0.0009615923952254876,-1.973455434696495e-05,-0.0020416818383441455,-0.0004944532487327854,-0.001122681040565133,-0.0007806345519553051,-0.000974753611598732,0.0004951516030288792,0.00041609233583889403,0.0023840237992490882,0.0021759279115876233,0.003106813530499161,-0.005013992306342485,-0.0019734008920430693,0.0010255049984555795,0.0003816797113792832,0.0004250414522554615,-0.000777217232237498,0.0036592037817689605,0.0,-9.238398016691988e-05,0.0,0.0,0.0,0.0,0.0,0.0,0.0,0.0,-0.0011301116400866385
2024-01-31,-0.00015057537066390757,0.0011988848693268784,0.00026820530056846734,0.0005728902072394266,-0.0006661976483300873,0.0010770381094123364,0.0006344146393849323,0.0007758534865173123,0.000946455557981738,0.0022623070903846684,-0.004290648302355066,0.0013570643826069338,0.00024725176300055063,0.007007005519039413,-0.0036939927184623483,0.0047613297435251814,-0.000998494327733765,-0.005688679297261459,6.489499896364639e-05,-0.01260918894016348,-0.00034784654204467224,-0.002044344698447202,0.010924127773422707,4.016697315842152e-06,7.073659056001321e-05,-4.081315901819761e-05,0.00024367763474142774,-1.644579331835864e-05,0.0006151014742676029,0.0004526091072943012,0.004489156332388116,-0.000963396482410386,0.0014265029223865702,0.002981760822746061,-0.00019506927093731845,0.0002034401283366164,-0.008288967482587254,-0.000558571048596325,0.0006742620321466997,-0.0008569665608395829,0.0005324295914670935,0.0020859559997584215,0.008377495264630096,0.0005548931101657527,-0.00022545166298464878,-0.00028929784608793744,0.0025561930615748186,0.008269010972425815,-1.8524316706577577e-05,-0.0012549347526663725,-0.0005242063069482062,0.0005423368037911497,0.0010038283948390324,0.001369603048710882,0.0005390698696067952,-0.001110689471908568,0.00021422026627864653,-0.0014388660195043118,-0.00044920797051524225,-0.00011840455933658517,0.0007897587132458963,-0.000776651845398369,0.0015740611156327001,-0.0005620570224407965,0.0,6.838411379542393e-05,0.00022584306641713634,0.001003472945800007,0.0005867989923494809,5.8015993877057876e-05,-0.0004056756426706504,3.6191789253845255e-05,-0.002309896006914953,-0.0026011812870079306,-0.001792129170164177,0.0009138973389446416,4.2852046844203445e-05,0.00019625243294744016,-0.0005672906290866119,-0.0004481717381164856,0.0009294363550441487,-0.00020625938202693207,-0.001504819246273126,0.003220646031935108,-0.0007364152608452793,-0.0009336288455644401,-0.0014350690116510622,-0.00015216406434210908,0.0004177009641680881,0.0023840237992490882,0.0027634188268210696,0.004591360230959619,-0.005033468084971101,-0.0008063081789530722,0.0010752500473881347,0.003008260048993525,0.0002759999627843032,-0.0004653806784201235,0.0024725690978445016,0.0,-9.238398016691988e-05,0.0,0.0,0.0,0.0,0.0,0.0,0.0,0.0,-0.0011301116400866385
2024-02-07,-0.00015057537066390757,-0.0027388283619863294,0.00027563608972606333,0.0005472352395365591,-0.0006661976483300873,0.0012530193194666287,0.00024521607396220857,0.0008423748876952534,0.000946455557981738,0.001883596471613529,-0.004134255423849558,0.0012522571015059724,0.00024725176300055063,0.012979583720532421,-0.003296337792729719,0.005063853001997969,-0.0005506297497545043,-0.005871245249710674,-0.0019183406166900642,-0.014154043275394594,-0.0005550995945784372,-0.0019103441914576891,0.010365099903211756,-5.108444219398134e-06,-5.2988386088469004e-05,0.0004519079919374529,0.0003796243703100367,-4.411356354509514e-06,-0.00026045902655996966,0.00020066698573101833,0.0029992825728355245,-0.001153563789883706,0.0015721584476948186,0.0019425076066671393,-8.237437449763805e-05,0.0002034401283366164,-0.007604048408348323,-0.0023263676204363206,0.0005559759614348389,-0.00034175824441107173,0.0014057260643039954,0.0051742420213824955,0.008377651510217918,0.0005548931101657527,0.0004824363005772394,-0.00011738787546047754,0.0017711623700883057,0.010656900775888392,-1.6634652183994855e-05,-0.0019341849022364772,-0.0005211301562936135,0.0005329291399685528,0.003526675113499123,0.009346049178676744,0.000589838517442607,0.00048011185963765736,-0.0005918344265492131,-0.0006623802901250276,-0.0012625119430896199,0.0007337632697838722,0.0002570996183313215,-0.0012988781954213014,0.0015741051823538303,-0.00024274862548217852,0.0,6.838411379542393e-05,-3.788316433378237e-05,0.001003472945800007,0.0013450934378892497,-0.00014260305683934876,-8.475387159396369e-05,3.404919729919071e-05,-0.0015266382592594586,-0.002907707621137666,-0.002412687989549049,0.000583731305270136,0.000260604851688248,0.00019625243294744016,-0.0005672906290866119,-0.0002930609483525049,0.00042071995742550526,0.0001392167818794539,-0.0014579137037961018,0.0006660140009981953,0.0003133197516043132,-0.0012477011211918137,-0.001385925085334039,-0.00015216406434210908,0.0018126921100313832,-0.00023552242729276467,0.003980347246213945,0.004671375715540243,-0.004217097711963664,-0.002574956722082808,0.00016594815946475254,0.0006648667280167686,0.00020411138847079924,-0.0015434498167884738,0.0020614562251997726,0.0,0.0014666560897774548,0.0,0.0,0.0,0.0,0.0,0.0,0.0,0.0,-0.0011301116400866385
2024-02-14,0.000237158229665109,-0.003436324393403976,0.0002201201758406017,0.0005728902072394266,-0.0005191820583581207,-0.00039522431367250215,-0.0006355344792069765,0.0008499672874805592,-0.00021144244103993,0.001883596471613529,-0.004203387244042324,-0.004851293417181342,-0.0007913171375500102,0.006517846899293553,-0.0036079677704349594,0.00401239737007138,-0.00048124955566520845,-0.006667488154929805,0.00021097740680151532,-0.015925708669374455,-0.0006169407623825634,-0.0019103441914576891,0.008010038295067688,0.0002051758751114738,-5.2988386088469004e-05,-6.549957769442878e-05,0.0003796243703100367,9.071052296068348e-06,-5.72285147585911e-05,0.00019781423536266527,0.0035087726543220174,-0.001320694916951904,0.0016296106988019773,0.001347294431608111,-0.00030457930705304285,0.0008683814787518566,-0.007623373219826835,-0.0025186153551539714,0.000548138977505499,-0.00028086907909264476,0.0014033278666455901,0.0062939927277499575,0.007945343490935527,0.0005548931101657527,0.0009389624203895622,-0.00036965249775271826,0.001556757469181143,0.010212032429430013,-3.3735960573358636e-05,-0.0019341849022364772,-0.0011754270430532033,0.0005329291399685528,0.0033914954093307403,0.008593511515619231,0.0010205966538564194,0.0004829448324141486,-0.0005918344265492131,-0.0006809583081977747,-0.0012625119430896199,0.0005156615132305628,0.0006009077610880551,-0.000776651845398369,0.0027590194095033294,0.00030910342674798333,0.0,0.00013543299007629832,0.00022584306641713634,0.001003472945800007,0.0011373719257032119,-0.00010913498416973772,-0.0003740886866885101,-4.845479124668538e-05,-0.001744856848166382,-0.0024831140941164813,-0.0022895562757253942,0.0008904935671820968,0.000260604851688248,0.00019625243294744016,-0.0003400675115014183,-6.267489145672852e-05,0.0010050414414929912,7.795690731152334e-05,-0.0014579137037961018,0.0016381989555100756,-0.00014846245347514792,0.008136474466201684,-0.0005464604313565272,-7.36811263570336e-05,0.0018713281487648084,-0.00014289852509732332,0.0027495082517814923,0.004661346012470906,-0.0051087404163834265,-0.0018916978595098991,0.00016594815946475254,0.0019341537893671013,-0.00011879058656893835,-0.0010483522925320283,0.0022143937589657594,0.0,0.0014666560897774548,0.0,0.0,0.0,0.0,0.0,0.0,0.0,0.0,-0.0011301116400866385
2024-02-21,0.00011109031171313814,0.0013930665324473806,0.00027563608972606333,0.0005728902072394266,-0.0008440910142105764,0.0013988281118570687,0.0006023686860565305,0.0006351393588901488,-0.0011911612112759041,0.002029238265109739,-0.004393298315220484,-0.004963529858478914,0.00024725176300055063,0.006978919889160045,-0.003752157587678305,0.0011965290097991892,-0.0004846621304247827,-0.007819569130687097,0.0005335723176052129,-0.014620918871426266,-0.0005550995945784372,-0.0011467873091640548,0.006151807483702796,-5.108444219398134e-06,0.0001330803211395386,-3.541514017026439e-05,0.00036531712379542463,9.071052296068348e-06,-0.0007425325304061235,0.00018592698831605003,0.007155915982515215,0.001229338394044403,0.0016296106988019773,0.002794323954336825,-0.0012888536605079213,0.0013053353107417899,-0.007623373219826835,-0.0025186153551539714,0.0005830948774136319,-0.00028086907909264476,0.002102582444165084,0.006588722431302447,0.007011869946183414,0.0004314017531374268,0.000836189614580717,3.9186220936659756e-05,0.0027919533643797523,0.010590481696129144,-0.00010784749621032862,-0.001250297060569604,-0.0005211301562936135,0.0005329291399685528,0.003275048117814224,0.006557061366875672,0.0010179940409794416,0.0002052269921392616,-0.0011315065907305868,-0.0021099131539480775,0.00140789096645342,0.0005156615132305628,0.0006009077610880551,-0.0012988781954213014,0.0026792574724723425,-0.0003617581250094861,0.0,6.838411379542393e-05,0.00022584306641713634,-0.0009139667388481616,0.0002971581094097963,-0.0007572256832809319,2.7365945928651007e-05,-0.0002125295559320022,-0.001992190104608043,-0.0021951755703368166,-0.002124848344339451,0.00043947460404469634,0.000260604851688248,-0.00011709190596938264,-0.0003713277548867021,-6.267489145672852e-05,0.0005852844778020068,-0.00018123175306127375,-0.0016459384359222477,0.0016381989555100756,0.0003133197516043132,0.008235961098024474,0.003167011105136734,-0.0013799980143687606,0.0016524482713588468,-0.00023552242729276467,0.003980347246213945,0.0038909227889985035,-0.005481101014908091,-0.002069588846611478,8.561024256607e-05,0.0005166874371159897,-0.000814423040765042,-0.0007888697071748562,0.0021156955551577604,0.0,0.0014666560897774548,0.0,0.0,0.0,0.0,0.0,0.0,0.0,0.0,-0.0011301116400866385
2024-02-28,-0.00020075210648626008,-0.003784735350887038,0.0002201201758406017,0.0005472352395365591,-0.0010251349776456043,0.000548318320171711,0.00010739423048644831,-0.0007722264166679525,-0.0009018511648689868,0.0017116264366334494,0.0009896570184648491,-0.00855274057290771,-0.0007913171375500102,-0.028884697070549224,-0.002480793275472199,-0.0020765809376571643,-0.0009483202721397301,-0.007932096189886509,-0.0015445067990872384,-0.013551993532739904,-0.0006169407623825634,-0.0005205116694319021,0.006562602093926651,0.0002051758751114738,0.0001330803211395386,1.116032131421672e-05,0.00036531712379542463,9.071052296068348e-06,0.00019027560709158474,0.0002598123324139938,0.008215133384819998,0.0015795260693498587,0.00171201427740482,0.0030249554814553744,-0.001134435345026579,0.001349936851071046,-0.006851637448208433,-0.002389148867820604,0.0005909318613429718,0.00021244019007109414,0.000988546460190746,0.006157803900753006,0.007691398451496663,0.0005126843372282049,0.0008018994656895991,-0.000629359955130165,0.0010043875817922793,0.010297901283957207,-0.00010784749621032862,-0.002956837481326391,-0.0005211301562936135,0.0007465975486739778,0.0028675350104348163,0.0064828490240482275,0.0010179940409794416,0.0005625602318026395,-0.0011315065907305868,-0.002379162908405569,7.3673049853896e-05,0.0002536525985648639,0.0008987877698570241,-0.00040471785211278395,0.003047511881356369,-0.0003617581250094861,0.0,6.838411379542393e-05,-2.0221199656084168e-05,-0.0009924712555670577,0.00019997153333136032,-0.0015387464327711192,-0.00041020640563246613,-0.0007755885173334606,0.0003847525640316365,-0.0018385747840505783,-0.0018088506984540328,0.0002744605093917972,0.0008074408480252838,0.00019625243294744016,-0.0003713277548867021,-7.189625713644255e-05,0.0011696059618694927,-0.0009062921213057986,-0.00019528478391321824,0.0016142343980298276,-0.0009573933367193517,0.007582673928687894,0.006949138810365393,-0.0013799980143687606,0.0016524482713588468,-0.00023552242729276467,0.0042285041462558175,0.003182841051212194,-0.005549270969995496,-0.003294665640320347,8.561024256607e-05,-0.000850897609947256,-0.0010020505977513072,-0.003142576505390377,0.0024675380252401798,0.0,0.0014666560897774548,0.0,0.0,0.0,0.0,0.0,0.0,0.0,0.0,-0.0011492270310560961
2024-03-06,-0.00011341713507706298,-0.0034968582591834094,9.981476970626318e-05,-3.987713146389214e-05,-0.00028870447672746337,-4.153398865848251e-05,-0.0010090878502071994,-0.0009366860825738081,-0.0009018511648689868,0.001666296614796488,0.001542398506380425,-0.0060343719399487605,-0.0007913171375500102,-0.008273148079578388,0.0029263207020954586,-0.002416375674562048,-0.0009483202721397301,-0.006668231948636159,0.00024602889826728377,-0.015368261463400701,-0.0006183029760704352,-7.812325190760744e-05,0.004490532799152512,-7.928806378830696e-05,0.00012972153259946276,2.8700064449304596e-05,-0.0010219851462234654,1.0259927084186036e-05,0.00019027560709158474,0.0003691089126665472,0.005955013465707153,0.0011999366337020999,0.0023350830644427905,0.002807408398966165,-0.0011595079277009022,0.0008963497015052502,-0.007097097053988249,2.5422133369022086e-05,0.0005830948774136319,-3.4465197091667595e-05,0.0004817234138233438,0.007920693138024598,0.0067223547785674855,0.0004102286423654526,-0.00019726054911217483,-0.000629359955130165,-0.001919306317141702,0.004141224910123487,-0.0004826319329417292,0.0024696795633278325,-0.0005160675405653459,0.0007679028525473487,0.0027099801124316086,-0.0003237372444619828,0.0008493146488340619,0.00043741816176240725,-0.00036237813215414543,9.43512330286665e-05,0.001119465591216031,-0.00036195298592787056,0.0005549796271002906,-0.00037782073525137634,0.0013744591916877683,-0.0004980989120383285,0.0,0.00013543299007629832,1.7422937155297304e-05,0.0013348694449306971,8.327095302524326e-05,0.0003159192248442053,4.547692598134008e-05,-0.0002125295559320022,-0.0008067455400283097,-0.0012218425552803346,-0.0005093258062813206,-0.00027702672756768306,-0.0002762662668786448,0.00019625243294744016,-0.00023806378122459817,0.0005100544320513252,0.0010862962958422039,0.0006208826808163357,0.0004879167764775273,0.000407026941757058,-0.0013451298295085244,0.000543806336590637,0.004627753185330199,-0.00044109679651658254,0.0016524482713588468,-0.0002291542360914557,0.002655423283822868,0.0034679530702858233,0.006010802332564196,-0.0038317401869704666,-6.0668111466137945e-06,-0.0016534526876580003,-0.0010020505977513072,-0.001965249485811052,0.0013816172667303111,0.0,-9.238398016691988e-05,0.0,0.0,0.0,0.0,0.0,0.0,0.0,0.0,-0.0011492270310560961
2024-03-13,-0.00011341713507706298,0.0013840267256258706,0.00014806166131103862,-3.987713146389214e-05,-0.0005532104318211819,7.784254503884723e-05,-0.0010090878502071994,0.0005631649044617257,-4.290239276243842e-05,0.0018174098419481075,0.0009504940087438177,-0.006614992706869705,0.00024725176300055063,0.00630645664552176,0.0029251692295173427,-0.0022347698697615047,0.00042790313424232297,-0.006494009681782517,0.000889631410588345,-0.015867582656170734,-0.0005564618082663092,8.354925228989615e-05,0.00654053215379327,7.754937228709621e-05,0.0001330803211395386,2.8700064449304596e-05,0.0003796243703100367,1.0259927084186036e-05,0.00014739674255391218,0.0005159054443086504,0.0057924066186826745,0.0012347031387315837,0.0020474344764882467,0.0019271274041562842,-0.0012722028241405824,0.00078988536206168,-0.006514291952556389,-0.0003932349650721654,0.0005830948774136319,0.00015155102475266713,0.0004251398399835099,0.008039374889586387,0.007147108223326978,0.0004102286423654526,-4.3968701263369974e-05,-0.00022052123644078714,-0.002536189475063855,0.0038549531033157526,-0.0004826319329417292,0.0013306614143440139,-0.0005160675405653459,0.00015338744116291753,0.002462925056902537,-0.0008493068487534548,0.0008493146488340619,0.00015012284425791963,-0.00036237813215414543,9.43512330286665e-05,0.0012724915344648558,-0.00036195298592787056,0.0005724064474386236,-0.0009343702680688051,0.0011839524848638483,-0.0006833747785494188,0.0,6.838411379542393e-05,-2.390275224008984e-07,0.0011414387554415477,0.0007805944909385022,0.000839653880593254,-0.0006415379274035848,-0.0002125295559320022,-0.0017015641229592563,-0.0011372652280114504,-0.0008294298972423385,0.00014058310785013288,-0.0006132366769663731,0.00019625243294744016,3.5645806313011315e-06,0.0005100544320513252,0.0010862962958422039,-4.0781779162815744e-05,-0.0014758162222554066,0.0013074748424734407,-0.0009062941764998577,-1.2418379317412592e-05,0.004627753185330199,-0.00044109679651658254,0.0016524482713588468,-0.00023552242729276467,0.0016254542416513445,0.003511824561613131,0.0049698088627525205,-0.003705486061783229,3.586519363351483e-05,0.0010042174655555073,-0.000814423040765042,-0.0038938686784289905,0.0006305915739630203,0.0,-9.238398016691988e-05,0.0,0.0,0.0,0.0,0.0,0.0,0.0,0.0,-0.0011301116400866385
2024-03-20,4.964329175610602e-05,0.0037020158831572196,5.832795660493613e-05,-0.00031084953497867326,-0.0007056197807962126,5.5862713492559795e-05,0.0007069547516039316,0.0008558519386734046,-0.00021144244103993,0.001676127784574143,0.0009774176067272682,-0.0009320958681841574,2.2035518727283914e-05,0.026723904652149848,0.002788340346651577,-0.0014394637582049823,-0.0004717053188270709,-0.005742934823444889,0.001166555600843691,-0.016014157256240516,-0.0005446740817828201,8.354925228989615e-05,0.004696248498875921,7.754937228709621e-05,-0.00018427214486802738,2.8700064449304596e-05,0.0005556272824213561,2.8877836065037556e-05,0.00014739674255391218,0.0004965446939817082,0.003538685233728513,0.0018908346779867302,0.0027728685902732287,0.0014690278236320744,-0.0015813069084996637,0.00045862221568921833,-0.007697390438265328,-0.000319718172314263,3.6747294406976126e-05,-0.0005277744662554064,3.1072930097111176e-05,0.004722577914665026,0.0065839505092486345,0.0003865126425929312,1.6984281078907896e-05,5.0899110581796244e-05,-0.0019152758141095351,0.004305700728761646,-0.0004667408844055931,0.0011394875125698904,-6.851415241547011e-05,9.547525252528924e-05,0.002805703923561171,6.211629361870018e-05,0.0008517824330480485,0.00015012284425791963,-0.00036237813215414543,9.43512330286665e-05,0.0017921046594881816,-0.00036195298592787056,0.0006872186591060508,-0.000742816280110564,0.0011889833614025954,-0.0003577369937849513,0.0,0.00013543299007629832,0.00013805042265639596,0.0017218794435427292,8.327095302524326e-05,0.0015003239222156942,-0.0009103866742559837,0.0006295440959799886,-0.0014939732559679177,-0.001527986912381756,-0.0010780670989104226,-0.00027702672756768306,-0.0006927478711522382,0.00019625243294744016,0.00042616979482715625,0.0006361746441955645,0.0004895711824429551,0.0003616940204435386,-0.001422480239258071,0.0009261327900590424,-0.0008120505544692135,-0.0003849862619177039,0.003874847651453443,-0.0005026876132013573,0.0017726350667166733,-0.00023552242729276467,0.0010379633264178982,0.004168627273496172,0.0054573773240070315,-0.0033529965336718055,0.00016594815946475254,0.0012959991864976976,0.0002329017925909533,-0.000639064228759848,-0.0034695928940748602,0.0,-9.238398016691988e-05,0.0,0.0,0.0,0.0,0.0,0.0,0.0,0.0,-0.0011301116400866385
2024-03-27,0.0003636263834322501,0.0013840267256258706,-3.9473330144311404e-05,-0.0008173912898359826,-0.001362405097717577,5.5862713492559795e-05,0.0007041429615765686,0.000867260872263229,-0.0004944534569391042,0.001676127784574143,0.0009774176067272682,-0.0038751174930292277,-6.44230405263107e-06,0.025802382116719053,-0.002641905703474494,-0.0014486599991827347,-0.00048082470085412547,-0.006968922945082942,0.00036254367867784494,-0.01609771311096485,-0.0005353910853646508,-0.0005530589588485634,0.005688276530821616,0.0002051758751114738,-0.00018427214486802738,0.0002997745582552734,0.0003607843639342257,2.8877836065037556e-05,0.00020531207984869594,0.0004911346178941316,0.0033337284754362357,0.0033692601421547548,0.0026330105444909327,0.002039991327190088,-0.0015813069084996637,0.00078988536206168,-0.00880194467564613,-0.000319718172314263,0.00014015900523228558,-0.0005277744662554064,-0.00013828425360317293,0.006519823666093945,0.007034490583961659,0.0003865126425929312,3.321317422774956e-05,3.9186220936659756e-05,-0.0019121635564935003,0.004147689371780406,0.0003644083295911037,0.0011394875125698904,-6.851415241547011e-05,0.0004963222552042953,0.003248238287084752,6.211629361870018e-05,0.0008517824330480485,9.038857452758913e-05,-0.00036237813215414543,0.0006266580972784175,0.00010650551486522233,9.244990799861389e-05,0.0006872186591060508,-0.000742816280110564,0.001450717714654076,-0.00043673790600083894,0.0,0.0003173868329508811,-8.80316712831413e-05,0.0007090723883732448,-0.0002958998107594543,0.0010948592821235048,-0.0006443175782964811,0.0006295440959799886,-0.0014939732559679177,-0.0019495961894224643,-0.0009604947277652187,-0.00027702672756768306,-0.000777674239355906,0.00019625243294744016,0.00018454143297125697,0.0005311135400105252,-0.000592417683667978,0.0003616940204435386,-0.0012708617914483171,0.00156780888076569,0.00022737764377581533,-0.0003467473926834953,0.0026586348325104967,-0.0005026876132013573,0.0017301762801685383,-0.00023552242729276467,0.0010379633264178982,0.00420062807530623,0.006939176483333219,-0.0029583375116540443,0.00011620311053219738,0.0007916234398377198,-0.00013171561078760178,-0.000789127664765173,-0.0036344070131858427,0.0,-9.238398016691988e-05,0.0,0.0,0.0,0.0,0.0,0.0,0.0,0.0,-0.0011301116400866385
2024-04-03,-0.00032931361226401815,-0.003960119581095673,2.5478222959120475e-05,-0.0006963292332657087,-0.0017488710459323009,0.0011826494277517926,0.0006330261438415417,0.0008181682100417732,0.0008513427820290585,0.0014088615394600708,0.0008809201178982607,-0.008986919633179352,-6.44230405263107e-06,-0.025664139007914075,-0.0023410246025378856,-0.004638600830677743,-0.001532028391404872,-0.0061206024025560754,-0.0014039155578853923,-0.012810336124076956,-0.0005353910853646508,0.00394564494598944,0.009374488572303216,0.0002051758751114738,0.0001330803211395386,0.0005351045419267155,5.2914787276236494e-05,1.0259927084186036e-05,-0.0005618517571814736,0.00046288666087623706,0.00644556472113469,0.0033778129965173344,0.0035735708545948154,0.004020706346170246,-0.0008327318396212337,0.00029689024287971944,-0.008781839351893521,2.5422133369022086e-05,0.0003132459946714112,-3.4465197091667595e-05,0.0004804726096401533,0.006502752067625036,0.006643606443532029,0.0004428516203874433,-6.019759441221164e-05,-0.0005064572939282492,-0.0011855479039484648,-0.004484805599523453,-0.00022661104213155035,0.005326797712453113,0.0005892980300855347,0.00046872154180542053,0.002559193802432322,6.346401052403813e-05,0.00013839553299025033,-0.0013561433363784036,-0.0004049827233101859,-0.0005174106168230766,-0.0015213138648362652,8.238883216584984e-05,0.0009216777057490212,-0.00023891944166451955,0.0018131431239606594,0.00022775080798530456,0.0,0.0003173868329508811,-2.390275224008984e-07,0.0004631891657511259,-0.0005208781873807628,0.0016326723648179542,-0.00041020640563246613,0.00035803850886726807,0.000661698888450163,-0.0017718760875593067,8.631447798883393e-05,0.00020691761690117225,-2.216760469805082e-05,0.00019625243294744016,0.0001352262446888595,0.0016425801775509776,-0.0006808495181293644,-0.00018525518429429104,0.00020980234494930817,0.0010777041197898613,-0.00037540545508615646,-0.0011443096045393238,0.0012401658458238562,-0.0004988757851328201,0.0005557042029197729,-0.00023552242729276467,0.001700389781375351,0.000754944991127403,0.007215914469123548,-0.004991023625047509,3.586519363351483e-05,-0.002994189952351267,-0.0010020505977513072,-0.0032440471587855996,0.0017652689369564447,0.0,-9.238398016691988e-05,0.0,0.0,0.0,0.0,0.0,0.0,0.0,0.0,-0.0005888088494962635
2024-04-10,-0.0003871107557157476,-0.004257036479620812,2.5478222959120475e-05,-0.00017582810037751945,-0.0017488710459323009,0.0002567174365672774,-0.001099928203171818,-0.0015715020931137244,0.0015555530920111766,-0.0004340055548417056,-0.003300955831121798,-0.008983012758272454,-6.44230405263107e-06,-0.03764180600556381,-0.002392742254634217,-0.0045964078354839445,-0.0015633802456155828,-0.005108696994348307,-0.0011584211772960357,-0.011966595517752445,-0.0005035877424271647,0.004495173664195869,0.01133629079136562,0.0002051758751114738,-5.2988386088469004e-05,-3.1017379594385796e-05,0.0003607843639342257,1.0259927084186036e-05,0.0002183260477279247,0.00046288666087623706,0.0061563949929721185,0.0026587349809039425,0.004652730817004878,0.0034485375845178697,-0.0007931563363078982,0.00047600216252557926,-0.010000450055805774,-2.707031406278405e-05,0.0002782900947632782,-3.4465197091667595e-05,0.0016028829457863502,0.0065099966587868225,0.007070564123866852,0.000377656948421919,-0.0006824089209838102,-0.0008906764560089866,-0.0003008810199727321,-0.0036203450945479854,-0.00022661104213155035,0.005254663538479931,0.00085290004586006,0.00046872154180542053,0.002487413511694445,6.346401052403813e-05,-0.00012499494169355637,-0.0013561433363784036,-0.0004049827233101859,-0.0005174106168230766,-0.0014609635783100175,-0.00017820563868181953,0.0003826153123579985,-0.00023891944166451955,0.002013024989514961,0.0003629210527303737,0.0,-0.00020134028498490259,1.7422937155297304e-05,0.0005303208274043637,-0.0008537059953780965,0.0006629113453462533,-0.00041020640563246613,0.00044666271219424153,0.000661698888450163,-0.0017940878098344026,8.631447798883393e-05,0.00020691761690117225,-2.216760469805082e-05,0.00019625243294744016,0.0001352262446888595,0.0016425801775509776,-0.0006217646799237043,-0.00018525518429429104,-0.0007525920579766828,0.0010777041197898613,-0.00037540545508615646,-0.0010525066849196415,-0.000525393415826535,-0.0024015688878647537,0.0007114482670004591,-0.00023552242729276467,-0.002176268722861985,0.0006765787547527509,0.00879341486136932,-0.005283140408291253,-6.0668111466137945e-06,-0.001503250550510988,-0.0010020505977513072,-0.0027212428553946965,0.002247166269151991,0.0,-9.238398016691988e-05,0.0,0.0,0.0,0.0,0.0,0.0,0.0,0.0,-0.0005888088494962635
2024-04-17,0.0003058292399805207,-0.004257036479620812,7.37251145638959e-05,-0.00015017313267465195,-0.002332757962607389,-0.0013025120785909857,-0.0013310280637797807,-0.0014660522885681436,-0.0006470179175336585,-0.0008890371541473464,-0.0013153602605345883,-0.009266695170808048,2.2035518727283914e-05,-0.0364157538650793,-0.0031130914803529234,-0.004601389157182407,-0.0010560692973916833,-0.005971709270666423,2.0971663091529926e-05,-0.013207571421516158,-0.0005128707388453338,0.004091484436361108,0.009339670706704129,-0.0003107192418515523,-5.2988386088469004e-05,0.00019578033772349506,0.0003607843639342257,1.0259927084186036e-05,0.0002194519725993211,0.0005188137556847543,0.00630633697439875,0.001647500725389443,0.004159670289058091,0.0031211801079615554,-0.0009785008574634678,-0.0004342015104165989,-0.010976182491217118,-2.707031406278405e-05,0.0006515506883308085,-3.4465197091667595e-05,0.0006833909916638245,0.006500134794252984,0.007087794932332841,0.0002541655913935931,-0.0006824089209838102,-0.000899719065588162,-0.0002504361246316411,-0.004155496063492943,-0.00022661104213155035,0.005254663538479931,0.00085290004586006,0.00046872154180542053,0.002633096717943826,0.0005264058779851667,-0.00012499494169355637,-0.0013561433363784036,0.00021208189589994646,-0.00010260087786615743,-0.0013975526970605645,3.5133910294990554e-06,-0.0005789781581682881,-0.00023891944166451955,0.0008835642984919499,0.00039678760699262045,0.0,0.0003394513986470154,0.00024350503109483453,0.0010481573304664403,-0.0005208781873807628,0.0008438493190387171,-0.0006066286255358078,0.00016488515551247419,0.0008692897554415019,-0.0018360391687844793,8.631447798883393e-05,0.00039265446566680333,-2.216760469805082e-05,-0.00011709190596938264,-3.614028969921633e-05,0.000933043871789223,-0.0009714975690812324,-0.00018525518429429104,-0.0005344810251203922,0.0005107776424627643,-0.0006299108720822619,-0.0010275061274711845,-0.0017383655600183509,-0.001184148212502772,0.0006053688947807498,-0.00023552242729276467,-0.002176268722861985,0.0006275643673226373,0.009736039543698036,-0.005056869927401497,0.00012401615468462393,-0.0017989902604384495,9.087153860352218e-05,6.742384898221842e-05,0.002167128643202117,0.0,-9.238398016691988e-05,0.0,0.0,0.0,0.0,0.0,0.0,0.0,0.0,-0.0005888088494962635
2024-04-24,0.0008583551066865815,0.002084690268998975,2.5478222959120475e-05,-0.0006846336435937211,-0.002435968591148175,-0.000826547911150038,-0.0011797615235457025,-0.0013106776085367445,0.0015555530920111766,-0.00033225872488624943,-0.0002862756757744993,-0.009266321260414387,2.2035518727283914e-05,-0.035506460768508094,0.0029671759719914212,-0.004868449142166795,0.0015403931589536804,-0.004814761866860873,0.0008706543058057276,-0.01222775484350108,-0.0005128707388453338,0.004076662395007183,0.00960709419370391,7.754937228709621e-05,0.00010561750769734685,0.00019578033772349506,-8.37186912322312e-05,1.0259927084186036e-05,0.0002194519725993211,0.0003973324936740758,0.004449491136795852,0.0025414021075405814,0.0030230580755408695,0.0033268449187261137,-0.0009058512327475785,-0.0008428137111031843,-0.010398115526552652,-2.707031406278405e-05,0.0006796129346870843,-3.4465197091667595e-05,0.0008625148638466407,0.006493192477099418,0.007062443726680829,0.000377656948421919,-0.0006824089209838102,-0.0004908803468987841,-0.0008307476583482596,-0.003956446994203128,-0.00020797749934254288,0.005343675962364256,0.0012763746376425376,0.0005700085552842349,0.0030762823574931757,0.0005264058779851667,-0.00011680514741389833,-0.0016434386538828913,-0.0004049827233101859,0.00026293015639939634,-0.0015984073539029938,3.5133910294990554e-06,-0.0008610864449921016,0.0001864594298428913,-0.00022158327644988148,-0.0005728485815410382,0.0,0.0003394513986470154,-7.036970660544309e-05,0.0008975446329860287,-0.0005208781873807628,0.0009816849058834713,-0.000660477466383571,0.0003082077839032348,0.0007014412779004854,-0.0021503323167901926,-6.984547621811633e-05,0.00039265446566680333,-2.216760469805082e-05,0.00019625243294744016,-0.0003933057698811051,0.0005100544320513252,-0.0016929562268701139,0.00046143335445763823,0.0004025907507670321,0.00016881853606441524,-0.0006299108720822619,-0.0012361299770293575,-0.0011836819692837104,-0.001184148212502772,0.0004994843737720755,-0.00023552242729276467,-0.0015160378017205905,0.0008003118643670234,0.008757413053093174,-0.005612165999825085,-6.0668111466137945e-06,-0.0008617756106052835,-0.0016825110600117432,6.742384898221842e-05,-0.00038130344293217097,0.0,-9.238398016691988e-05,0.0,0.0,0.0,0.0,0.0,0.0,0.0,0.0,-0.0005888088494962635
2024-05-01,0.0008583551066865815,0.004366353938836518,2.515439522765568e-05,0.00018493820391397148,-0.0017589402356724252,-0.001033107680261441,-0.0005195985272654574,0.0006333738200860086,0.002181245983576226,0.00143397651900106,-0.0003246109404128231,-0.012443503732252946,2.2035518727283914e-05,-0.003020197868426316,0.004682298181313156,-0.004768130708579266,0.003054265650224647,-0.005901313113869162,0.000819642681006913,-0.013355244525501008,-0.0005446740817828201,-0.0010688734935207756,0.005794978370236554,-4.8105115371832165e-05,-5.2988386088469004e-05,0.0003209195132549451,0.00029795569205893016,-1.644579331835864e-05,-0.0005800388088136216,0.00030609574704810864,0.0033450085628377087,0.0030732858628926257,0.0021920299075708686,0.0023421431541005744,-0.0012836423888717596,-0.0018491901249621501,-0.012181171276028729,-0.0019209122392032161,0.0006515506883308085,-0.0002472759206132886,0.0008026339474967996,0.0025182388040956125,0.0053618420440199885,0.0005458484646463955,-0.0003961527645806298,-0.0001595990466244858,-0.0019272060206547035,-0.0097874089944269,-0.0011565322261051373,-0.0019368381687544928,0.0010268116879788602,-0.0017280144948130227,-0.0001505670691864978,7.313716416786276e-05,-0.00013571142754982674,-0.0009048084270846849,0.0005931324752444596,-0.002788201455094081,-0.0006995886243862785,-0.00030784541136619675,-0.0009965350298802994,-0.0005678289350606174,-0.000888397155586432,-0.0008934348871521922,0.0,0.00033644926215777715,-0.0006421614758174178,0.000450570153710685,-0.000423691611302327,0.00024220388622780926,-0.0008444161326795617,0.0013949515893347145,-0.0016595387091511554,-0.0002004826055736696,0.0005933280282374993,0.00018351384513862754,0.00024175456688619733,0.0004110884246388939,3.5645806313011315e-06,0.0002624966471804803,-0.00419136763501963,0.0004353635286499947,-0.0004928929951705542,-0.00023886499151186717,-0.0005766023120672743,-0.0012191928619181155,-0.002556846623087563,-0.0020419612815971875,0.0006215072637500957,-0.00023552242729276467,-0.0019466442809878595,-0.004043840691345476,-0.008313671994307267,-0.0046046717546001075,3.586519363351483e-05,-0.0009821443129671753,-0.0016825110600117432,-0.003289890936837322,-0.0030128738576735517,0.0,-9.238398016691988e-05,0.0,0.0,0.0,0.0,0.0,0.0,0.0,0.0,-0.0006782890585443151
2024-05-08,-0.00032931361226401815,0.0008655926549974815,9.010594833108756e-05,-0.00029955478106462893,-0.0020627760667291427,-0.0009328503750170834,0.0007614605337598544,5.860148900064052e-05,0.0016985903622730874,-0.0005705564293734795,-0.0026418050323096963,-0.012645412055927976,-6.44230405263107e-06,-0.03930897006929306,-0.0032699408318494863,-0.004473370365533659,-0.0010006761387314487,-0.006396766954249691,6.489499896364639e-05,-0.009669530775184442,-0.0005353910853646508,0.0023487767878923047,0.008188769347062398,-0.0003107192418515523,-5.2988386088469004e-05,0.0005351045419267155,0.0002159547939554402,-1.644579331835864e-05,-0.0005997190958421906,0.0003278489830704167,0.0047088255153777524,0.0024037787677378213,0.004590008930315821,0.002581668260687975,-0.0011811901156384991,-0.002155751505896806,-0.012222909810534595,-0.00040010229991202214,0.0002782900947632782,-0.0002472759206132886,0.001069045233414328,0.0025270896651923016,0.0054642263164443134,0.0003940614284196898,-0.0004478121695390404,-0.001541560903946747,-0.00047228944273637705,-0.009163314134941248,-0.0011910568174302808,-0.0037127583734035195,0.0010268116879788602,-0.0013803739342853403,0.0006062282416324602,5.66487394407736e-05,-0.00038075459049860094,-0.0007177199979679947,0.0005931324752444596,-0.002970562474455427,-0.0010409918817008955,-0.00037725814252457477,-0.0005783914336343117,-0.0005678289350606174,-0.0020742652760761455,0.00023448606329536903,0.0,0.00033644926215777715,0.00022584306641713634,0.0007095660481394882,-0.0005208781873807628,0.0005079216895331149,-0.000785388798766047,-0.0004356797235077723,0.00010893266440559567,-2.066120068560943e-05,0.0007699618354371126,0.0003692506939042586,0.000534339434639023,-0.0003145079808300564,-0.00023806378122459817,-0.0004481717381164856,-0.003921345199060663,-0.0011654807816785958,0.000329150759467901,0.00020052698352733374,-0.00018710865805084988,-0.00139705230230462,-0.002459820757627658,-0.0020419612815971875,0.0004994843737720755,-0.00023552242729276467,-0.0016760321805464038,-0.004080230826822685,-0.008733804523654342,-0.0053193482005147565,1.8038192599882385e-06,-0.004169078912993109,-0.002105044165635915,0.00023106729811951212,0.0018024100212467012,0.0,-9.238398016691988e-05,0.0,0.0,0.0,0.0,0.0,0.0,0.0,0.0,-0.0006782890585443151
2024-05-15,0.0003058292399805207,-0.0027783967599962593,9.010594833108756e-05,0.0002209463518235603,-0.0018558378350660304,0.00026389004745795924,-0.0016941103408953666,0.0007560435259691637,-2.1325025968609224e-05,-0.0006520385742562917,-0.0018481362641555939,-0.012645785966321639,2.2035518727283914e-05,-0.03840012500301585,0.001652954007795322,-0.0045317940755914875,-0.0005247170447182601,-0.006684582927806617,-0.0001879760263893564,-0.012436673791428427,-0.0005128707388453338,0.0025307739664758204,0.008915507091489444,-4.8105115371832165e-05,-5.2988386088469004e-05,0.00019578033772349506,0.0002159547939554402,-1.644579331835864e-05,0.0005072645501406432,0.00034475256797350984,0.004993701926527775,0.001647500725389443,0.00464746118142298,0.0030446087368045847,-0.0012907001517542236,-0.002600965057794443,-0.012446119232246141,-0.0007594721223629453,0.0006515506883308085,-0.0002472759206132886,0.0010702960375975185,0.0027791130779215136,0.005765817086096394,0.0003288667564541654,-0.0003961527645806298,-0.0011563069894310453,-0.0004347627416885616,-0.008317695418045286,-0.0009764108615649382,-0.0037127583734035195,0.001057959002892475,-0.0013803739342853403,0.0006673286717093056,2.24346407596187e-05,-0.00038075459049860094,-0.00043042468046350715,0.0005931324752444596,-0.001613003696095577,-0.0010409918817008955,-0.00037725814252457477,-0.0008604997204581252,-0.0005678289350606174,-0.0012289770999335764,0.00023448606329536903,0.0,-0.0008166917090770341,0.00013805042265639596,0.0008174727115208664,-0.0008537059953780965,-0.0009555230335938946,-0.0008338421171273191,-0.0006384244620237726,0.0004990322525915346,0.00014241053525104137,0.0012112469394143014,0.0003692506939042586,0.000534339434639023,-0.0003145079808300564,-0.00040943031561267403,0.0002624966471804803,-0.0028496049039871724,-0.0009062921213057986,-7.295873379970675e-05,-0.0001729995007669931,-0.00036732859322756136,-0.0013208547116993904,-0.002529241286452798,-0.0035331081308395866,0.0006064685384156819,-0.00023552242729276467,-0.002185740385283763,-0.003997946343032285,-0.008670587177362582,-0.004193597986068822,8.214173615867079e-05,-0.0031860926871474264,-0.0009221750534799608,-0.0003772747212990418,-0.0006552291279352481,0.0,-9.238398016691988e-05,0.0,0.0,0.0,0.0,0.0,0.0,0.0,0.0,-0.0006782890585443151
2024-05-22,0.000302179363475218,0.0010405526013398789,9.010594833108756e-05,0.00020698697379268038,-0.0019498737063737802,-0.0016847774293282359,0.0007642723237872174,0.000504813337611974,0.00010100982470479458,-0.0012772772684087595,-0.0004368412592808793,-0.013071316474957942,-0.0007913171375500102,-0.04019290304194186,0.0032377052479244488,-0.004600753199068292,-0.0008464202702427695,-0.005760077459027796,0.00029243750101205746,-0.012550347533736605,-0.0005760834621295746,0.0029066959895442737,0.009429064225351343,-4.8105115371832165e-05,-5.2988386088469004e-05,7.354874296653708e-05,0.00019970011855436996,-1.644579331835864e-05,0.00015791703278594574,0.000281109874031654,-0.00022131395876602344,0.002301706025545336,0.001385318994880862,0.0018102308057072786,-0.0014103453651117988,-0.0010652029483663836,0.0010195458880850993,-0.00040010229991202214,0.0006515506883308085,-0.0002472759206132886,0.0010653078819930987,0.0009456621601964072,0.006083472634744144,0.00043478129462707466,-0.0003195359745858184,-0.0009034397054901112,-0.0017660284598106826,-0.009389878976721052,-0.0004790911017706236,-0.0037127583734035195,0.0006033370961963825,-0.00041891708268443584,0.0007293245161676526,2.24346407596187e-05,-0.00038075459049860094,-0.0012502669372259,0.0005931324752444596,-0.001613003696095577,-0.00017680565904384121,-0.00037725814252457477,-0.0005783914336343117,-0.0008426578237725464,-0.0017318796326657802,-4.81698834332167e-06,0.0,-0.0008166917090770341,-0.0008119867084404706,-0.0008867287447535296,-0.0005183580501873994,-0.00040904842321409974,-0.0011040974767739715,-0.00022498572549185507,0.0003177527470626039,-0.0013382868781252086,0.001009916599398363,0.00012804034052725012,0.0006565765312233336,0.0004110884246388939,-0.0004328315534745732,-0.0005203068845055746,-0.003214686713157905,-0.0010039835829642868,2.6138396490363964e-05,-0.0001729995007669931,-0.0007846750096945154,-0.0009887347063029857,-0.0017398069400621351,-0.0032593819569591686,-0.00028703392652377915,-0.00023552242729276467,-0.0017297713281608047,-0.004232381140407657,-0.007971236467654762,-0.004096299330771823,8.214173615867079e-05,-0.003725606066144991,0.00044256391776341386,0.00022173039472581603,0.002073424346528875,0.0,-9.238398016691988e-05,0.0,0.0,0.0,0.0,0.0,0.0,0.0,0.0,-0.0004963174140726721
2024-05-29,0.0008583551066865815,0.002105382486120236,9.010594833108756e-05,-0.00038508770977150903,-0.0019498737063737802,-0.0011096360979853427,-0.0009534415592614169,-0.0007964032744532954,-7.122350270015241e-05,0.0014616030914126497,-0.0011261083893422032,-0.009231149923102156,0.00024725176300055063,-0.030976677313722712,0.0034405352291634293,-0.00406652220023576,-0.0004721301736381539,-0.0051499233757810224,0.0008220001433961998,-0.01296390230044102,-0.0005564618082663092,0.002197806724114151,0.010135237878372696,7.754937228709621e-05,-5.2988386088469004e-05,0.00011949862102232371,0.00031721257289670825,-2.5147146287156435e-05,-0.0008051537749989106,0.00031005619935770923,0.00034579156184980114,0.002235891688899894,0.0014653790832923216,0.0009202676803820091,-0.0013500097230244635,-0.0009666052112649957,0.0012587674446773653,-0.0007069796749311391,0.0006515506883308085,-0.0002472759206132886,0.0010653078819930987,0.0006519414185403037,0.006135948265069878,0.0004201022566279604,-0.0005460065150653195,-0.0006254499063735779,-0.0017521083002477696,-0.00782013128856351,-0.0003625024782002252,-0.0037127583734035195,0.0010965116544489335,-0.0008197640853634421,0.00043030452731379653,0.0005732887178121354,-0.00011476150293781646,-0.0002737048129802022,0.00080622608449309,0.0017674803994178075,0.0008197102480467165,-0.0001166636716769054,-0.0005783914336343117,0.00021668869518750748,-0.0019582668813559203,-4.81698834332167e-06,0.0,-0.00020434242147414087,-2.0221199656084168e-05,-0.0010016766747560153,-0.0005183580501873994,0.0011584523512772824,0.00043659769927057877,-9.783793454662365e-05,0.00017345512864152743,-0.0020162816639741287,0.0010315183036367836,0.0003692506939042586,0.00025715904526803197,-0.0003145079808300564,-0.00019120319161867387,-0.00014593377759956146,-0.0021102011405426634,-0.0010039835829642868,0.00011040237909008116,-0.0001729995007669931,-0.0003368315122820402,-0.0009887347063029857,-0.0010356817353859029,-0.0027333946798688384,-0.00028703392652377915,-0.00023552242729276467,-0.002091191882685511,0.005570301599535404,-0.007695925993769909,-0.003803504926963894,8.214173615867079e-05,-0.003073234225613954,0.00044256391776341386,-0.0006577109136531881,0.0021966132465176913,0.0,-9.238398016691988e-05,0.0,0.0,0.0,0.0,0.0,0.0,0.0,0.0,-0.0004963174140726721
2024-06-05,0.00045164021874429666,0.005998207092870409,-0.004440890259090261,-0.00016982150485651107,-0.0017954397718696927,-0.00242531448818391,-0.0008643585943043206,0.0012344830584904369,0.0018781158549264873,0.001818919175876468,-0.0017316953990745914,0.004519019637475247,0.00024725176300055063,-0.0335478367902759,-0.0041402880216599445,-0.004438459764720885,0.0014941717994421916,-0.0009757650383154797,0.0009488726464643675,-0.013828491578956261,-0.0005564618082663092,0.0024002076796756765,0.010736380709875289,-0.0003107192418515523,0.00010561750769734685,0.0001995665653730814,0.0003558637465281375,-2.5147146287156435e-05,4.010257978742509e-05,0.0003102818968111928,-0.0018615284860736586,0.0032935793443323175,0.0013602165378666373,0.001538734877188619,-0.0021808755299845247,-0.0013564190967883822,0.0010453845190905604,-0.0004843880399097928,0.0006796129346870843,-0.0002472759206132886,-0.003917766971609804,0.0013147777954634534,0.007032644535288,0.0003649297209625223,-0.00018052429627606536,-0.0008622147333288085,-0.0018067479189244693,-0.005108061916595711,-0.0008747402266462345,-0.003334955156531971,0.0007851964975079557,-0.00041071326853707604,-0.003667984109347724,0.006209744560209229,-0.00021529391753004763,-1.2893434299519823e-05,7.970221707268897e-05,0.0014866712940062436,0.0018360627286977997,-0.0003961217299801236,-0.0005789781581682881,0.00021668869518750748,-0.0033820951506795226,0.0009650624371760506,0.0,-0.0005349839930582622,-0.0008727814255445902,-0.0006038984742500293,-0.00029338927243089557,0.00024180293569971153,0.00013385199472060256,0.0005723975559743595,0.00046408414205528244,-0.002436284342897622,-1.5378747717570383e-05,0.00012804034052725012,0.00025715904526803197,-0.0003145079808300564,-0.00023807082537501554,-9.218341501632565e-05,-0.0015613932315855996,-0.0004797070245367817,4.5594180558293e-05,0.0015860805410762425,-0.0009733854456118955,-0.0010392440654392401,-0.00177932428200686,-0.0020563646639185622,-0.0007067763727640295,-0.0003891401405356665,-0.002148053192797354,0.0031669469960180214,-0.007269614802407511,-0.0035411648861487753,-1.859690608722127e-05,-0.0030245548696386003,-0.0016825110600117432,-0.00032278713992936047,0.002127638266034693,0.0,-9.238398016691988e-05,0.0,0.0,0.0,0.0,0.0,0.0,0.0,0.0,-0.0004963174140726721
2024-06-12,0.0005070128380933907,0.005835625455281979,-0.00637017354749765,-4.225172242663476e-05,0.0005618702005606543,-0.002487585055967119,0.0006501300372350129,0.0004841521701662619,0.0018781158549264873,0.0036999018573815206,-0.001749559202134522,0.001452913200610591,0.00024725176300055063,-0.007554610171775956,0.003454863465744733,-0.004020290835982047,0.003013718624327278,-0.0005328831354198327,0.0009538723975349894,-0.013840145058431947,-0.00034784654204467224,-0.0011520978084519498,0.01046056411244968,7.754937228709621e-05,0.00010561750769734685,0.0010028471048251415,0.0004009578749929354,-2.5147146287156435e-05,0.0002178633630330293,0.00029579101675123414,-0.0003571568592910102,0.0026641515936307813,0.0018596178466813555,0.0004899559134580355,-0.002458765564228354,-0.0010498577158537265,0.000909694282119964,-0.0004843880399097928,0.0015998482635647317,-0.0007905895461484858,-0.003912152156902725,0.0009871353797946951,0.0066910894122999675,0.0005134606657330872,-0.00018052429627606536,-0.0012777691482215967,-0.0012668806622428495,-0.00551288316896088,-0.0009120937894133304,-0.0018099015920159023,0.0007851964975079557,-0.0011820760133468026,-0.0036677830903929375,0.0062797182609511185,-0.00021529391753004763,8.062810028303546e-05,7.970221707268897e-05,0.0010130592073092184,0.0016352080718553706,-0.00033779451052216473,-0.0007150134675904625,0.00045078277781888156,-0.001948456077359514,-0.0005952561576530846,0.0,0.00015749755577243267,-9.867788143790203e-05,-0.0006990541033406932,-0.0002585606029462252,0.0002083348630301005,6.420511866444157e-05,0.0012020330568517118,-0.0017543230048853327,-0.002290382824751597,-0.0002710521240202868,0.0003692506939042586,-0.0004867971719652019,0.0004110884246388939,0.00017457835002840903,-0.00011517866896931663,3.9065883190824775e-05,-0.00015790791733282284,3.985497668576363e-05,-0.00024155606294031364,-0.0005625103486127845,-0.0009977902357129597,-0.0008999732115573934,-0.0033281534052044485,-0.0005958727765147244,-0.0003891401405356665,-0.002117429466515844,0.003203738798780317,-0.006813601606839687,-0.0030486450896298526,-0.00010557890937782262,-0.0010655767701031559,-0.002105044165635915,-0.0004991082106450072,0.0025989518993598513,0.0,-9.238398016691988e-05,0.0,0.0,0.0,0.0,0.0,0.0,0.0,0.0,-0.0004963174140726721
2024-06-19,0.0005070128380933907,0.003755912428826906,-0.00637017354749765,-2.395029362872313e-05,0.00026270400830781315,-0.0011495593422714706,0.0008660174716490107,0.0008879564427887443,-0.00029956052501912457,0.003397281048023088,-0.0017942926660823668,0.004519019637475247,2.2035518727283914e-05,0.02938024718472996,0.005436183130358652,-0.0014469824343641667,0.003013718624327278,0.005687755631344933,0.001049787197835893,-0.013393637138909181,-0.0006269459551661513,-0.0008228085452099535,0.0065677717163988856,7.542625634821321e-05,0.00010561750769734685,0.0005253815725371714,-0.00020012767559270372,8.20347267973912e-05,0.0011637380994791748,0.0002082724699636887,-0.0012559087854228353,0.0029924469014774567,0.0016488206269413433,-0.00248722781517467,-0.002749662110317931,-0.0016550328955490514,0.000606983164901349,-0.0011659259764045448,0.0015998482635647317,-0.0004889102706983676,-0.003655114710402999,0.0009761260792297041,0.0065204525079984085,0.00040388240244392936,-0.00021396577862564902,-0.0012777691482215967,-0.0017945725097018445,-0.005730340058546944,-0.0005317919735156105,-0.0016302392303693973,0.0010157449152772495,-0.0013462470604532033,-0.004112048706553619,0.006995845259294349,-0.00021529391753004763,8.062810028303546e-05,7.970221707268897e-05,0.0009538373299154035,0.002832763543020284,-0.00033779451052216473,-0.0007150134675904625,0.000363383894554303,-0.0027758273003601354,-0.00010699792824238213,0.0,9.04486794915583e-05,-0.0003433320456521917,-0.0007327663727355041,-0.0002103677153176421,0.0008921568522887781,-0.0006484011827899431,0.001213677775869791,-0.0010460566121025642,-0.0025821966231205935,-0.00016875673288055057,0.0003692506939042586,7.346002395453228e-05,-0.0003145079808300564,8.527660906617511e-05,-0.00013603216665158328,-2.911356947917965e-05,0.00014081106678804823,0.0004556634597232902,0.0002775497853616707,-0.0005808929923148082,-0.0010433177392917179,-0.0010239740278833837,-0.0023401973586005867,-0.0010021846937914008,-0.0003891401405356665,-0.001190827933565602,0.002381939590096189,-0.006362718928971572,-0.0025626732224291802,-1.859690608722127e-05,0.0006752143124206244,-0.002105044165635915,0.0006771051670905974,0.00128238354989108,0.0,-0.00011132093664571465,0.0,0.0,0.0,0.0,0.0,0.0,0.0,0.0,-0.0005040995866665201
2024-06-26,1.4136613695912896e-06,0.004126328951958842,-0.003161071799882164,3.696580289391785e-05,0.0003649329258730796,-0.0016799547559041238,0.000275020119071125,0.001260413806506434,0.0012324829888707214,0.003356512850908418,-0.001825195680109119,0.004498005369599377,0.00024725176300055063,0.015943380919579454,-0.0033876584629897464,-0.003166192572729244,-0.0009072097181909987,0.004683552922166645,0.000287257577659653,-0.013333032325680094,-0.0005965141677087798,-0.0008879154088147407,0.0078298374188289,0.0002051758751114738,0.00010561750769734685,0.0005253815725371714,0.0004018394662126213,-2.5147146287156435e-05,-0.00020318027778608481,0.00023178816913922424,-0.003733329578533901,0.0010606297004658398,-0.0034189263416773415,0.0016409458124048233,-0.002588554753920444,-0.0013564190967883822,0.0013906665370703004,-0.000951070753452951,0.0015998482635647317,-0.0007905895461484858,-0.004085741997443549,0.0004175322965381373,0.006657423742966649,0.00040388240244392936,-0.0004379472518022638,-0.0015349231312894425,-0.0030509063555878707,-0.005490394269941015,-0.000550425516304618,-0.0016302392303693973,0.0012086710892904333,-0.0012560046858117653,-0.004552750482702762,0.006069786660947979,-0.00021529391753004763,8.062810028303546e-05,7.970221707268897e-05,0.00038824775081372953,0.0025127996717498615,-0.00027568554901970753,-0.00012004398138919258,0.000363383894554303,-0.004413026154186984,-0.00032862617417373256,0.0,-0.0005349839930582622,-9.867788143790203e-05,-0.0005735012020270521,-0.0002876602455943279,-0.00024237795078826932,0.00033027421462394424,0.0011295631556093207,-0.0010691728669068974,-0.002763202012370454,0.000768348430178397,0.000281482495713288,0.00015297121814039725,-0.0003145079808300564,0.0006087711527732073,0.0001093745129576239,0.0006147999144051911,0.00014081106678804823,2.5974445214345973e-05,0.0009360731972066094,-0.0005625103486127845,-0.0011074420562210586,-0.0014842894279357137,-0.0021107327298424674,-0.0006454759193168208,-0.0003891401405356665,-0.0014822965297687488,0.0033991454570249905,-0.006216696865389614,-0.002604707908087324,-1.859690608722127e-05,0.002140539555979811,-0.002105044165635915,0.0007994148666693833,0.0010157641618121684,0.0,-0.00011132093664571465,0.0,0.0,0.0,0.0,0.0,0.0,0.0,0.0,-0.0005040995866665201
2024-07-03,0.0005379618972596744,0.002695636022023219,-0.0017496651472334295,0.0014201813766628495,0.0023413725616094694,-0.0011721587906052525,-0.0009682193303418345,0.0015080460171893438,-0.0005228430639592725,0.003652274739978684,-0.00325844838425748,0.003977523031760755,0.00024725176300055063,0.03330800924934784,0.0026444398851005794,0.0038606492407642712,0.0028310187555256917,0.004839010546337929,0.000938824759201568,-0.012405217182491698,-0.00042945894956231373,-0.001550698527577706,0.006809357399729852,7.754937228709621e-05,8.352352425139942e-05,0.00045393731337089495,0.00038748626606748807,2.8877836065037556e-05,-0.0001293310525250917,0.0003926839829035967,-0.0037388703021599833,0.0011053663022683683,-0.0023968115561294264,0.001850648604524728,-0.0018442027760914345,-0.00031357131810315917,0.0015839601020037417,-0.0008663569475098719,0.0007699894557677844,-0.0004889102706983676,0.0019154757299645062,-0.0034231711121917104,0.007193975921971525,0.0005022222830315537,-0.00045863717723953356,-0.0009085148224779425,-0.0030804520394883284,-0.004846721079063679,0.0002434847430853485,-0.0017308117244654066,-0.0009489830598799941,-0.00015637018481989224,-0.005506952830878186,-0.002064796973650164,0.0006783492298460043,8.062810028303546e-05,0.00080622608449309,0.0025390306488554813,0.002654266930496747,-0.0006269383787088932,-0.00012004398138919258,0.000363383894554303,-0.0022148737210001246,-2.5800318358551276e-05,0.0,0.00015749755577243267,0.00016504834931301666,-4.257269935385896e-05,0.0006669685793160346,-0.0003606602117982141,0.0005271502855598947,0.0013453204613733066,-0.0010691791806128773,-0.002373400002209446,-0.001932603632819866,-0.00028458390327904437,-0.00048304701538254155,0.0004110884246388939,4.011927441637027e-05,-0.0003781103604239034,-2.354079746800676e-05,0.0006837368402928606,0.0005702179945288762,0.00043592100647882624,-0.000993565905706037,-0.0011379310603025798,-0.0015732913187282115,0.0005182022829844199,-0.001621924539234565,-0.00029791305079593925,-0.001508308115549098,0.009129419002584528,0.01341166018787207,-0.0033348024674904764,-1.859690608722127e-05,0.00098471172537613,-0.0016825110600117432,0.002251767074394894,0.0012129084968933873,0.0,-0.00011132093664571465,0.0,0.0,0.0,0.0,0.0,0.0,0.0,0.0,-0.0010645177682263528
2024-07-10,1.4136613695912896e-06,0.002695636022023219,1.0518250685681547e-05,0.0014690900373420723,0.0032206945262703715,-0.0011721587906052525,0.00047404682673949007,-0.0015393977407395264,-0.0004295702909075753,0.0023857813233961506,-0.002805972367454244,0.0009319810441872399,-0.0007913171375500102,0.03385898323211242,-0.0030726458715491655,0.004254853620449917,-0.0008303025605707206,-0.005330938145461108,-0.0019564485303213627,-0.01271064934337374,-0.0005403803358356334,-0.0011233404895737607,0.005305826359953288,0.0002051758751114738,-3.880713159758181e-05,0.00021192814211468505,0.00036602912543882277,2.8877836065037556e-05,-0.0001785553732561357,0.00039093915279982437,-0.004415093560662363,-1.0792059496815692e-05,-0.0018554292448584335,0.0021661127793635624,-0.0016812780369993934,-0.0002436806592055746,0.0015114022378107438,-0.00015711638792866223,0.0008667367994915846,0.00020436210856338883,0.002594317219464332,-0.003559257087991045,0.007736226861978366,0.000481253494998923,-0.0005286102554978793,-0.0010813695651572808,-0.003659874016549032,-0.005059445430704748,2.221644429578005e-05,-0.002225038464755072,-0.0009489830598799941,-0.00047562195466202453,-0.0066713037717562335,-0.002305717069232663,0.000806452611972662,8.062810028303546e-05,0.00080622608449309,0.0025390306488554813,0.003000226563119255,-0.0006269383787088932,-0.00012004398138919258,0.000363383894554303,-0.0036897797075183354,-0.0001499959073157528,0.0,9.04486794915583e-05,0.00018271031399071488,-0.0007094708897057528,0.00031728119746130885,0.00018854030959896147,0.0007932193815193974,0.0014571717812694109,-0.002227475746406002,-0.0020919232573237087,-0.001954606327810338,-0.00028458390327904437,-0.0003624005754343964,0.0004110884246388939,-0.0004914748166947149,-0.0005558696549081512,0.0003384596529713871,0.00028126104068650624,0.00042789324008748916,0.0009235579541575827,-0.0013798316854258907,0.0003628944163654107,-0.0016757915340677462,-0.000831303774987897,-0.0006746101471580195,-0.00023552242729276467,-0.001508308115549098,0.01023783884834145,0.011449039287600328,-0.00521875891161954,-0.00014751091415795124,-0.0003141293923552722,-0.0016825110600117432,0.002049168324113066,0.001620827955951007,0.0,-0.00011132093664571465,0.0,0.0,0.0,0.0,0.0,0.0,0.0,0.0,-0.0010645177682263528
2024-07-17,1.4136613695912896e-06,0.0020390511026694477,1.0518250685681547e-05,0.0014873914661399838,0.0015757059109378338,-0.0015334019110996632,0.00024635873554951834,-0.0025309745725630084,2.072731838791261e-05,0.0021233003338473238,-0.005116196987690011,0.002535481387819667,0.00024725176300055063,0.03357583949316479,-0.003044228336111938,0.004950343746952498,-0.0008303025605707206,-0.005086678229311362,-0.0011955732824150316,-0.01234044609039017,-0.00047853916803150727,-0.0009155837178467796,0.005749044899222591,-0.0003107192418515523,8.01647357113236e-05,0.00021192814211468505,-0.0009168973048926203,2.8877836065037556e-05,-0.0009472930785378675,5.846767045120091e-05,-0.004350158631038728,0.0008139024027479608,-0.0022076728034194073,0.0020781462716933374,-0.0017181384483992285,4.5016758918798726e-05,0.001478988612184379,-0.00015711638792866223,0.0007699894557677844,0.00020436210856338883,0.002723190372172125,-0.004211015372645664,0.007736226861978366,0.0004302949810595794,-0.00015879288460190363,-0.0010813695651572808,-0.002393783329102592,-0.005059445430704748,2.221644429578005e-05,-0.002203792694204837,-0.0007756418973416011,-0.00047562195466202453,-0.006733584816145937,-0.002305717069232663,0.0008124866561537568,8.062810028303546e-05,0.00018916146528295764,0.0024394823999710716,0.0009731179951373873,-0.00037561369712545595,-0.00012004398138919258,0.0006916755507496735,-0.0038304612233134782,3.1138539457730425e-05,0.0,0.00015749755577243267,0.00028783645188608224,0.00010154552932920418,-0.0005419874924495438,0.0004714067551140807,-0.0008912651564041783,0.0015659156544977977,-0.002227475746406002,-0.0021450661712383774,-0.002212060670946015,-0.00028458390327904437,-0.0004473269436380643,0.0004110884246388939,-0.0004914748166947149,0.0007544153850757489,-0.00023453085053600913,0.00028126104068650624,-0.0008593846656650345,0.0009235579541575827,0.0009089916417983766,0.0003628944163654107,-0.0005540244329533459,-0.000831303774987897,-0.0006746101471580195,-0.0002291542360914557,-0.0015793317032470975,0.01023783884834145,0.010580411491205631,-0.004639145301991704,-9.586516336186401e-05,-0.00036310670877538916,-0.0016825110600117432,0.0001735246537227868,0.0004436909770386508,0.0,-0.00011132093664571465,0.0,0.0,0.0,0.0,0.0,0.0,0.0,0.0,-0.0010645177682263528
2024-07-24,-0.0003092578478251141,-0.003124457418433539,1.0518250685681547e-05,0.001833350713664713,0.0003311666670165504,-0.0012129137840041283,0.0006511835531996247,-0.0007604417702445908,-0.0004295702909075753,0.001904549531363645,-0.005534098535077188,0.0012190443231207342,-0.0007913171375500102,0.018513789275073928,-0.002100286393208973,0.001307804864148513,-0.0008176496253723621,-0.005524961842620432,-0.0011955732824150316,-0.013708739883271542,-0.00028535637287385333,-0.0009155837178467796,0.004754815465624939,4.016697315842152e-06,-8.64417605462723e-07,9.348047671659587e-05,0.0001982676860919916,1.0259927084186036e-05,5.515317169518829e-07,0.00017832919589615034,-0.0045573312095079,-0.0006675310605576432,-0.0021873097364790055,0.002508129845496695,-0.001615015697548625,-0.000691019594824725,0.0029502355844135296,-0.00015711638792866223,0.0007712415258531538,0.0004072412799707108,0.002683476725646392,-0.0028557592730851927,0.00725204732016918,0.0004224668083380557,-0.0006057921309889988,-0.0014902082838466587,-0.002147736824009117,-0.005137979574621099,0.00011859015988491133,-0.0018501206416289954,-0.0011481461451621328,-0.0004953305244534324,-0.006844011894694961,-0.0020854267674856645,0.0012483181434661884,8.062810028303546e-05,0.00018916146528295764,0.0024394823999710716,-0.0002110005565828954,-0.00037561369712545595,0.00022376416136754104,0.0003592920544233793,-0.004407789966965271,-0.00018386246157799953,0.0,0.00015749755577243267,0.0002335342523150705,0.002051958860155807,-0.0002157173580099659,5.756110999605919e-05,-0.0007389037373832246,0.0015659156544977977,-0.002445694335312926,-0.0019468064831235348,-0.0018365647639267734,-0.00028458390327904437,-0.0003678157494521993,0.0004110884246388939,0.0001849147248649981,0.0011563457168544467,0.0002671308829381275,-9.756632426317761e-05,-0.001397847435600566,0.000858737968941597,-0.00036269641871778204,0.008282725054908627,0.003381642717481966,-0.0004197575214983635,-0.0007346112683165307,-0.00023552242729276467,-0.0016393549157586807,0.010120062827670903,0.011486888317560832,-0.004647127611086404,-0.0002457959988553527,-0.0006077495097815881,-0.0018701386169980086,-0.0007710718182862763,0.0015898488003606363,0.0,0.00013645156071116825,0.0,0.0,0.0,0.0,0.0,0.0,0.0,0.0,-0.0010645177682263528
2024-07-31,8.729705251964146e-06,-0.004947181381148984,7.344490833957688e-05,0.001833350713664713,0.001966338754796094,0.0007459771776626089,-0.00030061005192956827,-0.0006130076794795119,-0.0005018797940523636,0.0007257801968754647,-0.005603230355269954,0.0009236489238144917,-0.0007913171375500102,0.0033002221733664716,-0.0033227454228185035,-0.001045001225570069,-0.0008018526722793021,-0.004671320523742788,-0.001378487538377256,-0.011276619897192077,-0.00040333137255112585,-0.0024421819772854013,0.004735388243885537,4.016697315842152e-06,1.5358152012869263e-05,0.0003466331147549875,0.0001982676860919916,1.0259927084186036e-05,-0.0003125739770322471,0.00016547761298607713,-0.006403520142375304,-0.001006844666362036,-0.0021399260830488463,0.0034001786582371287,-0.0016080653806307306,5.546740322197472e-05,0.0015324812487667477,0.0007071503268556214,0.001212681796419146,0.00020436210856338883,0.002380868397871499,-0.0038856062730103016,0.007956843701471926,0.000452430441372838,-0.00023597476009302318,-0.001075747729262198,-0.0021012740581953684,-0.005331535751207408,-0.0002682790801042758,-0.0018501206416289954,-0.0011481461451621328,-0.0004953305244534324,-0.004272970810608122,-0.0025681105456295435,0.0008084185824093079,0.0003650904450110318,0.00018916146528295764,0.002571963896219691,-0.0008014955091782333,0.0005760046260485418,0.00019014241095580955,5.318890861460629e-05,-0.005501953797008749,-0.0002210350713523676,0.0,0.0003394513986470154,0.0002335342523150705,0.0020789305707277664,-0.00016221213584274055,0.0010411494660586666,-0.0001819004124870381,0.0015744528181881757,-0.0015081658547869648,-0.0026054334316808,-0.0017337139022360185,-0.0004177081941566052,-0.0005919328618218674,0.0004110884246388939,-0.00091408003089057,0.0011563457168544467,-0.0002264996159485083,0.0007067308670784669,-0.0018254571868384407,0.0003502401380954005,-0.0008273994283744185,0.0004901618809156755,0.00040934052929283906,-0.0002997716031855567,-0.0006326461789135551,-0.00023552242729276467,-0.001687868352492983,-0.0031281862230978195,0.012215796505043676,-0.0038339237185744664,-0.00016545808195667013,-0.0015433680642466746,0.0005121500602573493,0.0016171309437302812,0.0023695424404781523,0.0,0.00013645156071116825,0.0,0.0,0.0,0.0,0.0,0.0,0.0,0.0,-0.0010645177682263528
2024-08-07,0.0001526776692637348,0.0015386679249997422,7.344490833957688e-05,0.0016617572929614264,0.0015377694357768036,0.0003665464029439665,-0.0004005401641745518,-0.0012932388578859844,2.6139062288974432e-05,0.0009189864804147997,-0.0055071823595194596,0.0018967414718022927,0.00024725176300055063,0.016432690927917746,0.003485503913964803,0.008922649744318483,0.0019167243232939553,-0.004929447563876263,-0.001776693474600468,-0.0137646246647877,-0.0005501054709686367,-0.00020323863286680845,0.005279119819873647,0.00012464385423094417,0.00010561750769734685,0.00015444315089042424,0.0001982676860919916,1.0259927084186036e-05,-6.363261139069423e-05,0.00016547761298607713,-0.004046012590869798,7.0731339808717e-05,-0.0035742364674524337,0.002229390590330231,-0.0007677815852417564,-0.000997580975759381,0.0017267686761329479,-0.00046762698372517495,0.00047105356045473116,-0.00048801093096649133,-0.00014769085185972175,-0.0061779052287205104,-0.01665621534353298,0.00047013920228703197,0.0003145179920615353,-0.0007449855933434155,-0.0017093995370664023,-0.0025653276422197427,-0.00036494493203755154,-0.0011496247215086553,-0.0020878546159851397,-0.0012684088626790807,-0.00406523969474731,-0.005157620818221697,0.000111922856049139,-2.5655366142493587e-05,0.0013770193783415176,0.002571963896219691,-0.00041185521342532465,0.0012320179538313097,0.00021688219475592526,5.318890861460629e-05,-0.002318940986002243,-0.0014196905541640642,0.0,-0.000829242355880086,0.0002371575077759917,0.001728224344611245,0.0003403507396244043,0.001194656918856315,-9.113848100767734e-05,0.0012025756466109013,-0.0022274694327000222,-0.002727614988496246,-0.0014641870579575863,-0.00046669388436709536,-0.0006721513292328629,-0.0003145079808300564,0.00042616979482715625,0.0008955508956108251,-0.0007132937061528705,0.0008770404521377692,-0.0018254571868384407,-4.3460686710043044e-05,-0.00044113364865456476,-0.001252399790755322,-0.0013140440040724166,0.0007094045243415032,-0.0016258439708402637,-0.00010602048714786652,-0.0018331980665799888,-0.003144027281758523,0.009449290994934025,-0.004567890527902943,-0.0001546923104180808,-0.0023763388491641344,-0.0016825110600117432,-0.0006576906425567525,0.0021282444127084543,0.0,0.00013645156071116825,0.0,0.0,0.0,0.0,0.0,0.0,0.0,0.0,-0.00040402177282221254
2024-08-14,-1.3908839480186262e-05,0.0023827674139634443,7.344490833957688e-05,0.0015924977805404045,0.0015377694357768036,0.0005639321306173173,0.0005848831707938077,-0.0003108319879991125,-9.080125107541217e-05,0.0012700107998696642,-0.005690652260556225,0.0015773685063249093,0.00024725176300055063,0.024774014460913443,0.0001400284422143365,0.0087423702326873,-0.0005619134668860933,-0.005202969088864822,-0.0011955732824150316,-0.013726323728649143,-0.0003414902047469997,-0.00020323863286680845,0.006670287898055645,-7.928806378830696e-05,0.00010561750769734685,0.0006098850813036284,0.0003157801404343299,1.0259927084186036e-05,-0.00032779915928318987,0.0001756971215697431,-0.003857966035410718,0.00014494634844116835,-0.003090716134584897,0.0030206214310366402,-0.000774731902159651,-0.000997580975759381,0.0020714215026637014,-0.00046762698372517495,0.00047105356045473116,-0.00048801093096649133,-0.001057538696770118,-0.00518032172226801,-0.01687516738642178,0.0005162559193552721,0.00023666614314053492,-0.0007449855933434155,-0.0018505561911109226,-0.0024933804389399815,-0.00024964553731526834,-0.0011496247215086553,-0.0018032414059752663,-0.0006104770421890101,-0.004432856320521532,-0.00451961134221001,-6.0449124526957366e-05,-2.5655366142493587e-05,0.0013770193783415176,0.002571963896219691,-0.0004628671379551676,0.0012320179538313097,0.0005003155350136255,5.318890861460629e-05,-0.0027366846254237866,-0.0027811392722018064,0.0,0.00046289888132711475,-8.101591676020383e-05,0.00016342818624010127,0.00016080461823273862,0.0014565931103994163,-0.000149050701042038,0.0014898422085480928,-0.0022274694327000222,-0.002359246753641307,-0.0013063310013739107,-0.00046669388436709536,-0.0004473269436380643,-0.0003145079808300564,0.00012472384753298388,0.0014011565617531056,-0.00010921918150977218,0.0008770404521377692,-0.0015883799710925196,0.0005706675510548045,-0.00044113364865456476,-0.0010335466524562097,-0.0010239794530359887,0.00046315502723120436,-0.0016258439708402637,-0.00010602048714786652,-0.0019209416177428584,-0.003195189337099279,0.010096199516276497,-0.0035987215024429887,-6.390075281294923e-05,-0.0023763388491641344,-0.0016825110600117432,-0.0006508895945118592,0.0020563904951788692,0.0,0.00013645156071116825,0.0,0.0,0.0,0.0,0.0,0.0,0.0,0.0,-0.00040402177282221254
2024-08-21,-1.3908839480186262e-05,0.0015767165104180652,-6.890222502316914e-05,0.0016653255199312088,0.0016399983533420697,0.0010194450469835769,0.0005718360009180139,0.0007357475786855162,0.00021442709772735773,0.0014083965960964666,-0.005322431435470766,0.00210649977503717,0.00024725176300055063,-0.008050537199701563,-0.004133359081258501,0.010134817350884806,-0.0008149299617271796,-0.004575781857679165,-0.001773534274359138,-0.014079763896906664,-0.00016984561270528864,-0.000859463428542821,0.009354252576721666,0.0002051758751114738,-5.2988386088469004e-05,-8.324981696547032e-05,0.00023654548689320263,3.535996725232347e-05,-0.0004859654674816768,0.00016547761298607713,-0.006951835868685895,0.00029016690619116086,0.001837258186792201,0.0028248778254405743,0.002480005483743348,-0.000997580975759381,0.0015080668747510882,0.0002779037848290452,0.00044299131409845536,-0.00048801093096649133,-0.0008393891003369002,-0.006352400235521641,-0.017350251223331985,0.0005162559193552721,0.00033666822998886366,-0.0007250139568015942,-0.002084095224115185,-0.004550469249908375,-0.0002682790801042758,-0.0013651077732372602,-0.0020878546159851397,-0.0010574424870357316,-0.002744445532487913,-0.004219225834874089,-6.863891880661542e-05,-2.5655366142493587e-05,0.001299626923312759,0.002571963896219691,0.0019997181975447103,0.0011699089923288524,0.0005003155350136255,0.00034470287087899485,-0.0017693085674914762,-0.002472194288637721,0.0,0.0006304892164136027,0.00016504834931301666,-0.0003816233214481464,-0.0015026838016643125,0.0019441482935311158,-0.0006047340326558442,0.0015046768841687277,-0.001603571714350262,-0.0013415651287386698,-0.0013751897741944496,-0.0007572100862011765,-0.0005919328618218674,-0.0003145079808300564,0.0002140255884952178,-0.0001421071181419591,-0.0011844652186170377,0.0008770404521377692,-0.0011879233216305091,-9.688200210129048e-05,-0.00044113364865456476,-0.0010527667567847316,-0.0010925331546365598,0.0004316111093823031,-0.00037489171169726744,-0.00010602048714786652,-0.0020008438378542426,-0.003547213470757188,0.009337325384317705,-0.004777401324626181,7.982664022850861e-05,-0.0031648244358672786,-0.0016825110600117432,-0.002035400895169315,0.0023114325073400155,0.0,2.309321275045719e-05,0.0,0.0,0.0,0.0,0.0,0.0,0.0,0.0,-0.00044712756138690605
2024-08-28,-1.3908839480186262e-05,0.0031556313455780613,-6.890222502316914e-05,0.0016653255199312088,0.0016171883952679753,0.0007817552714979456,0.0005718360009180139,0.0007357475786855162,0.0008408696314760999,0.0008891388924488084,-0.005320029741254634,0.0020910521042615815,-0.0007913171375500102,-0.008864756780357554,-0.004252313847877673,0.010378256226638507,-0.0005058796714010286,-0.0044269553747311955,-0.001773534274359138,-0.014626136835217702,-0.0002316867805094148,-0.00016283567235062045,0.00861875582195532,0.0002051758751114738,-5.2988386088469004e-05,-0.00028360249873266057,0.00046414538909299194,3.535996725232347e-05,-0.00020961486880682477,0.0001756971215697431,-0.00687372016206393,-0.00015722185482478044,0.0018618320788318737,0.0028248778254405743,0.002480005483743348,0.0006817942991313411,0.0015080668747510882,0.0002779037848290452,0.00044299131409845536,-0.00048801093096649133,-0.0008393891003369002,-0.006190539199629104,-0.016610755863636285,0.0005650461113230257,0.00033666822998886366,-0.0006901592954294763,-0.002084095224115185,-0.004350424208046407,-0.0002682790801042758,-0.0013651077732372602,-0.0020878546159851397,-0.0010574424870357316,-0.0027466032907167677,-0.004219225834874089,-6.863891880661542e-05,-6.404299923197984e-05,0.0007286926473475319,0.002571963896219691,0.0013461177599094272,0.0025813649990838105,0.0005003155350136255,-0.0008364067587208136,-0.0022693305448996328,-0.0018130977235935428,0.0,-0.000829242355880086,-9.867788143790203e-05,-8.932713631558517e-05,-0.0002835797959028148,0.002336195481926646,-0.0006047340326558442,0.0015154811917482453,-0.0016360962826199033,-0.0029501330539256866,-0.0011434588169289646,-0.0006080675944666126,-0.0005070064936181995,0.00019625243294744016,0.0002140255884952178,-0.0001421071181419591,-0.0011877883954997922,0.0006406821150636411,-0.0013140159891524355,0.00033994385297947047,-0.0008273994283744185,-0.0010527667567847316,-0.0011850099643834992,0.0002952977787125064,-0.00028910191206076236,-0.00010602048714786652,-0.002031467564135753,-0.0036361606021350834,0.009359897446022808,-0.00485458300446252,7.982664022850861e-05,-0.0005435291540697373,-0.000814423040765042,-0.001407621424947233,0.0022215170822639605,0.0,2.309321275045719e-05,0.0,0.0,0.0,0.0,0.0,0.0,0.0,0.0,-0.00044712756138690605
2024-09-04,-3.2500189535571175e-05,0.0021611466637674543,-0.00012314593208036462,0.0001511240662279472,0.004317611201331145,-0.0010061958818164318,0.00019795671437635253,0.00032853950937254277,0.0008408696314760999,0.0007985906311074181,-0.004137393271727195,0.0011745699361195765,-0.0007913171375500102,0.03590678247085901,0.003005028315567572,0.014394885029721043,0.00033281045036193406,-0.00458977933204404,-0.002423542924267661,-0.013503301160054887,-0.0002316867805094148,-0.001171315523125415,0.009063690253804118,7.754937228709621e-05,0.00010561750769734685,-8.324981696547032e-05,0.0003466329347506537,8.027668884015027e-05,-0.00035354199013513807,0.00042365444306542325,-0.004578336033814749,-0.0008285231060449658,0.002296733193562103,0.00249906871909994,0.0030843740223233376,0.000989658339310616,0.0016788170490713425,0.0017484881406593016,0.00015445711346675107,-0.0008160228962658213,0.0006425966325127523,-0.0006311160361911899,-0.017223568721744933,-0.0004569889969583869,0.0003333301690278476,-0.0009032691276610349,-0.0016904975228196311,-0.004732643452664033,4.3885785793921025e-05,-0.0006050020888055011,-0.0018032414059752663,-0.0002888837284772241,0.002725355970826803,-0.0018045950672188346,-0.0012712876906355115,0.0005134322439598826,0.0015699985241441968,0.0035202592872230817,0.0008670465610167474,0.0030915971917045626,0.0020761626128724163,0.0004050492662768787,-0.0026716909436846617,4.5562490729369705e-05,0.0,5.039221152330847e-05,-0.00015224728637691477,0.0006030978579741602,-0.0008712669209683911,0.001350386607019177,-4.504541989531184e-05,0.0015954494742355765,-0.001985771141893097,0.013212961259593151,-0.0013705696305819624,0.0009374182563857032,0.0013806693791299767,-0.0001076187613863614,-2.820484971947061e-05,0.0002968652301745662,-0.0008279041762631619,6.07346042719806e-05,-0.000676673083131541,0.0003779119791385667,-0.00014846245347514792,0.0008385026764780353,0.00011176117388447117,-0.0030903086593683576,-0.0006351444205884841,3.69606205523683e-05,-0.0021275903459181222,-0.00387216948861144,-0.0034530992499904496,-0.0024613124861203157,0.00018081200091836887,-0.002935210857711033,-0.0013401805996249344,-0.000692284649112846,0.0006070724724684908,0.0,2.309321275045719e-05,0.0,0.0,0.0,0.0,0.0,0.0,0.0,0.0,-0.00040402177282221254
2024-09-11,-1.3908839480186262e-05,0.0021611466637674543,-0.0002136070612750109,0.00016197090909811536,0.004190945181554724,-0.0014617991688021087,0.0005718360009180139,0.00032853950937254277,0.0008408696314760999,-0.0035478255873337564,-0.0010824404367408638,0.0011258447082219474,-0.0007913171375500102,0.027802872249008306,-0.003909792983392273,0.015091080105830056,-0.001344074355423934,-0.004934758859989911,-0.001981876549829499,-0.013005611121907873,-0.0002316867805094148,-0.002317096995455469,0.010207530820149949,-0.0003107192418515523,7.073659056001321e-05,-8.324981696547032e-05,0.0003531927141343394,1.0259927084186036e-05,-0.0006740338030265066,0.00042174083362036326,-0.003998511536767581,-0.0007381823813897485,0.002296733193562103,0.0017853430849966022,0.0030843740223233376,0.000989658339310616,0.002306515755858306,0.001768104328825553,-0.0003682198625286156,-0.0008160228962658213,0.000615408736890416,-0.0012848271112322989,-0.016498546071418475,-0.0004569889969583869,0.00023666614314053492,-0.00031286431271364094,-0.0028165080464805964,-0.004730724457557364,3.9546022785245645e-05,-0.0006050020888055011,-0.0018032414059752663,-0.0002714861881216926,0.0022314115815171235,-0.0018045950672188346,-0.0013119351006475471,0.0005134322439598826,0.0015699985241441968,0.0035202592872230817,0.0010679012178591767,0.0030915971917045626,0.001982107090744171,0.001088310182839178,-0.0029136004689026135,4.5562490729369705e-05,0.0,0.0001402535417380072,-0.00011769177802200623,0.0006584621967164045,-0.0002790790247213129,0.001350386607019177,-0.0005283294419743401,0.001386865892558933,-0.001985771141893097,0.01279644187712719,-0.0015711529088568575,0.0009374182563857032,0.0013806693791299767,-0.0001076187613863614,-0.0001260640233387965,0.00015467591924742352,-0.0010004793565809057,0.00018782640246697532,0.0003087837244757144,-0.0004558288407912113,-0.00014846245347514792,0.0008605934557139624,-0.001202879169081991,-0.000538077586762589,-0.00040545512749204404,3.69606205523683e-05,-0.0019491998559621592,-0.0034162588801312467,-0.003011354145897792,-0.0030623403399879174,0.00018081200091836887,-0.0029311219913975943,-0.0013401805996249344,-0.0010161426521641443,-0.003698465373333587,0.0,2.309321275045719e-05,0.0,0.0,0.0,0.0,0.0,0.0,0.0,0.0,-0.00040402177282221254
2024-09-18,-7.926107532197218e-05,0.0021611466637674543,-0.00023970665647952453,0.00016197090909811536,0.0015288432211458436,-0.00020144584757258083,0.0004081893539676899,-0.000395347814695244,0.0011092545808204597,-0.0034491475384812132,-0.0011237449570343679,0.0011575151391244255,2.2035518727283914e-05,0.008136468566511575,-0.0037711756415408308,0.009971452903107463,-0.001309266797543891,-0.005604762181036779,-0.0014039155578853923,-0.013385743139605019,-0.00020027740016266018,-0.0023719859671027252,0.007905859927558816,4.016697315842152e-06,7.073659056001321e-05,0.0006098850813036284,0.0003255923771917552,1.0259927084186036e-05,-0.0002566735069484243,0.00042174083362036326,-0.006258103255215878,0.002707242627814886,0.001976700220918336,0.002060167509324175,0.0030843740223233376,0.0005196704538963581,0.0031719365055976187,0.0014471399764006392,-0.0003682198625286156,-0.0008160228962658213,0.000544926097536224,-0.0009138019979846227,-0.016685299467998432,-0.0004569889969583869,0.0003145179920615353,-0.0003418430913453361,-0.002356972265419439,-0.004977504840419742,3.9546022785245645e-05,-0.0006050020888055011,-0.0017032939056097014,-0.0006972108969590894,0.0022024969928618457,-0.0018045950672188346,-0.0013119351006475471,0.0005134322439598826,0.0015699985241441968,0.003151189141172158,0.0019306127201934276,0.0027218710733624718,0.001982107090744171,0.0007511245858628545,-0.0036321367893611812,-0.0007722215826920812,0.0,0.0001372514052487689,0.00046896643862284954,-0.0006219511367634532,-0.00020755576251149982,0.0015269323744905791,-0.00024916586840602496,0.001021095505834912,-0.001985771141893097,0.013424723277801458,-0.0015972618387964693,0.0002832517268471337,0.0010262783205924617,-0.0001076187613863614,-0.0001260640233387965,0.0014649609592313237,-0.0015317089959667259,0.00018782640246697532,-0.000395487128678203,-0.0009228083763641631,-0.0007053346240981791,-0.0007914565297999923,-0.001312948188847204,-0.0030903086593683576,-0.0004118969060166303,3.69606205523683e-05,-0.0020047168150962523,-0.003484923997832637,-0.0032740676505520322,-0.00234412621723561,0.0002181280897090813,-0.0028649251723843494,-0.0013401805996249344,-0.002391512257624593,-0.002679461963001303,0.0,2.309321275045719e-05,0.0,0.0,0.0,0.0,0.0,0.0,0.0,0.0,-0.00040402177282221254
2024-09-25,-1.3908839480186262e-05,0.0021611466637674543,-0.00023970665647952453,0.00016197090909811536,0.0015186896173682387,-0.0016364566962489646,0.00035990005857477244,-0.0005069304591920055,0.0011092545808204597,-0.004556687290979784,-0.000968173102284204,0.0011575151391244255,0.00024725176300055063,0.0014792349684598857,-0.0036296902819764848,0.010253896529524206,-0.0010470099422640205,-0.0057066398884742416,-0.0014039155578853923,-0.01242959891076253,-0.00034784654204467224,-0.002317096995455469,0.007703031621178745,-0.0003107192418515523,7.073659056001321e-05,0.0006098850813036284,0.0003255923771917552,1.0259927084186036e-05,1.623939214058763e-05,0.00042174083362036326,-0.005603570623597666,-0.0004249327191734067,0.0018732924386059668,0.0019690572389656482,0.004668968989701406,0.0005196704538963581,0.0010721618477689844,0.0014516581559396735,-0.0003682198625286156,-0.0008160228962658213,0.0005927056361450959,-0.0014082101468166808,-0.016648776895379542,-0.0004569889969583869,0.0003145179920615353,-0.0003069884299732185,-0.002356972265419439,-0.004102679894681609,3.9546022785245645e-05,-0.0006050020888055011,-0.0016595956508295667,-0.0002714861881216926,0.0022024969928618457,-0.0018032397963672082,-0.0013119351006475471,0.0005134322439598826,0.0015699985241441968,0.003151189141172158,0.0010270553262556304,0.0027218710733624718,0.002047515194485995,0.001088310182839178,-0.003298643048924902,-0.0007722215826920812,0.0,-0.0005649592125688231,-5.51423084236173e-05,-0.0005186201048252143,-0.001101369258674672,0.0006317839963275502,-0.0005283294419743401,0.001021095505834912,-0.001985771141893097,0.012363988230749091,-0.0013469715918035417,0.0009374182563857032,0.0010262783205924617,-0.0001076187613863614,-0.0005398388601697923,0.0014649609592313237,-0.0015104882265210998,0.00018782640246697532,0.0002367054515705736,-0.0004859825212834021,-0.0007364152608452793,-0.0013155260805480548,-0.0013413419754492117,-0.0030903086593683576,-0.00042705755934376044,3.69606205523683e-05,-0.001913908361013002,-0.0034916578481579757,-0.0030717806465379075,-0.00234412621723561,0.00018081200091836887,-0.0030321221250647046,-0.0013401805996249344,-0.0016371588232633302,-0.003414349021277848,0.0,-9.238398016691988e-05,0.0,0.0,0.0,0.0,0.0,0.0,0.0,0.0,-0.00040402177282221254
2024-10-02,0.0001526776692637348,0.0024463837540729975,-8.360605011808457e-05,-0.00016822347671741438,0.0032073263446505598,-0.001722315331629806,0.0005884262619058675,-0.00047701110266156485,3.9334360867615195e-05,-0.005266892652284572,0.0009346357117005692,0.0010182610387146989,0.00024725176300055063,0.031036160511489806,0.0065404027891520595,0.01331749172390431,-0.00017382413503339185,-0.005508205813658581,-0.002378375325104382,-0.010910774836410411,-0.0007011767807824729,-0.002371827690042019,0.00664729878681073,-7.928806378830696e-05,7.073659056001321e-05,0.0006098850813036284,0.0003792252628956963,2.3025280612688275e-05,7.626254007219695e-05,0.00017314644732152238,-0.0031489407436113815,-0.0008801226190650874,0.0019855257909849717,0.0021377512651656228,0.0048337444348885514,0.0007064803066056216,0.00017257072791434835,0.001986599271998155,3.336641990103113e-05,-0.0005277744662554064,0.002030137221422754,0.0035057618063996645,0.0042794503126199115,-0.0035206098907027165,-0.0009810905675441428,-0.00046511723092764303,-0.0016881565647687295,-0.005470950018824462,-7.575354158694482e-05,-0.0009471671930079837,-2.7344868745715534e-05,-0.0014896046507350217,-0.0004068088368871432,0.0011769163741246222,0.0007942525737026228,4.38873496349821e-05,0.0008755850248917656,0.0021278604781657315,-0.0010814549667390995,0.0027218710733624718,0.0004837581211359055,2.745751178457766e-06,-0.002495856829481069,-0.0027511139126651244,0.0,0.0003394513986470154,0.00013458292299761546,-0.00031673338405919035,-0.0006974491026944834,0.0002720980558113315,7.729751621052015e-05,0.0010266076705201627,-0.0022210223568202747,-0.0019105247513780744,0.002809322811510498,0.0006687125350029576,-0.000145301514044971,0.00012736439240004416,-0.00010958700271108572,-0.00014129187168210758,-0.000612801552700187,3.242002294696682e-05,-0.0010162857577743988,0.0007533306946767085,-0.0007364152608452793,-0.0009862039939026507,-0.0017941628057378254,-0.0007496836558971415,-0.0004909011923184507,-0.0002484364213264873,-0.0015392687675781346,0.0034328280584107976,-0.004801332811939808,-0.0036070014751381674,0.00024188644944412598,-0.0036835313429413874,-0.000814423040765042,-0.0010723119611792905,0.002150355313049848,0.0,-2.1429516514854217e-05,0.0,0.0,0.0,0.0,0.0,0.0,0.0,0.0,-0.0009884454285336768
2024-10-09,-3.2500189535571175e-05,0.0029767025656991654,-3.9031362677725606e-05,-0.00016822347671741438,0.003751455261175309,-0.0014846255561441746,-0.0003258947976151695,7.081130966059813e-05,3.7927951547298846e-05,-0.005972589396065993,0.0010062787241157493,0.0010530925654287015,-0.0007913171375500102,0.04426312585908357,0.002030027191931268,-0.0056453627448339065,-0.00027188981372834717,-0.004638664998790973,-0.0034227774099740904,-0.012581554566462413,-0.000763017948586599,-0.0014139803523468813,0.007101529455792582,-4.8105115371832165e-05,-3.059970439101765e-05,-8.324981696547032e-05,-0.0009568827451874465,8.20347267973912e-05,0.0006418171533514179,0.0004332923558127658,-0.005446937024453965,-0.0017121056169998687,0.0023678791114641385,0.001018849458024338,0.004775794119348481,0.0005618853856595542,0.0005085169448925816,0.001326068904237188,6.257377237954028e-05,-3.4465197091667595e-05,0.0019841688074914757,0.0026416261410097315,0.004479979988499589,-0.0038944875124382753,0.00040276872535252486,-0.00046511723092764303,-0.0013061167399807836,-0.0052580408187821465,-7.575354158694482e-05,-0.0009471671930079837,-2.7344868745715534e-05,-0.0003992751595037201,-0.0005628664970968632,0.002108478627787226,0.0008241011473019512,4.38873496349821e-05,0.0008755850248917656,0.0021278604781657315,-0.0003518618829854924,0.0027218710733624718,0.0004837581211359055,-0.00045440550147045025,-0.003542041440089823,-0.0025567884180241448,0.0,-0.0008267729575347231,-0.00011231017336161796,-0.00042353381889790226,-0.0007677635616868336,0.00041045540005000376,-0.0006240897010368268,0.0010316532761031603,-0.0022210223568202747,-0.002039285549689083,0.0030406682247065635,0.0007176982252134477,-6.037514584130311e-05,-0.0001076187613863614,0.00012472384753298388,0.00017395445063081222,-0.0011850829199849015,3.242002294696682e-05,-0.0004241733382469067,0.0008793241534693769,-0.001122681040565133,-0.0008757185087489804,-0.0006970417835373832,-0.00330191472850291,-0.0005125036241701671,-0.0002484364213264873,-0.0011311422371653597,0.003200955749725562,-0.004453653365607543,-0.0036070014751381674,0.00024188644944412598,-0.003349686596170674,-0.000814423040765042,-0.0017598315124081267,0.002178905487328558,0.0,-2.1429516514854217e-05,0.0,0.0,0.0,0.0,0.0,0.0,0.0,0.0,-0.0009884454285336768
2024-10-16,-0.00010060373811297212,0.002074939821938104,-2.7860076501919146e-05,0.00012413523310611302,0.002284196424066847,-0.0008786766868240851,4.7984488926491734e-05,0.00025338947958049047,0.00043847078873992314,-0.004867685232034964,-0.0002199984367892089,0.001045929677390118,0.00024725176300055063,0.032483010114592877,-0.002292689259554135,0.012496421721775872,-0.0008571094850875472,0.004942405055381966,-0.001953082515203903,0.007352550356384909,-0.0003855120693748092,-0.0006461998640539297,0.0026846624554138403,0.0002051758751114738,-3.395849293109348e-05,-3.0573774206169877e-06,-0.0027133767409540555,8.20347267973912e-05,-8.900274637897647e-05,0.0006951525596883471,-0.0032859846095398457,-0.0007685978386718562,0.0017354668584317532,0.002156116859016206,0.004584626759276213,0.0011908340979636836,0.0003346292687776879,0.001986599271998155,6.879684467012154e-05,-2.9440717386561155e-05,0.0023044924305691667,0.0027543460374990164,0.005766062970590425,-0.004274653546629945,-0.0009199798939115598,9.459579710546339e-05,-0.0015249161619347213,-0.005654307829949136,-0.0006223876292710177,-0.0006019333105406983,-2.7344868745715534e-05,-0.0006699298720325139,-0.0005735091218626898,0.0010775465815913198,0.0008241011473019512,-3.918557036854503e-05,-0.0013172209792985156,0.003152124857921229,0.0006251725499154938,0.0025883815553750696,0.0011740626450842775,-0.00014250995330484102,-0.0029832204894667523,-0.0012882960067821696,0.0,0.0003394513986470154,0.00015141605738930075,-0.00021192951895800328,-0.0010015395038392712,0.000773037517202472,-0.000378385815403286,0.0004733819698922076,-0.0016900804498493414,-0.002124569966157679,0.003982360019939993,0.00125138555054938,-8.577084061895724e-05,0.00030576713446892046,-0.0005672906290866119,0.00032496937563589314,0.0009290124076039225,-0.000440244374369256,-0.0007699166909415677,0.002758666517665212,0.00023780332624470587,0.0023960360337842252,-0.0010214245844026165,-0.00330191472850291,-0.0007143029044278555,-0.0003827719493343575,-0.0016151296137764059,0.003943171942194022,-0.004111095464341876,-0.002673875823769034,0.0005564888327406995,-0.003193648025957818,-0.000814423040765042,-0.0019162989650341141,0.002060297952070731,0.0,-9.238398016691988e-05,0.0,0.0,0.0,0.0,0.0,0.0,0.0,0.0,-0.0009884454285336768
2024-10-23,-5.751272097206749e-05,-0.005064104553925122,3.264148804014783e-05,-0.00012664147268623676,0.0018746470282500895,-0.0008786766868240851,0.0004893276420242699,4.81719987835407e-05,0.0005047527275288458,-0.004867685232034964,-0.0002199984367892089,0.0010744390124810717,-0.0007913171375500102,0.03193985335168005,-0.0028509480071875187,0.0066586800185796415,-0.0008223019272075044,0.005073495039634313,0.000153971285895734,0.0010261741038461688,-0.0004473532371789353,-0.0002959849410836453,0.002857884102677312,0.0002051758751114738,-3.059970439101765e-05,-3.0573774206169877e-06,0.0003878242186003702,-0.0005355734495389607,-8.900274637897647e-05,1.109371070111889e-05,-0.002935336428516344,0.005001053559511995,0.0016508199923928912,0.002135659687224655,0.005123740698401218,0.0013951157003714836,-0.0060247731778744155,0.0010962303634871739,6.879684467012154e-05,-2.9440717386561155e-05,0.002137738048087069,0.004093263766192355,0.005090277929275293,-0.004437298095072316,0.0006285986368651374,-0.000374945102238276,-0.0018675890779668188,-0.005145693823025357,-0.0006223876292710177,-0.0007883264203469253,-2.7344868745715534e-05,-0.0004024316719994316,-0.00014629621381863686,0.0013145707187129994,0.0008241011473019512,-0.000492237277298485,0.0008779604970619217,0.0027166565842979083,0.0009445403269052096,0.0027218710733624718,0.0011740626450842775,-0.00045440550147045025,-0.0033671158823590434,-0.0022935244324152355,0.0,0.00015749755577243267,-7.466603655023649e-05,-2.5241224644063725e-05,-0.0004367111152555689,-1.6999780996293574e-05,0.00022426883356385533,0.0013961967904223484,-0.0016805690092864837,-0.0020694438917193583,0.003844624086952388,0.0005548693999253522,-8.577084061895724e-05,0.00030576713446892046,0.00018454143297125697,-0.0002201585939519432,0.001285568910530093,-0.0007518697714183371,-0.0002542222578355826,-0.0005856205915616105,-0.001122681040565133,-0.0013303322985157308,-0.0013797931820252402,-0.0007496836558971415,6.49216853686379e-05,-0.0003891401405356665,-0.0018494576066452448,0.003751497308004127,-0.0037926743073020443,-0.0023977103156413195,0.00036301639076668645,-0.0034077184242883507,-0.0010020505977513072,-0.0009148506085404988,0.002809101126240583,0.0,-9.238398016691988e-05,0.0,0.0,0.0,0.0,0.0,0.0,0.0,0.0,-0.0011301116400866385
2024-10-30,-2.8614965791011056e-05,-0.005064104553925122,-0.000299683025018185,-0.00012664147268623676,0.002058912598509457,-0.0008786766868240851,-0.0007663784283157394,-0.0015062017228378844,0.00030276423711309334,-0.0043688609177100195,-0.00010514991881914365,0.0010566730843733435,0.00024725176300055063,0.030648424492921756,-0.003027952251196998,0.002325084993411365,-0.0008729180378405285,0.005235243575538045,-0.00010846338393074328,0.002560237052254453,-0.0004704041734520615,0.0013813419125581078,0.003853917640416399,0.0002051758751114738,-3.059970439101765e-05,-7.92444359537116e-06,0.0004288138547192063,-1.644579331835864e-05,-8.900274637897647e-05,9.761697092382275e-06,-0.004750377487707246,0.0040805663335826475,0.0016386524197243382,0.0018091778316066055,0.005159933243675653,0.0013951157003714836,-0.009261724184472485,-0.00037950594387949635,6.257377237954028e-05,-2.9440717386561155e-05,0.002307095231787353,0.004079610947988522,0.004743747411013395,-0.0041610601310699364,0.0005056499729615646,-0.0003400904408661584,-0.0024083888990521266,-0.004543567773591136,-0.00042885053489269225,-0.0002772508661227478,-2.7344868745715534e-05,-0.0001488703155990752,0.00031044625221325714,-4.8482103129922666e-05,0.0008031512226899408,-0.0003582798444445117,0.0008779604970619217,0.0030163179855707757,0.0024129685733244016,0.0027218710733624718,0.0018122263429340873,0.000820886088815047,-0.0038901260699168152,-0.0010840659271189185,0.0,0.00015749755577243267,0.00012617288322694928,-0.00081861182628054,-0.00016210255270449078,-0.00011397226307199253,-0.0003984355767896944,0.0010566908663375617,-0.0007696729524338964,0.0024737854636659715,0.00394164559737474,0.0007931644695138003,-8.577084061895724e-05,0.00030576713446892046,-0.0004993540492522542,-0.0008197007605216726,6.707024210911782e-05,-0.0007518697714183371,-0.0005585595053729429,-0.0002885169546494561,-0.0007364152608452793,0.0007726647269868283,-0.0016257271618251453,-0.0007262367469511415,9.835078358303833e-05,-0.0003891401405356665,-0.0018173981834408734,-0.0016129466864866033,-0.003933068375675016,-0.0022001594641895337,0.00041276143969924163,-0.003378433102918893,-0.0010020505977513072,-0.003403181699855368,-0.0035325082088355796,0.0,-9.238398016691988e-05,0.0,0.0,0.0,0.0,0.0,0.0,0.0,0.0,-0.0011301116400866385
2024-11-06,-3.226484229631374e-05,0.0015292726987031942,-9.572749549723026e-06,0.00035462831174182735,0.0013726539553189166,-0.0014343685043686576,0.00038019736386485836,-0.001596030207967691,0.0004526140305130493,-0.003919305976750646,0.00020173789050269275,0.0012816444570213272,0.00024725176300055063,0.0327373896982998,0.0034179317606166213,0.024248963575077713,0.0060085305661061565,0.005720384523694217,0.001207723963679437,0.0016476437327996635,-0.00034784654204467224,0.0013405348745078283,0.003235393120373489,-4.8105115371832165e-05,-2.7416915581538455e-05,2.5723195548188584e-05,0.00040777612358023436,2.3025280612688275e-05,0.0012853682947618318,0.0004254224927791859,-0.0035896886912872134,0.004749696410897133,0.0015652370614073453,0.002193043112827434,0.0049081423745033145,0.0011682999514075329,-0.006633095243392676,-6.511848222465346e-05,6.257377237954028e-05,-2.9440717386561155e-05,0.00015717537508672715,0.009040846586697982,0.008873927113060603,0.0005594659793398747,0.0003571206359158915,-0.0023919256558211375,-0.002923459106677079,-0.00387505350670013,9.639749843095958e-05,0.00011067364010564326,0.0010617930466428928,-0.00019547884679009533,0.0023715760989701422,0.005779187027753344,0.0016106649951547517,0.00015950928394402254,0.00038676860430163115,-8.90671138352268e-05,0.0022095858909660575,0.0013009261730047956,0.0018122263429340873,0.000820886088815047,-0.0015847798304629989,-0.0017178556031546433,0.0,0.00015749755577243267,6.53781661228296e-05,0.0004190545658458027,-0.0003984263820225771,0.00026428791615564016,-0.0003565428377555457,0.0010347735303202375,-0.0014118735604847041,0.0026545421474888213,0.00556401939426562,0.000486317052522802,-0.0003706684870381701,0.00037056548993949533,-0.0002577256873963549,0.00030076993409130695,-0.00027328723909814074,0.00023351273513385866,5.14979678957964e-05,-0.0005581349561502389,-0.0007364152608452793,-0.0009513520707030462,-0.0020292177293010894,-0.00033418812045685604,0.000330104086914435,-0.0002840797373103181,-0.0013199566264005278,-0.0005502912415680107,-0.0035920992265533716,-0.0012967743519803618,7.996078202668341e-05,-0.0016361731365828666,7.97959170770593e-05,-0.0033093757466989985,-0.003785523139610229,0.0,-9.238398016691988e-05,0.0,0.0,0.0,0.0,0.0,0.0,0.0,0.0,0.006471712059919483
2024-11-13,2.918217766071837e-05,0.001484490845939125,-9.572749549723026e-06,6.958516073973926e-05,0.0013726539553189166,-0.0014343685043686576,0.0005893215161807367,0.00019135578633994128,0.00034836365495133066,-0.00441813029107559,0.00014995732507264696,0.0025256753567858585,0.00024725176300055063,0.03224253240077605,-0.0030054560064959896,0.023264427204700032,-0.0005669282508716797,0.006188505021013529,0.00019287210258678926,0.001261957487498464,-4.316332694913943e-05,0.0012754280109030416,0.0037037736648669797,0.0002051758751114738,-2.7416915581538455e-05,2.5723195548188584e-05,0.00040777612358023436,2.3025280612688275e-05,0.0011140620967041205,0.0004254224927791859,-0.0036077099554208585,0.005010460031147368,0.0016270884763181157,0.0025885350267499537,0.005462856544236671,0.0014875679175944592,-0.00686765682056724,-6.511848222465346e-05,6.257377237954028e-05,-2.9440717386561155e-05,0.00015061450478110497,0.009078705214010567,0.008402828666998508,0.0005283927990066718,0.000591426938635589,-0.0023919256558211375,-0.0029821823870203007,-0.003757965075749124,7.776395564195211e-05,0.00011067364010564326,0.0010617930466428928,-0.00048202628677389856,0.0027230845244483478,0.005315889193094491,0.0016106649951547517,0.00015950928394402254,0.00038676860430163115,-8.90671138352268e-05,0.0021101802312177434,0.0013009261730047956,0.0018122263429340873,0.000820886088815047,-0.0002584075347324726,-0.003982732430715304,0.0,9.04486794915583e-05,2.828696524440676e-06,-0.00013080253787692406,-0.0002575113826688673,0.0008792923943056299,-0.00034913753298427034,0.000977291538977184,-0.001619464427476043,0.0030426427477485713,0.007704139203167691,0.000486317052522802,-8.75607581081588e-05,-0.0004911220844538141,-4.43293954510395e-05,-6.0534147103917155e-05,-0.0009691022517748714,0.00023351273513385866,5.14979678957964e-05,-0.0008570859699912295,-0.0007364152608452793,-0.0010077853868463219,-0.0007908085532854356,-0.0010620293289876443,0.0002995159530373737,-0.0002840797373103181,-0.0013199566264005278,-0.0005955374026656672,-0.003744985823435314,-0.0009525740561820403,-5.5054215449805625e-05,-0.0014304032756405722,-0.0008034640941053095,-0.0033093757466989985,-0.0037961901462081186,0.0,-8.714915791728575e-05,0.0,0.0,0.0,0.0,0.0,0.0,0.0,0.0,0.006471712059919483
2024-11-20,-5.751272097206749e-05,-0.003216276492965613,-9.572749549723026e-06,0.0002055784401266558,0.002054328103399794,-0.0009787652173829807,9.43470606106544e-05,0.0010732461122122448,0.0003724203826403998,-0.005526428817193089,0.00016883065006725767,0.0025043289097334887,0.00024725176300055063,0.03239752940732784,-0.0024209535493369995,0.022287884260834265,-0.0008393528118164086,0.006247682517770798,-0.0013638011686590039,0.000529652333615714,-0.00034784654204467224,0.0005316087054794284,0.004748417800839069,0.0002051758751114738,-2.7416915581538455e-05,-3.0573774206169877e-06,0.0004708832935087186,8.20347267973912e-05,-0.0006211096333475837,0.00041771677346104694,-0.0035481169180175635,0.004651585136900448,0.0016270884763181157,0.002785529242164502,0.005056766139475538,0.0014875679175944592,-0.0037694889500550855,-4.308290170535031e-05,6.879684467012154e-05,-2.9440717386561155e-05,0.0001406206929287319,0.008203066220562417,0.008903364948768805,0.0005283927990066718,-0.0009199798939115598,-0.001838344701639484,-0.0025422218133291322,-0.003651290226412889,7.776395564195211e-05,0.00011067364010564326,0.0010617930466428928,-0.0008149339683790857,0.002201870529072914,0.005315889193094491,0.0016106649951547517,0.0004055839955825327,0.0005604267529689311,-8.90671138352268e-05,0.0016703772306414506,0.0013009261730047956,0.0018122263429340873,0.000820886088815047,-0.0010659230054516056,-0.003982732430715304,0.0,-0.0005349839930582622,-3.172681183046786e-05,-0.0003985110939914527,0.0003117986089908668,0.000594082481855309,-0.00033856351743202773,0.0010050469007374884,-0.0014118735604847041,0.003810230517165416,0.007535473684394276,0.000486317052522802,-0.00017916197609808788,-0.0004911220844538141,0.00016505911805259722,9.768443340149638e-05,-0.0009724254286576261,8.587199068346437e-06,5.14979678957964e-05,-1.8259909620105762e-05,-0.0007364152608452793,-0.0009856507911585142,-0.0004300728837253353,-0.0010620293289876443,0.0002995159530373737,-0.0002840797373103181,-0.0012946428497691623,-0.0008540991352527698,-0.003300039337163712,-0.0005402590083212947,2.5283701448876917e-05,-0.0012293492286868603,0.00023186939320523557,-0.0033080165902899905,-0.0035321958306624357,0.0,-9.238398016691988e-05,0.0,0.0,0.0,0.0,0.0,0.0,0.0,0.0,0.004827372104394034
2024-11-27,-5.751272097206749e-05,-0.0030062113832660365,2.673145563069078e-05,-0.00015636411209075653,0.0002383170052875284,-0.0008477354469933323,9.43470606106544e-05,-0.00027321671766178184,-4.136762427431319e-05,-0.007938934627441056,-0.0027762011753278437,0.0012093261404722755,-0.0007913171375500102,0.00496312251167603,-0.0022083437798696166,0.009466424608908456,-0.0008485931722551929,0.006315512024135137,-0.001974341939490068,-0.007039026154070725,-0.0004096877098487984,-0.00027500530982756377,0.0041163088755402375,0.0002051758751114738,-3.059970439101765e-05,-0.000128196552952067,0.00036844427761398757,-2.5147146287156435e-05,-0.0006211096333475837,0.00040289844209999903,-0.004487759104443223,0.004338335474684106,0.001150426547576194,0.000637995596356848,0.004902665880153138,0.0015247094462107849,-0.0043583816476908946,-0.00012082078502030974,6.879684467012154e-05,-2.9440717386561155e-05,0.0002570117178820347,0.010182133010569286,0.009448712901657214,0.0007318282629027565,-0.0005430258699693116,-0.0016801604316068145,-0.003267845192756608,-0.00390792438508703,7.776395564195211e-05,0.00023918753536431597,0.0003822123577839453,-0.0008149339683790857,0.0019230161939042581,0.005351311409245827,0.0016106649951547517,0.0004055839955825327,4.487571205338473e-05,0.002597777585283995,0.0014327477813666143,0.0013009261730047956,0.0018122263429340873,0.000820886088815047,-0.002266999852672864,-0.002638840067812285,0.0,-0.0005349839930582622,-0.0006371347744756114,-0.00036846579381190944,0.0003117986089908668,0.0003534209671450142,-0.00036415998825834356,0.0010919418780488484,-0.001619464427476043,0.0017970253917539954,0.007296636557257429,0.000486317052522802,-0.0002291324993456929,-0.0004911220844538141,0.00011308009589884311,-7.997075781013934e-05,0.0017989700531156044,-9.742048542887514e-05,-0.0007954332756102578,0.0021995807261613815,-0.001122681040565133,-0.0010245998504266698,-0.0012614423686674297,-0.003252159206198299,-0.00027929156129210034,-0.00029791305079593925,-0.0015873695320386438,-0.0011895746084099647,-0.0038334691175128137,-0.0028499993450086776,-2.185935025171176e-05,-0.0015533848049094571,-0.00045083803677220465,-0.0035214225306332806,-0.0025503206346053375,0.0,-9.238398016691988e-05,0.0,0.0,0.0,0.0,0.0,0.0,0.0,0.0,0.004827372104394034
2024-12-04,-2.8614965791011056e-05,-0.0032330285138149175,2.673145563069078e-05,-0.0005138194133007912,0.0004466743329778134,-0.0011794015796153792,-0.0010885130410147475,-0.0012232446853681664,0.0001200990140052442,-0.0045615737275297415,-0.002185076589946082,0.0012738869763692534,0.00024725176300055063,-0.009174226452226313,-0.0029695150292067428,0.01985375728081659,-0.0023347367720048056,0.005255095749869928,-0.0002088601539767461,-0.008754413478501423,-0.0005564618082663092,0.0006653278388691967,0.0036418652444702086,0.0002051758751114738,-3.059970439101765e-05,-0.00013306361912682115,0.00020769135016961496,-2.5147146287156435e-05,0.0002045827771735218,-0.00021400755799111978,-0.0025932653717435686,0.0036375054493402344,0.0009007179236300166,0.0021022316760403777,0.005092958684749974,0.0014022595079679562,-0.00372109043281386,-0.00033265193089348886,-8.156489665066301e-06,-0.0005023885852893423,0.000993132477819233,0.0027633805261778944,0.008705944684224864,0.0006143470446549077,-0.00010463296291577881,0.0029732833011508353,0.00510253617009673,-0.003306760982545026,0.00014083941836256987,-0.0007917505490570593,-0.000706925557604663,-0.0008679319672219544,0.0020651044739618076,-0.0004887213442701518,0.0008031512226899408,0.0005860992550527351,0.0017488020411955169,0.00174143937804913,0.0023613991510950867,0.001680141184949604,0.0018122263429340873,0.00029865973879211445,0.00023649682208160385,-0.0011668582218776723,0.0,-0.0002718136683808452,-7.772646203254446e-07,0.0006587679207796357,-0.0003077684293747108,0.000280815115745492,-6.971477057962878e-05,0.0008497433565473722,-0.0009524368409274091,0.012713956324297645,0.0062953094897098,0.0005629824546352104,0.0024790713358639276,0.00037056548993949533,-7.607341969542163e-05,-7.074939213042531e-05,0.001322935464124834,-0.00036417142981597913,0.0011476427596589201,-0.00034009470064862786,0.0003133197516043132,0.000508074174909057,-0.0012546082738667686,-0.0032629111848864164,-0.00017725683895416087,-0.00010395118514538808,-0.0021741225527494804,0.0026540937570812264,-0.00325462014211185,-0.002946755799703902,-0.0004809284601496904,-0.0011895508632487548,-0.0010777305350022702,-0.0024590196213613662,-0.0021579832888231603,0.0,-9.238398016691988e-05,0.0,0.0,0.0,0.0,0.0,0.0,0.0,0.0,-0.0010315512170983702
2024-12-11,-0.00019532526912948274,0.0017661517699249043,-9.572749549723026e-06,-0.0005747355098234321,0.00021570868482717744,-0.0008404580339112625,-0.0009836498024824289,-0.0009973100441669953,0.00033523302951288394,-0.0043841979471001815,-0.0018368897409761602,0.00134530112773337,0.00024725176300055063,0.006786961825498647,0.0026518592545952597,0.019113500458811564,0.0002688865089860851,0.005822699688428418,0.0008685094104824088,-0.003926226669797919,0.0004965770483044579,0.0009521267517252282,0.003254364489414349,7.754937228709621e-05,7.073659056001321e-05,-7.92444359537116e-06,0.00032916459205517974,-2.5147146287156435e-05,-0.00046006901274447135,0.0005205435249942006,-0.002777029973027321,0.0020898888309243877,0.000838677411967576,0.0009939895014179283,0.005492222567542998,0.0014995630977799944,-0.004365319456151793,-0.002345104980786872,-3.7363842143575443e-05,-0.0005023885852893423,0.0010290375143392457,0.0010579146328281775,0.008826206270856968,0.0006300654942170223,0.000148345547004043,0.003225376800051743,0.005733007374062251,-0.0034743910329744186,0.00015947296115157735,-0.00044875661100326195,-0.0007923756823323979,-9.553560777801814e-05,0.0019533086431735756,-0.0003915804996830947,0.0007733026490906124,0.00034002454341422494,0.0017488020411955169,0.0013723692319982063,0.003039631770240273,0.0013104150666075134,0.0018122263429340873,0.000820886088815047,-7.923838400806307e-06,-0.0011668582218776723,0.0,0.0004812376117884018,3.3778243734583095e-05,0.0006763077035812693,-0.00022705835723965553,0.000746791564617579,-0.00012391540025333812,0.0012141342856215587,-0.0016796225605919873,0.014072697409643483,0.00623067173008291,0.0006405527025036915,0.0015171500684711121,0.00037056548993949533,-0.0006715005242273508,-0.00014288453851951427,0.0005367992756919139,3.242002294696682e-05,0.0009426883288518307,-0.0009439052798349392,-0.000681150680177204,0.0009805928907009106,-0.0018840927760962465,-0.000701648898371653,6.130552648237412e-05,-0.00010395118514538808,-0.0015082319226463149,0.0027441714644917217,-0.003385265748756041,-0.00231491776811956,-0.0004809284601496904,-0.0014006141356828188,-0.0007197201589478456,-0.0024590196213613662,-0.0024167045156763497,0.0,-8.714915791728575e-05,0.0,0.0,0.0,0.0,0.0,0.0,0.0,0.0,-0.0009884454285336768
2024-12-18,-7.335985149714982e-06,0.0017661517699249043,2.673145563069078e-05,-0.0007680617144099318,-0.0002136717901549304,-0.0011794015796153792,0.0006213674695091384,-0.0009374585134663651,-3.821266172480296e-06,-0.005034836467762222,-0.002185076589946082,0.0013514555942863917,0.00024725176300055063,-0.006496060075664149,-0.002750880681113394,0.01985375728081659,-0.0005059369464041418,0.005666383743980108,-9.482028403982732e-05,-0.009814000207249506,-0.00034784654204467224,5.1141375322675815e-05,0.0034515238571316423,0.0002051758751114738,7.073659056001321e-05,-0.000128196552952067,0.00045947314265785163,-2.5147146287156435e-05,0.0002045827771735218,0.0005933984357068054,-0.0022996143064364094,-0.0010347522011839331,0.000838677411967576,0.002144150582254971,0.005456030022268562,0.0012841961956697365,-0.00372109043281386,-0.0004776847076649389,-3.114076985299418e-05,-0.0005023885852893423,0.0010290375143392457,0.0021876991176023315,0.009240474868154084,0.0005278719185700523,0.000148345547004043,0.0032602314614238606,0.0058463475455252795,-0.0031629811744730094,0.00014083941836256987,-0.00069962325113622,-0.000706925557604663,-0.00014165404994573362,0.002630084219157985,-0.0003796730812953852,0.0007733026490906124,0.00034002454341422494,0.0017488020411955169,0.0013723692319982063,0.0008924119666347413,-0.00011840455933658517,0.0018122263429340873,0.0008815330637811059,-0.000122533630774971,-0.00039146143227100134,0.0,-0.0002718136683808452,3.3778243734583095e-05,-0.00024304456092137937,8.671587557422432e-05,0.0007779427227009629,-8.028878613187145e-05,0.001213066770778743,-0.0009524368409274091,0.0126290989337521,0.006455649852363943,0.00107018922588128,0.0024790713358639276,0.00019625243294744016,-0.00091312888608325,0.00012775929676347704,0.002555227099457179,3.242002294696682e-05,0.0011068353487287978,-0.00034009470064862786,-0.0007364152608452793,0.0018381555824944123,-0.0021460653635147734,-0.003614260401593413,-0.00017725683895416087,-0.00010395118514538808,-0.0021741225527494804,0.002628506306873626,-0.0036269602355610327,-0.0019224425522724685,-0.0005644698129211147,-0.001449262658442728,-0.0007197201589478456,-0.001879472530805995,-0.0022688466932038625,0.0,-9.238398016691988e-05,0.0,0.0,0.0,0.0,0.0,0.0,0.0,0.0,-0.0010315512170983702
2024-12-25,6.021610057172489e-05,-0.0034205430834248485,-9.572749549723026e-06,-0.0005747355098234321,-0.00010772892113547609,0.0007897381260386721,-0.00101258982166991,0.000796102241792355,1.2330617079224736e-05,-0.005533660782087167,-0.002185076589946082,0.0013659513151435569,0.00024725176300055063,0.004488784508749476,0.0039067789586375076,0.02059972452832207,-0.0005059369464041418,0.006181864521480391,1.4950743670793468e-05,-0.0088187728245785,-0.0005564618082663092,-0.003210447296729163,0.003253849277674743,-7.928806378830696e-05,-0.00014214574767603086,-7.92444359537116e-06,0.0004129529036030648,-1.644579331835864e-05,5.4540128914233986e-05,0.0005933984357068054,-0.0025102322393326377,-0.0015677179695620022,0.000838677411967576,0.0018456381359174302,0.006320416372642001,0.0005816531757716016,0.0006453692442425965,-0.0021392634278964012,-8.560766098472203e-06,-0.0005023885852893423,0.0011409348780388813,-0.00013995884452963758,0.007776659185206465,0.00048175520150181225,-9.338338505834363e-06,0.0028073792617156813,0.005830130110508515,-0.003828358356223119,0.00015947296115157735,-0.00044875661100326195,-0.0010914862679801015,0.00030531139490098795,0.002481360460013213,-0.00022061759912055616,0.0008955966308269111,0.0009320776788026077,0.0017499216682663908,0.00174143937804913,-0.00044073309063500537,0.00025132155900550545,0.0018122263429340873,0.0005443474668047826,0.00043765749735098444,-0.0007744095781089842,0.0,-0.0002718136683808452,0.00019168839916079337,-0.0003613672235253862,-0.0005970059692827626,0.001093511813679075,-3.853594260411783e-05,0.0006124132978574737,-0.0016796225605919873,0.012495972820554544,0.005768409408223756,0.00107018922588128,0.001078195177641056,0.00019625243294744016,-0.00091312888608325,0.0002624966471804803,0.0005977538036444729,-0.00036417142981597913,0.0011709651188788364,-0.0005070794247541781,0.00023780332624470587,-3.589073060070465e-05,0.0010632637184900349,-0.0023139781510754663,-0.0011842363120543493,-0.00010395118514538808,-0.001968474990453463,0.002687247779099837,-0.0038894542293634073,-0.002298502502679356,-0.0007472614933808461,-0.0013526589496156713,-0.0010777305350022702,-0.0025390882984425794,-0.0024470107949522055,0.0,-9.238398016691988e-05,0.0,0.0,0.0,0.0,0.0,0.0,0.0,0.0,-0.0009884454285336768
2025-01-01,-0.00015057537066390757,-0.002953907941039437,-3.853534756817939e-05,0.0003220729965803656,-0.0009422243965544847,0.00019240791520326082,0.00045742367757753324,-0.0014092223108619509,-0.0002617731985712718,-0.0005226729139446978,-0.004234252398088373,-0.01139021150890475,-0.0007913171375500102,-0.04792789323064746,-0.002670261374126198,-0.004667497779559165,-0.0008030548710130975,0.001824765100563632,-0.0014819963884904015,-0.012609657342229758,-0.0004096877098487984,0.0026441041337132262,0.004132968461087385,4.016697315842152e-06,-3.059970439101765e-05,-0.00020899463183094222,0.0003865372789656333,-1.644579331835864e-05,-0.00031393588609260315,0.00026657623172100656,-0.005684981367168946,-0.0025714064029259812,0.0008130817950397271,0.0022436557626820857,0.003941855710064442,0.00022977296993678795,0.001315739099424628,-0.0004769637475952562,9.056858427425711e-05,0.000126345914012614,0.0013451839040299113,0.0004046195672321393,0.006123324785001494,0.00042897884676148656,-0.0006469320083703626,-0.0009371394738695129,-0.0011505961747194867,0.0038092873027714244,0.00023215709229533065,-0.002831861914124666,-0.0010914862679801015,-0.0006722366322950167,0.0023738662973860273,-0.0012366846719430256,0.0007391943837743918,-0.0007395623962240406,0.00033769923321424095,0.0031267430079090393,-0.0014018078470016714,-0.0007029889265282853,0.0013934924716959716,-1.0194302589702688e-06,-0.00044498877742734917,-0.003991744656563617,0.0,0.00015749755577243267,0.00032402771103165473,-0.0003441872415078239,-0.00047886700770915933,0.001187747790653482,-0.0007059231382316654,-0.00045112676769305836,0.0004667821410416929,-0.0024121681804400736,0.002109243657251935,-0.00034685492225165494,0.0006349003515532783,0.00019625243294744016,-0.00023806378122459817,-0.000836248493213004,-0.0027986941015549736,-0.001348420458433301,-0.0009900076903651327,-0.0011163135421692978,-0.0010475401868400385,-0.0011632736487670035,-0.0017531624306104348,-0.00179641432048998,0.0007128330567945808,-0.00029791305079593925,-0.0016500699885530793,0.0035212765826319868,-0.007126042200061695,-0.002710177857736718,-0.0032526086700846567,-0.00014558442284074623,-4.7275188973704846e-05,-0.00014848034168263438,-0.0027945503241889372,0.0,-9.238398016691988e-05,0.0,0.0,0.0,0.0,0.0,0.0,0.0,0.0,-0.0010315512170983702
2025-01-08,0.0001395141916419227,-0.0029701238735820967,-3.853534756817939e-05,0.0002845459010346939,-0.0006572341305802589,0.00019240791520326082,-0.0006724731660330681,-0.0017464286810892958,-0.0002617731985712718,-0.0005315450651272966,-0.003515298272798784,-0.01139021150890475,8.432688648580332e-05,-0.04746799712217003,0.0028466508311600605,-0.004513764220653038,-0.0010280319916335168,-0.005873657107473072,-0.0028494552441510343,-0.014555887282870196,0.0005340074304527917,0.0026441041337132262,1.3493842651128939e-05,-7.928806378830696e-05,-0.0013318709786239548,-0.0014485517814976866,0.00026891376346370867,-1.644579331835864e-05,-0.00025090506962554215,-0.00040008067120362033,-0.005865889118485779,-0.002143456058175385,0.0008130817950397271,0.0031113606194988165,0.0060527747330431725,0.0002798854374936696,0.0014725834869680516,-0.0004769637475952562,8.415798724035578e-05,-3.4465197091667595e-05,0.001272281514736277,0.00013626064245297794,0.005607174421421431,0.0002750892222270351,-0.0006469320083703626,-0.0009437109589576895,-0.0015974174025812848,0.003679735542422611,0.00011550223923933915,-0.0029907026867857242,-0.0010914862679801015,-0.000362771590504653,0.0024907299997653076,-0.001448024815673874,0.0007391943837743918,-0.0007395623962240406,0.00033769923321424095,0.0031267430079090393,-0.0015700327620452995,-0.0007029889265282853,0.0020898787181614707,0.001957323600452277,-0.0005954475174443896,-0.003991744656563617,0.0,9.04486794915583e-05,8.433990025876629e-05,-1.154021258523353e-05,-0.0005981329188295045,0.0011412397133870942,-0.0003329811602828327,-0.0005411478222092493,0.0005490263399481256,-0.0024743635365385356,0.0016472534085952483,-0.00034685492225165494,-4.3757280289604685e-05,-0.00011709190596938264,0.0003867537706080101,-0.0013293013553082093,-0.0023425590153969998,-0.001348420458433301,-0.0015147866807526122,-0.0010530141713828637,-0.0014022718617808586,-0.0007302680275246777,-0.0006085772390111293,-0.0002378768570449142,0.0006456685027852858,-0.00022944142070281727,-0.0016500699885530793,0.0037346758814916638,-0.00724575308563723,-0.004640096402533463,-0.0016751534271405148,-0.00010508934845863996,0.0005604869617313738,-0.0015231683878942988,-0.0029980255573419253,0.0,-8.714915791728575e-05,0.0,0.0,0.0,0.0,0.0,0.0,0.0,0.0,-0.0010315512170983702
2025-01-15,-0.00011149784898006109,0.001589120191286581,-3.5672344754236654e-05,6.070271275272564e-05,-0.000862198859196917,-2.2953379774840545e-05,-0.0008913887959876,-0.0016186998910776675,-0.00016666042261859236,0.0018052832541439541,-0.00327735294829835,0.0013843849199310443,8.432688648580332e-05,-0.02107856598835043,0.006499760446227658,-0.0006814169335859254,0.002723424380852731,-0.0010191996044503332,0.0007725946101815052,-0.01691935157314601,0.0005340074304527917,-0.0017786590634483687,-0.00029784016102727724,0.00012464385423094417,-3.059970439101765e-05,-0.0019389371704165905,0.0003865372789656333,-1.644579331835864e-05,-0.0005721617905516715,0.0002387080758572158,-0.0056117900894098,-0.0020526957856881575,0.0011585674189774574,0.001778175584416736,0.006970479896184839,0.00016429107814707844,0.001883291635867365,-0.000814107749839085,8.285471604100138e-05,-0.0005277744662554064,0.00013121644254992387,0.0003338759257367994,0.005320008625714152,0.00035708869484579416,-0.0006469320083703626,-0.001469664945829686,-0.002236343017628812,0.004384554748523228,0.00013549124036205492,-0.0016158985842843583,-0.0010914862679801015,-0.00026394252287490936,0.0026842836125428953,-0.0014153331140611884,0.0005479685185941132,-0.0008805576233405901,-0.0024984226078969838,-0.0005751509078743723,-0.0012912296888767099,-0.00047147406247245407,0.0011488258194259442,0.0015853896071666917,-0.0005448847120712553,-0.00465077795933716,0.0,9.04486794915583e-05,0.0011281271879842497,-0.0004427692669396155,-0.00024076543227701357,0.0007511089388828342,-0.0002422497350409027,-0.0004022404524785567,-0.0012194450336086254,-0.0021761233174059356,0.001451021070325113,-0.00014648100317408438,0.0018102605980937245,0.00019625243294744016,0.0002534979386253896,-0.0012412002110125033,-0.00190050511299289,-0.0005488854999673272,-0.001503822351311648,0.00014585356343428403,-0.0012202416704017764,-0.0010263833385650337,-0.001548989054360705,2.5888196936546667e-05,0.0004992978216186387,-0.00029791305079593925,-0.001920682088994535,0.003292921016982418,-0.006452997522258118,-0.003457557742233773,-0.0015916120743690904,0.0029735429655781383,0.00020786090439826882,-0.0023733339236128984,-0.0030012056885240566,0.0,-8.714915791728575e-05,0.0,0.0,0.0,0.0,0.0,0.0,0.0,0.0,-0.0010315512170983702
2025-01-22,3.380303804306554e-05,0.006033109132382379,1.4359033758525735e-06,5.0713985245032207e-05,-0.0006487058341811498,3.937840981193904e-05,7.170254032606803e-05,-0.0016907488542326121,-0.000604441059041111,0.0015784152127284192,-0.003434197840367383,0.0025238743692835566,8.432688648580332e-05,0.035332738798457934,0.006129959755526497,0.010864222802387902,0.002072477832333947,0.006119713605754241,0.0009825492804193276,-0.0008489504143089013,0.0005845819219508378,0.0015143214419574412,-0.00016292371141005303,7.542625634821321e-05,7.073659056001321e-05,2.4962399936883482e-05,0.0005505699723627584,8.20347267973912e-05,-0.0011597876571551318,0.0005028591633276293,-0.0033479333080223906,-0.0020247349017366366,0.001425010511755563,-0.0031217675179018383,-0.001743641473568187,0.00027497597955452994,0.001672707060125842,-0.002497601760329754,5.352424786640809e-05,-2.9440717386561155e-05,-6.510614425723154e-06,-6.605381408100789e-05,0.004865398431687447,0.0005450974742861789,0.0003282968104603086,-0.0010376514025348302,0.0010131927151771473,0.0033208374188316223,-0.0005733359842153116,-0.001054117214881426,-0.0005563895523546692,0.0006780015998206893,0.0028149182401386937,-0.0016121070224619088,0.0013396732295238702,-0.0006984548263979929,-0.002403779703358314,-0.001712310655989219,0.0009993358269786714,-0.00011840455933658517,-7.469224517708207e-05,0.0015853896071666917,-0.0003393253613113341,-0.0060008713584158635,0.0,-0.0005349839930582622,0.0011281271879842497,-0.0006679699976905129,0.00044295641257997343,0.00012972692801744093,-0.0005040966417695123,0.00039337659931378737,-0.0013592118988426125,-0.00316320240111875,0.0025075532833139886,1.293543270225136e-05,0.001254941434147962,-0.0004911220844538141,-0.0004125542902220376,-0.0001986017632442227,0.001479950474596146,-0.00013655686499609057,-0.001967996879971906,-0.0009137515993427484,-0.001471611415287002,-0.001076303078224095,-0.0004998541239707845,0.0010435500753191067,-0.0003033998543128539,-0.00029791305079593925,-0.0008066860498866491,0.0033494193701207407,-0.005439441631618606,-0.0022603868243307,-0.0018454997931796695,0.003345800307970921,0.00020786090439826882,-0.0028160842746978673,-0.002401594930456996,0.0,-8.714915791728575e-05,0.0,0.0,0.0,0.0,0.0,0.0,0.0,0.0,-0.0006125709593318188
2025-01-29,3.380303804306554e-05,0.0030886020342356167,-0.0006379848413385913,5.0713985245032207e-05,-0.0010815176853151082,0.00032246683727109684,0.0008895878254706516,0.0020116216142955457,-0.0003542268132447102,0.0007435015582502652,-0.00404622888681388,0.002525464284786101,0.00024725176300055063,0.036715234749489255,0.0031021339124412332,0.023854072506220906,0.001501074904785499,0.006875879555747201,0.0010011330354263652,0.00027881436966294896,0.000547151539802504,0.0010169933964942555,0.0001224107408492373,7.542625634821321e-05,6.737780201993739e-05,2.938798062117474e-06,-0.002180818948140205,8.20347267973912e-05,0.0003658350851680504,1.027012405339792e-06,-0.00418839595346678,-0.0023393084861707924,0.0015099999580276012,-0.004318198916812416,-0.0016411041299937016,0.0002223821874542324,0.001345958909906545,-0.00027331756456319207,5.352424786640809e-05,-2.9440717386561155e-05,-6.510614425723154e-06,2.722702472789708e-05,0.005097698199316243,0.001032262078777124,0.0003365269735289094,-0.0002172456773557867,0.0010131927151771473,0.003668251774644519,0.00022301656255812742,-0.0007571258871882665,-0.0005563895523546692,0.001000582094660391,0.004366793807498706,-0.0018527937118381647,0.0011271306003451638,-0.0006984548263979929,-0.0014993643750396194,-0.0017056787462765934,0.0001754196999736555,-0.00011840455933658517,-7.469224517708207e-05,0.0004054427688641675,-0.0009341448651902702,-0.006533619060260983,0.0,0.00015749755577243267,6.667793558106809e-05,-0.0005765600891795418,-0.0004681084111222646,0.0005024519148195721,-0.00043891768483128775,-0.00031106305063920094,-0.0015658024970617286,-0.003051237943757901,0.0029677963549688533,1.293543270225136e-05,0.00209667267351275,0.000533225802541655,0.00016419619766315567,-0.0001986017632442227,0.001010077764253224,-0.00013655686499609057,-0.001268351518858272,-0.00040182633129166054,-0.000730613960626328,-0.0011563680598757216,0.0001878189885652298,0.0006835475965847085,5.81457777315035e-05,-0.00029154485959463026,-0.0007760623236051388,-0.002746595042612728,-0.005033768102033438,-0.00282390139218988,-0.0018454997931796695,0.0041058879116580484,0.000508982352269818,-0.0030699748040360197,-0.0017356856817118853,0.0,-8.714915791728575e-05,0.0,0.0,0.0,0.0,0.0,0.0,0.0,0.0,-0.0006125709593318188
2025-02-05,0.00016126704753549064,0.002126228922941582,0.0004905501520480323,-0.0008756528087801879,-0.0010815176853151082,-2.4390713128003726e-05,0.00015329857313994388,9.010747615387402e-05,0.00011522297134190463,9.913842937072104e-05,-0.004017109720476791,0.0026245689877780493,9.2021803311241e-05,0.03418093651768232,-0.0026277731701080426,0.024099712770570204,-0.0007333212957418578,-0.0009666084493374711,-0.0022353548321160507,0.034587961608331774,0.0015708707343532829,-0.0003947857362938185,-0.0034055865946542654,-7.31425039762877e-05,-3.395849293109348e-05,-0.0008450153607844695,-0.002598845612901084,2.8602343718494508e-05,0.0008871332291501813,-7.595301919161474e-05,-0.00325411300307983,-0.0029174984977685847,0.0015872114417599282,-0.0050046300528321696,-0.001543446487793721,0.00140542782044368,0.0015942799415610157,-0.00012187462455858408,8.273160034491723e-05,-0.0005277744662554064,0.001177557511059486,0.004939727640197764,0.0068781843057018005,0.001032262078777124,0.0012261398690205923,-0.0002410521143249054,0.005274401561659779,0.014646658485229797,-0.0003148495625761989,6.28013282626537e-05,-0.0006257148278155508,0.0003194110835132211,0.0032951288610074112,0.007362229210203203,0.0014798341752987295,7.486328743980493e-05,-0.00048530930007991736,-0.00038383811995801277,-0.002030840675281796,0.0003640371514417816,-7.469224517708207e-05,-0.0005282551001003575,-0.0002528828593376359,-0.005393000970972662,0.0,0.00015749755577243267,-0.00023437590286668925,-0.0003314942382169996,-0.0001338830483870612,0.0008832994074866928,-0.0013693879034191118,-2.7993196345118794e-05,-0.0010295245100688257,-0.004124109944047985,-0.001311149504791627,-0.00014130021727863813,0.001611348047903059,0.000533225802541655,0.0006258219729756572,-0.0002866752829835228,0.002372147144479204,-0.00013655686499609057,-0.0025399967869315955,-0.0019069278099672828,-0.0006149897790077563,-0.0013010567326871812,-4.8024347291590776e-05,-4.203328814384228e-05,0.0003389352842940096,-0.00019094026821235877,-0.0007760623236051388,-0.002078234210626796,-0.004227260799378785,-5.3338655793169575e-05,0.0003921457334949617,0.0029872033354124434,-0.001236956146389214,-0.0016948141344736809,-0.002334849708146718,0.0,0.0019320949684977053,0.0,0.0,0.0,0.0,0.0,0.0,0.0,0.0,-0.0006125709593318188
2025-02-12,0.00016126704753549064,0.0018691453503722026,0.0020219293680425574,-0.000871597900294682,-0.0005940250850570582,0.00023382684618432237,0.0006987897706566489,0.0005649713231138572,0.0005978785926450432,0.0002651332775639061,-0.004039106688938679,0.002627730083589574,0.00014554345085667877,0.008405291323337779,-0.0035417881738262413,0.023294107103532878,-0.0006901509417640468,-0.0004483298033955784,0.0010619286099449762,0.03767792199188763,0.000783034336107641,-2.008165043892589e-05,-0.00353880928751266,-0.00017646950142438558,-3.059970439101765e-05,-0.0008450153607844695,0.000760962478891203,-4.411356354509514e-06,0.0005236527948766668,-8.761779799676656e-05,-0.004094174331073326,-0.0023955091968938954,0.0017126896877114105,-0.003933706133331621,-0.001543446487793721,0.0011267584661715157,0.0012588212839115757,2.826462553623044e-05,8.273160034491723e-05,-0.0005277744662554064,0.001463305719713073,0.007424832528897257,0.006910242426856376,0.0006929828894014111,0.0008147305499395549,-0.00020619745295278778,0.004955013947067858,0.015185341959382927,-0.0003148495625761989,-0.00028174689005590293,-0.0009103280378254243,0.0003194110835132211,0.0031564509864791617,0.007362229210203203,0.0016887994104285077,0.00011325092052929118,-0.00048530930007991736,-0.00042591866295773863,-0.0008890268921983371,0.0003640371514417816,-7.469224517708207e-05,0.00019676206182614106,-0.00018354818658622765,-0.005505784090121261,0.0,-0.0005349839930582622,-4.2849317282060565e-05,-0.00018232385314175418,0.0007771817753151769,0.00014719535418768008,-0.0007437931092090833,-2.3783458481428047e-07,-0.0008219336430774872,-0.003095153084387191,-0.0013350175697957657,-0.00034167413635620875,0.0015994964807660521,-0.0004911220844538141,0.0001293389344985757,-8.228165469884133e-05,0.0024314508825271177,0.00015967542026972957,-0.0023349935712185113,-0.0011766284318379936,-0.0007538499295459395,-0.0012825659834968545,-0.0005539741211042143,0.000504305947128297,0.0008491432931429963,-0.00019730845941366774,-0.0008667092623982325,-0.0020060063230489364,-0.003925777732431924,0.0003228043492064871,0.0005222286993261994,0.0007331787176750675,-0.0003536961352068451,-0.0011703928628936718,-0.0022291828397568952,0.0,0.0019320949684977053,0.0,0.0,0.0,0.0,0.0,0.0,0.0,0.0,-0.0006125709593318188
2025-02-19,0.00016126704753549064,0.0007836130880501778,-0.00026615264065607536,-0.00028070060496226306,-0.0004899790987829066,0.000529923729877037,0.0005342035460740934,0.000561516714884433,-0.0005857818652147784,0.0006088440151209403,-0.00406426356901005,0.002519513164055986,0.00014554345085667877,-0.0036264639089169833,-0.0030894478946506708,0.01477984185139414,-0.0011927991315523246,-0.0012132756179821377,0.000245532786586412,0.036307215209561525,-0.0005721678022101524,-0.0003947857362938185,-0.004434656927532235,0.0002051758751114738,-3.059970439101765e-05,0.000358011592536023,0.0005396038329811408,9.071052296068348e-06,-0.00042654442093345633,-1.9546319616492664e-05,-0.0045527439770309324,-0.0021956496287931786,0.0017407905960286783,-0.0002904955172634004,-0.001543446487793721,0.0011387536463570514,0.0012332044420426086,-2.3860487533086742e-05,8.273160034491723e-05,-0.0005277744662554064,0.001461012845587316,0.006947488288581417,0.0066483295259841604,0.0005596351335703296,0.0015283452891629425,0.0004550655172308295,0.004955013947067858,0.01804809323588782,-0.0005996765266967219,-0.0003617719292811233,-0.0009453650953453786,-0.00041409507356988473,0.0020548663870781337,0.007645552930750179,0.0013937867937672134,7.486328743980493e-05,-0.0015014341222800449,-0.0005194261550649963,-0.001629629424469092,0.0003640371514417816,-7.469224517708207e-05,0.00019676206182614106,-9.172605439383016e-05,-0.006362567523172359,0.0,0.00015749755577243267,-4.2849317282060565e-05,2.153279173875821e-05,-0.00011527281853840443,-0.0001804622654632879,-0.0006963519486020691,-0.00038581662347805606,-0.00021346234799455855,-0.003075840776886423,-0.0011089693269111618,-0.00014130021727863813,0.001219674869534632,0.00037056548993949533,0.0001293389344985757,0.00013888303651722101,-0.0007852357183822986,0.00015967542026972957,-0.0016353482101048773,-0.001613076924095824,-0.0007596512297648908,-0.0012825659834968545,-0.000990529957213595,0.0006164152902562157,0.0010828374309256826,-0.00019730845941366774,-0.0006425182910690815,-0.0023993423196532588,-0.004363895684506691,4.8272063094170325e-05,0.0005222286993261994,0.003351351894204853,6.883697041732687e-05,-0.0018157886259831829,-0.0031243794903809846,0.0,0.0014666560897774548,0.0,0.0,0.0,0.0,0.0,0.0,0.0,0.0,-0.0006556767478965124
2025-02-26,0.00016126704753549064,0.000873954709112412,-0.000292252235860589,0.00044956260888595633,-0.0009322460575811896,0.000529923729877037,0.0007929845016156445,-0.00023770029847671684,-0.0001532455874770434,0.0012246650716337525,-0.0034435676032530172,0.0011126319792394669,-0.0003754926267931708,-0.0076892442251181616,-0.003674592570856261,0.007661616627587813,-0.0011164610686145938,-0.0013463613774563356,0.000245532786586412,0.025775664597205206,-0.0006154176457344951,-0.0003947857362938185,-0.0029722948515116896,-0.00017646950142438558,-3.059970439101765e-05,0.000358011592536023,0.0004883731024244792,9.071052296068348e-06,0.0005451682500875032,3.0295250226447385e-06,-0.00610434287218972,-0.0021735174094600954,0.002143203481593468,-0.002464012434746645,-0.002092174938915703,0.0012008262510976573,0.0019306883220707597,-6.991184476092525e-05,8.273160034491723e-05,-0.0005277744662554064,0.0014061905905800732,0.007426911348854491,0.006273185003706188,0.0005596351335703296,0.0014940551402718245,0.0002991004454152901,0.0028138560108955453,0.01797456132307489,-0.0005644606004112894,-0.0004990175680782638,-0.0009103280378254243,-0.00036017914419371976,0.0022407204169564267,0.007645552930750179,0.001514564991448821,7.486328743980493e-05,-0.0015014341222800449,-0.0009760560771361603,-0.0016629206055125217,0.0003640371514417816,0.0018931998826394003,0.00024438377177621177,0.000898378918338447,-0.004690391305227385,0.0,-0.0005349839930582622,9.87652302017923e-05,0.0001449258643118754,-1.1650241274979039e-05,0.0004208509589827072,-0.0008058805069436262,-0.0003777857495027688,-0.0004210532149858974,-0.0029075726433370375,-0.0011350782568507736,-0.00014130021727863813,0.001219674869534632,0.00037056548993949533,0.00015274017236047486,-6.267489145672852e-05,-0.001712969159201328,0.00015967542026972957,-0.002684614290767958,-0.001613076924095824,-0.0007074432934438133,-0.0016176330235096548,-0.001661749244794666,-3.0900377114772575e-05,0.0007576841710759374,-0.00029791305079593925,-0.0006731420173505918,-0.002458022043879953,-0.0048867685450862085,-0.0003108481680906993,0.00041302651023389906,0.002159499248986901,-0.000814423040765042,-0.00118066569863543,-0.003825956463227121,0.0,0.0014666560897774548,0.0,0.0,0.0,0.0,0.0,0.0,0.0,0.0,-0.0006556767478965124
2025-03-05,0.000237158229665109,0.0006532243132957571,-0.00027358342981367135,6.483562258478807e-05,-0.0007484590195611455,-0.0001853882443984398,-0.0001663466762731555,-0.0003144440948543199,0.00027597965786454624,6.783548608693537e-05,-0.0030304741423011878,0.0013739979847235805,0.00014554345085667877,-0.03339806882239841,-0.0037561798882909977,0.013340530615956022,0.0019240988020899528,-0.005881001192552705,-0.0023157445835178215,0.03694520408127975,0.0005300833321707889,-0.0016603142404306213,-0.0024027805860646827,0.00011476560727110621,-3.059970439101765e-05,2.938798062117474e-06,0.0005534548100182742,-1.644579331835864e-05,-0.0006660417039283859,-0.00019117270754675023,-0.005012237781569976,-0.002208454313240511,0.0027065676204466385,-0.005609566662072323,-0.002424570952853036,0.0014144385746689228,0.0017683951564880182,-0.00016980781015767885,8.273160034491723e-05,-0.0005277744662554064,0.0010883663249162958,0.0038705487247456313,0.00727252325137363,0.00043097924390523917,0.0006848989448584921,0.0002991004454152901,-0.0026834646957438813,0.006301119056186118,-0.0009482433479853596,0.0022829539283051358,-0.0008976626395465738,-0.0004070749696143434,0.002336508383217614,0.005505466034296362,0.0015039263095374185,-5.645513069417045e-05,-0.0022647405874996296,-0.0005357831700196361,-0.003020794438434435,-1.1556848024323258e-05,0.0007173678977582681,0.00017989631333980812,-0.00030286777973012537,-0.0031901703944481564,0.0,0.00015749755577243267,0.00013332073855670085,-0.0004423826811051641,-8.81568024989415e-05,0.0012623738789753708,-0.0006056017181694097,-0.000323938416271302,0.0005272030225928374,-0.0026340236730178004,-0.002776347466039615,0.00034084943824224745,-0.001279807049892094,0.00037056548993949533,0.00044826571087536464,-0.0006673110703595776,-0.00014331913009270293,-0.0008245736083475923,-0.0031382973325330527,-0.000829074596415148,-0.00040653203432107585,-0.001693990387021124,-0.0011923874863578186,-0.0001369446566782732,0.0010252806770155096,-0.0002181590548481615,-0.0011720192713137983,2.6885981426545526e-05,-0.005322603534548941,-0.00188014477642456,0.00041302651023389906,5.419246241141138e-05,-0.000814423040765042,-0.0024889974118969833,-0.0032905593899160792,0.0,-8.714915791728575e-05,0.0,0.0,0.0,0.0,0.0,0.0,0.0,0.0,-0.0006556767478965124
2025-03-12,8.112404571317742e-05,0.0024508328666688465,-0.0002860607662882352,4.041451887158454e-05,-0.0007481712589670893,-0.0001853882443984398,-0.0008984181701074715,-0.0002814553616604041,0.0004958161089364623,0.0007350403005711811,-0.0038449638002630033,0.0013953444317759507,0.00014554345085667877,-0.0066834512592801746,0.003982953348458127,0.01508557847386139,0.0006830219719550967,-0.002175813150060162,0.0011547138010484456,0.03814805082272789,0.0004795088406727428,-0.0006415898911561448,-0.0005582487839814261,7.542625634821321e-05,0.00010561750769734685,2.938798062117474e-06,0.00046170079877455404,-1.644579331835864e-05,-8.60880464983543e-05,-0.00017662791347327635,-0.0044585459451176555,-0.0021435630707815185,0.002056743166283948,-0.005387310741879097,-0.002457876552703361,0.0014700167927295129,0.001976795191282329,-0.00016980781015767885,0.0005762012238617747,-0.0005277744662554064,0.0009569152272068319,0.00342465913033763,0.007451924716307043,0.0005292368660642041,0.0006848989448584921,0.0002642457840431725,-0.002521208569569323,0.005649165704465647,-0.0007823520086403401,0.0018214258808152825,-0.0008976626395465738,-0.00021737742352326847,0.002170841178958567,0.005505466034296362,0.0018331251502840425,-6.726433894091117e-05,-0.0022647405874996296,-0.0006143017162962784,-0.004080823609855117,-0.00011927405170071502,0.0009521469839038738,0.00022751802328987883,0.0012765715454755465,-0.0028661346632421775,0.0,0.00015749755577243267,-9.27613553828364e-05,-0.00030707966547167763,-4.745506889552001e-05,0.001279995297428058,-0.0007821322481749603,6.346136582961926e-05,-0.0007307555796987581,-0.0033477633806498226,-0.0007296412402529408,0.00034084943824224745,-0.0008302959309296451,0.00037056548993949533,0.00044826571087536464,3.8498768047607376e-05,-0.0003560400895650899,0.00015967542026972957,-0.002636346575153,-0.0008992872905706469,-0.0007538499295459395,-0.001602047020553428,-0.0012995788796461806,0.00012741027125255845,0.0002298255048620947,-0.00019730845941366774,-0.0011720192713137983,0.0001234223196276479,-0.004530529038371156,-0.0002524273798088658,0.0003632814613013439,-0.00024478741801932076,-0.000814423040765042,-0.003110616365685623,-0.0029851281217241764,0.0,-8.714915791728575e-05,0.0,0.0,0.0,0.0,0.0,0.0,0.0,0.0,-0.0006556767478965124
2025-03-19,0.00016126704753549064,0.0017823028338271143,-0.00026612448783224803,7.267532570037614e-05,-0.0009322460575811896,-0.0001853882443984398,0.0005704144117617722,-0.00027430391984633966,-0.0005857818652147784,0.0003793236080520735,-0.0038198069201916328,0.002699122651838754,0.00014554345085667877,-0.006183208843174528,-0.004061188337880296,0.01373189245084775,-0.0008265967124907546,-0.0029610906712398454,0.00013347336159501278,0.03666534276198442,-0.00036491474967638736,-1.3902460514639514e-05,-0.0028107407903974436,0.00011476560727110621,0.00010561750769734685,2.938798062117474e-06,0.0005082210378293409,-1.644579331835864e-05,-0.00031031556282920016,-0.00015386958604389652,-0.0044765672092513,-0.002016885016348072,0.002056743166283948,-0.004509559249695828,-0.0023197719589693536,0.0014580216125439772,0.0016956456764165644,-0.00016980781015767885,0.0005762012238617747,-0.0005277744662554064,0.001126272410907116,0.0035306923817280413,0.007069889668921655,0.0005285619532371267,0.00048804539697980487,0.0002642457840431725,-0.0025483601364155346,0.005466243663161618,-0.0009031007887550808,0.0018214258808152825,-0.0008976626395465738,-0.00022280962972672495,0.0017535580828444304,0.005505466034296362,0.0016431756938237651,-6.726433894091117e-05,-0.0022647405874996296,-0.0006776841046127944,-0.00284639863204543,-0.00011927405170071502,0.0009521469839038738,0.00043203986111508094,0.0011860242721082749,-0.00466802111775215,0.0,-0.0005349839930582622,-4.2849317282060565e-05,-0.0002561788125564416,-1.1650241274979039e-05,-0.002101710916295532,-0.0006056017181694097,0.0001045456835987101,-0.0005490992561513526,-0.002817808100094924,-0.001961393082151414,0.00034084943824224745,-0.0009584723364398924,-0.0004911220844538141,0.0003867537706080101,-0.00046655652192233876,-0.0008300712317075398,0.00015967542026972957,-0.0018903763994099355,-0.001331765942240783,-0.0007538499295459395,-0.0012750685481026688,-0.00023163675281708977,0.0006164152902562157,0.00022740485757014685,-0.00019730845941366774,-0.0012026429975953085,1.2249892067418928e-05,-0.004492813249189654,3.508973937601197e-05,0.0004418907824275169,-0.0001809453363397042,-0.000814423040765042,-0.0025953255562957416,-0.002594383167811379,0.0,-9.238398016691988e-05,0.0,0.0,0.0,0.0,0.0,0.0,0.0,0.0,-0.0006556767478965124
2025-03-26,0.00016126704753549064,-0.00011896018829538109,0.00017870165559306862,5.437389690246449e-05,-0.0011108064930986374,-0.0001853882443984398,0.0008503020737989302,0.0007314497849929753,-0.00034188868645379316,1.3095303933760933e-05,-0.0030536805714406535,0.0012779633126936813,-0.0003754926267931708,-0.0282578977135629,-0.0038168023135225155,0.006659922029601006,-0.0012642801591412913,-0.006965272846030299,0.00013347336159501278,0.027782368767314703,-0.0004081645932007301,-0.0015741352893817462,-0.0022864282802706115,0.00011476560727110621,-5.2988386088469004e-05,2.938798062117474e-06,0.0004705093640553191,-2.5147146287156435e-05,-0.0008406738919013569,-0.00017689738442927771,0.0017565687327537206,-0.0010846967562320373,0.0027065676204466385,-0.004321326879930912,-0.0019742186227397623,0.0011332528528515318,0.001438793599802594,0.00019838934900829046,0.000548138977505499,-0.0005277744662554064,0.001093339659541395,0.004001441460782988,0.007704759772845712,0.00041749478321780585,0.0006270570752895579,0.0005964281244787675,-0.0026441238030638415,0.006331702432788604,-0.0008095804343297877,0.0022829539283051358,-0.0008976626395465738,-0.00043629408252370504,0.0024543319565947957,0.005067218255421453,0.0015005813931298871,-9.484276378365671e-05,-0.0022647405874996296,-0.0013245396700860411,-0.0007781885599135224,-0.0004723435548365839,0.0007173678977582681,0.00043203986111508094,0.0007525354514218952,-0.002914458256362749,0.0,9.04486794915583e-05,0.0004908829297249835,-0.0008036639759417422,0.0005173493029000531,-0.0014354801114172648,-0.0006056017181694097,0.00019947733459926777,0.0007088593461402429,-0.002801653768659865,-0.0020016848158817303,0.0002483360993923794,-0.0009584723364398924,-0.0004911220844538141,-0.00020265613139964098,-9.218341501632565e-05,0.000205705052512326,-0.00045835597220004944,-0.0023802263833852836,0.0027975946168808234,-0.00045027224833963655,-0.0016522687939128336,-0.0013654903538073508,0.0006164152902562157,0.0007616036026816362,-0.00029791305079593925,-0.0011720192713137983,-0.000362309671148236,-0.004775577247865812,-0.00106201018668773,0.0004965678630053234,0.0023748157714477804,-0.000814423040765042,-0.003499823847754976,-0.00295679364029532,0.0,-9.238398016691988e-05,0.0,0.0,0.0,0.0,0.0,0.0,0.0,0.0,-0.0006556767478965124
2025-04-02,-7.840883392423454e-07,0.002160731981805053,0.00019081655102043827,0.0011866910830270463,-0.00037825042332221914,0.002151883291856064,-0.0008722190518859402,0.0009047933819713511,0.00010032088091258939,0.0013002379463750368,-0.0003950351666953845,0.0038782246321417816,4.26730881436346e-05,-0.0031525232908142242,0.003141247322095482,0.003693700072731017,-0.0011266750578438805,-0.0031263005564337943,-0.0003001556385722814,0.032914791730941834,0.0007402102896252713,0.00038469098688007444,-0.0028075340528133748,7.542625634821321e-05,-0.00018427214486802738,-0.00021434798750613875,0.0006178290652934927,-2.5147146287156435e-05,-0.0003663876135952812,-8.542566311228629e-05,0.0017300892156743525,-0.0009530710413085434,0.002803272225145875,-0.0027140594671077804,-0.0025446907079862266,0.0008404848009123404,0.0022084669837027517,0.0002224051257168258,1.658946644159917e-05,-0.00028086907909264476,0.001104229029347458,0.00208620674871049,0.008335248976366415,0.0004981636857310011,6.961186902628418e-05,-0.000897143792817508,-0.0027261589547209007,-0.004939797828999385,-0.0006861350123398322,0.0017902684803404439,0.0010780554601800374,-0.000494187481622518,0.0022700820882714827,-0.00022334676621481048,0.0007742819341556199,-0.0006589528413519846,-0.0017311569575478723,-0.0007412335353362313,-0.0008355398138786105,0.00025132155900550545,0.001542240160369216,-8.716471444141394e-05,0.0002604279866826497,-0.0015757843937714614,0.0,-0.0005349839930582622,0.0004908829297249835,-0.0011631584036333909,-0.0003567130893415704,-0.002025890877432547,0.000926775428810341,0.0012353107052871753,-0.0006734268586748698,-0.0019458382256914747,-0.0015316786991837969,-9.087896011155606e-05,-0.0009584723364398924,-0.0004911220844538141,-0.00016455357067366908,-0.00011517866896931663,0.0020500968088225683,-0.00016158449396174888,0.00014298982140846487,0.004355866499178084,0.0004564097782573402,0.00966619872827607,0.0027470742329623707,-0.002117532147849747,0.000187864550200635,-0.00019730845941366774,0.0005288903719474373,-0.002159255725578821,-0.0030254435677891096,-0.002030499028233544,0.00013613493649408697,0.0027449404434046476,-0.0008034640941053095,-0.003096401807307086,-0.002680314517328985,0.0,-8.714915791728575e-05,0.0,0.0,0.0,0.0,0.0,0.0,0.0,0.0,-0.0005007409589220749
2025-04-09,-4.810509600935422e-05,0.002746805953788692,0.0002237169302405133,0.001280322194254609,3.828169204484342e-05,0.0007235033619243404,0.0008205319872147666,0.000704193165417231,0.00010032088091258939,0.0003700207460818613,-0.0032427415611743964,0.0010819089374960685,9.2021803311241e-05,0.02989146712863889,0.006600726931145927,0.01175286176311356,0.0029489136271971484,-0.000674284973369688,0.0012477571639550459,0.03178112570042029,0.001786291120024461,9.966058664059887e-05,-0.0025382683415118715,-4.943203636921651e-05,-0.00018427214486802738,-1.3995305738948489e-05,0.0004875205146908208,8.20347267973912e-05,-0.0004927460432881105,-8.520713428163323e-05,0.0011648888082841538,-0.0016982053781698745,0.0032488027350425362,-0.003242961365344585,-0.002759034797160545,-0.002436752599937795,0.002101894294603178,0.00045511478785459196,1.658946644159917e-05,-0.00028086907909264476,0.0009608898394100351,0.0012782292530485757,0.007287995161943937,0.0005492121176479602,0.0006900685508234487,-0.000897143792817508,-0.0034430364865536377,-0.005687466789578728,-0.0007020260608759685,0.0003418349870877245,0.0007646421039191641,-1.5947157471501274e-05,0.003130905017330534,0.0002278050870418199,0.0007545688789332307,-0.0006205652082624984,-0.0017760508262205331,-0.0010045499522642232,-0.0009430622811632249,0.00025132155900550545,0.0010827813684597168,-0.00014781168940747292,-0.001589324969029433,-0.0011452961800455198,0.0,9.04486794915583e-05,0.0012018059100940906,-0.0014395214353199427,-0.0003567130893415704,-0.0020331526320888195,0.0006595627999873305,4.64825436752322e-05,-0.0015682454416058164,-0.0021995997860595577,-0.0012228647326251118,-0.0002890071420566103,-0.0012998235939303176,0.00037056548993949533,0.0015472604666309326,-0.00013603216665158328,-0.00047543816292167703,0.00013464779130407126,-0.002233577745828856,0.003333516785528002,0.0007849114221227616,0.008429566727330817,0.0016621494791712096,-0.0014626365885391528,-0.001796358798828278,-0.00019730845941366774,-0.00037874739942460675,-0.0022123339907856782,-0.00436388600411711,-0.0011986269477142141,0.00019081201707189346,-0.0016964188508876029,-0.0016715521133520107,-0.003319298539625352,0.0015613515280609202,0.0,-8.714915791728575e-05,0.0,0.0,0.0,0.0,0.0,0.0,0.0,0.0,-0.00045763517035738143
2025-04-16,-7.335985149714982e-06,0.00043396436443764316,-0.00010013638593007108,0.0017117929600543838,-0.00020702398432316416,0.0007235033619243404,0.0005648610038591046,-7.850330241869365e-05,0.0009606289986599957,0.0005411820037521753,-0.003766349148235181,-0.0003318484203692468,-0.0003754926267931708,0.030237321523501386,-0.003306285449749807,0.007354906895863751,-0.0009268707134521089,-0.0012186223777652355,-0.0015294413161033539,0.032911667941919305,-0.0005745603454815064,4.2033956478044766e-05,-0.004653408362950754,0.00011476560727110621,0.0001330803211395386,-9.128239564194316e-06,0.0003366228491909707,2.3025280612688275e-05,7.579589581035033e-05,-7.478735440156193e-05,0.000953326739206314,-0.0014669272340300543,0.0029243303315873155,-0.004269875895633788,-0.0023727301675349403,-0.0020881020253850687,0.003173133524298771,0.00045511478785459196,0.0005691601217388362,-0.0003248952948480845,0.0007604188154683783,0.0015565132458470457,0.006787319786919476,0.0003927756225798408,0.0006459737150420177,-0.0016601247583267113,-0.002725908941543498,-0.006230486632727716,-0.00035395927435497726,0.0003418349870877245,0.0007972665294476356,8.826479698395463e-05,0.0025830477480256945,-0.0005344969166880978,0.0007311511701072337,-0.0006205652082624984,-0.002151743193974221,-0.0010157170431900361,-0.0009051663246316612,-0.0005371260604044071,0.0016355151344066461,-0.00029168655226661605,-0.0011107984705423484,-0.0010807690079606518,0.0,0.0001544954192831944,-0.00023437590286668925,0.0007698513611273365,5.442082797645464e-05,0.000471706029105151,-0.00036243060910986244,0.0005260147684954008,-0.002060621048220017,-0.0026601877127363613,-0.0016896822164740978,-0.00024002145184612016,-0.0011716471884200704,0.0004184715047038204,0.0014231014625041187,0.0006812472565351493,-0.0009605389019192955,-0.00041521674540359767,0.0011233629660727963,-0.0008789691751801028,-4.2697777211538754e-05,0.008609681665479431,0.002808785207091228,-0.0006564150937290482,9.815531895843121e-05,-0.00019730845941366774,-0.00017411932563831062,-0.0026084948912269124,-0.005654741067561233,-0.00206074773688132,5.726054483325656e-05,-0.0028379459369476945,-0.0016715521133520107,-0.003689661608079076,-0.002022092129981078,0.0,-9.238398016691988e-05,0.0,0.0,0.0,0.0,0.0,0.0,0.0,0.0,-0.00045763517035738143
2025-04-23,-0.00015057537066390757,-0.002953215471080243,-8.020010747408387e-05,-3.252262312085591e-05,-0.0008366222480191384,0.00015595510801912342,0.0008236419594006557,-0.0005022939637328761,0.0008613020320895903,0.0004531879662514292,-0.008352056844527151,-0.00010205832733322028,0.00014554345085667877,-0.0423278797307235,-0.003284341602861619,-0.004447103853018581,-0.0011345333852143188,-0.005104270290462171,-0.001737783591573715,0.0077927376006064406,-0.0005313105019571637,-0.0011814533485010187,-0.0035831720014475217,-0.00017646950142438558,-0.00018427214486802738,0.0002807500577659166,0.0005873211582875371,-1.644579331835864e-05,-0.0010288790552740261,-7.284684947322305e-05,0.0028839191507474297,-0.0010649782048868465,0.003612865857031847,-0.004908591497881946,-0.0004113277431752008,-0.0015828960333091346,0.0013978082771097682,-9.577419436047492e-06,4.458427833631601e-05,-3.4465197091667595e-05,0.00019914561440571247,0.002615432802569428,0.007345633738532068,0.0002512459952452535,-0.000396795843068013,-0.0010993161100825973,-0.0015266267694215656,-0.005184239733023861,-0.0004950367784145267,0.004444935038021647,0.0011106798857085088,-0.0007184329834696901,0.002204496795756914,-0.0003707878839709652,-0.00022587332808146404,-0.00037860142914871104,-0.0018033892283729732,-0.0020927458086689773,-0.0015169545769248935,-0.0004063377493164129,-0.0005365655068317031,0.0002305397977563165,-0.0005576089111349142,-0.00027432723349123014,0.0,0.00033644926215777715,4.756190005125098e-06,0.0005865973545960434,-0.0006126465691422837,0.0008293843672326116,-0.0008502731768278258,0.0010480265292596115,0.00030914551024377896,-0.002365431716884699,-0.0022815410300948183,-0.0004957432140284279,-0.001279807049892094,-0.0003964282397945276,0.0003241067067485507,0.0006429739696243226,-0.0015579418423124845,-0.001736118800035659,-0.0008918255761375731,-0.0007735288362474864,-0.00035963854633508163,0.0005792731269797527,0.0035217640985199345,-0.0019196479859518074,-4.959878687419652e-05,-0.00023552242729276467,-0.000833071308006302,-0.0026765234513499436,-0.007968609858362792,-0.003782215703269581,-9.985209306278731e-05,-0.0023773468225780697,-0.0013189260560189059,-0.002578082535623791,-0.0026462472757838806,0.0,-9.238398016691988e-05,0.0,0.0,0.0,0.0,0.0,0.0,0.0,0.0,-0.0005007409589220749
2025-04-30,8.112404571317742e-05,-0.0031886304177119705,-8.020010747408387e-05,0.00023400458082898745,-0.000658484164075427,-0.0004455530077463628,-0.001573718037375447,-0.0004693052305389603,0.0008909245269590653,0.0010847063817123665,-0.008189216057149345,0.001318697443807049,4.26730881436346e-05,-0.03011017015227007,0.003337800154203364,-0.004069950669430312,0.000609860301141853,-0.005518609492626191,0.0011547138010484456,0.03161052780645224,0.0007981177185639138,-0.0013979674130124365,-0.0041845653700397336,-4.943203636921651e-05,-0.00014214574767603086,0.0002922189387574271,0.0001396247395433461,-1.644579331835864e-05,-0.0007273754313343198,-1.3053172244513969e-05,0.0025937639866528113,-0.0016201003478284357,0.002416948406779884,-0.005563011732985589,-0.00012638385132500942,-0.002143680243445659,0.00197371133988316,0.0001105843679510347,8.232732391151133e-05,-3.4465197091667595e-05,0.0001878107553493556,0.0018511038833554688,0.007579578161235528,0.0002398613382474789,-0.000396795843068013,-0.0012793985468243956,-0.0016917651175104278,-0.006051488490082543,-0.001168118948954522,0.0032313895713927685,0.0011106798857085088,-0.0007490405598695511,0.002499595235624989,-0.000286201349905056,7.443200824040343e-05,-0.00036368128837724757,-0.0016109514027219732,-0.0015602566519691816,-0.0017433441399271176,-0.00014574327846874352,-0.0005254565462525596,-0.0005626522816218245,-0.00089599004927428,-0.0013986445881187378,0.0,-0.0005349839930582622,4.756190005125098e-06,0.0005865973545960434,-0.000297008861144477,0.0006507130057342983,-0.0007768402893663577,0.0004448704819735001,0.00030914551024377896,-0.002175043751738967,-0.00157046455326972,-0.0004957432140284279,-0.001279807049892094,0.0004184715047038204,-0.0002998513113979045,3.8498768047607376e-05,-0.0005443515828954954,-0.001736118800035659,-0.002268987572345023,-0.0003888621867503574,-0.0005492800396623198,-0.0015419394949666378,0.0015959865320528057,-0.0019285739069429399,3.440491408977045e-05,-0.0002181590548481615,-0.0010584630786958026,-0.001565689555047172,-0.006157243589141794,-0.003169234580430364,-9.985209306278731e-05,-0.0021819913521538455,-0.0013189260560189059,-0.0036969063208677575,-0.0007095689687201839,0.0,-8.714915791728575e-05,0.0,0.0,0.0,0.0,0.0,0.0,0.0,0.0,-0.0005007409589220749
2025-05-07,0.0002756148519858602,0.0062225789967845346,-0.00010013638593007108,-4.600634547626136e-05,0.000490616359436311,0.0007235033619243404,-0.001573718037375447,-0.0004714871934643601,0.001395115835926009,0.001464252660448487,-0.004867363695556335,0.0016712085092515877,4.26730881436346e-05,0.03220834148145233,0.009680390224273607,0.009290613440843167,0.007392911659976603,0.0006784099206544008,0.001099967363583288,0.033063906878193286,0.0007981177185639138,0.0005098277584851737,-0.001505362791200843,7.542625634821321e-05,-3.059970439101765e-05,0.00030869035908661756,0.00043444049625234826,2.8602343718494508e-05,-0.0004449282692919778,0.00040045941541599835,0.001967630135385155,-0.0019300062970005816,0.0028018717461990496,-0.004452493229031046,0.00023286340591904513,-0.002053309375675643,0.0026373491944962275,0.00045511478785459196,9.742641704026884e-05,-0.0004889102706983676,-3.207654576492532e-05,0.000556182026093181,0.004590994704307713,0.0005219964394601881,0.0013238378853680692,-7.172460484587955e-05,-0.0028193501153457,-0.009187673797461781,-0.0016191944385495357,0.0007316070493057356,0.0002914048686338468,0.00018829918157096045,0.003252386640208693,0.0016632445480751223,6.811563625689328e-05,0.0002712545705586925,-0.001027664210127931,-0.0016403277717958382,-0.0003182519150595072,-0.0003369250181580349,-0.0004227769050758988,-0.0003285581989904503,0.0001912343666093797,-0.001400085989140965,0.0,-0.0005349839930582622,0.0008891441855385724,4.808367043466828e-05,6.0358625408014026e-05,-0.00017566895245211596,-0.0009019268543461354,0.0007963887837994586,-0.0010783650186245522,-0.0018746572570438073,-0.0011968344344964344,-0.0005124406317565093,0.000537792867059559,-0.0003964282397945276,-0.0004577116248718425,0.00023165654001920753,-7.4961087072632e-07,0.00015967542026972957,-0.0018565041978697405,-0.000989567715852513,-0.0007160600118020448,-0.0015725384276723418,-0.0011172487083393186,-0.0019569123259218168,0.0007230785331379433,-0.00019730845941366774,-0.00040937112570611713,-0.001806140515039175,-0.003573833556033166,-0.002609857432174045,0.00017220094400491667,-0.0009679147354168713,-0.0016825110600117432,-0.0037173040442865877,0.00020135006348922518,0.0,-8.714915791728575e-05,0.0,0.0,0.0,0.0,0.0,0.0,0.0,0.0,-0.0005337075100500574
2025-05-14,7.935891348307088e-05,0.003249977866022967,-0.00016845021872445554,0.00011387221254370922,0.0004322129000574993,0.0007235033619243404,0.0006932953937774173,0.0008161421191411405,0.0015126121458836793,0.0015665861334665885,-0.006000846656713715,0.0027116247850318353,-0.0003754926267931708,0.032749180735115006,-0.0034315809120292586,-0.0017889328154087776,-0.0008393522345849873,0.0015292752191678742,-0.000317004425927786,0.03391059855027739,-0.0005745603454815064,0.0007948581587246493,-0.0010858211001992673,0.00011476560727110621,7.073659056001321e-05,0.0002813556970999385,0.00044180134328623816,6.29310905834755e-05,-0.00035151753464028016,0.0004615052914608288,0.0018914425802401004,-0.001474755174755689,0.0026752578148974368,-0.004952629127953541,-0.00013280218996916738,-0.002053309375675643,0.0025495751669307354,0.00013692710070528391,3.336641990103113e-05,-0.0004889102706983676,0.0007963509405109125,0.0005211048219547835,0.004276340114489201,0.0005638435537732292,0.0010766484816585715,3.181699129802294e-05,-0.0025579166973099476,-0.010356742558959584,-0.0009689321671555169,0.0007316070493057356,0.0002914048686338468,0.0003432096527576329,0.0024538633220112815,0.0011959064201985177,5.7980117879954086e-05,0.0002712545705586925,-0.0013649111530483107,-0.001347346563287776,-0.00026007462952293964,-0.0003369250181580349,-0.0004227769050758988,-0.00029472263370264535,-0.00026387865664511713,-0.001400085989140965,0.0,-0.0005349839930582622,0.0004908829297249835,-0.00011664656586877502,6.665275764159959e-05,-5.342933479525896e-05,-0.0006633089266060418,0.0005293999215145449,-0.0012821275792660972,-0.0020875522140882848,-0.0022535790935497677,0.0004638173374884086,0.000537792867059559,-0.0003964282397945276,-0.0003153591102237741,1.4293762944325115e-05,-0.0005992743422117329,0.00015967542026972957,-0.0018565041978697405,-0.0009374085102688811,-0.0005463092151794057,-0.00149974455410571,-0.0008026439174141984,-0.0016761019380106886,0.00013532635959746423,-0.00019730845941366774,-0.0005142516772323351,-0.0022738741521147613,-0.003924836368162107,-0.0021596827072964692,0.0003580843591214351,-0.0025920588363457535,-0.0016825110600117432,-0.003202013234896706,-0.003024089118312997,0.0,-9.238398016691988e-05,0.0,0.0,0.0,0.0,0.0,0.0,0.0,0.0,-0.0005337075100500574
2025-05-21,-7.335985149714982e-06,-0.002650029851461788,-0.0009732096459016298,9.151587526029162e-05,0.000299048996742655,0.0023895730673416955,0.0005194005575488479,0.0013372499499988502,0.0015126121458836793,0.0010658578434456546,-0.0054369657771292604,0.0013256580240067197,-0.0003754926267931708,-0.02222373205839691,-0.0025496512883053215,-0.003116966830668332,-0.0008955541976237078,0.0005727376798024165,-0.0019112954006516392,0.035234816494821325,-0.0005745603454815064,0.0006896293485038238,-0.0018000028198558254,0.00011476560727110621,-3.059970439101765e-05,-1.699729465890495e-05,0.0002462747582593999,-4.411356354509514e-06,-2.837377166966417e-05,0.00045568814284205935,-0.0014170011137548029,-0.002354033072654058,0.002416948406779884,-0.0017983278680318464,-0.0002944610758964328,-0.0015195065485257178,0.0017764885898432432,6.660194377400691e-05,6.879684467012154e-05,-0.0002472759206132886,0.001058730916060582,0.0004344375336172776,0.006614199826669922,0.0005491924548856992,0.000514373963087346,-0.00020933740299777494,-0.0012315492796249898,-0.010050228059976674,-0.0006841052030349939,0.0008751531879792222,0.0006676445967766629,0.0007939214121004178,0.0032516151503428395,2.454428577727923e-05,0.00018746884534004177,0.0005281384904439433,-0.0013649111530483107,-0.001529707582649122,-0.0020192931523491304,-0.00014574327846874352,-0.000524869821718583,-0.00029472263370264535,-0.00020956061303092392,-0.00027766747274712226,0.0,-0.0005349839930582622,0.0004908829297249835,-4.785473087069703e-05,-0.00020764884789801837,-0.00010676456994751556,-0.0009508727055497887,5.413684149399082e-05,0.00023780452827569824,-0.0019111766375113932,-0.0015844726522679976,0.0004638173374884086,0.00044623300760283517,-0.0004911220844538141,-0.00020265613139964098,-0.00022177202615209868,0.000364231389251288,-0.0006896452130004151,-0.0023991889024260657,-0.00046317437502060887,-0.0003370354963396926,-0.0018909535665353812,-0.001728125429993951,-0.002089046817806989,-0.0009590424150324864,-0.00019730845941366774,0.0005288903719474373,-0.002561811890274933,-0.004365411936373462,-0.0030592432634487204,0.00041276143969924163,-0.001622953462401,-0.001604882483457401,-0.0032146957053924372,-0.0027172176896637385,0.0,-9.238398016691988e-05,0.0,0.0,0.0,0.0,0.0,0.0,0.0,0.0,-0.0003846088677188543
2025-05-28,0.00015525009561268924,0.0004556287960255889,-0.0034030330087304133,0.00011387221254370922,0.000519136456631174,0.002151883291856064,-0.0019434999566609334,-0.0004186225898714079,0.0015126121458836793,0.001024032640997478,-0.005462122657200631,0.002592991094092623,0.00014554345085667877,-0.013108704566904454,-0.003528105984506346,-0.0031000218911039555,-0.0007355871915719913,0.0007078445579983298,0.0006961280053638904,0.034545567838319705,0.0005374162696113851,0.0005305300554270296,-0.002945762879632805,-0.00017646950142438558,-3.059970439101765e-05,0.0002766529111157957,0.00023192155811426667,-4.411356354509514e-06,-0.0001458675623024383,0.0004081857448582519,-0.000732469638736938,-0.002098937165877024,0.002416948406779884,-0.002075255250952687,-1.1276290758354491e-05,-0.00025477598511660943,0.0018360614907853424,0.00013317155769345263,6.257377237954028e-05,-0.0002472759206132886,0.0010706721622854843,-9.826735116690404e-06,0.007088067942717866,0.0006494856909251819,0.000514373963087346,-0.0006294459788855943,-0.0018714980001016148,-0.009947784545217084,-0.0006841052030349939,0.001232161944472124,0.0006676445967766629,0.0007770213840092061,0.002886743893742445,0.00014201522957421148,0.00018746884534004177,0.0002712545705586925,-0.0013649111530483107,-0.001166715685098813,-0.0013003205520502467,-0.00039525223761599374,-0.000524869821718583,9.515503669380246e-05,-0.00035830827400710807,-0.001002845358500922,0.0,9.04486794915583e-05,-4.2849317282060565e-05,0.00019806257188723645,0.00037337814180824554,-0.0004600360549901651,-0.001161725509876248,5.413684149399082e-05,-0.0006025371618210135,-0.0017329442441273316,-0.0011036305739339043,0.0004638173374884086,0.00044623300760283517,0.00037056548993949533,0.0003241067067485507,-0.0002838395826727909,-0.0012000062160611408,-0.0007370158526075565,-0.0025317897319884495,0.0008032786071093497,-0.0001368903960622574,0.0016997304880486685,-0.0014926729283902267,-0.002369857205718117,-0.0008580919620688511,-0.00019730845941366774,0.0005595140982289475,-0.0035370942522815023,-0.0046636042650710285,-0.0024411048388238237,0.0003580843591214351,-0.0023775592407777185,-0.001236956146389214,-0.0036908735680119945,-0.002783162337635151,0.0,-8.714915791728575e-05,0.0,0.0,0.0,0.0,0.0,0.0,0.0,0.0,-0.0003846088677188543
2025-06-04,-7.840883392423454e-07,0.0027205587325208743,0.00022817923331209074,0.00015317852664515524,0.0009030135166526312,0.000927499300270581,-0.001573718037375447,0.0006005815892502198,-0.00032202944620302867,0.0002632099302449366,-0.005983253625608718,0.0023507018839499863,4.26730881436346e-05,0.034005788162546124,0.006426210912304774,-0.001300201389985306,0.002485405858214684,0.00407058283523456,0.0015303554705304485,0.03403625803817725,0.0007981177185639138,6.934626525691007e-05,-0.0027432430321884067,7.542625634821321e-05,7.073659056001321e-05,-2.186436083365912e-05,-0.00013030345719747185,8.20347267973912e-05,-0.0001799678397012862,0.0006438305190744748,-0.00037358657675474013,-0.0020148358752287796,0.002181970008779356,-0.0009357944853333863,0.00041668516436207416,0.0008658783815753594,0.0022965571478683377,-0.0003279099866652282,-3.7363842143575443e-05,-0.000267404272063671,-0.0010668472611818271,-0.0004932986789334458,0.005592783785449799,0.0005111056353604939,3.6170386676700534e-05,-0.0003889950320278808,-0.002526473668647603,-0.0033299956927755293,-0.0018903679466881127,-0.00041973228087444824,0.0008600929013295786,8.843419994425744e-05,-0.005083881906236767,0.002269224666168712,0.00037885219228245477,0.00043737182137075145,-0.0001595167850866307,-0.0011260630926828439,-0.001117792983725259,-0.0005371260604044071,-0.00042336362960987536,-0.000245304081440611,-0.000658986723097056,-0.001711479312052822,0.0,0.0004812376117884018,0.0008586979922350557,0.0006401658879799492,0.001199172806809693,0.0003411806596893587,-0.0006010485368499561,0.0005351662419359091,-0.0002025830990048857,0.014616781532526041,-0.0023925922516515393,0.0004638173374884086,0.0008483355683081567,0.00037056548993949533,-0.0001982349590379284,-0.0008876806017887568,-0.0009187963132285574,-0.00041521674540359767,-0.001964218853755406,-0.0005289886964481744,-0.0004205596648072356,0.002544146406370577,-0.0018073438989300134,-0.001996881855928876,-0.0008188150014920272,1.3007962319218235e-05,-0.0002727213972880999,-0.0021785173681224362,-0.0054875841063179755,0.0006311781800674618,-0.00012340342008069436,-0.0023421092221126458,-0.0013401805996249344,-0.0031211311451308397,-0.0039056222922590326,0.0,-8.714915791728575e-05,0.0,0.0,0.0,0.0,0.0,0.0,0.0,0.0,-0.00039239104031270225
2025-06-11,-7.335985149714982e-06,0.0007476558319814012,0.00030800992343914263,0.0004108634182056532,0.0005775985709846743,0.0003048897643478019,0.0005648610038591046,-0.0004889916815534793,0.0007707200470511153,0.0006189266227640441,-0.006429503223709925,0.001702238529971755,-0.0003754926267931708,0.03433281008655078,-0.0028748691430015134,-0.0032632302461344928,-0.0005503618318253073,0.004078360001188332,-0.002086423001819144,0.03346533346540096,-0.0005745603454815064,-0.00039226764484146936,-0.0017802927892032572,0.00011476560727110621,-3.059970439101765e-05,-1.699729465890495e-05,0.0002021674242050322,2.3025280612688275e-05,-2.837377166966417e-05,0.00044170021866427235,-0.00010826393610197673,-0.0024623145601941634,0.0023463862476386043,-0.0018583699562238567,0.0005243145146245606,0.001795119613172972,0.002271154129480778,-0.0003504971764076461,-1.9334173744850404e-06,-0.0005690835475137891,-0.001077565451550311,-0.0007733537099308752,0.005757361209659881,0.0005943088361871547,0.0002235133466670585,-0.0006835571507774452,-0.0020400017465280734,-0.0035173938058653395,-0.0011321205206809863,-0.00041973228087444824,-0.0004809450757927181,0.0010019557968379848,-0.00462477514610192,0.0008229077445245347,0.00038898771065939405,0.00043737182137075145,0.0004346274035065128,0.0012741111496820574,-0.001060441729760171,-0.0003369250181580349,-0.00042336362960987536,-0.000245304081440611,-0.0006329618189837348,-0.00047627767651038037,0.0,-0.0002938782340769796,-4.347474800657492e-05,-0.00012881739239954904,0.0009484480926728251,0.0005153910902029019,-0.00036243060910986244,0.0006908720842147401,-0.0002025830990048857,0.013464743755993885,-0.00355386768077429,0.0004638173374884086,0.0006993315844474131,0.00037056548993949533,-4.019892295509505e-05,-0.0011400131433923016,-0.0007149271327036627,-0.00041521674540359767,-0.0021073209888062545,-0.0013504812010260644,-0.0005888029618793937,0.0007588346315643778,-0.0017618630160957422,-0.0020130526188008395,-0.00081236257644388,1.3007962319218235e-05,0.001496208908423808,-0.0023390194430910334,-0.005380311654872188,0.0009260289733436108,-6.872633950288787e-05,-0.0014187534718002252,-0.0013401805996249344,-0.0029762034041946822,-0.0001026066627499632,0.0,-9.238398016691988e-05,0.0,0.0,0.0,0.0,0.0,0.0,0.0,0.0,-0.00039239104031270225
2025-06-18,-7.335985149714982e-06,-0.00466769577402194,0.0004060116756129916,0.00020407611045522426,0.00033081711310053346,0.0006002655640750609,0.0005648610038591046,-0.00011832613552981597,0.0011759385166055078,-0.00047294516842685786,-0.0058866878496539625,0.0017024396751904687,0.00014554345085667877,-0.04283240563119047,-0.002837018166254941,-0.0053143021057340265,-0.0008376846550842004,0.0007684976368113727,-0.0018686982961443272,0.0369736739590423,-0.0005313105019571637,7.401166811846552e-05,-0.001774093904951919,-0.00017646950142438558,-0.00014214574767603086,-1.699729465890495e-05,0.0004039358006014071,-1.644579331835864e-05,-0.0006602660656831909,0.0004344021341360289,0.0003598458913254223,-0.0027167784974540133,0.003612865857031847,-0.0021741470873613594,0.00028541728204799807,0.001795119613172972,0.001275233416887429,9.240450245803612e-06,-2.337693807890942e-06,-2.5769921978592e-05,-0.0008704275985266551,0.0005597607635267558,0.006526122923577985,0.0005672339176957129,-0.0002468734741907438,-0.000602277906247398,-0.0010867660794996162,-0.002849610699587466,-0.0011321205206809863,-0.001383985605653622,2.291793083685832e-05,0.0011661268439443855,-0.0042256116299611195,0.0004800819288260537,0.000284892224889278,0.0006970887140324935,0.00043574703057738676,0.0023133128154807564,-0.0007404125588568517,-0.0006558467084636631,-0.0005254565462525596,-0.000245304081440611,-0.005442072485282876,-0.00026523691946468236,0.0,-0.0002938782340769796,-4.347474800657492e-05,-0.0002898152303122789,-0.00024835661861557926,8.60404196128211e-05,-0.0008502731768278258,3.0420062366101023e-05,0.000449583818254753,0.012777740068041893,-0.002723227093851085,0.0006129598292229727,6.580427226247042e-05,0.00037056548993949533,-0.0004539737597860909,-0.0011782864303031284,-0.0007699029644563566,-0.0004905027238234897,-0.002478213405140644,0.0030415693664411873,-0.0010460846949806308,0.0004658150463301383,0.0018694473322058373,-0.0019153652518583092,-0.0014598751419763157,1.3007962319218235e-05,0.002212603421604191,-0.0026219556938671096,-0.005539695047477905,0.001754901734626639,-0.00015226769227431219,0.0016969817691733604,-0.0008184967477005553,-0.0021150257470672427,-0.000420652315910984,0.0,-9.238398016691988e-05,0.0,0.0,0.0,0.0,0.0,0.0,0.0,0.0,-0.0003846088677188543
2025-06-25,-7.840883392423454e-07,0.0009547971096751685,0.000254842590863275,0.00018579788449097663,0.0006518759903650588,-1.080786321795818e-05,-0.0017013626173831267,-0.0008358528670842942,-0.0014650402206203676,0.0008052113549056162,-0.006196004580428686,0.0017895118991767716,4.26730881436346e-05,0.022079536182861712,0.00651095897180928,-0.0037610987430141203,0.002484982544995639,0.00353804963895801,0.0015279980081411618,0.036447133845729694,0.0007981177185639138,-0.00013736488260439054,-0.002654215793977476,-4.943203636921651e-05,-0.00014214574767603086,-7.92444359537116e-06,0.00021459046227980012,-1.644579331835864e-05,-0.0001799678397012862,0.0003856836507978229,-0.00482285156396456,-0.002876628154214167,0.001362770832036077,-0.003472053219809089,0.0034020961788510744,0.0005561617013719209,0.00048576972205240256,-0.00015315935443632116,-8.560766098472203e-06,-0.0005690835475137891,-0.0009270111723664889,2.5505560457639642e-05,0.00599708941545614,0.0005524617218741136,0.00016835783441369095,-0.0006863227110913582,-0.002429350932201339,-0.0035238708043472374,-0.0013855645327394805,-0.00041973228087444824,0.00015338927726677435,0.0010007306465338644,-0.005789072075750891,0.0013055585938774267,0.0004814331187963644,0.00043737182137075145,0.00043574703057738676,0.002261101195595346,-0.0011160303684216108,-0.0005371260604044071,-0.0010183331158111451,-4.977927114079147e-05,-0.004213028369810391,-0.0006534466989559446,0.0,-0.0003390102078187575,0.0010003125397189086,-0.0006506181978651042,0.00042902298246116465,0.00015828537564397072,-0.0004015909637079437,-4.7569043927510356e-05,-0.0004408424262845841,0.01300162060005982,-0.0017321154021094673,0.0004638173374884086,0.0005755360263398628,0.00037056548993949533,-0.0001982349590379284,-0.0004583966793264485,-0.003319431004523196,-0.000440244374369256,-0.00047960175281747694,0.0025664953809620542,0.0016860583767839788,0.0024768950157112923,0.0006954031085631101,-0.0014032849011375954,-0.0014637945735820144,1.3007962319218235e-05,0.0011581861087761553,-0.002530091682420054,-0.005533540988193419,0.0010884846295405035,-0.00015658078316361794,-0.0012580133629136578,-0.0013401805996249344,-0.0036110230917245608,-0.0005641148860214825,0.0,-8.714915791728575e-05,0.0,0.0,0.0,0.0,0.0,0.0,0.0,0.0,-0.00039239104031270225
2025-07-02,0.0011221825728645167,0.0027140594485742624,1.1296293553425364e-05,0.0004315347213916186,0.0006435119026313729,-0.000263076023817909,0.0010095612204009449,-0.001529560590878712,-0.0011679444132431075,-3.712073892016288e-05,-0.007567591750334051,0.0015262816009824433,-0.0007913171375500102,0.03699983726547188,0.0023190569593873616,-0.0015768719693468383,0.001276804779777682,0.003578763167222707,0.0016473787823285437,0.03417869183505037,-0.0005760834621295746,0.0003385080039419758,0.0012066888056079014,0.00023453739374354983,0.00017724822000385766,0.0002491752148762992,0.0003271453407013665,2.3025280612688275e-05,-0.0003776298647318566,0.0006057739256928099,-0.0052475019926364035,-0.0010366992296482848,0.0017096089199064722,-0.0036454654361241672,0.003402379834984856,0.0005561617013719209,0.0020860572531938974,0.00018381529696093969,0.0003031490381531215,-0.0004889102706983676,0.0013801235154603203,-0.002951669819447022,0.006060443443680382,0.0005500810314062827,8.359064273209054e-05,-0.0002107445478046428,-0.002503186999595728,-0.005594393054622846,7.458886960451287e-05,-0.0016627070254932584,0.0006026295780394264,0.0001421909461661279,-0.003275065556800898,-0.0009480032454578089,0.0015566541572680306,-6.726433894091117e-05,-0.0007707669644551672,0.0025745465510507996,0.0012371531661735167,-0.0003369250181580349,-0.0010723783468529668,-8.211344747389117e-05,-0.003590344054306186,-0.0017151260896947128,0.0,0.0003974662034692375,0.0001286012607614143,0.0014498875890367406,0.00022312350808441047,-0.0001772219491823134,-0.0006394179073523123,4.830994625289195e-05,7.64272860430184e-05,-0.0026629492590095395,-0.001623961206677871,-4.6611020682918816e-05,-2.5971217302405466e-05,0.00037056548993949533,0.0004856605231855827,7.677205495843403e-05,-0.002954508621783621,-0.00041521674540359767,-0.0006276597923315482,-0.0005894099233583592,-0.0009982394087817623,0.0020999659593805967,-0.0014332341235728943,-0.0005573077330925202,-0.0016918123040902911,-0.00019730845941366774,0.001986279395619272,0.0032106237980473133,-0.0029135438416811794,-0.0010792335795060557,0.00020709362636402932,-0.001791767174367032,-0.000814423040765042,-0.003474859901523413,-0.0030407790032307854,0.0,-9.238398016691988e-05,0.0,0.0,0.0,0.0,0.0,0.0,0.0,0.0,-0.0004502042550107617
2025-07-09,-1.3908839480186262e-05,0.002156055874345037,7.961012634780985e-05,0.00025159788478995115,0.0006435119026313729,-0.0002686615947925399,0.0007732579083887086,0.001282072685739549,-0.0012230731266108929,0.0001515631617828775,-0.007567591750334051,0.0022904992352684493,0.00024725176300055063,0.0359208384152298,-0.003570105446562572,-0.0015938169089112144,-0.00024334085207818263,0.0032683493553628956,-0.00046461259753780053,0.0338037114670061,-0.00034784654204467224,4.2200647821184957e-05,0.001928226807131636,-7.31425039762877e-05,0.00017724822000385766,-0.0005933554155577599,0.00036265689694021486,2.3025280612688275e-05,-0.0005017318539035209,0.0006174747770562696,-0.004518407816264184,-0.0008931990395183141,0.0019870032552997993,-0.0036382214989461215,0.003402379834984856,0.0005441665211863855,0.000954213998759727,0.00015670992767948747,0.0003031490381531215,-0.0004889102706983676,0.0009946468980431308,-0.003253960115946016,0.005663743228145175,0.0005811022277370347,-8.365869867432055e-05,-5.4779475989103464e-05,-0.0026436690285991833,-0.0055123179005430595,4.16615470351733e-05,-0.0016627070254932584,0.0005589313232592919,2.429007761470935e-05,-0.0011027365658927133,-0.0008140078440134919,0.0015369411020456415,-6.726433894091117e-05,-0.0007707669644551672,0.0026422044736600044,0.0013755192346297015,-0.00011840455933658517,-0.0007861545791745752,-8.211344747389117e-05,-0.004508520894844302,-0.003460351475025797,0.0,0.0003974662034692375,0.0001987319398444565,0.0006453330002529202,0.0008591926605408814,0.00011405538275513502,-0.0018794669151733713,0.00035409588629550565,7.64272860430184e-05,-0.002626750782953972,-0.0030150781350647615,-4.6611020682918816e-05,-0.00015414762281265278,-0.0004911220844538141,0.0006436965592684161,-2.8289049226605295e-05,-0.0020346980357462867,-0.00041521674540359767,-0.0017766738193172465,-0.0006527092941447933,-0.0007969112934330532,-0.0015669156858086825,-0.0014656573100001228,-0.0005500849823316506,-0.0017428227029237695,-0.00019730845941366774,0.001986279395619272,0.002269417252373814,-0.003145917530776141,-0.0005307066258287974,0.00015241654578622286,-0.001767862347302589,-0.000814423040765042,-0.0023340574511110266,0.001617043011443903,0.0,-9.238398016691988e-05,0.0,0.0,0.0,0.0,0.0,0.0,0.0,0.0,-0.0004502042550107617
2025-07-16,0.0001526776692637348,0.0009286443519762508,-0.000797622044179094,0.0004315347213916186,0.0006435119026313729,-0.0002686615947925399,-0.0009601076527153986,0.0004502651151446317,0.00044845273485619955,0.0001515631617828775,-0.007067039925028238,0.0014945502662162752,-0.0007913171375500102,0.03525742621821063,0.002545673956855651,0.0001322730162061312,0.0003669884660100477,0.0034864781982266464,0.0013533104518197669,0.03508454320293782,0.0004347358805003318,0.0003178057070001198,0.0016310630575162573,7.542625634821321e-05,-9.896530840613638e-05,-0.0005933554155577599,0.00024514444259787657,2.3025280612688275e-05,-0.0005017318539035209,0.0006274680870900339,-0.004651892291245444,-0.0016770792605797927,0.0017191663091329257,-0.0030033785905532965,0.004235665313472981,0.0014700167927295129,0.0010852723702928651,-0.00012978354735273666,0.0002460135093159091,-0.0004889102706983676,0.0008395608751219987,-0.003455483575009908,0.0060968564190262775,0.0005895154807409187,-8.365869867432055e-05,-0.000681187784800603,-0.003357660902858899,-0.005789635779757378,0.0003594158337250358,-0.0016627070254932584,0.0005589313232592919,0.0004282901933813192,-0.005977093608825236,-0.0008140078440134919,0.0014213496553374734,-6.726433894091117e-05,-0.0007707669644551672,0.0032310005797921816,0.0018181072485863488,-0.00011840455933658517,-0.0010183331158111451,-8.211344747389117e-05,-0.004590799232830915,-0.002225149839483355,0.0,6.838411379542393e-05,0.00011456255154463728,0.0014544116042679806,-0.0005530124894662375,-0.00034228123142269063,-7.61608396117451e-05,0.0004552887253271669,7.64272860430184e-05,-0.002539418362618195,-0.0024048614320143135,-4.6611020682918816e-05,-0.00015414762281265278,0.00037056548993949533,-0.0002661715388722862,7.677205495843403e-05,0.0008740392532471488,-0.00041521674540359767,-0.003291823773200239,4.2046503102628416e-05,-0.001183177073152907,-0.001324831011378839,-0.0016105855990401407,-0.0014780341278015142,-0.0017093936047093692,-0.00019730845941366774,0.002627294955040503,0.002198825638816088,-0.003274247408587256,-0.0010508611237902378,0.0002537073078884416,-0.0025280817879145337,-0.001236956146389214,-0.0029423994705295806,-0.002683852238154164,0.0,-8.714915791728575e-05,0.0,0.0,0.0,0.0,0.0,0.0,0.0,0.0,-0.0004502042550107617
2025-07-23,-1.3908839480186262e-05,0.002156055874345037,0.00010929804572727434,0.0006010059383717539,-0.00015462267337526634,-0.0006634674305562123,0.0007732579083887086,0.0006762284876899274,0.0007860035056789597,0.00041128861957030917,-0.006708920956848838,0.002272733307160721,0.00024725176300055063,0.010780719642113197,-0.004324990122810928,-0.002512044570778494,-0.0007857994186414476,0.003370461090569473,-0.00048129413510449,0.036693172128722286,-0.00034784654204467224,4.2200647821184957e-05,0.0020896609077375424,-0.00017646950142438558,0.00017724822000385766,-0.0005933554155577599,0.0004036465330590509,-1.644579331835864e-05,-0.0005017318539035209,0.0006274680870900339,-0.005783729268341224,-0.0012545175505020202,0.001339855504038652,-0.005214812527810465,0.0036564563117379807,0.0016742983951373125,-0.01048382596816314,0.0007565187479508502,0.0003031490381531215,-0.0004889102706983676,0.0007051997406058967,-0.0041224796548173775,0.006001750828576608,0.0006199137482470443,3.0072121476256008e-05,-1.9924814616985813e-05,-0.0026436690285991833,-0.0054389588278724406,5.595532681550539e-05,-0.0016627070254932584,0.0001471959490729051,-0.0003954055044181114,-0.0008461090959151019,-0.000819205085398235,0.00177417094171199,3.5423120134589887e-06,-0.0007707669644551672,0.0036000707258431047,0.0033652799718885207,0.00025132155900550545,-0.0013863289655993516,0.00045078277781888156,-0.0033955795392632336,-0.0038971703253803747,0.0,0.00013543299007629832,6.490240108434953e-05,0.00018774109001476932,-0.0004193189262688692,0.0003878205427429791,-0.0009150808576837378,0.000695351697355871,7.64272860430184e-05,-0.0019157473739051674,-0.0037668442507778266,-4.6611020682918816e-05,-0.00014976677540995572,0.00037056548993949533,-0.00091408003089057,0.00013499559183651757,6.187119352142828e-05,-0.00041521674540359767,-0.001977173208288255,0.0013460339131830105,0.00017730729365693208,-0.0018125359565973576,-0.0016986145984321068,-0.0015414334076344143,-0.001603910453348224,-0.00019730845941366774,0.002351966456423775,0.002748979186502731,-0.003345309173381357,-0.0005120870846742689,0.00019903022731063513,-0.0023650523651961653,-0.000814423040765042,-0.0023340574511110266,-0.0027079422901213567,0.0,-9.238398016691988e-05,0.0,0.0,0.0,0.0,0.0,0.0,0.0,0.0,-0.0008081644860029541
2025-07-30,4.793490162205129e-05,0.002435446608600883,7.961012634780985e-05,0.001431465391522429,0.0006435119026313729,-0.000275946643862388,-0.0013480425826077245,0.0012260001581818232,0.0007860035056789597,0.0007817861058336971,-0.005380456727854063,0.002243151220080443,0.00024725176300055063,0.022661481737644016,0.0024306634256040893,0.006632123331057534,0.0023024444329856853,0.004599651308009902,0.001561747938576001,0.03396121338417655,0.0004965770483044579,0.0003178057070001198,0.0043883512270205625,-4.943203636921651e-05,0.00017724822000385766,5.2809941209961215e-06,-0.0002775880456663212,-1.644579331835864e-05,0.0008721239371088575,0.0006170992493353109,-0.005075784027646287,-0.001293621625799002,0.0013785091301039337,-0.003770646104836079,0.003547503762136973,0.0016742983951373125,-0.009471946835617409,-0.00013033515657585138,0.00023241877610851493,-0.000267404272063671,0.00028126143445982466,-0.0034790626130371547,0.006709355782437327,0.0005895154807409187,-1.1111266207976963e-05,-0.000267889308220662,-0.0027351975399918403,-0.004117913898327348,-5.629353374621763e-05,-0.0016627070254932584,0.0001471959490729051,-0.0005627986994060861,-0.0021513482469311626,-0.0015971983978950244,0.0017544578864896008,0.0001153463994296299,-0.00014904588590435475,0.003425958820835501,0.0018590959739689453,-0.00011840455933658517,0.0019266600916659376,-0.0003109298462430445,-0.002501101062199792,-0.003846669407249379,0.0,0.00045917304609226743,-3.874506390687981e-05,8.044813817099712e-05,-0.0004913207946245092,0.00041574460961104427,-0.0008416479702222697,0.0006082548266049143,-8.498552000812067e-05,0.015250905758040143,-0.002156224230346229,-0.0008737264981932726,-0.00014976677540995572,0.00037056548993949533,0.00012561187958578846,-0.0002879938479013802,5.970785427241343e-05,0.00032389747129924065,-0.0022802999404289573,-0.00035268534059487033,-0.0007969112934330532,-0.0011726902677628573,-0.0007053984362500021,-0.0020552030195260004,-0.001062431436466347,-3.346593763116611e-06,0.0022719478835254605,-0.0006510432349258485,-0.002325179164434296,-0.00029284231793491117,0.00022178054113669685,0.0026917098733961744,-0.0013401805996249344,-0.0023658937485255293,0.0007817545783664329,0.0,-8.714915791728575e-05,0.0,0.0,0.0,0.0,0.0,0.0,0.0,0.0,-0.0008081644860029541
2025-08-06,0.0011221825728645167,0.002686401985430081,-0.0037063168756375844,0.00018579788449097663,0.0004897667535449136,-0.00011821612211345878,0.0008587629651861953,0.0011603413797938342,0.0005709681185257381,0.0009353370867578686,-0.004979884492579393,0.0019974512563955956,8.432688648580332e-05,0.03627954896891619,0.0060225133400488755,0.016935263957280136,0.0013750745495079244,0.005121239000763338,0.0009544555201960879,0.03398783594493252,0.0005845819219508378,0.0002164275146933658,0.001544566631693678,7.542625634821321e-05,7.073659056001321e-05,0.0002905928283540837,0.00036598937565318515,2.3025280612688275e-05,-0.00028530478176694166,0.0005923397863951517,-0.0024581635625928744,-0.001886941795740001,0.0015097002630297175,-0.005873432736021495,0.0034337952648173823,0.0016623032149517768,-0.008239174798247258,-0.00010024637966307102,-3.7363842143575443e-05,0.00034281287050246694,-0.0010252706061012109,-0.006809748595952837,0.008226155617842578,0.00043281689043594236,4.404424604539059e-05,-0.00023451570667964007,-0.0027638758729399103,-0.003417397537908452,1.105282640934438e-05,0.00012627789610578747,-0.0010457039939077211,-0.00026783854958960175,-0.006080786832930462,-0.002722528978283039,-0.0008476303611795651,0.00015373403251911616,-0.00022906328995451537,0.0012229355238536827,0.002527825320409487,0.0013104150666075134,0.0012884963938161276,-0.0003109298462430445,-0.003108242663034449,-0.003570702542468135,0.0,-0.00048591547625214743,0.0006376224081073188,-0.0011164867716084792,-0.0007536946725933509,-0.000171985076692715,-0.0003969281663794914,0.0006829054731860624,-8.497920630214086e-05,0.014811200487383634,0.0025376372976421524,-0.0010228689899278367,-0.0005669515993378782,-0.0004911220844538141,-7.019936336512104e-05,-0.0004830929769268977,-0.000999816404693401,-0.000440244374369256,-0.0022802999404289573,0.0013568825888230778,-0.001537908748093727,0.002470361004854454,-0.0016620758239544464,-0.00204686578809898,-0.0010134969963049403,-3.346593763116611e-06,0.0014185828767875293,-0.0005470618307050095,-0.002130278339604624,-0.0016103999517802568,0.00022178054113669685,-0.0021876112791265703,-0.0013401805996249344,-0.0030633771530581967,0.0014553316971292617,0.0,-8.714915791728575e-05,0.0,0.0,0.0,0.0,0.0,0.0,0.0,0.0,-0.0004688640818895124
2025-08-13,-0.00010060373811297212,0.001284298922237154,3.7395888757939e-05,0.0002426590725281117,0.0007216438322260188,0.00042194399912659595,0.0006448235184703959,-0.0014278672942953004,0.00019843892728217097,0.0015583796463348345,-0.005263502463217543,0.002015138167930467,-0.0007913171375500102,0.03711200420023369,-0.003191196022769937,0.011614983303121372,-0.0004360821624248662,0.004882187047995133,-0.0015713461010098866,0.035216299387975436,-0.0004096877098487984,0.00019736905820749427,0.002765738594062939,0.00011476560727110621,-3.059970439101765e-05,-3.0573774206169877e-06,0.00032763155351274345,2.3025280612688275e-05,-9.795545621080423e-05,0.0006161427634475329,-0.003105483416891071,-0.0022763078415349433,0.0019064370853340664,-0.006144936482116609,0.0034337952648173823,0.0016742983951373125,-0.008828202114523048,-7.76591899206531e-05,-1.9334173744850404e-06,0.00034281287050246694,-0.0010479300426945969,-0.003955105541287524,0.00828770717811375,0.0006199137482470443,3.234184890614199e-05,-0.00032811858554402485,-0.003042488918688795,-0.0033113162828975655,-6.063329675489301e-05,0.000307208253034627,-0.0010457039939077211,5.5129800287465413e-08,-0.005314521204446882,-0.0020885597954891045,-0.0006806572321229235,0.00015373403251911616,-0.00014904588590435475,0.0032062328607542477,0.00261438494891411,0.0030915971917045626,0.0019266600916659376,-0.0003109298462430445,-0.0033167287543189178,-0.00388648888360691,0.0,0.00024660678007426746,-2.108309922918161e-05,-1.0961770339973945e-05,-0.00047918207448605874,0.0003835471140201669,0.0001799433882390239,0.0007172178170550355,-0.00011750377457178235,0.014565418253909525,0.00284921405686577,-0.0010228689899278367,-0.00043818414364105174,0.00037056548993949533,-0.0004993540492522542,0.0006494327685727546,-0.003255804769105435,-0.00041521674540359767,-0.0023123829857441235,-0.00021588343906403225,-0.0002089584860629217,-0.0011554293551714724,-0.0016170869234320697,-0.00236934765616543,-0.0010748084716629162,-3.346593763116611e-06,0.0013981390687343375,-0.001011730779150533,-0.0022381548201559965,-0.0013672755211543445,0.00022178054113669685,-0.0024255623914086633,-0.0013401805996249344,-0.0022277293067122683,-0.0012724471691723032,0.0,-9.238398016691988e-05,0.0,0.0,0.0,0.0,0.0,0.0,0.0,0.0,-0.0004688640818895124
2025-08-20,-0.00010060373811297212,-0.004028063020445081,1.1296293553425364e-05,0.0002467139810136177,0.00038171965522495457,3.670347489045627e-05,0.0007732579083887086,-0.0013397323995368328,-0.0013829798003963292,0.0021707557718879072,-0.005305568081822331,0.002046808598832945,0.00024725176300055063,-0.006629213419465131,-0.0034603437896568506,0.006178186684858026,-0.0004012746045448233,0.0042334623779835745,0.00032888553656602653,0.03316834871568223,-0.00034784654204467224,0.0005475839811777787,0.003069475113288913,0.00011476560727110621,-3.395849293109348e-05,-3.0573774206169877e-06,-0.0008328129002798822,-1.644579331835864e-05,-9.795545621080423e-05,0.0005598931683731177,-0.0045205840596435455,-0.00010167209073853437,0.0021157081684742094,-0.00505723947879301,0.0031752282676500987,0.0005441665211863855,0.0017473500434870462,-0.00019324794270992555,-1.9334173744850404e-06,0.00034281287050246694,-0.0008589289668290279,-0.005238161436771963,0.007824220675332907,0.0005888405679138414,-0.0003882158955083869,-3.598544709526634e-05,-0.002390507009019576,-0.0034446565046488816,-6.063329675489301e-05,-0.00013745875492086331,-0.0009512990926636752,-0.0007144085150795163,-0.0034432619583069485,-0.0022109694354008813,-2.8036157214170495e-05,0.0006834465330092616,-0.00014904588590435475,0.002837162714703324,0.000986587308926839,0.0027218710733624718,0.002867712990401464,0.00026711302088777244,-0.004748707715015872,-0.003804946508114529,0.0,0.0003049987372477934,0.0005964670723543038,5.664403770249337e-07,-0.0014741517187258153,0.0002737417461249536,-9.848312123078889e-05,0.00017875168702449748,-0.0007474351457142541,0.015857882056084734,0.0013745242116050837,-0.0010228689899278367,-0.001073571686343954,-0.0004911220844538141,-0.00091312888608325,-0.0004983710098847334,-0.0028992482661792645,-0.0007518697714183371,-0.002688915957496774,-0.0005909590936741031,-0.0007969112934330532,-0.0015712444716911651,-0.0016841413720260832,-0.00236934765616543,-0.0011640476541324048,3.0215974381923623e-06,0.001642643736609749,-0.0012192634297120027,-0.0025999750281029397,-0.0014723312009902222,0.0003138619680850192,-0.002194275428367999,-0.0008184967477005553,-0.0023340574511110266,-0.0015480030691477735,0.0,-9.238398016691988e-05,0.0,0.0,0.0,0.0,0.0,0.0,0.0,0.0,-0.00044712756138690605
2025-08-27,-7.194503143959933e-05,-0.004215577590055012,7.961012634780985e-05,0.0002467139810136177,-0.0004170201732292799,3.670347489045627e-05,-0.0012583340289937424,-0.0016157924111006054,0.00028854606107076345,0.001351317584167223,-0.004706255609759486,0.0016760718184966944,0.00024725176300055063,-0.011694134422193069,-0.004262684469165946,0.005205453848327032,-0.000626940299584618,0.004466127589121101,0.00021484566662910776,0.03338926102730517,-0.0005564618082663092,0.0005475839811777787,0.002211936100194457,-0.00017646950142438558,7.073659056001321e-05,-7.92444359537116e-06,0.00032763155351274345,-1.644579331835864e-05,-0.0003842073697235287,0.0005843316789821477,-0.0045205840596435455,-0.0001896954409871507,0.0016871777042666298,-0.005361055151182976,0.004008513746138223,0.0014700167927295129,0.0017536985951593467,-0.00021583513245234347,-3.7363842143575443e-05,0.00034281287050246694,-0.0008938726623886905,-0.005321986421223943,0.007871059431385318,0.0005737970311788041,-0.0003882158955083869,-1.1307857231486918e-06,-0.002390507009019576,-0.003330262988766787,-7.492707653522512e-05,-0.0003110698250998515,-0.0009512990926636752,-0.0008443747560526084,-0.0036221263862132457,-0.0022109694354008813,-7.759778603588792e-05,0.0006834465330092616,-0.00014904588590435475,0.002837162714703324,0.000902098868105326,0.0027218710733624718,0.0019947702064060484,0.00017394357624044205,-0.005660715417422081,-0.0028280886834503964,0.0,0.00022491936672943699,6.670954453155879e-05,-1.0961770339973945e-05,-0.0014741517187258153,0.00017673102745749338,-0.0005715887205898512,0.00023675997019038952,-0.0007474351457142541,0.01560561631033434,0.0006785545030880259,-4.6611020682918816e-05,-0.001073571686343954,0.00037056548993949533,-0.0001572659184670294,-0.0004983710098847334,-0.001512780660171524,-0.0007518697714183371,-0.002800036247255117,-0.00015413323859334211,-0.000730613960626328,-0.0013359767207368365,-0.0011156130466067051,-0.002314979590241525,-0.0011854958884465702,-3.346593763116611e-06,0.0022836592960309796,-0.0010856450995699732,-0.002549083021966959,-0.0014833271200569863,0.00018860317805377327,-0.0022170674711936996,-0.0008184967477005553,-0.002372657047648426,0.001807088149025114,0.0,-9.238398016691988e-05,0.0,0.0,0.0,0.0,0.0,0.0,0.0,0.0,-0.00044712756138690605
2025-09-03,-3.2500189535571175e-05,0.0012579662781553682,-0.00048378459918251156,8.557547386688962e-05,0.00017146947827855028,-2.566485236073064e-05,0.0003993786218470473,-0.0025610177525354546,0.0011420946366403949,0.0007688618601651555,-0.004463894531250673,0.0021876670726111674,0.00024725176300055063,0.015497756543037098,0.0035514377555359374,0.012306901061375284,0.0009513095243022304,0.00340703414861741,-0.0002599066091562486,0.029114808136692538,-0.00034784654204467224,8.710870362350242e-06,0.001674502462142203,-4.943203636921651e-05,7.073659056001321e-05,-7.92444359537116e-06,0.0002550367006945326,-1.644579331835864e-05,-0.0004517857745578724,0.0005656746172920732,-0.004851751890971123,-0.0003237361093212513,0.0015025523882001204,-0.004901178922427432,0.0030727097473168047,0.0012965139582324875,0.002012793748430572,-0.0012576963435286127,-5.162341554063553e-05,0.00023348600298078444,0.000739119758638646,-0.003469592301066126,-0.015031597158439373,7.685011939796585e-05,-0.00022966715196416683,-0.0014765496413590147,-0.0028985515359622968,-0.006126315033061907,-0.0002944481886388684,0.0003490211311856326,-0.0010079589698457066,-0.00024203422865681326,0.0024032545695344453,-0.0005422543295167629,-0.0028971562008394984,0.000417178003571007,0.0004419089519335058,0.0007584952570356051,0.001486822234424138,0.0013104150666075134,0.0038732051417246826,-0.00021791294881921716,-0.005249720772854777,-0.0012977353482795113,0.0,-0.0007526796011230124,-0.0008107865013611099,-0.0007182630853321975,-0.0009724407604143064,-0.0005768075616185666,-0.00030040865292723507,0.000537068105902642,-3.6367396467145e-05,-0.0030931718393165954,-0.0026840309504365095,-0.0013419654248687568,-0.00010401636363680346,-0.00045826189791039703,-0.0005511660833550431,-0.0005213662638377243,-0.0014110103673327975,-0.0002598103658835891,-0.0021301343285868597,-0.00016546823548925027,-0.000730613960626328,-0.0010829928556944444,-0.0015244909535532107,-0.0016542058389533451,-0.0012162307951114897,-8.748090260026674e-05,0.0021641936485811953,-0.005807013189820544,-0.003333511016005189,0.0012926124443131649,-7.87079622112414e-05,-0.0032573317388530617,-0.0008034640941053095,-0.0029438954667549313,-0.0028290391765928664,0.0,-9.238398016691988e-05,0.0,0.0,0.0,0.0,0.0,0.0,0.0,0.0,-0.00040402177282221254
2025-09-10,-0.00010060373811297212,-0.00413330044283954,-0.0004488106189322957,0.00014243666190402466,-0.00015394546738940661,-2.566485236073064e-05,0.0005363265989047213,-0.0016174457599167447,0.0012363035789090511,0.0005776291771274856,-0.004323611059768058,0.0020351680492428845,-0.0007913171375500102,0.008912651872825191,-0.0041167017508053965,0.005690702623847318,-0.0016635415122513738,0.004762663611823932,-0.0026104753648029336,0.015879251902125843,-0.0004096877098487984,0.0003589257933326347,0.0014336293205276863,0.00011476560727110621,-3.059970439101765e-05,3.059026172294276e-05,0.0002550367006945326,-2.5147146287156435e-05,0.0006159055750797038,0.0003322330144400973,-0.006092002169779993,-0.00041492175295487635,0.0015025523882001204,-0.0036353802821989553,0.004808160022859667,0.001027323416600632,0.002092928020409959,-0.001136770758377599,-1.6192990771545125e-05,0.00023348600298078444,0.0007087599712668212,-0.0035953697682321027,-0.015631026338228403,0.00011588137747583626,-3.0662665492649254e-05,-0.0011655327526009342,-0.0034715658651255487,-0.006411966748095256,-0.0003161436558235505,0.0003490211311856326,-0.0010079589698457066,-0.000845200352148026,0.0013017036194845591,-0.0005224255852247168,-0.0014105370749218581,0.0004997101888324966,0.0004419089519335058,0.0003018653349644413,0.0018202845897868677,0.0013104150666075134,0.0032350414438748728,-0.00021791294881921716,-0.006260957157702597,-0.00024225085102795157,0.0,6.838411379542393e-05,-0.0009521645799963796,-0.0007182630853321975,-0.0005617160767341205,-0.00021493475693556356,-0.0004181534467183958,0.00014900984498882367,-3.6367396467145e-05,-0.0027307418384664964,-0.0032967741439760044,-0.0013419654248687568,-0.00015977651604144063,-0.00045826189791039703,-7.819640148753943e-05,-0.00032475245141595907,-0.0014867787483097662,-0.0005964633918983287,-0.0021301343285868597,9.113231428566148e-06,-0.0011168797403461818,-0.0009592914689913999,-0.0008372028054284992,-0.0009830218212514778,-0.0015457272144581233,-0.00017576319777945192,0.002098659452754861,-0.005217930803684728,-0.0034479966928828805,0.0016427730917604382,-7.87079622112414e-05,-0.0032331725204604285,-0.00045083803677220465,-0.002837567322356173,0.001668079292627713,0.0,-9.238398016691988e-05,0.0,0.0,0.0,0.0,0.0,0.0,0.0,0.0,-0.00040402177282221254
2025-09-17,-0.00010060373811297212,-0.00413330044283954,-0.0005137621720357276,-0.00013069638117174269,0.0005360881588507552,-0.00042232747828194477,0.0005363265989047213,-0.0020092936954416727,0.000323350789215322,0.0004270232165718477,-0.004035805970861828,0.0011118581485698201,-0.0007913171375500102,-0.004561147263434932,-0.003939152879619557,0.004253697532076947,-0.001574653166648926,0.003115024827912028,-0.0026104753648029336,0.001407096720382711,-0.0004096877098487984,0.0003796280902744907,0.00272242991334025,0.00011476560727110621,-3.059970439101765e-05,-3.0573774206169877e-06,0.0002900052000342828,-2.5147146287156435e-05,-0.00017387752417191355,0.0003129757729295558,-0.006110676609371356,-0.0001711510236674369,0.0015025523882001204,-0.004323954265248927,0.004808160022859667,0.001027323416600632,0.0019495133229553694,-0.0008984545148546072,-1.6192990771545125e-05,0.00023348600298078444,0.0006987661594144482,-0.004167113578865979,-0.016551385828741043,0.00011588137747583626,0.0002570298640116374,-0.0011306780912288166,-0.0034715658651255487,-0.006106748887491695,-0.00024117744476537538,-1.7034340267099626e-05,-0.0011013675937587273,-0.0011949841075631195,0.0013017036194845591,-0.000896010650062241,-0.0012820865270482189,0.0004997101888324966,0.0001038278393778176,0.00022484566076190742,0.0008360778332339982,0.0013104150666075134,0.0038732051417246826,-0.00021791294881921716,-0.006760979135110754,0.001226321368025148,0.0,-0.0004608906366465515,0.00012115687897918561,-0.0005386512293862704,-0.00042050860737209434,-0.0008847235875351602,0.0014654842699763177,0.0017209803306127774,-0.0006662987676096168,-0.0031932592315416985,-0.003107487125744866,-0.0009038632128643809,-0.0006156083482321554,-0.00045826189791039703,-7.819640148753943e-05,-0.00032475245141595907,-0.0006879518762134146,-0.0005964633918983287,-0.0022762799484526645,-0.00040374198856848315,-0.001063947286339832,-0.0011050532827885855,-0.0007570784905556209,-0.0012634883461130739,-0.0018633338474639382,-0.00017576319777945192,0.003569553819057304,-0.0053438400866958535,-0.003546693817122253,0.000764726100077073,-7.439487132193566e-05,-0.003171147747499274,-0.00045083803677220465,-0.003145816014705307,-0.002852383718096958,0.0,-9.238398016691988e-05,0.0,0.0,0.0,0.0,0.0,0.0,0.0,0.0,-0.00044712756138690605
2025-09-24,-0.0003657900486802172,-0.00413330044283954,-0.0002497514917717793,0.00013112045654804604,0.00041407107182339967,-0.00042232747828194477,-0.0008819223963886951,-0.001976304962247757,0.0015583438894544558,0.0001804945727266712,-0.004551445639215693,0.0011118581485698201,2.2035518727283914e-05,-0.006866382160266376,-0.004157928835648807,-0.0004406681702293372,-0.00102841088473782,0.003366491989601698,-0.0002463226052198329,0.0006392579808006428,-0.0005868935957236807,0.0003589257933326347,0.001689475482833991,0.00011476560727110621,-3.059970439101765e-05,-3.0573774206169877e-06,0.0002900052000342828,-2.5147146287156435e-05,0.00022841263144665158,0.0003243010965720568,-0.006110676609371356,0.004713691651732726,0.0016643078850752193,-0.00355899414290255,0.005291486533348748,0.0010963788536891461,0.002072490184551973,-0.0008984545148546072,-1.6192990771545125e-05,0.00023348600298078444,0.0007553497332542819,-0.004022614312789473,-0.015646471320893515,3.1792987268071437e-06,0.0002570298640116374,-0.0011655327526009342,-0.002855340120569781,-0.0059015358065095695,-0.00024117744476537538,-1.7034340267099626e-05,-0.0011013675937587273,-0.0007865569094779693,0.002017637996974292,-0.000896010650062241,-0.0012820865270482189,0.0004997101888324966,0.0001038278393778176,0.0008136417668940845,0.00043684493603232775,0.0013104150666075134,0.0038732051417246826,-0.00021791294881921716,-0.0067232814909253015,0.001963501193914108,0.0,6.838411379542393e-05,0.00012115687897918561,-8.904017687118559e-05,-0.00021987081849254443,-0.00016389429761408066,0.0007140169044966026,0.0017361281447821602,-0.0006662987676096168,-0.0031932592315416985,-0.003488405504106514,-0.0007181623994551297,-0.0007437847537424026,0.00030576713446892046,-5.954152756111551e-05,-0.00012399790297872026,-0.0002786389739820545,-0.0005964633918983287,-0.0020932905463798626,-0.0007008456254806376,-0.0006466008698728782,-0.0009925115990781796,-0.0004687796367877212,-0.0002413370383071242,-0.001848173194136808,-0.00017576319777945192,0.0035040196232309687,-0.0052910291101218145,-0.0038888107919760936,0.00134095180896032,-7.439487132193566e-05,-0.0033386150536468834,-0.00045083803677220465,-0.0021762711914814015,-0.0023710454718473242,0.0,-9.238398016691988e-05,0.0,0.0,0.0,0.0,0.0,0.0,0.0,0.0,-0.00044712756138690605
2025-10-01,-0.00016595597395475804,-0.005167854503444661,-2.821340277281336e-05,0.00012161880927536661,0.00018310542367276379,-0.0002696640929358877,0.00040112046771624343,-0.00223311132376875,0.000416928098590755,0.00035429131367313354,-0.004562873265448692,0.001148100916639755,-6.44230405263107e-06,-0.024261824512110296,-0.003487907576171511,0.0025998755939922124,-0.0005562971124487107,0.003819942364037815,-7.356085975366222e-05,0.0004286079257487431,-0.00040666086041401145,0.0011699347039493245,0.0012189954478193327,0.0001955645210074199,-3.059970439101765e-05,-0.000128196552952067,0.0004116517029700466,-2.5147146287156435e-05,4.218890625269436e-06,0.0003070472096675507,-0.005477249926103138,0.0054267708979162214,0.001180063228297839,-0.004457589829228864,0.00530697611018898,0.0010963788536891461,0.0014805333698555104,-0.000874042258463469,6.879684467012154e-05,-2.9440717386561155e-05,0.0020719164562222575,0.0017319596071938127,0.005317906556906676,-0.002346979739230984,-0.0006593385465672794,-0.001635850799262668,-0.0018044940659567373,-0.0044701998176440005,6.587536156029435e-05,-0.001500066051333218,-0.0010079589698457066,-0.0005820205159426189,0.0004691376681496889,0.0006731639588737628,-0.0003523901200886678,-0.00047103710677279893,0.0006448478999331211,0.002307875819032564,0.000753042777869037,0.0023688015702266027,0.002632933904255858,-0.0008907516511595224,-0.006948666890589917,-0.0007012219591800951,0.0,0.00013543299007629832,0.00015571238733409415,7.070612007465914e-05,-0.0004388895004049896,6.188883446548247e-05,-0.00087251812398386,0.0005962818822611792,-0.00106598740008597,-0.0033587297111000764,-0.001823387734046898,0.0006495181508976598,-0.0009788880075653564,0.00030576713446892046,-0.00017541671736513874,-0.0001056131191728671,-0.00030477480865569363,-0.001736118800035659,-0.0029764876378070553,0.00023679096633316403,-0.0002621423435983396,-0.0011230049656828528,0.0001407266626372789,0.0008422457002470529,-0.0018633338474639382,-0.00029791305079593925,0.0033433154182632282,0.003095371611399906,-0.003985898209686025,-0.0009875109361743475,2.346424099438741e-05,-0.0029417497045950997,-0.0010020505977513072,-0.0028856813096794984,-0.002746428964869188,0.0,-9.238398016691988e-05,0.0,0.0,0.0,0.0,0.0,0.0,0.0,0.0,-0.00044712756138690605
2025-10-08,-0.00013023834375502387,0.001674272973893426,-2.821340277281336e-05,6.070271275272564e-05,9.926687864678586e-05,-0.0002696640929358877,-0.0007996685731153034,0.0015201278933653184,0.00038779380519964344,0.0011224932226787975,-0.005278655283717592,0.001172407314284936,2.2035518727283914e-05,-0.008336367037335996,0.003886761794340798,0.005997049614364875,0.000937616117435994,0.003832394029668175,0.0007917614878496412,-0.00045006606387437643,0.00045341534344633824,0.0007348603578648765,0.0015309256708984124,0.0001221647982898311,-3.059970439101765e-05,-0.00013306361912682115,-0.00155481220670263,-1.644579331835864e-05,-0.0006167785491811401,0.0003070472096675507,-0.00499748267280764,0.004704050672466244,0.001180063228297839,-0.003498952464401521,0.005258015203521164,0.0010963788536891461,0.0017550266258543037,-0.000874042258463469,6.257377237954028e-05,-2.9440717386561155e-05,0.0020719164562222575,0.0012741799897360625,0.00608149919873367,-0.004205686069854414,0.0006761314770923819,-0.0011059016701298683,-0.0023579564944398845,-0.004840327332721038,-3.079049037298138e-05,-0.0011909758166574564,-0.0010079589698457066,-0.000999495877904873,4.2286739659352384e-05,0.0006731639588737628,-0.0003523901200886678,-3.918557036854503e-05,7.39136239678939e-05,0.002498101462434647,0.0010111308468980168,0.0027218710733624718,0.002867712990401464,-0.0008907516511595224,-0.004747318996404276,-0.00125514490227759,0.0,6.838411379542393e-05,0.00013805042265639596,0.00012296901760344345,-0.0006434878910420012,0.0005454269385032284,-0.0007542410827624112,0.0014975869707316276,-0.00106598740008597,-0.003923612897436105,-0.0016834169365029152,-0.00032673981834725806,-0.0012166089743739935,0.00030576713446892046,6.621164449076056e-05,-0.0005521213724679692,-9.445137033802452e-06,-0.00041521674540359767,-0.002578589947532871,-0.0003874534463940223,-0.0006995333238792278,-0.0009749725410965857,-5.845204383234367e-05,0.0007964978924151038,-0.0005665534937015526,-0.00029791305079593925,0.004358911324539382,0.00378081279503668,-0.004119657416112587,-0.0021361246858127734,0.00010700559376581173,-0.0030290317772464228,-0.000814423040765042,-0.0029242809062168976,-0.0028175201022336517,0.0,-8.714915791728575e-05,0.0,0.0,0.0,0.0,0.0,0.0,0.0,0.0,-0.00044712756138690605
2025-10-15,-2.163878882112116e-05,0.002507906037951116,-0.00026612448783224803,6.070271275272564e-05,0.0004455744991868584,-0.0002719519913813507,0.0004799670691432829,0.001246207903736459,0.0005004263209877246,0.0005932621353249631,-0.005295875069462902,0.001095101212920562,2.2035518727283914e-05,0.007541901197904963,0.0037552423728057227,0.011363819197216163,0.001962158488190556,0.004763579475309698,0.0009058013577865601,0.002348523782270261,0.0006403691314150013,0.0007868192976648942,0.0016429363902059051,-4.943203636921651e-05,-3.395849293109348e-05,-7.92444359537116e-06,-0.001393800973064933,-1.644579331835864e-05,4.218890625269436e-06,0.00027157805271088207,-0.00433373000595461,0.00519388038317126,0.001502140925383904,-0.003093216312117126,0.004767862171063975,0.001027323416600632,0.002397447371950075,-0.0010927423138202095,6.257377237954028e-05,-2.9440717386561155e-05,0.00245312166559637,0.001383866695673936,0.006345064148974024,-0.004188543382768886,0.00017287942396763457,-0.0011059016701298683,-0.0028179429904395333,-0.003965506077160118,8.450890434930182e-05,-0.0010113134550109515,-0.0011013675937587273,-0.0005246203866361572,-0.0004301310181317394,0.0004871425225051783,-0.0003523901200886678,-3.918557036854503e-05,7.39136239678939e-05,0.0030636910415363207,0.0011707148979239069,0.0027218710733624718,0.002867712990401464,-0.001036007355642821,-0.004172315178101222,-0.0014494703969185703,0.0,6.838411379542393e-05,0.00010349491430148741,-0.00031650101500149306,-0.00028761906814663864,-0.0006659101833006771,0.0018672856125540797,0.0015887859088130351,-0.0002044434774980376,-0.0036597564402179403,-0.001692486677627282,-0.00032673981834725806,-0.0005851954732866442,-0.00045826189791039703,-0.00019120319161867387,-0.0005521213724679692,-0.0008191023501747924,0.00015967542026972957,-0.0025465069022177047,-0.0005618889401436063,-0.0006466008698728782,-0.0010245015599367265,-0.0008073773764750426,0.000738566491367402,0.0011500293723240458,-0.00029154485959463026,0.0041107544244975095,0.0030418217863375048,-0.004020462360159817,-0.0016331409737943613,0.00010700559376581173,-0.0003060161345582055,-0.000814423040765042,-0.004236017182725854,-0.0020692135885881117,0.0,-8.714915791728575e-05,0.0,0.0,0.0,0.0,0.0,0.0,0.0,0.0,-0.00040402177282221254
2025-10-22,-7.926107532197218e-05,0.0010929074644850422,6.283774553513213e-05,0.00012161880927536661,0.00035257266108598614,2.7138163362923514e-05,0.0004939655862998299,0.0005567590873815534,0.0004392227796257222,0.0012177182268160547,-0.005295875069462902,0.0011128671410282902,-0.0007913171375500102,0.007791371522579937,-0.004324846452656156,0.011378709492647672,-0.0006020847867262321,0.004951900856706994,-5.4977104746624595e-05,0.0013622779241875397,-0.0004473532371789353,0.00081971978097904,0.002290743361044571,-0.00017646950142438558,7.073659056001321e-05,2.5723195548188584e-05,0.0003751809690152652,-1.644579331835864e-05,0.001372398138109347,0.0005373672723673518,-0.004481396832190785,0.0037607389947252384,0.0021093836160871503,-0.002490700877150319,0.004767862171063975,0.0010963788536891461,0.0020342346636415785,-0.00044974250722815845,3.336641990103113e-05,-2.9440717386561155e-05,0.002304476484116943,0.0010438760613121839,0.006353220699394627,-0.004437886189281782,6.550412140085468e-05,-0.0017671646403134855,-0.0027046028189765046,-0.004172245835156051,4.9984313024158177e-05,-0.0011090272383106224,-0.0010079589698457066,-0.00017653836108728213,0.0004488679238863093,0.0003898402383267866,-0.0003612887690759858,-3.918557036854503e-05,7.39136239678939e-05,0.0030636910415363207,0.0016945770273018236,0.0027218710733624718,0.0022295492925516543,-0.0008907516511595224,-0.004912022744731001,-0.0014494703969185703,0.0,0.00013543299007629832,-2.390275224008984e-07,-9.302174458285226e-05,-0.00023939508298117653,-0.0002633923574881502,-0.00042414628900738674,0.0006351220059758292,-0.0002044434774980376,-0.003649897661932006,-0.0021648664683052163,-0.00032673981834725806,-0.000322648746252996,0.00030576713446892046,-0.0004328315534745732,-0.00047998622607888023,-0.00043689056575219244,0.00015967542026972957,-0.002578589947532871,-0.0003488960087981216,-0.0011168797403461818,-0.0010416728283904003,-0.0005645594055414141,0.0008107017823981516,0.0010990189734905675,-0.00029791305079593925,0.004512948275359202,0.00408068642070027,-0.004152541063797214,-0.000422576581281521,5.726054483325656e-05,-0.0004134123263731011,-0.001236956146389214,-0.004391806974918865,0.002077306372157825,0.0,-9.238398016691988e-05,0.0,0.0,0.0,0.0,0.0,0.0,0.0,0.0,-0.00040402177282221254
2025-10-29,-5.751272097206749e-05,-0.004131106312998009,3.673815033061852e-05,0.00011756390078986068,7.008304456708232e-05,-0.00026238667985381797,0.0003372409759656938,0.0017687369938375057,0.0005004263209877246,0.0011520332321969216,-0.0044103275101390026,0.0011692462184734115,0.00024725176300055063,-0.012966815991246178,-0.0024758624349973442,0.006185759981845279,-0.0008729180378405285,0.004270133704834567,-0.0016678518344775154,-3.9644377678542136e-05,-0.0003855120693748092,0.0011699347039493245,0.0034108932136428034,0.00011476560727110621,7.073659056001321e-05,-3.0573774206169877e-06,0.00032916459205517974,-1.644579331835864e-05,-0.0006983998221906083,0.00031565559601162387,-0.005781070558486031,0.004964376744851775,0.0016151183154232054,-0.003119879343539608,0.00530697611018898,0.0011217786608751694,0.0021136134647156283,-0.0005018676202974756,3.9589492191612394e-05,-2.9440717386561155e-05,0.0020826346465907413,0.0014594310033837852,0.0058954344722055435,-0.004332269569523122,0.00017287942396763457,-0.0013122014030535485,-0.001849624764618867,-0.004185253738932245,-6.660431054624023e-05,-0.0018517509710936674,-0.0011013675937587273,-0.0006235038059340037,0.00019621442730496182,0.00023484161741705342,-0.0003612887690759858,-0.00048184631501953966,0.0006448478999331211,0.0033633524428091886,0.0010998475167335548,0.0013104150666075134,0.002632933904255858,-9.505152158916621e-05,-0.003289760430994413,-0.00125514490227759,0.0,-0.0004608906366465515,0.00013805042265639596,-0.00031650101500149306,-0.00028761906814663864,-0.0007757155511958904,0.0020223676293477646,-0.0004158344617417787,-0.0008018502803708679,-0.002982051705837056,-0.0017495570969536973,-0.00032673981834725806,-0.0009788880075653564,-0.00045826189791039703,-0.0004328315534745732,-0.0004892075917585942,-0.0004194293882694287,0.0002946038156169068,-0.0021933641549960565,0.00017092547558828994,-0.0006776815066199784,-0.0010589775574336654,-0.0006518031843792073,0.0008107017823981516,0.0011411526473787024,-0.00029791305079593925,0.0044244455203657175,-0.0029256522997133574,-0.0042497172921836775,-0.0006774087315746071,0.00010700559376581173,-0.0027554667829660256,-0.0007367944642106999,-0.00412921796691832,-0.000951193176449312,0.0,-9.238398016691988e-05,0.0,0.0,0.0,0.0,0.0,0.0,0.0,0.0,-0.00044712756138690605
2025-11-05,-0.00019532526912948274,-0.0034765018296567195,6.283774553513213e-05,6.070271275272564e-05,-0.00048055035572137136,0.0003591730422426359,-8.066111924784718e-05,0.0005237402631202483,0.0004392227796257222,-0.0028930303065796505,-0.003937693806907509,0.0012434172570297915,0.00024725176300055063,0.00902748032491301,0.0034295804355472495,0.01365220713993584,0.002072238523829412,0.005147781930909135,0.00035888022164639525,-0.00018235618242464259,-0.00034784654204467224,0.0011594684793352725,0.0031251491888409384,-4.943203636921651e-05,-5.2988386088469004e-05,-9.941597998326142e-05,0.0005131060283617928,-2.5147146287156435e-05,0.0013249707425645172,-0.00014317883570731413,-0.004215303036305509,0.00514808291430225,0.0019298936156925063,-0.002282494166779258,0.0060197901895667665,0.0014177314336150239,0.0005247984199003449,-0.00021950784437031664,0.0005279811495401221,-2.9440717386561155e-05,0.001076385306409648,0.00880985749309921,0.0092490228291111,0.0006581697933661312,0.00020451579971060763,-0.0013494505400724367,-0.0037543171148761378,-0.0005629844698707982,8.59008181323302e-05,0.0005813526395667985,0.0009274787924528883,-0.001876438895441043,0.0024198566070020243,0.00500026802294971,0.0017626745097734508,0.0002820175250075047,-0.0016540261741120864,0.0017184290932140086,0.0004193746751137079,0.0016706522913468862,0.0011740626450842775,-0.00019958232506286385,-0.004112717684193407,-0.000842503585724162,0.0,0.00013543299007629832,-0.00011231017336161796,-0.00017723575181212428,-0.0001417425922019012,-0.0001882595454188053,0.0014167451567981331,0.0005744416557925725,-0.001285847503985645,-0.0036419327965073844,-0.001212450200788695,-0.00019194346037120015,-0.00016623764661671673,-0.0004911220844538141,-6.442966806128087e-05,5.5624150374388093e-05,-0.0007966008834478608,-0.0007518697714183371,0.00037008709718079744,0.0003240548945998462,0.0002965370804700069,-0.0009899640818638578,-0.0007790054629605568,0.0008543922411383445,0.0010838583201634373,-0.00029791305079593925,0.004321660978160234,-0.0022551770826961413,-0.004190002964981011,-0.0011514426416645216,9.146481449488655e-06,-0.0002422907446429055,-0.00045083803677220465,-0.003540622997797124,0.0017023457061458996,0.0,-9.238398016691988e-05,0.0,0.0,0.0,0.0,0.0,0.0,0.0,0.0,0.004827372104394034
2025-11-12,-0.00019532526912948274,0.0011789718463097616,-2.151543597408466e-05,0.00033167511626750677,-0.0003651847262577588,0.000761256291088378,-0.0008397992468969463,-0.0015963182115143113,0.0003928713709016858,-0.0001403971593616524,-0.003890539958374248,0.0011483839160797565,0.00024725176300055063,0.03292583900166731,0.0032578546586630504,0.021814202575771907,-0.00013745116837391905,0.00419796391353466,0.0008107385926322586,-1.0067011877538561e-05,0.0004965770483044579,0.00019916300713133857,0.003784713086762141,-4.943203636921651e-05,-5.2988386088469004e-05,-7.92444359537116e-06,0.000498138798023744,8.20347267973912e-05,-4.320850491956015e-05,0.00034047727598669996,-0.0030757594725320902,0.00514808291430225,0.002536764098520391,-0.003840561164494168,0.005480676250441762,0.0014177314336150239,0.0018616929448129012,-0.0003034063414759725,0.0005279811495401221,-2.9440717386561155e-05,0.000780643285903688,0.008303351244854401,0.008445203575423053,0.0004893365680278762,0.00020388282874018917,-0.0018512871620181746,-0.0037543171148761378,-0.001449888245476463,9.341221141675329e-05,0.0004528387443081258,0.0013850408741489355,-0.001782986983513795,0.0025946252728392774,0.004654637852504212,0.0017417245851614404,3.594281336899458e-05,-0.001734043578162247,-0.0008304578227882303,0.0010966015086328789,-0.00011927405170071502,0.002867712990401464,-0.00019958232506286385,-0.0033266537415666585,0.00011430109060549883,0.0,0.00013543299007629832,-9.990921071258796e-05,-0.0001375332910501092,-0.00012313236235324441,-0.0003332396746929756,0.0004321544279420847,0.0012550123835859217,-0.001285847503985645,-0.00380175802188271,-0.001489355951933436,-0.00019194346037120015,-0.0003079016835273819,-0.0004911220844538141,-6.442966806128087e-05,3.4770652692121454e-05,0.002386292624660252,-0.00041521674540359767,0.00019361849282310817,0.0007533306946767085,-0.0006776815066199784,-0.0009899640818638578,-0.0007059656106698123,0.0009177915209712446,-0.0005167019123426979,-0.00029791305079593925,0.004088867722790342,-0.0016160600725428256,-0.004370925361906036,-0.00041652212829264236,-4.059856748306651e-05,-0.0017626992681118413,-0.0008034640941053095,-0.003709966910758297,-0.0030110095271365053,0.0,-8.714915791728575e-05,0.0,0.0,0.0,0.0,0.0,0.0,0.0,0.0,0.004827372104394034
2025-11-19,2.918217766071837e-05,0.0011063538611710143,-2.151543597408466e-05,0.0003925912127901478,3.828169204484342e-05,0.0003664504553247056,0.0005538121141674443,-0.0014883400489038691,0.0003928713709016858,-0.0017579479074254158,-0.004879553821556708,0.0012079028831110078,0.00024725176300055063,0.01883178537362676,-0.0031291314243609035,0.019983435782985667,-0.0006195865384909776,0.00490823882490306,0.00013271186160956889,0.0003217637236378021,-0.00034784654204467224,0.000809253556364988,0.00447576726338851,0.0002051758751114738,-5.2988386088469004e-05,-7.92444359537116e-06,0.0003827974777591208,-2.5147146287156435e-05,-0.0001525572359043271,-0.00017026975809278003,-0.003695685001262667,0.0049373791804106105,0.002536764098520391,-0.0017188001238545839,0.005136190350925943,0.0012952814953721948,-0.00014268917826703643,-0.0003034063414759725,0.0005279811495401221,-2.9440717386561155e-05,0.001066391494557275,0.008156059314129879,0.008446872517846643,0.0005508080158672046,0.0002953035639735542,-0.0018861418233902922,-0.003640976943413109,-0.0006965899609275696,7.477866862774582e-05,0.0004528387443081258,0.001020887416365909,-0.00079962424842651,0.0020660728713558876,0.004536970188290857,0.0017417245851614404,3.594281336899458e-05,-0.001734043578162247,-0.0008304578227882303,0.0006624801312966049,0.0013009261730047956,0.0018122263429340873,-0.0002602293000289228,-0.0017085151615982693,0.00035695017836705103,0.0,6.838411379542393e-05,0.00012617288322694928,-0.0004099728418158595,-7.812012312487712e-05,0.0002679662853123816,-0.0010151923890405544,0.0012550123835859217,-0.001285847503985645,-0.003556149725407935,-0.0017467276747153413,-0.00019194346037120015,-0.00022839048934151693,0.00037056548993949533,7.956651288317903e-05,0.00012775929676347704,0.00207498515100965,-0.00041521674540359767,-0.0012957177876112857,-0.00017607033126734893,-0.000730613960626328,-0.0010540883987931985,-0.0009623089623179688,0.0008543922411383445,-0.0003619723783967266,-0.00029791305079593925,0.004321660978160234,-0.002153238532125295,-0.004383896480060598,-0.0006133545526354889,-7.439487132193566e-05,-0.0017619947436321214,-0.0008034640941053095,-0.003134494204199886,-0.002912848871194114,0.0,-9.238398016691988e-05,0.0,0.0,0.0,0.0,0.0,0.0,0.0,0.0,0.004827372104394034
2025-11-26,-0.00020075210648626008,-0.0026964340233685312,1.4359033758525735e-06,0.00038853630430464185,-0.0007392946211540255,0.00039201749413735477,5.883765859736198e-05,-0.0013745227346981998,0.00030276423711309334,6.437235234697932e-05,-0.005078737135978603,0.0012020577089675018,-0.0007913171375500102,-0.009084516545125432,-0.0025830141213102537,0.008982395166097817,-0.0008131634559500517,0.0040262057534108065,-0.001974341939490068,-0.003851741352615825,-0.0004096877098487984,0.0011856835924186533,0.004037881073414832,0.00011476560727110621,-5.2988386088469004e-05,-8.530082929393073e-06,0.0005756465772131847,-2.5147146287156435e-05,-0.0007458272177354379,0.00034047727598669996,-0.00434526401417237,0.00462412951819427,0.0024956195110257175,-0.0044730037966583,0.0049745314649986775,0.0014995630977799944,-0.004956135657936983,-0.00022742778496977835,0.0005559759614348389,-2.9440717386561155e-05,0.001093339659541395,0.009866801789580866,0.0088105787364134,0.0006892429736993341,0.0002953035639735542,-0.0018836466985452426,-0.002740153345297613,-0.0018041158663866961,7.477866862774582e-05,0.00014771914145951493,0.001020887416365909,-0.00042474616040882293,0.002278150573522228,0.0048557161249891696,0.0017417245851614404,0.00027162656272855935,-0.0022185865966928247,0.000783769368061411,0.0004762006342782897,0.0013009261730047956,0.002867712990401464,-0.00019958232506286385,-0.00019388422759874393,0.0002441670592184521,0.0,0.00013543299007629832,0.00012617288322694928,-1.924592742723818e-07,-0.0002004248926299302,-0.00010931148670224774,-0.00017052319897887177,0.0014762464125074061,-0.001915778875128117,-0.0032603156735741766,-0.0015410053065583785,-0.00019194346037120015,-0.0008998113121075308,0.00037056548993949533,-0.00017541671736513874,-8.301999689018653e-05,0.001824966012813227,-0.00036417142981597913,-0.0014721863919689747,-0.00026590037949247104,-0.0011168797403461818,-0.0011057002366395877,-0.0003879389951885176,0.0008604573047027625,-2.3130153787553852e-05,-0.00029791305079593925,0.004972011729063799,-0.0019644804671586063,-0.004793342050427103,0.000485380578639411,-8.10136529174675e-05,-0.0018803564665335942,-0.00045083803677220465,-0.002962989802888789,-0.002858938677551132,0.0,-9.238398016691988e-05,0.0,0.0,0.0,0.0,0.0,0.0,0.0,0.0,0.006693587133672118
2025-12-03,-0.00011341713507706298,0.0012263035308336403,-2.151543597408466e-05,-9.52439787942939e-05,-0.0005009305756526492,-0.00013374781841797668,-0.0009395730526818023,0.000734112329807994,0.000297686671411051,0.00038618735663439966,-0.005467167039079346,0.001306647836844103,8.432688648580332e-05,0.03344862978873506,0.004517789598070819,0.01518523792145809,0.0010052998086022263,0.004578334330221259,1.7308206060080292e-05,-0.0019655333715084765,0.0005340074304527917,0.00010046245173855902,0.005237383594804943,-4.943203636921651e-05,-5.2988386088469004e-05,2.938798062117474e-06,0.00038952193926597016,8.20347267973912e-05,-0.0004297212099510977,-0.0001804608157931565,-0.0018311451031741565,0.004456412008884641,0.002694209584927854,-0.003686681460221314,0.005626343383383132,0.0014875679175944592,-0.00749272157959433,-0.0003254419219952757,0.000548138977505499,-2.9440717386561155e-05,0.001199879568562169,0.0007128624675564326,0.008261353491745203,0.0006277715258600057,0.0007237224201687699,0.0021247679436210963,0.005884766842715832,-0.0038089634749602762,-0.00015511126852236115,-0.0004461613161444429,0.0003893115826733478,0.0007784982817040517,0.002958469873961618,-0.0016322679580830044,0.0009342108126966294,0.00020606711056025162,-0.0004669654544706101,0.0008136417668940845,0.002287980880864498,0.0013104150666075134,0.002867712990401464,-0.00019958232506286385,-0.0002465083410608953,-0.0015995642439571986,0.0,0.00013543299007629832,-0.0007165884848452535,-0.00023796065091018123,-5.5314612710359994e-05,0.00012645473031120763,-0.0005147044649617188,0.0014969059792163584,-0.0014369592336076907,-0.003729108352075542,-0.0016667911501751314,-0.0006323034718006445,-0.0002204222173424412,-0.0004911220844538141,-0.0005060087487052383,-0.0001667872752818281,0.0026946699619833955,-0.00041521674540359767,-0.0012672319611618853,-0.0006022666738377526,-0.001471611415287002,-0.0009376657621187639,-0.0007968576939481402,0.0009177915209712446,0.0005886619985581429,-0.0003729356760599588,0.0038522698954999075,-0.002317243458245465,-0.003836541968226255,0.0008206342525592511,0.0004427094495665409,-0.0011604649535343957,-0.0008034640941053095,-0.002862833668930915,-0.004590514349655197,0.0,-8.714915791728575e-05,0.0,0.0,0.0,0.0,0.0,0.0,0.0,0.0,-0.0011301116400866385
2025-12-10,-0.00020075210648626008,-0.0025972491821009856,4.9682794980628e-05,0.00038853630430464185,-0.00060105531608808,-0.0004830950249377679,0.00048269529643241735,-0.0010698769855977347,0.00033523302951288394,0.0008850116709593439,-0.005588446128006996,0.0013289197238552908,0.00024725176300055063,0.0338802648417326,-0.0028274001456680344,0.007106894807375443,-0.0010023424206184067,0.00411828168924761,-0.0016465141542563685,-0.003948384527591367,-0.00034784654204467224,0.0002819463715974279,0.005762246501923578,0.00011476560727110621,-5.2988386088469004e-05,-8.530082929393073e-06,0.00039688278629986006,8.20347267973912e-05,-0.0003506776449579297,-0.00016333874424378987,-0.0026421066651076954,0.00486016179186426,0.002667284351230306,-0.004578977320621498,0.0049745314649986775,0.0014875679175944592,-0.007251312000025866,-0.0003254419219952757,0.0005559759614348389,-2.9440717386561155e-05,0.0013396013434067392,0.001128461512564229,0.008581118276957941,0.0006581697933661312,0.000456861338660011,0.0028729762282215824,0.006081140372012287,-0.003686046365108075,-0.00017374481131136865,-0.0004461613161444429,0.0003893115826733478,0.0006772112682252373,0.0026969346412664386,-0.0014918377721746528,0.0009342108126966294,0.00045214182219876174,-0.0004669654544706101,0.0011827119129450081,0.0024465734876026033,0.00025132155900550545,0.002867712990401464,-0.00019958232506286385,0.0001968290233060558,-0.0008391416594272182,0.0,-0.0004608906366465515,0.00012617288322694928,-7.147335352410761e-05,9.189451887693541e-05,0.0002864805572996769,-0.00043937194583127065,0.0014762464125074061,-0.0014369592336076907,-0.003482743005981204,-0.002221477645780458,-0.0006323034718006445,-0.00031422749272765613,-0.0004911220844538141,-0.0001940006031731543,-0.00010387349457245317,0.0024039198071984565,0.0002946038156169068,-0.0012672319611618853,-0.0002603075674394034,0.00024360462646365723,-0.0009650415496673378,-0.0012571730940004703,0.0008604573047027625,-3.829080711468402e-05,-0.0003729356760599588,0.0035156102404645504,-0.0024926575817292482,-0.0041427676097418,0.0018611206399207943,0.0004924544984990961,-0.0014105708058643255,-0.00045083803677220465,-0.002405138449244706,-0.0038408138736082307,0.0,-9.238398016691988e-05,0.0,0.0,0.0,0.0,0.0,0.0,0.0,0.0,-0.0011301116400866385
2025-12-17,-0.00020075210648626008,-0.002424376498426431,6.974973617023703e-05,0.00011756390078986068,-0.0011270885938309812,-0.0008756129622559773,0.00048269529643241735,-0.0010524625617120188,-3.821266172480296e-06,0.0005916326458353213,-0.00651275239438716,-0.000935791412940345,-0.0007913171375500102,-0.032449842516495256,-0.0028431597597855266,-0.0017524159799523018,-0.0013462554645821696,0.003623631331125746,-0.0016465141542563685,-0.010615344591384402,-0.0004096877098487984,0.000147286443536609,0.005778223115664078,0.00011476560727110621,-5.2988386088469004e-05,-0.00013366925846084306,-0.0010117614113356141,-1.644579331835864e-05,0.00010613710837335927,-0.0001688662583978097,-0.0035031223581766797,0.004353737218858095,0.002439402732306141,-0.004523105428701343,0.005510178388042713,0.001349678087459446,-0.006531111250214699,-0.000293668537958937,0.0005559759614348389,-2.9440717386561155e-05,0.0014308055222085132,0.003534358951912521,0.007896905999380236,0.0005013931453678801,-0.0005453717149572106,0.002529599802936434,0.004515009918908115,-0.002256291607471664,-0.00018803859109170072,-0.0024048483787677943,-6.82504990226994e-05,0.0012795704020883575,0.002190913758355693,-0.0017245546383852634,0.0009551607373086397,0.0005021476587479122,-0.0010315258770513484,0.0008948841404147697,0.0016512546753063339,0.0014181322702839052,0.0019947702064060484,-0.0007594217085496057,-0.0001345466190636415,-8.95468539013418e-05,0.0,0.00013543299007629832,0.0002139655269876897,-0.00037955850651931916,-0.0001877205470844563,-0.00032295545674117,-0.00016077753079555616,0.0003890316770939273,-0.00029841923119341133,-0.0031883060675608308,-0.0014438519636026112,-0.0006657843572454849,-0.0007080895619046249,0.00019625243294744016,-3.614028969921633e-05,-0.0004573931037961996,0.001857577601124271,-0.0008450322467378681,-0.001870084082243159,-0.001107197490193897,-0.0007695618451213183,-0.00018717670920731427,-0.0017447281815884466,0.0008604573047027625,0.0004626055466006355,-0.0003729356760599588,0.00325304182385292,-0.003047102414875906,-0.004715225746025806,0.003065986927595264,0.0004022943641321399,0.0010943084845105307,-0.00045083803677220465,-0.00328088765007666,0.0022837606392095413,0.0,-9.238398016691988e-05,0.0,0.0,0.0,0.0,0.0,0.0,0.0,0.0,-0.0011492270310560961
2025-12-24,8.112404571317742e-05,0.0010282500548303407,3.264148804014783e-05,-0.00045979842013546356,-0.00042962010168410354,0.0012510059784828901,-0.0008913887959876,0.0009727232643782172,-0.0012837320562674491,0.0012768228320708163,-0.00649299806988586,0.001402524758432435,8.432688648580332e-05,0.034646958186178876,0.005990393705294268,0.007274359154672659,0.002397156153489218,0.004852626824315045,0.0008661519480931219,-0.0028385633930669363,0.0005340074304527917,0.0009832075411472577,0.004414699163686424,7.542625634821321e-05,0.00010561750769734685,2.938798062117474e-06,0.00038952193926597016,2.3025280612688275e-05,-0.0005421151036109695,-0.00015895170134835095,-0.003300463283729325,-0.0012783122986983,0.0022543585164923404,-0.0030052134740931862,0.004684105355294,0.00028697115974006543,0.0020162558771396576,-0.00036964709446513116,0.0005762012238617747,-2.9440717386561155e-05,0.0011735415022164622,-0.000115899372401184,0.0084387723465918,0.0006588447061932085,0.0007312869893457495,0.0021247679436210963,0.0037872232541505493,-0.004899959580510843,-0.00016940504830269325,-0.0004461613161444429,0.0003893115826733478,0.00039231552783662365,0.002958469873961618,-0.001012407479986435,0.0009633505315882979,0.00021645807283919693,-0.0004669654544706101,0.0008136417668940845,0.0007506069085054694,-0.00011840455933658517,0.0022295492925516543,-3.440454662310723e-05,-0.0007415530172493551,-0.0007521605243594136,0.0,0.0003173868329508811,-0.0005086194224876092,-0.0003912509555679179,-0.00029392208895559626,0.00119176585145844,-0.0006402780122562619,0.0008132491966556549,-0.0014369592336076907,-0.003598941818258174,-0.001864074861903776,-0.0008180042852098957,-0.0002476128797556299,0.00037056548993949533,0.00020066597870282586,0.0005023278620652565,-0.0018794057549931104,0.00015967542026972957,-0.001694822781266721,-0.0006022666738377526,-0.001471611415287002,-9.59531758269258e-05,-0.001034638993035365,0.0009238565845356626,0.0004242570907466639,-0.0003729356760599588,0.0038522698954999075,-0.003083709234117943,-0.004101971154080163,0.0012402865340127149,0.0004427094495665409,-0.0010127301565563452,-0.0008034640941053095,-0.002560886910212901,0.0024893043868720885,0.0,-8.714915791728575e-05,0.0,0.0,0.0,0.0,0.0,0.0,0.0,0.0,-0.0009884454285336768
2025-12-31,-0.00015057537066390757,0.0005005233485351765,3.264148804014783e-05,-0.00031336522599579225,-0.0015271703540338348,-0.0005692453944296333,0.00045742367757753324,-0.0006574666566729575,0.00024134737305764764,0.0006043229911919678,-0.00831461796219396,0.0014148776882598995,0.00024725176300055063,-0.035106388935194,-0.0029653658610477637,-0.005613684326791972,-0.001336303583966701,0.00142105765589028,-0.0015348302624560045,-0.012755007084122236,-0.00034784654204467224,0.0006861258063454573,0.006365484286736503,0.00011476560727110621,-5.6347174628544834e-05,-8.385545629949224e-05,-0.0016781070602288814,-1.644579331835864e-05,-0.0009322808566012186,2.3634696000506344e-05,-0.0048995554783826,-0.0012421573513971525,0.003515018623427755,-0.004281310664194307,0.004543589042870673,0.0002699817637645501,0.001725212385195167,0.00015212282832770426,0.0004852456993902323,0.00034785191264731063,0.0013406502039374974,0.0009389682695815801,0.008169563751250098,0.00033834546027423993,-0.00016686241299212058,0.002333823611917146,0.004925403669272277,-0.004107595501602325,-0.00018803859109170072,-0.0024048483787677943,-6.82504990226994e-05,0.00035143834850312857,0.0025085091345307168,-0.0017040651148972766,0.0009551607373086397,0.000736008803713248,0.00028340061177024666,0.0013470833852255607,0.0008153699292304114,-0.00047147406247245407,0.0018627306044845476,-0.0002798302478344645,3.287628541168914e-05,-0.0012420233926593838,0.0,-7.010170434970799e-05,-2.5602804316472437e-05,-0.00036292732225307294,-0.0002804453205715265,-0.0006328628613121339,-0.0006056017181694097,4.575956032678685e-06,-0.00016902413015461206,0.013562840961591998,-0.0013211935108026099,-0.0008514851706547361,-0.0007080895619046249,-0.00011709190596938264,-0.0005398388601697923,-0.0002558351758222501,0.0006247368579806386,-0.0010039835829642868,-0.0021679208219599257,-0.001544023345274658,-0.0004734429155221513,-0.0012013346229942075,-0.001733669267559886,0.0011242304361099166,0.0005185762279131656,-0.0001726056192080987,0.003720769870540946,-0.001935072086879026,-0.003377671510868486,0.0030140847009049667,0.0003412199156063828,-0.0009813944871099416,-0.0007197201589478456,-0.003264760557527179,0.0004359372730172508,0.0,-9.238398016691988e-05,0.0,0.0,0.0,0.0,0.0,0.0,0.0,0.0,-0.0010315512170983702
2026-01-07,0.00014212423462414467,-0.0033587534929560695,6.974973617023703e-05,-0.00036021572352024333,-0.0004904091262544144,0.00023113410170916412,-0.0006724731660330681,0.0006985603527471582,-0.0013047537638809622,0.00020240896254814335,-0.007417028515120466,0.002568538739899294,4.26730881436346e-05,0.010304847470638626,0.00472952865534628,0.0007956312086583438,0.0032981057095202815,-0.005582272273325829,-0.00276855237380646,0.0005243346452364003,0.0007402102896252713,-0.0008650270149954545,-0.0029770573644851655,-4.943203636921651e-05,-5.2988386088469004e-05,2.938798062117474e-06,0.0003607465900153986,-1.644579331835864e-05,-0.0001445029224829432,0.00012422579444569719,-0.0046878129985655015,-0.001931514554924689,0.0018214091791906575,-0.003252258965196125,0.006342126829134002,0.00023139294167947541,0.001977512489277778,4.0815595400305524e-05,0.00047740871546089243,-0.0003062684676207099,0.001361630617563422,-0.000610550719177287,0.007227832328465219,0.0006588447061932085,-2.0163486809588507e-06,-0.00145743737070559,0.0023917326892025016,0.004592397858543519,-0.00017346430511552526,-0.0011786624789581843,-1.1590621840668153e-05,8.074677110289634e-05,0.0004205044163992129,3.575482879697462e-05,0.0009551607373086397,-0.0014289422390051805,0.0008479610343509849,0.0015373090286276434,0.0021977158324306095,-0.00011840455933658517,0.0018859490539981873,0.002403529944803281,-0.0010333170578554895,-0.0048138951339294625,0.0,0.00011818897604187281,0.00048675847143648003,0.0004694570022832383,-0.0002369124746851437,-2.238508730720082e-05,-0.0005150652347420284,9.730837421801638e-05,-0.0021659834738047726,0.011390231071414137,0.0028446018810846297,-0.0005484102083280263,0.0004112085164528585,0.00037056548993949533,-0.0004241980418561784,0.0003283693003099929,0.0012606354005031972,0.0002946038156169068,-0.0016229385727966406,0.0007178720531721966,-0.0009434914228731779,-0.0008200801777842336,-0.0012199010299897598,0.0014767667661226614,-0.00030588478146191045,-0.00017897381040940765,0.00504701159719674,-0.0010907285676143438,-0.0036551177696358926,0.004009932594133788,-0.00028792209143281924,-0.00029441312588754197,-0.0018208682675054475,-0.0032958126579085956,0.002546203618180231,0.0,-8.714915791728575e-05,0.0,0.0,0.0,0.0,0.0,0.0,0.0,0.0,-0.0009884454285336768
2026-01-14,3.380303804306554e-05,0.0030705377056804966,6.974973617023703e-05,-0.0005329753336421897,-0.0004177401860305139,0.0006259399374728365,0.0004927940286382449,0.0004951541675775864,-0.0013047537638809622,0.00034025477791507064,-0.0069685277909561924,0.0013552653235233963,-0.0003754926267931708,0.03720538339504759,0.0034482502784411394,0.005567918513549095,-0.00016510327584989587,-0.0012802737533576503,0.001254549250828246,0.0008354929651473602,0.0004868334886464462,-0.0009910362551820342,-0.002005407234827205,7.542625634821321e-05,-5.2988386088469004e-05,2.938798062117474e-06,0.0005786696732725957,2.3025280612688275e-05,-0.0004526950968046534,0.0003357916913276763,-0.003869266789024175,-0.0021552357627592318,0.002369513941988724,-0.0033157588016004607,0.006626427218912343,0.00027497597955452994,0.00188641454561061,-0.00010932365469450898,0.00047740871546089243,-0.0003062684676207099,0.0012452395926101192,-0.00046180735566743496,0.00684941287255257,0.0006747053144151836,-0.0002945461740936425,-0.001058993523383659,0.0029642680405987704,0.0046928243516600986,-0.00017346430511552526,-0.0010198217062971262,0.00044597145985537907,0.0002101834151325008,0.0008230439843925371,-0.00043158329907963023,0.0006999780332128121,-0.0016750169506436906,0.0010216191830182846,0.0015373090286276434,0.0018790019045688074,-0.00011840455933658517,0.0009448961552626608,0.002403529944803281,-0.0011325556119446902,-0.003465910379238422,0.0,0.00045917304609226743,-0.00010181635681697822,-0.0002600108282612705,-2.0247585654557495e-05,-0.00025883594314426664,-0.0005982928026122605,-1.6165560604178915e-06,-0.0021659834738047726,0.01364052272184928,0.002823559228880754,-0.0005484102083280263,0.0006205813374424251,-0.0004911220844538141,0.000204531468182769,-0.00017941933492609196,0.0009825271886841752,0.00015967542026972957,-0.0016670325755270133,0.00018638317136439602,-0.0007074432934438133,-0.00088729173256263,-0.00045798389894936245,0.0013073232067262607,-0.00030346413416996266,-0.00017897381040940765,0.003181908352678783,-0.0013405898077044893,-0.0032421335901830746,0.003677444156521539,-0.00023324501085501272,-0.00033179087555585036,-0.0014930170279441987,-0.003027420722366576,0.0024467039094341523,0.0,-8.714915791728575e-05,0.0,0.0,0.0,0.0,0.0,0.0,0.0,0.0,-0.0009884454285336768
2026-01-21,0.0006058190349674695,0.003277225932325467,-0.00021721228344364848,-0.0010543740498790014,-0.0006487058341811498,0.0006259399374728365,-0.001112399325679754,0.0006470804595348002,9.774600874038299e-05,0.0014681657735270658,-0.005687458556390002,0.0013627388200408116,4.26730881436346e-05,0.03683365895325005,0.0032262386520329526,0.015417045107836123,0.0028490716472039275,0.00022761374521176197,0.0007873339678351122,0.022279950752108587,0.0007402102896252713,0.0007382495382597367,-0.0028096744944133903,7.542625634821321e-05,0.00010561750769734685,2.938798062117474e-06,0.0006178290652934927,8.20347267973912e-05,-0.0003732480726775486,0.00035461958625541544,-0.003779060565852361,0.004308983099851402,0.0022184433070988017,-0.005533141697652939,9.455714976781655e-05,0.00027549762070270504,0.0011013776881349379,-0.00033720078810428296,0.0005054709618171682,0.00019206528124813546,0.0012781723439758402,0.00036880414036228514,0.006885338829707318,0.0007986542388523393,-0.00025045133831221153,-0.0011704892104325653,0.0032543664334218456,0.006001530369925998,-0.0005610910689095825,0.00041415261759756704,0.00044597145985537907,0.0003030151509943022,0.000995431099718389,0.0005677369619278901,0.0007081678274924702,-0.0015064816454410808,1.9445602641683776e-05,0.0021799182819318514,0.0033345794078772704,-0.00011840455933658517,-8.194307381829516e-05,0.0009642589150462218,9.754353623574289e-05,-0.003706155551827629,0.0,0.00045917304609226743,-0.00036554258756789696,2.8619556499535383e-11,0.0005228812652716133,-0.0007353738484792105,-0.0005331138456740359,-4.8547896033199916e-05,-0.0011222335809409744,0.01312970627581286,0.002320743075209629,0.00022263051810189242,0.0006331325364948814,-0.0002604791079902613,-0.0003722190197024243,-6.268170150707455e-05,0.00230982472802253,0.00015967542026972957,-0.0020170961455392516,-0.0009591874237086557,-0.0009434914228731779,-0.001007798080527342,0.000275848288883976,0.0007694485541310223,0.00026039423715993557,-0.00017897381040940765,0.003181908352678783,-0.00144111807448037,-0.0030837031927272137,0.003637930931735824,-0.00023324501085501272,-0.00022240949943324058,-0.0014628578914510232,-0.003567766003577077,0.0015591037855032916,0.0,-8.714915791728575e-05,0.0,0.0,0.0,0.0,0.0,0.0,0.0,0.0,-0.0009884454285336768
2026-01-28,0.00011109031171313814,0.0031017746158789367,0.0009686132432387285,0.00045784801018194075,-0.0004177401860305139,0.0006259399374728365,0.0009684188112374009,0.0006056319251605198,-0.0002911624160646703,0.00215961468463706,-0.0057102137422452405,0.001360025974215079,0.00014554345085667877,0.030405936230668035,-0.004010519551846545,0.014923608916365733,-0.0008285067655467586,0.0004466810162265988,-0.00014271277062044777,0.009351346311404265,-0.00036491474967638736,0.0006559608923238199,-7.588493081882777e-05,-0.00017646950142438558,0.00010561750769734685,2.938798062117474e-06,0.0005786696732725957,-2.5147146287156435e-05,-0.001034163283642051,0.00035461958625541544,-0.0034784445584663346,0.0034579819039422563,0.0020759578658809978,-0.004283023426985283,9.464368030929888e-05,0.0011362372788118243,0.0012841829832406781,-0.00010932365469450898,0.0005054709618171682,0.00019206528124813546,0.001240240411622597,0.0008887305725768997,0.006695445465745561,0.0010315732234366661,-0.00031346281384610225,-0.001058993523383659,0.003368617835494065,0.005500641263566778,0.0004719857606287621,0.00041415261759756704,0.00044597145985537907,0.0006021606326088375,0.0019032234564670823,-7.748267518522637e-05,0.0004956251983137639,-0.0016715176534174538,1.9445602641683776e-05,0.0021799182819318514,0.0033919306618423587,-0.00011840455933658517,-8.194307381829516e-05,0.0010149023994627303,0.0002465557308730943,-0.003628921907479004,0.0,0.00045917304609226743,-0.00021919835598434897,-0.0002880414908251223,0.0002813780142615366,-0.0012189914957077075,-0.0005990721377557392,0.00019841546921570266,-0.0011222335809409744,0.014491717419948973,0.003764115700445762,-9.631101611170307e-05,0.0006138551964974064,0.000533225802541655,-0.00027502383970416075,0.000178064532051507,0.002490145893108398,-0.00013655686499609057,-0.002042456571530502,-0.0004033712915809478,-0.0007538499295459395,-0.0009558099494786748,0.00020908121545326196,0.0014133674862897613,-3.5867628230390114e-05,-0.00017897381040940765,0.003181908352678783,-0.005456597052282277,-0.0031615590577926144,0.0024138299384922897,-0.00023324501085501272,0.0030451057445961697,-0.0014930170279441987,-0.0031358864256152297,0.0015692209034219079,0.0,-9.238398016691988e-05,0.0,0.0,0.0,0.0,0.0,0.0,0.0,0.0,-0.0009884454285336768
2026-02-04,4.964329175610602e-05,0.0019261618368452238,0.00048474299003087643,-5.245952571568871e-05,-0.0010815176853151082,0.00038825016198720515,0.00018138198202219093,0.00011283695526686838,-0.00021563630693697606,0.0008379726026323009,-0.004491721671331587,0.001519300138318269,0.00014554345085667877,0.0520179525717142,0.0049495910211422856,0.01925654231864292,0.003284068826086988,-0.0017506754816043427,-0.003983990121713608,0.032637375686048145,0.0006687842831374705,-1.5782510522806327e-06,-0.0014519174650267036,-4.943203636921651e-05,-3.395849293109348e-05,0.00015289762146206845,-0.0038105787043480094,6.29310905834755e-05,0.0006336496443999282,-0.0001484433041242495,-0.0020762336034104174,0.003023630854374904,0.002185734243811146,-0.003397467972009069,-1.4851596989781337e-05,0.0014553561507808744,0.001391209185092455,-0.0002551261935103185,8.273160034491723e-05,-0.0005277744662554064,0.0013461284136337566,0.0028111814751620987,0.00707158584006927,0.0006389045881857439,0.0006935737987861849,-0.00046173022985285397,0.006312365760661083,0.010792947966802423,-0.001382422493806292,4.108874355305193e-05,0.0003138565190593719,0.000554653028117765,0.003331255210780233,0.007057917866014451,0.0006385678355472551,0.000389731596415164,-0.0014045487993845902,0.00020209512270891292,0.0014320887451808539,0.00045247317236494236,-8.194307381829516e-05,-0.0006658719275284659,-1.2005578477953952e-05,-0.005749419143990678,0.0,-0.0004608906366465515,0.0012018059100940906,0.0005122121189208097,0.00046118957042988473,-0.0007745439310631609,0.001378554065493596,0.00029849852256914287,-0.0013097691684344412,-0.0027173620450695354,0.0015351044819522834,3.897423260969997e-05,0.0003596806819473019,-0.0002604791079902613,-0.0004125542902220376,-7.585917606197187e-05,0.0027473336918007792,0.00015967542026972957,-4.0744466241042954e-05,-9.863001706436462e-05,-0.0007009174755395898,-0.001110699594211258,-0.00018590905427065226,0.0008016718614447929,0.0002727642321334011,-0.0002308077683142322,0.0029309577902888206,-0.004269095500319241,0.0030984068496322315,0.0012767885789848467,-0.00019418274872995487,0.002815984735485729,-0.001236956146389214,-0.0029244147705352677,0.0015147821014379196,0.0,5.080774831621724e-06,0.0,0.0,0.0,0.0,0.0,0.0,0.0,0.0,-0.0009884454285336768
2026-02-11,-0.00020075210648626008,-0.003823543027836892,-5.5009826620835746e-06,0.00029758558664982144,-0.0009196011105464725,0.00020072942075302465,5.751752991959869e-05,-0.0014217853513547479,-0.0007489428772337924,0.0007474607488352804,-0.00464993246307533,0.0012969673337763859,-0.0003754926267931708,0.010186185954490596,-0.0025930029960618936,0.003757029601444671,-0.0011187401306206048,-0.005307382991611062,-0.0012189544798840738,-1.4891779938034826e-05,-0.0006154176457344951,0.0003530326367838769,-0.0015344499662376203,0.00011476560727110621,-3.059970439101765e-05,0.0005299422272949437,0.0005742422452805435,-4.411356354509514e-06,0.001195339338327378,-0.00011288150052412146,-0.00530787633693149,0.0029665744404436044,0.0017504610448931803,-0.0021571113371644042,-0.00020348802631688055,0.000273572759262582,0.0014428197365972271,5.522085003899391e-05,9.056858427425711e-05,-0.0005277744662554064,0.001451944950493337,0.003174660336290893,0.007646225992478115,0.0006892429736993341,0.0002679346098590123,-0.0004001257115462716,0.0063139058981534135,0.010875858575100926,-0.00046295637978947736,-0.0006002093634166141,-0.00014370556263667528,0.00015348701750106695,0.0019941107997635027,0.0060899182932981155,0.00045877892743591834,0.0002530086432089501,-0.0032457085524313914,0.001349358947163085,0.0014982236479673017,0.0003119894025798965,-8.194307381829516e-05,5.914523439803263e-05,0.0008858701573683938,-0.005940964788327407,0.0,6.838411379542393e-05,-0.0007744485827378275,0.00016832893265240976,0.00040155094461778154,-0.0014182521941192511,0.00152348887002034,-0.0001404159705870791,-0.0012849540772443292,-0.0025613687881782814,0.0030294469180411655,-7.912470763827661e-05,0.00033912929529356415,0.00037056548993949533,-0.00022605736926154018,3.245143039201392e-05,0.0022592777643981126,0.0002946038156169068,-0.000158013586874488,-0.0021815667118698515,-0.0006545108394374636,-0.0010809774506605882,-0.0011006870616041818,0.0014460161704983995,-0.000385043265301282,-0.00020690566229429136,0.004115316766090331,-0.006103757357215951,0.0030458925334014625,0.0007434657726735584,-0.00019418274872995487,0.0008373397596899948,-0.0010020505977513072,-0.0026759198191237707,0.0014479730630949947,0.0,0.0014666560897774548,0.0,0.0,0.0,0.0,0.0,0.0,0.0,0.0,-0.0009884454285336768
2026-02-18,5.3293168261408705e-05,-0.0040785857408639735,-5.5009826620835746e-06,0.00045663625495411604,-0.000772585520574506,-6.56681545896471e-05,-0.000943023849514962,-0.0012394631226054298,-0.0007489428772337924,0.0007883286995554902,-0.004807435720303253,0.0012971684789950995,0.00014554345085667877,-0.008119274421105048,-0.0037751437339353625,0.0037601414620892144,-0.0005085726829948508,-0.005884314350268558,-0.00039161803170470856,0.00018609191617638055,-0.0007807830684317893,0.0003530326367838769,-0.0014489145426914273,0.00011476560727110621,-3.059970439101765e-05,-8.85527383257728e-05,0.0005742422452805435,-4.411356354509514e-06,0.0018135163200169078,-0.00012878797139643825,-0.00563011813162758,0.002947908148755018,0.0018328646234960228,-0.001705039865288826,-0.0001640948524425531,0.00026157757907704655,0.001345388830722503,-0.00015661029583418517,8.273160034491723e-05,-0.00034175824441107173,0.001424465230216051,0.003672515233786928,0.0077901161731967206,0.0006120530762978911,0.0002679346098590123,-0.00036527105017415397,0.005609869668274278,0.0102792181035175,-0.00046295637978947736,-0.0008404978730171308,-0.00014370556263667528,-0.0003103784554368664,0.0020024096942637807,0.006373242013845091,0.00045877892743591834,0.0002530086432089501,-0.002947090025057598,0.001349358947163085,0.00032138148683385207,0.0003119894025798965,-8.194307381829516e-05,5.914523439803263e-05,0.0006326498459360714,-0.005698315700565854,0.0,-0.0004608906366465515,-0.0007744485827378275,0.00016832893265240976,0.0005351788340308941,-0.0009997898381775344,0.00152348887002034,-0.0001404159705870791,-0.0010512998884327363,-0.002112484022097678,0.0015996627856051935,-7.912470763827661e-05,3.1915816204862034e-05,-0.0004911220844538141,0.0001293389344985757,-3.1976419410811365e-05,0.0028340995996288796,6.087452341579802e-05,-7.087220938798436e-05,-0.0018345709050142122,-0.0007009174755395898,-0.0010243575567046904,-0.0005900187944228212,0.0015003842364223047,-0.0003962844870227134,-0.00020690566229429136,0.004429007861958538,-0.005794431943740224,0.003457620151180147,0.0003645649736687274,-0.00027772410150137916,0.002442800777319891,-0.0010020505977513072,-0.0025326999187518075,0.0015086970566854268,0.0,0.0014666560897774548,0.0,0.0,0.0,0.0,0.0,0.0,0.0,0.0,-0.0010315512170983702
2026-02-25,0.0006058190349674695,0.0028814176313568442,0.00010509375723022434,-8.96985940553613e-05,-0.0009519158728223352,0.0006259399374728365,-0.0006827405142520046,-0.0008559014813129222,-0.0007193203823643173,0.0009841999666806707,-0.0038860849705662204,0.0012493875950539306,7.591724839288547e-05,0.03566761769011202,0.0035814959548220258,0.013713942372805587,0.003284068826086988,-0.003909162639463124,0.0010487343576906904,0.01422275839731472,0.00098760236503216,0.0011476876517040222,-0.0008819762793647105,-4.943203636921651e-05,-3.059970439101765e-05,3.658643720567722e-05,0.0005082210378293409,6.29310905834755e-05,0.0007714655804170615,-0.00010411556522724363,0.002063848561661273,0.00393211731963236,0.00148907492485458,-0.0016783243986510533,0.00024101885752454046,0.00026157757907704655,0.0015091351154122724,0.0005510763261924004,8.273160034491723e-05,-0.00034175824441107173,0.0013438355395079995,0.0033280043042385617,0.006759411323454059,0.0006277715258600057,0.00048252379076418655,8.118789020125439e-05,0.006431512701864684,0.01107538253095505,-0.001391743897224146,-0.00010869178854449964,0.0003138565190593719,0.00023485093147511307,0.00275868632107038,0.005765298104755356,0.00045877892743591834,0.0004929387487250697,-0.0015364229881315642,0.001728762537538314,0.002050501176553641,0.000681715520921987,-8.194307381829516e-05,-0.0004154594056748292,0.001930288243043211,-0.0051185907273644145,0.0,6.838411379542393e-05,-0.0007744485827378275,0.00021857098970556307,0.0006060802159775447,-0.00036468265185509417,0.0013133751085553714,-0.0006211863881821258,-0.0010773632102529904,-0.0025638838821223247,0.002081208050133767,0.0002039883272625991,0.000421833524672102,-0.0004911220844538141,-0.0004577116248718425,4.3214951249942514e-05,0.002462589392643885,-0.00016158449396174888,0.00030607198927781753,0.002475941552424927,0.0009333560214021756,7.746966872180833e-05,-0.0011956261627024882,0.0015094154503312997,-0.00013018676539689177,-0.0003729356760599588,0.0026524073724340665,-0.005300406318494558,0.005095921238546104,0.0019606981854288796,-0.0001973861846026966,0.00331689309244031,-0.00013171561078760178,-0.0007226257964456954,0.0017227429802347807,0.0,0.0019320949684977053,0.0,0.0,0.0,0.0,0.0,0.0,0.0,0.0,-0.0009884454285336768
2026-03-04,4.964329175610602e-05,0.003884195107525879,-0.0001978867637640456,-8.96985940553613e-05,-0.000986926806705281,0.0006259399374728365,0.0004921562687660219,-0.00014576422306346694,0.0002727986384381034,0.0008585971672320822,-0.003161325005464538,0.0014080344578112078,0.0002338288714242323,0.04596426897518716,0.006160542272250961,0.012592320238753155,-0.0009159159430763534,-0.0024457229525158917,0.0006966670807143009,0.030092291062746593,0.0009156720411012207,-0.0006390031240740086,0.000655391983794294,-4.943203636921651e-05,-3.059970439101765e-05,-3.1320640814598547e-06,0.0005082210378293409,8.20347267973912e-05,-0.0007269286586142691,0.0004217515185238076,0.00012196995140036165,0.0037861957445156753,0.0022482081094384885,-0.004215334123157998,0.0010593829388479863,0.0005427633008944375,0.0011588197023743119,0.0006650470101786925,8.273160034491723e-05,-0.00028086907909264476,0.0009525373773503885,0.003439219813521973,0.0069874811204679475,0.0007057784947483865,-0.0006159335571014657,0.000365334186040084,-0.00369619175959984,0.0059110383949288955,0.0009075980698939126,0.00042802186724077816,0.00035256283594235836,-1.097652426152113e-05,0.002574394980299324,0.002554205209459646,0.0010934181061997565,7.440237508629024e-05,-0.00046257428126756327,0.0017068443686894437,0.0020446848548183356,-0.0005891738092662923,0.00026186506893843847,-0.0004661028900913376,0.0014382992041449291,-0.0028281473990078073,0.0,0.00013543299007629832,-0.00028726701264776707,0.0002221664507317465,-0.0016949877955167027,-0.0006180970807107965,0.001378554065493596,-0.0006776173072474607,-0.0017588940991032295,-0.002445547447517951,0.0015388755682533596,-0.00010668136809039951,0.0006997471494669077,0.00037056548993949533,-0.0003605164448735789,-2.557952215014345e-05,0.001962257501802971,-0.00013655686499609057,0.0003478847769153945,-0.00045298221909172696,0.0002953114568114364,0.005132549658313197,-0.0011479618430912599,0.0008016718614447929,0.0001967081121483836,-0.00023717595951554116,0.002865423594462486,-0.0011131961134836312,0.0014436697660376396,0.003300072602853228,-0.00027772410150137916,0.0017713537525848805,-0.000814423040765042,-0.0006373769044629435,0.0016849904866712388,0.0,3.776314059391726e-06,0.0,0.0,0.0,0.0,0.0,0.0,0.0,0.0,-0.0009884454285336768
2026-03-11,-0.00020075210648626008,-0.003638932543495188,0.00023350518606415734,-0.0005027388802597716,-0.0012774918983117496,0.0003195723696464925,5.751752991959869e-05,0.0002727190440840901,6.812351387090786e-05,0.00033328963724314417,-0.004585558828796761,0.0010006373582594661,-0.0004741789017415675,0.03202951862543118,-0.0030646603640837678,0.004194117903037359,-0.0012973364309283868,-0.006053742102975575,-0.0011349292305561606,0.002311013749220511,-0.0004026304658149839,-0.00017047437472449893,-0.0025151379181075567,0.00011476560727110621,-0.00014214574767603086,-0.0001397401206044204,0.0004705093640553191,8.20347267973912e-05,-0.0010032044351663244,-4.954482970183221e-05,0.002843338147712024,0.004062988063431911,0.0023992165228123394,-0.004099284756191563,0.00030434102651670676,0.00026157757907704655,0.0010764550319142814,0.0005973776702234163,9.016430784085121e-05,-0.00028086907909264476,0.0009570652227251939,0.002577352595367298,0.007601735069510403,0.0006581697933661312,9.723399935383971e-05,0.0002162029247281529,-0.0035816485983252867,0.004603384190769782,0.0007826951711229601,0.000503232286374749,0.0004133470343269076,-0.0002714675386229685,0.002504015546802597,0.0015263455050807447,0.0010921219877569064,0.0004374212508815043,-0.0009043742345731211,0.0011731947724157462,0.0023825150584267456,-0.0005891738092662923,0.00026186506893843847,-0.0004661028900913376,0.0016934765107300995,-0.003444057968934745,0.0,6.838411379542393e-05,7.949883483358838e-05,-0.0023001692865355578,0.000468372321198566,-0.0002417473033613218,0.0008438262317550827,0.0001867539507182343,-0.0017588940991032295,-0.0022181216794802338,0.0025010259789882182,-0.0002247803083383761,0.0006331325364948814,-0.0004911220844538141,-0.00025777926947818095,-6.113963688795349e-06,0.0018141074949070825,3.584689445013972e-05,8.654310441792446e-05,0.0032027055482651712,0.00017320058573960052,0.007053785346502784,0.003861500416026911,-0.0017984807262868055,-0.00013087499962614093,-0.00020690566229429136,0.003882523510720439,-0.0011902225674764637,0.0022367068104633217,0.0036600510798318274,-0.00019418274872995487,0.0001556197203834019,-0.0010020505977513072,-0.0008136151773694092,0.0020153926447119604,0.0,-9.238398016691988e-05,0.0,0.0,0.0,0.0,0.0,0.0,0.0,0.0,-0.0009884454285336768
