,∆ Salmon (NOK/KG) 1w,∆ Salmon (NOK/KG) 2w,∆ Salmon (NOK/KG) 1m,∆ Salmon (NOK/KG) 3m,∆ Salmon (NOK/KG) 6m,∆ Salmon (NOK/KG) 12m,Acc 1w,Acc 1m,RVol 4w,RVol 13w,RVol 52w,Spread (FP - SSB),∆ Spread (FP - SSB),FWD 1m,∆ FWD 1m,FWD 3m,∆ FWD 3m,FWD 6m,∆ FWD 6m,FWD 12m,∆ FWD 12m,FWD Slope,FWD Curvature,∆ Export Volume 1w,∆ Export Volume 2w,∆ Export Volume 1m,∆ Chilean Exports 1w,∆ Chilean Exports 2w,∆ Chilean Exports 1m,∆ Chilean Exports 3m,∆ Total Biomass Monthly,∆YOY Total Biomass Monthly,Avg Weight (KG) Monthly,YOY Avg Weight (KG) Monthly,Harvest Intensity 1m Monthly,Harvest Intensity 3m Monthly,Loss Rate 1m Monthly,Loss Rate 3m Monthly,Loss Rate 6m Monthly,Smolt Release 2m Monthly,Smolt Release 3m Monthly,Smolt Release 4m Monthly,Smolt Release 5m Monthly,Smolt Release 6m Monthly,Smolt Release 7m Monthly,Smolt Release 8m Monthly,Smolt Release 9m Monthly,Smolt Release 10m Monthly,Smolt Release 11m Monthly,Smolt Release 12m Monthly,Smolt Release 13m Monthly,Smolt Release 14m Monthly,Smolt Release 15m Monthly,Smolt Release 16m Monthly,Smolt Release 17m Monthly,Smolt Release 18m Monthly,ISA Outbreak,ISA Outbreak 1m,ISA Outbreak 3m,Lice Outbreak,Lice Outbreak 1m,Lice Outbreak 3m,Sea Temp,Sea Temp 12m Avg,∆ EURNOK,∆ EURNOK 1w,∆ EURNOK 2w,∆ EURNOK 1m,∆ EURNOK 3m,∆ EURNOK 6m,∆ EURNOK 12m,CPI NO Monthly,NIBOR 3m,∆ Shrimp Price (Global) 1m Monthly,∆ Shrimp Price (Global) 3m Monthly,∆ Shrimp Price (Global) 6m Monthly,∆ Shrimp Price (Global) 12m Monthly,∆ Broiler Price (EU) 1w,∆ Broiler Price (EU) 2w,∆ Broiler Price (EU) 1m,∆ Broiler Price (EU) 3m,∆ Broiler Price (EU) 6m,∆ Broiler Price (EU) 12m,∆ Pig Price (EU),∆ Pig Price (EU) 1w,∆ Pig Price (EU) 2w,∆ Pig Price (EU) 1m,∆ Pig Price (EU) 3m,∆ Pig Price (EU) 6m,∆ Pig Price (EU) 12m,Meat CPI (EU) Monthly,∆ Fishmeal 1m Monthly,∆ Fishmeal 3m Monthly,∆ Fishmeal 6m Monthly,∆ Fishmeal 12m Monthly,Brent FWD Slope,Brent FWD Curvature,Soybean FWD Slope,Soybean FWD Curvature,Month_01,Month_02,Month_03,Month_04,Month_05,Month_06,Month_07,Month_08,Month_09,Month_10,Month_11
2022-01-05,0.0003644492801302778,0.0006669803297453686,0.00012787210482777386,0.00014073100201153135,-0.00023718776171008897,0.0,0.0,0.0,-2.3466416885209464e-05,0.0,0.0,0.0004932515931457185,3.325805080568907e-05,0.02157728577021648,0.005557669627589902,0.00037971541431890094,-8.861980974641831e-06,-0.00013681166218996405,-0.0005209818954069949,0.0007608670928353938,0.0022597193314746644,-0.0001594989990229309,-3.1197258934274507e-06,-0.0005426737856497131,-0.0006831725499008393,-0.0013307030482597603,3.701036227293325e-05,0.0,0.0,0.0,-0.0003379008087720262,0.0016390008988001591,0.0015904146714480097,0.0005864540059242979,0.004738473314341419,-0.0005100677019982285,0.001169623069632452,0.00018590295084363416,4.073741231521729e-05,-0.00016117817009746521,-0.00013321752731334735,0.0020944147679504955,0.0008357542237461891,-7.748477555593057e-05,1.5427525719550287e-05,-0.0004427031967691553,0.0018060837310306882,-0.0003042617999408822,-0.0005598291184808131,-0.0016071490914748314,-0.0002417244233539198,0.0004105463253285787,-0.00023497166904517391,-0.0001961300365711844,0.0011355404532246273,0.000413207396872779,0.0,-0.00017409671593565117,-0.00014810958897557578,0.0,-0.00024109708655064378,0.000570505575684653,0.00022969170069210185,-0.00022394073884633692,0.0003419489769063097,-0.00017856265842999892,0.0,0.0,0.0,-0.00010239624536714926,0.0010980616696467645,-0.0006519957829592683,0.0,0.006732845571099383,4.374481754967982e-05,0.0,-5.4953769754569425e-05,-0.0005372919114325472,-9.640718854498891e-05,0.0,0.0,0.0,2.599577563115352e-05,-0.00014805499020936736,-0.00032538979880654954,-0.0006257042499016236,-0.00040354579564224913,-0.00040682662607463967,0.00012442281062852918,-7.178864875354833e-05,-0.000598078477931401,-2.5237047896682645e-05,-0.00022765817042477905,-0.000818512955165899,0.0007430677388807452,5.035462408820726e-05,-0.00013179747169397184,0.0005912639654988226,7.842041122679541e-05,-0.0016459096813377253,0.0,0.0,0.0,0.0,0.0,0.0,0.00011027788924999783,0.0,0.0,0.0
2022-01-12,-0.0002038989364605519,0.0006669803297453686,0.00012787210482777386,0.00011431253518669128,-0.00023718776171008897,0.0,0.0,0.0,-2.3466416885209464e-05,0.0,0.0,0.0004932515931457185,-0.00021993227145697614,0.015031697561311655,-0.003195658475425649,0.00037971541431890094,-8.861980974641831e-06,-0.00013681166218996405,-0.0005209818954069949,0.0007608670928353938,-0.0008052390917293974,-0.0001594989990229309,-3.1197258934274507e-06,-0.0005426737856497131,-0.0006831725499008393,-0.0022253900037919193,3.701036227293325e-05,0.0,0.0,0.0,-0.00028343252656675354,0.0016390008988001591,0.0015904146714480097,0.0005864540059242979,0.004810283840334491,-0.0005100677019982285,0.0011668891697304237,0.00018590295084363416,4.073741231521729e-05,-6.304638262706915e-05,-0.00013321752731334735,0.001913928291467005,0.0008768283523732806,-0.00016696216473914473,1.5427525719550287e-05,-0.00040501276234966295,0.0014047916182559693,-0.0002801619585703094,-0.0006161823852122996,-0.0015602627637453347,-0.0002417244233539198,0.0004105463253285787,-0.00023497166904517391,-0.0001961300365711844,0.0011355404532246273,0.0004073106680412584,0.0,-0.00017409671593565117,-0.00014810958897557578,0.0,-0.00024291994762314195,0.000570505575684653,0.00022969170069210185,-0.00019878499049122092,-0.0012450425921195294,0.00022150810792582147,0.0,0.0,0.0,-0.00010239624536714926,0.0010980616696467645,-0.0006519957829592683,0.0,0.006732845571099383,4.374481754967982e-05,0.0,-5.4953769754569425e-05,0.0008534097979482979,0.00020428131141030694,0.0,0.0,0.0,-0.00010546857541782287,6.878187180983364e-06,-0.00032538979880654954,-0.0006257042499016236,-0.00040354579564224913,-0.00040682662607463967,0.00012442281062852918,-7.178864875354833e-05,-3.375600947006055e-05,-2.5237047896682645e-05,-0.00027725492895239303,-0.000818512955165899,0.00045384022281271284,0.000607848501598955,-0.00013179747169397184,0.0009777326639992742,7.842041122679541e-05,-0.0016459096813377253,0.0,0.0,0.0,0.0,0.0,0.0,7.871410771965562e-05,0.0,0.0,0.0
2022-01-19,-0.0002038989364605519,-0.0007185027221109034,0.00012787210482777386,0.00010415335912483629,-0.00023718776171008897,0.0,0.0,0.0,6.147831652694669e-07,0.0,0.0,-0.0004518934071449399,-0.0007323035268552982,-0.02412052308978678,-0.0032333822519066253,-0.0003351212287394526,-7.555072157013414e-05,-0.00013681166218996405,-0.0005605383700405803,0.0007229810835554568,-0.0008052390917293974,-0.0002581504788193821,-7.244398173287308e-05,0.00013594853518543828,0.00028755838363559143,-0.0013384031556531464,3.701036227293325e-05,0.0,0.0,0.0,-0.000271665385877972,0.001541234407964484,0.0015904146714480097,0.0005864540059242979,0.004690628232876826,-0.0005100677019982285,0.0011338698190105057,0.00018590295084363416,4.073741231521729e-05,-6.304638262706915e-05,-0.00013321752731334735,0.00201234495937742,0.0008768283523732806,-0.00016696216473914473,1.5427525719550287e-05,-0.00040501276234966295,0.0014047916182559693,-0.00028685883936958905,-0.0005551119179617049,-0.0015827744454785053,-0.0002417244233539198,0.00038690459338917903,-0.0003770324459211271,-0.0001961300365711844,0.0008377398864237671,0.0002506729772661458,0.0,-0.00017409671593565117,-0.00014810958897557578,0.0,-0.00024291994762314195,0.000570505575684653,0.00022969170069210185,-0.00019878499049122092,0.0003419489769063097,5.051543109831438e-05,0.0,0.0,0.0,-0.00010239624536714926,0.0007780052859859134,-0.0006519957829592683,0.0,0.006732845571099383,4.374481754967982e-05,0.0,-5.4953769754569425e-05,0.0008534097979482979,0.00020428131141030694,0.0,0.0,0.0,-0.00010546857541782287,-0.00014805499020936736,-0.0003120278312577039,-0.0006257042499016236,-0.0004334074821966289,-0.00040682662607463967,0.00012442281062852918,1.4144433404462071e-05,8.597064540556923e-05,-2.5237047896682645e-05,-0.00027725492895239303,-0.0008611111839046356,0.00038356274968827787,0.000607848501598955,-0.00013179747169397184,-0.0004821674002725192,7.842041122679541e-05,-0.0016459096813377253,0.0,0.0,0.0,0.0,0.0,0.0,7.871410771965562e-05,0.0,0.0,0.0
2022-01-26,-0.0002038989364605519,-0.0007185027221109034,0.00012787210482777386,0.00010415335912483629,-0.0002812955138368003,0.0,0.0,0.0,6.147831652694669e-07,0.0,0.0,0.0004932515931457185,3.325805080568907e-05,-0.014830215118081296,-0.003195658475425649,-0.0002785626501341933,-7.555072157013414e-05,-0.00013681166218996405,-0.0005209818954069949,0.0007229810835554568,-0.0008052390917293974,-0.0001594989990229309,-7.244398173287308e-05,0.00013594853518543828,0.0002512222192302747,-0.0022253900037919193,3.701036227293325e-05,0.0,0.0,0.0,0.0021071187506817675,0.001541234407964484,0.0014280045780448573,0.0005864540059242979,0.0005316416113150595,-0.0005100677019982285,0.0011338698190105057,0.00018590295084363416,4.073741231521729e-05,-6.304638262706915e-05,-0.00013321752731334735,0.00201234495937742,0.0008768283523732806,-0.00016696216473914473,1.5427525719550287e-05,-0.00042628245892778417,0.0011617939690901588,-0.00028685883936958905,-0.0005551119179617049,-0.0015827744454785053,-0.0002417244233539198,0.00038690459338917903,-0.0002810152026844673,-0.0001961300365711844,0.0011355404532246273,0.0002506729772661458,0.0,-0.00017409671593565117,-0.00014810958897557578,0.0,-0.00024291994762314195,0.00011892112533712018,0.00022969170069210185,-0.00019878499049122092,0.0003419489769063097,-6.266471199537732e-05,0.0,0.0,0.0,-0.00010239624536714926,0.0011309442016967928,-0.0006519957829592683,0.0,0.006732845571099383,4.374481754967982e-05,0.0,-5.4953769754569425e-05,0.0008534097979482979,0.00020428131141030694,0.0,0.0,0.0,-0.00010546857541782287,-0.00014805499020936736,-0.0002662818956102428,-0.0006257042499016236,-0.0004334074821966289,-0.00040682662607463967,0.00012442281062852918,-7.178864875354833e-05,8.597064540556923e-05,-2.5237047896682645e-05,-0.00027725492895239303,-0.0011360628068347422,0.00038356274968827787,0.000607848501598955,-0.00013179747169397184,0.00012153045135903539,7.842041122679541e-05,-0.0016459096813377253,0.0,0.0,0.0,0.0,0.0,0.0,7.871410771965562e-05,0.0,0.0,0.0
2022-02-02,-0.0002038989364605519,0.0006669803297453686,4.984763685520335e-05,0.00013057182594967634,-0.0002812955138368003,0.0,0.0,0.0,-2.3466416885209464e-05,0.0,0.0,-0.0004518934071449399,-0.00021993227145697614,0.00022605224032753519,0.0054516716276946705,-0.0002785626501341933,-7.555072157013414e-05,-0.00013681166218996405,-0.0005770495547662407,0.0006548255221542932,-0.0008052390917293974,-0.0001594989990229309,-7.244398173287308e-05,0.00013594853518543828,-0.0002864690576779513,0.0005390444971180227,4.397090435132975e-05,0.0,0.0,0.0,0.002693359056118353,0.0016390008988001591,0.0017798161014908485,0.0005864540059242979,0.0007612374085118878,-0.0005100677019982285,0.001169623069632452,0.00018590295084363416,4.073741231521729e-05,-6.304638262706915e-05,-0.00013321752731334735,0.0030284180574221826,0.0008357542237461891,0.00018811728320441447,1.5427525719550287e-05,-0.0014968622826922976,0.0011617939690901588,0.003076106738218518,-0.0006297889567570678,-0.001667430543960074,5.353158331448757e-05,0.0005276878193213584,-0.00023497166904517391,-0.0001961300365711844,-0.00026352264670727115,0.000413207396872779,0.0,-0.00017409671593565117,-0.00014810958897557578,0.0,-0.0002057955544552663,-9.874618242728346e-05,0.00022969170069210185,-0.00019878499049122092,-0.0012450425921195294,0.00022150810792582147,0.0,0.0,0.0,-0.00010239624536714926,0.000745122753935885,-0.0006519957829592683,0.0,-0.0008154848438423675,4.374481754967982e-05,0.0,0.00013068596528997703,0.0008534097979482979,0.00020428131141030694,0.0,0.0,0.0,-0.00010546857541782287,6.878187180983364e-06,-0.0002662818956102428,-0.0006248064364466872,-0.0004334074821966289,-0.00040682662607463967,0.00012442281062852918,-7.178864875354833e-05,8.597064540556923e-05,-2.5237047896682645e-05,-0.000349231160780909,-0.0011360628068347422,0.00045384022281271284,0.000607848501598955,-0.00013179747169397184,0.0009777326639992742,7.842041122679541e-05,0.0001551785016408056,0.0,0.0,0.0,0.0,0.0,0.0,7.871410771965562e-05,0.0,0.0,0.0
2022-02-09,-0.0002038989364605519,-0.0007185027221109034,4.984763685520335e-05,0.00010415335912483629,-0.0002812955138368003,0.0,0.0,0.0,6.147831652694669e-07,0.0,0.0,0.00012577169696627053,3.325805080568907e-05,-0.01004217212412982,-0.0032755153884099653,-0.0002785626501341933,-7.555072157013414e-05,-0.00013681166218996405,-0.0005770495547662407,-6.925684631434116e-05,-0.0008052390917293974,0.0004256061372891679,-7.244398173287308e-05,0.00013594853518543828,0.0002512222192302747,0.001063751668971753,4.397090435132975e-05,0.0,0.0,0.0,0.00263889077391308,0.001541234407964484,0.0017798161014908485,0.0005864540059242979,0.0005316416113150595,-0.0005100677019982285,0.0011338698190105057,0.00018590295084363416,4.073741231521729e-05,-6.304638262706915e-05,-0.00013321752731334735,0.0030284180574221826,0.0008768283523732806,0.00018811728320441447,1.5427525719550287e-05,-0.0014591718482728053,0.001440601349234803,0.0031002065795890906,-0.0005551119179617049,-0.0016899422256932445,0.000595886751373215,0.0005276878193213584,-0.0002810152026844673,-0.0001961300365711844,-0.00026352264670727115,0.0002506729772661458,0.0,-0.00017409671593565117,-0.00014810958897557578,0.0,-0.00024291994762314195,-9.874618242728346e-05,0.00022969170069210185,-0.00019878499049122092,0.0003419489769063097,5.051543109831438e-05,0.0,0.0,0.0,-0.00010239624536714926,0.0010980616696467645,-0.0006519957829592683,0.0,-0.0008154848438423675,4.374481754967982e-05,0.0,0.00013068596528997703,0.0008534097979482979,0.00020428131141030694,0.0,0.0,0.0,-0.00010546857541782287,-0.00014805499020936736,-0.0002662818956102428,-0.0006248064364466872,-0.0004334074821966289,-0.00040682662607463967,0.00012442281062852918,-7.178864875354833e-05,8.597064540556923e-05,-2.5237047896682645e-05,-0.000349231160780909,-0.0011360628068347422,0.00038356274968827787,0.000607848501598955,-0.00013179747169397184,0.0005912639654988226,7.842041122679541e-05,0.0001551785016408056,0.0,0.0,0.0,0.0,0.0,0.0,7.871410771965562e-05,0.0,0.0,0.0
2022-02-16,-0.0002038989364605519,-0.0007185027221109034,4.984763685520335e-05,0.00010415335912483629,-0.0002812955138368003,0.0,0.0,0.0,6.147831652694669e-07,0.0,0.0,-0.00017486393192049472,-0.00021993227145697614,-0.026382617322562373,-0.003231185761696271,-0.0003351212287394526,-7.555072157013414e-05,-0.00013681166218996405,-0.0005770495547662407,-0.0034770872106870006,-0.0008052390917293974,0.0006888471326009419,-7.244398173287308e-05,0.00013594853518543828,-0.0002864690576779513,-0.0004401241824076603,4.397090435132975e-05,0.0,0.0,0.0,0.002725021480484891,0.001541234407964484,0.0016458461157324601,0.0005864540059242979,0.0004514825765289038,-0.0005100677019982285,0.0011338698190105057,0.00018590295084363416,4.073741231521729e-05,-6.304638262706915e-05,-0.00013321752731334735,0.0030284180574221826,0.0008768283523732806,0.00018811728320441447,1.5427525719550287e-05,-0.0014994935800437658,0.0011617939690901588,0.002703009868353594,-0.0005551119179617049,-0.0016052539765294502,0.000595886751373215,0.00046739665256266164,-0.0003770324459211271,-0.0001961300365711844,-0.0005613232135081315,0.00013664585675319467,0.0,-0.00017409671593565117,-0.00014810958897557578,0.0,0.0001958765810828787,-9.874618242728346e-05,0.00022027864514558937,-0.00019878499049122092,0.0003419489769063097,-6.266471199537732e-05,0.0,0.0,0.0,-0.00010239624536714926,0.0006664610799450904,0.0003085204188085898,0.0,-0.0008154848438423675,4.374481754967982e-05,0.0,0.00013068596528997703,0.0008534097979482979,0.00020428131141030694,0.0,0.0,0.0,-0.00010546857541782287,-0.00014805499020936736,0.0025056067071259685,-0.0008647139436168716,0.0018413484142630857,-0.0006840347072033859,0.00010504620204991115,1.4144433404462071e-05,0.0003193558672290129,-2.5237047896682645e-05,-0.000349231160780909,-0.0011360628068347422,0.00038356274968827787,0.000607848501598955,-0.00013179747169397184,0.0009777326639992742,7.842041122679541e-05,0.0001551785016408056,0.0,0.0,0.0,0.0,0.0,0.0,7.871410771965562e-05,0.0,0.0,0.0
2022-02-23,-0.0002038989364605519,-0.0007185027221109034,-0.0003753587112590613,0.00010415335912483629,-0.0002812955138368003,0.0,0.0,0.0,-5.060068271460644e-05,0.0,0.0,-0.00017486393192049472,-0.00021993227145697614,-0.02605255967542632,-0.003231185761696271,-0.0003351212287394526,-7.555072157013414e-05,-0.00013681166218996405,-0.0011106490150440734,-0.0034770872106870006,-0.0008052390917293974,0.0006888471326009419,-7.244398173287308e-05,0.00013594853518543828,-0.0002864690576779513,0.0005313443897246366,4.397090435132975e-05,0.0,0.0,0.0,0.002725021480484891,0.001541234407964484,0.0021663454607963083,0.0005864540059242979,-0.0011756725814219295,-0.0005100677019982285,0.0012556377238281853,0.00018590295084363416,4.073741231521729e-05,-6.304638262706915e-05,-0.00013321752731334735,0.0030284180574221826,0.0008768283523732806,0.00018811728320441447,1.5427525719550287e-05,-0.0014591718482728053,0.0011617939690901588,0.002703009868353594,-0.0005551119179617049,-0.0016899422256932445,0.000595886751373215,0.00046739665256266164,-0.0003770324459211271,-0.0001961300365711844,-0.0009992037434560308,0.00013664585675319467,0.0,-0.00017409671593565117,-0.00014810958897557578,0.0,0.0001958765810828787,-9.874618242728346e-05,0.00022027864514558937,-0.00019878499049122092,0.0003419489769063097,-6.266471199537732e-05,0.0,0.0,0.0,-0.00010239624536714926,-0.0005566843294279121,0.0003023569181600279,0.0,-0.0007438942607345905,4.374481754967982e-05,0.0,0.00013068596528997703,0.0008534097979482979,0.00020428131141030694,0.0,0.0,0.0,-0.00010546857541782287,-0.00014805499020936736,0.0025056067071259685,-0.0008647139436168716,0.0001317334057351758,-0.0006840347072033859,0.00010504620204991115,1.4144433404462071e-05,0.0003193558672290129,-2.5237047896682645e-05,-0.000349231160780909,-0.0011360628068347422,0.00038356274968827787,0.000607848501598955,-0.00013179747169397184,0.0009777326639992742,7.842041122679541e-05,0.0001551785016408056,0.0,0.0,0.0,0.0,0.0,0.0,7.871410771965562e-05,0.0,0.0,0.0
2022-03-02,-0.0002038989364605519,-0.0007185027221109034,-0.0003753587112590613,0.00010415335912483629,-0.0002812955138368003,0.0,0.0,0.0,-5.060068271460644e-05,0.0,0.0,-0.00017486393192049472,3.325805080568907e-05,-0.025839054105745187,-0.003231185761696271,-0.0003351212287394526,-7.555072157013414e-05,-0.00013681166218996405,4.322538305645286e-05,-0.003432722492816246,-0.0006090245157276265,0.0006888471326009419,-7.244398173287308e-05,0.00013594853518543828,0.00042710884719980276,0.0006472494701010648,4.397090435132975e-05,0.0,0.0,0.0,0.00268081541995105,0.001541234407964484,0.0021663454607963083,0.0005864540059242979,-0.00116565322742253,1.5591589144050663e-05,0.0012779813305421376,0.00012482006185784858,4.073741231521729e-05,0.00013067386169027232,-0.00011608176337066719,0.0030284180574221826,0.0008768283523732806,0.00020795475488909443,1.5427525719550287e-05,-0.0014994935800437658,-0.0006026661865486194,0.002780488875201593,-0.00045561809942419904,-0.0016052539765294502,0.0006951459572127085,0.0006116018971637753,-0.0004843908097269668,-0.0001961300365711844,0.0008818393960943018,-1.8197876996232968e-05,0.0,-0.00017409671593565117,-0.00014810958897557578,0.0,0.00028293848647774876,0.00011892112533712018,0.00022027864514558937,-0.00022394073884633692,-0.0012450425921195294,5.051543109831438e-05,0.0,0.0,0.0,-0.00010239624536714926,-0.0005566843294279121,0.0003023569181600279,0.0,-0.0007438942607345905,4.374481754967982e-05,0.0,0.00013068596528997703,-0.00047895811403296995,0.00020428131141030694,0.0,0.0,0.0,0.0004688419005390206,6.878187180983364e-06,0.0041669823551065315,0.006445974384940526,0.0031485231857689053,-0.0006840347072033859,0.00010504620204991115,1.4144433404462071e-05,0.0003193558672290129,5.248207973656654e-05,-0.00027725492895239303,-0.0011360628068347422,0.00038356274968827787,0.00048056456914229487,-0.00013179747169397184,0.0005912639654988226,7.842041122679541e-05,0.0001551785016408056,0.0,0.0,0.0,0.0,0.0,0.0,7.871410771965562e-05,0.0,0.0,0.0
2022-03-09,0.0003644492801302778,0.0006669803297453686,-0.0003753587112590613,0.00013057182594967634,-0.0002812955138368003,0.0,0.0,0.0,6.147831652694669e-07,0.0,0.0,-0.0004518934071449399,3.325805080568907e-05,-0.026246336376198328,0.006390659765972205,-0.0003351212287394526,-7.555072157013414e-05,-0.00013681166218996405,0.0008871830307601169,-0.003432722492816246,0.0022597193314746644,0.0006888471326009419,-7.244398173287308e-05,0.00013594853518543828,0.00042710884719980276,-0.00031651899463784594,4.397090435132975e-05,0.0,0.0,0.0,0.0026263471377457777,0.001541234407964484,0.00203237547503792,0.0005864540059242979,-0.0012374637534156015,1.5591589144050663e-05,0.0013695614881610776,0.00012482006185784858,4.073741231521729e-05,0.00013067386169027232,-0.00011608176337066719,0.003177283428383608,0.0008357542237461891,0.00020795475488909443,1.5427525719550287e-05,-0.001537184014463258,-0.0006026661865486194,0.00275638903383102,-0.0003992648326927127,-0.0016052539765294502,0.0006951459572127085,0.0006116018971637753,-0.0004843908097269668,-0.0001961300365711844,0.0008818393960943018,-1.2301148164712334e-05,0.0,-0.00017409671593565117,-0.00014810958897557578,0.0,0.0001740402665186469,0.00011892112533712018,0.00022027864514558937,-0.00022394073884633692,0.0003419489769063097,5.051543109831438e-05,0.0,0.0,0.0,-0.00010239624536714926,0.0007780052859859134,0.0003023569181600279,0.0,-0.0006953081028113103,4.374481754967982e-05,0.0,0.00013068596528997703,-0.00047895811403296995,-9.640718854498891e-05,0.0,0.0,0.0,0.0004688419005390206,-0.00014805499020936736,0.004274947191552108,0.006445974384940526,0.0031485231857689053,-0.0006840347072033859,-0.0006870621121339601,-8.700969639714539e-05,0.0003193558672290129,5.248207973656654e-05,-0.00027725492895239303,-0.0011360628068347422,0.0007430677388807452,0.00048056456914229487,-0.00013179747169397184,0.0005912639654988226,4.336931045499561e-06,0.0001551785016408056,0.0,0.0,0.0,0.0,0.0,0.0,0.00011027788924999783,0.0,0.0,0.0
2022-03-16,0.0003644492801302778,0.0006669803297453686,4.984763685520335e-05,0.00013057182594967634,-0.0002812955138368003,0.0,0.0,0.0,6.147831652694669e-07,0.0,0.0,-0.00017486393192049472,3.325805080568907e-05,-0.011984484263423807,0.005349978641281387,-0.0002785626501341933,-7.555072157013414e-05,-0.00013681166218996405,4.322538305645286e-05,-0.003394836483536309,0.0016200500522109739,0.0004256061372891679,-7.244398173287308e-05,-0.0005426737856497131,-0.001223609267482612,-0.00031651899463784594,4.397090435132975e-05,0.0,0.0,0.0,0.0026263471377457777,0.001541234407964484,0.00203237547503792,0.0005864540059242979,-0.001247483107415001,1.5591589144050663e-05,0.0013695614881610776,0.00012482006185784858,4.073741231521729e-05,5.1114330672073984e-05,-0.00011608176337066719,0.0030395106834998574,0.0008357542237461891,0.00020795475488909443,1.5427525719550287e-05,-0.001537184014463258,-0.0006026661865486194,0.002741435724649067,-0.0003992648326927127,-0.0016052539765294502,0.0006951459572127085,0.000671893063922472,-0.00038837356649030705,-0.0001961300365711844,0.0011796399628951622,0.00010172597234823878,0.0,-0.00017409671593565117,-0.00014810958897557578,0.0,0.0001740402665186469,0.00011892112533712018,0.00022027864514558937,-0.00019878499049122092,0.0003419489769063097,-6.266471199537732e-05,0.0,0.0,0.0,-0.00010239624536714926,0.0006664610799450904,-0.0006581592836078302,0.0,-0.0008154848438423675,4.374481754967982e-05,0.0,0.00013068596528997703,0.0007340522768592808,-9.640718854498891e-05,0.0,0.0,0.0,0.0004688419005390206,-0.00014805499020936736,0.004274947191552108,0.00668588189211071,0.002453431728054997,-0.0006840347072033859,-0.0006870621121339601,0.00044160896051425203,0.0003193558672290129,5.248207973656654e-05,-0.00027725492895239303,-0.0011360628068347422,0.0007430677388807452,0.00048056456914229487,-0.00013179747169397184,0.0005912639654988226,4.336931045499561e-06,0.0001551785016408056,0.0,0.0,0.0,0.0,0.0,0.0,0.00011027788924999783,0.0,0.0,0.0
2022-03-23,0.0003644492801302778,0.0006669803297453686,4.984763685520335e-05,-0.00016658051167083748,-0.0002812955138368003,0.0,0.0,0.0,-2.3466416885209464e-05,0.0,0.0,-0.0004518934071449399,-0.00021993227145697614,0.006260938418964392,0.005349978641281387,-0.0002785626501341933,-7.555072157013414e-05,-0.00013681166218996405,0.0008871830307601169,-0.003432722492816246,0.0016200500522109739,0.0004256061372891679,-7.244398173287308e-05,0.00013594853518543828,-0.00011058242970842321,-0.0012147979678833322,4.397090435132975e-05,0.0,0.0,0.0,0.003395385465518606,0.0016390008988001591,0.0021644113725335706,0.0005864540059242979,-0.00240360510677419,1.5591589144050663e-05,-0.0005551548390819554,0.00012482006185784858,-3.6885360813235264e-05,5.1114330672073984e-05,-0.00011608176337066719,0.003007889577977792,0.0008357542237461891,0.00020795475488909443,1.5427525719550287e-05,-0.001537184014463258,-0.0006026661865486194,0.002741435724649067,-0.0004603352999433074,-0.0015827422947962797,0.0006951459572127085,0.0005547515699296923,-0.00034233003285101364,-0.0001961300365711844,0.0011796399628951622,0.0002583636631233514,0.0,-0.00017409671593565117,-0.00014810958897557578,0.0,0.0001740402665186469,0.00011892112533712018,0.00022027864514558937,-0.00019878499049122092,-0.0012450425921195294,-0.00017856265842999892,0.0,0.0,0.0,-0.00011183500851639992,0.000745122753935885,-0.0006581592836078302,0.0,-0.0008154848438423675,4.374481754967982e-05,0.0,0.00013068596528997703,0.0007340522768592808,-3.7456068250812854e-05,0.0,0.0,0.0,0.0004688419005390206,6.878187180983364e-06,0.002613571543571545,0.00668588189211071,0.0034637287314225962,-0.0006840347072033859,-0.0006870621121339601,0.00044160896051425203,0.0006321112105775966,5.248207973656654e-05,-0.0004036392117017399,-0.0011360628068347422,0.0007430677388807452,0.00048056456914229487,-0.00013179747169397184,0.0009777326639992742,4.336931045499561e-06,0.0001551785016408056,0.0,0.0,0.0,0.0,0.0,0.0,0.00011027788924999783,0.0,0.0,0.0
2022-03-30,-0.0002038989364605519,-0.0007185027221109034,4.984763685520335e-05,0.00010415335912483629,-0.0002812955138368003,0.0,0.0,0.0,-2.3466416885209464e-05,0.0,0.0,-0.0004518934071449399,3.325805080568907e-05,0.00017972866335196888,-0.003231185761696271,-0.0002785626501341933,-7.555072157013414e-05,-0.00013681166218996405,-0.0005770495547662407,-0.003432722492816246,-0.0008052390917293974,0.0004256061372891679,-7.244398173287308e-05,0.00013594853518543828,0.00042710884719980276,-0.0003242191020312321,4.397090435132975e-05,0.0,0.0,0.0,0.00325023668696539,0.0016390008988001591,0.0023822529102211737,0.0005864540059242979,-0.0023935857527747906,1.5591589144050663e-05,-0.0005909080897039014,0.00012482006185784858,4.073741231521729e-05,0.00013067386169027232,-0.00011608176337066719,0.0030284180574221826,0.0008768283523732806,0.00020795475488909443,1.5427525719550287e-05,-0.0014994935800437658,-0.0006026661865486194,0.0026880565591716407,-0.00039454763217360435,-0.0015827422947962797,0.0006951459572127085,0.000671893063922472,-0.00034233003285101364,-0.0001961300365711844,0.0011796399628951622,0.00025246693429183077,0.0,-0.00017409671593565117,-0.00014810958897557578,0.0,0.00028293848647774876,0.00011892112533712018,0.00022027864514558937,-0.00022394073884633692,0.0003419489769063097,-0.00017856265842999892,0.0,0.0,0.0,-0.00011183500851639992,0.000745122753935885,-0.0006581592836078302,0.0,-0.0008154848438423675,4.374481754967982e-05,0.0,0.00013068596528997703,-0.00047895811403296995,-3.7456068250812854e-05,0.0,0.0,0.0,0.0004688419005390206,-0.00014805499020936736,0.004274947191552108,0.00668588189211071,0.0031485231857689053,-0.0006840347072033859,-0.0006870621121339601,0.00044160896051425203,0.0003193558672290129,5.248207973656654e-05,-0.0004036392117017399,-0.0011360628068347422,0.00038356274968827787,0.0006716489595130778,-0.00013179747169397184,0.0005912639654988226,4.336931045499561e-06,0.0001551785016408056,0.0,0.0,0.0,0.0,0.0,0.0,7.871410771965562e-05,0.0,0.0,0.0
2022-04-06,-0.0002038989364605519,-0.0007185027221109034,4.984763685520335e-05,0.00010415335912483629,-0.0002812955138368003,0.0,0.0,0.0,6.147831652694669e-07,0.0,0.0,-0.0004518934071449399,-0.00021993227145697614,-0.012549992916001198,-0.003334029547838624,-0.0002785626501341933,-7.555072157013414e-05,-0.00013681166218996405,2.376758690282837e-05,-0.00299595547340826,-0.0008052390917293974,0.0004256061372891679,-7.244398173287308e-05,0.00013594853518543828,0.00042710884719980276,0.0006472494701010648,3.701036227293325e-05,0.0,0.0,0.0,0.003336367393537201,0.001541234407964484,0.002516222895979562,0.0005864540059242979,-0.0018921338743223993,1.5591589144050663e-05,-0.0006132516964178537,0.00012482006185784858,4.073741231521729e-05,5.1114330672073984e-05,-0.00013321752731334735,0.0030284180574221826,0.0008768283523732806,-0.00016696216473914473,1.5427525719550287e-05,-0.0014994935800437658,-0.0006026661865486194,-0.002665303056738502,-0.0005551119179617049,-0.00116028251833838,0.0006951459572127085,0.0006116018971637753,-0.00038837356649030705,-0.0001961300365711844,0.0011355404532246273,0.0002506729772661458,0.0,-0.00017409671593565117,-0.00014810958897557578,0.0,-0.00015585804222827186,0.00011892112533712018,0.00022969170069210185,-0.00019878499049122092,0.0003419489769063097,5.051543109831438e-05,0.0,0.0,0.0,0.0022967724434969205,0.0007780052859859134,-0.0006581592836078302,0.0,-0.0008154848438423675,4.374481754967982e-05,0.0,0.00013068596528997703,0.0007340522768592808,-3.7456068250812854e-05,0.0,0.0,0.0,0.0004688419005390206,-0.00014805499020936736,-0.0003388254653970552,-0.0006257042499016236,0.0031485231857689053,-0.0006840347072033859,-0.000848193909787731,0.00044160896051425203,0.0003193558672290129,5.248207973656654e-05,-0.0004036392117017399,-0.0012926369835220745,0.0009495918858442581,0.0006716489595130778,-0.00013179747169397184,0.0009777326639992742,4.336931045499561e-06,0.0001551785016408056,0.0,0.0,0.0,0.0,0.0,0.0,7.871410771965562e-05,0.0,0.0,0.0
2022-04-13,-0.0002038989364605519,-0.0007185027221109034,-0.0003753587112590613,0.00010415335912483629,-0.0002812955138368003,0.0,0.0,0.0,6.147831652694669e-07,0.0,0.0,-0.0004518934071449399,-0.00021993227145697614,-0.025941681712563752,-0.003334029547838624,-0.0003351212287394526,-7.555072157013414e-05,-0.00013681166218996405,-0.001094137830318413,-0.002958069464128323,-0.0008052390917293974,0.0006888471326009419,-7.244398173287308e-05,-0.0005426737856497131,-0.001223609267482612,-0.0003242191020312321,3.701036227293325e-05,0.0,0.0,0.0,0.0033908356757424733,0.001541234407964484,0.0023822529102211737,0.0005864540059242979,-0.002101837446497747,1.5591589144050663e-05,-0.0006132516964178537,0.00012482006185784858,4.073741231521729e-05,0.00013067386169027232,-0.00013321752731334735,0.0030284180574221826,0.0008717319701630664,-0.00016696216473914473,1.5427525719550287e-05,-0.0014994935800437658,-0.0006026661865486194,-0.002713509963506496,-0.0006161823852122996,-0.00116028251833838,0.0006951459572127085,0.0006116018971637753,-0.0004843908097269668,-0.0001961300365711844,0.00039985935647586767,0.00013664585675319467,0.0,-0.00017409671593565117,-0.00014810958897557578,0.0,-0.00015585804222827186,0.00011892112533712018,0.00022969170069210185,-0.00022394073884633692,-0.0012450425921195294,-6.266471199537732e-05,0.0,0.0,0.0,-0.00011183500851639992,0.0007780052859859134,-0.0006581592836078302,0.0,-0.0007438942607345905,4.374481754967982e-05,0.0,0.00013068596528997703,-0.00047895811403296995,-3.7456068250812854e-05,0.0,0.0,0.0,0.0004688419005390206,6.878187180983364e-06,-0.0003388254653970552,-0.0008656117570718081,0.0017193303523487889,-0.0006840347072033859,-0.000848193909787731,-8.700969639714539e-05,0.0003193558672290129,-2.5237047896682645e-05,-0.0004036392117017399,-0.0012926369835220745,0.00038356274968827787,0.0006716489595130778,9.974746617037573e-05,0.0009777326639992742,4.336931045499561e-06,0.0001551785016408056,0.0,0.0,0.0,0.0,0.0,0.0,7.871410771965562e-05,0.0,0.0,0.0
2022-04-20,-0.0002038989364605519,-0.0007185027221109034,-0.0003753587112590613,0.00010415335912483629,-0.00023718776171008897,0.0,0.0,0.0,6.147831652694669e-07,0.0,0.0,-0.0004518934071449399,-0.00021993227145697614,-0.026003001446080108,-0.003334029547838624,-0.0003351212287394526,-7.555072157013414e-05,-0.00013681166218996405,-0.0005605383700405803,-0.00299595547340826,-0.0008052390917293974,0.0006888471326009419,-7.244398173287308e-05,0.00013594853518543828,0.00046344501160511947,0.0006472494701010648,3.701036227293325e-05,0.0,0.0,0.0,0.003336367393537201,0.001541234407964484,0.002238892918421916,0.0005864540059242979,0.00491963851592756,1.5591589144050663e-05,-0.0012619263148694391,0.00012482006185784858,4.073741231521729e-05,5.1114330672073984e-05,-0.00013321752731334735,0.0030284180574221826,0.0008717319701630664,-0.00016696216473914473,1.5427525719550287e-05,-0.0014994935800437658,-0.0006026661865486194,-0.002713509963506496,-0.0005551119179617049,-0.00116028251833838,0.0006951459572127085,0.0006116018971637753,-0.0004843908097269668,-0.0001961300365711844,0.0008377398864237671,0.00013664585675319467,0.0,-0.00017409671593565117,-0.00014810958897557578,0.0,-0.00015585804222827186,0.00011892112533712018,0.00022969170069210185,-0.00019878499049122092,0.0003419489769063097,5.051543109831438e-05,0.0,0.0,0.0,-0.00010239624536714926,0.0007780052859859134,-0.0006519957829592683,0.0,-0.0007438942607345905,4.374481754967982e-05,0.0,0.00013068596528997703,0.0007340522768592808,0.00020428131141030694,0.0,0.0,0.0,0.0004688419005390206,-0.00014805499020936736,0.0018471725379155474,-0.0008656117570718081,0.002414421810062697,-0.0006840347072033859,-0.0006870621121339601,-8.700969639714539e-05,0.0003193558672290129,-2.5237047896682645e-05,-0.0004036392117017399,-0.001017685360591968,0.00038356274968827787,0.0006716489595130778,9.974746617037573e-05,0.0009777326639992742,4.336931045499561e-06,0.0001551785016408056,0.0,0.0,0.0,0.0,0.0,0.0,7.871410771965562e-05,0.0,0.0,0.0
2022-04-27,-0.0002038989364605519,-0.0007185027221109034,-0.0003753587112590613,0.00010415335912483629,-0.00023718776171008897,0.0,0.0,0.0,6.147831652694669e-07,0.0,0.0,-0.0004518934071449399,-0.00021993227145697614,-0.026287720518035775,-0.003296305771357648,-0.0003351212287394526,-7.555072157013414e-05,-0.00013681166218996405,-0.0005605383700405803,-0.0029137047462575684,-0.0008052390917293974,0.0006888471326009419,-7.244398173287308e-05,-0.0005426737856497131,-0.0012972132928164588,-0.0021094849234154912,3.701036227293325e-05,0.0,0.0,0.0,0.0037203274096770725,0.001541234407964484,0.0018870813949759245,0.0005864540059242979,0.004799678972188997,1.5591589144050663e-05,-0.0012395827081554869,0.00012482006185784858,4.073741231521729e-05,5.1114330672073984e-05,-0.00011608176337066719,0.0030284180574221826,0.0008717319701630664,-0.0002919177853508916,1.5427525719550287e-05,-0.0014994935800437658,-0.0006026661865486194,-0.002713509963506496,-0.00039454763217360435,-0.00116028251833838,0.0006951459572127085,0.0006116018971637753,-0.0004843908097269668,-0.0001961300365711844,0.0008818393960943018,-1.8197876996232968e-05,0.0,-0.00017409671593565117,-0.00014810958897557578,0.0,-0.00015585804222827186,-9.874618242728346e-05,0.00022027864514558937,-0.00019878499049122092,0.0003419489769063097,-6.266471199537732e-05,0.0,0.0,0.0,-0.00010239624536714926,0.0007780052859859134,-0.0006519957829592683,0.0,-0.0007438942607345905,4.374481754967982e-05,0.0,0.00013068596528997703,0.0007340522768592808,0.00020428131141030694,0.0,0.0,0.0,0.0004688419005390206,-0.00014805499020936736,0.004528351219742137,0.006300283479189163,0.002453431728054997,-0.0006840347072033859,-0.0006870621121339601,-8.700969639714539e-05,0.0003193558672290129,5.248207973656654e-05,-0.0004036392117017399,-0.001017685360591968,0.00038356274968827787,0.0006716489595130778,9.974746617037573e-05,0.0009777326639992742,4.336931045499561e-06,0.0001551785016408056,0.0,0.0,0.0,0.0,0.0,0.0,7.871410771965562e-05,0.0,0.0,0.0
2022-05-04,-0.0002038989364605519,-0.0007185027221109034,-0.0003753587112590613,0.00010415335912483629,-0.00023718776171008897,0.0,0.0,0.0,-5.060068271460644e-05,0.0,0.0,-0.00017486393192049472,-0.00021993227145697614,-0.026271739359699803,-0.003334029547838624,-0.0003351212287394526,-7.555072157013414e-05,-0.00013681166218996405,-8.236909595088656e-06,-0.00299595547340826,-0.0008052390917293974,0.0006888471326009419,-7.244398173287308e-05,0.00013594853518543828,-0.0006831725499008393,-0.0012224980752767183,3.701036227293325e-05,0.0,0.0,0.0,0.0037203274096770725,0.001541234407964484,0.0018870813949759245,0.0005864540059242979,0.004570668689138263,1.5591589144050663e-05,-0.0013177532218664328,0.00012482006185784858,4.073741231521729e-05,5.1114330672073984e-05,-0.00013321752731334735,0.0019219508046100185,0.0008768283523732806,0.00018811728320441447,1.5427525719550287e-05,-0.0014178790755674817,-0.0006026661865486194,-0.0026719999375377813,-0.0005551119179617049,-0.0016899422256932445,0.0006951459572127085,0.0005311098379902927,-0.0004843908097269668,-0.0001961300365711844,0.0008377398864237671,0.00013664585675319467,0.0,-0.00017409671593565117,-0.00014810958897557578,0.0,-0.00015585804222827186,-9.874618242728346e-05,0.00022969170069210185,-0.00019878499049122092,0.0003419489769063097,-6.266471199537732e-05,0.0,0.0,0.0,-0.00010239624536714926,-0.0005566843294279121,-0.0006519957829592683,0.0,-0.0007438942607345905,-0.0006601490648406225,0.0,0.00013068596528997703,0.0007340522768592808,0.00020428131141030694,0.0,0.0,0.0,0.0004688419005390206,-0.00014805499020936736,-0.00038457140104451634,-0.0008647139436168716,0.00022656931890641525,-0.0006840347072033859,-0.000848193909787731,-8.700969639714539e-05,0.0003193558672290129,-2.5237047896682645e-05,-0.0004036392117017399,-0.0008611111839046356,0.00038356274968827787,0.0006716489595130778,-0.00013179747169397184,0.000507999149859487,4.336931045499561e-06,0.0001551785016408056,0.0,0.0,0.0,0.0,0.0,0.0,7.871410771965562e-05,0.0,0.0,0.0
2022-05-11,0.0003644492801302778,-0.0007185027221109034,-0.0003753587112590613,0.00013057182594967634,-0.00023718776171008897,0.0,0.0,0.0,6.147831652694669e-07,0.0,0.0,-0.00017486393192049472,0.00011073858210982557,-0.026003001446080108,0.006480973089339054,-0.0003351212287394526,-7.555072157013414e-05,-0.00013681166218996405,-0.0005925428665384974,-0.00299595547340826,0.0016200500522109739,0.0006888471326009419,-7.244398173287308e-05,0.00013594853518543828,0.00046344501160511947,-0.0012147979678833322,3.701036227293325e-05,0.0,0.0,0.0,0.0037203274096770725,0.001541234407964484,0.0018870813949759245,0.0005864540059242979,0.004690628232876826,1.5591589144050663e-05,-0.0012591924149674108,0.00012482006185784858,4.073741231521729e-05,5.1114330672073984e-05,-0.00013321752731334735,0.0019330434306876934,0.0008357542237461891,0.00018811728320441447,1.5427525719550287e-05,-0.0014958912417579345,-0.0006026661865486194,-0.0026904753084948437,-0.0005598291184808131,-0.0016052539765294502,0.0006951459572127085,0.0005311098379902927,-0.0004843908097269668,-0.0001961300365711844,0.0008377398864237671,0.0001425425855847153,0.0,-0.00017409671593565117,-0.00014810958897557578,0.0,-0.0001187336490603962,-9.874618242728346e-05,0.00022969170069210185,-0.00019878499049122092,0.0003419489769063097,5.051543109831438e-05,0.0,0.0,0.0,-0.00010239624536714926,0.0006664610799450904,-0.0006519957829592683,0.0,-0.0006953081028113103,-0.0006601490648406225,0.0,0.00013068596528997703,0.0007340522768592808,0.00020428131141030694,0.0,0.0,0.0,0.0004688419005390206,-0.00014805499020936736,-0.00038457140104451634,-0.0008647139436168716,0.002414421810062697,-0.0006840347072033859,-0.000848193909787731,-8.700969639714539e-05,0.0003193558672290129,-2.5237047896682645e-05,-0.0004036392117017399,-0.0008611111839046356,0.0006727902657563102,0.00048056456914229487,-0.00013179747169397184,-0.00027878431207051214,4.336931045499561e-06,0.0001551785016408056,0.0,0.0,0.0,0.0,0.0,0.0,0.00011027788924999783,0.0,0.0,0.0
2022-05-18,0.0003644492801302778,0.0006669803297453686,4.984763685520335e-05,0.00013057182594967634,-0.00023718776171008897,0.0,0.0,0.0,-5.060068271460644e-05,0.0,0.0,-0.00017486393192049472,0.00011073858210982557,-0.0217539670005608,0.006480973089339054,-0.0003351212287394526,-7.555072157013414e-05,-0.00013681166218996405,0.0009346691377615243,-0.00299595547340826,0.0022597193314746644,0.0006888471326009419,-7.244398173287308e-05,0.00013594853518543828,0.00046344501160511947,-0.0012147979678833322,3.701036227293325e-05,0.0,0.0,0.0,0.0037203274096770725,0.001541234407964484,0.0018870813949759245,0.0005864540059242979,0.004690628232876826,1.5591589144050663e-05,-0.001281999971244487,0.00012482006185784858,4.073741231521729e-05,5.1114330672073984e-05,-0.00013321752731334735,0.0021697645752243927,0.0008357542237461891,0.00018811728320441447,1.5427525719550287e-05,-0.0014958912417579345,-0.0006026661865486194,-0.002648965282526129,-0.0005598291184808131,-0.0016052539765294502,0.0006951459572127085,0.0005311098379902927,-0.0004843908097269668,-0.0001961300365711844,0.0009739385905885363,0.00025656970609766645,0.0,-0.00017409671593565117,-0.00014810958897557578,0.0,-0.0001187336490603962,-9.874618242728346e-05,0.00022969170069210185,-0.00019878499049122092,0.0003419489769063097,-6.266471199537732e-05,0.0,0.0,0.0,-0.00010239624536714926,-0.0005566843294279121,-0.0006519957829592683,0.0,-0.0007668986859190874,-0.0006601490648406225,0.0,0.00013068596528997703,0.0007340522768592808,0.00020428131141030694,0.0,0.0,0.0,0.0004688419005390206,-0.00014805499020936736,-0.00038457140104451634,-0.0006248064364466872,0.002414421810062697,-0.0006840347072033859,-0.000848193909787731,-8.700969639714539e-05,0.0003193558672290129,-2.5237047896682645e-05,-0.0004036392117017399,-0.0008611111839046356,0.0007430677388807452,0.00048056456914229487,-0.00013179747169397184,-0.00027878431207051214,4.336931045499561e-06,0.0001551785016408056,0.0,0.0,0.0,0.0,0.0,0.0,0.00011027788924999783,0.0,0.0,0.0
2022-05-25,0.0003644492801302778,0.0006669803297453686,4.984763685520335e-05,-0.00016658051167083748,-0.0002812955138368003,0.0,0.0,0.0,-7.468188276508537e-05,0.0,0.0,-0.00017486393192049472,3.325805080568907e-05,-6.949586314902771e-05,0.005440291964648236,-0.0002785626501341933,-7.555072157013414e-05,-0.00013681166218996405,0.0009346691377615243,-0.00299595547340826,0.0022597193314746644,0.0004256061372891679,-7.244398173287308e-05,0.00013594853518543828,0.0002512222192302747,0.0007184380172757894,3.701036227293325e-05,0.0,0.0,0.0,-0.0009713870101237111,0.0016390008988001591,0.0004511645469250565,0.0005864540059242979,-0.0023234460719880343,1.5591589144050663e-05,0.0007430096507806528,0.00012482006185784858,-3.6885360813235264e-05,5.1114330672073984e-05,-0.00013321752731334735,0.0021697645752243927,0.0008357542237461891,0.00018811728320441447,1.5427525719550287e-05,-0.0018568290003312569,-0.001027279421686771,-0.0026422684017268494,-0.0006208995857314079,-0.001667430543960074,0.0006951459572127085,0.0005914010047489894,-0.00034233003285101364,-0.0001961300365711844,0.0011355404532246273,0.000413207396872779,0.0,-0.00017409671593565117,-0.00014810958897557578,0.0,-0.0001187336490603962,-0.00031838072325759997,0.00035312492506483985,-0.00019878499049122092,-0.0012450425921195294,0.00022150810792582147,0.0,0.0,0.0,-0.00011183500851639992,-0.0005895668614779404,-0.0006581592836078302,0.0,-0.0008154848438423675,-0.0006601490648406225,0.0,0.00013068596528997703,0.0007340522768592808,-3.7456068250812854e-05,0.0,0.0,0.0,0.0004688419005390206,6.878187180983364e-06,-0.0003388254653970552,-0.0006248064364466872,0.0001317334057351758,-0.0006840347072033859,-0.000848193909787731,0.00044160896051425203,0.0003193558672290129,-2.5237047896682645e-05,-0.00027725492895239303,-0.0009461004714397473,0.0007430677388807452,0.00048056456914229487,-0.00013179747169397184,0.00012153045135903539,4.336931045499561e-06,0.0001551785016408056,0.0,0.0,0.0,0.0,0.0,0.0,0.00011027788924999783,0.0,0.0,0.0
2022-06-01,-0.0002038989364605519,0.0006669803297453686,0.00012787210482777386,-0.00019299897849567755,-0.0002812955138368003,0.0,0.0,0.0,-5.060068271460644e-05,0.0,0.0,-0.00017486393192049472,-0.00021993227145697614,-0.026152556033093105,-0.003291896411335284,-0.0003351212287394526,-7.555072157013414e-05,-0.00013681166218996405,-0.0005925428665384974,-0.002958069464128323,-0.000816397302190788,0.0006888471326009419,-7.244398173287308e-05,-0.0005426737856497131,-0.0002864690576779513,0.0006472494701010648,3.701036227293325e-05,0.0,0.0,0.0,-0.0008852563035519005,0.001541234407964484,0.0004511645469250565,0.0006050251657219907,-0.002018757403831846,1.5591589144050663e-05,0.0007402757508786245,-0.00012452365269548119,-3.6885360813235264e-05,0.00013067386169027232,-0.00013321752731334735,-0.0007698493486164974,0.0008768283523732806,0.00018811728320441447,1.5427525719550287e-05,-0.0018604313386170884,-0.0008371679623656373,-0.0017867821773442877,-0.0006161823852122996,-0.00016532923200568992,0.0006951459572127085,0.0007982338498067135,-0.0004843908097269668,-0.0001961300365711844,-0.0005613232135081315,0.00013664585675319467,0.0,-0.00017409671593565117,-0.00014810958897557578,0.0,-0.00015585804222827186,-0.00031838072325759997,8.022916570996218e-05,-0.00022394073884633692,-0.0012450425921195294,5.051543109831438e-05,0.0,0.0,0.0,-0.00011183500851639992,-0.0005566843294279121,-0.0006581592836078302,0.0,0.006732845571099383,4.374481754967982e-05,0.0,-5.4953769754569425e-05,-0.00047895811403296995,-3.7456068250812854e-05,0.0,0.0,0.0,0.0004688419005390206,6.878187180983364e-06,-0.0003388254653970552,-0.0008647139436168716,-0.0004334074821966289,-0.0006840347072033859,-0.000848193909787731,-8.700969639714539e-05,0.0003193558672290129,-2.5237047896682645e-05,-0.000349231160780909,0.0012288419210432237,0.0011303912263546012,0.0006716489595130778,-0.00013179747169397184,0.0009777326639992742,4.336931045499561e-06,1.2337209683811818e-05,0.0,0.0,0.0,0.0,0.0,0.0,7.871410771965562e-05,0.0,0.0,0.0
2022-06-08,-0.0002038989364605519,-0.0007185027221109034,0.00012787210482777386,0.00010415335912483629,-0.0002812955138368003,0.0,0.0,0.0,-5.060068271460644e-05,0.0,0.0,-0.00017486393192049472,3.325805080568907e-05,-0.026494942422658464,-0.003291896411335284,-0.0003351212287394526,-7.555072157013414e-05,-0.00013681166218996405,0.0009346691377615243,-0.00299595547340826,0.0016451304335232736,-0.0002581504788193821,-7.244398173287308e-05,0.00013594853518543828,-0.0006095685245669927,0.0006472494701010648,3.701036227293325e-05,0.0,0.0,0.0,-0.0009397245857571731,0.001541234407964484,0.0004511645469250565,0.0006050251657219907,-0.0017347465892842255,1.5591589144050663e-05,0.0007072564001587067,-0.00012452365269548119,4.073741231521729e-05,0.00013067386169027232,-0.00013321752731334735,-0.0006551908366342488,0.0008768283523732806,0.00018811728320441447,1.5427525719550287e-05,-0.0018604313386170884,-0.0008371679623656373,-0.001745272151375573,-0.0005462225469360449,-0.00016532923200568992,0.0006951459572127085,0.0007982338498067135,-0.0004843908097269668,-0.0001961300365711844,-0.0005613232135081315,0.00013664585675319467,0.0,-0.00017409671593565117,-0.00014810958897557578,0.0,-0.00015585804222827186,-0.00031838072325759997,8.022916570996218e-05,-0.00022394073884633692,0.0003419489769063097,5.051543109831438e-05,0.0,0.0,0.0,-0.00011183500851639992,-0.0005566843294279121,-0.0006581592836078302,0.0,0.006732845571099383,4.374481754967982e-05,0.0,-5.4953769754569425e-05,-0.00047895811403296995,1.7676772334583188e-05,0.0,0.0,0.0,0.0004688419005390206,-0.00014805499020936736,-0.0003388254653970552,-0.0008647139436168716,-0.00033857156902538944,-0.0006840347072033859,-0.000848193909787731,-8.700969639714539e-05,0.0003193558672290129,-2.5237047896682645e-05,-0.000349231160780909,0.0012288419210432237,0.0013493412692981985,0.00048056456914229487,-0.00013179747169397184,0.0005912639654988226,4.336931045499561e-06,1.2337209683811818e-05,0.0,0.0,0.0,0.0,0.0,0.0,7.871410771965562e-05,0.0,0.0,0.0
2022-06-15,-0.0002038989364605519,-0.0007185027221109034,0.00012787210482777386,0.00010415335912483629,-0.0002812955138368003,0.0,0.0,0.0,-5.060068271460644e-05,0.0,0.0,-0.00017486393192049472,-0.00021993227145697614,-0.02693261472466115,-0.003291896411335284,-0.0003351212287394526,-7.555072157013414e-05,-0.00013681166218996405,-0.0005925428665384974,-0.0029515907555375054,-0.000816397302190788,-0.0002581504788193821,-7.244398173287308e-05,0.00013594853518543828,0.00042710884719980276,0.0007107379098824033,3.701036227293325e-05,0.0,0.0,0.0,-0.0009397245857571731,0.001541234407964484,0.0004511645469250565,0.0006050251657219907,-0.0017948669160715819,1.5591589144050663e-05,0.000729600006872659,-0.00012452365269548119,4.073741231521729e-05,5.1114330672073984e-05,-0.00011608176337066719,-0.0007698493486164974,0.0008768283523732806,0.00020795475488909443,1.5427525719550287e-05,-0.001900753070388049,-0.001027279421686771,-0.0017867821773442877,-0.00039454763217360435,-8.064098284189564e-05,0.0006951459572127085,0.0007982338498067135,-0.0004843908097269668,-0.0001961300365711844,-0.0005172237038375967,0.00013664585675319467,0.0,-0.00017409671593565117,-0.00014810958897557578,0.0,-0.00015585804222827186,-0.00031838072325759997,7.08161101634497e-05,-0.00019878499049122092,0.0003419489769063097,-6.266471199537732e-05,0.0,0.0,0.0,-0.00011183500851639992,-0.0005566843294279121,-0.0006581592836078302,0.0,0.006732845571099383,4.374481754967982e-05,0.0,-5.4953769754569425e-05,0.0007340522768592808,1.7676772334583188e-05,0.0,0.0,0.0,0.0004688419005390206,-0.00014805499020936736,0.004274947191552108,0.005475983674401198,0.002414421810062697,-0.0006840347072033859,-0.0006870621121339601,-8.700969639714539e-05,0.0003193558672290129,-2.5237047896682645e-05,-0.000349231160780909,0.0012288419210432237,0.0010601137532301663,0.0006716489595130778,-0.00013179747169397184,0.0009777326639992742,4.336931045499561e-06,1.2337209683811818e-05,0.0,0.0,0.0,0.0,0.0,0.0,7.871410771965562e-05,0.0,0.0,0.0
2022-06-22,-0.0002038989364605519,-0.0007185027221109034,0.00012787210482777386,0.00010415335912483629,-0.0002812955138368003,0.0,0.0,0.0,-5.060068271460644e-05,0.0,0.0,-0.00017486393192049472,3.325805080568907e-05,-0.026905981649976353,-0.003291896411335284,-0.0003351212287394526,-7.555072157013414e-05,-0.00013681166218996405,-8.236909595088656e-06,-0.0029137047462575684,-0.000816397302190788,-0.0002581504788193821,-7.244398173287308e-05,-0.0005426737856497131,-0.0002864690576779513,-0.0012224980752767183,3.701036227293325e-05,0.0,0.0,0.0,-0.0017993145220734142,0.0013091013945945923,9.490387701520064e-06,0.0006050251657219907,-0.0013754993804508948,1.5591589144050663e-05,-0.001843790938821959,-0.00012452365269548119,4.073741231521729e-05,5.1114330672073984e-05,-0.00011608176337066719,-0.0007698493486164974,0.0008768283523732806,0.00020795475488909443,1.5427525719550287e-05,-0.001900753070388049,-0.0008371679623656373,-0.001745272151375573,-0.00039454763217360435,-8.064098284189564e-05,0.0006951459572127085,0.0007982338498067135,-0.0004843908097269668,-0.0001961300365711844,-0.0005172237038375967,-1.8197876996232968e-05,0.0,-0.00017409671593565117,-0.00014810958897557578,0.0,-0.00015585804222827186,-0.00031838072325759997,-0.0004957229257701154,-0.00019878499049122092,0.0003419489769063097,-6.266471199537732e-05,0.0,0.0,0.0,-0.00011183500851639992,-0.0005566843294279121,-0.0006581592836078302,0.0,0.006732845571099383,4.374481754967982e-05,0.0,-5.4953769754569425e-05,0.0007340522768592808,0.00020428131141030694,0.0,0.0,0.0,0.0004688419005390206,-0.00014805499020936736,0.00431251533838608,0.006445974384940526,0.0018413484142630857,-0.0006840347072033859,-0.0006870621121339601,-8.700969639714539e-05,0.0003193558672290129,-2.5237047896682645e-05,-0.0004756154435302559,0.0012288419210432237,0.0010601137532301663,0.0006716489595130778,-0.00013179747169397184,0.0005912639654988226,4.336931045499561e-06,1.2337209683811818e-05,0.0,0.0,0.0,0.0,0.0,0.0,7.871410771965562e-05,0.0,0.0,0.0
2022-06-29,-0.0002038989364605519,0.0006669803297453686,4.984763685520335e-05,0.00013057182594967634,-0.0002812955138368003,0.0,0.0,0.0,-5.060068271460644e-05,0.0,0.0,-0.00017486393192049472,3.325805080568907e-05,-0.02689000049164038,0.005440291964648236,-0.0003351212287394526,-7.555072157013414e-05,-0.00013681166218996405,0.0009346691377615243,-0.0029515907555375054,-0.0006201827261890171,-0.0002581504788193821,-7.244398173287308e-05,0.00013594853518543828,-0.001223609267482612,0.0007184380172757894,3.701036227293325e-05,0.0,0.0,0.0,-0.0017448462398681416,0.0013091013945945923,0.00036130191114751146,0.0006050251657219907,-0.0013053596996641388,1.5591589144050663e-05,-0.0018080376882000128,0.00012482006185784858,4.073741231521729e-05,0.00013067386169027232,-0.00011608176337066719,-0.0007025220544856141,0.0006229823634285162,0.00020795475488909443,1.5427525719550287e-05,-0.0019384435048075412,-0.001027279421686771,-0.001742360380882198,-0.0006297889567570678,-0.00018780876305663467,0.0006951459572127085,0.0006116018971637753,-0.0004843908097269668,-0.0001961300365711844,-0.0005172237038375967,0.0001425425855847153,0.0,-0.00017409671593565117,-0.00014810958897557578,0.0,-0.0001187336490603962,-0.00031838072325759997,-0.0012795668247109573,-0.00019878499049122092,-0.0012450425921195294,-6.266471199537732e-05,0.0,0.0,0.0,-0.00011183500851639992,-0.0005566843294279121,-0.0006581592836078302,0.0,-0.0008154848438423675,4.374481754967982e-05,0.0,0.00013068596528997703,0.0002492095844968859,0.00020428131141030694,0.0,0.0,0.0,0.0004688419005390206,6.878187180983364e-06,-0.00034598512612637696,0.0037638826694163536,0.0017193303523487889,-0.0006840347072033859,-0.000848193909787731,-8.700969639714539e-05,0.0003193558672290129,-2.5237047896682645e-05,-0.0004756154435302559,0.0012288419210432237,0.0011303912263546012,0.00048056456914229487,-0.00013179747169397184,0.0005912639654988226,4.336931045499561e-06,1.2337209683811818e-05,0.0,0.0,0.0,0.0,0.0,0.0,7.871410771965562e-05,0.0,0.0,0.0
2022-07-06,0.0003644492801302778,0.0006669803297453686,4.984763685520335e-05,-0.00019299897849567755,-0.0002812955138368003,0.0,0.0,0.0,-5.060068271460644e-05,0.0,0.0,-0.00017486393192049472,3.325805080568907e-05,-0.02665501776144525,-0.003334029547838624,-0.0003351212287394526,-7.555072157013414e-05,-0.00013681166218996405,0.0009346691377615243,-0.0037989230781194836,-0.0007693793682886041,-0.0002581504788193821,-7.244398173287308e-05,0.00013594853518543828,0.00042710884719980276,0.0007107379098824033,3.701036227293325e-05,0.0,0.0,0.0,-0.0017993145220734142,0.0013091013945945923,0.00036130191114751146,0.0005864540059242979,-0.0014502309143237114,1.5591589144050663e-05,-0.0018331151948159934,0.00012482006185784858,-3.6885360813235264e-05,0.00013067386169027232,-0.00013321752731334735,-0.0019006214183451102,0.0006640564920556077,0.00018811728320441447,1.5427525719550287e-05,-0.001900753070388049,-0.001027279421686771,-0.0017653950358938505,-0.0005551119179617049,-0.00010312575614372503,-0.0007196070144282324,0.0006116018971637753,-0.0004843908097269668,-0.0001961300365711844,-0.0005613232135081315,0.00013664585675319467,0.0,-0.00017409671593565117,-0.00014810958897557578,0.0,-0.00015585804222827186,-0.00031838072325759997,-0.0010066710653560795,-0.00022394073884633692,0.0003419489769063097,5.051543109831438e-05,0.0,0.0,0.0,-0.00011183500851639992,-0.0005566843294279121,-0.0006581592836078302,0.0,-0.0008154848438423675,4.374481754967982e-05,0.0,0.00013068596528997703,-0.00047895811403296995,-9.640718854498891e-05,0.0,0.0,0.0,0.0004688419005390206,-0.00014805499020936736,-0.00034598512612637696,-0.0008647139436168716,0.002414421810062697,-0.0006840347072033859,-0.000848193909787731,-8.700969639714539e-05,0.0003193558672290129,-2.5237047896682645e-05,-0.0004756154435302559,-0.0009461004714397473,0.00045384022281271284,0.0006716489595130778,-0.00013179747169397184,0.0005912639654988226,4.336931045499561e-06,1.2337209683811818e-05,0.0,0.0,0.0,0.0,0.0,0.0,0.00011027788924999783,0.0,0.0,0.0
2022-07-13,0.0003644492801302778,0.0006669803297453686,4.984763685520335e-05,-0.00016658051167083748,-0.0002812955138368003,0.0,0.0,0.0,-5.060068271460644e-05,0.0,0.0,-0.00017486393192049472,3.325805080568907e-05,-0.02665501776144525,0.005440291964648236,-0.0003351212287394526,-7.555072157013414e-05,-0.00013681166218996405,-8.236909595088656e-06,-0.0037989230781194836,-0.0005731647922868333,-0.0002581504788193821,-7.244398173287308e-05,0.00013594853518543828,0.0002512222192302747,0.0006549495774944509,3.701036227293325e-05,0.0,0.0,0.0,-0.0017448462398681416,0.0013091013945945923,0.00036130191114751146,0.0005864540059242979,-0.0014502309143237114,1.5591589144050663e-05,-0.001830381294913965,0.00012482006185784858,-3.6885360813235264e-05,0.00013067386169027232,-0.00013321752731334735,-0.0019679487124759937,0.0006229823634285162,0.00018811728320441447,1.5427525719550287e-05,-0.0018981217730365807,-0.0008371679623656373,-0.001742360380882198,-0.0006297889567570678,-0.00010312575614372503,-0.0007196070144282324,0.0006116018971637753,-0.0004843908097269668,-0.0001961300365711844,-0.0005613232135081315,0.0001425425855847153,0.0,-0.00017409671593565117,-0.00014810958897557578,0.0,-0.0001187336490603962,-0.00031838072325759997,-0.0010066710653560795,-0.00022394073884633692,-0.0012450425921195294,5.051543109831438e-05,0.0,0.0,0.0,-0.00011183500851639992,-0.0005566843294279121,-0.0006581592836078302,0.0,-0.0008154848438423675,4.374481754967982e-05,0.0,0.00013068596528997703,-0.00047895811403296995,-9.640718854498891e-05,0.0,0.0,0.0,0.0004688419005390206,6.878187180983364e-06,-0.00034598512612637696,-0.0008647139436168716,0.0009080905854350236,-0.0006840347072033859,-0.000848193909787731,-8.700969639714539e-05,0.0003193558672290129,-2.5237047896682645e-05,-0.0004756154435302559,-0.0009461004714397473,0.00045384022281271284,0.00048056456914229487,-0.00013179747169397184,0.0005912639654988226,4.336931045499561e-06,1.2337209683811818e-05,0.0,0.0,0.0,0.0,0.0,0.0,0.00011027788924999783,0.0,0.0,0.0
2022-07-20,0.0003644492801302778,0.0006669803297453686,4.984763685520335e-05,-0.00019299897849567755,-0.0002812955138368003,0.0,0.0,0.0,-5.060068271460644e-05,0.0,0.0,-0.00017486393192049472,3.325805080568907e-05,-0.026528697606083028,-0.003334029547838624,-0.0003351212287394526,-7.555072157013414e-05,-0.00013681166218996405,0.0009346691377615243,-0.0037989230781194836,0.0016921483674254576,-0.0002581504788193821,-7.244398173287308e-05,0.00013594853518543828,0.0002512222192302747,0.0007107379098824033,3.701036227293325e-05,0.0,0.0,0.0,-0.0017448462398681416,0.0013091013945945923,0.0004511645469250565,0.0005864540059242979,-0.0014502309143237114,1.5591589144050663e-05,0.0007402757508786245,0.00012482006185784858,-3.6885360813235264e-05,5.1114330672073984e-05,-0.00013321752731334735,-0.001853290200493745,0.0006640564920556077,0.00018811728320441447,1.5427525719550287e-05,-0.0018604313386170884,-0.001027279421686771,-0.0017653950358938505,-0.0006072930141866396,-0.0001878140053075193,-0.0007196070144282324,0.0006116018971637753,-0.0004843908097269668,-0.0001961300365711844,-0.0005613232135081315,0.00013664585675319467,0.0,-0.00017409671593565117,-0.00014810958897557578,0.0,-0.00015585804222827186,-0.00031838072325759997,-0.0010066710653560795,-0.00019878499049122092,-0.0012450425921195294,5.051543109831438e-05,0.0,0.0,0.0,-0.00011183500851639992,-0.0005566843294279121,-0.0006581592836078302,0.0,-0.0008154848438423675,4.374481754967982e-05,0.0,0.00013068596528997703,0.0007340522768592808,-9.640718854498891e-05,0.0,0.0,0.0,0.0004688419005390206,6.878187180983364e-06,-0.00034598512612637696,-0.0008647139436168716,-0.0004334074821966289,-0.0006840347072033859,-0.000848193909787731,-8.700969639714539e-05,0.0003193558672290129,-2.5237047896682645e-05,-0.000349231160780909,-0.0009461004714397473,0.0007430677388807452,0.00048056456914229487,-0.00013179747169397184,0.0005912639654988226,4.336931045499561e-06,1.2337209683811818e-05,0.0,0.0,0.0,0.0,0.0,0.0,0.00011027788924999783,0.0,0.0,0.0
2022-07-27,0.0003644492801302778,0.0006669803297453686,4.984763685520335e-05,-0.00015215069711878754,-0.0002812955138368003,0.0,0.0,0.0,6.147831652694669e-07,0.0,0.0,0.0004932515931457185,3.325805080568907e-05,-0.026237939087744213,0.006480973089339054,-0.0003351212287394526,-7.555072157013414e-05,-0.00013681166218996405,0.0009742256123951097,0.0007229810835554568,0.0019293651430404317,-0.0002581504788193821,-7.244398173287308e-05,0.00013594853518543828,0.0002512222192302747,0.0007184380172757894,3.701036227293325e-05,0.0,0.0,0.0,-0.0017448462398681416,0.0013091013945945923,0.0004511645469250565,0.0005864540059242979,-0.00137842038833064,1.5591589144050663e-05,0.0007988365577776466,0.00012482006185784858,-3.6885360813235264e-05,5.1114330672073984e-05,-0.00013321752731334735,-0.0020863488537366456,0.0006229823634285162,0.00018811728320441447,1.5427525719550287e-05,-0.0018981217730365807,-0.001027279421686771,-0.002059715896603635,-0.0006208995857314079,-0.0001878140053075193,-0.00014246521751442632,0.0006116018971637753,-0.0004843908097269668,-0.0001961300365711844,-0.0005613232135081315,0.0001425425855847153,0.0,-0.00017409671593565117,-0.00014810958897557578,0.0,-0.0001187336490603962,-0.00031838072325759997,-0.0010066710653560795,-0.00019878499049122092,-0.0012450425921195294,5.051543109831438e-05,0.0,0.0,0.0,-0.00011183500851639992,0.0011309442016967928,-0.0006581592836078302,0.0,-0.0007668986859190874,4.374481754967982e-05,0.0,0.00013068596528997703,0.0007340522768592808,0.00020428131141030694,0.0,0.0,0.0,0.0004688419005390206,6.878187180983364e-06,-0.00034598512612637696,-0.000260251212036978,-0.0004334074821966289,-0.00040682662607463967,-0.000848193909787731,-8.700969639714539e-05,0.0003193558672290129,-2.5237047896682645e-05,-0.000349231160780909,-0.0009461004714397473,0.0007430677388807452,0.00048056456914229487,-0.00013179747169397184,0.0005912639654988226,4.336931045499561e-06,1.2337209683811818e-05,0.0,0.0,0.0,0.0,0.0,0.0,0.00011027788924999783,0.0,0.0,0.0
2022-08-03,0.00025289492203234753,0.0006669803297453686,4.984763685520335e-05,0.0023427507490798175,-0.0002812955138368003,0.0,0.0,0.0,-2.3466416885209464e-05,0.0,0.0,0.0004932515931457185,3.325805080568907e-05,0.02790873969787143,0.006009184043208715,0.00037971541431890094,-8.861980974641831e-06,0.0007035489720023443,0.0009742256123951097,0.0007229810835554568,0.001502211518483102,-0.0001594989990229309,-3.1197258934274507e-06,0.00013594853518543828,0.0002512222192302747,0.0006549495774944509,3.701036227293325e-05,0.0,0.0,0.0,-0.0018655499449674684,0.0006644309791791058,0.0004511645469250565,0.0005864540059242979,-0.0015095743688444423,1.5591589144050663e-05,0.0007734518210598744,-5.3277464706589424e-05,-3.6885360813235264e-05,-0.00016117817009746521,-0.00013321752731334735,-0.003804252999892132,0.0006229823634285162,0.00027759467238762863,1.5427525719550287e-05,-0.0018981217730365807,-0.0008371679623656373,-0.0031925460039492646,-0.0005598291184808131,-0.0012247973249543073,-0.00014246521751442632,0.0004105463253285787,-0.00034233003285101364,-0.0001961300365711844,-0.0003179953788694786,0.000413207396872779,0.0,-0.00017409671593565117,-0.00014810958897557578,0.0,-0.00015403518115577372,-0.00031838072325759997,-0.0012795668247109573,-0.00022394073884633692,0.0003419489769063097,-0.00017856265842999892,0.0,0.0,0.0,-0.00011183500851639992,0.0010980616696467645,-0.0006581592836078302,0.0,-0.0007668986859190874,4.374481754967982e-05,0.0,0.00013068596528997703,-0.0005372919114325472,-9.640718854498891e-05,0.0,0.0,0.0,0.0004688419005390206,-0.00014805499020936736,-0.0003593470936752226,-0.0006248064364466872,-0.0004983817088134886,-0.00040682662607463967,-0.000848193909787731,0.00044160896051425203,0.0006321112105775966,-2.5237047896682645e-05,-0.00029963440225329503,-0.00010549010469214929,-0.00023927659253616154,0.00048056456914229487,-0.00013179747169397184,0.0005912639654988226,4.336931045499561e-06,1.2337209683811818e-05,0.0,0.0,0.0,0.0,0.0,0.0,-0.0010532276402313062,0.0,0.0,0.0
2022-08-10,-0.0001414874673925469,0.0006669803297453686,4.984763685520335e-05,0.0032283826851011435,-0.0002812955138368003,0.0,0.0,0.0,-2.3466416885209464e-05,0.0,0.0,0.0004932515931457185,3.325805080568907e-05,0.0038959226070127365,-0.0030564541307527343,0.00037971541431890094,-7.555072157013414e-05,0.0007035489720023443,-0.0005529863919049119,0.0007229810835554568,-0.0006164392778992852,-0.0001594989990229309,-3.1197258934274507e-06,0.00013594853518543828,0.0002512222192302747,0.0006472494701010648,3.701036227293325e-05,0.0,0.0,0.0,-0.0018309769464399522,0.0006644309791791058,0.0004511645469250565,0.0005864540059242979,-0.0015987788511474977,1.5591589144050663e-05,0.0006771663810287497,-5.3277464706589424e-05,-3.6885360813235264e-05,-0.00016117817009746521,-0.00013321752731334735,-0.0035824882730629277,0.0006640564920556077,0.00018811728320441447,1.5427525719550287e-05,-0.0018604313386170884,-0.0008371679623656373,-0.003024168598428653,-0.0006161823852122996,-0.0011779109972248107,-0.00014246521751442632,0.0004105463253285787,-0.00034233003285101364,-0.0001961300365711844,-0.00026352264670727115,0.0004073106680412584,0.0,-0.00017409671593565117,-0.00014810958897557578,0.0,-0.00015585804222827186,-0.00031838072325759997,-0.0012795668247109573,-0.00022394073884633692,-0.0012450425921195294,-0.00017856265842999892,0.0,0.0,0.0,-0.00011183500851639992,0.0010980616696467645,-0.0006581592836078302,0.0,-0.0008154848438423675,4.374481754967982e-05,0.0,0.00013068596528997703,-0.0005372919114325472,-9.640718854498891e-05,0.0,0.0,0.0,0.0004688419005390206,6.878187180983364e-06,-0.00034598512612637696,-0.0006248064364466872,-0.0004334074821966289,-0.00040682662607463967,-0.000848193909787731,0.00044160896051425203,0.0006321112105775966,-2.5237047896682645e-05,-0.000349231160780909,-0.0001480883334308857,5.158960634245476e-05,0.0006716489595130778,-0.00013179747169397184,0.0005912639654988226,4.336931045499561e-06,1.2337209683811818e-05,0.0,0.0,0.0,0.0,0.0,0.0,-0.0009108255945957133,0.0,0.0,0.0
2022-08-17,-0.0001414874673925469,-0.0007185027221109034,4.984763685520335e-05,-0.0001785691639436276,-0.0002812955138368003,0.0,0.0,0.0,-2.3466416885209464e-05,0.0,0.0,0.0004932515931457185,3.325805080568907e-05,-0.0031582047330873915,-0.003334029547838624,0.00037971541431890094,-7.555072157013414e-05,0.0007035489720023443,-0.0005529863919049119,0.000767345801426211,-0.0006164392778992852,-0.0001594989990229309,-3.1197258934274507e-06,0.00013594853518543828,-0.0002864690576779513,0.0006472494701010648,3.701036227293325e-05,0.0,0.0,0.0,-0.0018854452286452248,0.0014068678854302673,0.0004511645469250565,0.0005864540059242979,-0.0016087982051468971,1.5591589144050663e-05,0.0006664906370227841,-5.3277464706589424e-05,-3.6885360813235264e-05,-0.00016117817009746521,-0.00011608176337066719,-0.0035824882730629277,0.0006640564920556077,0.00020795475488909443,1.5427525719550287e-05,-0.0018604313386170884,-0.0008371679623656373,-0.003024168598428653,-0.0005551119179617049,-0.0011779109972248107,-0.00014246521751442632,0.0005276878193213584,-0.00038837356649030705,-0.0001961300365711844,-0.0002194231370367364,0.0004073106680412584,0.0,-0.00017409671593565117,-0.00014810958897557578,0.0,-0.00015585804222827186,-0.00031838072325759997,-0.0012795668247109573,-0.00022394073884633692,0.0003419489769063097,5.051543109831438e-05,0.0,0.0,0.0,-0.00011183500851639992,0.0010980616696467645,-0.0006581592836078302,0.0,-0.0008154848438423675,4.374481754967982e-05,0.0,0.00013068596528997703,-0.0005372919114325472,-9.640718854498891e-05,0.0,0.0,0.0,0.0004688419005390206,-0.00014805499020936736,-0.00034598512612637696,0.004003790176586538,-0.0004334074821966289,-0.00040682662607463967,-0.000848193909787731,0.00044160896051425203,0.0003193558672290129,-2.5237047896682645e-05,-0.000349231160780909,-0.0001480883334308857,-1.8687866781980236e-05,0.0006716489595130778,-0.00013179747169397184,0.0005912639654988226,4.336931045499561e-06,1.2337209683811818e-05,0.0,0.0,0.0,0.0,0.0,0.0,-0.0009108255945957133,0.0,0.0,0.0
2022-08-24,0.00025289492203234753,0.0006669803297453686,4.984763685520335e-05,-0.0002509717733568316,0.0014884876660413416,0.0,0.0,0.0,-2.3466416885209464e-05,0.0,0.0,0.0004932515931457185,3.325805080568907e-05,0.022460135888006053,0.005504156828040129,-0.0008559493633375821,-8.861980974641831e-06,0.0007035489720023443,0.0009742256123951097,0.0020322239119518097,0.001502211518483102,-0.0001594989990229309,7.304461660818086e-05,0.00013594853518543828,0.0002512222192302747,0.0006549495774944509,3.701036227293325e-05,0.0,0.0,0.0,-0.004091325739776587,0.0014068678854302673,0.0004511645469250565,0.0005864540059242979,-0.0013142011642463159,1.5591589144050663e-05,0.000861223245110206,-5.3277464706589424e-05,-3.6885360813235264e-05,-6.304638262706915e-05,-0.00013321752731334735,-0.003804252999892132,0.0006229823634285162,0.00027759467238762863,1.5427525719550287e-05,-0.0018981217730365807,-0.0008371679623656373,-0.0029596239174482864,-0.0006208995857314079,-0.0012247973249543073,-0.00014246521751442632,0.0004105463253285787,-0.00034233003285101364,-0.0001961300365711844,-0.00026352264670727115,0.000413207396872779,0.0,-0.00017409671593565117,-0.00014810958897557578,0.0,-7.511669053832344e-05,-0.00031838072325759997,-0.0012442520726941753,-0.00019878499049122092,-0.0014452014835387467,0.00022150810792582147,0.0,0.0,0.0,-0.00010239624536714926,0.0010980616696467645,-0.0006581592836078302,0.0,-0.0008154848438423675,4.374481754967982e-05,0.0,0.00013068596528997703,0.0008534097979482979,0.00020428131141030694,0.0,0.0,0.0,0.0004688419005390206,6.878187180983364e-06,0.0026377777228566717,-0.0006248064364466872,-0.0004983817088134886,-0.00040682662607463967,-0.0006870621121339601,0.00044160896051425203,0.0006321112105775966,-2.5237047896682645e-05,-0.00029963440225329503,-0.00010549010469214929,-0.00023388309281250193,0.00048056456914229487,-0.00013179747169397184,0.0005912639654988226,4.336931045499561e-06,1.2337209683811818e-05,0.0,0.0,0.0,0.0,0.0,0.0,-0.0010532276402313062,0.0,0.0,0.0
2022-08-31,0.00025289492203234753,0.0006669803297453686,4.984763685520335e-05,0.0032283826851011435,0.0014884876660413416,0.0,0.0,0.0,-2.3466416885209464e-05,0.0,0.0,0.0004932515931457185,3.325805080568907e-05,-0.0034658877794154106,-0.0030564541307527343,-0.0008559493633375821,-7.555072157013414e-05,0.0007035489720023443,0.0009742256123951097,0.004360959509351521,0.001502211518483102,-0.0001594989990229309,7.304461660818086e-05,0.00018749442286653033,0.00042710884719980276,0.0007107379098824033,3.701036227293325e-05,0.0,0.0,0.0,-0.004157948440138279,0.0006644309791791058,0.0004511645469250565,0.0005864540059242979,-0.0013142011642463159,1.5591589144050663e-05,0.0008808329519221301,-5.3277464706589424e-05,-3.6885360813235264e-05,-0.00016117817009746521,-0.00011608176337066719,-0.0037008884143235796,0.0006640564920556077,0.00020795475488909443,1.5427525719550287e-05,-0.001900753070388049,-0.001027279421686771,-0.002982658572459939,-0.0003856582611479444,-0.0010932227480610164,-0.00014246521751442632,0.0005276878193213584,-0.00038837356649030705,-0.0001961300365711844,-0.0002194231370367364,0.00025246693429183077,0.0,-0.00017409671593565117,0.00012345258669525157,0.0,-7.69395516108216e-05,-0.00031838072325759997,-0.0012442520726941753,-0.00022394073884633692,0.00039851562013347983,5.051543109831438e-05,0.0,0.0,0.0,-0.00010239624536714926,0.0010980616696467645,-0.0006581592836078302,0.0,-0.0008154848438423675,4.374481754967982e-05,0.0,0.00013068596528997703,-0.0005372919114325472,0.00020428131141030694,0.0,0.0,0.0,0.0004688419005390206,-0.00014805499020936736,0.00431251533838608,0.00668588189211071,0.0031485231857689053,-0.00040682662607463967,-0.0006870621121339601,0.00044160896051425203,0.0003193558672290129,5.248207973656654e-05,-0.000349231160780909,-0.0001480883334308857,-0.00023388309281250193,0.00048056456914229487,-0.00013179747169397184,0.0005912639654988226,4.336931045499561e-06,1.2337209683811818e-05,0.0,0.0,0.0,0.0,0.0,0.0,-0.0010532276402313062,0.0,0.0,0.0
2022-09-07,0.0003644492801302778,0.0006669803297453686,4.984763685520335e-05,0.0023427507490798175,0.0014884876660413416,0.0,0.0,0.0,-2.3466416885209464e-05,0.0,0.0,0.0004932515931457185,3.325805080568907e-05,0.032885298562078634,0.006034749586122482,-0.0008559493633375821,-8.861980974641831e-06,0.0007035489720023443,0.0009742256123951097,0.004360959509351521,0.0012649947428681279,-0.0001594989990229309,7.304461660818086e-05,0.00018749442286653033,0.00042710884719980276,0.0007184380172757894,3.701036227293325e-05,0.0,0.0,0.0,-0.003168181756336491,0.0006644309791791058,0.0004511645469250565,0.0005864540059242979,-0.0013080767246091613,1.5591589144050663e-05,0.000977118391953255,-5.3277464706589424e-05,-3.6885360813235264e-05,-6.304638262706915e-05,-0.00011608176337066719,-0.0020494454870074643,-0.002502222569769634,0.0002974321440723086,1.5427525719550287e-05,-0.0019384435048075412,-0.001027279421686771,-0.0033689408877762526,-0.0003992648326927127,-0.0016296286225257763,-0.00014246521751442632,-0.0030326747746148605,-0.00034233003285101364,-8.614696333523776e-05,-0.001186762850542719,0.0002583636631233514,0.0,-0.00017409671593565117,0.00012345258669525157,0.0,0.00021765722504071965,-0.00031838072325759997,-4.105229315084125e-05,-0.00019878499049122092,0.00039851562013347983,0.00022150810792582147,0.0,0.0,0.0,-0.00010239624536714926,0.0010980616696467645,-0.0006581592836078302,0.0,-0.0007359558812030382,4.374481754967982e-05,0.0,-3.4243916038550146e-05,0.0008534097979482979,0.00020428131141030694,0.0,0.0,0.0,0.0004688419005390206,-0.00014805499020936736,0.004585828310976105,0.00668588189211071,0.0034637287314225962,-0.00040682662607463967,-0.0006870621121339601,0.00044160896051425203,0.0006321112105775966,5.248207973656654e-05,-0.00029963440225329503,-0.000903502242701011,-0.00023388309281250193,0.00048056456914229487,-0.00012040521279000222,0.00018332119521191482,4.336931045499561e-06,1.2337209683811818e-05,0.0,0.0,0.0,0.0,0.0,0.0,0.00011027788924999783,0.0,0.0,0.0
2022-09-14,-0.0002038989364605519,-0.0007185027221109034,4.984763685520335e-05,0.003129561608863099,-0.0002812955138368003,0.0,0.0,0.0,-2.3466416885209464e-05,0.0,0.0,0.0004932515931457185,-0.00021993227145697614,0.032885298562078634,-0.00301602067574337,-0.0008559493633375821,-8.861980974641831e-06,0.0007035489720023443,-0.0005529863919049119,0.004360959509351521,-0.0006164392778992852,-0.0001594989990229309,7.304461660818086e-05,0.00018749442286653033,0.00042710884719980276,0.0007107379098824033,3.701036227293325e-05,0.0,0.0,0.0,-0.003168181756336491,0.0006644309791791058,0.0004511645469250565,0.0005864540059242979,-0.0013080767246091613,1.5591589144050663e-05,0.0007600421771518807,-5.3277464706589424e-05,-3.6885360813235264e-05,-0.00016117817009746521,-0.00011608176337066719,-0.002164103998989713,-0.002656168005565815,0.0002974321440723086,1.5427525719550287e-05,-0.001900753070388049,-0.001027279421686771,-0.003433485568756619,-0.00039454763217360435,-0.0016296286225257763,-0.00014246521751442632,-0.0030326747746148605,-0.00034233003285101364,-8.614696333523776e-05,-0.001186762850542719,0.00025246693429183077,0.0,-0.00017409671593565117,0.00012345258669525157,0.0,0.00032655544499982157,-0.00031838072325759997,-4.105229315084125e-05,-0.00022394073884633692,0.00039851562013347983,0.00022150810792582147,0.0,0.0,0.0,-0.00010239624536714926,0.0010980616696467645,-0.0006581592836078302,0.0,-0.0007845420391263186,4.374481754967982e-05,0.0,-3.4243916038550146e-05,-0.0005372919114325472,0.00020428131141030694,0.0,0.0,0.0,0.0004688419005390206,-0.00014805499020936736,0.004585828310976105,0.00668588189211071,0.0034637287314225962,-0.00040682662607463967,-0.0006870621121339601,0.00044160896051425203,0.0006321112105775966,5.248207973656654e-05,-0.00029963440225329503,-0.000903502242701011,-1.8687866781980236e-05,0.0006716489595130778,-0.00012040521279000222,0.0005697898937123664,4.336931045499561e-06,1.2337209683811818e-05,0.0,0.0,0.0,0.0,0.0,0.0,7.871410771965562e-05,0.0,0.0,0.0
2022-09-21,-0.0002038989364605519,-0.0007185027221109034,4.984763685520335e-05,0.003129561608863099,-0.00023718776171008897,0.0,0.0,0.0,-7.468188276508537e-05,0.0,0.0,0.00025950797342509294,3.325805080568907e-05,0.03260665600763198,-0.00301602067574337,-0.0008559493633375821,-8.861980974641831e-06,0.0007035489720023443,-0.0005529863919049119,0.003959237523117307,-0.0006164392778992852,-0.0001594989990229309,7.304461660818086e-05,0.00018749442286653033,0.00046344501160511947,0.0007107379098824033,3.701036227293325e-05,0.0,0.0,0.0,-0.0011446632139684872,0.0006644309791791058,0.000613574640328209,0.0005864540059242979,0.004938866122610356,1.5591589144050663e-05,0.0007042152701548869,-5.3277464706589424e-05,-3.6885360813235264e-05,-6.304638262706915e-05,-0.00011608176337066719,-0.002164103998989713,-0.002656168005565815,0.0002974321440723086,1.5427525719550287e-05,-0.001900753070388049,-0.001027279421686771,-0.003433485568756619,-0.00039454763217360435,-0.0016296286225257763,-0.00014246521751442632,-0.0030326747746148605,-0.00034233003285101364,-8.614696333523776e-05,-0.001186762850542719,0.00025246693429183077,0.0,-0.00017409671593565117,0.00012345258669525157,0.0,0.0005832607307207482,-0.00031838072325759997,-4.105229315084125e-05,-0.00019878499049122092,0.0003419489769063097,0.00022150810792582147,0.0,0.0,0.0,-0.00010239624536714926,-0.0007474010407121317,-0.0006519957829592683,0.0,-0.0007845420391263186,4.374481754967982e-05,0.0,-3.4243916038550146e-05,0.0008534097979482979,0.00020428131141030694,0.0,0.0,0.0,0.0004688419005390206,-0.00014805499020936736,0.004839232339166134,0.00668588189211071,0.0034637287314225962,-0.00040682662607463967,-0.0006870621121339601,0.00044160896051425203,0.0006321112105775966,5.248207973656654e-05,-0.00029963440225329503,-0.0006285506197709044,-1.8687866781980236e-05,0.0006716489595130778,-0.00012040521279000222,0.00018332119521191482,4.336931045499561e-06,1.2337209683811818e-05,0.0,0.0,0.0,0.0,0.0,0.0,7.871410771965562e-05,0.0,0.0,0.0
2022-09-28,-0.0002038989364605519,-0.0007185027221109034,4.984763685520335e-05,0.003129561608863099,-0.00023718776171008897,0.0,0.0,0.0,-7.468188276508537e-05,0.0,0.0,0.00025950797342509294,3.325805080568907e-05,0.030876774106578922,-0.00301602067574337,-0.0008559493633375821,-8.861980974641831e-06,0.0007035489720023443,-0.0005529863919049119,0.003959237523117307,-0.0006164392778992852,-0.0001594989990229309,7.304461660818086e-05,0.00018749442286653033,0.00046344501160511947,0.0007107379098824033,3.701036227293325e-05,0.0,0.0,0.0,-0.0015782909699294907,0.0006644309791791058,0.000613574640328209,0.0005864540059242979,0.004938866122610356,1.5591589144050663e-05,0.0007042152701548869,-5.3277464706589424e-05,-3.6885360813235264e-05,-6.304638262706915e-05,-0.00011608176337066719,-0.002164103998989713,-0.002656168005565815,0.0002974321440723086,1.5427525719550287e-05,-0.001900753070388049,-0.001027279421686771,-0.003433485568756619,-0.00039454763217360435,-0.0016296286225257763,-0.00014246521751442632,-0.0025432830548400864,-0.00034233003285101364,-8.614696333523776e-05,-0.001186762850542719,0.00025246693429183077,0.0,-0.00017409671593565117,0.00012345258669525157,0.0,0.0005832607307207482,0.000570505575684653,-4.105229315084125e-05,-0.00019878499049122092,0.0003419489769063097,0.00022150810792582147,0.0,0.0,0.0,-0.00010239624536714926,-0.0007474010407121317,-0.0006519957829592683,0.0,-0.0007845420391263186,4.374481754967982e-05,0.0,-3.4243916038550146e-05,0.0008534097979482979,0.00020428131141030694,0.0,0.0,0.0,0.0004688419005390206,-0.00014805499020936736,0.004839232339166134,0.00668588189211071,0.0034637287314225962,-0.00040682662607463967,-0.0006870621121339601,0.00044160896051425203,0.0006321112105775966,5.248207973656654e-05,-0.00029963440225329503,-0.0006285506197709044,-1.8687866781980236e-05,0.0006716489595130778,-0.00012040521279000222,0.00028347146002038434,4.336931045499561e-06,1.2337209683811818e-05,0.0,0.0,0.0,0.0,0.0,0.0,7.871410771965562e-05,0.0,0.0,0.0
2022-10-05,-0.0002038989364605519,-0.0007185027221109034,0.00012787210482777386,0.0008577181979954119,0.0015325954181680528,0.0,0.0,0.0,-7.468188276508537e-05,0.0,0.0,0.00025950797342509294,0.00011073858210982557,0.03225817675187683,0.005567413084302301,-0.0008559493633375821,-8.861980974641831e-06,0.0007035489720023443,0.0009072817092400779,0.003914872805246553,0.001832565706917335,-0.0001594989990229309,7.304461660818086e-05,0.00018749442286653033,0.00046344501160511947,0.0007184380172757894,3.701036227293325e-05,0.0,0.0,0.0,-0.0008574042389305093,0.0014068678854302673,0.000613574640328209,0.0005864540059242979,0.004709855839559622,1.5591589144050663e-05,0.000865928527522391,-5.3277464706589424e-05,-3.6885360813235264e-05,-6.304638262706915e-05,-0.00013321752731334735,0.0031716574614183597,0.0006229823634285162,0.00027759467238762863,1.5427525719550287e-05,-0.0019384435048075412,-0.001027279421686771,-0.003348818003257975,-0.0005598291184808131,-2.0332621925311795e-05,-0.00014246521751442632,0.00033005426615509615,-0.00034233003285101364,-0.0001961300365711844,-0.0003179953788694786,4.766648145021235e-05,0.0,-0.00017409671593565117,0.00012345258669525157,0.0,0.00047436251076164623,0.000570505575684653,-0.0010066710653560795,-0.00019878499049122092,0.0003419489769063097,0.00022150810792582147,0.0,0.0,0.0,-0.00010239624536714926,-0.0007474010407121317,-0.0006519957829592683,0.0,0.006399220620026193,4.374481754967982e-05,0.0,-5.4953769754569425e-05,0.0008534097979482979,0.00020428131141030694,0.0,0.0,0.0,0.0004688419005390206,-0.00014805499020936736,-0.00040509302932268375,-0.0006190540022773908,0.002729627355716388,-0.00040682662607463967,-0.000848193909787731,0.00044160896051425203,0.0006321112105775966,-2.5237047896682645e-05,-0.00029963440225329503,-0.0006285506197709044,-0.00030416056593693695,0.00048056456914229487,-0.00013179747169397184,-0.00027878431207051214,4.336931045499561e-06,0.0001551785016408056,0.0,0.0,0.0,0.0,0.0,0.0,7.871410771965562e-05,0.0,0.0,0.0
2022-10-12,-0.0002038989364605519,-0.0007185027221109034,0.00012787210482777386,-0.00027739024018167167,0.0015325954181680528,0.0,0.0,0.0,-7.468188276508537e-05,0.0,0.0,0.00025950797342509294,-0.0007323035268552982,0.03201366375604701,-0.0031837019212296973,-0.0008559493633375821,-8.861980974641831e-06,0.0007035489720023443,-0.0005209818954069949,0.003369643715174416,-0.0006522990013400785,-0.0001594989990229309,7.304461660818086e-05,-0.0010742429973206952,0.00046344501160511947,0.0006472494701010648,3.701036227293325e-05,0.0,0.0,0.0,-0.0008574042389305093,0.0014068678854302673,0.000613574640328209,0.0005864540059242979,0.004709855839559622,1.5591589144050663e-05,0.0008631946276203627,-5.3277464706589424e-05,-3.6885360813235264e-05,-0.00016117817009746521,-0.00013321752731334735,0.0030227920904569343,0.0006640564920556077,0.00027759467238762863,1.5427525719550287e-05,-0.001900753070388049,-0.0008371679623656373,-0.003413362684238342,-0.0005551119179617049,-2.0332621925311795e-05,-0.00014246521751442632,0.00033005426615509615,-0.00034233003285101364,-0.0001961300365711844,-0.0003179953788694786,4.1769752618691747e-05,0.0,-0.00017409671593565117,0.00012345258669525157,0.0,0.0005832607307207482,0.000570505575684653,-0.0010066710653560795,-0.00022394073884633692,0.0003419489769063097,-0.00017856265842999892,0.0,0.0,0.0,-0.00010239624536714926,-0.0007474010407121317,-0.0006519957829592683,0.0,0.006732845571099383,4.374481754967982e-05,0.0,-5.4953769754569425e-05,-0.0005372919114325472,0.00020428131141030694,0.0,0.0,0.0,0.0004688419005390206,-0.00014805499020936736,-0.00040509302932268375,-0.0006190540022773908,0.002729627355716388,-0.00040682662607463967,-0.000848193909787731,0.00044160896051425203,0.0006321112105775966,-2.5237047896682645e-05,-0.00029963440225329503,-0.0006285506197709044,-1.329436705832064e-05,0.0006716489595130778,-0.00013179747169397184,-0.0004821674002725192,4.336931045499561e-06,0.0001551785016408056,0.0,0.0,0.0,0.0,0.0,0.0,7.871410771965562e-05,0.0,0.0,0.0
2022-10-19,-0.0002038989364605519,-0.0007185027221109034,-0.0009628923556308274,-0.00018283980243382253,0.0015325954181680528,0.0,0.0,0.0,-7.468188276508537e-05,0.0,0.0,0.00025950797342509294,0.00011073858210982557,0.03210926566538534,-0.0031837019212296973,-0.0008559493633375821,-8.861980974641831e-06,0.0007035489720023443,-0.0005209818954069949,0.003369643715174416,-0.0006522990013400785,-0.0001594989990229309,7.304461660818086e-05,-0.0010742429973206952,-0.0006831725499008393,0.0006472494701010648,3.701036227293325e-05,0.0,0.0,0.0,-0.0008029359567252366,0.0014068678854302673,0.000613574640328209,0.0005864540059242979,0.004518085769827988,1.5591589144050663e-05,0.0008631946276203627,-5.3277464706589424e-05,-3.6885360813235264e-05,-0.00016117817009746521,-0.00013321752731334735,0.0030227920904569343,0.0006640564920556077,0.00027759467238762863,1.5427525719550287e-05,-0.0018604313386170884,-0.0008371679623656373,-0.003413362684238342,-0.0006161823852122996,-0.00010502087108910607,-0.00014246521751442632,0.00033005426615509615,-0.00034233003285101364,-0.0001961300365711844,-0.0003179953788694786,4.1769752618691747e-05,0.0,-0.00017409671593565117,0.00012345258669525157,0.0,0.0005832607307207482,0.000570505575684653,-0.0010066710653560795,-0.00022394073884633692,-0.0012450425921195294,0.00022150810792582147,0.0,0.0,0.0,-0.00010239624536714926,-0.0007474010407121317,-0.0006519957829592683,0.0,0.006138878041862824,4.374481754967982e-05,0.0,-5.4953769754569425e-05,-0.0005372919114325472,-9.640718854498891e-05,0.0,0.0,0.0,0.0004688419005390206,6.878187180983364e-06,-0.00040509302932268375,-0.0004015036057236717,-0.00040354579564224913,-0.00040682662607463967,-0.000848193909787731,0.00044160896051425203,0.0006321112105775966,-2.5237047896682645e-05,-0.00029963440225329503,-0.0006285506197709044,-1.329436705832064e-05,0.0006716489595130778,-0.00013179747169397184,-0.00027878431207051214,4.336931045499561e-06,0.0001551785016408056,0.0,0.0,0.0,0.0,0.0,0.0,7.871410771965562e-05,0.0,0.0,0.0
2022-10-26,-0.0002038989364605519,-0.0007185027221109034,0.00012787210482777386,-0.00018283980243382253,0.0015325954181680528,0.0,0.0,0.0,-7.468188276508537e-05,0.0,0.0,0.00025950797342509294,0.00011073858210982557,0.03184188357256351,-0.0031837019212296973,-0.0008559493633375821,-8.861980974641831e-06,0.0007035489720023443,6.332406153641379e-05,0.003914872805246553,-0.0006522990013400785,-0.0001594989990229309,7.304461660818086e-05,0.00018749442286653033,-0.0003600730830117979,0.0006472494701010648,3.701036227293325e-05,0.0,0.0,0.0,-0.0008574042389305093,0.0014068678854302673,0.0005237120045506641,0.0005864540059242979,0.004518085769827988,1.5591589144050663e-05,-0.0018231077963786753,-5.3277464706589424e-05,-3.6885360813235264e-05,-0.00016117817009746521,-0.00013321752731334735,0.0030227920904569343,0.0008768283523732806,0.00027759467238762863,1.5427525719550287e-05,-0.0018604313386170884,-0.0008371679623656373,-0.0033718526582696274,-0.0005551119179617049,-0.00010502087108910607,-0.00014246521751442632,0.00033005426615509615,-0.00034233003285101364,-0.0001961300365711844,-0.0003179953788694786,4.1769752618691747e-05,0.0,-0.00017409671593565117,0.00012345258669525157,0.0,0.0005832607307207482,0.000570505575684653,-0.00025814191843201954,-0.00022394073884633692,0.0003419489769063097,-0.00017856265842999892,0.0,0.0,0.0,-0.00010239624536714926,-0.0007474010407121317,-0.0006519957829592683,0.0,0.006732845571099383,4.374481754967982e-05,0.0,-5.4953769754569425e-05,-0.0005372919114325472,-9.640718854498891e-05,0.0,0.0,0.0,0.0004688419005390206,-0.00014805499020936736,-0.00033254945953587134,-0.0006190540022773908,-0.0004983817088134886,-0.00040682662607463967,-0.000381737159848717,0.00044160896051425203,0.0006321112105775966,-2.5237047896682645e-05,-0.0004260186850026419,-0.0006285506197709044,-1.329436705832064e-05,0.0006716489595130778,-0.00013179747169397184,-0.00027878431207051214,4.336931045499561e-06,0.0001551785016408056,0.0,0.0,0.0,0.0,0.0,0.0,7.871410771965562e-05,0.0,0.0,0.0
2022-11-02,-0.0002038989364605519,0.0006669803297453686,4.984763685520335e-05,-0.00018283980243382253,0.0015325954181680528,0.0,0.0,0.0,-7.468188276508537e-05,0.0,0.0,-0.00010797192275435505,3.325805080568907e-05,0.03241754813000101,-0.0031837019212296973,-0.0008559493633375821,-8.861980974641831e-06,0.0007035489720023443,2.376758690282837e-05,0.003914872805246553,0.0007263178490821446,-0.0001594989990229309,7.304461660818086e-05,0.00018749442286653033,0.00028755838363559143,-0.0012224980752767183,3.701036227293325e-05,0.0,0.0,0.0,-0.0008574042389305093,0.0014068678854302673,0.0001719004811046727,0.0005864540059242979,0.004033260518654659,-0.0005100677019982285,-0.0017900884456587573,-5.3277464706589424e-05,-3.6885360813235264e-05,-0.00016117817009746521,-0.00013321752731334735,0.003033884716534609,0.0008768283523732806,0.00027759467238762863,1.5427525719550287e-05,-0.0018604313386170884,-0.0008371679623656373,-0.000983399740846061,-0.0005462225469360449,-0.00021218865130384512,-0.00014246521751442632,0.00033005426615509615,-0.00034233003285101364,-0.0001961300365711844,0.0012397783974856416,0.0004073106680412584,0.0,-0.00017409671593565117,0.00012345258669525157,0.0,0.0005832607307207482,0.000570505575684653,-0.0005310376777868972,-0.00019878499049122092,0.0003419489769063097,-0.00017856265842999892,0.0,0.0,0.0,-0.00010239624536714926,-0.0007474010407121317,-0.0006519957829592683,0.0,0.00016041145292641302,4.374481754967982e-05,0.0,0.00013068596528997703,0.0001908757870973086,-9.640718854498891e-05,0.0,0.0,0.0,0.0004688419005390206,-0.00014805499020936736,-0.00033254945953587134,-0.00040725603989296804,-0.0004983817088134886,-0.00040682662607463967,0.00012442281062852918,0.00044160896051425203,0.0006321112105775966,-2.5237047896682645e-05,-0.00035404245317412593,-0.000518403319339836,0.00045923372253637245,0.0004167641112281721,-0.00013179747169397184,0.00012153045135903539,7.842041122679541e-05,0.0001551785016408056,0.0,0.0,0.0,0.0,0.0,0.0,7.871410771965562e-05,0.0,0.0,0.0
2022-11-09,0.0003644492801302778,0.0006669803297453686,4.984763685520335e-05,-0.00018283980243382253,0.0015325954181680528,0.0,0.0,0.0,-7.468188276508537e-05,0.0,0.0,0.00025950797342509294,3.325805080568907e-05,0.03248095743662861,-0.0031837019212296973,-0.0008559493633375821,-8.861980974641831e-06,0.0007035489720023443,6.332406153641379e-05,0.00377136570140863,-0.00020420239192105774,-0.0001594989990229309,7.304461660818086e-05,-0.0010742429973206952,-0.0006831725499008393,-0.0012224980752767183,3.701036227293325e-05,0.0,0.0,0.0,-0.0008574042389305093,0.0014068678854302673,0.0001719004811046727,0.0005864540059242979,0.0039133009749160955,-0.0005100677019982285,-0.0017900884456587573,-5.3277464706589424e-05,-3.6885360813235264e-05,-0.00016117817009746521,-0.00013321752731334735,0.0030227920904569343,0.0008768283523732806,0.00027759467238762863,1.5427525719550287e-05,-0.0018604313386170884,-0.0008371679623656373,-0.000983399740846061,-0.0005462225469360449,-0.00021218865130384512,-0.00014246521751442632,0.00033005426615509615,-0.00034233003285101364,-0.0001961300365711844,0.0012397783974856416,0.0004073106680412584,0.0,-0.00017409671593565117,0.00012345258669525157,0.0,0.00032655544499982157,0.000570505575684653,8.022916570996218e-05,-0.00022394073884633692,0.0003419489769063097,-0.00017856265842999892,0.0,0.0,0.0,-0.00010239624536714926,-0.0007474010407121317,-0.0006519957829592683,0.0,0.00016041145292641302,4.374481754967982e-05,0.0,0.00013068596528997703,-0.0005372919114325472,-9.640718854498891e-05,0.0,0.0,0.0,0.0004688419005390206,-0.00014805499020936736,-0.00032538979880654954,-0.0006248064364466872,-0.00040354579564224913,-0.00040682662607463967,-0.000381737159848717,0.00044160896051425203,0.0006321112105775966,-2.5237047896682645e-05,-0.00035404245317412593,-0.000518403319339836,0.00045923372253637245,0.0004167641112281721,-0.00013179747169397184,0.00012153045135903539,4.336931045499561e-06,0.0001551785016408056,0.0,0.0,0.0,0.0,0.0,0.0,0.00011027788924999783,0.0,0.0,0.0
2022-11-16,-0.0002038989364605519,0.0006669803297453686,4.984763685520335e-05,-0.00015642133560898248,0.0015325954181680528,0.0,0.0,0.0,-7.468188276508537e-05,0.0,0.0,0.00025950797342509294,0.00011073858210982557,0.032996164214261325,0.0047460614147612264,-0.0008559493633375821,-8.861980974641831e-06,0.0007035489720023443,-0.0005209818954069949,0.004316594791480767,-0.0008052390917293974,-0.0001594989990229309,7.304461660818086e-05,0.00018749442286653033,-0.0003600730830117979,-0.00031651899463784594,3.701036227293325e-05,0.0,0.0,0.0,-0.0008574042389305093,0.0014068678854302673,0.00038974201879227557,0.0005864540059242979,0.004214121783959901,-0.0005100677019982285,-0.0017873545457567294,-5.3277464706589424e-05,-3.6885360813235264e-05,-6.304638262706915e-05,-0.00013321752731334735,0.0030227920904569343,0.0008357542237461891,0.00027759467238762863,1.5427525719550287e-05,-0.0018604313386170884,-0.0008371679623656373,-0.001001875111803123,-0.0005687184895064731,-0.00021218865130384512,-0.00014246521751442632,0.00033005426615509615,-0.00034233003285101364,-0.0001961300365711844,0.0012397783974856416,0.000413207396872779,0.0,-0.00017409671593565117,0.00012345258669525157,0.0,0.00021765722504071965,0.000570505575684653,7.08161101634497e-05,-0.00019878499049122092,0.0003419489769063097,0.00022150810792582147,0.0,0.0,0.0,-0.00010239624536714926,-0.0007474010407121317,-0.0006519957829592683,0.0,0.00016041145292641302,4.374481754967982e-05,0.0,0.00013068596528997703,0.0008534097979482979,0.00020428131141030694,0.0,0.0,0.0,0.0004688419005390206,-0.00014805499020936736,0.004801664192332161,-0.0006248064364466872,-0.0004983817088134886,-0.00040682662607463967,-0.0006870621121339601,0.00044160896051425203,0.0006321112105775966,-2.5237047896682645e-05,-0.00035404245317412593,-0.000518403319339836,0.00045923372253637245,0.000607848501598955,-0.00013179747169397184,-0.00027878431207051214,4.336931045499561e-06,0.0001551785016408056,0.0,0.0,0.0,0.0,0.0,0.0,7.871410771965562e-05,0.0,0.0,0.0
2022-11-23,-0.0002038989364605519,-0.0007185027221109034,4.984763685520335e-05,-0.00018283980243382253,0.0015325954181680528,0.0,0.0,0.0,-7.468188276508537e-05,0.0,0.0,-0.00017486393192049472,-0.0007323035268552982,0.03248095743662861,-0.0031837019212296973,-0.0008559493633375821,-8.861980974641831e-06,0.0007035489720023443,-0.0005605383700405803,0.004316594791480767,-0.0008052390917293974,-0.0001594989990229309,7.304461660818086e-05,0.00018749442286653033,0.00028755838363559143,-0.0003242191020312321,3.701036227293325e-05,0.0,0.0,0.0,-0.0008574042389305093,0.0014068678854302673,0.00038974201879227557,0.0005864540059242979,0.00410507104464773,-0.0004606830031815206,-0.0018231077963786753,-5.3277464706589424e-05,-3.6885360813235264e-05,-6.304638262706915e-05,-0.00013321752731334735,0.0030227920904569343,0.0008717319701630664,0.00027759467238762863,1.5427525719550287e-05,-0.0018604313386170884,-0.0008371679623656373,-0.0010249097668147754,-0.0005551119179617049,-0.00021218865130384512,-0.00014246521751442632,0.00033005426615509615,-0.00034233003285101364,-0.0001961300365711844,0.0012397783974856416,0.0004073106680412584,0.0,-0.00017409671593565117,0.00012345258669525157,0.0,0.00032655544499982157,0.000570505575684653,8.022916570996218e-05,-0.00019878499049122092,0.0003419489769063097,-0.00017856265842999892,0.0,0.0,0.0,-0.00010239624536714926,-0.0005895668614779404,-0.0006519957829592683,0.0,0.00016041145292641302,4.374481754967982e-05,0.0,0.00013068596528997703,0.0008534097979482979,0.00020428131141030694,0.0,0.0,0.0,0.0004688419005390206,-0.00014805499020936736,-0.00032538979880654954,-0.0006248064364466872,-0.0004983817088134886,-0.00040682662607463967,-0.000381737159848717,0.00044160896051425203,0.0006321112105775966,-2.5237047896682645e-05,-0.00035404245317412593,-0.000518403319339836,0.0003889562494119375,3.741573078183253e-05,9.974746617037573e-05,-0.0004821674002725192,4.336931045499561e-06,0.0001551785016408056,0.0,0.0,0.0,0.0,0.0,0.0,7.871410771965562e-05,0.0,0.0,0.0
2022-11-30,-0.0002038989364605519,-0.0007185027221109034,-0.0003753587112590613,0.00010415335912483629,-0.00023718776171008897,0.0,0.0,0.0,-7.468188276508537e-05,0.0,0.0,-0.00017486393192049472,-0.0007323035268552982,0.0111709591383811,-0.0032896999211249295,-0.0008559493633375821,-8.861980974641831e-06,0.0007035489720023443,-0.001094137830318413,0.0007608670928353938,-0.0008052390917293974,-0.0001594989990229309,7.304461660818086e-05,-0.0005426737856497131,-0.0003600730830117979,-0.0012224980752767183,3.701036227293325e-05,0.0,0.0,0.0,-0.0014530374750540312,0.0014068678854302673,0.0001719004811046727,0.0005864540059242979,0.0042054990454225985,-0.0004606830031815206,-0.0019850708223827797,-5.3277464706589424e-05,4.073741231521729e-05,-0.00016117817009746521,-0.00013321752731334735,0.0031212087583673497,0.0008717319701630664,0.00018811728320441447,1.5427525719550287e-05,-0.001900753070388049,-0.0008371679623656373,-0.0012824987572480585,-0.0006161823852122996,-8.06140744105542e-05,-0.00014246521751442632,0.00033005426615509615,-0.00034233003285101364,-0.0001961300365711844,0.000697659923276728,0.0004073106680412584,0.0,-0.00017409671593565117,-0.00014810958897557578,0.0,0.00028293848647774876,0.000570505575684653,8.022916570996218e-05,-0.00022394073884633692,-0.0012450425921195294,-0.00017856265842999892,0.0,0.0,0.0,-0.00010239624536714926,-0.0005895668614779404,-0.0006519957829592683,0.0,-0.0007438942607345905,4.374481754967982e-05,0.0,0.00013068596528997703,-0.0005372919114325472,0.00020428131141030694,0.0,0.0,0.0,0.0004688419005390206,6.878187180983364e-06,-0.000397933368593362,-0.0006248064364466872,0.0021565539599167766,-0.00040682662607463967,-0.000848193909787731,0.00044160896051425203,0.0006321112105775966,-2.5237047896682645e-05,-0.0004036392117017399,-0.000518403319339836,0.00038356274968827787,3.741573078183253e-05,9.974746617037573e-05,-0.0004821674002725192,4.336931045499561e-06,0.0001551785016408056,0.0,0.0,0.0,0.0,0.0,0.0,7.871410771965562e-05,0.0,0.0,0.0
2022-12-07,-0.0002038989364605519,-0.0007185027221109034,-0.0003753587112590613,0.00014073100201153135,-0.00023718776171008897,0.0,0.0,0.0,-7.468188276508537e-05,0.0,0.0,-0.00017486393192049472,3.325805080568907e-05,0.03313500989888378,0.006568818149214483,0.00037971541431890094,-8.861980974641831e-06,0.0007035489720023443,-0.0005605383700405803,0.0007229810835554568,-0.0006522990013400785,0.0004256061372891679,-3.1197258934274507e-06,0.00013594853518543828,-0.0012972132928164588,-0.0013307030482597603,3.701036227293325e-05,0.0,0.0,0.0,-0.0006688177656713571,0.0014068678854302673,0.0001719004811046727,0.0007091697103694853,0.0047470960528787215,-0.0004606830031815206,-0.0020016968606560753,-5.3277464706589424e-05,4.073741231521729e-05,-0.00016117817009746521,-3.075372795171441e-05,0.0030227920904569343,0.0008306578415359746,0.00027759467238762863,1.5427525719550287e-05,0.002779750026223426,-0.0007036361225265743,-6.679569402587656e-05,-0.0005687184895064731,0.00016841747549266716,-0.00014246521751442632,-0.0025432830548400864,-0.00034233003285101364,-0.0001961300365711844,0.0023248600336205944,0.000413207396872779,0.0,-0.00017409671593565117,-0.00014810958897557578,0.0,0.0001387387344232694,0.000570505575684653,0.00034371186951832737,-0.00022394073884633692,0.0003419489769063097,-0.00017856265842999892,0.0,0.0,0.0,-0.00010239624536714926,-0.0005895668614779404,-0.0006519957829592683,0.0,-0.0006953081028113103,4.374481754967982e-05,0.0,0.00013068596528997703,-0.0005372919114325472,-9.640718854498891e-05,0.0,0.0,0.0,-0.00010546857541782287,-0.00014805499020936736,0.004801664192332161,-0.0006248064364466872,0.002768637273708688,-0.00040682662607463967,-0.0006870621121339601,0.00044160896051425203,0.0006321112105775966,5.248207973656654e-05,-0.00035404245317412593,-0.0006285506197709044,-0.00013390256489278775,3.741573078183253e-05,9.974746617037573e-05,0.00028347146002038434,4.336931045499561e-06,0.0001551785016408056,0.0,0.0,0.0,0.0,0.0,0.0,7.871410771965562e-05,0.0,0.0,0.0
2022-12-14,0.0003644492801302778,0.0006669803297453686,-0.0003753587112590613,0.00014073100201153135,-0.00023718776171008897,0.0,0.0,0.0,-7.468188276508537e-05,0.0,0.0,-0.00017486393192049472,3.325805080568907e-05,0.0331088291129107,0.005528137024523666,0.00037971541431890094,-8.861980974641831e-06,0.0007035489720023443,0.0008677252346064925,0.000767345801426211,0.0011928964276536442,0.0004256061372891679,-3.1197258934274507e-06,0.00013594853518543828,-0.00018418645504226984,-0.0013307030482597603,3.701036227293325e-05,0.0,0.0,0.0,-0.0006143494834660845,0.0014068678854302673,0.0001719004811046727,0.0007091697103694853,0.004818906578871793,-0.0004606830031815206,-0.001946333903222205,-5.3277464706589424e-05,4.073741231521729e-05,-6.304638262706915e-05,-1.3617964009034249e-05,0.0030022636110125438,0.0008306578415359746,0.0002974321440723086,1.5427525719550287e-05,0.002779750026223426,-0.0007036361225265743,-2.5285668057162052e-05,-0.0004603352999433074,0.00016841747549266716,-0.00014246521751442632,-0.0030326747746148605,-0.00034233003285101364,-0.0001961300365711844,0.002368959543291129,0.0002583636631233514,0.0,-0.00017409671593565117,-0.00014810958897557578,0.0,0.0001387387344232694,0.000570505575684653,0.00034371186951832737,-0.00019878499049122092,-0.0012450425921195294,0.00022150810792582147,0.0,0.0,0.0,-0.00010239624536714926,-0.0005895668614779404,-0.0006519957829592683,0.0,-0.0007438942607345905,4.374481754967982e-05,0.0,0.00013068596528997703,0.0008534097979482979,0.00020428131141030694,0.0,0.0,0.0,-0.00010546857541782287,6.878187180983364e-06,0.002853613604212728,0.00668588189211071,0.002729627355716388,-0.00040682662607463967,-0.0006870621121339601,0.00044160896051425203,0.0006321112105775966,-2.5237047896682645e-05,-0.00035404245317412593,-0.0006285506197709044,-0.0003544912906469691,-0.00015366865958895044,9.974746617037573e-05,0.00018332119521191482,4.336931045499561e-06,0.0001551785016408056,0.0,0.0,0.0,0.0,0.0,0.0,0.00011027788924999783,0.0,0.0,0.0
2022-12-21,-0.0002038989364605519,0.0006669803297453686,4.984763685520335e-05,0.00011431253518669128,-0.00023718776171008897,0.0,0.0,0.0,-7.468188276508537e-05,0.0,0.0,-0.00017486393192049472,3.325805080568907e-05,0.0329505945207005,-0.0032208564826615425,0.00037971541431890094,-8.861980974641831e-06,0.0007035489720023443,2.376758690282837e-05,0.0007229810835554568,-0.0006522990013400785,0.0004256061372891679,-3.1197258934274507e-06,0.00013594853518543828,0.00028755838363559143,-0.0004401241824076603,3.701036227293325e-05,0.0,0.0,0.0,0.0001907721706448841,0.0016390008988001591,0.0004796046545698206,0.0007091697103694853,0.004709855839559622,-0.0004606830031815206,0.0007148910141608523,-5.3277464706589424e-05,4.073741231521729e-05,-0.00016117817009746521,-3.075372795171441e-05,0.0030227920904569343,0.0008717319701630664,0.00027759467238762863,1.5427525719550287e-05,0.0026496113564353674,-0.0007036361225265743,-1.185826686589148e-06,-0.0005551119179617049,0.00016841747549266716,-0.00014246521751442632,-0.0030326747746148605,-0.00034233003285101364,-0.0001961300365711844,0.0023248600336205944,0.0004073106680412584,0.0,-0.00017409671593565117,-0.00014810958897557578,0.0,0.0002476369543823713,0.000570505575684653,0.00022969170069210185,-0.00022394073884633692,0.0003419489769063097,-0.00017856265842999892,0.0,0.0,0.0,-0.00010239624536714926,-0.0005895668614779404,-0.0006519957829592683,0.0,-0.0008154848438423675,4.374481754967982e-05,0.0,0.00013068596528997703,-0.0005372919114325472,0.00020428131141030694,0.0,0.0,0.0,-0.00010546857541782287,-0.00014805499020936736,-0.00032538979880654954,-0.0006248064364466872,0.0021565539599167766,-0.00040682662607463967,-0.000381737159848717,0.00044160896051425203,0.0006321112105775966,-2.5237047896682645e-05,-0.00022765817042477905,-0.000818512955165899,-6.362509176835274e-05,3.741573078183253e-05,9.974746617037573e-05,0.00018332119521191482,4.336931045499561e-06,0.0001551785016408056,0.0,0.0,0.0,0.0,0.0,0.0,7.871410771965562e-05,0.0,0.0,0.0
2022-12-28,0.0003644492801302778,0.0006669803297453686,4.984763685520335e-05,0.00014073100201153135,-0.00023718776171008897,0.0,0.0,0.0,-7.468188276508537e-05,0.0,0.0,-0.00017486393192049472,3.325805080568907e-05,0.03319510751653032,0.005528137024523666,0.00037971541431890094,-8.861980974641831e-06,0.0007035489720023443,0.0008677252346064925,0.0007229810835554568,0.0008792579394714636,0.0004256061372891679,-3.1197258934274507e-06,0.00013594853518543828,0.00046344501160511947,0.0005390444971180227,3.701036227293325e-05,0.0,0.0,0.0,0.0001907721706448841,0.0016390008988001591,0.000613574640328209,0.0007091697103694853,0.004638045313566551,-0.0004606830031815206,0.0007176249140628807,-5.3277464706589424e-05,4.073741231521729e-05,-6.304638262706915e-05,-3.075372795171441e-05,0.0030022636110125438,0.0008306578415359746,0.00027759467238762863,1.5427525719550287e-05,0.002779750026223426,-0.0007036361225265743,-2.5285668057162052e-05,-0.0005598291184808131,0.00016841747549266716,-0.00014246521751442632,-0.0030326747746148605,-0.00034233003285101364,-0.0001961300365711844,0.0023248600336205944,0.000413207396872779,0.0,-0.00017409671593565117,-0.00014810958897557578,0.0,0.0001387387344232694,0.000570505575684653,0.00022969170069210185,-0.00019878499049122092,0.0003419489769063097,0.00022150810792582147,0.0,0.0,0.0,-0.00010239624536714926,-0.0005895668614779404,-0.0006519957829592683,0.0,-0.0008154848438423675,4.374481754967982e-05,0.0,0.00013068596528997703,0.0008534097979482979,-9.640718854498891e-05,0.0,0.0,0.0,-0.00010546857541782287,-0.00014805499020936736,-0.00032538979880654954,-0.0006248064364466872,0.002729627355716388,-0.00040682662607463967,-0.000381737159848717,0.00044160896051425203,0.0006321112105775966,-2.5237047896682645e-05,-0.00022765817042477905,-0.000818512955165899,-6.362509176835274e-05,-0.00015366865958895044,9.974746617037573e-05,0.00018332119521191482,4.336931045499561e-06,0.0001551785016408056,0.0,0.0,0.0,0.0,0.0,0.0,0.00011027788924999783,0.0,0.0,0.0
2023-01-04,-0.0002038989364605519,-0.0007185027221109034,4.984763685520335e-05,0.00011431253518669128,-0.00023718776171008897,0.0,0.0,0.0,-7.468188276508537e-05,0.0,0.0,-0.00017486393192049472,3.325805080568907e-05,0.02754864403061248,-0.003211650525018073,0.00037971541431890094,-8.861980974641831e-06,-0.00013681166218996405,-0.0011106490150440734,0.0010092408916955395,-0.0006522990013400785,-0.0001594989990229309,-3.1197258934274507e-06,-0.0005426737856497131,-0.0012972132928164588,-0.0013384031556531464,3.701036227293325e-05,0.0,0.0,0.0,-0.0005264872820311788,0.0016390008988001591,0.00026176311688221775,0.0005864540059242979,0.004589896295821059,-0.0004606830031815206,0.0007072564001587067,0.00018590295084363416,4.073741231521729e-05,-6.304638262706915e-05,-0.00013321752731334735,0.001913928291467005,0.0008717319701630664,0.00027759467238762863,1.5427525719550287e-05,-0.001859460297682725,0.0014047916182559693,0.0017996418847067422,-0.0005551119179617049,-0.0016296286225257763,-0.0002417244233539198,0.0004105463253285787,-0.00023497166904517391,-0.0001961300365711844,-0.000755875908817378,0.0004073106680412584,0.0,-0.00017409671593565117,-0.00014810958897557578,0.0,-0.00027822147971851946,0.000570505575684653,0.00022969170069210185,-0.00019878499049122092,0.0003419489769063097,0.00022150810792582147,0.0,0.0,0.0,-0.00010239624536714926,-0.0005895668614779404,-0.0006519957829592683,0.0,-0.0007845420391263186,-0.0006601490648406225,0.0,-3.4243916038550146e-05,0.0008534097979482979,0.00020428131141030694,0.0,0.0,0.0,-0.00010546857541782287,-0.00014805499020936736,-0.000397933368593362,-0.0006248064364466872,0.0020345358980024797,-0.00040682662607463967,-0.000848193909787731,0.00044160896051425203,0.0006321112105775966,-2.5237047896682645e-05,-0.00029963440225329503,-0.000818512955165899,-1.8687866781980236e-05,3.741573078183253e-05,9.974746617037573e-05,0.0005912639654988226,4.336931045499561e-06,-0.0016459096813377253,0.0,0.0,0.0,0.0,0.0,0.0,7.871410771965562e-05,0.0,0.0,0.0
2023-01-11,-0.0002038989364605519,-0.0007185027221109034,4.984763685520335e-05,0.00011431253518669128,-0.00023718776171008897,0.0,0.0,0.0,-7.468188276508537e-05,0.0,0.0,-0.00017486393192049472,3.325805080568907e-05,0.014513262019347105,-0.003237791611928989,0.00037971541431890094,-8.861980974641831e-06,-0.00013681166218996405,-0.0005770495547662407,0.0010092408916955395,-0.0006522990013400785,0.0004256061372891679,-3.1197258934274507e-06,-0.0005426737856497131,-0.0006831725499008393,-0.0022253900037919193,3.701036227293325e-05,0.0,0.0,0.0,-0.0005264872820311788,0.0016390008988001591,0.00026176311688221775,0.0005864540059242979,0.004810283840334491,-0.0004606830031815206,0.0007072564001587067,-0.0004427976532003638,4.073741231521729e-05,-6.304638262706915e-05,-0.00013321752731334735,0.00201234495937742,0.0008717319701630664,0.00018811728320441447,1.5427525719550287e-05,-0.0018191385659117646,0.0014047916182559693,0.0016342334464669167,-0.0005551119179617049,-0.0015827422947962797,-0.0002417244233539198,0.00021782138848084844,-0.00023497166904517391,-0.0001961300365711844,-0.00026352264670727115,0.0004073106680412584,0.0,-0.00017409671593565117,-0.00014810958897557578,0.0,-0.00024291994762314195,0.000570505575684653,0.00022969170069210185,-0.00019878499049122092,0.0003419489769063097,0.00022150810792582147,0.0,0.0,0.0,-0.00010239624536714926,-0.0005895668614779404,-0.0006519957829592683,0.0,-0.0007845420391263186,-0.0006601490648406225,0.0,-3.4243916038550146e-05,0.0008534097979482979,0.00020428131141030694,0.0,0.0,0.0,-0.00010546857541782287,-0.00014805499020936736,-0.000397933368593362,-0.0006248064364466872,0.0013181320442599538,-0.00040682662607463967,-0.000848193909787731,0.00044160896051425203,0.0006321112105775966,-2.5237047896682645e-05,-0.000349231160780909,-0.000818512955165899,-1.8687866781980236e-05,3.741573078183253e-05,9.974746617037573e-05,0.0005912639654988226,4.336931045499561e-06,-0.0016459096813377253,0.0,0.0,0.0,0.0,0.0,0.0,7.871410771965562e-05,0.0,0.0,0.0
2023-01-18,-0.0002038989364605519,-0.0007185027221109034,-0.0003753587112590613,0.00010415335912483629,-0.00023718776171008897,0.0,0.0,0.0,-5.060068271460644e-05,0.0,0.0,-0.00010797192275435505,3.325805080568907e-05,-0.0152851024337014,-0.003237791611928989,-0.0002785626501341933,-7.555072157013414e-05,-0.00013681166218996405,-0.0011106490150440734,-0.004280054815398224,-0.0006522990013400785,0.0004256061372891679,-7.244398173287308e-05,0.00013594853518543828,-0.0006831725499008393,-0.0022253900037919193,3.701036227293325e-05,0.0,0.0,0.0,-0.00040578357693185174,0.001541234407964484,0.00026176311688221775,0.0005864540059242979,0.004570668689138263,-0.0004606830031815206,0.0007072564001587067,-0.0004427976532003638,4.073741231521729e-05,-0.00016117817009746521,-0.00013321752731334735,0.00201234495937742,0.0008717319701630664,0.00018811728320441447,1.5427525719550287e-05,-0.001859460297682725,0.0014047916182559693,0.0012153865452501867,-0.0006161823852122996,-0.0016052539765294502,-0.0008188662202677258,0.00027467171571493137,-0.0002810152026844673,-0.0001961300365711844,-0.0007014031766551706,0.0002506729772661458,0.0,-0.00017409671593565117,-0.00014810958897557578,0.0,-0.00024291994762314195,0.000570505575684653,0.00022969170069210185,-0.00022394073884633692,-0.0012450425921195294,-6.266471199537732e-05,0.0,0.0,0.0,-0.00010239624536714926,-4.432072152389744e-05,-0.0006519957829592683,0.0,-0.0007129514560185415,-0.0006601490648406225,0.0,-3.4243916038550146e-05,-0.0005372919114325472,0.00020428131141030694,0.0,0.0,0.0,-0.00010546857541782287,6.878187180983364e-06,-0.00038457140104451634,-0.0006248064364466872,0.001936184327434325,-0.0006840347072033859,-0.000848193909787731,0.00044160896051425203,0.0003193558672290129,-2.5237047896682645e-05,-0.000349231160780909,-0.0008611111839046356,-1.8687866781980236e-05,3.741573078183253e-05,9.974746617037573e-05,0.0005912639654988226,4.336931045499561e-06,-0.0016459096813377253,0.0,0.0,0.0,0.0,0.0,0.0,7.871410771965562e-05,0.0,0.0,0.0
2023-01-25,0.0003644492801302778,-0.0007185027221109034,-0.0003753587112590613,0.00013057182594967634,-0.00023718776171008897,0.0,0.0,0.0,-7.468188276508537e-05,0.0,0.0,0.00025950797342509294,3.325805080568907e-05,0.01119070423844082,0.00539853413693369,0.00037971541431890094,-8.861980974641831e-06,-0.00013681166218996405,0.0009267395053937024,0.0009713548824156025,0.001832565706917335,0.0004256061372891679,-3.1197258934274507e-06,0.00013594853518543828,0.00042710884719980276,-0.00230855116364049,3.701036227293325e-05,0.0,0.0,0.0,0.0005158485275103995,0.0016390008988001591,9.490387701520064e-06,0.0005864540059242979,0.002134454412897807,-0.0004606830031815206,-0.001863400645633883,0.00018590295084363416,4.073741231521729e-05,-6.304638262706915e-05,-0.00013321752731334735,0.0021612103303388455,0.0008306578415359746,0.00018811728320441447,1.5427525719550287e-05,-0.0014958912417579345,0.0014047916182559693,0.0016876126119443433,-0.0005598291184808131,-0.0015827422947962797,-0.0002417244233539198,0.0004105463253285787,-0.00023497166904517391,-0.0001961300365711844,-0.00026352264670727115,0.000413207396872779,0.0,-0.00017409671593565117,-0.00014810958897557578,0.0,-0.0002057955544552663,0.000570505575684653,0.00022969170069210185,-0.00019878499049122092,0.0003419489769063097,-0.00017856265842999892,0.0,0.0,0.0,-0.00010239624536714926,-0.0007474010407121317,-0.0006519957829592683,0.0,-0.0007129514560185415,-0.0006601490648406225,0.0,-3.4243916038550146e-05,0.0008534097979482979,-9.640718854498891e-05,0.0,0.0,0.0,-0.00010546857541782287,-0.00014805499020936736,-0.000397933368593362,-0.0006248064364466872,0.002729627355716388,-0.00040682662607463967,-0.000848193909787731,0.00044160896051425203,0.0006321112105775966,-2.5237047896682645e-05,-0.0004756154435302559,-0.0010934645780960057,-0.00030955406566059656,-0.00015366865958895044,9.974746617037573e-05,0.0005912639654988226,4.336931045499561e-06,-0.0016459096813377253,0.0,0.0,0.0,0.0,0.0,0.0,0.00011027788924999783,0.0,0.0,0.0
2023-02-01,0.0003644492801302778,0.0006669803297453686,4.984763685520335e-05,0.00014073100201153135,-0.00023718776171008897,0.0,0.0,0.0,-7.468188276508537e-05,0.0,0.0,0.00025950797342509294,-0.00021993227145697614,0.03305810815946697,0.005515536491086562,0.00037971541431890094,-8.861980974641831e-06,-0.00013681166218996405,-0.0005374930801326553,0.001015719600286357,0.0011928964276536442,0.0004256061372891679,-3.1197258934274507e-06,0.00013594853518543828,0.00042710884719980276,-0.0013307030482597603,4.397090435132975e-05,0.0,0.0,0.0,0.000973736294257123,0.0016390008988001591,9.490387701520064e-06,0.0005864540059242979,0.0022148876774281817,-0.0005100677019982285,-0.0018273976263753363,0.00018590295084363416,4.073741231521729e-05,-6.304638262706915e-05,-0.00011608176337066719,0.002941094015589442,0.0008306578415359746,0.0002974321440723086,1.5427525719550287e-05,-0.0014958912417579345,-0.0007036361225265743,0.0038649360020906027,-0.0003992648326927127,-0.0016296286225257763,-0.00014246521751442632,0.0004105463253285787,-0.00034233003285101364,-0.0001961300365711844,-0.00027389586919894385,0.0002583636631233514,0.0,-0.00017409671593565117,-0.00014810958897557578,0.0,-0.00015403518115577372,0.000570505575684653,0.00022027864514558937,-0.00019878499049122092,0.0003419489769063097,0.00022150810792582147,0.0,0.0,0.0,-0.00010239624536714926,-0.0007474010407121317,-0.0006519957829592683,0.0,-0.0007223663381511283,-0.0006601490648406225,0.0,-3.4243916038550146e-05,0.0008534097979482979,0.00020428131141030694,0.0,0.0,0.0,-0.00010546857541782287,-0.00014805499020936736,0.004801664192332161,0.00668588189211071,0.0034637287314225962,-0.00040682662607463967,-0.0006870621121339601,0.00044160896051425203,0.0006321112105775966,5.248207973656654e-05,-0.0004260186850026419,-0.0010934645780960057,-0.00023927659253616154,0.0004167641112281721,9.974746617037573e-05,0.0009777326639992742,4.336931045499561e-06,0.0001551785016408056,0.0,0.0,0.0,0.0,0.0,0.0,0.00011027788924999783,0.0,0.0,0.0
2023-02-08,-0.0002038989364605519,-0.0007185027221109034,4.984763685520335e-05,0.00011431253518669128,-0.00023718776171008897,0.0,0.0,0.0,-7.468188276508537e-05,0.0,0.0,0.00025950797342509294,-0.00021993227145697614,0.028907814751806198,-0.003211650525018073,0.00037971541431890094,-8.861980974641831e-06,-0.00013681166218996405,-0.0005374930801326553,0.001015719600286357,-0.0006522990013400785,0.0004256061372891679,-3.1197258934274507e-06,0.00013594853518543828,0.00042710884719980276,0.001063751668971753,4.397090435132975e-05,0.0,0.0,0.0,0.00025284956325814177,0.0016390008988001591,0.00036130191114751146,0.0005864540059242979,0.0022148876774281817,-0.0005100677019982285,-0.0018631508769972826,0.00018590295084363416,4.073741231521729e-05,-6.304638262706915e-05,-0.00011608176337066719,0.0029300013895117672,0.0008717319701630664,0.0002974321440723086,1.5427525719550287e-05,-0.0014582008073384422,-0.00042482874238193,0.003796855291267717,-0.00039454763217360435,-0.0016296286225257763,-0.00014246521751442632,0.0004105463253285787,-0.00034233003285101364,-0.0001961300365711844,-0.00027389586919894385,0.00025246693429183077,0.0,-0.00017409671593565117,-0.00014810958897557578,0.0,-0.00019115957432364937,0.000570505575684653,0.00022027864514558937,-0.00019878499049122092,0.0003419489769063097,0.00022150810792582147,0.0,0.0,0.0,-0.00010239624536714926,0.0002891349549374369,-0.0006519957829592683,0.0,-0.0007223663381511283,-0.0006601490648406225,0.0,-3.4243916038550146e-05,0.0008534097979482979,0.00020428131141030694,0.0,0.0,0.0,-0.00010546857541782287,-0.00014805499020936736,0.004801664192332161,0.00668588189211071,0.002729627355716388,-0.00040682662607463967,-0.0006870621121339601,0.00044160896051425203,0.0006321112105775966,-2.5237047896682645e-05,-0.0004260186850026419,-0.0010934645780960057,-1.8687866781980236e-05,0.000607848501598955,9.974746617037573e-05,0.0009777326639992742,4.336931045499561e-06,0.0001551785016408056,0.0,0.0,0.0,0.0,0.0,0.0,7.871410771965562e-05,0.0,0.0,0.0
2023-02-15,-0.0002038989364605519,-0.0007185027221109034,4.984763685520335e-05,0.00011431253518669128,-0.00023718776171008897,0.0,0.0,0.0,-7.468188276508537e-05,0.0,0.0,0.00025950797342509294,3.325805080568907e-05,0.024138920396260352,-0.003211650525018073,0.00037971541431890094,-8.861980974641831e-06,-0.00013681166218996405,-0.0005374930801326553,0.001015719600286357,-0.0006522990013400785,0.0004256061372891679,-3.1197258934274507e-06,0.00013594853518543828,0.00042710884719980276,0.0005313443897246366,4.397090435132975e-05,0.0,0.0,0.0,0.00030731784546341443,0.0016390008988001591,0.00036130191114751146,0.0005864540059242979,0.0022148876774281817,-0.0005100677019982285,-0.001843790938821959,0.00018590295084363416,4.073741231521729e-05,-6.304638262706915e-05,-0.00011608176337066719,0.0029300013895117672,0.0008717319701630664,0.0002974321440723086,1.5427525719550287e-05,-0.0014582008073384422,-0.0007036361225265743,0.003631446853027892,-0.00045561809942419904,-0.0016296286225257763,-0.00014246521751442632,0.0004105463253285787,-0.00034233003285101364,-0.0001961300365711844,-0.0002194231370367364,0.00025246693429183077,0.0,-0.00017409671593565117,-0.00014810958897557578,0.0,-0.00019115957432364937,0.000570505575684653,0.00022027864514558937,-0.00019878499049122092,-0.0012450425921195294,0.00022150810792582147,0.0,0.0,0.0,-0.00010239624536714926,0.0002891349549374369,-0.0006519957829592683,0.0,-0.0007223663381511283,-0.0006601490648406225,0.0,-3.4243916038550146e-05,0.0008534097979482979,0.00020428131141030694,0.0,0.0,0.0,-0.00010546857541782287,6.878187180983364e-06,0.004801664192332161,0.00668588189211071,0.0034637287314225962,-0.00040682662607463967,-0.0006870621121339601,0.00044160896051425203,0.0006321112105775966,5.248207973656654e-05,-0.0004260186850026419,-0.0010934645780960057,-1.8687866781980236e-05,0.000607848501598955,9.974746617037573e-05,0.0005912639654988226,4.336931045499561e-06,0.0001551785016408056,0.0,0.0,0.0,0.0,0.0,0.0,7.871410771965562e-05,0.0,0.0,0.0
2023-02-22,-0.0002038989364605519,-0.0006483930380791832,4.984763685520335e-05,0.00010415335912483629,-0.0002812955138368003,0.0,0.0,0.0,-5.060068271460644e-05,0.0,0.0,0.00025950797342509294,3.325805080568907e-05,-0.024986229200448885,-0.0032755153884099653,-0.0003351212287394526,-7.555072157013414e-05,-0.0003132675666677717,-0.0005374930801326553,-0.004197804088247533,-0.0006522990013400785,0.0006888471326009419,-7.244398173287308e-05,-0.0005426737856497131,-0.001223609267482612,0.0005313443897246366,4.397090435132975e-05,0.0,0.0,0.0,0.0026263471377457777,0.001541234407964484,0.002076482825018763,0.0005864540059242979,-0.002171977127284503,-0.0004606830031815206,-0.004276705418982892,0.00018590295084363416,4.073741231521729e-05,-0.00016117817009746521,-0.00011608176337066719,0.0030284180574221826,0.0008717319701630664,0.00020795475488909443,1.5427525719550287e-05,-0.0014582008073384422,-0.00046913434670955626,0.003234250141792395,-0.00039454763217360435,-0.0016052539765294502,-0.0007196070144282324,0.00046739665256266164,-0.0004843908097269668,-0.0001961300365711844,-0.0005172237038375967,-1.8197876996232968e-05,0.0,5.596595678147856e-05,-0.00014810958897557578,0.0,-0.00015585804222827186,0.00011892112533712018,0.00022027864514558937,-0.00019878499049122092,0.0003419489769063097,5.051543109831438e-05,0.0,0.0,0.0,-0.00011183500851639992,-0.0007145185086621034,-0.0006581592836078302,0.0,-0.0007223663381511283,-0.0006601490648406225,0.0,-3.4243916038550146e-05,0.0001908757870973086,-3.7456068250812854e-05,0.0,0.0,0.0,-0.00010546857541782287,-0.00014805499020936736,0.004274947191552108,0.00668588189211071,0.002453431728054997,-0.0006840347072033859,-0.0006870621121339601,-8.700969639714539e-05,0.0003193558672290129,5.248207973656654e-05,-0.0004756154435302559,-0.0011360628068347422,-1.8687866781980236e-05,3.741573078183253e-05,9.974746617037573e-05,0.0005912639654988226,4.336931045499561e-06,0.0001551785016408056,0.0,0.0,0.0,0.0,0.0,0.0,7.871410771965562e-05,0.0,0.0,0.0
2023-03-01,-0.0002038989364605519,-0.0006483930380791832,-0.0003753587112590613,0.00010415335912483629,-0.0002812955138368003,0.0,0.0,0.0,-5.060068271460644e-05,0.0,0.0,-0.00017486393192049472,-0.00021993227145697614,-0.026583894818006035,-0.0032781995575003257,-0.0003351212287394526,-7.555072157013414e-05,-0.0003132675666677717,-0.0011106490150440734,-0.003432722492816246,-0.0006613010158177865,0.0006888471326009419,-7.244398173287308e-05,0.00013594853518543828,-0.001223609267482612,-0.0012224980752767183,3.701036227293325e-05,0.0,0.0,0.0,0.0030103071538856484,0.001541234407964484,0.001724671301572772,0.0005864540059242979,-0.002018757403831846,-0.0005100677019982285,-0.004276705418982892,0.00012482006185784858,4.073741231521729e-05,-6.304638262706915e-05,-0.00011608176337066719,0.0030284180574221826,0.0008768283523732806,0.00020795475488909443,1.5427525719550287e-05,-0.0014582008073384422,-0.0006026661865486194,0.0012153865452501867,0.000644057296649313,-0.0013093360988967323,0.0006951459572127085,0.0006116018971637753,-0.0004843908097269668,-0.0001961300365711844,0.0013310563470903653,-1.8197876996232968e-05,0.0,5.596595678147856e-05,-0.00014810958897557578,0.0,-0.00015585804222827186,-9.874618242728346e-05,0.0003635542521230209,-0.00019878499049122092,0.0003419489769063097,-6.266471199537732e-05,0.0,0.0,0.0,-0.00011183500851639992,0.00011351345771029377,-0.0006581592836078302,0.0,-0.0007129514560185415,-0.0006601490648406225,0.0,-3.4243916038550146e-05,0.0008534097979482979,-3.7456068250812854e-05,0.0,0.0,0.0,0.0004688419005390206,-0.00014805499020936736,-0.0003388254653970552,0.0057249678434540445,0.002453431728054997,-0.0006840347072033859,-0.000848193909787731,-8.700969639714539e-05,0.0003193558672290129,5.248207973656654e-05,0.0004144910778661706,6.870764195991637e-05,-1.8687866781980236e-05,0.000607848501598955,-0.00013179747169397184,0.0009777326639992742,4.336931045499561e-06,0.0001551785016408056,0.0,0.0,0.0,0.0,0.0,0.0,7.871410771965562e-05,0.0,0.0,0.0
2023-03-08,-0.0002038989364605519,-0.0006483930380791832,-0.0003753587112590613,0.00010415335912483629,-0.0002812955138368003,0.0,0.0,0.0,-5.060068271460644e-05,0.0,0.0,-0.00017486393192049472,3.325805080568907e-05,-0.02659987597634201,-0.0032781995575003257,-0.0003351212287394526,-7.555072157013414e-05,-0.0003132675666677717,-0.0005770495547662407,-0.003432722492816246,-0.0006613010158177865,0.0006888471326009419,-7.244398173287308e-05,0.00013594853518543828,-0.00011058242970842321,-0.0012224980752767183,3.701036227293325e-05,0.0,0.0,0.0,0.0030103071538856484,0.001541234407964484,0.001724671301572772,0.0005864540059242979,-0.002088897084618602,-0.0005100677019982285,-0.004276705418982892,0.00012482006185784858,4.073741231521729e-05,-6.304638262706915e-05,-0.00011608176337066719,0.0030284180574221826,0.0008717319701630664,0.00020795475488909443,1.5427525719550287e-05,-0.0014582008073384422,-0.0006026661865486194,0.0012153865452501867,0.000644057296649313,-0.0013093360988967323,0.0006951459572127085,0.0006116018971637753,-0.0004843908097269668,-0.0001961300365711844,0.0017689368770382647,0.00013664585675319467,0.0,5.596595678147856e-05,-0.00014810958897557578,0.0,-0.00015585804222827186,-9.874618242728346e-05,0.0003541411965765084,-0.00019878499049122092,0.0003419489769063097,-6.266471199537732e-05,0.0,0.0,0.0,-0.00011183500851639992,0.00011351345771029377,-0.0006581592836078302,0.0,-0.0007129514560185415,-0.0006601490648406225,0.0,-3.4243916038550146e-05,0.0008534097979482979,-3.7456068250812854e-05,0.0,0.0,0.0,0.0004688419005390206,-0.00014805499020936736,0.004274947191552108,0.004754977132914718,0.0031485231857689053,-0.0006840347072033859,-0.0006870621121339601,-8.700969639714539e-05,0.0003193558672290129,5.248207973656654e-05,0.0004144910778661706,6.870764195991637e-05,-1.8687866781980236e-05,0.000607848501598955,9.974746617037573e-05,0.0005912639654988226,4.336931045499561e-06,0.0001551785016408056,0.0,0.0,0.0,0.0,0.0,0.0,7.871410771965562e-05,0.0,0.0,0.0
2023-03-15,-0.0002038989364605519,-0.0006483930380791832,-0.0003753587112590613,0.00013057182594967634,-0.0002812955138368003,0.0,0.0,0.0,-5.060068271460644e-05,0.0,0.0,-0.00017486393192049472,-0.00021993227145697614,-0.02659987597634201,0.005516828674475408,-0.0003351212287394526,-7.555072157013414e-05,-0.0003132675666677717,-0.0005770495547662407,-0.003432722492816246,0.0012123472089358347,0.0006888471326009419,-7.244398173287308e-05,0.00013594853518543828,0.00042710884719980276,-0.0012147979678833322,3.701036227293325e-05,0.0,0.0,0.0,0.0030103071538856484,0.001541234407964484,0.001724671301572772,0.0005864540059242979,-0.0020788777306192025,1.4082013197688404e-05,-0.004273971519080863,0.00012482006185784858,4.073741231521729e-05,-6.304638262706915e-05,-0.00011608176337066719,0.0030395106834998574,0.0008357542237461891,0.00020795475488909443,1.5427525719550287e-05,-0.0014958912417579345,-0.0006026661865486194,0.0011912867038796138,0.0007356341077612013,-0.0013093360988967323,0.0006951459572127085,0.0006116018971637753,-0.0004843908097269668,-0.0001961300365711844,0.0017689368770382647,-1.2301148164712334e-05,0.0,5.596595678147856e-05,-0.00014810958897557578,0.0,-0.0001187336490603962,-9.874618242728346e-05,0.0003541411965765084,-0.00019878499049122092,0.0003419489769063097,-6.266471199537732e-05,0.0,0.0,0.0,-0.00011183500851639992,0.00011351345771029377,-0.0006581592836078302,0.0,-0.0007129514560185415,-0.0006601490648406225,0.0,-3.4243916038550146e-05,0.0008534097979482979,-3.7456068250812854e-05,0.0,0.0,0.0,0.0004688419005390206,-0.00014805499020936736,0.004274947191552108,0.0057249678434540445,0.0031485231857689053,-0.0006840347072033859,-0.0006870621121339601,-8.700969639714539e-05,0.0003193558672290129,5.248207973656654e-05,0.0004144910778661706,6.870764195991637e-05,-0.00030955406566059656,-0.00014076247643789793,-0.00013179747169397184,0.0009777326639992742,4.336931045499561e-06,0.0001551785016408056,0.0,0.0,0.0,0.0,0.0,0.0,7.871410771965562e-05,0.0,0.0,0.0
2023-03-22,-0.0002038989364605519,-0.0007185027221109034,-0.0003753587112590613,0.00010415335912483629,-0.0002812955138368003,0.0,0.0,0.0,-5.060068271460644e-05,0.0,0.0,-0.00017486393192049472,3.325805080568907e-05,-0.026583894818006035,-0.0032781995575003257,-0.0003351212287394526,-7.555072157013414e-05,-0.00013681166218996405,-0.0005770495547662407,-0.003394836483536309,-0.0006613010158177865,0.0006888471326009419,-7.244398173287308e-05,-0.0005426737856497131,-0.001223609267482612,-0.0012224980752767183,3.701036227293325e-05,0.0,0.0,0.0,0.0030103071538856484,0.001541234407964484,0.001724671301572772,0.0005864540059242979,-0.002018757403831846,1.4082013197688404e-05,-0.0012954096151524806,0.00012482006185784858,4.073741231521729e-05,-6.304638262706915e-05,-0.00011608176337066719,0.0030284180574221826,0.0008717319701630664,0.00020795475488909443,1.5427525719550287e-05,-0.0014582008073384422,-0.0006026661865486194,0.0012153865452501867,0.0012568230403712474,-0.0013093360988967323,0.0006951459572127085,0.0006116018971637753,-0.0004843908097269668,-0.0001961300365711844,0.0017689368770382647,0.00013664585675319467,0.0,-0.00017409671593565117,-0.00014810958897557578,0.0,-0.00015585804222827186,-9.874618242728346e-05,0.0003635542521230209,-0.00019878499049122092,0.0003419489769063097,-6.266471199537732e-05,0.0,0.0,0.0,-0.00011183500851639992,0.00011351345771029377,-0.0006581592836078302,0.0,-0.0007129514560185415,-0.0006601490648406225,0.0,-3.4243916038550146e-05,0.0008534097979482979,-3.7456068250812854e-05,0.0,0.0,0.0,0.0004688419005390206,-0.00014805499020936736,-0.0003388254653970552,0.0038162061574399083,0.0017193303523487889,-0.0006840347072033859,-0.000848193909787731,-8.700969639714539e-05,0.0003193558672290129,-2.5237047896682645e-05,0.0004144910778661706,6.870764195991637e-05,-1.8687866781980236e-05,5.032191393288503e-05,9.974746617037573e-05,0.0005912639654988226,4.336931045499561e-06,0.0001551785016408056,0.0,0.0,0.0,0.0,0.0,0.0,7.871410771965562e-05,0.0,0.0,0.0
2023-03-29,0.0003644492801302778,0.0006669803297453686,0.00012787210482777386,0.00013057182594967634,-0.0002812955138368003,0.0,0.0,0.0,-5.060068271460644e-05,0.0,0.0,-0.00017486393192049472,3.325805080568907e-05,-0.026315156904386343,0.005558961810978749,-0.0003351212287394526,-7.555072157013414e-05,-0.00013681166218996405,0.0008871830307601169,-0.0034770872106870006,0.0018520164881995255,0.0006888471326009419,-7.244398173287308e-05,0.00013594853518543828,-0.001223609267482612,-0.0012147979678833322,3.701036227293325e-05,0.0,0.0,0.0,0.0030103071538856484,0.001541234407964484,0.001724671301572772,0.0005864540059242979,-0.002018757403831846,1.4082013197688404e-05,-0.001281999971244487,-0.00012452365269548119,4.073741231521729e-05,-6.304638262706915e-05,-0.00013321752731334735,0.003177283428383608,0.0008357542237461891,0.00018811728320441447,1.5427525719550287e-05,-0.0014958912417579345,-0.0006026661865486194,0.0012888885952458907,0.0013483998514831359,-0.0012021683186819935,0.0006951459572127085,0.0007982338498067135,-0.0004843908097269668,-0.0001961300365711844,0.0017248373673677299,0.0001425425855847153,0.0,-0.00017409671593565117,-0.00014810958897557578,0.0,-0.0001187336490603962,-9.874618242728346e-05,0.0003635542521230209,-0.00019878499049122092,0.0003419489769063097,5.051543109831438e-05,0.0,0.0,0.0,-0.00011183500851639992,0.00011351345771029377,-0.0006581592836078302,0.0,0.0069980716777967855,-0.0006601490648406225,0.0,1.4399650898256149e-05,0.0008534097979482979,-3.7456068250812854e-05,0.0,0.0,0.0,0.0004688419005390206,-0.00014805499020936736,-0.0003388254653970552,-0.0008123904555933176,0.0017193303523487889,-0.0006840347072033859,-0.000848193909787731,-8.700969639714539e-05,0.0003193558672290129,-2.5237047896682645e-05,0.0004144910778661706,6.870764195991637e-05,-0.00023927659253616154,-0.00014076247643789793,-0.00013179747169397184,0.0005912639654988226,4.336931045499561e-06,0.0001551785016408056,0.0,0.0,0.0,0.0,0.0,0.0,0.00011027788924999783,0.0,0.0,0.0
2023-04-05,0.0003644492801302778,0.0006669803297453686,0.00012787210482777386,0.00013057182594967634,-0.0002812955138368003,0.0,0.0,0.0,-5.060068271460644e-05,0.0,0.0,-0.00017486393192049472,3.325805080568907e-05,-0.025131650947402464,0.005482425101151577,-0.0003351212287394526,-7.555072157013414e-05,-0.00013681166218996405,0.0008677252346064925,-0.00299595547340826,0.0022597193314746644,-0.0002581504788193821,-7.244398173287308e-05,0.00013594853518543828,0.00042710884719980276,0.0006549495774944509,3.701036227293325e-05,0.0,0.0,0.0,0.0030103071538856484,0.001541234407964484,0.002076482825018763,0.0005864540059242979,-0.0020087380498324463,1.5591589144050663e-05,-0.0009093087134051564,-0.00012452365269548119,4.073741231521729e-05,-6.304638262706915e-05,-0.00013321752731334735,0.003177283428383608,0.0008306578415359746,-0.00016696216473914473,1.5427525719550287e-05,-0.001537184014463258,-0.0006026661865486194,-0.0026288423980078512,-0.0005598291184808131,0.0016668065252491973,0.0006951459572127085,0.0007982338498067135,-0.0004843908097269668,-0.0001961300365711844,0.0007808804960243329,0.0001425425855847153,0.0,-0.00017409671593565117,-0.00014810958897557578,0.0,-0.0001187336490603962,-9.874618242728346e-05,0.0003635542521230209,-0.00019878499049122092,0.0003419489769063097,5.051543109831438e-05,0.0,0.0,0.0,-0.00011183500851639992,0.00011351345771029377,-0.0006581592836078302,0.0,0.0069980716777967855,4.374481754967982e-05,0.0,1.4399650898256149e-05,0.0008534097979482979,-3.7456068250812854e-05,0.0,0.0,0.0,0.0004688419005390206,-0.00014805499020936736,-0.0003388254653970552,-0.0006257042499016236,0.002414421810062697,-0.0006840347072033859,-0.000848193909787731,-8.700969639714539e-05,0.0003193558672290129,-2.5237047896682645e-05,0.0012586021849841191,-8.786653472741602e-05,0.0007430677388807452,0.00048056456914229487,9.974746617037573e-05,0.0005912639654988226,4.336931045499561e-06,0.0001551785016408056,0.0,0.0,0.0,0.0,0.0,0.0,0.00011027788924999783,0.0,0.0,0.0
2023-04-12,-0.0002038989364605519,0.0006669803297453686,0.00012787210482777386,0.00010415335912483629,-0.0002812955138368003,0.0,0.0,0.0,-5.060068271460644e-05,0.0,0.0,-0.00017486393192049472,-0.00021993227145697614,-0.026560772414548347,-0.003291896411335284,-0.0003351212287394526,-7.555072157013414e-05,-0.00013681166218996405,-0.0005605383700405803,-0.00299595547340826,-0.0008052390917293974,-0.0002581504788193821,-7.244398173287308e-05,0.00013594853518543828,0.0002512222192302747,0.0007107379098824033,3.701036227293325e-05,0.0,0.0,0.0,0.0030103071538856484,0.001541234407964484,0.002076482825018763,0.0005864540059242979,-0.0020087380498324463,1.5591589144050663e-05,-0.0009120426133071847,-0.0008504402379938725,4.073741231521729e-05,-6.304638262706915e-05,-0.00013321752731334735,0.0030284180574221826,0.0008768283523732806,-0.00016696216473914473,1.5427525719550287e-05,-0.0014994935800437658,-0.000792777645869753,-0.0026933870789882185,-0.0005551119179617049,0.0016668065252491973,0.0006951459572127085,0.0007982338498067135,-0.0004843908097269668,-0.0001961300365711844,0.0007808804960243329,0.00013664585675319467,0.0,-0.00017409671593565117,-0.00014810958897557578,0.0,-0.00015585804222827186,-9.874618242728346e-05,0.0003635542521230209,-0.00019878499049122092,0.0003419489769063097,-6.266471199537732e-05,0.0,0.0,0.0,-0.00011183500851639992,0.00011351345771029377,-0.0006581592836078302,0.0,0.0069980716777967855,4.374481754967982e-05,0.0,1.4399650898256149e-05,0.0008534097979482979,-3.7456068250812854e-05,0.0,0.0,0.0,0.0004688419005390206,-0.00014805499020936736,-0.0003388254653970552,-0.0008656117570718081,0.0018413484142630857,-0.0006840347072033859,-0.000848193909787731,-8.700969639714539e-05,0.0003193558672290129,-2.5237047896682645e-05,0.0012586021849841191,-8.786653472741602e-05,0.0003424976413248623,0.0006716489595130778,-0.00013179747169397184,0.0009777326639992742,4.336931045499561e-06,0.0001551785016408056,0.0,0.0,0.0,0.0,0.0,0.0,7.871410771965562e-05,0.0,0.0,0.0
2023-04-19,-0.0002038989364605519,-0.0007185027221109034,0.00012787210482777386,8.71097280985053e-05,-0.0002812955138368003,0.0,0.0,0.0,-5.060068271460644e-05,0.0,0.0,-0.00017486393192049472,-0.00021993227145697614,-0.026560772414548347,-0.003291896411335284,-0.0003351212287394526,-7.555072157013414e-05,-0.00013681166218996405,-0.0005605383700405803,-0.002958069464128323,-0.0008052390917293974,-0.0002581504788193821,-7.244398173287308e-05,-0.0005426737856497131,-0.001223609267482612,-0.0012224980752767183,3.701036227293325e-05,0.0,0.0,0.0,0.0028811254923646386,-0.0008157394004615594,0.001724671301572772,0.0005864540059242979,-0.002018757403831846,1.5591589144050663e-05,-0.0009450619640271025,-0.0008504402379938725,4.073741231521729e-05,-6.304638262706915e-05,-0.00013321752731334735,0.0030284180574221826,0.0008768283523732806,-0.00016696216473914473,1.5427525719550287e-05,-0.0014994935800437658,-0.0006026661865486194,-0.0026933870789882185,-0.0005551119179617049,0.0016668065252491973,0.0006951459572127085,0.0007982338498067135,-0.0004843908097269668,-0.0001961300365711844,0.0007808804960243329,0.00013664585675319467,0.0,-0.00017409671593565117,-0.00030992965469485304,0.0,-0.00015585804222827186,-9.874618242728346e-05,0.0003635542521230209,-0.00019878499049122092,0.0003419489769063097,-6.266471199537732e-05,0.0,0.0,0.0,-0.00011183500851639992,0.00011351345771029377,-0.0006581592836078302,0.0,0.0069980716777967855,4.374481754967982e-05,0.0,1.4399650898256149e-05,0.0008534097979482979,-3.7456068250812854e-05,0.0,0.0,0.0,0.0004688419005390206,-0.00014805499020936736,-0.0003388254653970552,-0.0008656117570718081,0.0017193303523487889,-0.0006840347072033859,-0.000848193909787731,-8.700969639714539e-05,0.0003193558672290129,-2.5237047896682645e-05,0.0012586021849841191,-8.786653472741602e-05,0.0002722201682004273,0.0006716489595130778,-0.00013179747169397184,0.0009777326639992742,4.336931045499561e-06,0.0001551785016408056,0.0,0.0,0.0,0.0,0.0,0.0,7.871410771965562e-05,0.0,0.0,0.0
2023-04-26,-0.0002038989364605519,-0.0007185027221109034,0.00012787210482777386,0.00013057182594967634,-0.0002812955138368003,0.0,0.0,0.0,-5.060068271460644e-05,0.0,0.0,-0.00017486393192049472,3.325805080568907e-05,-0.026229409206560136,0.005482425101151577,-0.0003351212287394526,-7.555072157013414e-05,-0.00013681166218996405,-0.0005605383700405803,-0.00299595547340826,-0.0008052390917293974,0.0006888471326009419,-7.244398173287308e-05,0.00013594853518543828,-0.001223609267482612,0.0006549495774944509,3.701036227293325e-05,0.0,0.0,0.0,0.0035911457481560627,-0.0002002000030205119,0.002076482825018763,0.0005864540059242979,-0.00014789298039422422,1.4082013197688404e-05,-0.0009423280641250742,-0.0008504402379938725,4.073741231521729e-05,-6.304638262706915e-05,-0.00013321752731334735,0.0030284180574221826,0.0008306578415359746,-0.00016696216473914473,1.5427525719550287e-05,-0.001537184014463258,-0.0006026661865486194,-0.002670352423976566,-0.0005687184895064731,0.0016668065252491973,0.0006951459572127085,0.0007177417906332308,-0.0004843908097269668,-0.0001961300365711844,0.0007808804960243329,0.0001425425855847153,0.0,-0.00017409671593565117,-0.00030992965469485304,0.0,-0.0001187336490603962,-9.874618242728346e-05,0.0003541411965765084,-0.00019878499049122092,0.0003419489769063097,-6.266471199537732e-05,0.0,0.0,0.0,-0.00010239624536714926,0.00011351345771029377,-0.0006519957829592683,0.0,0.0069980716777967855,4.374481754967982e-05,0.0,1.4399650898256149e-05,0.0008534097979482979,0.00020428131141030694,0.0,0.0,0.0,0.0004688419005390206,-0.00014805499020936736,0.004274947191552108,-0.0008656117570718081,0.0017193303523487889,-0.0006840347072033859,-0.0006870621121339601,-8.700969639714539e-05,0.0003193558672290129,-2.5237047896682645e-05,0.0012586021849841191,-8.786653472741602e-05,0.0002722201682004273,5.032191393288503e-05,9.974746617037573e-05,0.00012153045135903539,4.336931045499561e-06,0.0001551785016408056,0.0,0.0,0.0,0.0,0.0,0.0,7.871410771965562e-05,0.0,0.0,0.0
2023-05-03,0.0003644492801302778,0.0006669803297453686,4.984763685520335e-05,0.00013057182594967634,-0.0002812955138368003,0.0,0.0,0.0,-5.060068271460644e-05,0.0,0.0,-0.00017486393192049472,3.325805080568907e-05,-0.026774031643295795,0.005440291964648236,-0.0003351212287394526,-7.555072157013414e-05,-0.00013681166218996405,0.0008677252346064925,-0.0003176306451744868,0.0022597193314746644,-0.0002581504788193821,-7.244398173287308e-05,0.00013594853518543828,0.00042710884719980276,0.0006549495774944509,3.701036227293325e-05,0.0,0.0,0.0,0.0035911457481560627,-0.0002002000030205119,0.002076482825018763,0.0005864540059242979,-0.00015081398827396946,1.4082013197688404e-05,-0.001281999971244487,-0.0008504402379938725,4.073741231521729e-05,5.1114330672073984e-05,-0.00013321752731334735,0.003177283428383608,0.0008357542237461891,0.00018811728320441447,1.5427525719550287e-05,-0.001537184014463258,-0.0006026661865486194,-0.002966320798247566,-0.0005598291184808131,-0.0016052539765294502,0.0006951459572127085,0.0007177417906332308,-0.0004843908097269668,-0.0001961300365711844,0.0008377398864237671,0.0001425425855847153,0.0,-0.00017409671593565117,-0.00030992965469485304,0.0,-0.0001187336490603962,-9.874618242728346e-05,0.0003635542521230209,-0.00019878499049122092,0.0003419489769063097,-6.266471199537732e-05,0.0,0.0,0.0,-0.00010239624536714926,0.00011351345771029377,-0.0006519957829592683,0.0,-0.0007845420391263186,4.374481754967982e-05,0.0,-3.4243916038550146e-05,0.0007340522768592808,0.00020428131141030694,0.0,0.0,0.0,0.0004688419005390206,-0.00014805499020936736,-0.0003388254653970552,-0.0008647139436168716,0.002414421810062697,-0.00040682662607463967,-0.000848193909787731,-8.700969639714539e-05,0.0003193558672290129,-2.5237047896682645e-05,0.0001479903698957279,-0.0003606211788499032,0.0006317251573928948,-0.00014076247643789793,-0.00013179747169397184,0.00012153045135903539,4.336931045499561e-06,0.0001551785016408056,0.0,0.0,0.0,0.0,0.0,0.0,0.00011027788924999783,0.0,0.0,0.0
2023-05-10,-0.0002038989364605519,0.0006669803297453686,4.984763685520335e-05,0.00010415335912483629,-0.0002812955138368003,0.0,0.0,0.0,-5.060068271460644e-05,0.0,0.0,-0.00017486393192049472,3.325805080568907e-05,-0.026774031643295795,-0.003334029547838624,-0.0003351212287394526,-7.555072157013414e-05,-0.00013681166218996405,2.376758690282837e-05,-0.0003176306451744868,-0.0008052390917293974,-0.0002581504788193821,-7.244398173287308e-05,0.00013594853518543828,0.0002512222192302747,0.0006472494701010648,3.701036227293325e-05,0.0,0.0,0.0,0.003645614030361335,-0.0002002000030205119,0.002076482825018763,0.0005864540059242979,-0.00015081398827396946,1.4082013197688404e-05,-0.0012847338711465153,-0.0008504402379938725,4.073741231521729e-05,5.1114330672073984e-05,-0.00013321752731334735,0.0030284180574221826,0.0008768283523732806,0.00018811728320441447,1.5427525719550287e-05,-0.0014591718482728053,-0.0006026661865486194,-0.0029893554532592183,-0.0006161823852122996,-0.0016899422256932445,0.0006951459572127085,0.0007177417906332308,-0.0004843908097269668,-0.0001961300365711844,0.0008377398864237671,0.00013664585675319467,0.0,-0.00017409671593565117,-0.00030992965469485304,0.0,-0.00015585804222827186,-9.874618242728346e-05,0.0003635542521230209,-0.00019878499049122092,-0.0012450425921195294,-6.266471199537732e-05,0.0,0.0,0.0,-0.00010239624536714926,0.00011351345771029377,-0.0006519957829592683,0.0,-0.0007845420391263186,4.374481754967982e-05,0.0,-3.4243916038550146e-05,0.0007340522768592808,0.00020428131141030694,0.0,0.0,0.0,0.0004688419005390206,6.878187180983364e-06,-0.0003388254653970552,-0.0008647139436168716,0.0001317334057351758,-0.00040682662607463967,-0.000848193909787731,-8.700969639714539e-05,0.0003193558672290129,-2.5237047896682645e-05,0.0001479903698957279,-0.0003606211788499032,0.0003424976413248623,5.032191393288503e-05,-0.00013179747169397184,0.00012153045135903539,4.336931045499561e-06,0.0001551785016408056,0.0,0.0,0.0,0.0,0.0,0.0,7.871410771965562e-05,0.0,0.0,0.0
2023-05-17,0.0003644492801302778,0.0006669803297453686,4.984763685520335e-05,0.00013057182594967634,-0.0002812955138368003,0.0,0.0,0.0,-5.060068271460644e-05,0.0,0.0,0.00025950797342509294,3.325805080568907e-05,-0.014159978179089918,0.005440291964648236,-0.0002785626501341933,-7.555072157013414e-05,-0.00013681166218996405,0.0009072817092400779,0.00044433773257408456,0.0016200500522109739,-0.0001594989990229309,-7.244398173287308e-05,-0.0005426737856497131,-0.001223609267482612,0.0007184380172757894,3.701036227293325e-05,0.0,0.0,0.0,0.0035911457481560627,-0.0002002000030205119,0.002076482825018763,0.0005864540059242979,-0.000160833342273369,1.4082013197688404e-05,-0.001281999971244487,-0.0008504402379938725,4.073741231521729e-05,0.00013067386169027232,-0.00013321752731334735,0.003007889577977792,0.0008357542237461891,0.00018811728320441447,1.5427525719550287e-05,-0.001537184014463258,-0.000792777645869753,-0.002966320798247566,-0.0005598291184808131,-0.0016052539765294502,0.00015279078915398105,0.0007982338498067135,-0.00038837356649030705,-0.0001961300365711844,0.0011355404532246273,0.00025656970609766645,0.0,-0.00017409671593565117,-0.00030992965469485304,0.0,-0.0001187336490603962,-9.874618242728346e-05,0.0003635542521230209,-0.00022394073884633692,0.0003419489769063097,5.051543109831438e-05,0.0,0.0,0.0,-0.00010239624536714926,-4.432072152389744e-05,-0.0006519957829592683,0.0,-0.0007845420391263186,4.374481754967982e-05,0.0,-3.4243916038550146e-05,-0.00047895811403296995,0.00020428131141030694,0.0,0.0,0.0,0.0004688419005390206,-0.00014805499020936736,-0.0003388254653970552,-0.0006248064364466872,0.0017193303523487889,-0.00040682662607463967,-0.000848193909787731,0.00044160896051425203,0.0003193558672290129,-2.5237047896682645e-05,0.0001479903698957279,-0.0003606211788499032,0.0006317251573928948,-0.00014076247643789793,-0.00013179747169397184,0.0005912639654988226,4.336931045499561e-06,0.0001551785016408056,0.0,0.0,0.0,0.0,0.0,0.0,0.00011027788924999783,0.0,0.0,0.0
2023-05-24,-0.0002038989364605519,0.0006669803297453686,4.984763685520335e-05,-0.00021004260952200851,-0.0002812955138368003,0.0,0.0,0.0,-5.060068271460644e-05,0.0,0.0,-0.00017486393192049472,-0.00021993227145697614,-0.02713331750312084,-0.003334029547838624,-0.0003351212287394526,-7.555072157013414e-05,-0.00013681166218996405,-0.001094137830318413,0.0004064517232941475,-0.0008052390917293974,-0.0002581504788193821,-7.244398173287308e-05,0.00013594853518543828,-0.001223609267482612,0.0006472494701010648,3.701036227293325e-05,0.0,0.0,0.0,-0.0010689062472781828,-0.0008157394004615594,0.0004511645469250565,0.0005864540059242979,-0.002171977127284503,1.4082013197688404e-05,0.0007402757508786245,-0.00012452365269548119,-3.6885360813235264e-05,5.1114330672073984e-05,-0.00013321752731334735,0.0030284180574221826,0.0008768283523732806,0.00018811728320441447,1.5427525719550287e-05,-0.001900753070388049,-0.0008371679623656373,-0.003030865479227933,-0.0005551119179617049,-0.0016052539765294502,0.00015279078915398105,0.0007982338498067135,-0.0004843908097269668,-0.0001961300365711844,0.00039985935647586767,0.00013664585675319467,0.0,-0.00017409671593565117,-0.00030992965469485304,0.0,-0.00015585804222827186,-0.00031838072325759997,7.08161101634497e-05,-0.00019878499049122092,0.0003419489769063097,-6.266471199537732e-05,0.0,0.0,0.0,-0.00011183500851639992,0.00011351345771029377,-0.0006581592836078302,0.0,-0.0007845420391263186,4.374481754967982e-05,0.0,-3.4243916038550146e-05,0.0007340522768592808,-3.7456068250812854e-05,0.0,0.0,0.0,0.0004688419005390206,-0.00014805499020936736,0.004274947191552108,-0.0008647139436168716,0.0017193303523487889,-0.00040682662607463967,-0.0006870621121339601,-8.700969639714539e-05,0.0003193558672290129,-2.5237047896682645e-05,0.0002743746526450748,-0.0005774171542407053,0.00045384022281271284,5.032191393288503e-05,-0.00013179747169397184,0.0009777326639992742,4.336931045499561e-06,0.0001551785016408056,0.0,0.0,0.0,0.0,0.0,0.0,7.871410771965562e-05,0.0,0.0,0.0
2023-05-31,-0.0002038989364605519,-0.0007185027221109034,4.984763685520335e-05,-0.00021004260952200851,-0.0002812955138368003,0.0,0.0,0.0,-5.060068271460644e-05,0.0,0.0,-0.00017486393192049472,-0.00021993227145697614,-0.027117336344784866,-0.003296305771357648,-0.0003351212287394526,-7.555072157013414e-05,-0.00013681166218996405,2.376758690282837e-05,0.0004887024504448388,-0.0008052390917293974,-0.0002581504788193821,-7.244398173287308e-05,-0.0005426737856497131,-0.0006095685245669927,-0.0021094849234154912,3.701036227293325e-05,0.0,0.0,0.0,-0.0010689062472781828,-0.0008157394004615594,9.93530234790651e-05,0.0005864540059242979,-0.002101837446497747,1.4082013197688404e-05,0.000729600006872659,0.00012482006185784858,-3.6885360813235264e-05,5.1114330672073984e-05,-0.00011608176337066719,0.0030284180574221826,0.0008768283523732806,0.00020795475488909443,1.5427525719550287e-05,-0.0018604313386170884,-0.0009149047030223172,-0.0029893554532592183,-0.0005551119179617049,-0.0016899422256932445,0.00015279078915398105,0.0006116018971637753,-0.0004843908097269668,-0.0001961300365711844,0.0008818393960943018,0.00013664585675319467,0.0,-0.00017409671593565117,-0.00030992965469485304,0.0,-0.00041118859043262884,-0.00031838072325759997,8.022916570996218e-05,-0.00019878499049122092,0.0003419489769063097,-6.266471199537732e-05,0.0,0.0,0.0,-0.00011183500851639992,0.00011351345771029377,-0.0006581592836078302,0.0,-0.0007845420391263186,4.374481754967982e-05,0.0,-3.4243916038550146e-05,0.0007340522768592808,-3.7456068250812854e-05,0.0,0.0,0.0,0.0004688419005390206,-0.00014805499020936736,-0.0003388254653970552,0.0037638826694163536,0.00022656931890641525,-0.00040682662607463967,-0.000848193909787731,-8.700969639714539e-05,0.0003193558672290129,-2.5237047896682645e-05,0.0002743746526450748,-0.0005774171542407053,0.00038356274968827787,5.032191393288503e-05,-0.00013179747169397184,0.0009777326639992742,4.336931045499561e-06,0.0001551785016408056,0.0,0.0,0.0,0.0,0.0,0.0,7.871410771965562e-05,0.0,0.0,0.0
2023-06-07,-0.0002038989364605519,-0.0007185027221109034,4.984763685520335e-05,-0.00021004260952200851,-0.0002812955138368003,0.0,0.0,0.0,-5.060068271460644e-05,0.0,0.0,-0.00017486393192049472,-0.00021993227145697614,-0.026582546694839525,-0.0013034463412497496,-0.0003351212287394526,-7.555072157013414e-05,-0.00013681166218996405,0.0008677252346064925,-0.00299595547340826,-0.0008052390917293974,-0.0002581504788193821,-7.244398173287308e-05,0.00013594853518543828,-0.0002864690576779513,-0.0012224980752767183,3.701036227293325e-05,0.0,0.0,0.0,-0.0010689062472781828,-0.0008157394004615594,9.93530234790651e-05,0.0005864540059242979,-0.002018757403831846,1.4082013197688404e-05,0.0005783023907922463,0.00012482006185784858,-3.6885360813235264e-05,0.00013067386169027232,-0.00013321752731334735,0.0030895876528452843,0.0008768283523732806,0.00018811728320441447,1.5427525719550287e-05,-0.0017247314632546308,-0.0009149047030223172,-0.0026719999375377813,-0.0005551119179617049,-0.00027249701222042895,0.0006951459572127085,0.0006116018971637753,-0.0004843908097269668,-0.0001961300365711844,-0.00045786052595671144,0.00013664585675319467,0.0,-0.00017409671593565117,-0.00030992965469485304,0.0,-0.00041118859043262884,-0.00031838072325759997,8.022916570996218e-05,-0.00022394073884633692,0.0003419489769063097,-6.266471199537732e-05,0.0,0.0,0.0,-0.00011183500851639992,0.00011351345771029377,-0.0006581592836078302,0.0,-0.0007845420391263186,4.374481754967982e-05,0.0,-3.4243916038550146e-05,-0.00047895811403296995,-3.7456068250812854e-05,0.0,0.0,0.0,0.0004688419005390206,-0.00014805499020936736,-0.0003388254653970552,-0.0008647139436168716,-0.0004334074821966289,-0.0006840347072033859,-0.000848193909787731,-8.700969639714539e-05,0.0003193558672290129,-2.5237047896682645e-05,0.0011128118114415682,0.0020795252829297994,0.00038356274968827787,5.032191393288503e-05,-0.00013179747169397184,0.0009777326639992742,4.336931045499561e-06,0.0001551785016408056,0.0,0.0,0.0,0.0,0.0,0.0,7.871410771965562e-05,0.0,0.0,0.0
2023-06-14,0.0003644492801302778,-0.0007185027221109034,4.984763685520335e-05,-0.00021004260952200851,-0.0002812955138368003,0.0,0.0,0.0,-5.060068271460644e-05,0.0,0.0,-0.00017486393192049472,0.00011073858210982557,-0.02677411048227428,-0.0022536070919004576,-0.0003351212287394526,-7.555072157013414e-05,-0.00013681166218996405,2.376758690282837e-05,-0.0003176306451744868,0.0007263178490821446,-0.0002581504788193821,-7.244398173287308e-05,0.00013594853518543828,0.0002512222192302747,0.0006472494701010648,3.701036227293325e-05,0.0,0.0,0.0,-0.0010144379650729102,-0.0008157394004615594,0.0004511645469250565,0.0005864540059242979,-0.0017247272352848258,1.4082013197688404e-05,0.0005783023907922463,0.00012482006185784858,-3.6885360813235264e-05,0.00013067386169027232,-0.00013321752731334735,0.0031323013844450245,0.0008717319701630664,0.00018811728320441447,1.5427525719550287e-05,-0.0017650531950255913,-0.0009149047030223172,-0.002966320798247566,-0.0006072930141866396,-0.00018780876305663467,0.0006951459572127085,0.0005311098379902927,-0.0004843908097269668,-0.0001961300365711844,-0.00045786052595671144,0.00013664585675319467,0.0,-0.00017409671593565117,-0.00030992965469485304,0.0,-0.00041118859043262884,-0.00031838072325759997,8.022916570996218e-05,-0.00022394073884633692,-0.0012450425921195294,5.051543109831438e-05,0.0,0.0,0.0,-0.00011183500851639992,0.00011351345771029377,-0.0006581592836078302,0.0,-0.0007845420391263186,4.374481754967982e-05,0.0,-3.4243916038550146e-05,-0.00047895811403296995,1.7676772334583188e-05,0.0,0.0,0.0,0.0004688419005390206,6.878187180983364e-06,-0.0003388254653970552,-0.0008647139436168716,0.0018413484142630857,-0.00040682662607463967,-0.000848193909787731,-8.700969639714539e-05,0.0003193558672290129,-2.5237047896682645e-05,0.0011128118114415682,0.0020795252829297994,0.00038356274968827787,-0.00014076247643789793,9.974746617037573e-05,-0.00027878431207051214,4.336931045499561e-06,0.0001551785016408056,0.0,0.0,0.0,0.0,0.0,0.0,0.00011027788924999783,0.0,0.0,0.0
2023-06-21,0.0003644492801302778,0.0006669803297453686,4.984763685520335e-05,-0.00016919432814511856,-0.0002812955138368003,0.0,0.0,0.0,-5.060068271460644e-05,0.0,0.0,0.00025950797342509294,3.325805080568907e-05,-0.026780221917649234,0.006480973089339054,-0.0003351212287394526,-7.555072157013414e-05,-0.00013681166218996405,0.0009072817092400779,0.0004064517232941475,0.0022597193314746644,-0.0002581504788193821,-7.244398173287308e-05,0.00013594853518543828,0.00042710884719980276,0.0003108260366514243,3.701036227293325e-05,0.0,0.0,0.0,-0.0016570996958885638,-0.0007764759261255907,-0.002172623430148726,0.0005864540059242979,-0.0017948669160715819,1.4082013197688404e-05,-0.0014576900370746348,0.00012482006185784858,-3.6885360813235264e-05,0.00013067386169027232,-0.00013321752731334735,0.003270074129328775,0.0008306578415359746,0.00018811728320441447,1.5427525719550287e-05,-0.0018027436294450836,-0.001027279421686771,-0.002966320798247566,-0.0005598291184808131,-0.00018780876305663467,0.00015279078915398105,0.0005311098379902927,-0.0004843908097269668,-0.0001961300365711844,-0.00045786052595671144,0.0001425425855847153,0.0,-0.00017409671593565117,-0.00030992965469485304,0.0,-0.0001187336490603962,-0.00031838072325759997,7.08161101634497e-05,-0.00022394073884633692,0.0003419489769063097,5.051543109831438e-05,0.0,0.0,0.0,-0.00011183500851639992,-4.432072152389744e-05,-0.0006581592836078302,0.0,-0.0007359558812030382,4.374481754967982e-05,0.0,-3.4243916038550146e-05,-0.00047895811403296995,1.7676772334583188e-05,0.0,0.0,0.0,0.0004688419005390206,-0.00014805499020936736,0.002613571543571545,-0.0008647139436168716,0.002414421810062697,-0.00040682662607463967,-0.0006870621121339601,-8.700969639714539e-05,0.0003193558672290129,-2.5237047896682645e-05,0.0014880727958980122,0.0020795252829297994,0.0007430677388807452,-0.00014076247643789793,9.974746617037573e-05,0.00012153045135903539,4.336931045499561e-06,0.0001551785016408056,0.0,0.0,0.0,0.0,0.0,0.0,0.00011027788924999783,0.0,0.0,0.0
2023-06-28,0.0003644492801302778,0.0006669803297453686,4.984763685520335e-05,-0.00016919432814511856,-0.0002812955138368003,0.0,0.0,0.0,-7.468188276508537e-05,0.0,0.0,0.00025950797342509294,-0.00021993227145697614,0.004417221115645475,0.006480973089339054,-0.0002785626501341933,-7.555072157013414e-05,-0.00013681166218996405,0.0009072817092400779,0.002801764684318776,0.0022597193314746644,-0.0001594989990229309,-7.244398173287308e-05,-0.0005426737856497131,0.0002512222192302747,0.0003108260366514243,3.701036227293325e-05,0.0,0.0,0.0,-0.0017432304024603744,-0.0006787094352899157,-0.002172623430148726,0.0005864540059242979,-0.0019563552147745127,1.4082013197688404e-05,-0.0014576900370746348,0.00012482006185784858,-3.6885360813235264e-05,5.1114330672073984e-05,-0.00013321752731334735,0.003270074129328775,0.0006178859812183018,0.00018811728320441447,1.5427525719550287e-05,-0.001762421897674123,-0.001027279421686771,-0.0029596239174482864,-0.0005598291184808131,-0.0002499853304872581,0.00015279078915398105,0.0004742595107562098,-0.00034233003285101364,-0.0001961300365711844,-0.0001600599591558511,0.000413207396872779,0.0,-0.00017409671593565117,-3.836747902402567e-05,0.0,-3.9815158442945935e-05,-0.00031838072325759997,-0.0012795668247109573,-0.00019878499049122092,0.0003419489769063097,0.00022150810792582147,0.0,0.0,0.0,-0.00011183500851639992,0.0002891349549374369,-0.0006581592836078302,0.0,-0.0007359558812030382,4.374481754967982e-05,0.0,-3.4243916038550146e-05,0.0007340522768592808,1.7676772334583188e-05,0.0,0.0,0.0,0.0004688419005390206,-0.00014805499020936736,-0.00034598512612637696,-0.0006248064364466872,-0.0004334074821966289,-0.00040682662607463967,-0.000848193909787731,0.00044160896051425203,0.0006321112105775966,-2.5237047896682645e-05,0.0014880727958980122,0.0020795252829297994,0.0007430677388807452,-0.00014076247643789793,9.974746617037573e-05,0.000507999149859487,4.336931045499561e-06,0.0001551785016408056,0.0,0.0,0.0,0.0,0.0,0.0,0.00011027788924999783,0.0,0.0,0.0
2023-07-05,-0.0002038989364605519,0.0006669803297453686,4.984763685520335e-05,-0.00021004260952200851,-0.0002812955138368003,0.0,0.0,0.0,-5.060068271460644e-05,0.0,0.0,-0.00010797192275435505,-0.00021993227145697614,-0.026578158164539997,-0.0013034463412497496,0.00012168203271880598,-7.555072157013414e-05,-0.00013681166218996405,0.0009346691377615243,0.0007229810835554568,-0.0007693793682886041,-0.0002581504788193821,0.001696188399883477,0.00013594853518543828,-0.0006095685245669927,0.00023963748947669974,3.701036227293325e-05,0.0,0.0,0.0,-0.0016026314136832912,-0.0007764759261255907,-0.002172623430148726,0.0006050251657219907,-0.002018757403831846,1.4082013197688404e-05,-0.0014604239369766631,0.00012482006185784858,-3.6885360813235264e-05,0.00013067386169027232,-0.00013321752731334735,-0.003394095527816201,0.0006640564920556077,0.00018811728320441447,1.5427525719550287e-05,-0.0017247314632546308,-0.0008371679623656373,-0.002082750551615287,-0.0006161823852122996,-0.0002534474983342531,-0.00014246521751442632,0.0006116018971637753,-0.0004843908097269668,-0.0001961300365711844,-0.00045786052595671144,0.00013664585675319467,0.0,-0.00017409671593565117,-0.00030992965469485304,0.0,-0.00015585804222827186,-0.00031838072325759997,-0.0012795668247109573,-0.00022394073884633692,-0.0012450425921195294,-6.266471199537732e-05,0.0,0.0,0.0,-0.00011183500851639992,-4.432072152389744e-05,-0.0006581592836078302,0.0,-0.0007845420391263186,4.374481754967982e-05,0.0,-3.4243916038550146e-05,-0.00047895811403296995,-3.7456068250812854e-05,0.0,0.0,0.0,0.0004688419005390206,6.878187180983364e-06,-0.00034598512612637696,-0.0008647139436168716,-0.00033857156902538944,-0.00040682662607463967,-0.000848193909787731,-8.700969639714539e-05,0.0003193558672290129,-2.5237047896682645e-05,0.0014880727958980122,0.0020795252829297994,0.0011303912263546012,5.032191393288503e-05,-0.00013179747169397184,0.0009777326639992742,4.336931045499561e-06,1.2337209683811818e-05,0.0,0.0,0.0,0.0,0.0,0.0,7.871410771965562e-05,0.0,0.0,0.0
2023-07-12,-0.0002038989364605519,-0.0007185027221109034,4.984763685520335e-05,-0.00021004260952200851,-0.0002812955138368003,0.0,0.0,0.0,0.0006661824488889405,0.0,0.0,-0.00017486393192049472,-0.00021993227145697614,-0.026928853019535293,-0.003334029547838624,0.00012168203271880598,-7.555072157013414e-05,-0.00013681166218996405,-0.0005925428665384974,-0.001120598249885711,-0.0007693793682886041,-0.0002581504788193821,0.001696188399883477,0.00013594853518543828,0.0002512222192302747,0.00023963748947669974,3.701036227293325e-05,0.0,0.0,0.0,-0.0016026314136832912,-0.0007764759261255907,-0.002172623430148726,0.0006050251657219907,-0.0017247272352848258,1.4082013197688404e-05,-0.0014934432876965806,0.00012482006185784858,-3.6885360813235264e-05,0.00013067386169027232,-0.00013321752731334735,-0.0034614228219470846,0.0006640564920556077,0.00018811728320441447,1.5427525719550287e-05,-0.0017247314632546308,-0.0008371679623656373,-0.0021242605775840017,-0.0006161823852122996,-0.0002534474983342531,-0.0007196070144282324,0.0006116018971637753,-0.0004843908097269668,-0.0001961300365711844,-0.00045786052595671144,0.00013664585675319467,0.0,-0.00017409671593565117,-0.00030992965469485304,0.0,-0.00015585804222827186,-0.00031838072325759997,-0.0012795668247109573,-0.00022394073884633692,-0.0012450425921195294,5.051543109831438e-05,0.0,0.0,0.0,-0.00011183500851639992,0.0004765615095560804,-0.0006581592836078302,0.0,-0.0007845420391263186,4.374481754967982e-05,0.0,-3.4243916038550146e-05,-0.00047895811403296995,1.7676772334583188e-05,0.0,0.0,0.0,0.0004688419005390206,6.878187180983364e-06,-0.00034598512612637696,-0.0008647139436168716,-0.0004334074821966289,-0.00040682662607463967,-0.000848193909787731,-8.700969639714539e-05,0.0003193558672290129,-2.5237047896682645e-05,0.0014880727958980122,0.0020795252829297994,0.0010601137532301663,5.032191393288503e-05,-0.00013179747169397184,0.0009777326639992742,4.336931045499561e-06,1.2337209683811818e-05,0.0,0.0,0.0,0.0,0.0,0.0,7.871410771965562e-05,0.0,0.0,0.0
2023-07-19,-0.0002038989364605519,-0.0007185027221109034,4.984763685520335e-05,-0.00019299897849567755,-0.0002812955138368003,0.0,0.0,0.0,-5.060068271460644e-05,0.0,0.0,-0.00017486393192049472,3.325805080568907e-05,-0.02661676872192774,-0.003334029547838624,0.00012168203271880598,-7.555072157013414e-05,-0.00013681166218996405,-0.0005925428665384974,-0.0037989230781194836,-0.0007693793682886041,-0.0002581504788193821,0.001696188399883477,0.00013594853518543828,0.0002512222192302747,0.00023963748947669974,3.701036227293325e-05,0.0,0.0,0.0,-0.0017993145220734142,0.0013091013945945923,-0.002172623430148726,0.0006050251657219907,-0.0017247272352848258,1.4082013197688404e-05,-0.0014934432876965806,0.00012482006185784858,-3.6885360813235264e-05,0.00013067386169027232,-0.00013321752731334735,-0.0034614228219470846,0.0006589601098453935,0.00018811728320441447,1.5427525719550287e-05,-0.0017247314632546308,-0.0008371679623656373,-0.0018069050618625651,-0.0005551119179617049,-0.0002534474983342531,-0.0007196070144282324,0.0006116018971637753,-0.0004843908097269668,-0.0001961300365711844,-0.00045786052595671144,0.00013664585675319467,0.0,-0.00017409671593565117,-0.00014810958897557578,0.0,-0.00015585804222827186,-0.00031838072325759997,-0.0012795668247109573,-0.00022394073884633692,0.0003419489769063097,5.051543109831438e-05,0.0,0.0,0.0,-0.00011183500851639992,0.00011351345771029377,-0.0006581592836078302,0.0,-0.0007845420391263186,4.374481754967982e-05,0.0,-3.4243916038550146e-05,-0.00047895811403296995,1.7676772334583188e-05,0.0,0.0,0.0,0.0004688419005390206,-0.00014805499020936736,-0.00034598512612637696,-0.0008647139436168716,-0.0004334074821966289,-0.0006840347072033859,-0.000848193909787731,-8.700969639714539e-05,0.0003193558672290129,-2.5237047896682645e-05,0.0014880727958980122,0.0020795252829297994,0.0010601137532301663,5.032191393288503e-05,9.974746617037573e-05,0.0005912639654988226,4.336931045499561e-06,1.2337209683811818e-05,0.0,0.0,0.0,0.0,0.0,0.0,7.871410771965562e-05,0.0,0.0,0.0
2023-07-26,0.0003644492801302778,0.0006669803297453686,4.984763685520335e-05,-0.00015215069711878754,-0.0002812955138368003,0.0,0.0,0.0,-5.060068271460644e-05,0.0,0.0,0.00025950797342509294,3.325805080568907e-05,-0.027016168894021163,0.006480973089339054,0.00012168203271880598,-7.555072157013414e-05,-0.00013681166218996405,0.0009742256123951097,0.0007608670928353938,0.0019293651430404317,-0.0002581504788193821,0.001696188399883477,-0.0005426737856497131,0.0002512222192302747,0.00024733759687008583,3.701036227293325e-05,0.0,0.0,0.0,-0.0016570996958885638,0.0006393035338515137,-0.0020827607943711807,0.0006050251657219907,-0.00013954447160114,1.4082013197688404e-05,0.0006140556414141924,0.00012482006185784858,-3.6885360813235264e-05,0.00013067386169027232,-0.00013321752731334735,-0.0035798229632077365,0.0006229823634285162,0.00018811728320441447,1.5427525719550287e-05,-0.001762421897674123,-0.0008371679623656373,-0.002059715896603635,-0.0005598291184808131,-0.0002534474983342531,-0.00014246521751442632,0.0006116018971637753,-0.0004843908097269668,-0.0001961300365711844,-0.00045786052595671144,0.0001425425855847153,0.0,-0.00017409671593565117,-0.00014810958897557578,0.0,-0.0001187336490603962,-0.00031838072325759997,-0.0012795668247109573,-0.00022394073884633692,0.0003419489769063097,5.051543109831438e-05,0.0,0.0,0.0,-0.00010239624536714926,-4.432072152389744e-05,-0.0006519957829592683,0.0,-0.0007359558812030382,4.374481754967982e-05,0.0,-3.4243916038550146e-05,-0.00047895811403296995,-9.640718854498891e-05,0.0,0.0,0.0,0.0004688419005390206,-0.00014805499020936736,-0.00034598512612637696,-0.0008647139436168716,-0.0004334074821966289,-0.00040682662607463967,-0.000848193909787731,-8.700969639714539e-05,0.0003193558672290129,-2.5237047896682645e-05,0.0011128118114415682,0.0020795252829297994,0.0014196187424226334,-0.00014076247643789793,-0.00013179747169397184,0.0005912639654988226,4.336931045499561e-06,1.2337209683811818e-05,0.0,0.0,0.0,0.0,0.0,0.0,0.00011027788924999783,0.0,0.0,0.0
2023-08-02,0.00025289492203234753,0.0006669803297453686,4.984763685520335e-05,-0.00015215069711878754,-0.0002812955138368003,0.0,0.0,0.0,-5.060068271460644e-05,0.0,0.0,0.00025950797342509294,3.325805080568907e-05,-0.026992442769772154,0.005440291964648236,0.00012168203271880598,-7.555072157013414e-05,0.0007035489720023443,0.0009742256123951097,0.0007229810835554568,0.0016921483674254576,-0.0002581504788193821,0.001696188399883477,0.00013594853518543828,-0.0006095685245669927,0.00024733759687008583,3.701036227293325e-05,0.0,0.0,0.0,-0.0016570996958885638,0.0006393035338515137,-0.0020827607943711807,0.0006050251657219907,-0.00014956382560053953,1.4082013197688404e-05,0.0004951193645673237,-5.3277464706589424e-05,-3.6885360813235264e-05,-6.304638262706915e-05,-0.00013321752731334735,-0.003346764309964836,0.0006229823634285162,-0.00016696216473914473,1.5427525719550287e-05,-0.001762421897674123,-0.0008371679623656373,-0.002966320798247566,-0.0005598291184808131,-0.0002534474983342531,-0.00014246521751442632,0.00046739665256266164,-0.0004843908097269668,-0.0001961300365711844,-0.00045786052595671144,0.0001425425855847153,0.0,-0.00017409671593565117,-0.00014810958897557578,0.0,-0.0001187336490603962,-0.00031838072325759997,-0.0012795668247109573,-0.00019878499049122092,0.0003419489769063097,5.051543109831438e-05,0.0,0.0,0.0,-0.00010239624536714926,-4.432072152389744e-05,-0.0006519957829592683,0.0,-0.0007845420391263186,4.374481754967982e-05,0.0,-3.4243916038550146e-05,0.0008534097979482979,-9.640718854498891e-05,0.0,0.0,0.0,0.0004688419005390206,-0.00014805499020936736,-0.00034598512612637696,-0.0008656117570718081,-0.00033857156902538944,-0.00040682662607463967,-0.000848193909787731,-8.700969639714539e-05,0.0003193558672290129,-2.5237047896682645e-05,0.0011128118114415682,0.0020795252829297994,0.0014196187424226334,-0.00014076247643789793,-0.00013179747169397184,0.0005912639654988226,4.336931045499561e-06,1.2337209683811818e-05,0.0,0.0,0.0,0.0,0.0,0.0,-0.0010532276402313062,0.0,0.0,0.0
2023-08-09,-0.0001414874673925469,0.0006669803297453686,4.984763685520335e-05,-0.0001785691639436276,-0.0002812955138368003,0.0,0.0,0.0,-5.060068271460644e-05,0.0,0.0,0.00025950797342509294,-0.00021993227145697614,-0.027261180683391846,-0.0022536070919004576,0.00012168203271880598,-7.555072157013414e-05,0.0007035489720023443,3.131956503849676e-05,0.0007229810835554568,-0.0007693793682886041,-0.0002581504788193821,0.001696188399883477,0.00013594853518543828,0.0002512222192302747,0.00023963748947669974,3.701036227293325e-05,0.0,0.0,0.0,-0.0016570996958885638,0.0006393035338515137,-0.0020827607943711807,0.0006050251657219907,-0.00013954447160114,1.5591589144050663e-05,0.0004923854646652955,-5.3277464706589424e-05,-3.6885360813235264e-05,-0.00016117817009746521,-0.00013321752731334735,-0.0034614228219470846,0.0006640564920556077,-0.00016696216473914473,1.5427525719550287e-05,-0.0017247314632546308,-0.0008371679623656373,-0.002966320798247566,-0.0005551119179617049,-0.0002534474983342531,-0.00014246521751442632,0.00046739665256266164,-0.0004843908097269668,-0.0001961300365711844,-0.00045786052595671144,0.00013664585675319467,0.0,-0.00017409671593565117,-0.00014810958897557578,0.0,-0.00015585804222827186,-0.00031838072325759997,-0.0012795668247109573,-0.00022394073884633692,0.0003419489769063097,-6.266471199537732e-05,0.0,0.0,0.0,-0.00010239624536714926,-4.432072152389744e-05,-0.0006519957829592683,0.0,-0.0007845420391263186,4.374481754967982e-05,0.0,-3.4243916038550146e-05,-0.0005372919114325472,-9.640718854498891e-05,0.0,0.0,0.0,0.0004688419005390206,-0.00014805499020936736,-0.00034598512612637696,-0.0008656117570718081,-0.0004334074821966289,-0.00040682662607463967,-0.000848193909787731,-8.700969639714539e-05,0.0003193558672290129,-2.5237047896682645e-05,0.0011128118114415682,0.0020795252829297994,0.0011303912263546012,0.0006716489595130778,-0.00013179747169397184,0.0009777326639992742,4.336931045499561e-06,1.2337209683811818e-05,0.0,0.0,0.0,0.0,0.0,0.0,-0.0009108255945957133,0.0,0.0,0.0
2023-08-16,0.00025289492203234753,0.0006669803297453686,4.984763685520335e-05,-0.00015215069711878754,-0.0002812955138368003,0.0,0.0,0.0,-5.060068271460644e-05,0.0,0.0,0.00025950797342509294,3.325805080568907e-05,-0.014647127219185973,0.005440291964648236,-0.0008559493633375821,-7.555072157013414e-05,0.0007035489720023443,0.0009742256123951097,0.0020322239119518097,0.0019293651430404317,-0.0001594989990229309,7.304461660818086e-05,0.00013594853518543828,0.0002512222192302747,0.00024733759687008583,3.701036227293325e-05,0.0,0.0,0.0,-0.0016570996958885638,0.0006393035338515137,-0.0020827607943711807,0.0006050251657219907,-6.773394560806854e-05,1.4082013197688404e-05,0.0004951193645673237,-5.3277464706589424e-05,-3.6885360813235264e-05,-6.304638262706915e-05,-0.00013321752731334735,-0.0035798229632077365,0.0006229823634285162,-0.00016696216473914473,1.5427525719550287e-05,-0.001762421897674123,-0.0008371679623656373,-0.002966320798247566,-0.0005598291184808131,-0.0002534474983342531,-0.00014246521751442632,0.00046739665256266164,-0.00038837356649030705,-0.0001961300365711844,-0.0001600599591558511,0.00025656970609766645,0.0,-0.00017409671593565117,-0.00014810958897557578,0.0,-3.9815158442945935e-05,-0.00031838072325759997,-0.0012795668247109573,-0.00019878499049122092,0.0003419489769063097,5.051543109831438e-05,0.0,0.0,0.0,-0.00010239624536714926,-4.432072152389744e-05,-0.0006519957829592683,0.0,-0.0007845420391263186,4.374481754967982e-05,0.0,-3.4243916038550146e-05,0.0008534097979482979,0.00020428131141030694,0.0,0.0,0.0,0.0004688419005390206,-0.00014805499020936736,-0.00034598512612637696,-0.0006257042499016236,-0.0004334074821966289,-0.00040682662607463967,-0.000848193909787731,0.00044160896051425203,0.0003193558672290129,-2.5237047896682645e-05,0.0011128118114415682,0.0020795252829297994,0.0014196187424226334,-0.00014076247643789793,-0.00013179747169397184,0.0005912639654988226,4.336931045499561e-06,1.2337209683811818e-05,0.0,0.0,0.0,0.0,0.0,0.0,-0.0010532276402313062,0.0,0.0,0.0
2023-08-23,-0.0001414874673925469,0.0006669803297453686,4.984763685520335e-05,0.0017263065029904064,-0.0002812955138368003,0.0,0.0,0.0,-5.060068271460644e-05,0.0,0.0,0.00025950797342509294,3.325805080568907e-05,-0.014013772318619238,-0.0030564541307527343,-0.0008559493633375821,-7.555072157013414e-05,0.0007035489720023443,3.131956503849676e-05,0.0020322239119518097,-0.0005731647922868333,-0.0001594989990229309,7.304461660818086e-05,0.00013594853518543828,0.0002512222192302747,0.0007107379098824033,3.701036227293325e-05,0.0,0.0,0.0,-0.004368311830063935,-0.0007764759261255907,0.0004511645469250565,0.0006050251657219907,-0.001295340345664739,1.4082013197688404e-05,0.0004923854646652955,-5.3277464706589424e-05,-3.6885360813235264e-05,-6.304638262706915e-05,-0.00013321752731334735,-0.0034614228219470846,0.0006640564920556077,-0.00016696216473914473,1.5427525719550287e-05,-0.0017247314632546308,-0.001027279421686771,-0.002982658572459939,-0.0005551119179617049,-0.0002534474983342531,-0.00014246521751442632,0.00038690459338917903,-0.00038837356649030705,-0.0001961300365711844,-0.0001600599591558511,0.0002506729772661458,0.0,-0.00017409671593565117,-0.00030992965469485304,0.0,-7.69395516108216e-05,-0.00031838072325759997,-0.0012795668247109573,-0.00019878499049122092,0.00039851562013347983,-6.266471199537732e-05,0.0,0.0,0.0,-0.00011183500851639992,-4.432072152389744e-05,-0.0006581592836078302,0.0,-0.0007845420391263186,4.374481754967982e-05,0.0,-3.4243916038550146e-05,0.0008534097979482979,0.00020428131141030694,0.0,0.0,0.0,0.0004688419005390206,-0.00014805499020936736,-0.00034598512612637696,-0.0006257042499016236,-0.0004334074821966289,-0.00040682662607463967,-0.000848193909787731,0.00044160896051425203,0.0003193558672290129,-2.5237047896682645e-05,0.0011128118114415682,0.0020795252829297994,0.0011303912263546012,-0.00014076247643789793,-0.00013179747169397184,0.00012153045135903539,4.336931045499561e-06,1.2337209683811818e-05,0.0,0.0,0.0,0.0,0.0,0.0,-0.0009108255945957133,0.0,0.0,0.0
2023-08-30,0.00025289492203234753,0.0006669803297453686,4.984763685520335e-05,0.0017263065029904064,0.0014884876660413416,0.0,0.0,0.0,-5.060068271460644e-05,0.0,0.0,0.00025950797342509294,3.325805080568907e-05,-0.010691596401523869,-0.0019760316748145676,-0.0008559493633375821,-7.555072157013414e-05,0.0007035489720023443,0.0009742256123951097,0.0020322239119518097,-0.0005731647922868333,-0.0001594989990229309,7.304461660818086e-05,0.00013594853518543828,0.0002512222192302747,0.0007107379098824033,3.701036227293325e-05,0.0,0.0,0.0,-0.0040157336139534285,-0.0007764759261255907,0.0004511645469250565,0.0006050251657219907,-0.001295340345664739,1.5591589144050663e-05,0.0006737084288447236,-5.3277464706589424e-05,-3.6885360813235264e-05,-6.304638262706915e-05,-0.00013321752731334735,-0.003394095527816201,0.0006640564920556077,-0.00016696216473914473,1.5427525719550287e-05,-0.0017247314632546308,-0.001027279421686771,-0.0029596239174482864,-0.0005551119179617049,-0.0002534474983342531,-0.00014246521751442632,0.00044719576014787575,-0.00038837356649030705,-0.0001961300365711844,-0.0001600599591558511,0.0002506729772661458,0.0,-0.00017409671593565117,-0.00030992965469485304,0.0,-7.69395516108216e-05,-0.00031838072325759997,-0.0012795668247109573,-0.00019878499049122092,0.00039851562013347983,5.051543109831438e-05,0.0,0.0,0.0,-0.00011183500851639992,-4.432072152389744e-05,-0.0006581592836078302,0.0,-0.0007845420391263186,4.374481754967982e-05,0.0,-3.4243916038550146e-05,0.0008534097979482979,0.00020428131141030694,0.0,0.0,0.0,0.0004688419005390206,-0.00014805499020936736,-0.00027344155633956456,-0.0006257042499016236,-0.0004334074821966289,-0.00040682662607463967,-0.000381737159848717,0.00044160896051425203,0.0003193558672290129,-2.5237047896682645e-05,0.0011128118114415682,0.0020795252829297994,0.0011357847260782608,0.00048056456914229487,-0.00013179747169397184,0.00012153045135903539,4.336931045499561e-06,1.2337209683811818e-05,0.0,0.0,0.0,0.0,0.0,0.0,-0.0010532276402313062,0.0,0.0,0.0
2023-09-06,-0.0002038989364605519,0.0006669803297453686,4.984763685520335e-05,0.003445198737254293,0.0014884876660413416,0.0,0.0,0.0,-7.468188276508537e-05,0.0,0.0,0.00025950797342509294,-0.0007323035268552982,0.004334572774626053,0.005031896584453056,-0.0008559493633375821,-7.555072157013414e-05,0.0007035489720023443,0.0009742256123951097,0.0020322239119518097,-0.0007693793682886041,-0.0001594989990229309,7.304461660818086e-05,0.00013594853518543828,0.0002512222192302747,0.0007184380172757894,3.701036227293325e-05,0.0,0.0,0.0,-0.004217990866394543,-0.0004004757985783153,0.0004511645469250565,0.0006050251657219907,-0.0015269683251544262,1.5591589144050663e-05,0.0008053963381132122,-5.3277464706589424e-05,-3.6885360813235264e-05,-6.304638262706915e-05,-0.00013321752731334735,-0.0019934121192902773,-0.002502222569769634,0.00018811728320441447,1.5427525719550287e-05,-0.0017211291249687995,-0.001027279421686771,-0.0029596239174482864,-0.0006297889567570678,-0.00125336876785322,-0.00014246521751442632,-0.0025432830548400864,-0.00034233003285101364,-8.614696333523776e-05,-0.0010729269404996262,0.000413207396872779,0.0,-0.00017409671593565117,-0.00030992965469485304,0.0,-3.9815158442945935e-05,-0.00031838072325759997,-0.0003492628045225008,-0.00019878499049122092,-0.0014452014835387467,0.00022150810792582147,0.0,0.0,0.0,-0.00011183500851639992,0.0002891349549374369,-0.0006581592836078302,0.0,-0.0007845420391263186,-0.0006601490648406225,0.0,-3.4243916038550146e-05,0.0008534097979482979,0.00020428131141030694,0.0,0.0,0.0,0.0004688419005390206,6.878187180983364e-06,-0.00027344155633956456,-0.0006248064364466872,-0.0004334074821966289,-0.00040682662607463967,-0.000381737159848717,0.00044160896051425203,0.0006321112105775966,-2.5237047896682645e-05,0.0007703459715294106,0.0020795252829297994,0.0011357847260782608,0.0006716489595130778,-0.00012040521279000222,-0.00032022639161117026,4.336931045499561e-06,1.2337209683811818e-05,0.0,0.0,0.0,0.0,0.0,0.0,7.871410771965562e-05,0.0,0.0,0.0
2023-09-13,-0.0002038989364605519,-0.0007185027221109034,4.984763685520335e-05,0.004232009597037575,0.0014884876660413416,0.0,0.0,0.0,-7.468188276508537e-05,0.0,0.0,0.00025950797342509294,0.00011073858210982557,-0.0020561975617155986,-0.003124215165848956,-0.0008559493633375821,-7.555072157013414e-05,0.0007035489720023443,-0.0005529863919049119,0.0020322239119518097,-0.0007693793682886041,-0.0001594989990229309,7.304461660818086e-05,0.00013594853518543828,0.0002512222192302747,0.0007107379098824033,3.701036227293325e-05,0.0,0.0,0.0,-0.0040157336139534285,-0.0004004757985783153,0.0004511645469250565,0.0006050251657219907,-0.0015987788511474977,1.5591589144050663e-05,0.0007696430874912662,-5.3277464706589424e-05,-3.6885360813235264e-05,-0.00016117817009746521,-0.00013321752731334735,-0.002060739413421161,-0.002656168005565815,0.00018811728320441447,1.5427525719550287e-05,-0.0016834386905493072,-0.001027279421686771,-0.003024168598428653,-0.0005551119179617049,-0.00125336876785322,-0.00014246521751442632,-0.0030843651937591155,-0.00034233003285101364,-8.614696333523776e-05,-0.0010729269404996262,0.0004073106680412584,0.0,-0.00017409671593565117,-0.00030992965469485304,0.0,-7.69395516108216e-05,-0.00031838072325759997,-0.0003492628045225008,-0.00022394073884633692,0.00039851562013347983,5.051543109831438e-05,0.0,0.0,0.0,-0.00011183500851639992,0.0002891349549374369,-0.0006581592836078302,0.0,-0.0007845420391263186,-0.0006601490648406225,0.0,-3.4243916038550146e-05,-0.0005372919114325472,-9.640718854498891e-05,0.0,0.0,0.0,0.0004688419005390206,-0.00014805499020936736,-0.00027344155633956456,-0.0006248064364466872,-0.0004334074821966289,-0.00040682662607463967,0.00012442281062852918,0.00044160896051425203,0.0003193558672290129,-2.5237047896682645e-05,0.0007703459715294106,0.0020795252829297994,0.0010655072529538257,0.0006716489595130778,-0.00012040521279000222,-0.00011684330340916317,7.842041122679541e-05,1.2337209683811818e-05,0.0,0.0,0.0,0.0,0.0,0.0,7.871410771965562e-05,0.0,0.0,0.0
2023-09-20,-0.0002038989364605519,-0.0007185027221109034,4.984763685520335e-05,-0.00021004260952200851,0.0015325954181680528,0.0,0.0,0.0,-7.468188276508537e-05,0.0,0.0,0.00025950797342509294,-0.0007323035268552982,-0.004168715088559258,-0.003401790582934846,-0.0008559493633375821,-7.555072157013414e-05,0.0007035489720023443,-0.0005529863919049119,0.0007229810835554568,-0.0007693793682886041,-0.0001594989990229309,7.304461660818086e-05,0.00013594853518543828,0.00028755838363559143,0.0007107379098824033,3.701036227293325e-05,0.0,0.0,0.0,-0.0017432304024603744,-0.0006787094352899157,0.000613574640328209,1.501244089861548e-05,0.00425364806316809,1.5591589144050663e-05,0.0007696430874912662,-5.3277464706589424e-05,-3.6885360813235264e-05,-0.00016117817009746521,-0.00013321752731334735,-0.002060739413421161,-0.002656168005565815,0.00018811728320441447,1.5427525719550287e-05,-0.0016834386905493072,-0.001027279421686771,-0.003024168598428653,-0.0005551119179617049,-0.001275880449586391,-0.00014246521751442632,-0.0030843651937591155,-0.00038837356649030705,-8.614696333523776e-05,-0.0010729269404996262,0.0004073106680412584,0.0,-0.00017409671593565117,-0.00030992965469485304,0.0,-0.00015585804222827186,-0.00031838072325759997,-0.0003492628045225008,-0.00022394073884633692,0.0003419489769063097,5.051543109831438e-05,0.0,0.0,0.0,-0.00010239624536714926,0.0002891349549374369,-0.0006519957829592683,0.0,-0.0007845420391263186,-0.0006601490648406225,0.0,-3.4243916038550146e-05,-0.0005372919114325472,-9.640718854498891e-05,0.0,0.0,0.0,0.0004688419005390206,-0.00014805499020936736,-0.0003191874919870257,-0.0006248064364466872,-0.0004334074821966289,-0.00040682662607463967,0.00012442281062852918,0.00044160896051425203,0.0003193558672290129,-2.5237047896682645e-05,0.0007703459715294106,0.0016666120682821126,0.0009619360123788442,0.0006716489595130778,-0.00012040521279000222,-0.00032022639161117026,7.842041122679541e-05,1.2337209683811818e-05,0.0,0.0,0.0,0.0,0.0,0.0,7.871410771965562e-05,0.0,0.0,0.0
2023-09-27,-0.0002038989364605519,-0.0007185027221109034,4.984763685520335e-05,-0.00021004260952200851,0.0015325954181680528,0.0,0.0,0.0,-5.060068271460644e-05,0.0,0.0,0.00025950797342509294,0.00011073858210982557,-0.00467634142654684,-0.003401790582934846,-0.0008559493633375821,-7.555072157013414e-05,0.0007035489720023443,-0.0005529863919049119,0.0006341684977381008,-0.0007693793682886041,-0.0001594989990229309,7.304461660818086e-05,0.00013594853518543828,0.00028755838363559143,0.0006472494701010648,3.701036227293325e-05,0.0,0.0,0.0,-0.0016887621202551018,-0.0006787094352899157,0.000613574640328209,1.501244089861548e-05,0.004325458589161162,1.5591589144050663e-05,0.0007696430874912662,-5.3277464706589424e-05,-3.6885360813235264e-05,-6.304638262706915e-05,-0.00013321752731334735,-0.002060739413421161,-0.002656168005565815,0.00018811728320441447,1.5427525719550287e-05,-0.0016834386905493072,-0.0008371679623656373,-0.003024168598428653,-0.0006161823852122996,-0.001275880449586391,-0.00014246521751442632,-0.0030843651937591155,-0.00038837356649030705,-8.614696333523776e-05,-0.0010729269404996262,0.0004073106680412584,0.0,-0.00017409671593565117,-0.00030992965469485304,0.0,-0.00015585804222827186,-0.00031838072325759997,-0.0003492628045225008,-0.00019878499049122092,-0.0012450425921195294,5.051543109831438e-05,0.0,0.0,0.0,-0.00010239624536714926,0.0002891349549374369,-0.0006519957829592683,0.0,-0.0007845420391263186,-0.0006601490648406225,0.0,-3.4243916038550146e-05,0.0008534097979482979,0.00020428131141030694,0.0,0.0,0.0,0.0004688419005390206,6.878187180983364e-06,-0.0003191874919870257,-0.0006248064364466872,-0.0004334074821966289,0.00020887611127567561,0.00012442281062852918,0.00044160896051425203,0.0003193558672290129,-2.5237047896682645e-05,0.0007703459715294106,0.0016666120682821126,0.0009619360123788442,0.0006716489595130778,-0.00012040521279000222,-0.00011684330340916317,7.842041122679541e-05,1.2337209683811818e-05,0.0,0.0,0.0,0.0,0.0,0.0,7.871410771965562e-05,0.0,0.0,0.0
2023-10-04,-0.0002038989364605519,-0.0007185027221109034,0.00012787210482777386,-0.00021004260952200851,0.0015325954181680528,0.0,0.0,0.0,-5.060068271460644e-05,0.0,0.0,-0.00017486393192049472,-0.0007323035268552982,-0.010881282438887594,-0.0032885986737560807,-0.0008559493633375821,-7.555072157013414e-05,0.0007035489720023443,-0.0005605383700405803,0.0006341684977381008,-0.0008052390917293974,-0.0001594989990229309,7.304461660818086e-05,0.00013594853518543828,-0.0003600730830117979,0.0006472494701010648,3.701036227293325e-05,0.0,0.0,0.0,-0.0017432304024603744,-0.0007764759261255907,0.000613574640328209,1.501244089861548e-05,0.0038940733682332994,1.5591589144050663e-05,0.0007696430874912662,-5.3277464706589424e-05,-3.6885360813235264e-05,-0.00016117817009746521,-0.00013321752731334735,0.0031212087583673497,0.0006640564920556077,-0.0009695660145185239,1.5427525719550287e-05,-0.0017247314632546308,-0.0008371679623656373,-0.0030040457139103756,-0.0005551119179617049,-0.00016532923200568992,-0.00014246521751442632,0.00044719576014787575,-0.00038837356649030705,-0.0001961300365711844,-0.00026352264670727115,-0.0007903641760962058,0.0,-0.00017409671593565117,-0.00030992965469485304,0.0,-0.00015585804222827186,-0.00031838072325759997,-0.0012795668247109573,-0.00022394073884633692,0.0003419489769063097,5.051543109831438e-05,0.0,0.0,0.0,-0.00010239624536714926,0.00011351345771029377,-0.0006519957829592683,0.0,0.0069980716777967855,4.374481754967982e-05,0.0,1.4399650898256149e-05,-0.0005372919114325472,-9.640718854498891e-05,0.0,0.0,0.0,0.0004688419005390206,-0.00014805499020936736,-0.0003191874919870257,-0.0006190540022773908,-0.0004334074821966289,0.00020887611127567561,0.00012442281062852918,0.00044160896051425203,0.0003193558672290129,-2.5237047896682645e-05,-0.000349231160780909,0.0016666120682821126,0.0009619360123788442,0.0006716489595130778,-0.00013179747169397184,-0.0004821674002725192,7.842041122679541e-05,0.0001551785016408056,0.0,0.0,0.0,0.0,0.0,0.0,7.871410771965562e-05,0.0,0.0,0.0
2023-10-11,-0.0002038989364605519,-0.0007185027221109034,0.00012787210482777386,-0.00021004260952200851,-0.00023718776171008897,0.0,0.0,0.0,-5.060068271460644e-05,0.0,0.0,0.00025950797342509294,0.00011073858210982557,-0.014904277240765542,-0.0032442690470423866,-0.0008559493633375821,-7.555072157013414e-05,0.0007035489720023443,-0.0005209818954069949,0.0006341684977381008,-0.0008052390917293974,-0.0001594989990229309,7.304461660818086e-05,0.00013594853518543828,-0.0003600730830117979,0.0006472494701010648,-0.000968425249981475,0.0,0.0,0.0,-0.0016570996958885638,-0.0007764759261255907,0.000613574640328209,1.501244089861548e-05,0.0038940733682332994,1.5591589144050663e-05,0.000588320123311838,-5.3277464706589424e-05,-3.6885360813235264e-05,-6.304638262706915e-05,-0.00012546535222071362,0.0031212087583673497,0.0006640564920556077,-0.0009695660145185239,1.5427525719550287e-05,-0.0017247314632546308,-0.0008371679623656373,-0.0029879056264753914,-0.0005551119179617049,-0.00016532923200568992,-0.00014246521751442632,0.00038690459338917903,-0.00038837356649030705,-0.0001961300365711844,-0.00026352264670727115,-0.0007903641760962058,0.0,-0.00017409671593565117,-0.00030992965469485304,0.0,0.00028293848647774876,-0.00031838072325759997,-0.0012795668247109573,-0.00019878499049122092,0.0003419489769063097,-6.266471199537732e-05,0.0,0.0,0.0,-0.00010239624536714926,-4.432072152389744e-05,-0.0006519957829592683,0.0,0.0069980716777967855,4.374481754967982e-05,0.0,1.4399650898256149e-05,0.0008534097979482979,-9.640718854498891e-05,0.0,0.0,0.0,0.0004688419005390206,-0.00014805499020936736,-0.0003191874919870257,-0.0006190540022773908,-0.0004334074821966289,0.00020887611127567561,0.00012442281062852918,0.00044160896051425203,0.0003193558672290129,-2.5237047896682645e-05,-0.000349231160780909,0.0016666120682821126,0.0009565425126551846,0.0006716489595130778,-0.00013179747169397184,-0.00027878431207051214,7.842041122679541e-05,0.0001551785016408056,0.0,0.0,0.0,0.0,0.0,0.0,7.871410771965562e-05,0.0,0.0,0.0
2023-10-18,-0.0002038989364605519,-0.0007185027221109034,0.00012787210482777386,-0.0001836241426971685,0.0015325954181680528,0.0,0.0,0.0,-5.060068271460644e-05,0.0,0.0,-0.00017486393192049472,-0.0007323035268552982,-0.006330886416110408,0.004665613888887982,-0.0008559493633375821,-7.555072157013414e-05,0.0007035489720023443,2.376758690282837e-05,0.0007229810835554568,-0.0008052390917293974,-0.0001594989990229309,7.304461660818086e-05,0.00013594853518543828,0.00028755838363559143,0.0006549495774944509,3.701036227293325e-05,0.0,0.0,0.0,-0.0017432304024603744,-0.0006787094352899157,0.000613574640328209,1.501244089861548e-05,0.0040140329119718625,1.5591589144050663e-05,0.0007723769873932944,-5.3277464706589424e-05,-3.6885360813235264e-05,-0.00016117817009746521,-0.00013321752731334735,0.0031212087583673497,0.0006229823634285162,-0.0009695660145185239,1.5427525719550287e-05,-0.0017247314632546308,-0.0008371679623656373,-0.0029395010329300087,-0.0005687184895064731,-0.00016532923200568992,-0.00014246521751442632,0.00044719576014787575,-0.00038837356649030705,-0.0001961300365711844,-0.00026352264670727115,-0.0006477101565501279,0.0,-0.00017409671593565117,-0.00030992965469485304,0.0,0.0001740402665186469,-0.00031838072325759997,-0.0012795668247109573,-0.00022394073884633692,0.0003419489769063097,5.051543109831438e-05,0.0,0.0,0.0,-0.00010239624536714926,0.0004469691341716281,-0.0006519957829592683,0.0,0.0069980716777967855,4.374481754967982e-05,0.0,1.4399650898256149e-05,-0.0005372919114325472,-9.640718854498891e-05,0.0,0.0,0.0,0.0004688419005390206,-0.00014805499020936736,-0.0003191874919870257,-0.0006190540022773908,-0.0004334074821966289,-0.00040682662607463967,0.00012442281062852918,0.00044160896051425203,0.0003193558672290129,-2.5237047896682645e-05,-0.000349231160780909,0.0016666120682821126,0.0009619360123788442,0.0006716489595130778,-0.00013179747169397184,-0.0004821674002725192,7.842041122679541e-05,0.0001551785016408056,0.0,0.0,0.0,0.0,0.0,0.0,7.871410771965562e-05,0.0,0.0,0.0
2023-10-25,-0.0002038989364605519,-0.0007185027221109034,0.00012787210482777386,-0.00021004260952200851,0.0015325954181680528,0.0,0.0,0.0,-5.060068271460644e-05,0.0,0.0,0.00025950797342509294,3.325805080568907e-05,-0.013738116358615845,-0.0032442690470423866,-0.0008559493633375821,-7.555072157013414e-05,0.0007035489720023443,-0.0005209818954069949,0.0007608670928353938,-0.0008052390917293974,-0.0001594989990229309,7.304461660818086e-05,-0.0005426737856497131,0.00028755838363559143,-0.0003242191020312321,3.701036227293325e-05,0.0,0.0,0.0,-0.0016570996958885638,-0.0007764759261255907,0.00038974201879227557,-0.00032092773282785833,0.004085843437964934,1.5591589144050663e-05,-0.0018037478582033518,-5.3277464706589424e-05,-3.6885360813235264e-05,-6.304638262706915e-05,-0.00013321752731334735,0.0031212087583673497,0.0006640564920556077,-0.0009695660145185239,1.5427525719550287e-05,-0.0017247314632546308,-0.0008371679623656373,-0.0030040457139103756,-0.0005551119179617049,-0.00016532923200568992,-0.00014246521751442632,0.00038690459338917903,-0.00038837356649030705,-0.0001961300365711844,-0.00026352264670727115,-0.0007903641760962058,0.0,-0.00017409671593565117,-0.00030992965469485304,0.0,0.00028293848647774876,-0.00031838072325759997,-0.0012795668247109573,-0.00019878499049122092,0.0003419489769063097,-6.266471199537732e-05,0.0,0.0,0.0,-0.00010239624536714926,-4.432072152389744e-05,-0.0006519957829592683,0.0,0.0069980716777967855,4.374481754967982e-05,0.0,1.4399650898256149e-05,0.0008534097979482979,0.00020428131141030694,0.0,0.0,0.0,0.0004688419005390206,-0.00014805499020936736,-0.0003191874919870257,-0.0006190540022773908,-0.0004334074821966289,-0.00040682662607463967,0.00012442281062852918,0.00044160896051425203,0.00040021115991758203,-2.5237047896682645e-05,-0.0004756154435302559,0.0016666120682821126,0.0009619360123788442,0.0006716489595130778,-0.00013179747169397184,0.00012153045135903539,7.842041122679541e-05,0.0001551785016408056,0.0,0.0,0.0,0.0,0.0,0.0,7.871410771965562e-05,0.0,0.0,0.0
2023-11-01,0.0003644492801302778,0.0006669803297453686,4.984763685520335e-05,-0.0001734649666353135,0.0015325954181680528,0.0,0.0,0.0,-7.468188276508537e-05,0.0,0.0,0.00025950797342509294,0.00011073858210982557,0.032733811468388024,0.0064431449663176635,-0.0008559493633375821,-8.861980974641831e-06,0.0007035489720023443,0.0009072817092400779,0.0007229810835554568,0.0022597193314746644,-0.0001594989990229309,7.304461660818086e-05,0.00013594853518543828,-0.0003600730830117979,0.0006549495774944509,3.701036227293325e-05,0.0,0.0,0.0,-0.0008138619145244845,-0.0006787094352899157,0.0005237120045506641,-0.00032092773282785833,0.003985111500909167,-0.0005100677019982285,-0.0017873545457567294,-5.3277464706589424e-05,-3.6885360813235264e-05,-6.304638262706915e-05,-0.00013321752731334735,0.0031716574614183597,0.0008357542237461891,0.00027759467238762863,1.5427525719550287e-05,-0.0003070033214066976,-0.0008371679623656373,-0.002193760550111875,-0.0005598291184808131,-0.0002968716582167548,-0.00014246521751442632,0.00033005426615509615,-0.00034233003285101364,-0.0001961300365711844,0.0012397783974856416,0.000413207396872779,0.0,-0.00017409671593565117,-0.00030992965469485304,0.0,0.0001387387344232694,-0.00031838072325759997,-0.0005310376777868972,-0.00019878499049122092,0.0003419489769063097,0.00022150810792582147,0.0,0.0,0.0,-0.00010239624536714926,0.0002891349549374369,-0.0006519957829592683,0.0,-0.0007359558812030382,4.374481754967982e-05,0.0,-3.4243916038550146e-05,0.0008534097979482979,0.00020428131141030694,0.0,0.0,0.0,0.0004688419005390206,-0.00014805499020936736,-0.00033254945953587134,-0.0006248064364466872,0.0004469389513888667,-0.00040682662607463967,0.00012442281062852918,0.00044160896051425203,0.0007129665032661657,-2.5237047896682645e-05,-0.00035404245317412593,0.001568933339127708,0.0013214410015713117,0.0004167641112281721,-0.00013179747169397184,-0.00027878431207051214,7.842041122679541e-05,0.0001551785016408056,0.0,0.0,0.0,0.0,0.0,0.0,0.00011027788924999783,0.0,0.0,0.0
2023-11-08,0.0003644492801302778,0.0006669803297453686,4.984763685520335e-05,-0.0001734649666353135,0.0015325954181680528,0.0,0.0,0.0,-7.468188276508537e-05,0.0,0.0,0.00025950797342509294,3.325805080568907e-05,0.03226207193033468,0.005402463841626846,-0.0008559493633375821,-8.861980974641831e-06,0.0007035489720023443,0.0009072817092400779,0.0020322239119518097,0.0016200500522109739,-0.0001594989990229309,7.304461660818086e-05,0.00013594853518543828,0.00028755838363559143,0.0006549495774944509,3.701036227293325e-05,0.0,0.0,0.0,-0.0005266029394865065,-0.0006787094352899157,0.0005237120045506641,-0.00032092773282785833,0.00410507104464773,-0.0004606830031815206,-0.0017873545457567294,-5.3277464706589424e-05,-3.6885360813235264e-05,-6.304638262706915e-05,-0.00013321752731334735,0.0030022636110125438,0.0008306578415359746,0.00027759467238762863,1.5427525719550287e-05,-0.0003070033214066976,-0.0008371679623656373,-0.002193760550111875,-0.0005598291184808131,-0.0002968716582167548,-0.00014246521751442632,0.00033005426615509615,-0.00034233003285101364,-0.0001961300365711844,0.0012397783974856416,0.000413207396872779,0.0,-0.00017409671593565117,-0.00030992965469485304,0.0,0.00021765722504071965,0.000570505575684653,8.022916570996218e-05,-0.00019878499049122092,0.0003419489769063097,-0.00017856265842999892,0.0,0.0,0.0,-0.00010239624536714926,0.0002891349549374369,-0.0006519957829592683,0.0,-0.0007845420391263186,4.374481754967982e-05,0.0,-3.4243916038550146e-05,0.0008534097979482979,0.00020428131141030694,0.0,0.0,0.0,0.0004688419005390206,-0.00014805499020936736,-0.00032538979880654954,-0.0006248064364466872,-0.0004983817088134886,-0.00040682662607463967,0.00012442281062852918,0.00044160896051425203,0.0007129665032661657,-2.5237047896682645e-05,-0.00035404245317412593,0.001568933339127708,0.0013214410015713117,-0.00015366865958895044,9.974746617037573e-05,0.00012153045135903539,7.842041122679541e-05,0.0001551785016408056,0.0,0.0,0.0,0.0,0.0,0.0,0.00011027788924999783,0.0,0.0,0.0
2023-11-15,-0.0002038989364605519,0.0006669803297453686,4.984763685520335e-05,-0.00019988343346015355,-0.00023718776171008897,0.0,0.0,0.0,-7.468188276508537e-05,0.0,0.0,0.00025950797342509294,3.325805080568907e-05,0.032733811468388024,-0.0032258350577330373,-0.0008559493633375821,-8.861980974641831e-06,0.0007035489720023443,6.332406153641379e-05,0.002070109921231747,-0.00020420239192105774,-0.0001594989990229309,7.304461660818086e-05,-0.0005426737856497131,0.00028755838363559143,-0.0012224980752767183,3.701036227293325e-05,0.0,0.0,0.0,-0.0004721346572812339,-0.0006787094352899157,0.0001719004811046727,-0.00032092773282785833,0.00410507104464773,-0.0004606830031815206,-0.0019714114098381857,-5.3277464706589424e-05,-3.6885360813235264e-05,-6.304638262706915e-05,-0.00013321752731334735,0.0030227920904569343,0.0008717319701630664,0.00027759467238762863,1.5427525719550287e-05,-0.0002693128869872053,-0.0008371679623656373,-0.0022167952051235272,-0.0006072930141866396,-0.0002968716582167548,-0.00014246521751442632,0.0004105463253285787,-0.00034233003285101364,-0.0001961300365711844,0.0012397783974856416,0.0004073106680412584,0.0,-0.00017409671593565117,-0.00030992965469485304,0.0,0.00032655544499982157,0.000570505575684653,8.022916570996218e-05,-0.00019878499049122092,-0.0012450425921195294,0.00022150810792582147,0.0,0.0,0.0,-0.00010239624536714926,0.0002891349549374369,-0.0006519957829592683,0.0,-0.0007845420391263186,4.374481754967982e-05,0.0,-3.4243916038550146e-05,0.0008534097979482979,0.00020428131141030694,0.0,0.0,0.0,0.0004688419005390206,6.878187180983364e-06,-0.00032538979880654954,-0.0006248064364466872,0.0004469389513888667,-0.00040682662607463967,0.00012442281062852918,0.00044160896051425203,0.0007129665032661657,-2.5237047896682645e-05,-0.00035404245317412593,0.001568933339127708,0.0010268199857796196,-0.00015366865958895044,9.974746617037573e-05,0.0005912639654988226,7.842041122679541e-05,0.0001551785016408056,0.0,0.0,0.0,0.0,0.0,0.0,7.871410771965562e-05,0.0,0.0,0.0
2023-11-22,-0.0002038989364605519,0.0006669803297453686,4.984763685520335e-05,-0.00019988343346015355,0.0015325954181680528,0.0,0.0,0.0,-7.468188276508537e-05,0.0,0.0,0.00025950797342509294,3.325805080568907e-05,0.03234835033395431,-0.002145412601794871,-0.0008559493633375821,-8.861980974641831e-06,0.0007035489720023443,6.332406153641379e-05,0.0020322239119518097,-0.0008052390917293974,-0.0001594989990229309,7.304461660818086e-05,0.00013594853518543828,-0.0006831725499008393,-0.0003242191020312321,3.701036227293325e-05,0.0,0.0,0.0,-0.0005266029394865065,-0.0006787094352899157,0.0004796046545698206,0.0006050251657219907,0.0039133009749160955,-0.0004606830031815206,0.0008962139783402805,-5.3277464706589424e-05,-3.6885360813235264e-05,-0.00016117817009746521,-0.00013321752731334735,0.0030227920904569343,0.0008717319701630664,0.00027759467238762863,1.5427525719550287e-05,-0.0002693128869872053,-0.0008371679623656373,-0.002193760550111875,-0.0005551119179617049,-0.0002968716582167548,-0.00014246521751442632,0.0004105463253285787,-0.00034233003285101364,-0.0001961300365711844,0.0012397783974856416,0.0004073106680412584,0.0,-0.00017409671593565117,-0.00030992965469485304,0.0,0.00032655544499982157,0.000570505575684653,8.022916570996218e-05,-0.00022394073884633692,0.0003419489769063097,-0.00017856265842999892,0.0,0.0,0.0,-0.00010239624536714926,0.0002891349549374369,-0.0006519957829592683,0.0,-0.0007845420391263186,4.374481754967982e-05,0.0,-3.4243916038550146e-05,-0.0005372919114325472,-9.640718854498891e-05,0.0,0.0,0.0,0.0004688419005390206,-0.00014805499020936736,-0.00032538979880654954,-0.0006248064364466872,-0.00040354579564224913,-0.00040682662607463967,0.00012442281062852918,0.00044160896051425203,0.0006321112105775966,-2.5237047896682645e-05,-0.00022765817042477905,0.001568933339127708,0.0011357847260782608,3.741573078183253e-05,9.974746617037573e-05,0.0005912639654988226,7.842041122679541e-05,0.0001551785016408056,0.0,0.0,0.0,0.0,0.0,0.0,7.871410771965562e-05,0.0,0.0,0.0
2023-11-29,-0.0002038989364605519,-0.0007185027221109034,4.984763685520335e-05,-0.00019988343346015355,0.0015325954181680528,0.0,0.0,0.0,-7.468188276508537e-05,0.0,0.0,0.00025950797342509294,3.325805080568907e-05,0.03234835033395431,-0.003270164684446732,-0.0008559493633375821,-8.861980974641831e-06,0.0007035489720023443,-0.0005209818954069949,0.0020322239119518097,-0.0008052390917293974,-0.0001594989990229309,7.304461660818086e-05,0.00013594853518543828,0.00028755838363559143,0.0006472494701010648,3.701036227293325e-05,0.0,0.0,0.0,-0.0005266029394865065,-0.0006787094352899157,0.000613574640328209,0.0006050251657219907,0.004033260518654659,-0.0004606830031815206,0.0008631946276203627,-5.3277464706589424e-05,-3.6885360813235264e-05,-0.00016117817009746521,-0.00013321752731334735,0.0030227920904569343,0.0008717319701630664,0.00027759467238762863,1.5427525719550287e-05,-0.0002693128869872053,-0.0008371679623656373,-0.002258305231092242,-0.0005551119179617049,-0.0002968716582167548,-0.00014246521751442632,0.0004105463253285787,-0.00034233003285101364,-0.0001961300365711844,0.0012397783974856416,0.0004073106680412584,0.0,-0.00017409671593565117,-0.00030992965469485304,0.0,-0.0001122410837061991,0.000570505575684653,8.022916570996218e-05,-0.00022394073884633692,0.0003419489769063097,-0.00017856265842999892,0.0,0.0,0.0,-0.00010239624536714926,0.0002891349549374369,-0.0006519957829592683,0.0,-0.0007845420391263186,4.374481754967982e-05,0.0,-3.4243916038550146e-05,-0.0005372919114325472,-9.640718854498891e-05,0.0,0.0,0.0,0.0004688419005390206,-0.00014805499020936736,-0.00032538979880654954,-0.0006248064364466872,-0.0004983817088134886,-0.00040682662607463967,0.00012442281062852918,0.00044160896051425203,0.0006321112105775966,-2.5237047896682645e-05,-0.00022765817042477905,0.001568933339127708,0.0010655072529538257,3.741573078183253e-05,9.974746617037573e-05,0.0005912639654988226,7.842041122679541e-05,0.0001551785016408056,0.0,0.0,0.0,0.0,0.0,0.0,7.871410771965562e-05,0.0,0.0,0.0
2023-12-06,-0.0002038989364605519,-0.0007185027221109034,4.984763685520335e-05,0.00012368737098520033,0.0015325954181680528,0.0,0.0,0.0,-7.468188276508537e-05,0.0,0.0,0.00025950797342509294,-0.00021993227145697614,0.03225963316041161,0.006659131472581334,0.00037971541431890094,-8.861980974641831e-06,0.0007035489720023443,-0.0010545813556848275,0.0007608670928353938,-0.0008052390917293974,0.0004256061372891679,-3.1197258934274507e-06,-0.0005426737856497131,-0.0006831725499008393,-0.0013307030482597603,3.701036227293325e-05,0.0,0.0,0.0,-0.0003343891879044357,-0.0006787094352899157,0.00026176311688221775,0.0007277408701671782,0.0039133009749160955,-0.0004606830031815206,0.000865928527522391,-5.3277464706589424e-05,4.073741231521729e-05,-0.00016117817009746521,-3.075372795171441e-05,0.0030227920904569343,0.0008306578415359746,0.00027759467238762863,1.5427525719550287e-05,0.00713256883577453,0.0014047916182559693,-0.0034104509137449666,-0.0005687184895064731,-9.537805840367688e-07,-0.0002417244233539198,-0.0025432830548400864,-0.00023497166904517391,-0.0001961300365711844,0.0018869795036726945,0.000413207396872779,0.0,-0.00017409671593565117,-0.00030992965469485304,0.0,-0.00024109708655064378,0.000570505575684653,8.022916570996218e-05,-0.00022394073884633692,0.0003419489769063097,-0.00017856265842999892,0.0,0.0,0.0,-0.00010239624536714926,0.0002891349549374369,-0.0006519957829592683,0.0,-0.0007359558812030382,4.578026166457075e-05,0.0,-3.4243916038550146e-05,-0.0005372919114325472,-9.640718854498891e-05,0.0,0.0,0.0,-0.00010546857541782287,-0.00014805499020936736,-0.00032538979880654954,-0.0006248064364466872,-0.000459840804923408,-0.00040682662607463967,0.00012442281062852918,0.00044160896051425203,0.0006321112105775966,-2.5237047896682645e-05,-0.00022765817042477905,0.0009785011349132977,0.0009502925548430183,3.741573078183253e-05,9.974746617037573e-05,0.0006699401585208359,7.842041122679541e-05,0.0001551785016408056,0.0,0.0,0.0,0.0,0.0,0.0,7.871410771965562e-05,0.0,0.0,0.0
2023-12-13,-0.0002038989364605519,-0.0007185027221109034,4.984763685520335e-05,9.726890416036027e-05,-0.00023718776171008897,0.0,0.0,0.0,-7.468188276508537e-05,0.0,0.0,0.00025950797342509294,3.325805080568907e-05,0.032504146156241434,-0.0033237002688038956,0.00037971541431890094,-8.861980974641831e-06,0.0007035489720023443,6.332406153641379e-05,0.0007229810835554568,-0.0008052390917293974,0.0004256061372891679,-3.1197258934274507e-06,0.00013594853518543828,-0.0006831725499008393,-0.0013384031556531464,3.701036227293325e-05,0.0,0.0,0.0,-0.00027992090569916304,-0.0006787094352899157,0.00026176311688221775,0.0007277408701671782,0.0039133009749160955,-0.0004606830031815206,0.0006818716634409346,-5.3277464706589424e-05,4.073741231521729e-05,-6.304638262706915e-05,-3.075372795171441e-05,0.0030227920904569343,0.0008717319701630664,0.00027759467238762863,1.5427525719550287e-05,0.0070024301659864716,0.0014047916182559693,-0.003391975542787905,-0.0006161823852122996,-9.537805840367688e-07,-0.0002417244233539198,-0.0025432830548400864,-0.00023497166904517391,-0.0001961300365711844,0.0023248600336205944,0.0004073106680412584,0.0,-0.00017409671593565117,-0.00030992965469485304,0.0,-0.00027822147971851946,0.000570505575684653,0.0003635542521230209,-0.00019878499049122092,-0.0012450425921195294,0.00022150810792582147,0.0,0.0,0.0,-0.00010239624536714926,0.0002891349549374369,-0.0006519957829592683,0.0,-0.0007845420391263186,4.578026166457075e-05,0.0,-3.4243916038550146e-05,0.0008534097979482979,-9.640718854498891e-05,0.0,0.0,0.0,-0.00010546857541782287,6.878187180983364e-06,-0.00032538979880654954,-0.0006248064364466872,-0.000459840804923408,-0.00040682662607463967,0.00012442281062852918,0.00044160896051425203,0.0006321112105775966,-2.5237047896682645e-05,-0.00022765817042477905,0.0011952971103040997,0.0009448990551193586,3.741573078183253e-05,9.974746617037573e-05,0.00028347146002038434,7.842041122679541e-05,0.0001551785016408056,0.0,0.0,0.0,0.0,0.0,0.0,7.871410771965562e-05,0.0,0.0,0.0
2023-12-20,-0.0002038989364605519,-0.0006483930380791832,4.984763685520335e-05,9.726890416036027e-05,-0.00013578446705544807,0.0,0.0,0.0,-7.468188276508537e-05,0.0,0.0,0.00025950797342509294,0.00011073858210982557,0.03217335475679199,-0.0033237002688038956,0.00037971541431890094,-8.861980974641831e-06,0.00140073488829578,-0.0005209818954069949,0.0006341684977381008,-0.0008052390917293974,0.0004256061372891679,-3.1197258934274507e-06,0.00013594853518543828,0.00028755838363559143,-0.0013384031556531464,3.701036227293325e-05,0.0,0.0,0.0,0.0008572939528602047,-0.0007179729096258844,0.0001719004811046727,0.0007277408701671782,0.004033260518654659,-0.0004606830031815206,-0.006302779258384586,-5.3277464706589424e-05,4.073741231521729e-05,-0.00016117817009746521,-3.075372795171441e-05,0.0030227920904569343,0.0008717319701630664,0.00027759467238762863,1.5427525719550287e-05,0.006981160469408351,0.0014047916182559693,-0.003433485568756619,-0.0006161823852122996,-9.537805840367688e-07,-0.0002417244233539198,-0.0025432830548400864,-0.00023497166904517391,-0.0001961300365711844,0.0023248600336205944,0.0004073106680412584,0.0,5.596595678147856e-05,-0.00030992965469485304,0.0,-0.00027822147971851946,0.000570505575684653,0.0003635542521230209,-0.00022394073884633692,-0.0012450425921195294,-0.00017856265842999892,0.0,0.0,0.0,-0.00010239624536714926,0.000435257506169099,-0.0006519957829592683,0.0,-0.0007845420391263186,4.578026166457075e-05,0.0,-3.4243916038550146e-05,-0.0005372919114325472,-9.640718854498891e-05,0.0,0.0,0.0,-0.00010546857541782287,6.878187180983364e-06,-0.00032538979880654954,-0.0006248064364466872,-0.0005546767180946475,0.00020887611127567561,0.00012442281062852918,0.00044160896051425203,0.0006321112105775966,-2.5237047896682645e-05,-0.00035404245317412593,0.0011952971103040997,0.0009448990551193586,3.741573078183253e-05,9.974746617037573e-05,-0.00011684330340916317,7.842041122679541e-05,0.0001551785016408056,0.0,0.0,0.0,0.0,0.0,0.0,7.871410771965562e-05,0.0,0.0,0.0
2023-12-27,-0.0002038989364605519,-0.0006483930380791832,4.984763685520335e-05,9.726890416036027e-05,-0.00013578446705544807,0.0,0.0,0.0,-7.468188276508537e-05,0.0,0.0,0.00025950797342509294,0.00011073858210982557,0.032109945450164386,-0.0033237002688038956,0.00037971541431890094,-8.861980974641831e-06,0.00140073488829578,-0.0005209818954069949,0.0006341684977381008,-0.0008052390917293974,0.0004256061372891679,-3.1197258934274507e-06,0.00013594853518543828,0.00028755838363559143,0.0005313443897246366,3.701036227293325e-05,0.0,0.0,0.0,0.0008572939528602047,-0.0007179729096258844,0.0005237120045506641,0.0007277408701671782,0.004033260518654659,-0.0004606830031815206,-0.006302779258384586,-5.3277464706589424e-05,4.073741231521729e-05,-0.00016117817009746521,-3.075372795171441e-05,0.0030227920904569343,0.0008717319701630664,0.00027759467238762863,1.5427525719550287e-05,0.006981160469408351,0.0014047916182559693,-0.003433485568756619,-0.0006161823852122996,-9.537805840367688e-07,-0.0002417244233539198,-0.0025432830548400864,-0.00023497166904517391,-0.0001961300365711844,0.0023248600336205944,0.0004073106680412584,0.0,5.596595678147856e-05,-0.00030992965469485304,0.0,-0.00027822147971851946,0.000570505575684653,0.0003635542521230209,-0.00022394073884633692,-0.0012450425921195294,-0.00017856265842999892,0.0,0.0,0.0,-0.00010239624536714926,0.000435257506169099,-0.0006519957829592683,0.0,-0.0007845420391263186,4.578026166457075e-05,0.0,-3.4243916038550146e-05,-0.0005372919114325472,-9.640718854498891e-05,0.0,0.0,0.0,-0.00010546857541782287,6.878187180983364e-06,-0.00032538979880654954,-0.00040725603989296804,-0.0005546767180946475,0.00020887611127567561,0.00012442281062852918,0.00044160896051425203,0.0006321112105775966,-2.5237047896682645e-05,-0.00035404245317412593,0.0011952971103040997,0.0009448990551193586,3.741573078183253e-05,9.974746617037573e-05,-0.00011684330340916317,7.842041122679541e-05,0.0001551785016408056,0.0,0.0,0.0,0.0,0.0,0.0,7.871410771965562e-05,0.0,0.0,0.0
2024-01-03,-0.0002038989364605519,-0.0006483930380791832,-0.0003753587112590613,9.726890416036027e-05,-0.00013578446705544807,0.0,0.0,0.0,-7.468188276508537e-05,0.0,0.0,-0.00017486393192049472,-0.0007323035268552982,0.03243513433043136,-0.003211650525018073,0.00037971541431890094,-8.861980974641831e-06,-0.0003132675666677717,-0.0011106490150440734,-0.0008343384417456283,-0.0008052390917293974,0.0004256061372891679,-3.1197258934274507e-06,-0.0005426737856497131,-0.0006831725499008393,-0.0013384031556531464,4.397090435132975e-05,0.0,0.0,0.0,0.001036768384318184,-0.0007179729096258844,0.0001719004811046727,0.0006050251657219907,0.004518085769827988,-0.0004606830031815206,-0.00705748480230896,0.00018590295084363416,4.073741231521729e-05,-0.00016117817009746521,-0.00013321752731334735,0.001913928291467005,0.0008717319701630664,-7.748477555593057e-05,1.5427525719550287e-05,-0.0014591718482728053,0.0014047916182559693,0.003357795570022374,-0.0005551119179617049,-0.0012155720886698072,-0.0008188662202677258,0.00033005426615509615,-0.00023497166904517391,-0.0001961300365711844,0.0008018978675377423,0.0004073106680412584,0.0,5.596595678147856e-05,-0.00030992965469485304,0.0,-0.00027822147971851946,0.000570505575684653,0.00022969170069210185,-0.00022394073884633692,0.0003419489769063097,-0.00017856265842999892,0.0,0.0,0.0,-0.00010239624536714926,-0.0004434443102462783,-0.0006519957829592683,0.0,-0.0007129514560185415,4.374481754967982e-05,0.0,-3.4243916038550146e-05,-0.0005372919114325472,-9.640718854498891e-05,0.0,0.0,0.0,-0.00010546857541782287,-0.00014805499020936736,-0.00032538979880654954,-0.0006257042499016236,-0.00040354579564224913,-0.00040682662607463967,0.00012442281062852918,0.00044160896051425203,0.0006321112105775966,-2.5237047896682645e-05,-0.00035404245317412593,-0.000818512955165899,0.0010601137532301663,3.741573078183253e-05,9.974746617037573e-05,-0.0004821674002725192,7.842041122679541e-05,-0.0016459096813377253,0.0,0.0,0.0,0.0,0.0,0.0,7.871410771965562e-05,0.0,0.0,0.0
2024-01-10,-0.0002038989364605519,-0.0006483930380791832,-0.0003753587112590613,8.71097280985053e-05,-0.00013578446705544807,0.0,0.0,0.0,-5.060068271460644e-05,0.0,0.0,-0.00017486393192049472,-0.0007323035268552982,-0.02662009029098843,-0.0012072084053401145,0.00012168203271880598,-7.555072157013414e-05,-0.0003132675666677717,-0.0011106490150440734,-0.002044895758797002,-0.0008052390917293974,0.0006888471326009419,0.001696188399883477,-0.0005426737856497131,-0.0006831725499008393,-0.0022253900037919193,4.397090435132975e-05,0.0,0.0,0.0,0.0003821170762132572,-0.0008157394004615594,0.0001719004811046727,0.0006050251657219907,0.004570668689138263,-0.0004606830031815206,-0.007038124864133638,0.00018590295084363416,4.073741231521729e-05,-6.304638262706915e-05,-0.00013321752731334735,0.00201234495937742,0.0008717319701630664,-0.00016696216473914473,1.5427525719550287e-05,-0.0014591718482728053,0.0014047916182559693,0.002703009868353594,-0.0005551119179617049,-0.0011911974426734812,-0.0008188662202677258,0.00038690459338917903,-0.0003770324459211271,-0.0001961300365711844,0.00039985935647586767,0.00013664585675319467,0.0,5.596595678147856e-05,-0.00030992965469485304,0.0,-0.00024291994762314195,0.000570505575684653,0.00022969170069210185,-0.00019878499049122092,0.0003419489769063097,-6.266471199537732e-05,0.0,0.0,0.0,-0.00010239624536714926,-0.00041056177819625,-0.0006519957829592683,0.0,-0.0007129514560185415,4.374481754967982e-05,0.0,-3.4243916038550146e-05,0.0008534097979482979,0.00020428131141030694,0.0,0.0,0.0,-0.00010546857541782287,-0.00014805499020936736,-0.0003120278312577039,-0.0008270795063594716,-0.00033857156902538944,0.0002771587486012594,0.00012442281062852918,-8.700969639714539e-05,0.0003193558672290129,-2.5237047896682645e-05,-0.0004036392117017399,-0.0008611111839046356,0.0010601137532301663,3.741573078183253e-05,9.974746617037573e-05,-0.0004821674002725192,7.842041122679541e-05,-0.0016459096813377253,0.0,0.0,0.0,0.0,0.0,0.0,7.871410771965562e-05,0.0,0.0,0.0
2024-01-17,0.0003644492801302778,-0.0006483930380791832,-0.0003753587112590613,0.00011352819492334533,-0.00013578446705544807,0.0,0.0,0.0,0.0012474592836498233,0.0,0.0,0.00025950797342509294,0.00011073858210982557,-0.004026055846287411,0.00539853413693369,-0.0008559493633375821,-7.555072157013414e-05,-0.0003132675666677717,0.0009267395053937024,-0.002339459900713913,-0.0008052390917293974,0.0004256061372891679,7.304461660818086e-05,0.00013594853518543828,-0.0006831725499008393,-0.00230855116364049,4.397090435132975e-05,0.0,0.0,0.0,8.72739460346854e-06,-0.0007179729096258844,0.0001719004811046727,0.0006050251657219907,0.004810283840334491,-0.0004606830031815206,-0.0070353909642316085,0.00018590295084363416,4.073741231521729e-05,-0.00016117817009746521,-0.00013321752731334735,0.0019807238538553547,0.0008306578415359746,-0.00016696216473914473,1.5427525719550287e-05,-0.0014968622826922976,0.0014047916182559693,0.002741435724649067,-0.0005687184895064731,-0.0011911974426734812,-0.0008188662202677258,0.00044719576014787575,-0.0002810152026844673,-0.0001961300365711844,0.0011355404532246273,0.000413207396872779,0.0,5.596595678147856e-05,-0.00030992965469485304,0.0,-0.0002057955544552663,-0.00031838072325759997,0.00022969170069210185,-0.00022394073884633692,0.0003419489769063097,-6.266471199537732e-05,0.0,0.0,0.0,-0.00010239624536714926,-0.0002382304376346828,-0.0006519957829592683,0.0,-0.0007129514560185415,4.374481754967982e-05,0.0,-3.4243916038550146e-05,-0.0005372919114325472,0.00020428131141030694,0.0,0.0,0.0,-0.00010546857541782287,-0.00014805499020936736,-0.0003120278312577039,-0.0005871719991892871,-0.00033857156902538944,-0.0006840347072033859,0.00012442281062852918,0.00044160896051425203,0.0003193558672290129,-2.5237047896682645e-05,-0.0004036392117017399,-0.0008611111839046356,0.0010601137532301663,3.741573078183253e-05,9.974746617037573e-05,-0.00027878431207051214,7.842041122679541e-05,-0.0016459096813377253,0.0,0.0,0.0,0.0,0.0,0.0,0.00011027788924999783,0.0,0.0,0.0
2024-01-24,0.0003644492801302778,0.0006022050781943227,-0.0003753587112590613,0.00014073100201153135,-0.00017989221918215942,0.0,0.0,0.0,0.0012474592836498233,0.0,0.0,-0.00017486393192049472,-0.0007323035268552982,0.033754724148993324,0.005462399000325581,-0.0008559493633375821,-8.861980974641831e-06,-0.0003132675666677717,0.0008871830307601169,-0.002082781768076939,-0.0008052390917293974,0.0004256061372891679,7.304461660818086e-05,0.00013594853518543828,0.0002512222192302747,-0.00230855116364049,4.397090435132975e-05,0.0,0.0,0.0,0.0034209534759480336,0.00069780655035122,9.490387701520064e-06,0.0006050251657219907,0.00010619511923224233,-0.0004606830031815206,-0.007156616487269781,-0.001168714238498755,4.073741231521729e-05,-0.00016117817009746521,-0.00013321752731334735,0.0018823071859449395,0.0008306578415359746,-7.748477555593057e-05,1.5427525719550287e-05,-0.0014968622826922976,0.0011617939690901588,0.0029990247150823504,-0.0005687184895064731,-0.0012155720886698072,-0.0008188662202677258,0.00013732932930736588,-0.00023497166904517391,-0.0001961300365711844,0.0012397783974856416,0.000413207396872779,0.0,5.596595678147856e-05,-0.00014810958897557578,0.0,-0.00024109708655064378,-9.874618242728346e-05,0.00022969170069210185,-0.00019878499049122092,0.0003419489769063097,0.00022150810792582147,0.0,0.0,0.0,-0.00010239624536714926,-8.039625840049159e-05,-0.0006519957829592683,0.0,-0.0007129514560185415,4.374481754967982e-05,0.0,-3.4243916038550146e-05,0.0001908757870973086,-9.640718854498891e-05,0.0,0.0,0.0,-0.00010546857541782287,-0.00014805499020936736,-0.00027964386315908847,-0.0005871719991892871,-0.0004983817088134886,0.0002771587486012594,0.00012442281062852918,0.00044160896051425203,0.0006321112105775966,-2.5237047896682645e-05,-0.00035404245317412593,-0.0010934645780960057,0.0010190486448667508,3.741573078183253e-05,9.974746617037573e-05,-0.0004821674002725192,7.842041122679541e-05,-0.0016459096813377253,0.0,0.0,0.0,0.0,0.0,0.0,0.00011027788924999783,0.0,0.0,0.0
2024-01-31,-0.0002038989364605519,0.0006022050781943227,4.984763685520335e-05,0.00010415335912483629,-0.00017989221918215942,0.0,0.0,0.0,0.0012474592836498233,0.0,0.0,-0.00017486393192049472,0.00011073858210982557,0.01149293193699675,-0.0032755153884099653,-0.0008559493633375821,-8.861980974641831e-06,-0.0003132675666677717,-0.0005770495547662407,-0.002044895758797002,-0.0008052390917293974,0.0004256061372891679,7.304461660818086e-05,-0.0005426737856497131,0.0002512222192302747,-0.0013384031556531464,4.397090435132975e-05,0.0,0.0,0.0,0.002600389608740014,0.00069780655035122,9.490387701520064e-06,0.0006050251657219907,8.880116292225835e-05,-0.0005100677019982285,-0.007139990448996485,-0.001168714238498755,4.073741231521729e-05,-6.304638262706915e-05,-0.00013321752731334735,0.00201234495937742,0.0008768283523732806,-0.00016696216473914473,1.5427525719550287e-05,-0.0014591718482728053,0.0011617939690901588,0.0026880565591716407,-0.0005551119179617049,-0.0011686857609403106,-0.0008188662202677258,0.00013732932930736588,-0.00023497166904517391,-0.0001961300365711844,0.0011355404532246273,0.0004073106680412584,0.0,5.596595678147856e-05,-0.00014810958897557578,0.0,-0.00024291994762314195,-9.874618242728346e-05,0.00022969170069210185,-0.00019878499049122092,0.0003419489769063097,-0.00017856265842999892,0.0,0.0,0.0,-0.00010239624536714926,-8.039625840049159e-05,-0.0006519957829592683,0.0,-0.0007845420391263186,4.374481754967982e-05,0.0,-3.4243916038550146e-05,0.0008534097979482979,0.00020428131141030694,0.0,0.0,0.0,-0.00010546857541782287,-0.00014805499020936736,-0.00027964386315908847,-0.0005871719991892871,-0.0004983817088134886,0.0002771587486012594,0.00012442281062852918,0.00044160896051425203,0.0006321112105775966,-2.5237047896682645e-05,-0.0004036392117017399,-0.0010934645780960057,0.0010190486448667508,0.000607848501598955,-0.00013179747169397184,-0.00027878431207051214,7.842041122679541e-05,-0.0016459096813377253,0.0,0.0,0.0,0.0,0.0,0.0,7.871410771965562e-05,0.0,0.0,0.0
2024-02-07,-0.0002038989364605519,-0.0006483930380791832,4.984763685520335e-05,0.00010415335912483629,-0.00017989221918215942,0.0,0.0,0.0,-7.468188276508537e-05,0.0,0.0,-0.00017486393192049472,0.00011073858210982557,0.010992388731176674,-0.0032755153884099653,-0.0008559493633375821,-8.861980974641831e-06,-0.0003132675666677717,-0.0011106490150440734,-0.002339459900713913,-0.0008052390917293974,0.0004256061372891679,7.304461660818086e-05,0.00013594853518543828,-0.0002864690576779513,0.001063751668971753,4.397090435132975e-05,0.0,0.0,0.0,0.0028856752821407716,0.00069780655035122,0.00036130191114751146,0.0006050251657219907,-6.31683978569687e-05,-0.0004606830031815206,-0.007038124864133638,-0.001168714238498755,4.073741231521729e-05,-0.00016117817009746521,-0.00013321752731334735,0.0031212087583673497,0.0008717319701630664,0.00018811728320441447,1.5427525719550287e-05,-0.0014591718482728053,0.00021096514620980687,0.003219296832610442,-0.0005551119179617049,-0.00016530232357434848,-0.0007196070144282324,0.00013732932930736588,-0.00034233003285101364,-0.0001961300365711844,0.000697659923276728,0.0004073106680412584,0.0,5.596595678147856e-05,-0.00014810958897557578,0.0,-0.00015585804222827186,-9.874618242728346e-05,0.00022969170069210185,-0.00022394073884633692,0.0003419489769063097,-0.00017856265842999892,0.0,0.0,0.0,-0.00010239624536714926,-0.0004434443102462783,-0.0006519957829592683,0.0,-0.0007223663381511283,4.374481754967982e-05,0.0,-3.4243916038550146e-05,-0.0005372919114325472,-9.640718854498891e-05,0.0,0.0,0.0,2.599577563115352e-05,-0.00014805499020936736,0.0014724417057310967,-0.0005862741857343507,-0.0004983817088134886,-0.0006840347072033859,0.00010504620204991115,-7.178864875354833e-05,0.0006321112105775966,-2.5237047896682645e-05,-0.0004036392117017399,-0.0010934645780960057,0.0009487711717423158,3.741573078183253e-05,9.974746617037573e-05,-0.00027878431207051214,7.842041122679541e-05,0.0001551785016408056,0.0,0.0,0.0,0.0,0.0,0.0,7.871410771965562e-05,0.0,0.0,0.0
2024-02-14,-0.0002038989364605519,-0.0006483930380791832,4.984763685520335e-05,0.00010415335912483629,-0.00017989221918215942,0.0,0.0,0.0,-7.468188276508537e-05,0.0,0.0,-0.00017486393192049472,-0.0007323035268552982,0.00629169139402355,-0.0032755153884099653,-0.0008559493633375821,-7.555072157013414e-05,-0.0003132675666677717,-0.0005770495547662407,-0.003684946457767496,-0.0008052390917293974,0.0004256061372891679,7.304461660818086e-05,-0.0005426737856497131,-0.0006095685245669927,0.0005313443897246366,4.397090435132975e-05,0.0,0.0,0.0,0.0028856752821407716,0.00069780655035122,0.00036130191114751146,0.0006050251657219907,7.878180892285881e-05,-0.0005100677019982285,-0.007015781257419685,-0.001168714238498755,4.073741231521729e-05,-6.304638262706915e-05,-0.00011608176337066719,0.0031212087583673497,0.0008768283523732806,0.00020795475488909443,1.5427525719550287e-05,-0.0014591718482728053,-6.784223393483735e-05,0.003219296832610442,-0.00039454763217360435,-0.00016530232357434848,-0.0007196070144282324,0.00013732932930736588,-0.00034233003285101364,-0.0001961300365711844,0.0011796399628951622,0.0004073106680412584,0.0,5.596595678147856e-05,-0.00014810958897557578,0.0,-0.00015585804222827186,-9.874618242728346e-05,0.00022969170069210185,-0.00019878499049122092,0.0003419489769063097,0.00022150810792582147,0.0,0.0,0.0,-0.00010239624536714926,-0.0004434443102462783,-0.0006519957829592683,0.0,-0.0007223663381511283,4.374481754967982e-05,0.0,-3.4243916038550146e-05,0.0008534097979482979,0.00020428131141030694,0.0,0.0,0.0,2.599577563115352e-05,-0.00014805499020936736,-0.0002662818956102428,0.004326686148079444,0.0005417748645601062,-0.0006840347072033859,0.00012442281062852918,0.00044160896051425203,0.0006321112105775966,-2.5237047896682645e-05,-0.0004036392117017399,-0.0011360628068347422,0.0009487711717423158,0.000607848501598955,-0.00013179747169397184,-0.0004821674002725192,7.842041122679541e-05,0.0001551785016408056,0.0,0.0,0.0,0.0,0.0,0.0,7.871410771965562e-05,0.0,0.0,0.0
2024-02-21,-0.0002038989364605519,-0.0006483930380791832,4.984763685520335e-05,0.00010415335912483629,-0.00017989221918215942,0.0,0.0,0.0,-7.468188276508537e-05,0.0,0.0,-0.00017486393192049472,0.00011073858210982557,0.005237132598610623,-0.0032755153884099653,-0.0008559493633375821,-7.555072157013414e-05,-0.0003132675666677717,-0.0005770495547662407,-0.003722832467047433,-0.0008052390917293974,0.0004256061372891679,7.304461660818086e-05,0.00013594853518543828,0.00042710884719980276,0.0005313443897246366,4.397090435132975e-05,0.0,0.0,0.0,0.0036341967031052616,0.0016390008988001591,0.00036130191114751146,0.0006050251657219907,-0.0016801880486070832,-0.0005100677019982285,-0.007015781257419685,-0.001168714238498755,4.073741231521729e-05,-0.00016117817009746521,-0.00011608176337066719,0.0031212087583673497,0.0008768283523732806,0.00020795475488909443,1.5427525719550287e-05,-0.0014994935800437658,-6.784223393483735e-05,0.003219296832610442,-0.0005551119179617049,-8.06140744105542e-05,-0.0007196070144282324,0.00013732932930736588,-0.00034233003285101364,-0.0001961300365711844,0.0011796399628951622,0.0004073106680412584,0.0,5.596595678147856e-05,-0.00014810958897557578,0.0,-0.00015585804222827186,-9.874618242728346e-05,0.00022027864514558937,-0.00022394073884633692,0.0003419489769063097,-0.00017856265842999892,0.0,0.0,0.0,-0.00011183500851639992,-0.0004434443102462783,-0.0006581592836078302,0.0,-0.0007223663381511283,4.374481754967982e-05,0.0,-3.4243916038550146e-05,-0.0005372919114325472,0.00020428131141030694,0.0,0.0,0.0,2.599577563115352e-05,-0.00014805499020936736,0.0025056067071259685,0.0026145851430946,0.002729627355716388,-0.0006840347072033859,0.00010504620204991115,-7.178864875354833e-05,0.0006321112105775966,-2.5237047896682645e-05,-0.0004036392117017399,-0.0011360628068347422,0.0009487711717423158,0.000607848501598955,-0.00013179747169397184,-0.00027878431207051214,7.842041122679541e-05,0.0001551785016408056,0.0,0.0,0.0,0.0,0.0,0.0,7.871410771965562e-05,0.0,0.0,0.0
2024-02-28,-0.0002038989364605519,-0.0006483930380791832,4.984763685520335e-05,0.00010415335912483629,-0.00017989221918215942,0.0,0.0,0.0,-5.060068271460644e-05,0.0,0.0,-0.00017486393192049472,-0.0007323035268552982,-0.02425723639315466,-0.0032755153884099653,0.00012168203271880598,-7.555072157013414e-05,-0.0003132675666677717,-0.0005770495547662407,-0.003684946457767496,-0.0008052390917293974,0.0006888471326009419,0.001696188399883477,-0.0005426737856497131,0.00042710884719980276,-0.0013384031556531464,4.397090435132975e-05,0.0,0.0,0.0,0.0037203274096770725,0.001541234407964484,9.490387701520064e-06,0.0006050251657219907,-0.0014502309143237114,-0.0005100677019982285,-0.007015781257419685,-0.001168714238498755,4.073741231521729e-05,-6.304638262706915e-05,-0.00011608176337066719,0.0031212087583673497,0.0008768283523732806,0.00020795475488909443,1.5427525719550287e-05,-0.0014994935800437658,-6.784223393483735e-05,0.003234250141792395,-0.0005551119179617049,-0.00010312575614372503,-0.0007196070144282324,0.00019417965654144876,-0.0004843908097269668,-0.0001961300365711844,0.0008818393960943018,0.00013664585675319467,0.0,5.596595678147856e-05,-0.00014810958897557578,0.0,-0.00015585804222827186,-9.874618242728346e-05,0.00022969170069210185,-0.00019878499049122092,0.0003419489769063097,5.051543109831438e-05,0.0,0.0,0.0,-0.00011183500851639992,-0.00041056177819625,-0.0006581592836078302,0.0,-0.0007223663381511283,4.374481754967982e-05,0.0,-3.4243916038550146e-05,0.0008534097979482979,-9.640718854498891e-05,0.0,0.0,0.0,2.599577563115352e-05,-0.00014805499020936736,-0.0002662818956102428,0.0026145851430946,0.002414421810062697,-0.0006840347072033859,0.00012442281062852918,1.4144433404462071e-05,0.0003193558672290129,-2.5237047896682645e-05,-0.0004036392117017399,-0.0011360628068347422,0.0009487711717423158,0.000607848501598955,-0.00013179747169397184,-0.0004821674002725192,7.842041122679541e-05,0.0001551785016408056,0.0,0.0,0.0,0.0,0.0,0.0,7.871410771965562e-05,0.0,0.0,0.0
2024-03-06,-0.0002038989364605519,-0.0006483930380791832,4.984763685520335e-05,0.00013057182594967634,-0.00017989221918215942,0.0,0.0,0.0,-5.060068271460644e-05,0.0,0.0,-0.00017486393192049472,-0.0007323035268552982,-0.01177784191425722,0.005463691183714428,0.0001782406113240653,-7.555072157013414e-05,-0.0003132675666677717,-0.0005770495547662407,-0.002301573891433976,-0.0008142411062071054,0.0004256061372891679,0.001696188399883477,-0.0005426737856497131,-0.001223609267482612,-0.002192646083264062,3.701036227293325e-05,0.0,0.0,0.0,0.0037203274096770725,0.001541234407964484,9.490387701520064e-06,0.0006050251657219907,-0.0013884397423300397,1.5591589144050663e-05,-0.0070353909642316085,-0.001168714238498755,4.073741231521729e-05,-6.304638262706915e-05,-0.00013321752731334735,0.0030284180574221826,0.0008357542237461891,0.00018811728320441447,-3.99945221876581e-05,-0.001537184014463258,-0.0009172399487341913,0.0011979835846788935,0.0023638591374633257,-0.000864364640705662,-0.0007196070144282324,0.0002544708233001455,-0.00038837356649030705,-0.0001961300365711844,0.00222062208935958,0.00025656970609766645,0.0,5.596595678147856e-05,-0.00014810958897557578,0.0,-0.0001187336490603962,-9.874618242728346e-05,0.00022969170069210185,-0.00019878499049122092,0.0002612770707667725,-6.266471199537732e-05,0.0,0.0,0.0,-0.00011183500851639992,-0.00041056177819625,-0.0006581592836078302,0.0,-0.0007845420391263186,4.374481754967982e-05,0.0,-3.4243916038550146e-05,0.0008534097979482979,0.00020428131141030694,0.0,0.0,0.0,-0.00011555962337229383,-0.00014805499020936736,-0.0002662818956102428,-0.0005339506977107964,0.0017193303523487889,-0.0006840347072033859,0.00012442281062852918,-7.178864875354833e-05,0.0003193558672290129,-2.5237047896682645e-05,-0.0004036392117017399,-0.0012926369835220745,0.0009487711717423158,0.0006716489595130778,-0.00013179747169397184,-0.0004821674002725192,7.842041122679541e-05,0.0001551785016408056,0.0,0.0,0.0,0.0,0.0,0.0,7.871410771965562e-05,0.0,0.0,0.0
2024-03-13,0.0003644492801302778,0.0006022050781943227,4.984763685520335e-05,0.00013057182594967634,-0.00017989221918215942,0.0,0.0,0.0,-7.468188276508537e-05,0.0,0.0,-0.00017486393192049472,0.00011073858210982557,0.004044241268721184,0.005516828674475408,0.0001782406113240653,-7.555072157013414e-05,-0.0003132675666677717,0.0008871830307601169,-0.002339459900713913,-0.0008142411062071054,0.0004256061372891679,0.001696188399883477,0.00013594853518543828,-0.00011058242970842321,-0.00031651899463784594,3.701036227293325e-05,0.0,0.0,0.0,0.0036341967031052616,0.0016390008988001591,0.00022733192538912296,0.0006050251657219907,-0.0016200677218197266,1.5591589144050663e-05,-0.007137256549094457,-0.001168714238498755,4.073741231521729e-05,-6.304638262706915e-05,-0.00013321752731334735,0.0029967969519001172,0.0008357542237461891,0.00018811728320441447,-3.99945221876581e-05,-0.001537184014463258,-0.0009172399487341913,0.001275462591526893,0.0023638591374633257,-0.0008418529589724912,-0.0007196070144282324,0.00013732932930736588,-0.00034233003285101364,-0.0001961300365711844,0.00222062208935958,0.000413207396872779,0.0,5.596595678147856e-05,-0.00014810958897557578,0.0,-0.0001187336490603962,-9.874618242728346e-05,0.00022969170069210185,-0.00019878499049122092,0.0002612770707667725,-0.00017856265842999892,0.0,0.0,0.0,-0.00011183500851639992,-0.0004434443102462783,-0.0006581592836078302,0.0,-0.0007845420391263186,4.374481754967982e-05,0.0,-3.4243916038550146e-05,0.0008534097979482979,0.00020428131141030694,0.0,0.0,0.0,-0.00011555962337229383,-0.00014805499020936736,-0.0002662818956102428,-0.0005339506977107964,0.002414421810062697,-0.0006840347072033859,0.00012442281062852918,-7.178864875354833e-05,0.0006321112105775966,-2.5237047896682645e-05,-0.0004036392117017399,-0.0012926369835220745,0.0010190486448667508,0.0006716489595130778,-0.00013179747169397184,-0.00027878431207051214,7.842041122679541e-05,0.0001551785016408056,0.0,0.0,0.0,0.0,0.0,0.0,0.00011027788924999783,0.0,0.0,0.0
2024-03-20,0.0003644492801302778,0.0006022050781943227,4.984763685520335e-05,-0.002163119226567015,-0.00017989221918215942,0.0,0.0,0.0,-7.468188276508537e-05,0.0,0.0,-0.00017486393192049472,0.00011073858210982557,0.03199160262576875,0.0055806935378673,0.0001782406113240653,-8.861980974641831e-06,-0.0003132675666677717,0.0008871830307601169,-0.002339459900713913,-0.0008142411062071054,0.0004256061372891679,0.001696188399883477,0.00013594853518543828,0.00042710884719980276,-0.0012147979678833322,3.701036227293325e-05,0.0,0.0,0.0,0.0038245543356622436,0.0016390008988001591,0.001724671301572772,0.0006050251657219907,-0.0022342415896849785,1.5591589144050663e-05,-0.006608235163600302,-0.001168714238498755,-0.0025695014391101264,-6.304638262706915e-05,-0.00013321752731334735,0.002898380283989702,0.0008357542237461891,0.00027759467238762863,-3.99945221876581e-05,-0.001537184014463258,-0.0009172399487341913,0.0015330515819601761,0.0023638591374633257,-0.0008887392867019878,-0.0007196070144282324,0.00013732932930736588,-0.00034233003285101364,-0.0001961300365711844,0.0023248600336205944,0.000413207396872779,0.0,5.596595678147856e-05,-0.00014810958897557578,0.0,-0.00015403518115577372,-9.874618242728346e-05,0.00022969170069210185,-0.00019878499049122092,0.0002612770707667725,0.00022150810792582147,0.0,0.0,0.0,-0.00011183500851639992,-0.0004434443102462783,-0.0006581592836078302,0.0,-0.0007845420391263186,4.374481754967982e-05,0.0,-3.4243916038550146e-05,0.0008534097979482979,-3.7456068250812854e-05,0.0,0.0,0.0,-0.00011555962337229383,-0.00014805499020936736,-0.00027964386315908847,-0.0005339506977107964,0.002729627355716388,-0.0006840347072033859,0.00012442281062852918,-7.178864875354833e-05,0.0006321112105775966,-2.5237047896682645e-05,-0.00035404245317412593,-0.001250038754783338,0.0010190486448667508,0.0006716489595130778,-0.00013179747169397184,-0.00027878431207051214,7.842041122679541e-05,0.0001551785016408056,0.0,0.0,0.0,0.0,0.0,0.0,0.00011027788924999783,0.0,0.0,0.0
2024-03-27,-0.0002038989364605519,0.0006022050781943227,4.984763685520335e-05,-0.0021895376933918553,-0.00017989221918215942,0.0,0.0,0.0,-7.468188276508537e-05,0.0,0.0,-0.00017486393192049472,0.00011073858210982557,0.029410271369377104,-0.0032143346941084336,0.0001782406113240653,-8.861980974641831e-06,-0.0003132675666677717,-0.0005770495547662407,-0.002339459900713913,-0.0008142411062071054,0.0004256061372891679,0.001696188399883477,0.00013594853518543828,0.00042710884719980276,0.0006472494701010648,3.701036227293325e-05,0.0,0.0,0.0,0.0038245543356622436,0.0016390008988001591,0.002076482825018763,0.0006050251657219907,-0.0022342415896849785,1.5591589144050663e-05,-0.00661096906350233,-0.001168714238498755,-0.0025695014391101264,-6.304638262706915e-05,-0.00013321752731334735,0.0029300013895117672,0.0008768283523732806,0.00027759467238762863,-3.99945221876581e-05,-0.0014994935800437658,-0.0009172399487341913,0.0013874918642892912,0.002309624493136996,-0.0008887392867019878,-0.0007196070144282324,0.00013732932930736588,-0.00034233003285101364,-0.0001961300365711844,0.0023248600336205944,0.0004073106680412584,0.0,5.596595678147856e-05,-0.00014810958897557578,0.0,-0.00019115957432364937,-9.874618242728346e-05,0.00022969170069210185,0.00013004625546154637,0.0002612770707667725,0.00022150810792582147,0.0,0.0,0.0,-0.00011183500851639992,-0.0004434443102462783,-0.0006581592836078302,0.0,-0.0007845420391263186,4.374481754967982e-05,0.0,-3.4243916038550146e-05,0.000980184348594789,-3.7456068250812854e-05,0.0,0.0,0.0,-0.00011555962337229383,-0.00014805499020936736,-0.00027964386315908847,-0.0005339506977107964,0.002729627355716388,-0.0006840347072033859,0.00012442281062852918,-7.178864875354833e-05,0.0006321112105775966,-2.5237047896682645e-05,-0.00035404245317412593,-0.001250038754783338,0.0010190486448667508,0.0006716489595130778,-0.00013179747169397184,-0.00027878431207051214,7.842041122679541e-05,0.0001551785016408056,0.0,0.0,0.0,0.0,0.0,0.0,7.871410771965562e-05,0.0,0.0,0.0
2024-04-03,-0.0002038989364605519,-0.0006483930380791832,4.984763685520335e-05,-0.00219969686945371,-0.00017989221918215942,0.0,0.0,0.0,-5.060068271460644e-05,0.0,0.0,-0.00017486393192049472,-0.0007323035268552982,-0.025334787797210215,-0.003334029547838624,0.00012168203271880598,-7.555072157013414e-05,-0.0003132675666677717,-0.001094137830318413,-0.0010174745494440107,-0.0008052390917293974,0.0006888471326009419,0.001696188399883477,-0.0005426737856497131,-0.0006095685245669927,0.0007107379098824033,3.701036227293325e-05,0.0,0.0,0.0,0.0037203274096770725,0.001541234407964484,0.002076482825018763,0.0005864540059242979,-0.002101837446497747,1.5591589144050663e-05,-0.006489743540464159,-0.001168714238498755,-0.0025695014391101264,-6.304638262706915e-05,-0.00013321752731334735,0.0030284180574221826,0.0008768283523732806,0.00018811728320441447,1.5427525719550287e-05,-0.0014994935800437658,-0.001107351408055325,-0.002713509963506496,-0.0005551119179617049,0.003814197318343954,0.0006951459572127085,-0.0028734014488312233,-0.0004843908097269668,-0.0001961300365711844,0.0005409841212674226,0.00013664585675319467,0.0,5.596595678147856e-05,-0.00014810958897557578,0.0,-0.00015585804222827186,-9.874618242728346e-05,0.00022969170069210185,0.00013004625546154637,0.0003419489769063097,-6.266471199537732e-05,0.0,0.0,0.0,-0.00011183500851639992,-0.00041056177819625,-0.0006581592836078302,0.0,-0.0006518374969643529,4.374481754967982e-05,0.0,-3.4243916038550146e-05,0.000980184348594789,-3.7456068250812854e-05,0.0,0.0,0.0,-0.00011555962337229383,-0.00014805499020936736,-0.0002662818956102428,-0.0008261816929045351,0.0015405240017611795,-0.0006840347072033859,0.00012442281062852918,1.4144433404462071e-05,0.0003193558672290129,-2.5237047896682645e-05,-0.0004036392117017399,-0.0012926369835220745,0.0002722201682004273,0.0006716489595130778,-0.00013179747169397184,-0.00032022639161117026,7.842041122679541e-05,0.0001551785016408056,0.0,0.0,0.0,0.0,0.0,0.0,7.871410771965562e-05,0.0,0.0,0.0
2024-04-10,-0.0002038989364605519,-0.0006483930380791832,-0.0003753587112590613,-0.00219969686945371,-0.00017989221918215942,0.0,0.0,0.0,-5.060068271460644e-05,0.0,0.0,-0.00017486393192049472,-0.0007323035268552982,-0.02505423333811432,-0.003296305771357648,0.00012168203271880598,-7.555072157013414e-05,-0.0003132675666677717,-0.0005605383700405803,-0.0010174745494440107,-0.0008052390917293974,0.0006888471326009419,0.001696188399883477,-0.0005426737856497131,-0.0006095685245669927,-0.0021094849234154912,3.701036227293325e-05,0.0,0.0,0.0,0.0037203274096770725,0.001541234407964484,0.001724671301572772,0.0005864540059242979,-0.002101837446497747,1.5591589144050663e-05,-0.006489743540464159,-0.001168714238498755,-0.0025695014391101264,-6.304638262706915e-05,-0.00013321752731334735,0.0030284180574221826,0.0008768283523732806,0.00018811728320441447,1.5427525719550287e-05,-0.0014591718482728053,-0.0009172399487341913,-0.002713509963506496,-0.0005551119179617049,0.003814197318343954,0.0006951459572127085,-0.0028734014488312233,-0.0004843908097269668,-0.0001961300365711844,0.000978864651215322,0.00013664585675319467,0.0,5.596595678147856e-05,-0.00014810958897557578,0.0,-0.00015585804222827186,-9.874618242728346e-05,0.00022969170069210185,0.00013004625546154637,0.0003419489769063097,5.051543109831438e-05,0.0,0.0,0.0,-0.00011183500851639992,-0.00041056177819625,-0.0006581592836078302,0.0,-0.0005802469138565758,4.374481754967982e-05,0.0,-3.4243916038550146e-05,0.000980184348594789,-3.7456068250812854e-05,0.0,0.0,0.0,-0.00011555962337229383,-0.00014805499020936736,-0.0002662818956102428,-0.0008261816929045351,0.0006072661729331174,-0.0006840347072033859,0.00012442281062852918,1.4144433404462071e-05,-0.0004783518230557711,-2.5237047896682645e-05,-0.0004036392117017399,-0.0012926369835220745,0.0002722201682004273,0.00030523947237311297,-0.00013179747169397184,-0.00032022639161117026,7.842041122679541e-05,0.0001551785016408056,0.0,0.0,0.0,0.0,0.0,0.0,7.871410771965562e-05,0.0,0.0,0.0
2024-04-17,-0.0002038989364605519,-0.0006483930380791832,-0.0003753587112590613,-0.00219969686945371,-0.00017989221918215942,0.0,0.0,0.0,-5.060068271460644e-05,0.0,0.0,-0.00017486393192049472,0.00011073858210982557,-0.025322971251734012,-0.003334029547838624,0.00012168203271880598,-7.555072157013414e-05,-0.0003132675666677717,-0.0005605383700405803,-0.0010553605587239477,-0.0008052390917293974,0.0006888471326009419,0.001696188399883477,0.00013594853518543828,-0.0006095685245669927,-0.0012224980752767183,3.701036227293325e-05,0.0,0.0,0.0,0.0037203274096770725,0.001541234407964484,0.001724671301572772,0.0005864540059242979,-0.0018178266319501264,1.5591589144050663e-05,-0.006489743540464159,-0.001168714238498755,-0.0025695014391101264,-0.00016117817009746521,-0.00013321752731334735,0.0030284180574221826,0.0008768283523732806,0.00018811728320441447,1.5427525719550287e-05,-0.0014591718482728053,-0.0009172399487341913,-0.002713509963506496,-0.0005551119179617049,0.004190734303087593,0.0006951459572127085,-0.0028734014488312233,-0.0004843908097269668,-0.0001961300365711844,0.000978864651215322,0.00013664585675319467,0.0,5.596595678147856e-05,-0.00014810958897557578,0.0,-0.00015585804222827186,-9.874618242728346e-05,0.00022969170069210185,0.00014650328709573445,0.0003419489769063097,-6.266471199537732e-05,0.0,0.0,0.0,-0.00011183500851639992,-0.00041056177819625,-0.0006581592836078302,0.0,-0.0005802469138565758,4.374481754967982e-05,0.0,-3.4243916038550146e-05,-0.0003689045807967522,1.7676772334583188e-05,0.0,0.0,0.0,-0.00011555962337229383,-0.00014805499020936736,-0.0002662818956102428,-0.0008261816929045351,0.00029213422714070305,-0.0006840347072033859,-0.000381737159848717,1.4144433404462071e-05,-0.0004783518230557711,-2.5237047896682645e-05,-0.0004036392117017399,-0.0012926369835220745,0.0002722201682004273,0.00030523947237311297,-0.00013179747169397184,-0.00011684330340916317,4.336931045499561e-06,0.0001551785016408056,0.0,0.0,0.0,0.0,0.0,0.0,7.871410771965562e-05,0.0,0.0,0.0
2024-04-24,0.0003644492801302778,0.0006022050781943227,-0.0003753587112590613,-0.00217327840262887,-0.00017989221918215942,0.0,0.0,0.0,-5.060068271460644e-05,0.0,0.0,-0.00017486393192049472,0.00011073858210982557,-0.02566795181584171,0.005440291964648236,0.00012168203271880598,-7.555072157013414e-05,-0.0003132675666677717,0.0008677252346064925,-0.0010553605587239477,-0.0008052390917293974,0.0006888471326009419,0.001696188399883477,0.00013594853518543828,0.0002512222192302747,-0.0012147979678833322,3.701036227293325e-05,0.0,0.0,0.0,0.0030103071538856484,0.001541234407964484,0.0010885796219998899,0.0005864540059242979,-0.0018078072779507267,1.5591589144050663e-05,-0.006830258063358281,-0.001168714238498755,-0.0025695014391101264,-6.304638262706915e-05,-0.00013321752731334735,0.0029967969519001172,0.0008357542237461891,0.00018811728320441447,1.5427525719550287e-05,-0.0014968622826922976,-0.0009172399487341913,-0.002648965282526129,-0.0005687184895064731,0.004190734303087593,0.0006951459572127085,-0.0028734014488312233,-0.0004843908097269668,-0.0001961300365711844,0.000978864651215322,0.0001425425855847153,0.0,5.596595678147856e-05,-0.00014810958897557578,0.0,-0.0001187336490603962,-9.874618242728346e-05,0.00022969170069210185,0.00013004625546154637,0.0003419489769063097,-6.266471199537732e-05,0.0,0.0,0.0,-0.00011183500851639992,-0.00041056177819625,-0.0006581592836078302,0.0,-0.0005802469138565758,4.374481754967982e-05,0.0,-3.4243916038550146e-05,0.000980184348594789,1.7676772334583188e-05,0.0,0.0,0.0,-0.00011555962337229383,-0.00014805499020936736,-0.0002662818956102428,-0.0008261816929045351,0.00019729831396946362,-0.0006840347072033859,0.00012442281062852918,1.4144433404462071e-05,-0.0004783518230557711,-2.5237047896682645e-05,-0.0004036392117017399,-0.0012926369835220745,0.0003424976413248623,0.00030523947237311297,-0.00013179747169397184,-0.00011684330340916317,7.842041122679541e-05,0.0001551785016408056,0.0,0.0,0.0,0.0,0.0,0.0,0.00011027788924999783,0.0,0.0,0.0
2024-05-01,0.0003644492801302778,0.0006022050781943227,4.984763685520335e-05,-0.00217327840262887,-0.00017989221918215942,0.0,0.0,0.0,-7.468188276508537e-05,0.0,0.0,-0.00017486393192049472,0.00011073858210982557,0.00022635116848817894,0.006480973089339054,0.0001782406113240653,-7.555072157013414e-05,-0.0003132675666677717,0.0008677252346064925,-0.0010174745494440107,-0.0008052390917293974,0.0004256061372891679,0.001696188399883477,-0.0005426737856497131,0.0002512222192302747,-0.0012147979678833322,3.701036227293325e-05,0.0,0.0,0.0,0.0029241764473138384,0.0016390008988001591,0.0010885796219998899,0.0005864540059242979,-0.0023234460719880343,1.5591589144050663e-05,-0.006830258063358281,-0.0008504402379938725,-0.0025695014391101264,5.1114330672073984e-05,-0.00013321752731334735,0.0029967969519001172,0.0008357542237461891,0.00018811728320441447,1.5427525719550287e-05,-0.0014968622826922976,-0.0009172399487341913,-0.0026422684017268494,-0.0005687184895064731,-0.001667430543960074,0.0006951459572127085,0.0007780329573919276,-0.00034233003285101364,-0.0001961300365711844,0.0011355404532246273,0.000413207396872779,0.0,5.596595678147856e-05,-0.00014810958897557578,0.0,-0.0001187336490603962,-9.874618242728346e-05,0.00022969170069210185,0.00013004625546154637,0.0003419489769063097,0.00022150810792582147,0.0,0.0,0.0,-0.00011183500851639992,-0.0004434443102462783,-0.0006581592836078302,0.0,-0.0007359558812030382,4.374481754967982e-05,0.0,-3.4243916038550146e-05,0.0008608268275057719,-3.7456068250812854e-05,0.0,0.0,0.0,-0.00011555962337229383,-0.00014805499020936736,-0.0002662818956102428,-0.0005862741857343507,-0.0004334074821966289,-0.0006840347072033859,0.00012442281062852918,-7.178864875354833e-05,-0.0004783518230557711,-2.5237047896682645e-05,-0.0004036392117017399,-0.0011360628068347422,0.0003424976413248623,0.00030523947237311297,-0.00013179747169397184,-0.00027878431207051214,7.842041122679541e-05,0.0001551785016408056,0.0,0.0,0.0,0.0,0.0,0.0,0.00011027788924999783,0.0,0.0,0.0
2024-05-08,-0.0002038989364605519,0.0006022050781943227,4.984763685520335e-05,-0.00219969686945371,-0.00017989221918215942,0.0,0.0,0.0,-5.060068271460644e-05,0.0,0.0,-0.00017486393192049472,-0.0007323035268552982,-0.025714610230695087,-0.003334029547838624,0.00012168203271880598,-7.555072157013414e-05,-0.0003132675666677717,-0.0005605383700405803,-0.0010553605587239477,-0.0008052390917293974,0.0006888471326009419,0.001696188399883477,0.00013594853518543828,0.0002512222192302747,0.0007107379098824033,3.701036227293325e-05,0.0,0.0,0.0,0.003064775436090921,0.001541234407964484,0.001440391145445881,0.0005864540059242979,-0.002091818092498347,1.5591589144050663e-05,-0.00683299196326031,-0.0008504402379938725,-0.0025695014391101264,0.00013067386169027232,-0.00013321752731334735,0.0030284180574221826,0.0008768283523732806,0.00018811728320441447,1.5427525719550287e-05,-0.0014591718482728053,-0.001107351408055325,-0.002713509963506496,-0.0006161823852122996,-0.0016899422256932445,0.0006951459572127085,0.0007177417906332308,-0.0004843908097269668,-0.0001961300365711844,0.0008377398864237671,0.00013664585675319467,0.0,5.596595678147856e-05,-0.00014810958897557578,0.0,-0.00015585804222827186,-9.874618242728346e-05,0.00022969170069210185,0.00014650328709573445,-0.0012450425921195294,-6.266471199537732e-05,0.0,0.0,0.0,-0.00011183500851639992,-0.00041056177819625,-0.0006581592836078302,0.0,-0.0007845420391263186,4.374481754967982e-05,0.0,-3.4243916038550146e-05,-0.00031057078339717485,-3.7456068250812854e-05,0.0,0.0,0.0,-0.00011555962337229383,6.878187180983364e-06,-0.0002662818956102428,-0.0008261816929045351,-0.0004334074821966289,-0.0006840347072033859,0.00012442281062852918,1.4144433404462071e-05,-0.0004783518230557711,-2.5237047896682645e-05,-0.0004036392117017399,-0.0011360628068347422,0.0003424976413248623,0.00030523947237311297,-0.00013179747169397184,-0.0004821674002725192,7.842041122679541e-05,0.0001551785016408056,0.0,0.0,0.0,0.0,0.0,0.0,7.871410771965562e-05,0.0,0.0,0.0
2024-05-15,-0.0002038989364605519,-0.0006483930380791832,4.984763685520335e-05,-0.00219969686945371,-0.00017989221918215942,0.0,0.0,0.0,-5.060068271460644e-05,0.0,0.0,-0.00017486393192049472,0.00011073858210982557,-0.02544587231707539,-0.003334029547838624,0.00012168203271880598,-7.555072157013414e-05,-0.0003132675666677717,-0.0005605383700405803,-0.0010174745494440107,-0.0008052390917293974,0.0006888471326009419,0.001696188399883477,-0.0005426737856497131,-0.0002864690576779513,0.0006472494701010648,3.701036227293325e-05,0.0,0.0,0.0,0.003064775436090921,0.001541234407964484,0.001440391145445881,0.0005864540059242979,-0.0018178266319501264,1.5591589144050663e-05,-0.006731126378397461,-0.0008504402379938725,-0.0025695014391101264,0.00013067386169027232,-0.00013321752731334735,0.0030284180574221826,0.0008768283523732806,0.00018811728320441447,1.5427525719550287e-05,-0.0014591718482728053,-0.0009172399487341913,-0.002713509963506496,-0.0006161823852122996,-0.0016899422256932445,0.0006951459572127085,0.0007177417906332308,-0.0004843908097269668,-0.0001961300365711844,0.0008377398864237671,0.00013664585675319467,0.0,5.596595678147856e-05,-0.00014810958897557578,0.0,-0.00015585804222827186,-9.874618242728346e-05,0.00035312492506483985,0.00014650328709573445,-0.0012450425921195294,5.051543109831438e-05,0.0,0.0,0.0,-0.00011183500851639992,-0.00041056177819625,-0.0006581592836078302,0.0,-0.0007845420391263186,4.374481754967982e-05,0.0,-3.4243916038550146e-05,-0.00031057078339717485,1.7676772334583188e-05,0.0,0.0,0.0,-0.00011555962337229383,6.878187180983364e-06,-0.0002662818956102428,-0.0008261816929045351,-0.0004334074821966289,-0.0006840347072033859,0.00012442281062852918,1.4144433404462071e-05,-0.0004783518230557711,-2.5237047896682645e-05,-0.0004036392117017399,-0.0009461004714397473,0.0002722201682004273,0.00030523947237311297,-0.00013179747169397184,-0.00027878431207051214,7.842041122679541e-05,0.0001551785016408056,0.0,0.0,0.0,0.0,0.0,0.0,7.871410771965562e-05,0.0,0.0,0.0
2024-05-22,-0.0002038989364605519,-0.0007185027221109034,4.984763685520335e-05,-0.00217327840262887,-0.0002812955138368003,0.0,0.0,0.0,-5.060068271460644e-05,0.0,0.0,-0.00017486393192049472,-0.0007323035268552982,-0.02578421904180564,0.005440291964648236,0.00012168203271880598,-7.555072157013414e-05,-0.00013681166218996405,-0.0005605383700405803,-0.0010174745494440107,-0.0008052390917293974,0.0006888471326009419,0.001696188399883477,-0.0005426737856497131,-0.0006095685245669927,-0.0012147979678833322,3.701036227293325e-05,0.0,0.0,0.0,-0.0009397245857571731,0.001541234407964484,9.93530234790651e-05,0.0005864540059242979,-0.0018178266319501264,1.5591589144050663e-05,0.000709990300060735,-0.0008504402379938725,-0.0025695014391101264,5.1114330672073984e-05,-0.00013321752731334735,0.0030284180574221826,0.0008357542237461891,0.00018811728320441447,1.5427525719550287e-05,-0.0018981217730365807,-0.0012294784652078891,-0.0026904753084948437,-0.0005687184895064731,-0.0016899422256932445,0.0006951459572127085,0.0007177417906332308,-0.0004843908097269668,-0.0001961300365711844,0.0008377398864237671,0.0001425425855847153,0.0,-0.00017409671593565117,-0.00014810958897557578,0.0,-0.0003740641972647532,-0.00031838072325759997,0.00035312492506483985,0.00013004625546154637,0.0003419489769063097,5.051543109831438e-05,0.0,0.0,0.0,-0.00011183500851639992,-0.0005566843294279121,-0.0006581592836078302,0.0,-0.0007845420391263186,4.374481754967982e-05,0.0,-3.4243916038550146e-05,0.0008608268275057719,1.7676772334583188e-05,0.0,0.0,0.0,-0.00011555962337229383,-0.00014805499020936736,-0.0002662818956102428,-0.0008261816929045351,-0.00033857156902538944,-0.0006840347072033859,0.00012442281062852918,1.4144433404462071e-05,-0.0004783518230557711,-2.5237047896682645e-05,-0.00027725492895239303,-0.0009461004714397473,0.0002722201682004273,0.00030523947237311297,-0.00013179747169397184,-0.0004821674002725192,7.842041122679541e-05,0.0001551785016408056,0.0,0.0,0.0,0.0,0.0,0.0,7.871410771965562e-05,0.0,0.0,0.0
2024-05-29,0.0003644492801302778,0.0006669803297453686,4.984763685520335e-05,0.0007723644125013336,-0.0002812955138368003,0.0,0.0,0.0,-5.060068271460644e-05,0.0,0.0,-0.00017486393192049472,0.00011073858210982557,-0.02578421904180564,0.005440291964648236,0.00012168203271880598,-7.555072157013414e-05,-0.00013681166218996405,0.0008677252346064925,-0.0010553605587239477,-0.0008052390917293974,0.0006888471326009419,0.001696188399883477,0.00013594853518543828,0.0002512222192302747,0.0006549495774944509,3.701036227293325e-05,0.0,0.0,0.0,-0.0008852563035519005,0.001541234407964484,0.0004511645469250565,0.0005864540059242979,-0.0018078072779507267,1.5591589144050663e-05,0.0007430096507806528,-0.0008504402379938725,0.0005956709405121388,0.00013067386169027232,-0.00013321752731334735,0.0029967969519001172,0.0008306578415359746,0.00018811728320441447,1.5427525719550287e-05,-0.0018981217730365807,-0.0012294784652078891,-0.002648965282526129,-0.0006297889567570678,-0.0016899422256932445,0.0006951459572127085,0.0007177417906332308,-0.0004843908097269668,-0.0001961300365711844,0.0008377398864237671,0.0001425425855847153,0.0,-0.00017409671593565117,-0.00014810958897557578,0.0,-0.0003740641972647532,-0.00031838072325759997,0.00035312492506483985,0.00014650328709573445,-0.0012450425921195294,5.051543109831438e-05,0.0,0.0,0.0,-0.00011183500851639992,-0.0005566843294279121,-0.0006581592836078302,0.0,-0.0007845420391263186,4.374481754967982e-05,0.0,-3.4243916038550146e-05,-0.00031057078339717485,1.7676772334583188e-05,0.0,0.0,0.0,-0.00011555962337229383,6.878187180983364e-06,-0.0002662818956102428,-0.0008261816929045351,-0.0004334074821966289,-0.0006840347072033859,0.00012442281062852918,1.4144433404462071e-05,-0.0004783518230557711,-2.5237047896682645e-05,-0.00027725492895239303,-0.0009461004714397473,0.0003424976413248623,0.00030523947237311297,9.974746617037573e-05,-0.00027878431207051214,7.842041122679541e-05,0.0001551785016408056,0.0,0.0,0.0,0.0,0.0,0.0,0.00011027788924999783,0.0,0.0,0.0
2024-06-05,0.0003644492801302778,0.0006669803297453686,4.984763685520335e-05,0.0007459459456764935,-0.0002812955138368003,0.0,0.0,0.0,6.147831652694669e-07,0.0,0.0,0.0004932515931457185,0.00011073858210982557,-0.025807945166054655,-0.003334029547838624,0.00012168203271880598,-7.555072157013414e-05,-0.00013681166218996405,0.0009072817092400779,-0.0010553605587239477,-0.0006522990013400785,0.0006888471326009419,0.001696188399883477,0.00013594853518543828,0.0002512222192302747,0.0006472494701010648,3.701036227293325e-05,0.0,0.0,0.0,-0.0009397245857571731,0.001541234407964484,0.0004511645469250565,0.0005864540059242979,-0.0018078072779507267,1.4082013197688404e-05,0.0007961026578756183,-0.0008504402379938725,0.0005956709405121388,0.00013067386169027232,-0.00013321752731334735,0.0030895876528452843,0.0006640564920556077,0.00018811728320441447,1.5427525719550287e-05,-0.0018604313386170884,-0.0012294784652078891,-0.0017653950358938505,-0.0005551119179617049,-0.0001878140053075193,0.0006951459572127085,0.0007177417906332308,-0.0004843908097269668,-0.0001961300365711844,0.0008377398864237671,0.00013664585675319467,0.0,-0.00017409671593565117,-0.00014810958897557578,0.0,-0.00041118859043262884,-0.00031838072325759997,-0.0010066710653560795,0.00014650328709573445,0.0003419489769063097,5.051543109831438e-05,0.0,0.0,0.0,-0.00011183500851639992,0.0011309442016967928,-0.0006581592836078302,0.0,-0.0007845420391263186,4.374481754967982e-05,0.0,-3.4243916038550146e-05,-0.00031057078339717485,1.7676772334583188e-05,0.0,0.0,0.0,-0.00011555962337229383,-0.00014805499020936736,-0.00027344155633956456,-0.0008261816929045351,-0.0004334074821966289,-0.0006840347072033859,0.00012442281062852918,1.4144433404462071e-05,-0.0004783518230557711,-2.5237047896682645e-05,-0.00027725492895239303,-0.0009461004714397473,-5.975297514539576e-05,-0.0003160875732070798,-0.00013179747169397184,-0.00027878431207051214,7.842041122679541e-05,0.0001551785016408056,0.0,0.0,0.0,0.0,0.0,0.0,0.00011027788924999783,0.0,0.0,0.0
2024-06-12,0.0003644492801302778,0.0006669803297453686,4.984763685520335e-05,0.0007723644125013336,-0.0002812955138368003,0.0,0.0,0.0,6.147831652694669e-07,0.0,0.0,0.0004932515931457185,0.00011073858210982557,-0.01021577410427522,0.005440291964648236,0.0001782406113240653,-7.555072157013414e-05,-0.00013681166218996405,0.0009072817092400779,-0.0010553605587239477,-0.0006522990013400785,0.0004256061372891679,0.001696188399883477,0.00013594853518543828,0.0002512222192302747,0.0007184380172757894,3.701036227293325e-05,0.0,0.0,0.0,-0.0010258552923289837,0.001541234407964484,0.0004511645469250565,0.0005864540059242979,-0.0018078072779507267,1.5591589144050663e-05,0.0007988365577776466,-0.0008504402379938725,0.0005956709405121388,5.1114330672073984e-05,-0.00013321752731334735,0.0030895876528452843,0.0006229823634285162,0.00018811728320441447,1.5427525719550287e-05,-0.0018981217730365807,-0.001419589924529023,-0.0017356635000829184,-0.0005687184895064731,-0.0001878140053075193,0.0006951459572127085,0.0007780329573919276,-0.00038837356649030705,-0.0001961300365711844,0.0011355404532246273,0.00025656970609766645,0.0,-0.00017409671593565117,-0.00014810958897557578,0.0,-0.0003740641972647532,-0.00031838072325759997,-0.0010066710653560795,-0.00019878499049122092,0.0003419489769063097,-6.266471199537732e-05,0.0,0.0,0.0,-0.00011183500851639992,0.0010980616696467645,0.0003023569181600279,0.0,-0.0007845420391263186,4.374481754967982e-05,0.0,-3.4243916038550146e-05,0.0007340522768592808,1.7676772334583188e-05,0.0,0.0,0.0,-0.00011555962337229383,-0.00014805499020936736,-0.00027344155633956456,-0.0005862741857343507,-0.0004334074821966289,-0.0006840347072033859,0.00012442281062852918,-7.178864875354833e-05,-0.0004783518230557711,-2.5237047896682645e-05,-0.00027725492895239303,-0.0009461004714397473,-5.975297514539576e-05,0.00030523947237311297,-0.00013179747169397184,-0.00027878431207051214,7.842041122679541e-05,0.0001551785016408056,0.0,0.0,0.0,0.0,0.0,0.0,0.00011027788924999783,0.0,0.0,0.0
2024-06-19,0.0003644492801302778,0.0006669803297453686,4.984763685520335e-05,0.0006879731508153395,-0.0002812955138368003,0.0,0.0,0.0,-7.468188276508537e-05,0.0,0.0,0.00025950797342509294,0.00011073858210982557,0.031637872190839154,0.006544837952730947,0.0001782406113240653,-8.861980974641831e-06,0.00021895402968218167,0.0009072817092400779,-0.0010553605587239477,-0.0006522990013400785,0.0004256061372891679,0.001696188399883477,0.00013594853518543828,0.0002512222192302747,0.0007184380172757894,3.701036227293325e-05,0.0,0.0,0.0,-0.0002306049954469734,0.0016390008988001591,0.0004511645469250565,-0.0007427542509044804,-0.0019502307751373584,1.5591589144050663e-05,0.0007176249140628807,-0.0008504402379938725,0.0005956709405121388,0.00013067386169027232,-0.00013321752731334735,0.002991170984934869,0.0006229823634285162,0.00027759467238762863,1.5427525719550287e-05,-0.0018261516516724372,-0.001419589924529023,-0.0018764050343904382,-0.0006297889567570678,-0.00021218865130384512,0.0006951459572127085,0.0006608914633991479,-0.00034233003285101364,-0.0001961300365711844,0.0012397783974856416,0.000413207396872779,0.0,-0.00017409671593565117,-0.00014810958897557578,0.0,-0.00040936572936013074,-0.00031838072325759997,-0.0010066710653560795,-0.00022394073884633692,-0.0012450425921195294,-0.00017856265842999892,0.0,0.0,0.0,-0.00011183500851639992,-0.0007474010407121317,0.0003023569181600279,0.0,-0.0007359558812030382,4.374481754967982e-05,0.0,-3.4243916038550146e-05,-0.00047895811403296995,1.7676772334583188e-05,0.0,0.0,0.0,-0.00011555962337229383,6.878187180983364e-06,-0.0002868035238884102,-0.0005862741857343507,-0.0004983817088134886,-0.0006840347072033859,0.00012442281062852918,-7.178864875354833e-05,-0.0005172231852428317,-2.5237047896682645e-05,-0.00022765817042477905,-0.000903502242701011,-0.00012323768786438194,0.00030523947237311297,-0.00013179747169397184,-0.00027878431207051214,7.842041122679541e-05,0.0001551785016408056,0.0,0.0,0.0,0.0,0.0,0.0,0.00011027788924999783,0.0,0.0,0.0
2024-06-26,-0.0002038989364605519,0.0006669803297453686,4.984763685520335e-05,0.0007603757602285435,-0.0002812955138368003,0.0,0.0,0.0,-2.3466416885209464e-05,0.0,0.0,0.0004932515931457185,0.00011073858210982557,0.0101854546222879,-0.003334029547838624,0.0001782406113240653,-8.861980974641831e-06,-0.00013681166218996405,-0.0005209818954069949,-0.0010553605587239477,-0.0006522990013400785,0.0004256061372891679,0.001696188399883477,0.00013594853518543828,0.0002512222192302747,0.0003031259292580382,3.701036227293325e-05,0.0,0.0,0.0,-0.0016525499061124313,0.0007370700246871888,-0.0020827607943711807,0.0005864540059242979,-0.0020394352574404136,1.5591589144050663e-05,0.0007961026578756183,-0.0008504402379938725,0.0005956709405121388,0.00013067386169027232,-0.00013321752731334735,0.0031212087583673497,0.0006640564920556077,0.00018811728320441447,1.5427525719550287e-05,-0.0018604313386170884,-0.001341853183872343,-0.0018002081810632854,-0.0005551119179617049,-0.00016530232357434848,0.0006951459572127085,0.0006608914633991479,-0.00034233003285101364,-0.0001961300365711844,0.0011355404532246273,0.0004073106680412584,0.0,-0.00017409671593565117,-0.00014810958897557578,0.0,-0.00015585804222827186,-0.00031838072325759997,-0.0010066710653560795,-0.00022394073884633692,0.0003419489769063097,-0.00017856265842999892,0.0,0.0,0.0,-0.00011183500851639992,0.0010980616696467645,0.0003023569181600279,0.0,-0.0007845420391263186,4.374481754967982e-05,0.0,-3.4243916038550146e-05,-0.00047895811403296995,1.7676772334583188e-05,0.0,0.0,0.0,-0.00011555962337229383,-0.00014805499020936736,-0.0002868035238884102,-0.0005862741857343507,-0.0004983817088134886,-0.0006840347072033859,-0.000381737159848717,-7.178864875354833e-05,-0.000598078477931401,-2.5237047896682645e-05,-0.00027725492895239303,-0.000903502242701011,-5.975297514539576e-05,0.00030523947237311297,-0.00013179747169397184,-0.00027878431207051214,4.336931045499561e-06,0.0001551785016408056,0.0,0.0,0.0,0.0,0.0,0.0,7.871410771965562e-05,0.0,0.0,0.0
2024-07-03,0.0003644492801302778,0.0006669803297453686,4.984763685520335e-05,0.0032816956732519887,-0.0002812955138368003,0.0,0.0,0.0,-2.3466416885209464e-05,0.0,0.0,0.0004932515931457185,3.325805080568907e-05,0.03177615481206559,0.004968502918517898,-0.0008559493633375821,-8.861980974641831e-06,0.0007035489720023443,0.0009742256123951097,-0.0018583281634351714,-0.0006164392778992852,0.0004256061372891679,7.304461660818086e-05,0.00013594853518543828,0.0002512222192302747,0.0003108260366514243,2.7217495760869206e-05,0.0,0.0,0.0,-0.0010024483877836368,-5.366881563972892e-06,-0.0020827607943711807,0.0005864540059242979,-0.0022342415896849785,1.5591589144050663e-05,0.0007734518210598744,-0.0010896206535440961,0.0005956709405121388,5.1114330672073984e-05,0.00226452361785573,-0.0034974601133847534,0.0006229823634285162,0.00027759467238762863,1.5427525719550287e-05,-0.0018981217730365807,-0.001035488192427704,-0.0018764050343904382,-0.0005687184895064731,0.00010277874021504864,-0.0007196070144282324,0.0007413835225726305,0.0018446073013777035,-0.0001961300365711844,0.0023248600336205944,0.000413207396872779,0.0,-0.00017409671593565117,-0.00014810958897557578,0.0,-0.00015403518115577372,-0.00031838072325759997,-0.0010066710653560795,-0.00019878499049122092,0.0003419489769063097,0.00022150810792582147,0.0,0.0,0.0,-6.069373051636692e-05,0.0010980616696467645,0.0003023569181600279,0.0,-0.0007845420391263186,4.374481754967982e-05,0.0,-3.4243916038550146e-05,0.0007340522768592808,-3.7456068250812854e-05,0.0,0.0,0.0,-0.00011555962337229383,-0.00014805499020936736,-0.0002868035238884102,-0.0005110753812597966,-0.00037937829593944394,-0.0006840347072033859,0.00012442281062852918,-7.178864875354833e-05,-0.000598078477931401,0.0005908950179947419,-0.00022765817042477905,-0.000903502242701011,-0.0004481238832697078,0.00030523947237311297,-0.00013179747169397184,0.0005912639654988226,7.842041122679541e-05,1.2337209683811818e-05,0.0,0.0,0.0,0.0,0.0,0.0,0.00011027788924999783,0.0,0.0,0.0
2024-07-10,-0.0002038989364605519,0.0006669803297453686,4.984763685520335e-05,0.00406850653303527,0.0014884876660413416,0.0,0.0,0.0,-7.468188276508537e-05,0.0,0.0,0.0007793866120567546,-0.00021993227145697614,0.03153164181623577,-0.002992589267360842,-0.0008559493633375821,-8.861980974641831e-06,-0.00013681166218996405,0.0019128812690986396,-0.0018583281634351714,-0.0006164392778992852,0.0004256061372891679,7.304461660818086e-05,0.00013594853518543828,0.0002512222192302747,0.0003031259292580382,2.7217495760869206e-05,0.0,0.0,0.0,-0.0010024483877836368,-5.366881563972892e-06,-0.0020827607943711807,0.0005864540059242979,-0.0022342415896849785,1.5591589144050663e-05,0.0010709771621841432,0.00012482006185784858,0.0005956709405121388,5.1114330672073984e-05,0.00226452361785573,-0.003564787407515637,0.0006640564920556077,0.00027759467238762863,1.5427525719550287e-05,-0.0018604313386170884,-0.001035488192427704,-0.0019409497153708053,-0.0005551119179617049,0.00010277874021504864,-0.0007196070144282324,0.0005547515699296923,0.0018446073013777035,-0.0001961300365711844,0.0018869795036726945,0.0004073106680412584,0.0,-0.00017409671593565117,-0.00014810958897557578,0.0,-0.00019115957432364937,-0.00031838072325759997,-0.0010066710653560795,-0.00019878499049122092,0.0003419489769063097,-0.00017856265842999892,0.0,0.0,0.0,-6.069373051636692e-05,-0.00012117696044053604,0.0003023569181600279,0.0,-0.0007845420391263186,4.374481754967982e-05,0.0,-3.4243916038550146e-05,0.0007340522768592808,-3.7456068250812854e-05,0.0,0.0,0.0,-0.00011555962337229383,-0.00014805499020936736,-0.0002868035238884102,-0.0005110753812597966,-0.00037937829593944394,-0.0006840347072033859,-0.000381737159848717,-7.178864875354833e-05,-0.000598078477931401,0.0005908950179947419,-0.00022765817042477905,-0.000903502242701011,-0.0003313878020581976,0.00030523947237311297,-0.00013179747169397184,0.0009777326639992742,4.336931045499561e-06,1.2337209683811818e-05,0.0,0.0,0.0,0.0,0.0,0.0,7.871410771965562e-05,0.0,0.0,0.0
2024-07-17,-0.0002038989364605519,-0.0007185027221109034,4.984763685520335e-05,0.00406850653303527,0.0014884876660413416,0.0,0.0,0.0,-7.468188276508537e-05,0.0,0.0,0.0007793866120567546,0.00011073858210982557,0.03227407513609202,-0.002992589267360842,-0.0008559493633375821,-8.861980974641831e-06,-0.00013681166218996405,0.0019128812690986396,-0.0018583281634351714,-0.0006164392778992852,0.0004256061372891679,7.304461660818086e-05,0.00013594853518543828,0.0002512222192302747,0.0003031259292580382,2.7217495760869206e-05,0.0,0.0,0.0,-0.0010024483877836368,-5.366881563972892e-06,-0.0020827607943711807,0.0005864540059242979,-0.0023043812704717347,1.5591589144050663e-05,0.0009821309044672315,0.00012482006185784858,0.0005956709405121388,5.1114330672073984e-05,0.00226452361785573,-0.003564787407515637,0.0006640564920556077,0.00027759467238762863,1.5427525719550287e-05,-0.0018604313386170884,-0.001035488192427704,-0.0019409497153708053,-0.0005551119179617049,0.00010277874021504864,-0.0007196070144282324,0.0004742595107562098,0.0018446073013777035,-0.0001961300365711844,0.0018869795036726945,0.0004073106680412584,0.0,-0.00017409671593565117,-0.00014810958897557578,0.0,-0.00019115957432364937,-0.00031838072325759997,-0.0009713563133392977,-0.00019878499049122092,0.0003419489769063097,0.00022150810792582147,0.0,0.0,0.0,-6.069373051636692e-05,-0.0007474010407121317,0.0003023569181600279,0.0,-0.0007845420391263186,4.374481754967982e-05,0.0,-3.4243916038550146e-05,0.0007340522768592808,-3.7456068250812854e-05,0.0,0.0,0.0,-0.00011555962337229383,-0.00014805499020936736,0.004477863474530529,-0.0005110753812597966,0.0005659423642629112,-0.0006840347072033859,-0.00040111376842733503,-7.178864875354833e-05,-0.000598078477931401,0.0005908950179947419,-0.00022765817042477905,-0.000903502242701011,-0.00040166527518263265,0.00030523947237311297,-0.00013179747169397184,-0.00027878431207051214,4.336931045499561e-06,1.2337209683811818e-05,0.0,0.0,0.0,0.0,0.0,0.0,7.871410771965562e-05,0.0,0.0,0.0
2024-07-24,-0.0002038989364605519,-0.0007185027221109034,4.984763685520335e-05,0.005072133444971701,-0.0002812955138368003,0.0,0.0,0.0,-7.468188276508537e-05,0.0,0.0,0.0007793866120567546,-0.0007323035268552982,0.013551609310857374,-0.0030534255775258204,-0.0008559493633375821,-8.861980974641831e-06,-0.00013681166218996405,0.0019128812690986396,-0.0032417007297686922,-0.0006164392778992852,0.0004256061372891679,7.304461660818086e-05,0.00013594853518543828,0.00042710884719980276,0.00023963748947669974,2.7217495760869206e-05,0.0,0.0,0.0,-0.001723335118782618,-0.0004004757985783153,-0.001296751888112321,0.0005864540059242979,-0.0013972812069122167,1.5591589144050663e-05,0.0049932403582641964,0.00012482006185784858,0.0005956709405121388,5.1114330672073984e-05,0.0012168443104387256,-0.0034614228219470846,0.0006640564920556077,0.00020795475488909443,1.5427525719550287e-05,-0.001900753070388049,-0.000530802970920998,-0.0018002081810632854,-0.00039454763217360435,0.00023435331710833956,-0.0007196070144282324,0.0004742595107562098,0.0018446073013777035,-0.0001961300365711844,0.0018268410690822148,0.00025246693429183077,0.0,-0.00017409671593565117,-0.00030992965469485304,0.0,-0.00015585804222827186,-0.00031838072325759997,-0.0009713563133392977,-0.00019878499049122092,0.0003419489769063097,0.00022150810792582147,0.0,0.0,0.0,-5.125496736711626e-05,-0.0007474010407121317,0.0003023569181600279,0.0,-0.0007845420391263186,4.374481754967982e-05,0.0,-3.4243916038550146e-05,0.0007340522768592808,0.00020428131141030694,0.0,0.0,0.0,0.0004688419005390206,-0.00014805499020936736,0.0026377777228566717,0.00430706059173364,0.0028486307685904326,-0.0006840347072033859,-0.0006870621121339601,-7.178864875354833e-05,-0.000598078477931401,0.0005908950179947419,-0.00027725492895239303,-0.000903502242701011,-0.00040705877490629226,0.00030523947237311297,-0.00013179747169397184,-0.0004821674002725192,4.336931045499561e-06,1.2337209683811818e-05,0.0,0.0,0.0,0.0,0.0,0.0,7.871410771965562e-05,0.0,0.0,0.0
2024-07-31,-0.0002038989364605519,-0.0007185027221109034,4.984763685520335e-05,0.0026652514271625774,-0.0002812955138368003,0.0,0.0,0.0,-7.468188276508537e-05,0.0,0.0,0.0007793866120567546,0.00011073858210982557,-0.000456541239478968,-0.0030534255775258204,-0.0008559493633375821,-7.555072157013414e-05,-0.00013681166218996405,0.0019128812690986396,-0.0018583281634351714,-0.0006164392778992852,0.0004256061372891679,7.304461660818086e-05,0.00013594853518543828,-0.0002864690576779513,0.00023963748947669974,2.7217495760869206e-05,0.0,0.0,0.0,-0.0016887621202551018,-0.0006787094352899157,-0.001296751888112321,0.0005864540059242979,-0.0013371608801248604,1.4082013197688404e-05,0.004970896751550244,0.00012482006185784858,0.0005956709405121388,5.1114330672073984e-05,0.00226452361785573,-0.0034614228219470846,0.0006640564920556077,0.00018811728320441447,1.5427525719550287e-05,-0.001900753070388049,-0.000530802970920998,-0.0018002081810632854,-0.0006161823852122996,0.00023435331710833956,-0.0007196070144282324,0.0005914010047489894,0.0018446073013777035,-0.0001961300365711844,0.00178274155941168,0.0004073106680412584,0.0,-0.00017409671593565117,-0.00030992965469485304,0.0,-0.00015585804222827186,-0.00031838072325759997,-0.0010066710653560795,-0.00019878499049122092,-0.0012450425921195294,0.00022150810792582147,0.0,0.0,0.0,-5.125496736711626e-05,-0.0007474010407121317,0.0003023569181600279,0.0,-0.0007845420391263186,4.374481754967982e-05,0.0,-3.4243916038550146e-05,0.0007340522768592808,0.00020428131141030694,0.0,0.0,0.0,0.0004688419005390206,6.878187180983364e-06,-0.00034598512612637696,-0.0005110753812597966,0.0018413484142630857,-0.0006840347072033859,-0.000848193909787731,-7.178864875354833e-05,-0.0004783518230557711,-2.5237047896682645e-05,-0.00027725492895239303,-0.0009461004714397473,-0.00040705877490629226,-0.0003160875732070798,-0.00013179747169397184,-0.00027878431207051214,4.336931045499561e-06,1.2337209683811818e-05,0.0,0.0,0.0,0.0,0.0,0.0,7.871410771965562e-05,0.0,0.0,0.0
2024-08-07,0.00025289492203234753,0.0006669803297453686,4.984763685520335e-05,0.003346377661016249,0.0014884876660413416,0.0,0.0,0.0,-7.468188276508537e-05,0.0,0.0,0.0007793866120567546,0.00011073858210982557,0.014539618895393604,0.005022274149898035,-0.0008559493633375821,-8.861980974641831e-06,-0.00013681166218996405,0.0019128812690986396,-0.0018583281634351714,-0.0006164392778992852,0.0004256061372891679,7.304461660818086e-05,0.00013594853518543828,0.0002512222192302747,0.0003108260366514243,3.701036227293325e-05,0.0,0.0,0.0,-0.001723335118782618,-0.0004004757985783153,-0.001296751888112321,0.0005864540059242979,-0.0013271415261254607,1.4082013197688404e-05,0.005175321978569684,0.00018590295084363416,-3.6885360813235264e-05,-0.00016117817009746521,-0.00013321752731334735,-0.00368585285863148,0.00024250710641334714,0.00018811728320441447,1.5427525719550287e-05,-0.0018981217730365807,-0.001027279421686771,-0.0026837784276955634,-0.0005687184895064731,-0.0011779109972248107,-0.0007196070144282324,0.00033005426615509615,-0.00034233003285101364,0.0012503289831413006,-0.0016142701579989459,0.000413207396872779,0.0,-0.00017409671593565117,-0.00030992965469485304,0.0,-0.0001187336490603962,-0.00031838072325759997,-0.0010066710653560795,-0.00022394073884633692,0.0003419489769063097,-0.00017856265842999892,0.0,0.0,0.0,-5.125496736711626e-05,-0.0007474010407121317,0.0003023569181600279,0.0,-0.0007845420391263186,4.374481754967982e-05,0.0,-3.4243916038550146e-05,-0.0005372919114325472,0.00020428131141030694,0.0,0.0,0.0,0.0004688419005390206,-0.00014805499020936736,-0.0002868035238884102,-0.0005862741857343507,-0.0004983817088134886,-0.0006840347072033859,-0.000381737159848717,-7.178864875354833e-05,-0.000598078477931401,-2.5237047896682645e-05,-0.000349231160780909,-0.000903502242701011,-0.0003313878020581976,-0.0003160875732070798,-0.00013179747169397184,-0.00027878431207051214,4.336931045499561e-06,1.2337209683811818e-05,0.0,0.0,0.0,0.0,0.0,0.0,-0.0010532276402313062,0.0,0.0,0.0
2024-08-14,-0.0001414874673925469,0.0006669803297453686,4.984763685520335e-05,0.0041331885207995306,0.0014884876660413416,0.0,0.0,0.0,-7.468188276508537e-05,0.0,0.0,0.0007793866120567546,0.00011073858210982557,0.022649597607894,-0.0030129921225164557,-0.0008559493633375821,-8.861980974641831e-06,-0.00013681166218996405,0.0019128812690986396,-0.0018583281634351714,-0.0006164392778992852,0.0004256061372891679,7.304461660818086e-05,0.00013594853518543828,0.0002512222192302747,0.0003031259292580382,3.701036227293325e-05,0.0,0.0,0.0,-0.001723335118782618,-0.0004004757985783153,-0.001296751888112321,0.0005864540059242979,-0.0013097475698154767,1.4082013197688404e-05,0.00518523906644959,0.00018590295084363416,-3.6885360813235264e-05,-0.00016117817009746521,-0.00013321752731334735,-0.00368585285863148,8.856167061716626e-05,0.00027759467238762863,1.5427525719550287e-05,-0.0018604313386170884,-0.001027279421686771,-0.002706813082707216,-0.0005551119179617049,-0.0012247973249543073,-0.0007196070144282324,0.00033005426615509615,-0.00034233003285101364,0.0012503289831413006,-0.0016142701579989459,0.0004073106680412584,0.0,-0.00017409671593565117,-0.00030992965469485304,0.0,0.0002476369543823713,-0.00031838072325759997,-0.0010066710653560795,-0.00022394073884633692,0.0003419489769063097,-0.00017856265842999892,0.0,0.0,0.0,-5.125496736711626e-05,-0.0007474010407121317,0.0003023569181600279,0.0,-0.0007845420391263186,4.374481754967982e-05,0.0,-3.4243916038550146e-05,-0.0005372919114325472,-9.640718854498891e-05,0.0,0.0,0.0,0.0004688419005390206,-0.00014805499020936736,-0.0002868035238884102,-0.0005862741857343507,-0.0004983817088134886,-0.0006840347072033859,0.00012442281062852918,-7.178864875354833e-05,-0.000598078477931401,-2.5237047896682645e-05,-0.00029963440225329503,-0.000903502242701011,-0.0003313878020581976,-0.0003160875732070798,-0.00013179747169397184,-0.00027878431207051214,7.842041122679541e-05,1.2337209683811818e-05,0.0,0.0,0.0,0.0,0.0,0.0,-0.0009108255945957133,0.0,0.0,0.0
2024-08-21,-0.0001414874673925469,0.0006669803297453686,4.984763685520335e-05,0.004232009597037575,0.0015325954181680528,0.0,0.0,0.0,-7.468188276508537e-05,0.0,0.0,0.0007793866120567546,0.00011073858210982557,-0.0005377185516489005,-0.003076856985908348,-0.0008559493633375821,-7.555072157013414e-05,-0.00013681166218996405,0.0019128812690986396,-0.0018204421541552344,-0.0006164392778992852,0.0004256061372891679,7.304461660818086e-05,-0.0005426737856497131,-0.0006831725499008393,0.0006472494701010648,3.701036227293325e-05,0.0,0.0,0.0,-0.004217990866394543,-0.0004004757985783153,0.0012371734531839162,0.0005864540059242979,0.002857896322096005,1.4082013197688404e-05,0.005869185736270025,0.00018590295084363416,-3.6885360813235264e-05,-0.00016117817009746521,-0.00013321752731334735,-0.0035824882730629277,8.856167061716626e-05,0.00018811728320441447,1.5427525719550287e-05,-0.0018604313386170884,-0.0011517417245512091,-0.002706813082707216,-0.0006161823852122996,-0.0011779109972248107,-0.0007196070144282324,0.00044719576014787575,-0.00034233003285101364,0.0012503289831413006,-0.0016142701579989459,0.0004073106680412584,0.0,-0.00017409671593565117,-0.00030992965469485304,0.0,0.00028293848647774876,-0.00031838072325759997,-0.0010066710653560795,-0.00022394073884633692,-0.0014452014835387467,-0.00017856265842999892,0.0,0.0,0.0,-5.125496736711626e-05,-0.0007474010407121317,0.0003085204188085898,0.0,-0.0007845420391263186,4.374481754967982e-05,0.0,-3.4243916038550146e-05,-0.0005372919114325472,-9.640718854498891e-05,0.0,0.0,0.0,-0.00011555962337229383,6.878187180983364e-06,-0.0003191874919870257,-0.0003010086126240043,-0.00033857156902538944,-0.0006840347072033859,0.00012442281062852918,-7.178864875354833e-05,-0.0004783518230557711,-2.5237047896682645e-05,-0.000349231160780909,-0.0009461004714397473,-0.0003313878020581976,-0.0003160875732070798,-0.00013179747169397184,-0.00027878431207051214,7.842041122679541e-05,1.2337209683811818e-05,0.0,0.0,0.0,0.0,0.0,0.0,-0.0009108255945957133,0.0,0.0,0.0
2024-08-28,-0.0001414874673925469,0.0006669803297453686,4.984763685520335e-05,0.004232009597037575,0.0015325954181680528,0.0,0.0,0.0,-7.468188276508537e-05,0.0,0.0,0.0007793866120567546,-0.0007323035268552982,-0.0004743092450212955,-0.003076856985908348,-0.0008559493633375821,-7.555072157013414e-05,-0.00013681166218996405,0.0019128812690986396,-0.0017636816221758018,-0.0006164392778992852,0.0004256061372891679,7.304461660818086e-05,0.00013594853518543828,-0.0003600730830117979,0.0007107379098824033,3.701036227293325e-05,0.0,0.0,0.0,-0.0040157336139534285,-0.0004004757985783153,0.0012371734531839162,0.0005864540059242979,0.002857896322096005,1.5591589144050663e-05,0.005869185736270025,0.00018590295084363416,-3.6885360813235264e-05,-0.00016117817009746521,-0.00013321752731334735,-0.0035824882730629277,8.856167061716626e-05,0.00018811728320441447,1.5427525719550287e-05,-0.0018604313386170884,-0.001341853183872343,-0.002706813082707216,-0.0005551119179617049,-0.0011779109972248107,-0.0007196070144282324,0.00044719576014787575,-0.00034233003285101364,0.0012503289831413006,-0.0016142701579989459,0.0004073106680412584,0.0,-0.00017409671593565117,-0.00030992965469485304,0.0,0.0010360122996922595,-0.00031838072325759997,-0.0010066710653560795,-0.00019878499049122092,0.00039851562013347983,-0.00017856265842999892,0.0,0.0,0.0,-5.125496736711626e-05,-0.0007474010407121317,0.0003085204188085898,0.0,-0.0007845420391263186,4.374481754967982e-05,0.0,-3.4243916038550146e-05,0.0001908757870973086,-9.640718854498891e-05,0.0,0.0,0.0,-0.00011555962337229383,-0.00014805499020936736,-0.0003191874919870257,-0.0005185590091777233,-0.0004334074821966289,-0.0006840347072033859,0.00012442281062852918,-7.178864875354833e-05,-0.0004783518230557711,-2.5237047896682645e-05,-0.000349231160780909,-0.0009461004714397473,-0.0003313878020581976,0.00030523947237311297,-0.00013179747169397184,-0.0004821674002725192,7.842041122679541e-05,1.2337209683811818e-05,0.0,0.0,0.0,0.0,0.0,0.0,-0.0009108255945957133,0.0,0.0,0.0
2024-09-04,-0.0002038989364605519,0.0006669803297453686,0.00012787210482777386,-0.0002680154043831626,0.0015325954181680528,0.0,0.0,0.0,-7.468188276508537e-05,0.0,0.0,0.0007793866120567546,-0.0007323035268552982,0.027183309943218797,0.005562233072902215,-0.0008559493633375821,-8.861980974641831e-06,-0.00023805555162625166,0.0032544255672755183,-0.0017636816221758018,-0.0006164392778992852,0.0004256061372891679,7.304461660818086e-05,0.00013594853518543828,0.00028755838363559143,0.0006549495774944509,3.701036227293325e-05,0.0,0.0,0.0,-0.003746853661150622,-0.0006787094352899157,0.0012371734531839162,0.0005864540059242979,0.0028292788473142086,1.4082013197688404e-05,0.005952820188519215,0.0002917742933397563,-3.6885360813235264e-05,-6.304638262706915e-05,-0.00013321752731334735,-0.00368585285863148,-0.002502222569769634,0.00027759467238762863,1.5427525719550287e-05,-0.0018981217730365807,-0.0008371679623656373,-0.0028965776296782644,-0.0005687184895064731,-0.001117629544739568,-0.0007196070144282324,-0.0025432830548400864,-0.00034233003285101364,-8.614696333523776e-05,-0.0009181232439184983,0.000413207396872779,0.0,-0.00017409671593565117,-0.00030992965469485304,0.0,0.0016906437570028071,-0.00031838072325759997,-7.63670451676231e-05,-0.00019878499049122092,0.00039851562013347983,-0.00017856265842999892,0.0,0.0,0.0,-5.125496736711626e-05,-0.0007474010407121317,0.0003085204188085898,0.0,0.006732845571099383,4.374481754967982e-05,0.0,-5.4953769754569425e-05,0.0008534097979482979,0.00020428131141030694,0.0,0.0,0.0,0.0004688419005390206,-0.00014805499020936736,-0.00033254945953587134,-0.0005185590091777233,-0.0004983817088134886,-0.0006840347072033859,0.00012442281062852918,-7.178864875354833e-05,-0.000598078477931401,-2.5237047896682645e-05,-0.00029963440225329503,-0.000903502242701011,-0.0003313878020581976,-0.0003160875732070798,-0.00012040521279000222,-0.00032022639161117026,7.842041122679541e-05,1.2337209683811818e-05,0.0,0.0,0.0,0.0,0.0,0.0,7.871410771965562e-05,0.0,0.0,0.0
2024-09-11,-0.0002038989364605519,0.0006669803297453686,0.00012787210482777386,-0.00019988343346015355,0.0015325954181680528,0.0,0.0,0.0,-7.468188276508537e-05,0.0,0.0,0.0007793866120567546,0.00011073858210982557,0.023086072392298807,-0.003248434403099006,-0.0008559493633375821,-8.861980974641831e-06,-0.00023805555162625166,0.0032544255672755183,-0.0017636816221758018,-0.0006164392778992852,0.0004256061372891679,7.304461660818086e-05,0.00013594853518543828,0.00028755838363559143,0.0006472494701010648,3.701036227293325e-05,0.0,0.0,0.0,-0.003459594686112644,-0.0006787094352899157,0.0012371734531839162,0.0005864540059242979,0.0028292788473142086,1.4082013197688404e-05,0.005869185736270025,0.0002917742933397563,-3.6885360813235264e-05,-6.304638262706915e-05,-0.00013321752731334735,-0.00368585285863148,-0.002656168005565815,0.00027759467238762863,1.5427525719550287e-05,-0.0018604313386170884,-0.0008371679623656373,-0.0026866901981889386,-0.0005551119179617049,-0.001117629544739568,-0.0007196070144282324,-0.0025432830548400864,-0.00034233003285101364,-8.614696333523776e-05,-0.0008636505117562909,0.0004073106680412584,0.0,-0.00017409671593565117,-0.00030992965469485304,0.0,0.0017995419769619091,0.000570505575684653,-7.63670451676231e-05,-0.00019878499049122092,0.00039851562013347983,0.00022150810792582147,0.0,0.0,0.0,-5.125496736711626e-05,-0.0007474010407121317,0.0003085204188085898,0.0,0.006732845571099383,4.374481754967982e-05,0.0,-5.4953769754569425e-05,0.0008534097979482979,0.00020428131141030694,0.0,0.0,0.0,0.0004688419005390206,-0.00014805499020936736,-0.00033254945953587134,-0.0005185590091777233,-0.0004983817088134886,-0.0006840347072033859,0.00012442281062852918,-7.178864875354833e-05,-0.000598078477931401,-2.5237047896682645e-05,-0.00029963440225329503,-0.000903502242701011,-0.0003313878020581976,-0.0003160875732070798,-0.00012040521279000222,-0.00011684330340916317,7.842041122679541e-05,1.2337209683811818e-05,0.0,0.0,0.0,0.0,0.0,0.0,7.871410771965562e-05,0.0,0.0,0.0
2024-09-18,-0.0002038989364605519,-0.0007185027221109034,0.00012787210482777386,-0.00019299897849567755,0.0015325954181680528,0.0,0.0,0.0,-7.468188276508537e-05,0.0,0.0,0.0007793866120567546,0.00011073858210982557,0.010501991743509836,-0.0033122992664908982,-0.0008559493633375821,-8.861980974641831e-06,-0.00023805555162625166,0.0032544255672755183,-0.0017636816221758018,-0.0006164392778992852,0.0004256061372891679,7.304461660818086e-05,0.00013594853518543828,0.00028755838363559143,0.0007107379098824033,3.701036227293325e-05,0.0,0.0,0.0,-0.0037332815520684224,0.0014068678854302673,0.0012371734531839162,0.0005864540059242979,0.0030496663918276397,1.4082013197688404e-05,0.005836166385550108,0.0002917742933397563,-3.6885360813235264e-05,-6.304638262706915e-05,-0.00013321752731334735,-0.0035824882730629277,-0.002656168005565815,0.00018811728320441447,1.5427525719550287e-05,-0.0018604313386170884,-0.001027279421686771,-0.0026866901981889386,-0.0006161823852122996,-0.0010707432170100715,-0.0007196070144282324,-0.0025432830548400864,-0.00034233003285101364,-8.614696333523776e-05,-0.0008636505117562909,0.0004073106680412584,0.0,-0.00017409671593565117,-0.00014810958897557578,0.0,0.0015442215936674344,0.000570505575684653,-7.63670451676231e-05,-0.00019878499049122092,-0.0014452014835387467,0.00022150810792582147,0.0,0.0,0.0,-5.125496736711626e-05,-0.0007474010407121317,0.0003085204188085898,0.0,0.006732845571099383,4.374481754967982e-05,0.0,-5.4953769754569425e-05,0.0008534097979482979,0.00020428131141030694,0.0,0.0,0.0,0.0004688419005390206,6.878187180983364e-06,-0.00033254945953587134,-0.0005185590091777233,-0.0004983817088134886,-0.0006840347072033859,0.00012442281062852918,-7.178864875354833e-05,-0.000598078477931401,-2.5237047896682645e-05,-0.000349231160780909,-0.000903502242701011,-0.00040166527518263265,-0.0003160875732070798,-0.00012040521279000222,-0.00011684330340916317,7.842041122679541e-05,1.2337209683811818e-05,0.0,0.0,0.0,0.0,0.0,0.0,7.871410771965562e-05,0.0,0.0,0.0
2024-09-25,-0.0002038989364605519,-0.0007185027221109034,0.00012787210482777386,-0.00021004260952200851,0.0015325954181680528,0.0,0.0,0.0,-7.468188276508537e-05,0.0,0.0,0.0007793866120567546,0.00011073858210982557,0.003019129721636798,-0.0033153278197178117,-0.0008559493633375821,-7.555072157013414e-05,-0.00023805555162625166,0.0032544255672755183,-0.0017636816221758018,-0.0006164392778992852,0.0004256061372891679,7.304461660818086e-05,0.00013594853518543828,0.00028755838363559143,0.0007107379098824033,3.701036227293325e-05,0.0,0.0,0.0,-0.003081339906540435,-0.0006787094352899157,0.000613574640328209,0.0005864540059242979,0.004930243384073054,1.4082013197688404e-05,0.0008885793643381349,0.0002917742933397563,-3.6885360813235264e-05,-0.00016117817009746521,-0.00013321752731334735,-0.0035824882730629277,-0.002656168005565815,0.00018811728320441447,1.5427525719550287e-05,-0.0018604313386170884,-0.001027279421686771,-0.0026866901981889386,-0.0005551119179617049,-0.0010707432170100715,-0.0007196070144282324,-0.0025432830548400864,-0.00034233003285101364,-8.614696333523776e-05,-0.0008636505117562909,0.0004073106680412584,0.0,-0.00017409671593565117,-0.00030992965469485304,0.0,0.0015442215936674344,0.000570505575684653,-7.63670451676231e-05,-0.00022394073884633692,0.00039851562013347983,-0.00017856265842999892,0.0,0.0,0.0,-5.125496736711626e-05,-0.0007474010407121317,0.0003085204188085898,0.0,0.006732845571099383,4.374481754967982e-05,0.0,-5.4953769754569425e-05,-0.0005372919114325472,0.00020428131141030694,0.0,0.0,0.0,0.0004688419005390206,-0.00014805499020936736,-0.0003191874919870257,-0.0005862741857343507,-0.0004334074821966289,-0.0006840347072033859,0.00012442281062852918,-7.178864875354833e-05,-0.000598078477931401,-2.5237047896682645e-05,-0.000349231160780909,-0.0006711488485096407,-0.00040166527518263265,-0.0003160875732070798,-0.00012040521279000222,-0.00011684330340916317,7.842041122679541e-05,1.2337209683811818e-05,0.0,0.0,0.0,0.0,0.0,0.0,7.871410771965562e-05,0.0,0.0,0.0
2024-10-02,0.0003644492801302778,0.0006669803297453686,4.984763685520335e-05,-0.0001734649666353135,0.0015325954181680528,0.0,0.0,0.0,-7.468188276508537e-05,0.0,0.0,0.0007793866120567546,0.00011073858210982557,0.03126484320184559,0.006426562303836311,-0.0008559493633375821,-8.861980974641831e-06,-0.00023805555162625166,0.0019448857655965568,-0.0017636816221758018,-0.0006522990013400785,0.0004256061372891679,7.304461660818086e-05,0.00013594853518543828,0.00028755838363559143,0.0007184380172757894,3.701036227293325e-05,0.0,0.0,0.0,-0.002293830475179761,-0.0006787094352899157,0.000613574640328209,0.0005864540059242979,0.004638045313566551,1.4082013197688404e-05,0.0010178841550891773,0.0002917742933397563,-3.6885360813235264e-05,0.00013067386169027232,-0.00013321752731334735,0.0030227920904569343,0.0006229823634285162,-0.0009768768199964163,1.5427525719550287e-05,-0.0018981217730365807,-0.001027279421686771,-0.0030930953980235305,-0.0006297889567570678,-0.00021218865130384512,-0.0007196070144282324,0.00033005426615509615,-0.00034233003285101364,-0.0001961300365711844,-0.000755875908817378,-0.0006477101565501279,0.0,-0.00017409671593565117,-0.00030992965469485304,0.0,0.0016906437570028071,0.000570505575684653,-0.0010066710653560795,-0.00022394073884633692,-0.0014452014835387467,-0.00017856265842999892,0.0,0.0,0.0,-5.125496736711626e-05,-0.0007474010407121317,0.0003085204188085898,0.0,-0.0007359558812030382,4.374481754967982e-05,0.0,-3.4243916038550146e-05,-0.00047895811403296995,-9.640718854498891e-05,0.0,0.0,0.0,0.0004688419005390206,6.878187180983364e-06,-0.00033254945953587134,-0.0005805217515650543,-0.0004983817088134886,-0.0006840347072033859,0.00012442281062852918,-7.178864875354833e-05,-0.000598078477931401,-2.5237047896682645e-05,-0.00029963440225329503,-0.0006285506197709044,-0.0003313878020581976,-0.0003160875732070798,-0.00013179747169397184,-0.00027878431207051214,7.842041122679541e-05,0.0001551785016408056,0.0,0.0,0.0,0.0,0.0,0.0,0.00011027788924999783,0.0,0.0,0.0
2024-10-09,0.0003644492801302778,0.0006669803297453686,4.984763685520335e-05,-0.0001734649666353135,0.0015325954181680528,0.0,0.0,0.0,-7.468188276508537e-05,0.0,0.0,0.0007793866120567546,-0.0007323035268552982,0.028395837783502628,0.005385881179145494,0.0009857591869591956,0.0002639329116360707,-0.00023805555162625166,0.0019448857655965568,-0.0017636816221758018,-0.0006522990013400785,0.0004256061372891679,0.001696188399883477,0.00013594853518543828,0.00028755838363559143,0.0007184380172757894,-0.000968425249981475,0.0,0.0,0.0,-0.0020915732227386468,-0.0006787094352899157,0.000613574640328209,0.0005864540059242979,0.004638045313566551,1.4082013197688404e-05,0.0010178841550891773,0.0002917742933397563,-3.6885360813235264e-05,0.00013067386169027232,-0.00012546535222071362,0.0030227920904569343,0.0006229823634285162,-0.0009768768199964163,1.5427525719550287e-05,-0.0018981217730365807,-0.001027279421686771,-0.003070258429789266,-0.0005687184895064731,-0.00021218865130384512,-0.0007196070144282324,0.00033005426615509615,-0.00034233003285101364,-0.0001961300365711844,-0.000755875908817378,-0.0006477101565501279,0.0,-0.00017409671593565117,-0.00030992965469485304,0.0,0.0016906437570028071,0.000570505575684653,-0.0010066710653560795,-0.00022394073884633692,0.00039851562013347983,-0.00017856265842999892,0.0,0.0,0.0,-5.125496736711626e-05,-0.0007474010407121317,0.0003085204188085898,0.0,-0.0007845420391263186,4.374481754967982e-05,0.0,-3.4243916038550146e-05,-0.00047895811403296995,-9.640718854498891e-05,0.0,0.0,0.0,0.0004688419005390206,-0.00014805499020936736,-0.00033254945953587134,-0.0005805217515650543,-0.0004983817088134886,-0.0006840347072033859,0.00012442281062852918,-7.178864875354833e-05,-0.000598078477931401,-2.5237047896682645e-05,-0.00029963440225329503,-0.0006285506197709044,-0.0003313878020581976,-0.0003160875732070798,-0.00013179747169397184,-0.0004821674002725192,7.842041122679541e-05,0.0001551785016408056,0.0,0.0,0.0,0.0,0.0,0.0,0.00011027788924999783,0.0,0.0,0.0
2024-10-16,-0.0002038989364605519,-0.0007185027221109034,4.984763685520335e-05,-0.00019988343346015355,0.0015325954181680528,0.0,0.0,0.0,-7.468188276508537e-05,0.0,0.0,0.0007793866120567546,0.00011073858210982557,0.029850891423208733,-0.0032225373201538346,-0.0008559493633375821,0.0002639329116360707,0.0018118746126343302,0.0019448857655965568,0.001668387934997533,-0.0006522990013400785,-0.0001594989990229309,7.304461660818086e-05,-0.0005426737856497131,-0.0006831725499008393,0.0006472494701010648,3.701036227293325e-05,0.0,0.0,0.0,-0.0020915732227386468,-0.0006787094352899157,0.000613574640328209,0.0005864540059242979,0.004518085769827988,1.4082013197688404e-05,0.0008631946276203627,0.001262163407857806,-3.6885360813235264e-05,0.00013067386169027232,-0.00013321752731334735,0.0030227920904569343,0.0006640564920556077,-0.0009768768199964163,1.5427525719550287e-05,-0.0018604313386170884,-0.0008371679623656373,-0.003433485568756619,-0.0005551119179617049,-0.00021218865130384512,-0.00014246521751442632,0.00033005426615509615,-0.00034233003285101364,-0.0001961300365711844,-0.000755875908817378,-0.0006337264853210932,0.0,-0.00017409671593565117,-0.00030992965469485304,0.0,0.0013820919400857753,0.000570505575684653,-0.0010066710653560795,-0.00019878499049122092,0.00039851562013347983,0.00022150810792582147,0.0,0.0,0.0,-5.125496736711626e-05,-0.0007474010407121317,0.0003085204188085898,0.0,-0.0007845420391263186,4.374481754967982e-05,0.0,-3.4243916038550146e-05,0.0002492095844968859,-9.640718854498891e-05,0.0,0.0,0.0,0.0004688419005390206,-0.00014805499020936736,-0.00033254945953587134,-0.0006190540022773908,-0.00040354579564224913,-0.00040682662607463967,0.00012442281062852918,-7.178864875354833e-05,-0.000598078477931401,-2.5237047896682645e-05,-0.00029963440225329503,-0.0006285506197709044,-0.00040166527518263265,-0.0003160875732070798,-0.00013179747169397184,-0.00027878431207051214,7.842041122679541e-05,0.0001551785016408056,0.0,0.0,0.0,0.0,0.0,0.0,7.871410771965562e-05,0.0,0.0,0.0
2024-10-23,-0.0002038989364605519,-0.0006483930380791832,4.984763685520335e-05,-0.00018283980243382253,0.0007135688074959531,0.0,0.0,0.0,-7.468188276508537e-05,0.0,0.0,-0.00010797192275435505,-0.0007323035268552982,0.031286440951503285,-0.0032225373201538346,-0.0008559493633375821,-8.861980974641831e-06,0.00140073488829578,-0.0005605383700405803,0.0008555136340947635,-0.0006522990013400785,-0.0001594989990229309,7.304461660818086e-05,-0.0005426737856497131,-0.0006831725499008393,-0.0012224980752767183,3.701036227293325e-05,0.0,0.0,0.0,-0.0008574042389305093,0.0014068678854302673,0.0001719004811046727,0.0005864540059242979,0.004589896295821059,1.4082013197688404e-05,-0.0070418861995319,-5.3277464706589424e-05,-3.6885360813235264e-05,5.1114330672073984e-05,-0.00013321752731334735,0.0030227920904569343,0.0006640564920556077,-0.0009768768199964163,1.5427525719550287e-05,-0.0018604313386170884,-0.0008371679623656373,-0.003433485568756619,-0.0005551119179617049,-0.00021218865130384512,-0.00014246521751442632,0.00033005426615509615,-0.00034233003285101364,-0.0001961300365711844,-0.0003179953788694786,-0.0006337264853210932,0.0,5.596595678147856e-05,-0.00014810958897557578,0.0,0.0017995419769619091,0.000570505575684653,-0.0010066710653560795,-0.00019878499049122092,0.0003419489769063097,0.00022150810792582147,0.0,0.0,0.0,-5.125496736711626e-05,-0.0006012784894804695,0.0003085204188085898,0.0,-0.0007845420391263186,4.374481754967982e-05,0.0,-3.4243916038550146e-05,0.0007340522768592808,0.00020428131141030694,0.0,0.0,0.0,0.0004688419005390206,-0.00014805499020936736,-0.00033254945953587134,-0.0006190540022773908,-0.00040354579564224913,-0.00040682662607463967,0.00012442281062852918,-7.178864875354833e-05,-0.000598078477931401,-2.5237047896682645e-05,-0.0004260186850026419,-0.0006285506197709044,-0.00040166527518263265,-0.0003160875732070798,-0.00013179747169397184,-0.0004821674002725192,7.842041122679541e-05,0.0001551785016408056,0.0,0.0,0.0,0.0,0.0,0.0,7.871410771965562e-05,0.0,0.0,0.0
2024-10-30,-0.0002038989364605519,-0.0006483930380791832,4.984763685520335e-05,-0.00018283980243382253,0.0007135688074959531,0.0,0.0,0.0,-7.468188276508537e-05,0.0,0.0,0.00025950797342509294,0.00011073858210982557,0.022628726403444144,-0.0032225373201538346,-0.0008559493633375821,-8.861980974641831e-06,0.00140073488829578,6.332406153641379e-05,0.0008176276248148266,-0.0006522990013400785,-0.0001594989990229309,7.304461660818086e-05,0.00013594853518543828,-0.0003600730830117979,-0.0012224980752767183,3.701036227293325e-05,0.0,0.0,0.0,-0.0015782909699294907,0.0014068678854302673,0.0001719004811046727,0.0005864540059242979,0.004589896295821059,-0.0004606830031815206,-0.007022526261356576,-5.3277464706589424e-05,-3.6885360813235264e-05,5.1114330672073984e-05,-0.00013321752731334735,0.0030227920904569343,0.0006640564920556077,-0.0009768768199964163,1.5427525719550287e-05,-0.0018604313386170884,-0.0011517417245512091,-0.002982658572459939,-0.0005551119179617049,-0.00021218865130384512,-0.00014246521751442632,0.00033005426615509615,-0.00034233003285101364,-0.0001961300365711844,-0.00026352264670727115,-0.0006337264853210932,0.0,5.596595678147856e-05,-0.00014810958897557578,0.0,0.0017995419769619091,0.000570505575684653,-0.0010066710653560795,-0.00019878499049122092,0.0003419489769063097,-0.00017856265842999892,0.0,0.0,0.0,-5.125496736711626e-05,-0.0006012784894804695,0.0003085204188085898,0.0,-0.0007845420391263186,4.374481754967982e-05,0.0,-3.4243916038550146e-05,0.0007340522768592808,0.00020428131141030694,0.0,0.0,0.0,-0.00011555962337229383,-0.00014805499020936736,-0.00033254945953587134,-0.0006190540022773908,-0.0004983817088134886,-0.00040682662607463967,0.00012442281062852918,-7.178864875354833e-05,-0.000598078477931401,-2.5237047896682645e-05,-0.0004260186850026419,-0.0006285506197709044,-0.00040166527518263265,-0.0003289937563581323,-0.00013179747169397184,-0.00027878431207051214,7.842041122679541e-05,0.0001551785016408056,0.0,0.0,0.0,0.0,0.0,0.0,7.871410771965562e-05,0.0,0.0,0.0
2024-11-06,-0.0002038989364605519,0.0006022050781943227,4.984763685520335e-05,-0.00015642133560898248,0.0007135688074959531,0.0,0.0,0.0,-7.468188276508537e-05,0.0,0.0,0.00025950797342509294,0.00011073858210982557,0.0317021943366727,0.005402463841626846,-0.0008559493633375821,-8.861980974641831e-06,0.00140073488829578,0.0009072817092400779,0.0007288150389974708,-0.0006522990013400785,0.0004256061372891679,7.304461660818086e-05,0.00013594853518543828,0.00028755838363559143,-0.0012147979678833322,3.701036227293325e-05,0.0,0.0,0.0,-0.0006688177656713571,0.0014068678854302673,0.0001719004811046727,0.0005864540059242979,0.004709855839559622,-0.0004606830031815206,-0.00714101788449272,-5.3277464706589424e-05,-3.6885360813235264e-05,-6.304638262706915e-05,-0.00013321752731334735,0.002991170984934869,0.0008357542237461891,0.00027759467238762863,1.5427525719550287e-05,-0.0004427031967691553,-0.0011517417245512091,-0.002193760550111875,-0.0005687184895064731,-0.00021218865130384512,-0.00014246521751442632,0.00033005426615509615,-0.00034233003285101364,-0.0001961300365711844,0.0012397783974856416,0.000413207396872779,0.0,5.596595678147856e-05,-0.00014810958897557578,0.0,0.0016906437570028071,0.000570505575684653,-0.00025814191843201954,-0.00019878499049122092,0.0003419489769063097,0.00022150810792582147,0.0,0.0,0.0,-5.125496736711626e-05,-0.0006012784894804695,0.0003085204188085898,0.0,-0.0007845420391263186,4.374481754967982e-05,0.0,-3.4243916038550146e-05,0.0008534097979482979,0.00020428131141030694,0.0,0.0,0.0,-0.00011555962337229383,-0.00014805499020936736,-0.00033254945953587134,-0.0006248064364466872,-0.0004983817088134886,0.00020887611127567561,0.00012442281062852918,-7.178864875354833e-05,-0.000598078477931401,-2.5237047896682645e-05,-0.00035404245317412593,-0.0006285506197709044,-0.0003313878020581976,-0.0003289937563581323,-0.00013179747169397184,-0.00027878431207051214,7.842041122679541e-05,0.0001551785016408056,0.0,0.0,0.0,0.0,0.0,0.0,7.871410771965562e-05,0.0,0.0,0.0
2024-11-13,-0.0002038989364605519,0.0006022050781943227,4.984763685520335e-05,-0.00018283980243382253,0.0007135688074959531,0.0,0.0,0.0,-7.468188276508537e-05,0.0,0.0,0.00025950797342509294,0.00011073858210982557,0.03147718742638575,-0.0032258350577330373,-0.0008559493633375821,-8.861980974641831e-06,0.00140073488829578,-0.0005209818954069949,0.0008176276248148266,-0.0006522990013400785,-0.0001594989990229309,7.304461660818086e-05,0.00013594853518543828,0.00028755838363559143,0.0006472494701010648,3.701036227293325e-05,0.0,0.0,0.0,-0.0006143494834660845,0.0014068678854302673,0.0005237120045506641,0.0005864540059242979,0.004709855839559622,-0.0004606830031815206,-0.007143751784394747,-5.3277464706589424e-05,-3.6885360813235264e-05,-0.00016117817009746521,-0.00013321752731334735,0.0030227920904569343,0.0008768283523732806,0.00027759467238762863,1.5427525719550287e-05,-0.00040501276234966295,-0.0011517417245512091,-0.002258305231092242,-0.0006161823852122996,-0.00021218865130384512,-0.00014246521751442632,0.00033005426615509615,-0.00034233003285101364,-0.0001961300365711844,0.0012397783974856416,0.0004073106680412584,0.0,5.596595678147856e-05,-0.00014810958897557578,0.0,0.0017995419769619091,0.000570505575684653,-0.00025814191843201954,-0.00022394073884633692,-0.0012450425921195294,-0.00017856265842999892,0.0,0.0,0.0,-5.125496736711626e-05,-0.0006012784894804695,0.0003085204188085898,0.0,-0.0007845420391263186,4.374481754967982e-05,0.0,-3.4243916038550146e-05,-0.0005372919114325472,0.00020428131141030694,0.0,0.0,0.0,-0.00011555962337229383,6.878187180983364e-06,-0.00033254945953587134,-0.0006248064364466872,-0.0004983817088134886,-0.00040682662607463967,0.00012442281062852918,-7.178864875354833e-05,-0.000598078477931401,-2.5237047896682645e-05,-0.00035404245317412593,-0.0006285506197709044,-0.0003313878020581976,-0.0003289937563581323,-0.00013179747169397184,-0.00027878431207051214,7.842041122679541e-05,0.0001551785016408056,0.0,0.0,0.0,0.0,0.0,0.0,7.871410771965562e-05,0.0,0.0,0.0
2024-11-20,-0.0002038989364605519,-0.0007185027221109034,4.984763685520335e-05,-0.00018283980243382253,0.0015325954181680528,0.0,0.0,0.0,-7.468188276508537e-05,0.0,0.0,0.00025950797342509294,0.00011073858210982557,0.03145768134084288,-0.0032258350577330373,-0.0008559493633375821,-8.861980974641831e-06,0.0007035489720023443,-0.0005209818954069949,0.0008555136340947635,-0.0006522990013400785,0.0004256061372891679,7.304461660818086e-05,-0.0005426737856497131,-0.0003600730830117979,-0.0003242191020312321,3.701036227293325e-05,0.0,0.0,0.0,-0.0006143494834660845,0.0014068678854302673,0.00038974201879227557,0.0005864540059242979,0.004518085769827988,-0.0004606830031815206,-0.0018231077963786753,-5.3277464706589424e-05,-3.6885360813235264e-05,-0.00016117817009746521,-0.00013321752731334735,0.0030227920904569343,0.0008768283523732806,0.00027759467238762863,1.5427525719550287e-05,-0.00040501276234966295,-0.0011517417245512091,-0.002258305231092242,-0.0006161823852122996,-0.00021218865130384512,-0.00014246521751442632,0.00033005426615509615,-0.00034233003285101364,-0.0001961300365711844,0.0012397783974856416,0.0004073106680412584,0.0,-0.00017409671593565117,-0.00014810958897557578,0.0,0.0017995419769619091,0.000570505575684653,0.00035312492506483985,-0.00022394073884633692,-0.0012450425921195294,-0.00017856265842999892,0.0,0.0,0.0,-5.125496736711626e-05,-0.0007474010407121317,0.0003085204188085898,0.0,-0.0007845420391263186,4.374481754967982e-05,0.0,-3.4243916038550146e-05,-0.0005372919114325472,-9.640718854498891e-05,0.0,0.0,0.0,-0.00011555962337229383,6.878187180983364e-06,-0.00032538979880654954,-0.0006248064364466872,-0.0004983817088134886,-0.00040682662607463967,0.00012442281062852918,-7.178864875354833e-05,-0.000598078477931401,-2.5237047896682645e-05,-0.00035404245317412593,-0.0006285506197709044,-0.00040166527518263265,-0.0003289937563581323,-0.00013179747169397184,-0.00027878431207051214,7.842041122679541e-05,0.0001551785016408056,0.0,0.0,0.0,0.0,0.0,0.0,7.871410771965562e-05,0.0,0.0,0.0
2024-11-27,-0.0002038989364605519,-0.0007185027221109034,4.984763685520335e-05,0.00010415335912483629,0.0015325954181680528,0.0,0.0,0.0,-7.468188276508537e-05,0.0,0.0,0.00025950797342509294,-0.0007323035268552982,0.004648458765900048,-0.0032896999211249295,-0.0008559493633375821,-7.555072157013414e-05,0.0007035489720023443,-0.0010545813556848275,-0.0010259517086263412,-0.0006522990013400785,0.0004256061372891679,7.304461660818086e-05,0.00013594853518543828,-0.0006831725499008393,-0.0012224980752767183,3.701036227293325e-05,0.0,0.0,0.0,-0.0013189192840001515,0.0014068678854302673,0.0001719004811046727,0.0005864540059242979,0.004738473314341419,-0.0004606830031815206,-0.0018037478582033518,-5.3277464706589424e-05,4.073741231521729e-05,-0.00016117817009746521,-0.00013321752731334735,0.0031212087583673497,0.0008768283523732806,0.00018811728320441447,1.5427525719550287e-05,-0.00040501276234966295,-0.0011517417245512091,-0.002117563696784722,-0.0005551119179617049,-0.00016530232357434848,-0.0007196070144282324,0.00033005426615509615,-0.00034233003285101364,-0.0001961300365711844,0.000697659923276728,0.0004073106680412584,0.0,-0.00017409671593565117,-0.00014810958897557578,0.0,0.0015442215936674344,0.000570505575684653,0.00035312492506483985,-0.00022394073884633692,0.0003419489769063097,-0.00017856265842999892,0.0,0.0,0.0,-5.125496736711626e-05,-0.0007474010407121317,0.0003085204188085898,0.0,-0.0007845420391263186,4.374481754967982e-05,0.0,-3.4243916038550146e-05,-0.0005372919114325472,-9.640718854498891e-05,0.0,0.0,0.0,-0.00011555962337229383,-0.00014805499020936736,-0.0003120278312577039,-0.0006248064364466872,-0.00040354579564224913,-0.00040682662607463967,0.00012442281062852918,-7.178864875354833e-05,-0.000598078477931401,-2.5237047896682645e-05,-0.0004036392117017399,-0.0006711488485096407,-0.00040166527518263265,-0.0003289937563581323,-0.00013179747169397184,-0.0004821674002725192,7.842041122679541e-05,0.0001551785016408056,0.0,0.0,0.0,0.0,0.0,0.0,7.871410771965562e-05,0.0,0.0,0.0
2024-12-04,-0.0002038989364605519,-0.0007185027221109034,-0.0009628923556308274,0.00010415335912483629,-0.00023718776171008897,0.0,0.0,0.0,-5.060068271460644e-05,0.0,0.0,0.00025950797342509294,0.00011073858210982557,-0.011182857141221868,-0.003301102368978753,-0.0008559493633375821,-7.555072157013414e-05,0.0007035489720023443,-0.0005529863919049119,-0.003704276536860114,-0.0006522990013400785,0.0004256061372891679,7.304461660818086e-05,0.00013594853518543828,-0.0003600730830117979,-0.0013384031556531464,3.701036227293325e-05,0.0,0.0,0.0,-0.0012173860287660238,0.0013091013945945923,0.0001719004811046727,0.0007091697103694853,0.004727868446195925,-0.0004606830031815206,-0.0019850708223827797,-0.00016142361955499103,4.073741231521729e-05,-6.304638262706915e-05,-3.075372795171441e-05,0.000727461001607286,0.0008768283523732806,0.00018811728320441447,1.5427525719550287e-05,0.0070024301659864716,0.0018060837310306882,-0.001780085296545008,-0.0005551119179617049,0.00021527165253993778,-0.0008188662202677258,-0.0007763713829440006,-0.0002810152026844673,-0.0001961300365711844,0.00222062208935958,0.0002506729772661458,0.0,-0.00017409671593565117,-0.00014810958897557578,0.0,0.0014571596882725643,0.000570505575684653,0.00035312492506483985,-0.00019878499049122092,0.0003419489769063097,-6.266471199537732e-05,0.0,0.0,0.0,-5.125496736711626e-05,-0.0007474010407121317,0.0003085204188085898,0.0,0.006138878041862824,4.578026166457075e-05,0.0,-5.4953769754569425e-05,0.0008534097979482979,-9.640718854498891e-05,0.0,0.0,0.0,2.599577563115352e-05,-0.00014805499020936736,0.001739207701469971,-0.0006248064364466872,-0.0004897024914777879,-0.0006840347072033859,0.00010504620204991115,-7.178864875354833e-05,-0.0004783518230557711,-2.5237047896682645e-05,-0.0004036392117017399,-0.0004108976908374749,-0.0011452648876527178,-0.0003289937563581323,-0.00013179747169397184,-0.00027878431207051214,7.842041122679541e-05,1.2337209683811818e-05,0.0,0.0,0.0,0.0,0.0,0.0,7.871410771965562e-05,0.0,0.0,0.0
2024-12-11,0.0003644492801302778,0.0006669803297453686,-0.0009628923556308274,0.00013057182594967634,-0.00023718776171008897,0.0,0.0,0.0,-7.468188276508537e-05,0.0,0.0,0.00025950797342509294,0.00011073858210982557,0.005000876515175991,0.005495025634588681,-0.0008559493633375821,-7.555072157013414e-05,0.0007035489720023443,0.0009742256123951097,-0.0010259517086263412,0.0011928964276536442,0.0004256061372891679,7.304461660818086e-05,0.00013594853518543828,0.00028755838363559143,0.0005390444971180227,3.701036227293325e-05,0.0,0.0,0.0,-0.0011267055324180807,0.0014068678854302673,0.0005237120045506641,0.0007091697103694853,0.004930243384073054,-0.0004606830031815206,-0.0019493175717608339,-0.0007901242235989891,4.073741231521729e-05,-6.304638262706915e-05,-3.075372795171441e-05,0.0008058809218158442,0.0008357542237461891,0.00018811728320441447,1.5427525719550287e-05,0.00713256883577453,0.0018060837310306882,-0.0020328961312860777,-0.0005598291184808131,0.00023778333427310858,-0.0008188662202677258,-0.00042801418087270115,-0.00023497166904517391,-0.0001961300365711844,0.00222062208935958,0.000413207396872779,0.0,-0.00017409671593565117,-0.00014810958897557578,0.0,0.0013482614683134623,0.000570505575684653,0.00035312492506483985,-0.00019878499049122092,0.0003419489769063097,-0.00017856265842999892,0.0,0.0,0.0,-5.125496736711626e-05,-0.0007474010407121317,0.0003085204188085898,0.0,0.006138878041862824,4.578026166457075e-05,0.0,-5.4953769754569425e-05,0.0008534097979482979,0.00020428131141030694,0.0,0.0,0.0,2.599577563115352e-05,-0.00014805499020936736,-0.0003120278312577039,-0.0006248064364466872,-0.0005546767180946475,-0.00040682662607463967,0.00012442281062852918,-7.178864875354833e-05,-0.000598078477931401,-2.5237047896682645e-05,-0.0004036392117017399,-0.0004108976908374749,-0.0013658536134068993,-0.0005200781467289152,-0.00013179747169397184,-0.00027878431207051214,7.842041122679541e-05,1.2337209683811818e-05,0.0,0.0,0.0,0.0,0.0,0.0,0.00011027788924999783,0.0,0.0,0.0
2024-12-18,-0.0002038989364605519,-0.0007185027221109034,-0.0009628923556308274,8.71097280985053e-05,-0.00023718776171008897,0.0,0.0,0.0,-7.468188276508537e-05,0.0,0.0,0.00025950797342509294,0.00011073858210982557,-0.00279015490078912,-0.003301102368978753,-0.0008559493633375821,-7.555072157013414e-05,0.0007035489720023443,-0.0005529863919049119,-0.003704276536860114,-0.0006522990013400785,0.0004256061372891679,7.304461660818086e-05,0.00013594853518543828,0.00028755838363559143,0.0005313443897246366,3.701036227293325e-05,0.0,0.0,0.0,-0.0010751712025811734,-0.0006787094352899157,0.0005237120045506641,0.0007091697103694853,0.004930243384073054,-0.0004606830031815206,-0.0019850708223827797,-0.0007726672396481733,4.073741231521729e-05,-6.304638262706915e-05,-3.075372795171441e-05,0.000727461001607286,0.0008768283523732806,0.00018811728320441447,1.5427525719550287e-05,0.0070024301659864716,0.0018060837310306882,-0.001780085296545008,-0.0005551119179617049,0.00023778333427310858,-0.0008188662202677258,-0.0009690963197917309,-0.00023497166904517391,-0.0001961300365711844,0.00222062208935958,0.0004073106680412584,0.0,-0.00017409671593565117,-0.00030992965469485304,0.0,0.0014571596882725643,0.000570505575684653,0.00035312492506483985,-0.00019878499049122092,0.0003419489769063097,-6.266471199537732e-05,0.0,0.0,0.0,-5.125496736711626e-05,-0.0007474010407121317,0.0003085204188085898,0.0,0.006138878041862824,4.578026166457075e-05,0.0,-5.4953769754569425e-05,0.0008534097979482979,0.00020428131141030694,0.0,0.0,0.0,2.599577563115352e-05,-0.00014805499020936736,-0.0003120278312577039,-0.0006248064364466872,7.543839645401678e-05,-0.0006840347072033859,0.00012442281062852918,-7.178864875354833e-05,-0.0004783518230557711,-2.5237047896682645e-05,-0.0004036392117017399,-0.0004108976908374749,-0.0005132338998913612,-0.0003289937563581323,-0.00013179747169397184,-0.00027878431207051214,7.842041122679541e-05,1.2337209683811818e-05,0.0,0.0,0.0,0.0,0.0,0.0,7.871410771965562e-05,0.0,0.0,0.0
2024-12-25,-0.0002038989364605519,-0.0007185027221109034,0.00012787210482777386,0.00013057182594967634,-0.00023718776171008897,0.0,0.0,0.0,-7.468188276508537e-05,0.0,0.0,0.00025950797342509294,0.00011073858210982557,0.005445982978544539,0.005495025634588681,-0.0008559493633375821,-7.555072157013414e-05,0.0007035489720023443,-0.0005529863919049119,-0.003704276536860114,-0.0006522990013400785,0.0004256061372891679,7.304461660818086e-05,0.00013594853518543828,0.00046344501160511947,0.0005390444971180227,3.701036227293325e-05,0.0,0.0,0.0,-0.0009844907062332303,-6.317003784886812e-05,0.0005237120045506641,0.0007091697103694853,0.004930243384073054,-0.0004606830031815206,-0.0009267791874524545,-0.0007726672396481733,4.073741231521729e-05,-6.304638262706915e-05,-3.075372795171441e-05,0.000727461001607286,0.0008357542237461891,0.00018811728320441447,1.5427525719550287e-05,0.007494841715832465,0.0014047916182559693,-0.0017570506415333555,-0.0005687184895064731,0.00032247158343690286,-0.0008188662202677258,-0.00042801418087270115,-0.00023497166904517391,-0.0001961300365711844,0.00222062208935958,0.000413207396872779,0.0,-0.00017409671593565117,-0.00030992965469485304,0.0,0.0013482614683134623,0.000570505575684653,0.00035312492506483985,-0.00019878499049122092,0.0003419489769063097,0.00022150810792582147,0.0,0.0,0.0,-5.125496736711626e-05,-0.0007474010407121317,0.0003085204188085898,0.0,0.006732845571099383,4.578026166457075e-05,0.0,-5.4953769754569425e-05,0.0008534097979482979,0.00020428131141030694,0.0,0.0,0.0,-0.00010546857541782287,-0.00014805499020936736,-0.0003120278312577039,-0.0006248064364466872,0.0030759269582641235,-0.0006840347072033859,0.00012442281062852918,-7.178864875354833e-05,-0.000598078477931401,-2.5237047896682645e-05,-0.0004036392117017399,-0.0004108976908374749,-0.0005132338998913612,-0.0003289937563581323,-0.00013179747169397184,-0.00027878431207051214,7.842041122679541e-05,1.2337209683811818e-05,0.0,0.0,0.0,0.0,0.0,0.0,7.871410771965562e-05,0.0,0.0,0.0
2025-01-01,-0.0002038989364605519,-0.0004779177778136799,-0.0003753587112590613,0.00010415335912483629,-0.00021693438652056453,0.0,0.0,0.0,0.0006661824488889405,0.0,0.0,-0.00017486393192049472,-0.0007323035268552982,-0.02684010290732058,-0.0012006025551073965,0.00012168203271880598,-7.555072157013414e-05,-0.00013681166218996405,-0.0011106490150440734,-0.004147522264858917,-0.0006522990013400785,0.0006888471326009419,0.001696188399883477,-0.0005426737856497131,-0.0006831725499008393,-0.0004401241824076603,4.397090435132975e-05,0.0,0.0,0.0,-0.001177626969268515,-0.00016093652868454317,0.00038974201879227557,0.0005864540059242979,0.004570668689138263,-0.0004606830031815206,-0.000810576810507614,-0.0005334868240979496,4.073741231521729e-05,-6.304638262706915e-05,-0.00013321752731334735,0.00201234495937742,0.0008768283523732806,-0.00016696216473914473,1.5427525719550287e-05,-0.0020845701444158495,0.0014047916182559693,0.002703009868353594,-0.0005551119179617049,-0.0011911974426734812,-0.0008188662202677258,-0.0010293874865504276,-0.0003770324459211271,-0.0001961300365711844,-0.0009992037434560308,0.00013664585675319467,0.0,-0.00017409671593565117,-0.00030992965469485304,0.0,0.0009489503942973893,0.000570505575684653,0.00022969170069210185,-0.00019878499049122092,0.0003419489769063097,-6.266471199537732e-05,0.0,0.0,0.0,-5.125496736711626e-05,-0.00019363627758212543,0.0003085204188085898,0.0,-0.0007438942607345905,4.374481754967982e-05,0.0,0.00013068596528997703,0.0008534097979482979,0.00020428131141030694,0.0,0.0,0.0,-0.00010546857541782287,-0.00014805499020936736,-0.0003120278312577039,-0.0008656117570718081,-0.00033857156902538944,-0.0006840347072033859,0.00012442281062852918,1.4144433404462071e-05,-0.0004783518230557711,-2.5237047896682645e-05,-0.0004756154435302559,-0.0008611111839046356,-0.0037836245070564443,-0.0003289937563581323,-0.00013179747169397184,-0.0004821674002725192,7.842041122679541e-05,-0.0016459096813377253,0.0,0.0,0.0,0.0,0.0,0.0,7.871410771965562e-05,0.0,0.0,0.0
2025-01-08,-0.0002038989364605519,-0.0004779177778136799,-0.0003753587112590613,0.00013057182594967634,-0.00021693438652056453,0.0,0.0,0.0,0.0006661824488889405,0.0,0.0,-0.00017486393192049472,0.00011073858210982557,-0.026878713464708322,0.005296841150520407,-0.0003351212287394526,-7.555072157013414e-05,-0.00013681166218996405,-0.0011106490150440734,-0.004242168806118287,0.001832565706917335,0.0006888471326009419,-7.244398173287308e-05,-0.0005426737856497131,-0.0006831725499008393,-0.00230855116364049,4.397090435132975e-05,0.0,0.0,0.0,-0.001177626969268515,-0.00016093652868454317,0.0001719004811046727,0.0005864540059242979,0.004570668689138263,-0.0005100677019982285,-0.0008078429106055859,-0.0005334868240979496,4.073741231521729e-05,-0.00016117817009746521,-0.00013321752731334735,0.002192831435860911,0.0008357542237461891,-0.00016696216473914473,1.5427525719550287e-05,-0.002122260578835342,0.0014047916182559693,0.0026789100269830213,-0.0005598291184808131,-0.0011911974426734812,-0.0008188662202677258,-0.0010293874865504276,-0.0003770324459211271,-0.0001961300365711844,-0.0009992037434560308,0.0001425425855847153,0.0,-0.00017409671593565117,-0.00030992965469485304,0.0,8.69783611237768e-05,0.000570505575684653,0.00022969170069210185,-0.00022394073884633692,0.0003419489769063097,5.051543109831438e-05,0.0,0.0,0.0,-5.125496736711626e-05,-0.00019363627758212543,0.0003085204188085898,0.0,-0.0007438942607345905,4.374481754967982e-05,0.0,0.00013068596528997703,-0.0005372919114325472,0.00020428131141030694,0.0,0.0,0.0,-0.00010546857541782287,-0.00014805499020936736,-0.0003120278312577039,-0.0008656117570718081,-0.00033857156902538944,-0.0006840347072033859,0.00012442281062852918,1.4144433404462071e-05,-0.0004783518230557711,-2.5237047896682645e-05,-0.0004756154435302559,-0.0008611111839046356,-0.0040744907059350605,5.035462408820726e-05,-0.00013179747169397184,-0.00027878431207051214,7.842041122679541e-05,-0.0016459096813377253,0.0,0.0,0.0,0.0,0.0,0.0,7.871410771965562e-05,0.0,0.0,0.0
2025-01-15,0.0003644492801302778,0.00044217144736927454,-0.0003753587112590613,0.00013057182594967634,-0.00021693438652056453,0.0,0.0,0.0,0.0006661824488889405,0.0,0.0,0.00025950797342509294,0.00011073858210982557,-0.014455373817443717,0.006337522275211224,0.00037971541431890094,-7.555072157013414e-05,-0.00013681166218996405,0.0009267395053937024,-0.004023376682761251,0.001832565706917335,0.0004256061372891679,-3.1197258934274507e-06,0.00013594853518543828,-0.0006831725499008393,-0.00230855116364049,4.397090435132975e-05,0.0,0.0,0.0,-0.0011231586870632424,-0.00016093652868454317,0.0001719004811046727,0.0005864540059242979,0.0044988581631451915,-0.0005100677019982285,-0.0007748235598856679,-0.0005334868240979496,4.073741231521729e-05,-6.304638262706915e-05,-0.00013321752731334735,0.0021612103303388455,0.0008357542237461891,-0.00016696216473914473,1.5427525719550287e-05,-0.002122260578835342,0.0014047916182559693,0.002741435724649067,-0.0006208995857314079,-0.0011911974426734812,-0.0008188662202677258,-0.0010293874865504276,-0.0002810152026844673,-0.0001961300365711844,-0.00026352264670727115,0.00025656970609766645,0.0,-0.00017409671593565117,-0.00030992965469485304,0.0,8.69783611237768e-05,0.000570505575684653,0.00022969170069210185,-0.00019878499049122092,-0.0012450425921195294,5.051543109831438e-05,0.0,0.0,0.0,-5.125496736711626e-05,-0.00035147045681631665,0.0003085204188085898,0.0,-0.0006953081028113103,4.374481754967982e-05,0.0,0.00013068596528997703,0.0008534097979482979,-9.640718854498891e-05,0.0,0.0,0.0,-0.00010546857541782287,6.878187180983364e-06,-0.0003120278312577039,-0.00040815385334790457,-0.00033857156902538944,0.0002771587486012594,0.00012442281062852918,-7.178864875354833e-05,-0.0004783518230557711,-2.5237047896682645e-05,-0.0004756154435302559,-0.0008611111839046356,-0.004469607059483943,5.035462408820726e-05,-0.00013179747169397184,-0.00027878431207051214,7.842041122679541e-05,-0.0016459096813377253,0.0,0.0,0.0,0.0,0.0,0.0,0.00011027788924999783,0.0,0.0,0.0
2025-01-22,0.0003644492801302778,0.00044217144736927454,4.984763685520335e-05,0.00012368737098520033,-0.00026104213864727586,0.0,0.0,0.0,0.0012474592836498233,0.0,0.0,0.00025950797342509294,0.00011073858210982557,0.032490867683048964,0.006401387138603116,0.00037971541431890094,-8.861980974641831e-06,-0.00013681166218996405,0.0009267395053937024,0.0008825422965982463,0.001832565706917335,0.0004256061372891679,-3.1197258934274507e-06,0.00013594853518543828,0.0002512222192302747,-0.00230855116364049,4.397090435132975e-05,0.0,0.0,0.0,-0.0005229756611635878,-0.0006787094352899157,0.001814533937350317,-0.0007427542509044804,-0.0015926544115103432,-0.0005100677019982285,0.0013849425145792279,-0.0005334868240979496,4.073741231521729e-05,-0.00016117817009746521,-0.00013321752731334735,0.00206279366242843,0.0008357542237461891,-7.748477555593057e-05,1.5427525719550287e-05,-0.0020502904574711983,0.0014047916182559693,0.0034111747354998003,-0.0005598291184808131,-0.0012155720886698072,-0.0002417244233539198,-0.00042801418087270115,-0.00023497166904517391,-0.0001961300365711844,-0.0003179953788694786,0.000413207396872779,0.0,-0.00017409671593565117,-0.00030992965469485304,0.0,5.16768290283993e-05,0.000570505575684653,0.00022969170069210185,-0.00022394073884633692,0.0003419489769063097,-0.00017856265842999892,0.0,0.0,0.0,-6.069373051636692e-05,-0.00038435298886634495,0.0003023569181600279,0.0,-0.0007668986859190874,4.374481754967982e-05,0.0,0.00013068596528997703,-0.0005372919114325472,-9.640718854498891e-05,0.0,0.0,0.0,-0.00010546857541782287,-0.00014805499020936736,-0.00027964386315908847,-0.00040815385334790457,-0.0004983817088134886,0.00020887611127567561,0.00012442281062852918,-7.178864875354833e-05,-0.0005172231852428317,-2.5237047896682645e-05,-0.00029963440225329503,-0.0010934645780960057,-0.00453309177220293,5.035462408820726e-05,-0.00013179747169397184,-0.00027878431207051214,7.842041122679541e-05,-0.0016459096813377253,0.0,0.0,0.0,0.0,0.0,0.0,0.00011027788924999783,0.0,0.0,0.0
2025-01-29,0.0003644492801302778,0.00044217144736927454,4.984763685520335e-05,0.00012368737098520033,-0.00026104213864727586,0.0,0.0,0.0,0.0012474592836498233,0.0,0.0,0.00025950797342509294,0.00011073858210982557,0.03279878998550639,0.005515536491086562,0.00037971541431890094,-8.861980974641831e-06,0.00021895402968218167,0.0009267395053937024,0.0008825422965982463,0.001832565706917335,0.0004256061372891679,-3.1197258934274507e-06,0.00013594853518543828,0.0002512222192302747,-0.0013307030482597603,4.397090435132975e-05,0.0,0.0,0.0,-0.0005229756611635878,-0.0006787094352899157,0.001814533937350317,-0.0007427542509044804,-0.0015926544115103432,-0.0005100677019982285,0.001266006237732359,7.775679599523254e-05,4.073741231521729e-05,-6.304638262706915e-05,-0.00013321752731334735,0.00206279366242843,0.0008357542237461891,-7.748477555593057e-05,1.5427525719550287e-05,-0.0020502904574711983,0.0014047916182559693,0.0034111747354998003,-0.0005598291184808131,-0.0012155720886698072,-0.0002417244233539198,-0.00023528924402497087,-0.00023497166904517391,-0.0001961300365711844,-0.0003179953788694786,0.000413207396872779,0.0,-0.00017409671593565117,-0.00030992965469485304,0.0,-0.00024109708655064378,0.000570505575684653,0.00022969170069210185,-0.00019878499049122092,0.0003419489769063097,0.00022150810792582147,0.0,0.0,0.0,-6.069373051636692e-05,-0.00038435298886634495,0.0003023569181600279,0.0,-0.0008154848438423675,4.374481754967982e-05,0.0,0.00013068596528997703,0.0008534097979482979,-9.640718854498891e-05,0.0,0.0,0.0,-0.00010546857541782287,-0.00014805499020936736,-0.00027964386315908847,-0.0006257042499016236,-0.0004983817088134886,0.00020887611127567561,0.00012442281062852918,-7.178864875354833e-05,-0.0005172231852428317,-2.5237047896682645e-05,-0.00029963440225329503,-0.0010934645780960057,-0.005165122759964286,5.035462408820726e-05,-0.00013179747169397184,-0.00027878431207051214,7.842041122679541e-05,-0.0016459096813377253,0.0,0.0,0.0,0.0,0.0,0.0,0.00011027788924999783,0.0,0.0,0.0
2025-02-05,0.0003644492801302778,0.0006669803297453686,4.984763685520335e-05,9.726890416036027e-05,-0.0002812955138368003,0.0,0.0,0.0,-7.468188276508537e-05,0.0,0.0,0.00025950797342509294,-0.0007323035268552982,0.03229206407539014,-0.0031673208983043787,0.00037971541431890094,-8.861980974641831e-06,-0.00013681166218996405,-0.001071092540410488,0.0039309269144514195,0.001832565706917335,-0.0001594989990229309,-3.1197258934274507e-06,-0.0010742429973206952,-0.0002864690576779513,0.001063751668971753,4.397090435132975e-05,0.0,0.0,0.0,-0.0006607211305403862,-0.0006787094352899157,0.0021663454607963083,-0.0007427542509044804,-0.0015308632395166712,-0.0005100677019982285,0.0013822086146771996,0.00018590295084363416,4.073741231521729e-05,-6.304638262706915e-05,-0.00013321752731334735,0.003110487865995258,0.0008768283523732806,0.00027759467238762863,1.5427525719550287e-05,-0.0017884612172529449,-9.335960827669954e-05,0.0038890358434611754,-0.0006072930141866396,-0.0012155720886698072,-0.0002417244233539198,0.00033005426615509615,-0.00034233003285101364,-0.0001961300365711844,0.0008018978675377423,0.0004073106680412584,0.0,-0.00017409671593565117,-3.836747902402567e-05,0.0,0.00032655544499982157,0.000570505575684653,0.00022969170069210185,-0.00019878499049122092,-0.0012450425921195294,0.00022150810792582147,0.0,0.0,0.0,-6.069373051636692e-05,-0.0007474010407121317,0.0003023569181600279,0.0,-0.0007533091428671773,4.374481754967982e-05,0.0,0.00013068596528997703,0.0008534097979482979,0.00020428131141030694,0.0,0.0,0.0,-0.00010546857541782287,6.878187180983364e-06,-0.00027964386315908847,-0.0006248064364466872,-0.0004983817088134886,0.00020887611127567561,0.00012442281062852918,-7.178864875354833e-05,-0.0005172231852428317,-2.5237047896682645e-05,-0.00022765817042477905,-0.0010934645780960057,-0.0006911322133794596,5.035462408820726e-05,-0.00013179747169397184,-0.0004821674002725192,7.842041122679541e-05,0.0001551785016408056,0.0,0.0,0.0,0.0,0.0,0.0,0.00011027788924999783,0.0,0.0,0.0
2025-02-12,0.0003644492801302778,0.0006669803297453686,4.984763685520335e-05,8.71097280985053e-05,-0.0002812955138368003,0.0,0.0,0.0,-7.468188276508537e-05,0.0,0.0,0.00025950797342509294,0.00011073858210982557,0.003052551460134858,-0.003231185761696271,0.00037971541431890094,-7.555072157013414e-05,-0.00013681166218996405,0.0009267395053937024,0.004476156004523557,0.0011928964276536442,-0.0001594989990229309,-3.1197258934274507e-06,0.00018749442286653033,-0.0002864690576779513,0.001063751668971753,4.397090435132975e-05,0.0,0.0,0.0,-0.0014559714274223964,-0.0006787094352899157,0.0021663454607963083,-0.0007427542509044804,-0.0016200677218197266,-0.0005100677019982285,0.0012886570745481033,0.00018590295084363416,4.073741231521729e-05,-0.00016117817009746521,-0.00013321752731334735,0.003007889577977792,0.0008768283523732806,0.00018811728320441447,1.5427525719550287e-05,-0.0017884612172529449,-9.335960827669954e-05,0.0037089258598758915,-0.0005462225469360449,-0.0011686857609403106,-0.0002417244233539198,0.00033005426615509615,-0.00034233003285101364,-0.0001961300365711844,0.0011355404532246273,0.0004073106680412584,0.0,-0.00017409671593565117,-3.836747902402567e-05,0.0,0.00036185697709519905,0.000570505575684653,0.00022969170069210185,-0.00022394073884633692,0.0003419489769063097,-0.00017856265842999892,0.0,0.0,0.0,-6.069373051636692e-05,-0.0007474010407121317,0.0003023569181600279,0.0,-0.0007533091428671773,4.374481754967982e-05,0.0,0.00013068596528997703,-0.0005372919114325472,0.00020428131141030694,0.0,0.0,0.0,-0.00010546857541782287,-0.00014805499020936736,-0.0002662818956102428,-0.0006248064364466872,-0.0004334074821966289,0.00020887611127567561,0.00012442281062852918,-7.178864875354833e-05,-0.0005172231852428317,-2.5237047896682645e-05,-0.00027725492895239303,-0.0011360628068347422,-0.0006911322133794596,5.035462408820726e-05,-0.00013179747169397184,-0.00027878431207051214,7.842041122679541e-05,0.0001551785016408056,0.0,0.0,0.0,0.0,0.0,0.0,0.00011027788924999783,0.0,0.0,0.0
2025-02-19,-0.0002038989364605519,0.0006669803297453686,4.984763685520335e-05,8.71097280985053e-05,-0.0002812955138368003,0.0,0.0,0.0,-7.468188276508537e-05,0.0,0.0,0.00025950797342509294,0.00011073858210982557,-0.0004253405531894869,-0.003231185761696271,0.00037971541431890094,-7.555072157013414e-05,-0.00013681166218996405,-0.0005374930801326553,0.0039309269144514195,-0.0006522990013400785,-0.0001594989990229309,-3.1197258934274507e-06,-0.0010742429973206952,-0.0002864690576779513,-0.0004401241824076603,4.397090435132975e-05,0.0,0.0,0.0,-0.0014015031452171238,-0.00036369666917171993,0.00203237547503792,-0.0007427542509044804,-0.001691878247812798,-0.0005100677019982285,0.0012886570745481033,0.00018590295084363416,4.073741231521729e-05,-0.00016117817009746521,-0.00013321752731334735,0.0030284180574221826,0.0008768283523732806,0.00018811728320441447,1.5427525719550287e-05,-0.0017884612172529449,-0.0003721669884213438,0.003631446853027892,-0.0006161823852122996,-0.0011686857609403106,-0.0002417244233539198,0.00044719576014787575,-0.00034233003285101364,-0.0001961300365711844,0.0011355404532246273,0.0004073106680412584,0.0,-0.00017409671593565117,-3.836747902402567e-05,0.0,0.00036185697709519905,0.000570505575684653,0.00022969170069210185,-0.00022394073884633692,-0.0012450425921195294,0.00022150810792582147,0.0,0.0,0.0,-6.069373051636692e-05,-0.0007474010407121317,0.0003023569181600279,0.0,-0.0007533091428671773,4.374481754967982e-05,0.0,0.00013068596528997703,-0.0005372919114325472,-9.640718854498891e-05,0.0,0.0,0.0,-0.00010546857541782287,6.878187180983364e-06,-0.0002662818956102428,-0.0006248064364466872,-0.0004334074821966289,0.00020887611127567561,0.00012442281062852918,-7.178864875354833e-05,-0.000397496530367202,-2.5237047896682645e-05,-0.00027725492895239303,-0.0011360628068347422,-0.00040026601450084343,0.00024143901445899024,-0.00013179747169397184,-0.00027878431207051214,7.842041122679541e-05,0.0001551785016408056,0.0,0.0,0.0,0.0,0.0,0.0,7.871410771965562e-05,0.0,0.0,0.0
2025-02-26,-0.0002038989364605519,-0.0007185027221109034,4.984763685520335e-05,-0.00021004260952200851,-0.0002812955138368003,0.0,0.0,0.0,-7.468188276508537e-05,0.0,0.0,0.00025950797342509294,-0.0007323035268552982,-0.0036944969941243083,-0.003231185761696271,0.00037971541431890094,-7.555072157013414e-05,-0.00013681166218996405,-0.0005374930801326553,0.004564968590340912,-0.0006522990013400785,-0.0001594989990229309,-3.1197258934274507e-06,0.00018749442286653033,-0.0002864690576779513,-0.0013384031556531464,4.397090435132975e-05,0.0,0.0,0.0,-0.0014559714274223964,-0.00036369666917171993,0.001814533937350317,-0.0007427542509044804,-0.0020494546114398133,-0.0005100677019982285,0.0012556377238281853,0.00018590295084363416,-3.6885360813235264e-05,-0.00016117817009746521,-0.00013321752731334735,0.0030284180574221826,0.0008768283523732806,0.00018811728320441447,1.5427525719550287e-05,-0.0017884612172529449,-0.0003721669884213438,0.003631446853027892,-0.0005551119179617049,-0.0011686857609403106,-0.0002417244233539198,0.00044719576014787575,-0.00038837356649030705,-0.0001961300365711844,0.0011355404532246273,0.0004073106680412584,0.0,-0.00017409671593565117,-3.836747902402567e-05,0.0,0.00036185697709519905,0.000570505575684653,0.00022969170069210185,-0.00019878499049122092,0.0003419489769063097,5.051543109831438e-05,0.0,0.0,0.0,-6.069373051636692e-05,-0.0007474010407121317,0.0003023569181600279,0.0,-0.0007533091428671773,4.374481754967982e-05,0.0,0.00013068596528997703,0.0001908757870973086,1.7676772334583188e-05,0.0,0.0,0.0,-0.00010546857541782287,-0.00014805499020936736,-0.0002662818956102428,-0.0006248064364466872,-0.0004334074821966289,-0.00040682662607463967,0.00012442281062852918,-7.178864875354833e-05,-0.000397496530367202,-2.5237047896682645e-05,-0.00027725492895239303,-0.0011360628068347422,-0.00047054348762527845,0.00024143901445899024,-0.00013179747169397184,-0.0004821674002725192,7.842041122679541e-05,0.0001551785016408056,0.0,0.0,0.0,0.0,0.0,0.0,7.871410771965562e-05,0.0,0.0,0.0
2025-03-05,-0.0002038989364605519,-0.0007185027221109034,4.984763685520335e-05,-0.00021004260952200851,-0.0002812955138368003,0.0,0.0,0.0,-5.060068271460644e-05,0.0,0.0,0.00025950797342509294,0.00011073858210982557,-0.0252623862907534,-0.0032338699307866313,0.00032315683571364163,-7.555072157013414e-05,-0.00013681166218996405,-0.001071092540410488,0.004476156004523557,-0.00046508643981601566,-0.0002581504788193821,-3.1197258934274507e-06,0.00018749442286653033,0.0002512222192302747,0.0006472494701010648,4.397090435132975e-05,0.0,0.0,0.0,-0.0013698407208505858,-0.000182355597460387,0.0021663454607963083,-0.0007427542509044804,-0.002091818092498347,1.4082013197688404e-05,0.0012556377238281853,0.00018590295084363416,-3.6885360813235264e-05,5.1114330672073984e-05,-0.00013321752731334735,0.0030284180574221826,0.0008768283523732806,0.00018811728320441447,-3.99945221876581e-05,-0.001747168444547621,-0.0008371679623656373,0.002255070167846529,0.002309624493136996,-0.0012449707675021742,-0.00014246521751442632,0.00038690459338917903,-0.0004843908097269668,-0.0001961300365711844,0.00039985935647586767,0.00013664585675319467,0.0,-0.00017409671593565117,-3.836747902402567e-05,0.0,0.00036185697709519905,0.000570505575684653,0.00022969170069210185,-0.00019878499049122092,0.0002612770707667725,-6.266471199537732e-05,0.0,0.0,0.0,-6.069373051636692e-05,-0.0007145185086621034,0.0003023569181600279,0.0,-0.0007845420391263186,-0.0006601490648406225,0.0,-3.4243916038550146e-05,0.0007340522768592808,-3.7456068250812854e-05,0.0,0.0,0.0,0.0004688419005390206,-0.00014805499020936736,-0.0002662818956102428,-0.0005724829484231329,-0.0004334074821966289,0.00020887611127567561,0.00012442281062852918,1.4144433404462071e-05,-0.000397496530367202,-2.5237047896682645e-05,-0.00027725492895239303,-0.0012926369835220745,-0.00047054348762527845,-0.0005071719635778627,-0.00013179747169397184,-0.00027878431207051214,7.842041122679541e-05,0.0001551785016408056,0.0,0.0,0.0,0.0,0.0,0.0,7.871410771965562e-05,0.0,0.0,0.0
2025-03-12,0.0003644492801302778,0.0006669803297453686,4.984763685520335e-05,-0.0001836241426971685,-0.0002812955138368003,0.0,0.0,0.0,-5.060068271460644e-05,0.0,0.0,0.00025950797342509294,0.00011073858210982557,-0.005269807409039527,0.005415135688062125,0.00037971541431890094,-7.555072157013414e-05,-0.00013681166218996405,0.0009267395053937024,0.004476156004523557,0.0012123472089358347,-0.0001594989990229309,-3.1197258934274507e-06,0.00018749442286653033,0.0002512222192302747,0.0006549495774944509,4.397090435132975e-05,0.0,0.0,0.0,-0.0014015031452171238,-0.00036369666917171993,0.0021663454607963083,-0.0007427542509044804,-0.0023234460719880343,1.4082013197688404e-05,0.0012913909744501312,0.00018590295084363416,-3.6885360813235264e-05,5.1114330672073984e-05,-0.00013321752731334735,0.003007889577977792,0.0008357542237461891,0.00018811728320441447,-3.99945221876581e-05,-0.0017848588789671133,-0.0008371679623656373,0.0023151462141232353,0.0027096854593352216,-0.0012449707675021742,-0.00014246521751442632,0.00044719576014787575,-0.00038837356649030705,-0.0001961300365711844,0.0011355404532246273,0.000413207396872779,0.0,-0.00017409671593565117,-3.836747902402567e-05,0.0,0.00025295875713609716,0.000570505575684653,0.00022969170069210185,-0.00019878499049122092,-0.0009561598759221343,-6.266471199537732e-05,0.0,0.0,0.0,-6.069373051636692e-05,-0.0007474010407121317,-0.0006581592836078302,0.0,-0.0007845420391263186,-0.0006601490648406225,0.0,-3.4243916038550146e-05,0.0007340522768592808,-3.7456068250812854e-05,0.0,0.0,0.0,0.0004688419005390206,6.878187180983364e-06,-0.0002662818956102428,-0.0005724829484231329,-0.0004334074821966289,0.00020887611127567561,0.00012442281062852918,-7.178864875354833e-05,-0.000397496530367202,-2.5237047896682645e-05,-0.00027725492895239303,-0.0012926369835220745,-0.0006911322133794596,-0.0005071719635778627,-0.00013179747169397184,-0.00027878431207051214,7.842041122679541e-05,0.0001551785016408056,0.0,0.0,0.0,0.0,0.0,0.0,0.00011027788924999783,0.0,0.0,0.0
2025-03-19,-0.0002038989364605519,0.0006669803297453686,4.984763685520335e-05,-0.00021004260952200851,-0.0002812955138368003,0.0,0.0,0.0,-5.060068271460644e-05,0.0,0.0,0.00025950797342509294,0.00011073858210982557,-0.006730221617230179,-0.0032338699307866313,0.00037971541431890094,-7.555072157013414e-05,-0.00013681166218996405,-0.0005374930801326553,0.0039309269144514195,-0.0006613010158177865,-0.0001594989990229309,-3.1197258934274507e-06,-0.0010742429973206952,0.0002512222192302747,0.0006472494701010648,4.397090435132975e-05,0.0,0.0,0.0,-0.0014559714274223964,-0.00036369666917171993,0.0021663454607963083,-0.0007427542509044804,-0.002091818092498347,1.4082013197688404e-05,0.0012886570745481033,0.00018590295084363416,-3.6885360813235264e-05,0.00013067386169027232,-0.00013321752731334735,0.0030284180574221826,0.0008768283523732806,0.00018811728320441447,-3.99945221876581e-05,-0.001747168444547621,-0.0008371679623656373,0.0022617670486458088,0.002309624493136996,-0.0012449707675021742,-0.00014246521751442632,0.00044719576014787575,-0.00038837356649030705,-0.0001961300365711844,0.0011355404532246273,0.0004073106680412584,0.0,-0.00017409671593565117,-3.836747902402567e-05,0.0,0.00036185697709519905,0.000570505575684653,0.00022969170069210185,-0.00022394073884633692,0.0002612770707667725,5.051543109831438e-05,0.0,0.0,0.0,-6.069373051636692e-05,-0.0007474010407121317,-0.0006581592836078302,0.0,-0.0007845420391263186,-0.0006601490648406225,0.0,-3.4243916038550146e-05,-0.00047895811403296995,-3.7456068250812854e-05,0.0,0.0,0.0,0.0004688419005390206,-0.00014805499020936736,-0.0002662818956102428,-0.0005724829484231329,-0.0004334074821966289,0.00020887611127567561,0.00012442281062852918,-7.178864875354833e-05,-0.000397496530367202,-2.5237047896682645e-05,-0.00027725492895239303,-0.0012926369835220745,-0.00040026601450084343,-0.0003160875732070798,-0.00013179747169397184,-0.00027878431207051214,7.842041122679541e-05,0.0001551785016408056,0.0,0.0,0.0,0.0,0.0,0.0,7.871410771965562e-05,0.0,0.0,0.0
2025-03-26,-0.0002038989364605519,-0.0007185027221109034,4.984763685520335e-05,-0.00021004260952200851,-0.0002812955138368003,0.0,0.0,0.0,-5.060068271460644e-05,0.0,0.0,0.00025950797342509294,-0.0007323035268552982,-0.024959809015197836,-0.0032338699307866313,0.00032315683571364163,-7.555072157013414e-05,-0.00013681166218996405,-0.0005374930801326553,0.004476156004523557,-0.0006613010158177865,-0.0002581504788193821,-3.1197258934274507e-06,0.00018749442286653033,-0.0002864690576779513,0.0006472494701010648,4.397090435132975e-05,0.0,0.0,0.0,0.00024437160683645897,-0.0002216190717963557,0.0017798161014908485,-0.0007427542509044804,-0.0018178266319501264,1.5591589144050663e-05,0.001078042912013512,0.00018590295084363416,-3.6885360813235264e-05,0.00013067386169027232,-0.00013321752731334735,0.0030284180574221826,0.0008768283523732806,0.00018811728320441447,-3.99945221876581e-05,-0.0013459089542033381,-0.0011517417245512091,0.002255070167846529,0.002618108648223333,-0.0012449707675021742,-0.00014246521751442632,0.00038690459338917903,-0.0004843908097269668,-0.0001961300365711844,0.0008377398864237671,0.00013664585675319467,0.0,-0.00017409671593565117,-3.836747902402567e-05,0.0,0.00036185697709519905,0.000570505575684653,0.00022969170069210185,-0.00022394073884633692,-0.0009561598759221343,5.051543109831438e-05,0.0,0.0,0.0,-6.069373051636692e-05,-0.0007145185086621034,-0.0006581592836078302,0.0,-0.0007845420391263186,-0.0006601490648406225,0.0,-3.4243916038550146e-05,-0.00047895811403296995,1.7676772334583188e-05,0.0,0.0,0.0,-0.00011555962337229383,6.878187180983364e-06,-0.0002662818956102428,-0.0005724829484231329,-0.0004334074821966289,0.00020887611127567561,0.00012442281062852918,1.4144433404462071e-05,-0.000397496530367202,-2.5237047896682645e-05,-0.00027725492895239303,-0.0012926369835220745,-0.00047054348762527845,0.00030523947237311297,-0.00013179747169397184,-0.0004821674002725192,7.842041122679541e-05,0.0001551785016408056,0.0,0.0,0.0,0.0,0.0,0.0,7.871410771965562e-05,0.0,0.0,0.0
2025-04-02,0.0003644492801302778,0.0006669803297453686,4.984763685520335e-05,-0.00016919432814511856,-0.0002812955138368003,0.0,0.0,0.0,6.147831652694669e-07,0.0,0.0,0.0004932515931457185,0.00011073858210982557,-0.009699721861700492,0.005338598978234953,0.00037971541431890094,-7.555072157013414e-05,-0.00013681166218996405,6.332406153641379e-05,0.004044430149090212,0.001832565706917335,-0.0001594989990229309,-3.1197258934274507e-06,0.00018749442286653033,0.00042710884719980276,0.0007184380172757894,3.701036227293325e-05,0.0,0.0,0.0,0.00010377261805937557,-0.0002216190717963557,0.0017798161014908485,-0.0007427542509044804,-0.0018779469587374828,1.5591589144050663e-05,0.0011919666763464043,0.00018590295084363416,-3.6885360813235264e-05,-0.00016117817009746521,-0.00011608176337066719,0.0032089045339056734,0.0008357542237461891,-0.0002919177853508916,1.5427525719550287e-05,-0.0014652138930991146,-0.001341853183872343,-0.0029596239174482864,-0.0003992648326927127,0.003814197318343954,0.00015279078915398105,0.00044719576014787575,-0.00038837356649030705,-0.0001961300365711844,0.0013207647276867172,0.00010172597234823878,0.0,-0.00017409671593565117,-3.836747902402567e-05,0.0,0.00025295875713609716,0.000570505575684653,0.00022027864514558937,-0.00022394073884633692,0.0003419489769063097,5.051543109831438e-05,0.0,0.0,0.0,-6.069373051636692e-05,0.0010980616696467645,-0.0006581592836078302,0.0,-0.0006518374969643529,4.374481754967982e-05,0.0,-3.4243916038550146e-05,-0.0005372919114325472,1.7676772334583188e-05,0.0,0.0,0.0,-0.00011555962337229383,-0.00014805499020936736,0.0041669823551065315,0.006540190986359347,0.00275286286009576,-0.00040682662607463967,0.00010504620204991115,-7.178864875354833e-05,-0.000397496530367202,5.248207973656654e-05,-0.00027725492895239303,-0.0012926369835220745,-0.0006911322133794596,0.00011415508200232998,-0.00013179747169397184,-0.00027878431207051214,7.842041122679541e-05,0.0001551785016408056,0.0,0.0,0.0,0.0,0.0,0.0,0.00011027788924999783,0.0,0.0,0.0
2025-04-09,0.0003644492801302778,0.0006669803297453686,4.984763685520335e-05,0.003346377661016249,-0.0002812955138368003,0.0,0.0,0.0,-2.3466416885209464e-05,0.0,0.0,0.0004932515931457185,-0.0007323035268552982,0.032165236999388995,0.006009184043208715,0.00037971541431890094,-8.861980974641831e-06,-0.00013681166218996405,0.0009072817092400779,0.004044430149090212,0.001832565706917335,-0.0001594989990229309,-3.1197258934274507e-06,0.00018749442286653033,0.00042710884719980276,0.0006549495774944509,3.701036227293325e-05,0.0,0.0,0.0,0.0008445546327361133,-0.00012472650679608825,0.0017798161014908485,-0.0007427542509044804,-0.0023043812704717347,1.4082013197688404e-05,0.001285518216475501,0.00018590295084363416,-3.6885360813235264e-05,-6.304638262706915e-05,-0.00011608176337066719,0.0030788667604731926,0.0008357542237461891,-0.00020244039616767746,1.5427525719550287e-05,-0.0014652138930991146,-0.0011517417245512091,-0.0033689408877762526,-0.0003992648326927127,0.003917956928040714,0.00015279078915398105,0.00033005426615509615,-0.00034233003285101364,-0.0001961300365711844,0.0014250026719477315,0.0002583636631233514,0.0,-0.00017409671593565117,-3.836747902402567e-05,0.0,-7.511669053832344e-05,0.000570505575684653,0.00022027864514558937,-0.00019878499049122092,0.0003419489769063097,-0.00017856265842999892,0.0,0.0,0.0,-6.069373051636692e-05,0.0010980616696467645,-0.0006581592836078302,0.0,-0.0006032513390410727,4.374481754967982e-05,0.0,-3.4243916038550146e-05,0.0008534097979482979,-3.7456068250812854e-05,0.0,0.0,0.0,-0.00011555962337229383,-0.00014805499020936736,0.004440295327696556,0.006540190986359347,0.0030680684057494507,-0.00040682662607463967,0.00010504620204991115,-7.178864875354833e-05,-0.0005172231852428317,5.248207973656654e-05,-0.00022765817042477905,-0.001250038754783338,-0.0006911322133794596,-0.0005071719635778627,-0.00013179747169397184,-0.0004821674002725192,7.842041122679541e-05,0.0001551785016408056,0.0,0.0,0.0,0.0,0.0,0.0,0.00011027788924999783,0.0,0.0,0.0
2025-04-16,-0.0002038989364605519,0.0006669803297453686,4.984763685520335e-05,-0.0002944338712080027,-0.0002812955138368003,0.0,0.0,0.0,-7.468188276508537e-05,0.0,0.0,-0.00017486393192049472,-0.0007323035268552982,0.03210521685148004,-0.003270164684446732,0.00037971541431890094,-8.861980974641831e-06,-0.00013681166218996405,-0.0005605383700405803,0.004044430149090212,-0.0006522990013400785,-0.0001594989990229309,-3.1197258934274507e-06,0.00018749442286653033,0.00042710884719980276,0.0006472494701010648,3.701036227293325e-05,0.0,0.0,0.0,0.0008445546327361133,-0.00040296014350768865,0.0017798161014908485,-0.0007427542509044804,-0.0023043812704717347,1.4082013197688404e-05,0.001226957409576479,0.00018590295084363416,-3.6885360813235264e-05,-6.304638262706915e-05,-0.00011608176337066719,0.0029300013895117672,0.0008768283523732806,-0.00020244039616767746,1.5427525719550287e-05,-0.0014275234586796223,-0.0008371679623656373,-0.003433485568756619,-0.00039454763217360435,0.003917956928040714,0.00015279078915398105,0.00033005426615509615,-0.00034233003285101364,-0.0001961300365711844,0.0014250026719477315,0.00025246693429183077,0.0,-0.00017409671593565117,-3.836747902402567e-05,0.0,-0.0001122410837061991,0.000570505575684653,0.00022027864514558937,-0.00019878499049122092,0.0003419489769063097,0.00022150810792582147,0.0,0.0,0.0,-6.069373051636692e-05,-0.0005895668614779404,0.0003023569181600279,0.0,-0.0006518374969643529,4.374481754967982e-05,0.0,-3.4243916038550146e-05,0.0008534097979482979,-3.7456068250812854e-05,0.0,0.0,0.0,0.0004688419005390206,-0.00014805499020936736,0.002492244739577123,0.006540190986359347,0.0030680684057494507,-0.00040682662607463967,0.00010504620204991115,-7.178864875354833e-05,-0.0005172231852428317,5.248207973656654e-05,-0.00022765817042477905,-0.001250038754783338,-0.00040026601450084343,-0.0003160875732070798,-0.00013179747169397184,-0.0004821674002725192,7.842041122679541e-05,0.0001551785016408056,0.0,0.0,0.0,0.0,0.0,0.0,7.871410771965562e-05,0.0,0.0,0.0
2025-04-23,-0.0002038989364605519,-0.0007185027221109034,4.984763685520335e-05,-0.00021004260952200851,-0.0002812955138368003,0.0,0.0,0.0,0.0006661824488889405,0.0,0.0,-0.00017486393192049472,0.00011073858210982557,-0.026243259045207096,-0.0013034463412497496,-0.0003351212287394526,-7.555072157013414e-05,-0.00013681166218996405,-0.001094137830318413,0.0017156945516905013,-0.0006522990013400785,-0.0002581504788193821,-7.244398173287308e-05,0.00013594853518543828,0.00042710884719980276,0.0007107379098824033,3.701036227293325e-05,0.0,0.0,0.0,0.0025516337584300403,-0.0002216190717963557,0.0017798161014908485,-0.0007427542509044804,-0.00015081398827396946,1.4082013197688404e-05,0.001078042912013512,0.00018590295084363416,-3.6885360813235264e-05,-0.00016117817009746521,-0.00013321752731334735,0.0030284180574221826,0.0008768283523732806,-0.00016696216473914473,1.5427525719550287e-05,-0.0014275234586796223,-0.000792777645869753,-0.003030865479227933,-0.0006161823852122996,0.003814197318343954,0.00015279078915398105,0.00038690459338917903,-0.0004843908097269668,-0.0001961300365711844,0.0005409841212674226,0.00013664585675319467,0.0,-0.00017409671593565117,-0.00030992965469485304,0.0,-7.69395516108216e-05,0.00011892112533712018,0.00022969170069210185,-0.00022394073884633692,-0.0012450425921195294,-6.266471199537732e-05,0.0,0.0,0.0,-5.125496736711626e-05,-0.00019363627758212543,0.0003085204188085898,0.0,-0.0006518374969643529,4.374481754967982e-05,0.0,-3.4243916038550146e-05,-0.0005372919114325472,0.00020428131141030694,0.0,0.0,0.0,0.0004688419005390206,6.878187180983364e-06,-0.0002662818956102428,-0.0008656117570718081,0.00275286286009576,-0.00040682662607463967,0.00012442281062852918,1.4144433404462071e-05,-0.000397496530367202,5.248207973656654e-05,-0.00027725492895239303,-0.0012926369835220745,-0.00047054348762527845,-0.0003160875732070798,-0.00013179747169397184,-0.00027878431207051214,7.842041122679541e-05,0.0001551785016408056,0.0,0.0,0.0,0.0,0.0,0.0,7.871410771965562e-05,0.0,0.0,0.0
2025-04-30,0.0003644492801302778,-0.0007185027221109034,4.984763685520335e-05,-0.0001836241426971685,-0.0002812955138368003,0.0,0.0,0.0,0.0006661824488889405,0.0,0.0,0.00025950797342509294,0.00011073858210982557,-0.026281869602594838,0.005440291964648236,-0.0003351212287394526,-7.555072157013414e-05,-0.00013681166218996405,0.0009072817092400779,0.003454836341147321,0.001832565706917335,-0.0002581504788193821,-7.244398173287308e-05,-0.0010742429973206952,-0.001223609267482612,-0.0012147979678833322,3.701036227293325e-05,0.0,0.0,0.0,0.002935593774569911,-0.0002216190717963557,0.0014280045780448573,-0.0007427542509044804,-0.0002326438682664404,1.4082013197688404e-05,0.0010807768119155403,0.00018590295084363416,-3.6885360813235264e-05,-0.00016117817009746521,-0.00013321752731334735,0.003177283428383608,0.0008357542237461891,-0.00016696216473914473,1.5427525719550287e-05,-0.0014652138930991146,-0.0006026661865486194,-0.002966320798247566,-0.0006208995857314079,0.003814197318343954,0.00015279078915398105,0.00038690459338917903,-0.0004843908097269668,-0.0001961300365711844,0.000978864651215322,0.0001425425855847153,0.0,-0.00017409671593565117,-3.836747902402567e-05,0.0,-3.9815158442945935e-05,-9.874618242728346e-05,0.00022969170069210185,-0.00022394073884633692,-0.0012450425921195294,5.051543109831438e-05,0.0,0.0,0.0,-5.125496736711626e-05,-0.00035147045681631665,0.0003085204188085898,0.0,-0.0006518374969643529,4.374481754967982e-05,0.0,-3.4243916038550146e-05,-0.0005372919114325472,-9.640718854498891e-05,0.0,0.0,0.0,0.0004688419005390206,6.878187180983364e-06,-0.0002662818956102428,-0.0008656117570718081,0.0020577714023818517,-0.00040682662607463967,0.00012442281062852918,1.4144433404462071e-05,-0.000397496530367202,5.248207973656654e-05,-0.00027725492895239303,-0.0012926369835220745,-0.0007614096865038946,-0.0005071719635778627,-0.00013179747169397184,-0.00027878431207051214,7.842041122679541e-05,0.0001551785016408056,0.0,0.0,0.0,0.0,0.0,0.0,0.00011027788924999783,0.0,0.0,0.0
2025-05-07,0.0003644492801302778,0.0006669803297453686,4.984763685520335e-05,-0.0001734649666353135,-0.0002812955138368003,0.0,0.0,0.0,0.0012474592836498233,0.0,0.0,0.00025950797342509294,0.00011073858210982557,0.03256274743627603,0.006544837952730947,0.00037971541431890094,-8.861980974641831e-06,-0.00013681166218996405,0.0009742256123951097,0.004000065431219458,0.001832565706917335,-0.0001594989990229309,-3.1197258934274507e-06,0.00018749442286653033,-0.0006095685245669927,0.0006549495774944509,3.701036227293325e-05,0.0,0.0,0.0,0.0037607074315540645,-0.00040296014350768865,0.0017798161014908485,-0.0007427542509044804,9.617576523284282e-05,1.4082013197688404e-05,0.0012073477027645546,0.00012482006185784858,-3.6885360813235264e-05,0.00013067386169027232,-0.00013321752731334735,0.0020713479073139773,0.0008357542237461891,0.00027759467238762863,1.5427525719550287e-05,-0.0013835993886228304,-0.0009172399487341913,-0.0033689408877762526,-0.0006208995857314079,-0.0017143168716895706,0.00015279078915398105,0.0004742595107562098,-0.00034233003285101364,-0.0001961300365711844,0.0012397783974856416,0.000413207396872779,0.0,-0.00017409671593565117,-3.836747902402567e-05,0.0,-7.511669053832344e-05,-9.874618242728346e-05,0.00022969170069210185,-0.00022394073884633692,-0.0012450425921195294,-0.00017856265842999892,0.0,0.0,0.0,-5.125496736711626e-05,-0.00038435298886634495,0.0003085204188085898,0.0,-0.0007359558812030382,-0.0006601490648406225,0.0,-3.4243916038550146e-05,-0.00047895811403296995,-9.640718854498891e-05,0.0,0.0,0.0,-0.00011555962337229383,6.878187180983364e-06,-0.00027964386315908847,-0.0006248064364466872,0.0005417748645601062,-0.00040682662607463967,0.00012442281062852918,-7.178864875354833e-05,-0.0005172231852428317,-2.5237047896682645e-05,-0.00022765817042477905,-0.0010934645780960057,-0.0006911322133794596,-0.0005071719635778627,-0.00013179747169397184,-0.00027878431207051214,7.842041122679541e-05,0.0001551785016408056,0.0,0.0,0.0,0.0,0.0,0.0,0.00011027788924999783,0.0,0.0,0.0
2025-05-14,-0.0002038989364605519,0.0006669803297453686,4.984763685520335e-05,-0.00019988343346015355,-0.0002812955138368003,0.0,0.0,0.0,0.0012474592836498233,0.0,0.0,0.00025950797342509294,-0.0007323035268552982,0.030605638992999444,-0.003270164684446732,0.00037971541431890094,-8.861980974641831e-06,-0.00013681166218996405,-0.0005529863919049119,0.004000065431219458,-0.0006522990013400785,-0.0001594989990229309,-3.1197258934274507e-06,0.00018749442286653033,0.0002512222192302747,0.0006472494701010648,3.701036227293325e-05,0.0,0.0,0.0,0.003039820700555082,-0.00040296014350768865,0.0017798161014908485,-0.0007427542509044804,0.00010619511923224233,1.4082013197688404e-05,0.0012046138028625262,0.00012482006185784858,-3.6885360813235264e-05,0.00013067386169027232,-0.00013321752731334735,0.0018235341366996032,0.0008768283523732806,0.00027759467238762863,1.5427525719550287e-05,-0.0013459089542033381,-0.0009172399487341913,-0.003433485568756619,-0.0006161823852122996,-0.0017143168716895706,0.00015279078915398105,0.0004742595107562098,-0.00034233003285101364,-0.0001961300365711844,0.0012397783974856416,0.0004073106680412584,0.0,-0.00017409671593565117,-3.836747902402567e-05,0.0,-0.0001122410837061991,-9.874618242728346e-05,0.00035312492506483985,-0.00022394073884633692,-0.0012450425921195294,-0.00017856265842999892,0.0,0.0,0.0,-5.125496736711626e-05,-0.00038435298886634495,0.0003085204188085898,0.0,-0.0007845420391263186,-0.0006601490648406225,0.0,-3.4243916038550146e-05,-0.00047895811403296995,-9.640718854498891e-05,0.0,0.0,0.0,-0.00011555962337229383,6.878187180983364e-06,-0.00027964386315908847,-0.0006248064364466872,-0.0004983817088134886,-0.00040682662607463967,0.00012442281062852918,-7.178864875354833e-05,4.7099283218508586e-05,-2.5237047896682645e-05,-0.00022765817042477905,-0.000903502242701011,-0.00040026601450084343,5.032191393288503e-05,-0.00013179747169397184,-0.0004821674002725192,7.842041122679541e-05,0.0001551785016408056,0.0,0.0,0.0,0.0,0.0,0.0,7.871410771965562e-05,0.0,0.0,0.0
2025-05-21,-0.0002038989364605519,-0.0007185027221109034,4.984763685520335e-05,-0.00021004260952200851,-0.0002812955138368003,0.0,0.0,0.0,0.0006661824488889405,0.0,0.0,0.00025950797342509294,-0.0007323035268552982,-0.0241754156518625,-0.003334029547838624,-0.0003351212287394526,-7.555072157013414e-05,-0.00013681166218996405,-0.0005529863919049119,0.004000065431219458,-0.0006522990013400785,-0.0002581504788193821,-7.244398173287308e-05,0.00018749442286653033,0.0002512222192302747,-0.0012224980752767183,3.701036227293325e-05,0.0,0.0,0.0,-9.735565040679161e-05,-0.0002216190717963557,0.001814533937350317,-0.0007427542509044804,-0.00022262451426704086,1.4082013197688404e-05,0.0012556377238281853,0.00012482006185784858,-3.6885360813235264e-05,0.00013067386169027232,-0.00013321752731334735,0.0019219508046100185,0.0008768283523732806,0.00018811728320441447,1.5427525719550287e-05,-0.0013459089542033381,-0.0011517417245512091,-0.003030865479227933,-0.0005551119179617049,-0.0016899422256932445,0.00015279078915398105,0.0005311098379902927,-0.0004843908097269668,-0.0001961300365711844,0.0008377398864237671,0.0002506729772661458,0.0,-0.00017409671593565117,-3.836747902402567e-05,0.0,-7.69395516108216e-05,-0.00031838072325759997,0.00035312492506483985,-0.00022394073884633692,0.0003419489769063097,5.051543109831438e-05,0.0,0.0,0.0,-5.125496736711626e-05,-0.00035147045681631665,0.0003085204188085898,0.0,-0.0007845420391263186,-0.0006601490648406225,0.0,-3.4243916038550146e-05,-0.00047895811403296995,-9.640718854498891e-05,0.0,0.0,0.0,-0.00011555962337229383,-0.00014805499020936736,-0.0002662818956102428,-0.0006248064364466872,-0.0004334074821966289,-0.00040682662607463967,0.00012442281062852918,1.4144433404462071e-05,0.00016682593809413837,-2.5237047896682645e-05,-0.00027725492895239303,-0.0009461004714397473,-0.00047054348762527845,5.032191393288503e-05,-0.00013179747169397184,-0.0004821674002725192,7.842041122679541e-05,0.0001551785016408056,0.0,0.0,0.0,0.0,0.0,0.0,7.871410771965562e-05,0.0,0.0,0.0
2025-05-28,0.0003644492801302778,-0.0007185027221109034,4.984763685520335e-05,-0.00021004260952200851,-0.0002812955138368003,0.0,0.0,0.0,0.0006661824488889405,0.0,0.0,0.00025950797342509294,0.00011073858210982557,-0.014928083416582767,-0.003334029547838624,-0.0002785626501341933,-7.555072157013414e-05,-0.00013681166218996405,0.0009742256123951097,0.004000065431219458,0.0011928964276536442,-0.0001594989990229309,-7.244398173287308e-05,0.00018749442286653033,0.0002512222192302747,0.0007107379098824033,3.701036227293325e-05,0.0,0.0,0.0,-9.735565040679161e-05,-0.0002216190717963557,0.0021663454607963083,-0.0007427542509044804,-0.0002209536690607256,1.4082013197688404e-05,0.0012556377238281853,0.00012482006185784858,-3.6885360813235264e-05,5.1114330672073984e-05,-0.00013321752731334735,0.0020003707248185767,0.0008768283523732806,0.00018811728320441447,1.5427525719550287e-05,-0.0013459089542033381,-0.001341853183872343,-0.0029893554532592183,-0.0005462225469360449,-0.0016899422256932445,0.00015279078915398105,0.0005311098379902927,-0.00038837356649030705,-0.0001961300365711844,0.0011355404532246273,0.0002506729772661458,0.0,-0.00017409671593565117,-3.836747902402567e-05,0.0,-7.69395516108216e-05,-0.00031838072325759997,0.00034371186951832737,-0.00019878499049122092,0.0003419489769063097,5.051543109831438e-05,0.0,0.0,0.0,-5.125496736711626e-05,-0.00035147045681631665,0.0003085204188085898,0.0,-0.0007845420391263186,-0.0006601490648406225,0.0,-3.4243916038550146e-05,0.0007340522768592808,0.00020428131141030694,0.0,0.0,0.0,-0.00011555962337229383,-0.00014805499020936736,0.0025056067071259685,-0.0006248064364466872,-0.0004334074821966289,-0.00040682662607463967,-0.00040111376842733503,-7.178864875354833e-05,0.00016682593809413837,-2.5237047896682645e-05,-0.00027725492895239303,-0.0009461004714397473,-0.0007614096865038946,-0.00014076247643789793,-0.00013179747169397184,-0.00027878431207051214,4.336931045499561e-06,0.0001551785016408056,0.0,0.0,0.0,0.0,0.0,0.0,0.00011027788924999783,0.0,0.0,0.0
2025-06-04,0.0003644492801302778,0.0006669803297453686,0.00012787210482777386,-0.0002680154043831626,-0.0002812955138368003,0.0,0.0,0.0,-7.468188276508537e-05,0.0,0.0,0.00025950797342509294,0.00011073858210982557,0.03181850127798821,0.006204759980237816,-0.0002785626501341933,-8.861980974641831e-06,0.0007035489720023443,0.0009742256123951097,0.004000065431219458,0.001832565706917335,-0.0001594989990229309,-7.244398173287308e-05,0.00018749442286653033,0.0002512222192302747,0.0006549495774944509,3.701036227293325e-05,0.0,0.0,0.0,0.0005572956576981353,-0.00040296014350768865,0.0021663454607963083,-0.0007427542509044804,0.0001780056452253138,1.4082013197688404e-05,0.001266006237732359,-0.00011436035369237497,-3.6885360813235264e-05,0.00013067386169027232,-0.00013321752731334735,0.0021641386082591444,0.0008357542237461891,0.00027759467238762863,1.5427525719550287e-05,-0.0013835993886228304,-0.0008371679623656373,-0.0009402422013161311,-0.0005598291184808131,-0.00010502087108910607,0.00015279078915398105,0.0004742595107562098,-0.00034233003285101364,-0.0001961300365711844,-0.0003179953788694786,0.000413207396872779,0.0,-0.00017409671593565117,-3.836747902402567e-05,0.0,-7.511669053832344e-05,-0.00031838072325759997,0.00035312492506483985,-0.00022394073884633692,0.0003419489769063097,-0.00017856265842999892,0.0,0.0,0.0,-0.00010239624536714926,-0.0007474010407121317,0.0003085204188085898,0.0,0.0066644467267235954,-0.0006601490648406225,0.0,1.4399650898256149e-05,-0.00047895811403296995,0.00020428131141030694,0.0,0.0,0.0,0.0004688419005390206,-0.00014805499020936736,-0.00027964386315908847,-0.0006248064364466872,-0.0004983817088134886,-0.00040682662607463967,0.00012442281062852918,-7.178864875354833e-05,4.7099283218508586e-05,-2.5237047896682645e-05,-0.00029963440225329503,-0.000903502242701011,-0.0003027613052551476,-0.00014076247643789793,-0.00013179747169397184,-0.00027878431207051214,7.842041122679541e-05,0.0001551785016408056,0.0,0.0,0.0,0.0,0.0,0.0,0.00011027788924999783,0.0,0.0,0.0
2025-06-11,-0.0002038989364605519,0.0006669803297453686,0.00012787210482777386,-0.00019988343346015355,-0.0002812955138368003,0.0,0.0,0.0,-7.468188276508537e-05,0.0,0.0,0.00025950797342509294,-0.0007323035268552982,0.027254532632057217,-0.0032280315479433917,-0.0002785626501341933,-8.861980974641831e-06,-0.00013681166218996405,-0.0005529863919049119,0.003454836341147321,-0.0006522990013400785,-0.0001594989990229309,-7.244398173287308e-05,-0.0010742429973206952,-0.0006095685245669927,-0.0003242191020312321,3.701036227293325e-05,0.0,0.0,0.0,-0.0001635910733008459,-0.00040296014350768865,0.00203237547503792,-0.0007427542509044804,0.00016798629122591425,1.4082013197688404e-05,0.0012886570745481033,0.00012482006185784858,-3.6885360813235264e-05,5.1114330672073984e-05,-0.00013321752731334735,0.0019163248376447702,0.0008768283523732806,0.00027759467238762863,1.5427525719550287e-05,-0.0013459089542033381,-0.0008371679623656373,-0.001096967434489956,-0.0005551119179617049,-0.00010502087108910607,0.00015279078915398105,0.0004742595107562098,-0.00034233003285101364,-0.0001961300365711844,-0.0003179953788694786,0.0004073106680412584,0.0,-0.00017409671593565117,-3.836747902402567e-05,0.0,-0.0001122410837061991,-0.00031838072325759997,0.00035312492506483985,-0.00019878499049122092,0.0003419489769063097,0.00022150810792582147,0.0,0.0,0.0,-0.00010239624536714926,-0.0007474010407121317,0.0003085204188085898,0.0,0.0069980716777967855,-0.0006601490648406225,0.0,1.4399650898256149e-05,0.0007340522768592808,0.00020428131141030694,0.0,0.0,0.0,0.0004688419005390206,-0.00014805499020936736,-0.00027964386315908847,-0.0006248064364466872,-0.00040354579564224913,-0.00040682662607463967,0.00012442281062852918,-7.178864875354833e-05,0.0007129665032661657,-2.5237047896682645e-05,-0.00029963440225329503,-0.000903502242701011,-1.189510637653141e-05,5.032191393288503e-05,-0.00013179747169397184,-0.0004821674002725192,7.842041122679541e-05,0.0001551785016408056,0.0,0.0,0.0,0.0,0.0,0.0,7.871410771965562e-05,0.0,0.0,0.0
2025-06-18,-0.0002038989364605519,-0.0007185027221109034,0.00012787210482777386,-0.00021004260952200851,-0.0002812955138368003,0.0,0.0,0.0,-5.060068271460644e-05,0.0,0.0,0.00025950797342509294,0.00011073858210982557,-0.026888311021549094,-0.003291896411335284,-0.0003351212287394526,-7.555072157013414e-05,-0.00013681166218996405,-0.0010865858521827447,0.004000065431219458,-0.0006522990013400785,-0.0002581504788193821,-7.244398173287308e-05,0.00018749442286653033,-0.001223609267482612,0.0006472494701010648,3.701036227293325e-05,0.0,0.0,0.0,-4.288736820151897e-05,-0.0002216190717963557,0.0021663454607963083,-0.0007427542509044804,-0.000160833342273369,1.5591589144050663e-05,0.0012556377238281853,0.00012482006185784858,-3.6885360813235264e-05,0.00013067386169027232,-0.00013321752731334735,0.0020147415055551854,0.0006640564920556077,0.00018811728320441447,1.5427525719550287e-05,-0.0013862306859742986,-0.0008371679623656373,-0.0012690727535290608,-0.0006161823852122996,4.042024071014021e-06,0.00015279078915398105,0.0005311098379902927,-0.0004843908097269668,-0.0001961300365711844,-0.0009992037434560308,0.00013664585675319467,0.0,-0.00017409671593565117,-3.836747902402567e-05,0.0,-7.69395516108216e-05,-0.00031838072325759997,-0.0010066710653560795,-0.00019878499049122092,-0.0012450425921195294,-6.266471199537732e-05,0.0,0.0,0.0,-0.00010239624536714926,-0.0007145185086621034,0.0003085204188085898,0.0,0.0069980716777967855,-0.0006601490648406225,0.0,1.4399650898256149e-05,0.0002492095844968859,0.00020428131141030694,0.0,0.0,0.0,0.0004688419005390206,6.878187180983364e-06,-0.00027344155633956456,-0.0008647139436168716,0.0017193303523487889,-0.00040682662607463967,-0.000381737159848717,1.4144433404462071e-05,0.00040021115991758203,-2.5237047896682645e-05,-0.000349231160780909,-0.0009461004714397473,-8.217257950096636e-05,0.0006716489595130778,-0.00013179747169397184,-0.00027878431207051214,4.336931045499561e-06,0.0001551785016408056,0.0,0.0,0.0,0.0,0.0,0.0,7.871410771965562e-05,0.0,0.0,0.0
2025-06-25,0.0003644492801302778,-0.0007185027221109034,0.00012787210482777386,-0.0001836241426971685,-0.00023718776171008897,0.0,0.0,0.0,0.0012474592836498233,0.0,0.0,0.00025950797342509294,0.00011073858210982557,0.011407665900055005,0.006140895116845923,-0.0002785626501341933,-8.861980974641831e-06,-0.00013681166218996405,0.0009742256123951097,0.004000065431219458,0.001832565706917335,-0.0001594989990229309,-7.244398173287308e-05,0.00018749442286653033,0.00046344501160511947,-0.00031651899463784594,3.701036227293325e-05,0.0,0.0,0.0,-0.0016525499061124313,-0.00036369666917171993,0.00022733192538912296,-0.0007427542509044804,0.003278676674878374,1.4082013197688404e-05,-0.001863400645633883,0.00012482006185784858,-3.6885360813235264e-05,5.1114330672073984e-05,-0.00013321752731334735,0.0022625552761695597,0.0006229823634285162,0.00018811728320441447,1.5427525719550287e-05,-0.0018251806107380739,-0.0008371679623656373,-0.0011978311917494142,-0.0005598291184808131,2.6553705804184847e-05,0.00015279078915398105,0.0004742595107562098,-0.00034233003285101364,-0.0001961300365711844,-0.00026352264670727115,0.000413207396872779,0.0,-0.00017409671593565117,-3.836747902402567e-05,0.0,-3.9815158442945935e-05,-0.00031838072325759997,-0.0009713563133392977,-0.00019878499049122092,0.0003419489769063097,-0.00017856265842999892,0.0,0.0,0.0,-0.00010239624536714926,-0.00038435298886634495,0.0003085204188085898,0.0,0.0066644467267235954,-0.0006601490648406225,0.0,1.4399650898256149e-05,0.0007340522768592808,0.00020428131141030694,0.0,0.0,0.0,0.0004688419005390206,-0.00014805499020936736,0.004731267502720558,-0.0006248064364466872,0.002729627355716388,-0.00040682662607463967,-0.00040111376842733503,-7.178864875354833e-05,0.0007129665032661657,-2.5237047896682645e-05,-0.0004756154435302559,-0.000903502242701011,-0.00037303877837958265,-0.00014076247643789793,-0.00013179747169397184,-0.00027878431207051214,4.336931045499561e-06,0.0001551785016408056,0.0,0.0,0.0,0.0,0.0,0.0,0.00011027788924999783,0.0,0.0,0.0
2025-07-02,0.0003644492801302778,0.0006669803297453686,4.984763685520335e-05,-0.0001734649666353135,0.0015325954181680528,0.0,0.0,0.0,0.0012474592836498233,0.0,0.0,0.00025950797342509294,-0.0007323035268552982,0.03179963466910227,0.005504156828040129,0.00037971541431890094,-8.861980974641831e-06,0.0007035489720023443,0.0009742256123951097,0.004316594791480767,-0.0006164392778992852,-0.0001594989990229309,-3.1197258934274507e-06,0.00018749442286653033,0.00028755838363559143,0.0006549495774944509,2.7217495760869206e-05,0.0,0.0,0.0,-0.0010024483877836368,-0.00036369666917171993,0.00036130191114751146,-0.0007427542509044804,0.0028292788473142086,1.4082013197688404e-05,-0.0017873545457567294,-0.00011436035369237497,-3.6885360813235264e-05,5.1114330672073984e-05,0.00226452361785573,-0.0034974601133847534,0.0006229823634285162,0.00027759467238762863,1.5427525719550287e-05,-0.0017848588789671133,-0.000530802970920998,-0.002193760550111875,-0.0005687184895064731,-0.00019313913741766928,-0.00014246521751442632,0.0004742595107562098,0.0026715872088209306,-0.0001961300365711844,-0.0003179953788694786,0.000413207396872779,0.0,-0.00017409671593565117,-3.836747902402567e-05,0.0,-7.511669053832344e-05,-0.00031838072325759997,-0.0010066710653560795,-0.00019878499049122092,0.0003419489769063097,0.00022150810792582147,0.0,0.0,0.0,-0.00010239624536714926,-0.00038435298886634495,0.0003085204188085898,0.0,-0.0007845420391263186,-0.0006601490648406225,0.0,-3.4243916038550146e-05,0.0007340522768592808,0.00020428131141030694,0.0,0.0,0.0,0.0004688419005390206,-0.00014805499020936736,-0.00033254945953587134,-0.0005496076319721332,-0.0004983817088134886,-0.00040682662607463967,0.00012442281062852918,-7.178864875354833e-05,0.0007129665032661657,-2.5237047896682645e-05,-0.0004260186850026419,-0.000903502242701011,-6.501606652871815e-06,5.032191393288503e-05,-0.00013179747169397184,-0.0004821674002725192,7.842041122679541e-05,1.2337209683811818e-05,0.0,0.0,0.0,0.0,0.0,0.0,0.00011027788924999783,0.0,0.0,0.0
2025-07-09,-0.0002038989364605519,0.0006669803297453686,4.984763685520335e-05,-0.00019988343346015355,0.0015325954181680528,0.0,0.0,0.0,-7.468188276508537e-05,0.0,0.0,0.00025950797342509294,0.00011073858210982557,0.027195147774453744,-0.003270164684446732,-0.0002785626501341933,-8.861980974641831e-06,0.0007035489720023443,-0.0005529863919049119,0.004316594791480767,-0.0006164392778992852,-0.0001594989990229309,-7.244398173287308e-05,0.00018749442286653033,0.00028755838363559143,0.0007107379098824033,2.7217495760869206e-05,0.0,0.0,0.0,-0.001723335118782618,-0.00036369666917171993,0.00036130191114751146,-0.0007427542509044804,0.0028292788473142086,1.5591589144050663e-05,-0.0017900884456587573,-0.00011436035369237497,-3.6885360813235264e-05,0.00013067386169027232,0.00226452361785573,-0.003564787407515637,0.0006640564920556077,0.00027759467238762863,1.5427525719550287e-05,-0.001747168444547621,-0.0007209144302421319,-0.0023504857832857004,-0.0005551119179617049,-0.00019313913741766928,-0.00014246521751442632,0.0004742595107562098,0.0026715872088209306,-0.0001961300365711844,-0.0003179953788694786,0.0004073106680412584,0.0,-0.00017409671593565117,-3.836747902402567e-05,0.0,-0.0001122410837061991,-0.00031838072325759997,-0.0010066710653560795,-0.00022394073884633692,0.0003419489769063097,0.00022150810792582147,0.0,0.0,0.0,-0.00010239624536714926,-0.0007474010407121317,0.0003085204188085898,0.0,-0.0007845420391263186,-0.0006601490648406225,0.0,-3.4243916038550146e-05,-0.00047895811403296995,0.00020428131141030694,0.0,0.0,0.0,0.0004688419005390206,-0.00014805499020936736,-0.00033254945953587134,-0.0005496076319721332,-0.0004983817088134886,-0.00040682662607463967,0.00012442281062852918,-7.178864875354833e-05,0.0007129665032661657,-2.5237047896682645e-05,-0.0004260186850026419,-0.000903502242701011,-6.501606652871815e-06,0.0006716489595130778,-0.00013179747169397184,-0.00027878431207051214,7.842041122679541e-05,1.2337209683811818e-05,0.0,0.0,0.0,0.0,0.0,0.0,7.871410771965562e-05,0.0,0.0,0.0
2025-07-16,0.0003644492801302778,0.0006669803297453686,4.984763685520335e-05,-0.0001734649666353135,0.0015325954181680528,0.0,0.0,0.0,-7.468188276508537e-05,0.0,0.0,0.00025950797342509294,0.00011073858210982557,0.03126184793606864,0.005504156828040129,0.00037971541431890094,-8.861980974641831e-06,0.0007035489720023443,0.0009742256123951097,0.004316594791480767,0.0012649947428681279,-0.0001594989990229309,-3.1197258934274507e-06,0.00018749442286653033,0.00028755838363559143,0.0007184380172757894,2.7217495760869206e-05,0.0,0.0,0.0,-0.0010024483877836368,-0.00036369666917171993,0.00036130191114751146,-0.0007427542509044804,0.002757468321321137,1.4082013197688404e-05,-0.0017873545457567294,-0.00011436035369237497,-3.6885360813235264e-05,5.1114330672073984e-05,0.00226452361785573,-0.003450128895533388,0.0006229823634285162,0.00027759467238762863,1.5427525719550287e-05,-0.0017848588789671133,-0.0007209144302421319,-0.002193760550111875,-0.0005598291184808131,-0.00019313913741766928,-0.00014246521751442632,0.0004742595107562098,0.0026715872088209306,-0.0001961300365711844,-0.0003179953788694786,0.000413207396872779,0.0,-0.00017409671593565117,-3.836747902402567e-05,0.0,-7.511669053832344e-05,-0.00031838072325759997,-0.0010066710653560795,-0.00019878499049122092,0.0003419489769063097,-0.00017856265842999892,0.0,0.0,0.0,-0.00010239624536714926,-0.0007474010407121317,0.0003085204188085898,0.0,-0.0007845420391263186,-0.0006601490648406225,0.0,-3.4243916038550146e-05,0.0007340522768592808,-9.640718854498891e-05,0.0,0.0,0.0,0.0004688419005390206,-0.00014805499020936736,-0.00033254945953587134,-0.0005496076319721332,-0.0004983817088134886,-0.00040682662607463967,0.00012442281062852918,-7.178864875354833e-05,0.0007129665032661657,-2.5237047896682645e-05,-0.0004260186850026419,-0.000903502242701011,-0.000297367805531488,-0.00014076247643789793,-0.00013179747169397184,-0.00027878431207051214,7.842041122679541e-05,1.2337209683811818e-05,0.0,0.0,0.0,0.0,0.0,0.0,0.00011027788924999783,0.0,0.0,0.0
2025-07-23,-0.0002038989364605519,0.0006022050781943227,4.984763685520335e-05,0.0017263065029904064,0.0007135688074959531,0.0,0.0,0.0,-7.468188276508537e-05,0.0,0.0,0.00025950797342509294,0.00011073858210982557,0.003588512538739562,-0.0030564541307527343,0.00037971541431890094,-7.555072157013414e-05,0.00140073488829578,3.131956503849676e-05,0.004316594791480767,-0.0006164392778992852,-0.0001594989990229309,-3.1197258934274507e-06,0.00018749442286653033,0.00028755838363559143,0.0007107379098824033,2.7217495760869206e-05,0.0,0.0,0.0,-0.0017432304024603744,-0.0006787094352899157,0.0005237120045506641,-0.0007427542509044804,0.004930243384073054,1.4082013197688404e-05,-0.007124391846219425,-0.00011436035369237497,-3.6885360813235264e-05,5.1114330672073984e-05,0.00226452361785573,-0.0034614228219470846,0.0006640564920556077,0.00018811728320441447,1.5427525719550287e-05,-0.001747168444547621,-0.001035488192427704,-0.0020760536708160074,-0.0005551119179617049,-0.00014625280968817264,-0.00014246521751442632,0.0004742595107562098,0.0026715872088209306,-0.0001961300365711844,-0.00026352264670727115,0.0004073106680412584,0.0,5.596595678147856e-05,-3.836747902402567e-05,0.0,-7.69395516108216e-05,-0.00031838072325759997,-0.0010066710653560795,-0.00019878499049122092,0.0003419489769063097,0.00022150810792582147,0.0,0.0,0.0,-0.00010239624536714926,-0.0006012784894804695,0.0003085204188085898,0.0,-0.0007845420391263186,-0.0006601490648406225,0.0,-3.4243916038550146e-05,0.0007340522768592808,0.00020428131141030694,0.0,0.0,0.0,-0.00011555962337229383,-0.00014805499020936736,-0.0003917310617738381,-0.0005496076319721332,-0.0004334074821966289,-0.00040682662607463967,-0.000848193909787731,-7.178864875354833e-05,0.0007129665032661657,-2.5237047896682645e-05,-0.0004756154435302559,-0.0006711488485096407,-6.501606652871815e-06,5.032191393288503e-05,-0.00013179747169397184,-0.00027878431207051214,4.336931045499561e-06,1.2337209683811818e-05,0.0,0.0,0.0,0.0,0.0,0.0,7.871410771965562e-05,0.0,0.0,0.0
2025-07-30,0.0003644492801302778,0.0006022050781943227,0.00012787210482777386,-0.0002680154043831626,0.0007135688074959531,0.0,0.0,0.0,-7.468188276508537e-05,0.0,0.0,0.00025950797342509294,0.00011073858210982557,0.01476336261215857,0.005482425101151577,-0.0008559493633375821,-8.861980974641831e-06,0.00140073488829578,0.0009742256123951097,0.004316594791480767,0.0012649947428681279,-0.0001594989990229309,7.304461660818086e-05,0.00018749442286653033,0.00028755838363559143,0.0006549495774944509,2.7217495760869206e-05,0.0,0.0,0.0,-0.0016688668365773453,-0.0006787094352899157,0.0005237120045506641,-0.0007427542509044804,0.004930243384073054,1.5591589144050663e-05,-0.007121657946317396,-0.00011436035369237497,-3.6885360813235264e-05,0.00013067386169027232,0.00226452361785573,-0.003450128895533388,0.0006229823634285162,0.00018811728320441447,1.5427525719550287e-05,-0.0017848588789671133,-0.0008453767331065701,-0.0020328961312860777,-0.0006208995857314079,-3.908502947343359e-05,-0.00014246521751442632,0.0004742595107562098,0.0026715872088209306,-0.0001961300365711844,-0.00026352264670727115,0.000413207396872779,0.0,5.596595678147856e-05,-3.836747902402567e-05,0.0,-3.9815158442945935e-05,-0.00031838072325759997,-0.0010066710653560795,-0.00022394073884633692,-0.0012450425921195294,-0.00017856265842999892,0.0,0.0,0.0,-0.00010239624536714926,-0.0006012784894804695,0.0003085204188085898,0.0,0.0069980716777967855,-0.0006601490648406225,0.0,1.4399650898256149e-05,-0.00047895811403296995,0.00020428131141030694,0.0,0.0,0.0,-0.00011555962337229383,6.878187180983364e-06,-0.00040509302932268375,-0.0005496076319721332,-0.0004983817088134886,-0.00040682662607463967,-0.000848193909787731,-7.178864875354833e-05,0.0007129665032661657,-2.5237047896682645e-05,-0.0004756154435302559,-0.0006285506197709044,-0.000297367805531488,0.00048056456914229487,-0.00013179747169397184,-0.00027878431207051214,4.336931045499561e-06,1.2337209683811818e-05,0.0,0.0,0.0,0.0,0.0,0.0,0.00011027788924999783,0.0,0.0,0.0
2025-08-06,0.00025289492203234753,0.0006022050781943227,0.00012787210482777386,-0.0001734649666353135,0.0007135688074959531,0.0,0.0,0.0,-7.468188276508537e-05,0.0,0.0,0.00025950797342509294,0.00011073858210982557,0.03150292199219202,0.006204759980237816,-0.0008559493633375821,-8.861980974641831e-06,0.00140073488829578,0.0009742256123951097,0.004316594791480767,0.001502211518483102,-0.0001594989990229309,7.304461660818086e-05,0.00018749442286653033,0.00028755838363559143,0.0007184380172757894,3.701036227293325e-05,0.0,0.0,0.0,-0.0010024483877836368,-0.0006787094352899157,0.0005237120045506641,-0.0007427542509044804,0.004638045313566551,1.4082013197688404e-05,-0.00714101788449272,-5.3277464706589424e-05,-3.6885360813235264e-05,-0.00016117817009746521,-0.00013321752731334735,-0.003804252999892132,0.0012398358350998997,0.00027759467238762863,1.5427525719550287e-05,-0.0018261516516724372,-0.001341853183872343,-0.003348818003257975,-0.0005598291184808131,-0.0016163743277593315,-0.00014246521751442632,0.00033005426615509615,-0.00034233003285101364,0.0012503289831413006,-0.0012308623602132539,0.000413207396872779,0.0,5.596595678147856e-05,-3.836747902402567e-05,0.0,-7.511669053832344e-05,-0.00031838072325759997,-0.0010066710653560795,-0.00022394073884633692,0.0003419489769063097,-0.00017856265842999892,0.0,0.0,0.0,-0.00010239624536714926,-0.0006012784894804695,0.0003085204188085898,0.0,0.0066644467267235954,4.374481754967982e-05,0.0,1.4399650898256149e-05,-0.0005372919114325472,-9.640718854498891e-05,0.0,0.0,0.0,-0.00011555962337229383,-0.00014805499020936736,-0.00040509302932268375,-0.0006248064364466872,-0.0004983817088134886,-0.00040682662607463967,-0.000848193909787731,-7.178864875354833e-05,0.0007129665032661657,-2.5237047896682645e-05,-0.0004260186850026419,-0.0006285506197709044,-0.000297367805531488,-0.00014076247643789793,-0.00013179747169397184,-0.00027878431207051214,4.336931045499561e-06,1.2337209683811818e-05,0.0,0.0,0.0,0.0,0.0,0.0,-0.0010532276402313062,0.0,0.0,0.0
2025-08-13,-0.0001414874673925469,0.0006022050781943227,0.00012787210482777386,-0.00019988343346015355,0.0007135688074959531,0.0,0.0,0.0,-7.468188276508537e-05,0.0,0.0,0.00025950797342509294,-0.0007323035268552982,0.03001755308696877,-0.0031837019212296973,-0.0008559493633375821,-8.861980974641831e-06,0.00140073488829578,-0.0005529863919049119,0.004316594791480767,-0.0006164392778992852,-0.0001594989990229309,7.304461660818086e-05,0.00018749442286653033,0.00028755838363559143,0.0006472494701010648,3.701036227293325e-05,0.0,0.0,0.0,-0.001723335118782618,-0.0006787094352899157,0.0005237120045506641,-0.0007427542509044804,0.004709855839559622,1.4082013197688404e-05,-0.007143751784394747,-5.3277464706589424e-05,-3.6885360813235264e-05,-6.304638262706915e-05,-0.00013321752731334735,-0.00368585285863148,0.0012809099637269914,0.00027759467238762863,1.5427525719550287e-05,-0.0017884612172529449,-0.0008371679623656373,-0.003413362684238342,-0.0005551119179617049,-0.0016163743277593315,-0.00014246521751442632,0.00033005426615509615,-0.00034233003285101364,0.0012503289831413006,-0.0012308623602132539,0.0004073106680412584,0.0,5.596595678147856e-05,-3.836747902402567e-05,0.0,0.00032655544499982157,-0.00031838072325759997,-0.0010066710653560795,-0.00019878499049122092,0.0003419489769063097,0.00022150810792582147,0.0,0.0,0.0,-0.00010239624536714926,-0.0006012784894804695,0.0003085204188085898,0.0,0.0069980716777967855,4.374481754967982e-05,0.0,1.4399650898256149e-05,0.0008534097979482979,0.00020428131141030694,0.0,0.0,0.0,0.0004688419005390206,-0.00014805499020936736,-0.00040509302932268375,-0.0006248064364466872,-0.0004983817088134886,-0.00040682662607463967,-0.000848193909787731,-7.178864875354833e-05,0.0007129665032661657,-2.5237047896682645e-05,-0.0004260186850026419,-0.0006285506197709044,-6.501606652871815e-06,5.032191393288503e-05,-0.00013179747169397184,-0.0004821674002725192,4.336931045499561e-06,1.2337209683811818e-05,0.0,0.0,0.0,0.0,0.0,0.0,-0.0009108255945957133,0.0,0.0,0.0
2025-08-20,-0.0001414874673925469,-0.0007185027221109034,0.00012787210482777386,-0.00019299897849567755,0.0015325954181680528,0.0,0.0,0.0,-7.468188276508537e-05,0.0,0.0,0.00025950797342509294,0.00011073858210982557,-0.0035885078956745487,-0.0032475667846215894,-0.0008559493633375821,-7.555072157013414e-05,0.0007035489720023443,-0.0005529863919049119,0.003914872805246553,-0.0006164392778992852,-0.0001594989990229309,7.304461660818086e-05,0.00018749442286653033,0.00028755838363559143,0.0006472494701010648,3.701036227293325e-05,0.0,0.0,0.0,-0.0017432304024603744,0.0007370700246871888,0.000613574640328209,-0.0007427542509044804,0.004930243384073054,1.4082013197688404e-05,0.0007696430874912662,-5.3277464706589424e-05,-3.6885360813235264e-05,-0.00016117817009746521,-0.00013321752731334735,-0.0035824882730629277,0.0012809099637269914,0.00018811728320441447,1.5427525719550287e-05,-0.0017884612172529449,-0.0008371679623656373,-0.0030040457139103756,-0.0005551119179617049,-0.0015694880000298348,-0.00014246521751442632,0.00044719576014787575,-0.00038837356649030705,0.0012503289831413006,-0.0011763896280510464,0.0004073106680412584,0.0,-0.00017409671593565117,0.00012345258669525157,0.0,0.0006185622628161257,-0.00031838072325759997,-0.0010066710653560795,-0.00022394073884633692,0.0003419489769063097,-6.266471199537732e-05,0.0,0.0,0.0,-0.00010239624536714926,-0.0007474010407121317,0.0003085204188085898,0.0,0.0069980716777967855,4.374481754967982e-05,0.0,1.4399650898256149e-05,-0.0005372919114325472,0.00020428131141030694,0.0,0.0,0.0,0.0004688419005390206,-0.00014805499020936736,-0.0003917310617738381,-0.0006248064364466872,-0.0004334074821966289,-0.00040682662607463967,-0.000848193909787731,-7.178864875354833e-05,0.00040021115991758203,-2.5237047896682645e-05,-0.000349231160780909,-0.0006711488485096407,-7.677907977730678e-05,5.032191393288503e-05,-0.00013179747169397184,-0.00027878431207051214,4.336931045499561e-06,1.2337209683811818e-05,0.0,0.0,0.0,0.0,0.0,0.0,-0.0009108255945957133,0.0,0.0,0.0
2025-08-27,-0.0001414874673925469,-0.0007185027221109034,0.00012787210482777386,-0.00019299897849567755,0.0015325954181680528,0.0,0.0,0.0,-5.060068271460644e-05,0.0,0.0,0.00025950797342509294,0.00011073858210982557,-0.0140435335943556,-0.0032475667846215894,-0.0008559493633375821,-7.555072157013414e-05,0.0007035489720023443,-0.0005529863919049119,0.003914872805246553,-0.0006164392778992852,-0.0001594989990229309,7.304461660818086e-05,0.00018749442286653033,0.00028755838363559143,0.0006472494701010648,3.701036227293325e-05,0.0,0.0,0.0,-0.0016026314136832912,0.0006393035338515137,0.000613574640328209,-0.0007427542509044804,0.0046188177068837545,-0.0004606830031815206,0.0007696430874912662,-5.3277464706589424e-05,-3.6885360813235264e-05,-0.00016117817009746521,-0.00013321752731334735,-0.0035824882730629277,0.0012809099637269914,0.00018811728320441447,1.5427525719550287e-05,-0.0017884612172529449,-0.0008371679623656373,-0.0030040457139103756,-0.0006161823852122996,-0.0015919996817630058,-0.00014246521751442632,0.00038690459338917903,-0.00038837356649030705,0.0012503289831413006,-0.0011763896280510464,0.0002506729772661458,0.0,-0.00017409671593565117,0.00012345258669525157,0.0,0.0011267715567913005,-0.00031838072325759997,-0.0010066710653560795,-0.00022394073884633692,-0.0012450425921195294,5.051543109831438e-05,0.0,0.0,0.0,-0.00010239624536714926,-0.0007145185086621034,0.0003085204188085898,0.0,0.0069980716777967855,4.374481754967982e-05,0.0,1.4399650898256149e-05,-0.0005372919114325472,-9.640718854498891e-05,0.0,0.0,0.0,0.0004688419005390206,6.878187180983364e-06,-0.0003917310617738381,-0.0006248064364466872,-0.0004334074821966289,-0.00040682662607463967,-0.000848193909787731,-7.178864875354833e-05,0.00040021115991758203,-2.5237047896682645e-05,-0.000349231160780909,-0.0006711488485096407,-7.677907977730678e-05,3.741573078183253e-05,-0.00013179747169397184,-0.00027878431207051214,4.336931045499561e-06,1.2337209683811818e-05,0.0,0.0,0.0,0.0,0.0,0.0,-0.0009108255945957133,0.0,0.0,0.0
2025-09-03,-0.0002038989364605519,-0.0007185027221109034,4.984763685520335e-05,-0.00016658051167083748,0.0015325954181680528,0.0,0.0,0.0,-7.468188276508537e-05,0.0,0.0,0.00025950797342509294,0.00011073858210982557,0.01058741427479087,0.005449274845080653,-0.0008559493633375821,-8.861980974641831e-06,0.0007035489720023443,-0.00013238710843158183,0.003914872805246553,-0.0006164392778992852,-0.0001594989990229309,7.304461660818086e-05,0.00018749442286653033,0.00028755838363559143,0.0006549495774944509,3.701036227293325e-05,0.0,0.0,0.0,-0.0013652909310744533,0.0007370700246871888,0.000613574640328209,-0.0007427542509044804,0.00425364806316809,-0.0004606830031815206,0.0007723769873932944,-0.0006819780687505874,-3.6885360813235264e-05,-0.00016117817009746521,-0.00013321752731334735,-0.0035824882730629277,-0.002502222569769634,0.00018811728320441447,1.5427525719550287e-05,-0.0018261516516724372,-0.0008371679623656373,-0.0029596239174482864,-0.0005687184895064731,-0.001676655780244574,-0.00014246521751442632,-0.0027360079916878164,-0.00034233003285101364,-8.614696333523776e-05,-0.0019310209534553484,-0.0006477101565501279,0.0,-0.00017409671593565117,0.00012345258669525157,0.0,0.0010178733368321985,0.000570505575684653,-0.0003492628045225008,-0.00022394073884633692,0.0003419489769063097,-0.00017856265842999892,0.0,0.0,0.0,-0.00010239624536714926,-0.0007474010407121317,0.0003085204188085898,0.0,-0.0007845420391263186,4.374481754967982e-05,0.0,-3.4243916038550146e-05,-0.0005372919114325472,-9.640718854498891e-05,0.0,0.0,0.0,0.0004688419005390206,-0.00014805499020936736,-0.00040509302932268375,-0.0006190540022773908,-0.0004983817088134886,-0.00040682662607463967,-0.000848193909787731,-7.178864875354833e-05,0.0007129665032661657,-2.5237047896682645e-05,-0.000349231160780909,-0.000518403319339836,-7.677907977730678e-05,3.741573078183253e-05,-0.00012040521279000222,-0.00011684330340916317,4.336931045499561e-06,1.2337209683811818e-05,0.0,0.0,0.0,0.0,0.0,0.0,7.871410771965562e-05,0.0,0.0,0.0
2025-09-10,-0.0002038989364605519,-0.0007185027221109034,-0.0003753587112590613,-0.00019299897849567755,-0.00023718776171008897,0.0,0.0,0.0,-7.468188276508537e-05,0.0,0.0,0.00025950797342509294,-0.0007323035268552982,0.0035859823628932256,-0.003354163218641948,-0.0008559493633375821,-7.555072157013414e-05,0.0007035489720023443,-0.0007166930653749905,0.0016305019257175962,-0.0006164392778992852,-0.0001594989990229309,7.304461660818086e-05,0.00013594853518543828,0.00028755838363559143,0.0006472494701010648,3.701036227293325e-05,0.0,0.0,0.0,-0.0014015031452171238,0.0007370700246871888,0.000613574640328209,-0.0007427542509044804,0.00425364806316809,-0.0004606830031815206,0.000588320123311838,-0.0014078946540489789,-3.6885360813235264e-05,-0.00016117817009746521,-0.00013321752731334735,-0.0035824882730629277,-0.002656168005565815,0.00018811728320441447,1.5427525719550287e-05,-0.0017884612172529449,-0.0011517417245512091,-0.003024168598428653,-0.0006161823852122996,-0.001676655780244574,-0.00014246521751442632,-0.0027360079916878164,-0.00034233003285101364,-8.614696333523776e-05,-0.0019310209534553484,-0.0006337264853210932,0.0,-0.00017409671593565117,-0.00014810958897557578,0.0,0.0011267715567913005,0.000570505575684653,-0.0003492628045225008,-0.00022394073884633692,-0.0012450425921195294,-0.00017856265842999892,0.0,0.0,0.0,-0.00010239624536714926,-0.0007474010407121317,-0.0006519957829592683,0.0,-0.0007129514560185415,4.374481754967982e-05,0.0,-3.4243916038550146e-05,-0.0005372919114325472,-9.640718854498891e-05,0.0,0.0,0.0,-0.00011555962337229383,6.878187180983364e-06,-0.0003191874919870257,-0.0006190540022773908,-0.0004334074821966289,-0.00040682662607463967,-0.000381737159848717,-7.178864875354833e-05,0.0007129665032661657,-2.5237047896682645e-05,-0.000349231160780909,-0.0005610015480785723,-0.00019351516098881687,3.741573078183253e-05,-0.00012040521279000222,-0.00032022639161117026,4.336931045499561e-06,1.2337209683811818e-05,0.0,0.0,0.0,0.0,0.0,0.0,7.871410771965562e-05,0.0,0.0,0.0
2025-09-17,-0.0002038989364605519,-0.0007185027221109034,-0.0003753587112590613,-0.00019299897849567755,-0.00023718776171008897,0.0,0.0,0.0,-2.3466416885209464e-05,0.0,0.0,0.0004932515931457185,-0.0007323035268552982,-0.0011017251650137089,-0.003354163218641948,-0.0008559493633375821,-7.555072157013414e-05,0.0007035489720023443,-0.0007166930653749905,0.0008176276248148266,-0.0006164392778992852,-0.0001594989990229309,7.304461660818086e-05,0.00013594853518543828,-0.0003600730830117979,0.0006472494701010648,3.701036227293325e-05,0.0,0.0,0.0,-0.0014559714274223964,0.0007370700246871888,0.000613574640328209,-0.0007427542509044804,0.004133688519429527,-0.0004606830031815206,0.0006441470303088318,-0.0014078946540489789,-3.6885360813235264e-05,-0.00016117817009746521,-0.00013321752731334735,-0.0035824882730629277,-0.002656168005565815,0.00018811728320441447,1.5427525719550287e-05,-0.0017884612172529449,-0.0011517417245512091,-0.003024168598428653,-0.0005551119179617049,-0.001676655780244574,-0.00014246521751442632,-0.0032770901306068455,-0.00034233003285101364,-8.614696333523776e-05,-0.0019310209534553484,-0.0006337264853210932,0.0,-0.00017409671593565117,-0.00014810958897557578,0.0,0.0015442215936674344,0.000570505575684653,-0.0003492628045225008,-0.00022394073884633692,0.0003419489769063097,-0.00017856265842999892,0.0,0.0,0.0,-0.00010239624536714926,0.0010980616696467645,-0.0006519957829592683,0.0,-0.0007129514560185415,4.374481754967982e-05,0.0,-3.4243916038550146e-05,-0.0005372919114325472,-9.640718854498891e-05,0.0,0.0,0.0,-0.00011555962337229383,-0.00014805499020936736,-0.0003917310617738381,-0.0006190540022773908,-0.0004334074821966289,-0.00040682662607463967,-0.000848193909787731,-7.178864875354833e-05,0.00040021115991758203,-2.5237047896682645e-05,-0.000349231160780909,-0.0005610015480785723,-0.00019351516098881687,3.741573078183253e-05,-0.00012040521279000222,-0.00032022639161117026,4.336931045499561e-06,1.2337209683811818e-05,0.0,0.0,0.0,0.0,0.0,0.0,7.871410771965562e-05,0.0,0.0,0.0
2025-09-24,-0.0002038989364605519,-0.0007185027221109034,-0.0003753587112590613,-0.00019299897849567755,-0.00023718776171008897,0.0,0.0,0.0,-5.060068271460644e-05,0.0,0.0,0.00025950797342509294,0.00011073858210982557,-0.01110593044809838,-0.003354163218641948,-0.0008559493633375821,-7.555072157013414e-05,0.0007035489720023443,-0.0007166930653749905,0.0007667010482774078,-0.0006164392778992852,-0.0001594989990229309,7.304461660818086e-05,-0.0005426737856497131,-0.0006831725499008393,-0.0012224980752767183,3.701036227293325e-05,0.0,0.0,0.0,-0.0015981862536072469,0.0013091013945945923,0.00026176311688221775,-0.0007427542509044804,0.0038940733682332994,-0.0004606830031815206,0.000588320123311838,-0.0014078946540489789,-3.6885360813235264e-05,-0.00016117817009746521,-0.00013321752731334735,-0.0035824882730629277,-0.002656168005565815,0.00018811728320441447,1.5427525719550287e-05,-0.0017884612172529449,-0.0011517417245512091,-0.003024168598428653,-0.0005551119179617049,-0.001699167461977745,-0.00014246521751442632,-0.0032770901306068455,-0.00038837356649030705,-8.614696333523776e-05,-0.0019310209534553484,-0.0007903641760962058,0.0,-0.00017409671593565117,-0.00014810958897557578,0.0,0.0015442215936674344,0.000570505575684653,-0.0003492628045225008,-0.00019878499049122092,0.0003419489769063097,5.051543109831438e-05,0.0,0.0,0.0,-0.00010239624536714926,-0.0007474010407121317,-0.0006519957829592683,0.0,-0.0007129514560185415,4.374481754967982e-05,0.0,-3.4243916038550146e-05,0.0001908757870973086,-9.640718854498891e-05,0.0,0.0,0.0,-0.00011555962337229383,-0.00014805499020936736,-0.0003917310617738381,-0.0006190540022773908,-0.00033857156902538944,0.00020887611127567561,-0.000848193909787731,-7.178864875354833e-05,0.00040021115991758203,-2.5237047896682645e-05,-0.000349231160780909,-0.0005610015480785723,-0.00019351516098881687,3.741573078183253e-05,-0.00012040521279000222,-0.00011684330340916317,4.336931045499561e-06,1.2337209683811818e-05,0.0,0.0,0.0,0.0,0.0,0.0,7.871410771965562e-05,0.0,0.0,0.0
2025-10-01,-0.0002038989364605519,-0.0007185027221109034,-0.0003753587112590613,0.00010415335912483629,-0.00023718776171008897,0.0,0.0,0.0,-5.060068271460644e-05,0.0,0.0,0.00025950797342509294,-0.0007323035268552982,-0.021685033767756174,-0.0032864021835457267,-0.0009125079419428413,-7.555072157013414e-05,0.0007035489720023443,-0.0005209818954069949,0.0007288150389974708,-0.0006522990013400785,-0.0002581504788193821,7.304461660818086e-05,0.00013594853518543828,-0.0006831725499008393,-0.0012224980752767183,3.701036227293325e-05,0.0,0.0,0.0,-0.0015120555470354363,0.0013091013945945923,0.00026176311688221775,-0.0007427542509044804,0.004570668689138263,-0.0004606830031815206,0.000588320123311838,-0.0010896206535440961,4.073741231521729e-05,-6.304638262706915e-05,-0.00013321752731334735,0.0031212087583673497,0.0006640564920556077,-0.0009695660145185239,1.5427525719550287e-05,-0.0017884612172529449,-0.0011517417245512091,-0.003030865479227933,-0.0005551119179617049,-0.0001878140053075193,-0.00014246521751442632,0.0007177417906332308,-0.0004843908097269668,-0.0001961300365711844,-0.0004251245093433622,0.0007202030145862482,0.0,-0.00017409671593565117,-0.00014810958897557578,0.0,0.0015442215936674344,0.000570505575684653,-0.0010066710653560795,-0.00019878499049122092,0.0003419489769063097,-6.266471199537732e-05,0.0,0.0,0.0,-0.00010239624536714926,-0.0007145185086621034,-0.0006519957829592683,0.0,-0.0007129514560185415,4.374481754967982e-05,0.0,-3.4243916038550146e-05,0.0008534097979482979,0.00020428131141030694,0.0,0.0,0.0,-0.00011555962337229383,-0.00014805499020936736,-0.0003191874919870257,-0.0006190540022773908,-0.00033857156902538944,0.00020887611127567561,-0.000381737159848717,1.4144433404462071e-05,0.00040021115991758203,-2.5237047896682645e-05,-0.000349231160780909,-0.0006711488485096407,-0.00019351516098881687,3.741573078183253e-05,-0.00013179747169397184,-0.0004821674002725192,4.336931045499561e-06,0.0001551785016408056,0.0,0.0,0.0,0.0,0.0,0.0,7.871410771965562e-05,0.0,0.0,0.0
2025-10-08,0.0003644492801302778,0.0006669803297453686,4.984763685520335e-05,0.00013057182594967634,-0.00023718776171008897,0.0,0.0,0.0,-5.060068271460644e-05,0.0,0.0,0.00025950797342509294,0.00011073858210982557,-0.009677427400832262,0.005322016315753602,-0.0008559493633375821,-7.555072157013414e-05,0.0007035489720023443,0.0009072817092400779,0.0007288150389974708,0.0011928964276536442,-0.0001594989990229309,7.304461660818086e-05,0.00013594853518543828,-0.0006831725499008393,-0.0012147979678833322,3.701036227293325e-05,0.0,0.0,0.0,-0.0015981862536072469,0.0013091013945945923,0.00026176311688221775,-0.0007427542509044804,0.004570668689138263,-0.0004606830031815206,0.0006240733739337842,-0.0010896206535440961,4.073741231521729e-05,-6.304638262706915e-05,-0.00013321752731334735,0.003100680278922959,0.0006229823634285162,-0.0009695660145185239,1.5427525719550287e-05,-0.0018261516516724372,-0.0011517417245512091,-0.0029596239174482864,-0.0005598291184808131,-0.0001878140053075193,-0.00014246521751442632,0.0007780329573919276,-0.00038837356649030705,-0.0001961300365711844,-0.00026352264670727115,0.0007062193433572134,0.0,-0.00017409671593565117,-0.00014810958897557578,0.0,0.0014353233737083324,0.000570505575684653,-0.0010066710653560795,-0.00019878499049122092,0.0003419489769063097,5.051543109831438e-05,0.0,0.0,0.0,-0.00010239624536714926,-0.0007474010407121317,-0.0006519957829592683,0.0,-0.0007845420391263186,4.374481754967982e-05,0.0,-3.4243916038550146e-05,0.0008534097979482979,0.00020428131141030694,0.0,0.0,0.0,-0.00011555962337229383,-0.00014805499020936736,-0.0003191874919870257,-0.0006190540022773908,-0.00033857156902538944,0.00020887611127567561,0.00012442281062852918,-7.178864875354833e-05,0.00040021115991758203,-2.5237047896682645e-05,-0.000349231160780909,-0.0006711488485096407,-0.0004141038867429982,-0.00015366865958895044,-0.00013179747169397184,-0.00027878431207051214,7.842041122679541e-05,0.0001551785016408056,0.0,0.0,0.0,0.0,0.0,0.0,0.00011027788924999783,0.0,0.0,0.0
2025-10-15,0.0003644492801302778,0.0006669803297453686,4.984763685520335e-05,-0.00016658051167083748,-0.00023718776171008897,0.0,0.0,0.0,-7.468188276508537e-05,0.0,0.0,0.00025950797342509294,0.00011073858210982557,0.0017772039849503311,0.005322016315753602,-0.0008559493633375821,-7.555072157013414e-05,0.0007035489720023443,0.0009072817092400779,0.0007288150389974708,0.0011928964276536442,-0.0001594989990229309,7.304461660818086e-05,0.00013594853518543828,-0.0003600730830117979,-0.0012147979678833322,3.701036227293325e-05,0.0,0.0,0.0,-0.0015981862536072469,0.0014068678854302673,0.00026176311688221775,-0.0007427542509044804,0.004810283840334491,-0.0004606830031815206,0.0006240733739337842,-0.0010896206535440961,-3.6885360813235264e-05,-0.00016117817009746521,-0.00013321752731334735,0.003100680278922959,0.0006229823634285162,-0.0009695660145185239,1.5427525719550287e-05,-0.0018261516516724372,-0.0011517417245512091,-0.0029596239174482864,-0.0005598291184808131,-0.00016530232357434848,-0.00014246521751442632,0.0006608914633991479,-0.00034233003285101364,-0.0001961300365711844,-0.00026352264670727115,-0.0017162007581648763,0.0,-0.00017409671593565117,-0.00014810958897557578,0.0,0.0014353233737083324,0.000570505575684653,-0.0010066710653560795,-0.00022394073884633692,0.0003419489769063097,-0.00017856265842999892,0.0,0.0,0.0,-0.00010239624536714926,-0.0007474010407121317,-0.0006519957829592683,0.0,-0.0007845420391263186,4.374481754967982e-05,0.0,-3.4243916038550146e-05,-0.0005372919114325472,0.00020428131141030694,0.0,0.0,0.0,-0.00011555962337229383,-0.00014805499020936736,-0.0003191874919870257,-0.0006190540022773908,-0.0004334074821966289,0.00020887611127567561,0.00012442281062852918,-7.178864875354833e-05,0.0007129665032661657,-2.5237047896682645e-05,-0.000349231160780909,-0.0006711488485096407,-0.0004141038867429982,-0.00015366865958895044,-0.00013179747169397184,-0.00027878431207051214,7.842041122679541e-05,0.0001551785016408056,0.0,0.0,0.0,0.0,0.0,0.0,0.00011027788924999783,0.0,0.0,0.0
2025-10-22,-0.0002038989364605519,0.0006669803297453686,4.984763685520335e-05,0.00010415335912483629,-0.00023718776171008897,0.0,0.0,0.0,-7.468188276508537e-05,0.0,0.0,0.00025950797342509294,-0.0007323035268552982,0.001958307674152545,-0.0032864021835457267,-0.0008559493633375821,-7.555072157013414e-05,0.0007035489720023443,-0.0005209818954069949,0.0007288150389974708,-0.0006522990013400785,-0.0001594989990229309,7.304461660818086e-05,0.00013594853518543828,0.00028755838363559143,0.0006472494701010648,3.701036227293325e-05,0.0,0.0,0.0,-0.0015437179714019743,0.0014068678854302673,0.0016926638746265787,-0.0007427542509044804,0.004930243384073054,-0.0004606830031815206,0.0009283379597679315,-0.00011436035369237497,4.073741231521729e-05,-6.304638262706915e-05,-0.00013321752731334735,0.0031212087583673497,0.0006640564920556077,-0.0009695660145185239,1.5427525719550287e-05,-0.0017884612172529449,-0.0011517417245512091,-0.003024168598428653,-0.0006161823852122996,-0.00016530232357434848,-0.00014246521751442632,0.0004742595107562098,-0.00034233003285101364,-0.0001961300365711844,-0.00026352264670727115,-0.0017022170869358418,0.0,-0.00017409671593565117,-0.00014810958897557578,0.0,0.0015442215936674344,0.000570505575684653,-0.0010066710653560795,-0.00019878499049122092,-0.0012450425921195294,0.00022150810792582147,0.0,0.0,0.0,-0.00010239624536714926,-0.0007474010407121317,-0.0006519957829592683,0.0,-0.0007845420391263186,4.374481754967982e-05,0.0,-3.4243916038550146e-05,0.0008534097979482979,0.00020428131141030694,0.0,0.0,0.0,-0.00011555962337229383,6.878187180983364e-06,-0.0003191874919870257,-0.0004015036057236717,-0.0004334074821966289,0.00020887611127567561,0.00012442281062852918,-7.178864875354833e-05,0.0007129665032661657,-2.5237047896682645e-05,-0.000349231160780909,-0.0006711488485096407,-1.189510637653141e-05,3.741573078183253e-05,-0.00013179747169397184,-0.0004821674002725192,7.842041122679541e-05,0.0001551785016408056,0.0,0.0,0.0,0.0,0.0,0.0,7.871410771965562e-05,0.0,0.0,0.0
2025-10-29,-0.0002038989364605519,-0.0007185027221109034,4.984763685520335e-05,0.00010415335912483629,-0.00023718776171008897,0.0,0.0,0.0,6.147831652694669e-07,0.0,0.0,0.00025950797342509294,0.00011073858210982557,-0.013063776594293815,-0.0032864021835457267,-0.0008559493633375821,-7.555072157013414e-05,0.0007035489720023443,-0.0005209818954069949,0.0007288150389974708,-0.0006522990013400785,-0.0001594989990229309,7.304461660818086e-05,0.00013594853518543828,0.00028755838363559143,0.0006472494701010648,3.701036227293325e-05,0.0,0.0,0.0,-0.0015120555470354363,0.0013091013945945923,0.0016926638746265787,-0.0007427542509044804,0.0046188177068837545,-0.0004606830031815206,0.0009511455160450074,-0.00011436035369237497,4.073741231521729e-05,-0.00016117817009746521,-0.00013321752731334735,0.0031212087583673497,0.0006640564920556077,-0.0009695660145185239,1.5427525719550287e-05,-0.0017884612172529449,-0.0011517417245512091,-0.003024168598428653,-0.0005551119179617049,-0.0001878140053075193,-0.00014246521751442632,0.0005311098379902927,-0.00038837356649030705,-0.0001961300365711844,-0.00026352264670727115,0.0007202030145862482,0.0,-0.00017409671593565117,-0.00014810958897557578,0.0,0.0015442215936674344,0.000570505575684653,-0.0010066710653560795,-0.00022394073884633692,0.0003419489769063097,5.051543109831438e-05,0.0,0.0,0.0,-0.00010239624536714926,0.0005086269007108992,-0.0006519957829592683,0.0,-0.0007845420391263186,4.374481754967982e-05,0.0,-3.4243916038550146e-05,-0.0005372919114325472,-9.640718854498891e-05,0.0,0.0,0.0,-0.00011555962337229383,-0.00014805499020936736,-0.0003191874919870257,-0.0006190540022773908,-0.0004334074821966289,0.00020887611127567561,0.00012442281062852918,-7.178864875354833e-05,0.00040021115991758203,-2.5237047896682645e-05,-0.000349231160780909,-0.0006711488485096407,-8.217257950096636e-05,3.741573078183253e-05,-0.00013179747169397184,-0.00027878431207051214,7.842041122679541e-05,0.0001551785016408056,0.0,0.0,0.0,0.0,0.0,0.0,7.871410771965562e-05,0.0,0.0,0.0
2025-11-05,-0.0002038989364605519,-0.0007185027221109034,4.984763685520335e-05,0.00013057182594967634,-0.00023718776171008897,0.0,0.0,0.0,-2.3466416885209464e-05,0.0,0.0,0.0004932515931457185,0.00011073858210982557,0.008233180730797221,0.005338598978234953,-0.0008559493633375821,-7.555072157013414e-05,0.0007035489720023443,6.332406153641379e-05,0.0007288150389974708,-0.0006522990013400785,-0.0001594989990229309,7.304461660818086e-05,0.00013594853518543828,0.00028755838363559143,0.0006549495774944509,3.701036227293325e-05,0.0,0.0,0.0,-0.0013189192840001515,0.0014068678854302673,0.0016926638746265787,-0.0007427542509044804,0.004858432858079982,-0.0004606830031815206,0.0009538794159470356,-5.3277464706589424e-05,4.073741231521729e-05,-0.00016117817009746521,-0.00013321752731334735,0.0031212087583673497,0.0006229823634285162,0.00018811728320441447,1.5427525719550287e-05,-0.0003707330754050117,-0.0011517417245512091,-0.0012179540762676916,-0.0005687184895064731,-0.00016530232357434848,-0.00014246521751442632,0.00033005426615509615,-0.00034233003285101364,-0.0001961300365711844,0.0011355404532246273,0.000413207396872779,0.0,-0.00017409671593565117,-0.00014810958897557578,0.0,0.0014353233737083324,0.000570505575684653,-0.0010066710653560795,-0.00022394073884633692,0.0003419489769063097,-0.00017856265842999892,0.0,0.0,0.0,-0.00010239624536714926,0.0010980616696467645,-0.0006519957829592683,0.0,-0.0007845420391263186,4.374481754967982e-05,0.0,-3.4243916038550146e-05,-0.0005372919114325472,-9.640718854498891e-05,0.0,0.0,0.0,-0.00011555962337229383,-0.00014805499020936736,-0.00033254945953587134,-0.0006248064364466872,-0.0004983817088134886,0.00020887611127567561,0.00012442281062852918,-7.178864875354833e-05,0.0007129665032661657,-2.5237047896682645e-05,-0.00027725492895239303,-0.0006285506197709044,-8.217257950096636e-05,3.741573078183253e-05,-0.00013179747169397184,-0.00027878431207051214,7.842041122679541e-05,0.0001551785016408056,0.0,0.0,0.0,0.0,0.0,0.0,7.871410771965562e-05,0.0,0.0,0.0
2025-11-12,0.0003644492801302778,0.0006669803297453686,4.984763685520335e-05,0.00014073100201153135,-0.00023718776171008897,0.0,0.0,0.0,-7.468188276508537e-05,0.0,0.0,0.00025950797342509294,0.00011073858210982557,0.027132537483187762,0.004703928278257886,-0.0008559493633375821,-8.861980974641831e-06,0.0007035489720023443,0.0009072817092400779,0.0007288150389974708,0.0011928964276536442,-0.0001594989990229309,7.304461660818086e-05,0.00013594853518543828,-0.0006831725499008393,0.0006549495774944509,3.701036227293325e-05,0.0,0.0,0.0,-0.0013897044966703382,0.0014068678854302673,0.0016926638746265787,-0.0007427542509044804,0.004518085769827988,-0.0004606830031815206,0.0009310718596699597,-5.3277464706589424e-05,4.073741231521729e-05,-0.00016117817009746521,-0.00013321752731334735,0.0030022636110125438,0.0006229823634285162,0.00027759467238762863,1.5427525719550287e-05,-0.00033304264098551936,-0.0011517417245512091,-0.0010525456380278667,-0.0005598291184808131,-0.00021218865130384512,-0.00014246521751442632,0.00033005426615509615,-0.00034233003285101364,-0.0001961300365711844,0.0012397783974856416,0.000413207396872779,0.0,-0.00017409671593565117,-0.00014810958897557578,0.0,0.0016906437570028071,0.000570505575684653,-0.0010066710653560795,-0.00022394073884633692,0.0003419489769063097,0.00022150810792582147,0.0,0.0,0.0,-0.00010239624536714926,-0.0007474010407121317,0.0003085204188085898,0.0,-0.0007845420391263186,4.374481754967982e-05,0.0,-3.4243916038550146e-05,-0.0005372919114325472,-9.640718854498891e-05,0.0,0.0,0.0,-0.00011555962337229383,-0.00014805499020936736,-0.00033254945953587134,-0.0006248064364466872,-0.00040354579564224913,0.00020887611127567561,0.00012442281062852918,-7.178864875354833e-05,0.0007129665032661657,-2.5237047896682645e-05,-0.00022765817042477905,-0.0006285506197709044,-0.0003027613052551476,-0.00015366865958895044,-0.00013179747169397184,-0.00027878431207051214,7.842041122679541e-05,0.0001551785016408056,0.0,0.0,0.0,0.0,0.0,0.0,0.00011027788924999783,0.0,0.0,0.0
2025-11-19,-0.0002038989364605519,0.0006669803297453686,4.984763685520335e-05,0.00011431253518669128,-0.00023718776171008897,0.0,0.0,0.0,-7.468188276508537e-05,0.0,0.0,0.00025950797342509294,0.00011073858210982557,0.013422815969822368,-0.0032896999211249295,-0.0008559493633375821,-8.861980974641831e-06,0.0007035489720023443,-0.0005209818954069949,0.0007288150389974708,-0.0006522990013400785,-0.0001594989990229309,7.304461660818086e-05,0.00013594853518543828,-0.0006831725499008393,-0.0012224980752767183,3.701036227293325e-05,0.0,0.0,0.0,-0.0013897044966703382,0.0014068678854302673,0.0013408523511805872,-0.0007427542509044804,0.004738473314341419,-0.0004606830031815206,0.0009283379597679315,-5.3277464706589424e-05,4.073741231521729e-05,-6.304638262706915e-05,-0.00013321752731334735,0.0031212087583673497,0.0008768283523732806,0.00018811728320441447,1.5427525719550287e-05,-0.00033304264098551936,-0.0011517417245512091,-0.0012824987572480585,-0.0005551119179617049,-0.00016530232357434848,-0.00014246521751442632,0.00033005426615509615,-0.00034233003285101364,-0.0001961300365711844,0.0011355404532246273,0.0004073106680412584,0.0,-0.00017409671593565117,-0.00014810958897557578,0.0,0.0015442215936674344,0.000570505575684653,-0.00025814191843201954,-0.00019878499049122092,0.0003419489769063097,-0.00017856265842999892,0.0,0.0,0.0,-0.00010239624536714926,-0.0007474010407121317,0.0003085204188085898,0.0,-0.0007845420391263186,4.374481754967982e-05,0.0,-3.4243916038550146e-05,0.0008534097979482979,-9.640718854498891e-05,0.0,0.0,0.0,-0.00011555962337229383,-0.00014805499020936736,-0.00033254945953587134,-0.0006248064364466872,-0.00040354579564224913,0.00020887611127567561,0.00012442281062852918,-7.178864875354833e-05,0.0007129665032661657,-2.5237047896682645e-05,-0.00027725492895239303,-0.0006285506197709044,-1.189510637653141e-05,3.741573078183253e-05,-0.00013179747169397184,-0.00027878431207051214,7.842041122679541e-05,0.0001551785016408056,0.0,0.0,0.0,0.0,0.0,0.0,7.871410771965562e-05,0.0,0.0,0.0
2025-11-26,-0.0002038989364605519,-0.0006483930380791832,4.984763685520335e-05,0.00010415335912483629,-0.00023718776171008897,0.0,0.0,0.0,-5.060068271460644e-05,0.0,0.0,-0.00010797192275435505,0.00011073858210982557,-0.011764547293455298,-0.0032896999211249295,-0.0008559493633375821,-7.555072157013414e-05,0.00140073488829578,-0.0005605383700405803,-0.0011147642944436971,-0.0006522990013400785,-0.0001594989990229309,7.304461660818086e-05,0.00013594853518543828,-0.0006831725499008393,-0.0012224980752767183,3.701036227293325e-05,0.0,0.0,0.0,-0.0014095997803480948,0.0013091013945945923,0.0018870813949759245,-0.0007427542509044804,0.004570668689138263,-0.0004606830031815206,-0.0035443434817724693,-5.3277464706589424e-05,4.073741231521729e-05,-6.304638262706915e-05,-0.00013321752731334735,0.0031212087583673497,0.0008768283523732806,0.00018811728320441447,1.5427525719550287e-05,-0.00033304264098551936,-0.0011517417245512091,-0.0012824987572480585,-0.0005551119179617049,-0.0001878140053075193,-0.0007196070144282324,0.00044719576014787575,-0.00038837356649030705,-0.0001961300365711844,0.0011355404532246273,0.0002506729772661458,0.0,5.596595678147856e-05,-0.00014810958897557578,0.0,0.0015442215936674344,0.000570505575684653,0.00035312492506483985,-0.00019878499049122092,0.0003419489769063097,-6.266471199537732e-05,0.0,0.0,0.0,-0.00010239624536714926,-0.0007145185086621034,0.0003085204188085898,0.0,-0.0007845420391263186,4.374481754967982e-05,0.0,-3.4243916038550146e-05,0.0008534097979482979,0.00020428131141030694,0.0,0.0,0.0,-0.00011555962337229383,-0.00014805499020936736,-0.0003120278312577039,-0.0006248064364466872,-0.00033857156902538944,0.00020887611127567561,0.00012442281062852918,-7.178864875354833e-05,0.00040021115991758203,-2.5237047896682645e-05,-0.0004036392117017399,-0.0006711488485096407,-8.217257950096636e-05,3.741573078183253e-05,-0.00013179747169397184,-0.00027878431207051214,7.842041122679541e-05,0.0001551785016408056,0.0,0.0,0.0,0.0,0.0,0.0,7.871410771965562e-05,0.0,0.0,0.0
2025-12-03,0.0003644492801302778,-0.0006483930380791832,4.984763685520335e-05,0.00014073100201153135,-0.00023718776171008897,0.0,0.0,0.0,-7.468188276508537e-05,0.0,0.0,0.00025950797342509294,0.00011073858210982557,0.03264049374013503,0.006557438486168051,-0.0008559493633375821,-8.861980974641831e-06,0.00140073488829578,6.332406153641379e-05,0.0007288150389974708,0.0022597193314746644,0.0004256061372891679,7.304461660818086e-05,0.00013594853518543828,0.00028755838363559143,-0.0013307030482597603,3.701036227293325e-05,0.0,0.0,0.0,-0.0004221357318840136,0.0014068678854302673,0.0018870813949759245,-0.000918604590264079,0.00410507104464773,-0.0004606830031815206,-0.003560969520045765,-5.3277464706589424e-05,4.073741231521729e-05,-0.00016117817009746521,-3.075372795171441e-05,0.003203278566940425,0.0008357542237461891,0.00027759467238762863,1.5427525719550287e-05,0.006905972913333888,0.0018060837310306882,-0.0009603650858344085,-0.0006208995857314079,8.372922632887288e-05,-0.0002417244233539198,-0.0025432830548400864,-0.00023497166904517391,-0.0001961300365711844,0.0023248600336205944,0.000413207396872779,0.0,5.596595678147856e-05,-0.00014810958897557578,0.0,0.00080475064224291,0.000570505575684653,8.022916570996218e-05,-0.00022394073884633692,-0.0012450425921195294,0.00022150810792582147,0.0,0.0,0.0,-0.00010239624536714926,-0.0007474010407121317,0.0003085204188085898,0.0,-0.0007359558812030382,4.578026166457075e-05,0.0,-3.4243916038550146e-05,-0.0005372919114325472,0.00020428131141030694,0.0,0.0,0.0,2.599577563115352e-05,6.878187180983364e-06,-0.00032538979880654954,-0.0006248064364466872,-0.0005546767180946475,0.00020887611127567561,0.00012442281062852918,-7.178864875354833e-05,0.0007129665032661657,-2.5237047896682645e-05,-0.00035404245317412593,-0.00025815216166767013,0.0004940908549265166,-0.00015366865958895044,-0.00013179747169397184,-0.00011684330340916317,7.842041122679541e-05,0.0001551785016408056,0.0,0.0,0.0,0.0,0.0,0.0,0.00011027788924999783,0.0,0.0,0.0
2025-12-10,-0.0002038989364605519,-0.0006483930380791832,-0.0003753587112590613,0.00011431253518669128,-0.00023718776171008897,0.0,0.0,0.0,-7.468188276508537e-05,0.0,0.0,-0.00010797192275435505,0.00011073858210982557,0.028084767586860498,-0.003279370642090201,-0.0008559493633375821,-8.861980974641831e-06,0.00140073488829578,-0.0005605383700405803,0.0007288150389974708,-0.0008052390917293974,0.0004256061372891679,7.304461660818086e-05,0.00013594853518543828,0.00028755838363559143,0.0005313443897246366,3.701036227293325e-05,0.0,0.0,0.0,-0.0011974907450882674,0.0014068678854302673,0.002238892918421916,-0.000918604590264079,0.004033260518654659,-0.0004606830031815206,-0.003563703419947793,-5.3277464706589424e-05,4.073741231521729e-05,-0.00016117817009746521,-3.075372795171441e-05,0.0030227920904569343,0.0008768283523732806,0.00027759467238762863,1.5427525719550287e-05,0.00677583424354583,0.0018060837310306882,-0.0011170903190082335,-0.0005551119179617049,8.372922632887288e-05,-0.0002417244233539198,-0.0025432830548400864,-0.00023497166904517391,-0.0001961300365711844,0.0023248600336205944,0.0004073106680412584,0.0,5.596595678147856e-05,-0.00014810958897557578,0.0,0.0009136488622020118,0.000570505575684653,8.022916570996218e-05,-0.00022394073884633692,0.0003419489769063097,-0.00017856265842999892,0.0,0.0,0.0,-0.00010239624536714926,-0.0007474010407121317,0.0003085204188085898,0.0,-0.0007129514560185415,4.578026166457075e-05,0.0,-3.4243916038550146e-05,-0.0005372919114325472,-9.640718854498891e-05,0.0,0.0,0.0,2.599577563115352e-05,-0.00014805499020936736,-0.00032538979880654954,-0.0006248064364466872,-0.0005546767180946475,0.00020887611127567561,0.00012442281062852918,-7.178864875354833e-05,0.0007129665032661657,-2.5237047896682645e-05,-0.00035404245317412593,-0.00025815216166767013,0.00020486333885848425,3.741573078183253e-05,-0.00013179747169397184,-0.00011684330340916317,7.842041122679541e-05,0.0001551785016408056,0.0,0.0,0.0,0.0,0.0,0.0,7.871410771965562e-05,0.0,0.0,0.0
2025-12-17,-0.0002038989364605519,-0.0006483930380791832,-0.0003753587112590613,0.00010415335912483629,-0.00023718776171008897,0.0,0.0,0.0,-5.060068271460644e-05,0.0,0.0,-0.00017486393192049472,-0.0007323035268552982,-0.025407551029885136,-0.003343235505482093,-0.0009125079419428413,-7.555072157013414e-05,-0.0003132675666677717,-0.001094137830318413,-0.0034475984042231403,-0.0008052390917293974,0.0006888471326009419,7.304461660818086e-05,0.00013594853518543828,0.00028755838363559143,0.0005313443897246366,3.701036227293325e-05,0.0,0.0,0.0,-0.0011312553221942132,0.0013091013945945923,0.002238892918421916,-0.000918604590264079,0.004085843437964934,-0.0004606830031815206,-0.004299049025696843,0.00018590295084363416,4.073741231521729e-05,-6.304638262706915e-05,-3.075372795171441e-05,0.0031212087583673497,0.0008768283523732806,0.00018811728320441447,1.5427525719550287e-05,0.00677583424354583,0.0018060837310306882,-0.0009718401223259017,-0.0005551119179617049,0.00010810387232519869,-0.0008188662202677258,-0.0026806765119834933,-0.0003770324459211271,-0.0001961300365711844,0.0014849409926108198,0.00013664585675319467,0.0,5.596595678147856e-05,-0.00014810958897557578,0.0,0.0009489503942973893,0.000570505575684653,8.022916570996218e-05,-0.00019878499049122092,0.0003419489769063097,-6.266471199537732e-05,0.0,0.0,0.0,-0.00010239624536714926,-0.0005566843294279121,0.0003085204188085898,0.0,-0.0007129514560185415,4.578026166457075e-05,0.0,-3.4243916038550146e-05,0.0008534097979482979,0.00020428131141030694,0.0,0.0,0.0,2.599577563115352e-05,-0.00014805499020936736,-0.0003120278312577039,-0.0006248064364466872,-0.0004897024914777879,0.0002771587486012594,0.00012442281062852918,1.4144433404462071e-05,0.00040021115991758203,-2.5237047896682645e-05,-0.0004036392117017399,-0.00030075039040640655,0.00020486333885848425,3.741573078183253e-05,-0.00013179747169397184,-0.00032022639161117026,7.842041122679541e-05,0.0001551785016408056,0.0,0.0,0.0,0.0,0.0,0.0,7.871410771965562e-05,0.0,0.0,0.0
2025-12-24,0.0003644492801302778,0.0006669803297453686,4.984763685520335e-05,0.00014073100201153135,-0.00023718776171008897,0.0,0.0,0.0,-7.468188276508537e-05,0.0,0.0,0.00025950797342509294,0.00011073858210982557,0.03099689024270159,0.006557438486168051,-0.0008559493633375821,-8.861980974641831e-06,0.0007035489720023443,0.0009072817092400779,0.0007288150389974708,0.0022597193314746644,0.0004256061372891679,7.304461660818086e-05,0.00013594853518543828,0.00028755838363559143,0.0005390444971180227,3.701036227293325e-05,0.0,0.0,0.0,-0.0010008076366981443,0.0007370700246871888,0.002328755554199461,-0.000918604590264079,0.00410507104464773,-0.0004606830031815206,0.001266006237732359,-5.3277464706589424e-05,4.073741231521729e-05,-6.304638262706915e-05,-3.075372795171441e-05,0.0031716574614183597,0.0008357542237461891,0.00027759467238762863,1.5427525719550287e-05,0.006905972913333888,0.0018060837310306882,-0.0009603650858344085,-0.0006208995857314079,8.372922632887288e-05,-0.0002417244233539198,-0.0025432830548400864,-0.00023497166904517391,-0.0001961300365711844,0.0023248600336205944,0.000413207396872779,0.0,-0.00017409671593565117,-0.00014810958897557578,0.0,0.00080475064224291,0.000570505575684653,8.022916570996218e-05,-0.00019878499049122092,-0.0012450425921195294,0.00022150810792582147,0.0,0.0,0.0,-0.00010239624536714926,-0.0007474010407121317,0.0003085204188085898,0.0,-0.0007359558812030382,4.578026166457075e-05,0.0,-3.4243916038550146e-05,0.0008534097979482979,0.00020428131141030694,0.0,0.0,0.0,2.599577563115352e-05,6.878187180983364e-06,-0.00032538979880654954,-0.0006248064364466872,-0.0005546767180946475,0.00020887611127567561,0.00012442281062852918,-7.178864875354833e-05,0.0007129665032661657,-2.5237047896682645e-05,-0.00022765817042477905,-0.00025815216166767013,0.0005643683280509516,-0.00015366865958895044,-0.00013179747169397184,-0.00011684330340916317,7.842041122679541e-05,0.0001551785016408056,0.0,0.0,0.0,0.0,0.0,0.0,0.00011027788924999783,0.0,0.0,0.0
2025-12-31,-0.0002038989364605519,-0.0007185027221109034,-0.0009628923556308274,0.00010415335912483629,-0.00023718776171008897,0.0,0.0,0.0,0.0006661824488889405,0.0,0.0,0.00025950797342509294,0.00011073858210982557,-0.026637914042083974,-0.003301102368978753,0.00012168203271880598,-7.555072157013414e-05,-0.00013681166218996405,-0.0010545813556848275,-0.0035043589362025724,-0.0008052390917293974,0.0006888471326009419,0.001696188399883477,-0.0005426737856497131,0.00028755838363559143,0.0005313443897246366,3.701036227293325e-05,0.0,0.0,0.0,-0.0009890404960093628,0.0006393035338515137,0.002328755554199461,-0.000918604590264079,0.004085843437964934,-0.0004606830031815206,0.0012556377238281853,0.00018590295084363416,4.073741231521729e-05,-0.00016117817009746521,-3.075372795171441e-05,0.0031212087583673497,0.0008768283523732806,0.00018811728320441447,1.5427525719550287e-05,0.00677583424354583,0.0018060837310306882,-0.0009517172378076242,-0.0005551119179617049,0.00021527165253993778,-0.0008188662202677258,-0.0026806765119834933,-0.0003770324459211271,-0.0001961300365711844,0.0014849409926108198,0.00013664585675319467,0.0,-0.00017409671593565117,-0.00014810958897557578,0.0,0.0001958765810828787,0.000570505575684653,8.022916570996218e-05,-0.00022394073884633692,0.0003419489769063097,5.051543109831438e-05,0.0,0.0,0.0,-0.00010239624536714926,-0.00035147045681631665,0.0003085204188085898,0.0,0.006404104148560226,4.578026166457075e-05,0.0,1.4399650898256149e-05,-0.0005372919114325472,0.00020428131141030694,0.0,0.0,0.0,2.599577563115352e-05,-0.00014805499020936736,-0.0003120278312577039,-0.0008647139436168716,-0.0004897024914777879,0.0002771587486012594,0.00012442281062852918,1.4144433404462071e-05,0.00040021115991758203,-2.5237047896682645e-05,-0.00027725492895239303,-0.00030075039040640655,0.00020486333885848425,3.741573078183253e-05,-0.00013179747169397184,-0.00011684330340916317,7.842041122679541e-05,0.0001551785016408056,0.0,0.0,0.0,0.0,0.0,0.0,7.871410771965562e-05,0.0,0.0,0.0
2026-01-07,0.0003644492801302778,-0.0007185027221109034,0.00012787210482777386,0.00013057182594967634,-0.00023718776171008897,0.0,0.0,0.0,0.0012474592836498233,0.0,0.0,0.00025950797342509294,0.00011073858210982557,0.004128031008441342,0.005997444302718094,0.00037971541431890094,-7.555072157013414e-05,-0.00013681166218996405,-0.001071092540410488,0.0009204283058781832,0.0022597193314746644,-0.0001594989990229309,-3.1197258934274507e-06,-0.0005426737856497131,-0.0006831725499008393,-0.00230855116364049,4.397090435132975e-05,0.0,0.0,0.0,-0.0010751712025811734,0.0007370700246871888,0.0019769440307534697,-0.0007427542509044804,0.004133688519429527,-0.0004606830031815206,0.0012583716237302136,0.00018590295084363416,4.073741231521729e-05,-0.00016117817009746521,-0.00013321752731334735,0.002192831435860911,0.0008357542237461891,-0.00016696216473914473,1.5427525719550287e-05,-0.0003707330754050117,0.0018060837310306882,0.0030962296227367955,-0.0005598291184808131,-0.0015602627637453347,-0.0002417244233539198,0.00033005426615509615,-0.00023497166904517391,-0.0001961300365711844,-0.0007014031766551706,0.000413207396872779,0.0,-0.00017409671593565117,-0.00014810958897557578,0.0,8.69783611237768e-05,0.000570505575684653,8.022916570996218e-05,-0.00019878499049122092,0.0003419489769063097,0.00022150810792582147,0.0,0.0,0.0,-0.00010239624536714926,-0.00038435298886634495,0.0003085204188085898,0.0,0.0066644467267235954,4.374481754967982e-05,0.0,1.4399650898256149e-05,0.0001908757870973086,-9.640718854498891e-05,0.0,0.0,0.0,2.599577563115352e-05,-0.00014805499020936736,-0.0003120278312577039,-0.00040815385334790457,-0.00033857156902538944,0.00020887611127567561,0.00012442281062852918,-7.178864875354833e-05,0.0007129665032661657,-2.5237047896682645e-05,-0.000349231160780909,-0.0005610015480785723,0.0006093055530373241,-0.00015366865958895044,-0.00013179747169397184,-0.00027878431207051214,7.842041122679541e-05,-0.0016459096813377253,0.0,0.0,0.0,0.0,0.0,0.0,0.00011027788924999783,0.0,0.0,0.0
2026-01-14,0.0003644492801302778,0.0006669803297453686,0.00012787210482777386,0.00014073100201153135,-0.00023718776171008897,0.0,0.0,0.0,0.0012474592836498233,0.0,0.0,0.00025950797342509294,-0.0007323035268552982,0.02703934307192881,0.005402839150415639,0.00037971541431890094,-8.861980974641831e-06,-0.00013681166218996405,0.0009267395053937024,0.0008825422965982463,0.0016200500522109739,-0.0001594989990229309,-3.1197258934274507e-06,0.00013594853518543828,-0.0006831725499008393,-0.00230855116364049,4.397090435132975e-05,0.0,0.0,0.0,-0.001055275918903417,0.0007370700246871888,0.0019769440307534697,-0.0007427542509044804,0.0039133009749160955,-0.0004606830031815206,0.0012913909744501312,0.00018590295084363416,4.073741231521729e-05,-0.00016117817009746521,-0.00013321752731334735,0.0018933998120226143,0.0008357542237461891,-7.748477555593057e-05,1.5427525719550287e-05,-0.0003707330754050117,0.0018060837310306882,0.0033391170678246204,-0.0005598291184808131,-0.0016071490914748314,-0.0002417244233539198,0.00033005426615509615,-0.00023497166904517391,-0.0001961300365711844,-0.0003179953788694786,0.000413207396872779,0.0,-0.00017409671593565117,-0.00014810958897557578,0.0,5.16768290283993e-05,0.000570505575684653,0.0003635542521230209,-0.00022394073884633692,0.0003419489769063097,-0.00017856265842999892,0.0,0.0,0.0,-0.00010239624536714926,-0.00038435298886634495,0.0003085204188085898,0.0,0.0069980716777967855,4.374481754967982e-05,0.0,1.4399650898256149e-05,-0.0005372919114325472,-9.640718854498891e-05,0.0,0.0,0.0,2.599577563115352e-05,-0.00014805499020936736,-0.00032538979880654954,-0.00040815385334790457,-0.00040354579564224913,0.00020887611127567561,0.00012442281062852918,-7.178864875354833e-05,0.0007129665032661657,-2.5237047896682645e-05,-0.00029963440225329503,-0.0003016073439490339,0.0006795830261617592,-0.00015366865958895044,-0.00013179747169397184,-0.0004821674002725192,7.842041122679541e-05,-0.0016459096813377253,0.0,0.0,0.0,0.0,0.0,0.0,0.00011027788924999783,0.0,0.0,0.0
2026-01-21,0.0003644492801302778,0.0006669803297453686,0.00012787210482777386,-0.00015642133560898248,-0.0002812955138368003,0.0,0.0,0.0,0.0012474592836498233,0.0,0.0,0.00025950797342509294,0.00011073858210982557,0.03270984201540094,0.005557669627589902,0.00037971541431890094,-8.861980974641831e-06,-0.00013681166218996405,0.0009267395053937024,0.0021917851249945997,0.0022597193314746644,-0.0001594989990229309,-3.1197258934274507e-06,0.00013594853518543828,0.0002512222192302747,-0.0013307030482597603,4.397090435132975e-05,0.0,0.0,0.0,-0.0004766040140892862,0.0014068678854302673,0.001814533937350317,-0.0007427542509044804,0.00018927516189814328,-0.0004606830031815206,0.0013849425145792279,0.00018590295084363416,-3.6885360813235264e-05,-0.00016117817009746521,-0.00013321752731334735,0.00206279366242843,0.0008357542237461891,-7.748477555593057e-05,1.5427525719550287e-05,-0.0003707330754050117,0.0018060837310306882,0.003431297620018078,-0.0005598291184808131,-0.0016071490914748314,-0.0002417244233539198,0.00033005426615509615,-0.00023497166904517391,-0.0001961300365711844,-0.0003179953788694786,0.000413207396872779,0.0,-0.00017409671593565117,-0.00014810958897557578,0.0,-0.00016217859593319354,0.000570505575684653,0.0003635542521230209,-0.00022394073884633692,0.0003419489769063097,-0.00017856265842999892,0.0,0.0,0.0,-0.00010239624536714926,-0.00038435298886634495,0.0003085204188085898,0.0,0.0069980716777967855,4.374481754967982e-05,0.0,1.4399650898256149e-05,-0.0005372919114325472,-9.640718854498891e-05,0.0,0.0,0.0,2.599577563115352e-05,-0.00014805499020936736,-0.00027964386315908847,-0.00040815385334790457,-0.0004983817088134886,0.00020887611127567561,0.00012442281062852918,-7.178864875354833e-05,0.0007129665032661657,-2.5237047896682645e-05,-0.00029963440225329503,0.00011130587069865279,0.0006795830261617592,-0.00015366865958895044,-0.00013179747169397184,-0.00027878431207051214,7.842041122679541e-05,-0.0016459096813377253,0.0,0.0,0.0,0.0,0.0,0.0,0.00011027788924999783,0.0,0.0,0.0
2026-01-28,-0.0002038989364605519,0.0006669803297453686,0.00012787210482777386,-0.00018283980243382253,-0.0002812955138368003,0.0,0.0,0.0,-7.468188276508537e-05,0.0,0.0,0.00025950797342509294,0.00011073858210982557,0.01702716169258952,-0.0031251877618010387,0.00037971541431890094,-8.861980974641831e-06,-0.00013681166218996405,8.278185769003827e-05,0.0021917851249945997,-0.0008052390917293974,-0.0001594989990229309,-3.1197258934274507e-06,0.00013594853518543828,0.0002512222192302747,-0.0013384031556531464,4.397090435132975e-05,0.0,0.0,0.0,-0.0011430224628829948,0.0014068678854302673,0.001814533937350317,-0.0007427542509044804,0.00010007067959508781,-0.0005100677019982285,0.0012886570745481033,0.00018590295084363416,-3.6885360813235264e-05,-6.304638262706915e-05,-0.00013321752731334735,0.001913928291467005,0.0008768283523732806,-0.00016696216473914473,1.5427525719550287e-05,-0.00033304264098551936,0.0018060837310306882,0.003197808470955368,-0.0006161823852122996,-0.0015602627637453347,-0.0002417244233539198,0.00033005426615509615,-0.00023497166904517391,-0.0001961300365711844,-0.00026352264670727115,0.0004073106680412584,0.0,-0.00017409671593565117,-0.00014810958897557578,0.0,0.000274795071700329,0.000570505575684653,0.0003635542521230209,-0.00019878499049122092,-0.0012450425921195294,-0.00017856265842999892,0.0,0.0,0.0,-0.00010239624536714926,-0.0007474010407121317,0.0003085204188085898,0.0,0.0069980716777967855,4.374481754967982e-05,0.0,1.4399650898256149e-05,0.0008534097979482979,-9.640718854498891e-05,0.0,0.0,0.0,2.599577563115352e-05,6.878187180983364e-06,-0.00027964386315908847,-0.00040815385334790457,-0.0004983817088134886,0.00020887611127567561,0.00012442281062852918,-7.178864875354833e-05,0.0007129665032661657,-2.5237047896682645e-05,-0.000349231160780909,0.00011130587069865279,0.00039035551009372675,0.000607848501598955,-0.00013179747169397184,-0.00027878431207051214,7.842041122679541e-05,-0.0016459096813377253,0.0,0.0,0.0,0.0,0.0,0.0,7.871410771965562e-05,0.0,0.0,0.0
2026-02-04,0.0003644492801302778,0.0006669803297453686,4.984763685520335e-05,-0.00015642133560898248,-0.0002812955138368003,0.0,0.0,0.0,-2.3466416885209464e-05,0.0,0.0,0.0004932515931457185,0.00011073858210982557,0.03222584159577534,0.006454524629364096,0.00037971541431890094,-8.861980974641831e-06,-0.00013681166218996405,-0.0005374930801326553,0.0039309269144514195,0.0022597193314746644,-0.0001594989990229309,-3.1197258934274507e-06,-0.0010742429973206952,0.0002512222192302747,0.001071451776365139,4.397090435132975e-05,0.0,0.0,0.0,-0.0006651904873484384,0.0014068678854302673,0.0021663454607963083,-0.000764269618962783,0.00018927516189814328,-0.0005100677019982285,0.0013118154122097611,0.00018590295084363416,-3.6885360813235264e-05,-0.00016117817009746521,-0.00013321752731334735,0.003110487865995258,0.0008357542237461891,0.00027759467238762863,1.5427525719550287e-05,-0.0016904517763099796,0.0020848911111753326,0.0038649360020906027,-0.0005598291184808131,-0.00179899987860248,-0.0002417244233539198,0.00033005426615509615,-0.00023497166904517391,-0.0001961300365711844,-0.00021453269131805854,0.000413207396872779,0.0,-0.00017409671593565117,0.00012345258669525157,0.0,0.00013059531964584956,0.000570505575684653,0.0003635542521230209,-0.00022394073884633692,0.0003419489769063097,-0.00017856265842999892,0.0,0.0,0.0,-0.00010239624536714926,0.0010980616696467645,0.0003085204188085898,0.0,-0.0006737801802278482,4.374481754967982e-05,0.0,-3.4243916038550146e-05,-0.0005372919114325472,-9.640718854498891e-05,0.0,0.0,0.0,2.599577563115352e-05,-0.00014805499020936736,-0.00027964386315908847,-0.0006248064364466872,-0.0004983817088134886,0.00020887611127567561,0.00012442281062852918,-7.178864875354833e-05,0.0007129665032661657,-2.5237047896682645e-05,0.0009578352706150158,0.0021986425291661968,0.001316047501847652,0.0004167641112281721,-0.00013179747169397184,-0.00027878431207051214,7.842041122679541e-05,0.0001551785016408056,0.0,0.0,0.0,0.0,0.0,0.0,0.00011027788924999783,0.0,0.0,0.0
2026-02-11,-0.0002038989364605519,-0.0007185027221109034,4.984763685520335e-05,0.00010415335912483629,-0.0002812955138368003,0.0,0.0,0.0,0.00020022166958603733,0.0,0.0,0.00012577169696627053,-0.0007323035268552982,0.004368864480167516,-0.0012449321818210908,0.00037971541431890094,-7.555072157013414e-05,-0.00013681166218996405,-0.0011106490150440734,0.0008825422965982463,-0.0008052390917293974,-0.0001594989990229309,-3.1197258934274507e-06,0.00013594853518543828,-0.0006095685245669927,0.001063751668971753,4.397090435132975e-05,0.0,0.0,0.0,-0.0013515042198199035,0.0014068678854302673,0.0021663454607963083,-0.000764269618962783,9.00513255956883e-05,-0.0005100677019982285,0.0011825106214587186,0.00018590295084363416,4.073741231521729e-05,-6.304638262706915e-05,-0.00013321752731334735,0.0030284180574221826,0.0008768283523732806,0.00018811728320441447,1.5427525719550287e-05,-0.0016527613418904873,0.0020848911111753326,0.003631446853027892,-0.0006161823852122996,-0.0017521135508729833,-0.0002417244233539198,0.00033005426615509615,-0.00023497166904517391,-0.0001961300365711844,-0.0005979404891037505,0.0004073106680412584,0.0,-0.00017409671593565117,-0.00014810958897557578,0.0,-0.00024291994762314195,0.000570505575684653,0.0003635542521230209,-0.00019878499049122092,-0.0012450425921195294,-0.00017856265842999892,0.0,0.0,0.0,-0.00010239624536714926,0.0003626566415488891,-0.0006519957829592683,0.0,-0.0007223663381511283,4.374481754967982e-05,0.0,-3.4243916038550146e-05,0.0008534097979482979,-9.640718854498891e-05,0.0,0.0,0.0,2.599577563115352e-05,6.878187180983364e-06,-0.0002662818956102428,-0.0006248064364466872,-0.00033857156902538944,0.00020887611127567561,0.00012442281062852918,-7.178864875354833e-05,0.0007129665032661657,-2.5237047896682645e-05,0.0011128118114415682,0.0022963212583206015,0.0009565425126551846,0.000607848501598955,-0.00013179747169397184,-0.0004821674002725192,7.842041122679541e-05,0.0001551785016408056,0.0,0.0,0.0,0.0,0.0,0.0,7.871410771965562e-05,0.0,0.0,0.0
2026-02-18,-0.0002038989364605519,-0.0007185027221109034,4.984763685520335e-05,0.00010415335912483629,-0.0002812955138368003,0.0,0.0,0.0,6.147831652694669e-07,0.0,0.0,0.0004932515931457185,0.00011073858210982557,-0.006853009204525897,-0.0032755153884099653,0.00037971541431890094,-7.555072157013414e-05,-0.00013681166218996405,-0.0005374930801326553,0.0008825422965982463,-0.0008052390917293974,-0.0001594989990229309,-3.1197258934274507e-06,0.00013594853518543828,-0.0002864690576779513,-0.0013384031556531464,4.397090435132975e-05,0.0,0.0,0.0,-0.0014059725020251761,0.0014068678854302673,0.001814533937350317,-0.000764269618962783,-0.00014956382560053953,-0.0005100677019982285,0.0011825106214587186,0.00018590295084363416,4.073741231521729e-05,-0.00016117817009746521,-0.00013321752731334735,0.0030284180574221826,0.0008768283523732806,0.00018811728320441447,1.5427525719550287e-05,-0.0016527613418904873,0.0018060837310306882,0.003631446853027892,-0.0005551119179617049,-0.0017746252326061543,-0.0002417244233539198,0.00044719576014787575,-0.0002810152026844673,-0.0001961300365711844,-0.0001600599591558511,0.0004073106680412584,0.0,-0.00017409671593565117,-0.00014810958897557578,0.0,-0.00024291994762314195,0.000570505575684653,0.0003635542521230209,-0.00022394073884633692,0.0003419489769063097,5.051543109831438e-05,0.0,0.0,0.0,-0.00010239624536714926,0.0010980616696467645,-0.0006519957829592683,0.0,-0.0007223663381511283,4.374481754967982e-05,0.0,-3.4243916038550146e-05,-0.0005372919114325472,-9.640718854498891e-05,0.0,0.0,0.0,2.599577563115352e-05,-0.00014805499020936736,-0.0002662818956102428,-0.0006248064364466872,-0.0004334074821966289,0.00020887611127567561,0.00012442281062852918,-7.178864875354833e-05,0.00040021115991758203,-2.5237047896682645e-05,0.0011128118114415682,0.0022963212583206015,0.0009565425126551846,0.000607848501598955,-0.00013179747169397184,-0.00027878431207051214,7.842041122679541e-05,0.0001551785016408056,0.0,0.0,0.0,0.0,0.0,0.0,7.871410771965562e-05,0.0,0.0,0.0
2026-02-25,0.0003644492801302778,0.0006669803297453686,4.984763685520335e-05,-0.00015642133560898248,-0.0002812955138368003,0.0,0.0,0.0,0.00020022166958603733,0.0,0.0,0.0004932515931457185,0.00011073858210982557,0.0282417415374703,0.005515536491086562,0.00037971541431890094,-8.861980974641831e-06,-0.00013681166218996405,0.0009267395053937024,0.0021917851249945997,0.0022597193314746644,-0.0001594989990229309,-3.1197258934274507e-06,0.00013594853518543828,-0.0002864690576779513,-0.0013307030482597603,4.397090435132975e-05,0.0,0.0,0.0,0.00044506331484021265,0.0016390008988001591,0.0014280045780448573,-0.000764269618962783,0.00010911612711198758,-0.0005100677019982285,0.0011342206003950883,0.00018590295084363416,-3.6885360813235264e-05,-0.00016117817009746521,-0.00013321752731334735,0.0030788667604731926,0.0008357542237461891,0.00027759467238762863,1.5427525719550287e-05,-0.0012891922859656966,0.0018060837310306882,0.003850234456745144,-0.0005598291184808131,-0.00179899987860248,-0.0002417244233539198,0.00033005426615509615,-0.00023497166904517391,-0.0001961300365711844,-0.00021453269131805854,0.000413207396872779,0.0,-0.00017409671593565117,-0.00014810958897557578,0.0,-0.00016217859593319354,0.000570505575684653,0.0003541411965765084,-0.00022394073884633692,0.0003419489769063097,-0.00017856265842999892,0.0,0.0,0.0,-0.00010239624536714926,0.0003626566415488891,-0.0006519957829592683,0.0,-0.0007223663381511283,4.374481754967982e-05,0.0,-3.4243916038550146e-05,-0.0005372919114325472,-9.640718854498891e-05,0.0,0.0,0.0,2.599577563115352e-05,-0.00014805499020936736,0.002492244739577123,-0.0006248064364466872,-0.0004983817088134886,0.00020887611127567561,0.00010504620204991115,-7.178864875354833e-05,0.0007129665032661657,-2.5237047896682645e-05,0.0009578352706150158,0.0021986425291661968,0.001316047501847652,0.0004167641112281721,-0.00013179747169397184,-0.00027878431207051214,7.842041122679541e-05,0.0001551785016408056,0.0,0.0,0.0,0.0,0.0,0.0,0.00011027788924999783,0.0,0.0,0.0
2026-03-04,0.0003644492801302778,0.0006669803297453686,4.984763685520335e-05,-0.00015642133560898248,-0.0002812955138368003,0.0,0.0,0.0,0.00020022166958603733,0.0,0.0,0.0004932515931457185,0.00011073858210982557,0.03314415372378899,0.006621374662558117,0.00037971541431890094,-8.861980974641831e-06,-0.00013681166218996405,-0.0005374930801326553,0.0039309269144514195,0.0016395008334931644,-0.0001594989990229309,-3.1197258934274507e-06,-0.0010742429973206952,-0.0006095685245669927,-0.0012147979678833322,4.397090435132975e-05,0.0,0.0,0.0,0.000973736294257123,0.0016390008988001591,0.0014280045780448573,-0.000764269618962783,0.00010911612711198758,-0.0005100677019982285,0.0011342206003950883,0.00012482006185784858,-3.6885360813235264e-05,-0.00016117817009746521,-0.00013321752731334735,0.002941094015589442,0.0008357542237461891,0.00027759467238762863,-3.99945221876581e-05,-0.0012891922859656966,-0.0011517417245512091,0.0033336957286518015,0.0024012013042488843,-0.0007712417920880696,-0.00014246521751442632,0.0004742595107562098,-0.00034233003285101364,-0.0001961300365711844,0.002126875878429605,0.000413207396872779,0.0,-0.00017409671593565117,0.00012345258669525157,0.0,-7.511669053832344e-05,0.000570505575684653,0.0003635542521230209,-0.00019878499049122092,0.0002612770707667725,0.00022150810792582147,0.0,0.0,0.0,-0.00010239624536714926,0.0003626566415488891,-0.0006519957829592683,0.0,-0.0007359558812030382,4.374481754967982e-05,0.0,-3.4243916038550146e-05,0.0001908757870973086,-9.640718854498891e-05,0.0,0.0,0.0,-0.00011555962337229383,-0.00014805499020936736,0.0014724417057310967,-0.0005724829484231329,0.0005417748645601062,0.00020887611127567561,0.00010504620204991115,-7.178864875354833e-05,0.0007129665032661657,-2.5237047896682645e-05,0.0007283646597011227,0.0023289371031694865,0.001316047501847652,0.0004167641112281721,-0.00013179747169397184,-0.00027878431207051214,7.842041122679541e-05,0.0001551785016408056,0.0,0.0,0.0,0.0,0.0,0.0,0.00011027788924999783,0.0,0.0,0.0
2026-03-11,-0.0002038989364605519,-0.0007185027221109034,4.984763685520335e-05,-0.00018283980243382253,-0.0002812955138368003,0.0,0.0,0.0,-2.3466416885209464e-05,0.0,0.0,0.00012577169696627053,-0.0007323035268552982,0.032843221410622396,-0.0032143346941084336,0.00037971541431890094,-8.861980974641831e-06,-0.00013681166218996405,-0.0011106490150440734,0.00232496242868271,-0.0008142411062071054,-0.0001594989990229309,-3.1197258934274507e-06,0.00013594853518543828,-0.001223609267482612,-0.0012224980752767183,4.397090435132975e-05,0.0,0.0,0.0,0.000973736294257123,0.0016390008988001591,0.0014280045780448573,-0.000764269618962783,0.00010911612711198758,1.5591589144050663e-05,0.0011208109564870943,0.00012482006185784858,-3.6885360813235264e-05,-0.00016117817009746521,-0.00011608176337066719,0.0029300013895117672,0.0008768283523732806,0.0002974321440723086,-3.99945221876581e-05,-0.0012918235833171646,-0.0011517417245512091,0.003357795570022374,0.0016968587494150611,-0.0006865535429242753,-0.00014246521751442632,0.0004742595107562098,-0.00034233003285101364,-0.0001961300365711844,0.00173309485815224,0.00025246693429183077,0.0,-0.00017409671593565117,-0.00014810958897557578,0.0,-0.0001122410837061991,0.000570505575684653,0.0003541411965765084,-0.00022394073884633692,0.0002612770707667725,-0.00017856265842999892,0.0,0.0,0.0,-0.00010239624536714926,0.0010980616696467645,0.0003085204188085898,0.0,-0.0007845420391263186,4.374481754967982e-05,0.0,-3.4243916038550146e-05,-0.0005372919114325472,-9.640718854498891e-05,0.0,0.0,0.0,-0.00011555962337229383,-0.00014805499020936736,0.004440295327696556,0.005964875350624229,0.0020345358980024797,-0.00040682662607463967,0.00010504620204991115,-7.178864875354833e-05,0.0007129665032661657,-2.5237047896682645e-05,0.0007283646597011227,0.0023289371031694865,0.0009565425126551846,0.0006716489595130778,-0.00013179747169397184,-0.0004821674002725192,7.842041122679541e-05,0.0001551785016408056,0.0,0.0,0.0,0.0,0.0,0.0,7.871410771965562e-05,0.0,0.0,0.0
2026-03-18,-0.0002038989364605519,-0.0007185027221109034,4.984763685520335e-05,-0.00019299897849567755,-0.0002812955138368003,0.0,0.0,0.0,6.147831652694669e-07,0.0,0.0,-0.0004518934071449399,-0.0007323035268552982,-0.012482389905673828,-0.0032781995575003257,-0.0002785626501341933,-7.555072157013414e-05,-0.00013681166218996405,-0.0005770495547662407,0.0009647930237489376,-0.0008142411062071054,-0.0001594989990229309,-7.244398173287308e-05,-0.0005426737856497131,-0.001223609267482612,-0.0012224980752767183,4.397090435132975e-05,0.0,0.0,0.0,8.629429331949085e-05,0.001541234407964484,0.0014280045780448573,-0.000764269618962783,-0.00021970350638729567,1.5591589144050663e-05,0.001027259416357998,0.00012482006185784858,-3.6885360813235264e-05,-0.00016117817009746521,-0.00011608176337066719,0.0030284180574221826,0.0008768283523732806,0.00020795475488909443,-3.99945221876581e-05,-0.0012918235833171646,-0.0011517417245512091,0.0031002065795890906,0.002618108648223333,-0.0006621788969279495,-0.00014246521751442632,0.0005914010047489894,-0.00038837356649030705,-0.0001961300365711844,0.002066737443839125,0.0002506729772661458,0.0,-0.00017409671593565117,-0.00014810958897557578,0.0,-0.00015585804222827186,-0.00031838072325759997,0.0003541411965765084,-0.00022394073884633692,-0.0009561598759221343,5.051543109831438e-05,0.0,0.0,0.0,-0.00010239624536714926,0.0007780052859859134,0.0003085204188085898,0.0,-0.0007845420391263186,4.374481754967982e-05,0.0,-3.4243916038550146e-05,-0.0005372919114325472,-9.640718854498891e-05,0.0,0.0,0.0,-0.00011555962337229383,6.878187180983364e-06,0.0025056067071259685,0.004056113664610093,0.0017193303523487889,0.00020887611127567561,0.00010504620204991115,-7.178864875354833e-05,0.00040021115991758203,-2.5237047896682645e-05,0.0008833412005276751,0.0024266158323238913,0.0009565425126551846,0.0006716489595130778,-0.00013179747169397184,-0.0004821674002725192,7.842041122679541e-05,0.0001551785016408056,0.0,0.0,0.0,0.0,0.0,0.0,7.871410771965562e-05,0.0,0.0,0.0
