,∆ Salmon (NOK/KG) 1w,∆ Salmon (NOK/KG) 2w,∆ Salmon (NOK/KG) 1m,∆ Salmon (NOK/KG) 3m,∆ Salmon (NOK/KG) 6m,∆ Salmon (NOK/KG) 12m,Acc 1w,Acc 1m,RVol 4w,RVol 13w,RVol 52w,Spread (FP - SSB),∆ Spread (FP - SSB),FWD 1m,∆ FWD 1m,FWD 3m,∆ FWD 3m,FWD 6m,∆ FWD 6m,FWD 12m,∆ FWD 12m,FWD Slope,FWD Curvature,∆ Export Volume 1w,∆ Export Volume 2w,∆ Export Volume 1m,∆ Chilean Exports 1w,∆ Chilean Exports 2w,∆ Chilean Exports 1m,∆ Chilean Exports 3m,∆ Total Biomass Monthly,∆YOY Total Biomass Monthly,Avg Weight (KG) Monthly,YOY Avg Weight (KG) Monthly,Harvest Intensity 1m Monthly,Harvest Intensity 3m Monthly,Loss Rate 1m Monthly,Loss Rate 3m Monthly,Loss Rate 6m Monthly,Smolt Release 2m Monthly,Smolt Release 3m Monthly,Smolt Release 4m Monthly,Smolt Release 5m Monthly,Smolt Release 6m Monthly,Smolt Release 7m Monthly,Smolt Release 8m Monthly,Smolt Release 9m Monthly,Smolt Release 10m Monthly,Smolt Release 11m Monthly,Smolt Release 12m Monthly,Smolt Release 13m Monthly,Smolt Release 14m Monthly,Smolt Release 15m Monthly,Smolt Release 16m Monthly,Smolt Release 17m Monthly,Smolt Release 18m Monthly,ISA Outbreak,ISA Outbreak 1m,ISA Outbreak 3m,Lice Outbreak,Lice Outbreak 1m,Lice Outbreak 3m,Sea Temp,Sea Temp 12m Avg,∆ EURNOK,∆ EURNOK 1w,∆ EURNOK 2w,∆ EURNOK 1m,∆ EURNOK 3m,∆ EURNOK 6m,∆ EURNOK 12m,CPI NO Monthly,NIBOR 3m,∆ Shrimp Price (Global) 1m Monthly,∆ Shrimp Price (Global) 3m Monthly,∆ Shrimp Price (Global) 6m Monthly,∆ Shrimp Price (Global) 12m Monthly,∆ Broiler Price (EU) 1w,∆ Broiler Price (EU) 2w,∆ Broiler Price (EU) 1m,∆ Broiler Price (EU) 3m,∆ Broiler Price (EU) 6m,∆ Broiler Price (EU) 12m,∆ Pig Price (EU),∆ Pig Price (EU) 1w,∆ Pig Price (EU) 2w,∆ Pig Price (EU) 1m,∆ Pig Price (EU) 3m,∆ Pig Price (EU) 6m,∆ Pig Price (EU) 12m,Meat CPI (EU) Monthly,∆ Fishmeal 1m Monthly,∆ Fishmeal 3m Monthly,∆ Fishmeal 6m Monthly,∆ Fishmeal 12m Monthly,Brent FWD Slope,Brent FWD Curvature,Soybean FWD Slope,Soybean FWD Curvature,Month_01,Month_02,Month_03,Month_04,Month_05,Month_06,Month_07,Month_08,Month_09,Month_10,Month_11
2022-01-05,0.0,0.0,0.00032957748363165236,-0.00537093419317493,0.0,0.0,0.0,0.0,0.0,-0.00019268015518368644,0.0,0.011246674063637458,0.0,0.0,0.0,0.001462776943357412,0.0,-0.040279486356461766,0.0,0.00044287933041452286,0.0,0.00025368139780389547,-0.0168728589655251,0.0,0.0,0.0,0.0,0.0,0.0,0.0,-0.007073885644827449,0.029007289462320115,-0.003929580838326193,-0.004301102452920325,0.008616899585056877,0.005542758998921768,0.0,-0.002087432064868459,-0.0007074867525181907,0.0013536311381057084,0.0008089750125707445,0.0,-0.003201198542147248,-0.004717097401803251,-0.000865785051693893,0.0,0.0,-8.627539354272583e-05,-0.00028182019828213323,0.002387454081221984,0.007097330498185181,0.0021523907960693547,0.0,-0.00010883304786625036,-0.0014451086730045473,0.0,0.04233725245468007,0.03242559788084656,0.0065491018032089315,0.0,0.0,0.0,-0.002704938249410824,0.0,0.0,0.0,0.0,0.0,-0.00031425736473378535,-0.0004314235572774396,0.0,-0.002524816724374718,-3.32232329115882e-05,0.0,0.0001639601011718858,0.0016179962293705378,-6.387705799851305e-05,0.0,0.0,9.86451682380313e-05,0.0,0.0,-0.0005565237350314072,0.0,0.0,-1.0524512732205065e-05,-0.0006216656779876191,0.0,0.0,0.0,-0.013994848501952113,0.001295860847013283,-0.009260407883800226,-0.0017042608206612928,-0.0001021831444585078,-0.0033983739772015767,-0.002475787163958411,0.0,0.0,0.0,0.0,0.0,0.0,0.0,0.0,0.0,0.0,0.0,0.0,0.0
2022-01-12,0.0,0.0,0.00032957748363165236,-0.00537093419317493,0.0,0.0,0.0,0.0,0.0,-0.00019268015518368644,0.0,0.011246674063637458,0.0,0.0,0.0,-7.273842944789866e-05,0.0,-0.040279486356461766,0.0,-0.005841697999995142,0.0,0.00025368139780389547,-0.01622742877716645,0.0,0.0,0.0,0.0,0.0,0.0,0.0,-0.007073885644827449,0.028418990596504448,-0.003781135949710486,-0.004198894589396637,0.008508671168733706,0.006193388339904463,0.0,-0.002087432064868459,-0.0007074867525181907,0.0013536311381057084,0.0008089750125707445,0.0,-0.003201198542147248,-0.004717097401803251,-0.000865785051693893,0.0,0.0,-8.627539354272583e-05,-0.00028182019828213323,0.002387454081221984,0.007097330498185181,0.0021523907960693547,0.0,-0.00010883304786625036,-0.0014451086730045473,0.0,0.04233725245468007,0.03242559788084656,0.0065491018032089315,0.0,0.0,0.0,-0.002704938249410824,0.0,0.0,0.0,0.0,0.0,-0.00031425736473378535,-0.0004314235572774396,0.0,-0.0029264174053320576,-3.32232329115882e-05,0.0,0.0001639601011718858,0.0027199410467702786,-6.387705799851305e-05,0.0,0.0,-0.00011181828076671246,0.0,0.0,0.0016924868883013968,0.0,0.0,-1.0524512732205065e-05,-0.0006216656779876191,0.0,0.0,0.0,0.004069453868124767,0.001295860847013283,-0.0084617525471117,-0.0017042608206612928,-0.0001021831444585078,-0.0014638529930290807,-0.002475787163958411,0.0,0.0,0.0,0.0,0.0,0.0,0.0,0.0,0.0,0.0,0.0,0.0,0.0
2022-01-19,0.0,0.0,0.00032957748363165236,-0.00537093419317493,0.0,0.0,0.0,0.0,0.0,-0.00019268015518368644,0.0,0.005241517876437036,0.0,0.0,0.0,-7.273842944789866e-05,0.0,-0.040670781494030604,0.0,-0.015211919295523688,0.0,0.0008212085081094692,-0.01622742877716645,0.0,0.0,0.0,0.0,0.0,0.0,0.0,-0.007073885644827449,0.022611791561003104,-0.003781135949710486,0.0012019716317327276,0.008508671168733706,0.0061524576906996364,0.0,-0.002087432064868459,-0.0007074867525181907,0.0013536311381057084,0.0008089750125707445,0.0,-0.003201198542147248,-0.004717097401803251,-0.000865785051693893,0.0,0.0,-8.627539354272583e-05,-0.00028182019828213323,0.002387454081221984,0.0070987697248548025,0.0021523907960693547,0.0,8.335330727136868e-05,-0.0014451086730045473,0.0,0.04233725245468007,0.03242559788084656,0.0065491018032089315,0.0,0.0,0.0,-0.002704938249410824,0.0,0.0,0.0,0.0,0.0,-0.00031425736473378535,-0.0004314235572774396,0.0,-0.001716181661739426,-3.32232329115882e-05,0.0,0.0001639601011718858,0.0027199410467702786,-6.387705799851305e-05,0.0,0.0,-0.00011181828076671246,0.0,0.0,0.0016924868883013968,0.0,0.0,-1.0524512732205065e-05,-0.0006216656779876191,0.0,0.0,0.0,0.0031663060772166665,0.001295860847013283,-0.0084617525471117,-0.0017042608206612928,-0.0001021831444585078,-0.0014638529930290807,-0.002475787163958411,0.0,0.0,0.0,0.0,0.0,0.0,0.0,0.0,0.0,0.0,0.0,0.0,0.0
2022-01-26,0.0,0.0,0.00032957748363165236,-0.00537093419317493,0.0,0.0,0.0,0.0,0.0,-0.00019268015518368644,0.0,0.011037021470173387,0.0,0.0,0.0,-7.273842944789866e-05,0.0,-0.040279486356461766,0.0,-0.015393965638443441,0.0,0.00025368139780389547,-0.01622742877716645,0.0,0.0,0.0,0.0,0.0,0.0,0.0,-0.007073885644827449,0.030766379732169735,-0.003781135949710486,0.0012019716317327276,0.008508671168733706,0.0061524576906996364,0.0,-0.0016396641901419797,-0.0007074867525181907,0.0013536311381057084,0.0008089750125707445,0.0,-0.003201198542147248,-0.004717097401803251,-0.000865785051693893,0.0,0.0,-8.627539354272583e-05,-0.00028182019828213323,0.002387454081221984,0.00698571645815902,0.0021523907960693547,0.0,8.335330727136868e-05,-0.0014451086730045473,0.0,0.04267014517729059,0.03281622850625084,0.0065491018032089315,0.0,0.0,0.0,-0.002704938249410824,0.0,0.0,0.0,0.0,0.0,0.001195496548357897,-0.0004314235572774396,0.0,-0.001716181661739426,-3.32232329115882e-05,0.0,0.0001639601011718858,0.0027199410467702786,-6.387705799851305e-05,0.0,0.0,-0.00011181828076671246,0.0,0.0,0.0016924868883013968,0.0,0.0,-1.0524512732205065e-05,-0.0006216656779876191,0.0,0.0,0.0,0.004069453868124767,0.001295860847013283,-0.008312516860670685,-0.0017042608206612928,-0.0001021831444585078,-0.0014638529930290807,0.009809002083954903,0.0,0.0,0.0,0.0,0.0,0.0,0.0,0.0,0.0,0.0,0.0,0.0,0.0
2022-02-02,0.0,0.0,-0.001150290040910473,-0.00537093419317493,0.0,0.0,0.0,0.0,0.0,-0.00019268015518368644,0.0,-0.012313036594412335,0.0,0.0,0.0,-7.273842944789866e-05,0.0,-0.040279486356461766,0.0,-0.01574234638459374,0.0,-0.0006097155389405324,-0.01622742877716645,0.0,0.0,0.0,0.0,0.0,0.0,0.0,-0.006331931913508365,0.03361356335038859,-0.003781135949710486,0.0012019716317327276,0.008508671168733706,0.0061524576906996364,0.0,-0.0021316159996475938,-0.0007074867525181907,0.0013536311381057084,0.0008089750125707445,0.0,-0.003201198542147248,-0.004717097401803251,-0.000865785051693893,0.0,0.0,-8.627539354272583e-05,-0.00028182019828213323,0.002387454081221984,0.00698571645815902,0.0021523907960693547,0.0,-0.0005419800771651485,-0.0014451086730045473,0.0,0.04414161876453757,0.03281622850625084,0.0065491018032089315,0.0,0.0,0.0,-0.002704938249410824,0.0,0.0,0.0,0.0,0.0,0.001195496548357897,-0.0004314235572774396,0.0,-0.001716181661739426,-3.32232329115882e-05,0.0,0.0001639601011718858,0.0027199410467702786,-6.387705799851305e-05,0.0,0.0,-0.00011181828076671246,0.0,0.0,0.0016924868883013968,0.0,0.0,-1.0524512732205065e-05,-0.0006216656779876191,0.0,0.0,0.0,0.0021464322705924055,-0.0008137514797595262,-0.008312516860670685,-0.0017042608206612928,-0.0001021831444585078,-0.0014638529930290807,0.010304909269807755,0.0,0.0,0.0,0.0,0.0,0.0,0.0,0.0,0.0,0.0,0.0,0.0,0.0
2022-02-09,0.0,0.0,-0.001150290040910473,-0.00537093419317493,0.0,0.0,0.0,0.0,0.0,-0.00019268015518368644,0.0,0.011037021470173387,0.0,0.0,0.0,-0.004088089435039786,0.0,-0.040279486356461766,0.0,-0.019433496869893353,0.0,-0.0023032430073117935,-0.01622742877716645,0.0,0.0,0.0,0.0,0.0,0.0,0.0,-0.006331931913508365,0.03185359158193096,-0.003781135949710486,0.0012019716317327276,0.008508671168733706,0.0061524576906996364,0.0,-0.0016396641901419797,-0.0007074867525181907,0.0013536311381057084,0.0008089750125707445,0.0,-0.003201198542147248,-0.004717097401803251,-0.000865785051693893,0.0,0.0,-8.627539354272583e-05,-0.00028182019828213323,0.002387454081221984,0.006985926937056178,0.0021523907960693547,0.0,-0.0005419800771651485,-0.0014451086730045473,0.0,0.04267014517729059,0.03281622850625084,0.007838172724777149,0.0,0.0,0.0,-0.0027478360287726896,0.0,0.0,0.0,0.0,0.0,-0.00031425736473378535,-0.0004314235572774396,0.0,-0.001716181661739426,-3.32232329115882e-05,0.0,0.0001639601011718858,0.0027199410467702786,-6.387705799851305e-05,0.0,0.0,-0.00011181828076671246,0.0,0.0,0.0016924868883013968,0.0,0.0,-1.0524512732205065e-05,-0.0006216656779876191,0.0,0.0,0.0,0.004069453868124767,-0.0008137514797595262,-0.008312516860670685,-0.0017042608206612928,-0.0001021831444585078,-0.0014638529930290807,0.009809002083954903,0.0,0.0,0.0,0.0,0.0,0.0,0.0,0.0,0.0,0.0,0.0,0.0,0.0
2022-02-16,0.0,0.0,-0.001150290040910473,-0.00537093419317493,0.0,0.0,0.0,0.0,0.0,-0.00019268015518368644,0.0,-0.016707421406609805,0.0,0.0,0.0,-0.004088089435039786,0.0,-0.040279486356461766,0.0,-0.023075800747346133,0.0,-0.005332671487971534,-0.01622742877716645,0.0,0.0,0.0,0.0,0.0,0.0,0.0,-0.006331931913508365,0.03542870438834706,-0.0023770292896150335,0.0013031484455771408,0.008508671168733706,0.0061524576906996364,0.0,-0.0021316159996475938,-0.0007074867525181907,0.0013536311381057084,0.0008089750125707445,0.0,-0.003201198542147248,-0.004717097401803251,-0.000865785051693893,0.0,0.0,-8.627539354272583e-05,-0.00028182019828213323,0.002387454081221984,0.006985926937056178,0.0021523907960693547,0.0,-0.0005419800771651485,-0.0014451086730045473,0.0,0.04414161876453757,0.03281622850625084,0.007838172724777149,0.0,0.0,0.0,-0.0027478360287726896,0.0,0.0,0.0,0.0,0.0,-0.0004575504674508087,-0.0004314235572774396,0.0,-0.001716181661739426,-3.32232329115882e-05,0.0,0.0001639601011718858,0.0027199410467702786,-6.387705799851305e-05,0.0,0.0,-0.00011181828076671246,0.0,0.0,0.0016924868883013968,0.0,0.0,-1.0524512732205065e-05,-0.0006216656779876191,0.0,0.0,0.0,0.0021464322705924055,-0.0008137514797595262,-0.008312516860670685,-0.0017042608206612928,-0.0001021831444585078,-0.0014638529930290807,0.010304909269807755,0.0,0.0,0.0,0.0,0.0,0.0,0.0,0.0,0.0,0.0,0.0,0.0,0.0
2022-02-23,0.0,0.0,-0.001150290040910473,-0.00537093419317493,0.0,0.0,0.0,0.0,0.0,0.00024978486363472956,0.0,-0.016707421406609805,0.0,0.0,0.0,-0.003723741886910616,0.0,-0.039327733607668294,0.0,-0.023075800747346133,0.0,-0.005332671487971534,-0.01622742877716645,0.0,0.0,0.0,0.0,0.0,0.0,0.0,-0.006331931913508365,0.03542870438834706,-0.0023770292896150335,0.0029388128593548506,-0.0014516507148609988,0.0061524576906996364,0.0,-0.0021316159996475938,-0.0007074867525181907,0.0013536311381057084,0.0008089750125707445,0.0,-0.003201198542147248,-0.004717097401803251,-0.0014018801755943894,0.0,0.0,-8.627539354272583e-05,-0.00028182019828213323,0.002387454081221984,0.006985926937056178,0.0021523907960693547,0.0,-0.0005419800771651485,-0.0014451086730045473,0.0,0.04414161876453757,0.03281622850625084,0.007838172724777149,0.0,0.0,0.0,-0.0027478360287726896,0.0,0.0,0.0,0.0,0.0,-0.0004575504674508087,-0.0004314235572774396,0.0,-0.001716181661739426,-3.32232329115882e-05,0.0,0.0001639601011718858,0.0027199410467702786,-6.387705799851305e-05,0.0,0.0,-0.00011181828076671246,0.0,0.0,0.0016924868883013968,0.0,0.0,-1.0524512732205065e-05,-0.0006216656779876191,0.0,0.0,0.0,0.0023958749235870637,-0.0008137514797595262,-0.008312516860670685,-0.0017042608206612928,-0.0001021831444585078,-0.0014638529930290807,0.010304909269807755,0.0,0.0,0.0,0.0,0.0,0.0,0.0,0.0,0.0,0.0,0.0,0.0,0.0
2022-03-02,0.0,0.0,-0.001150290040910473,-0.00537093419317493,0.0,0.0,0.0,0.0,0.0,0.00024978486363472956,0.0,-0.016707421406609805,0.0,0.0,0.0,-0.0039237301010661375,0.0,-0.038593295157080716,0.0,-0.022537056482536916,0.0,-0.004324338485740856,-0.01622742877716645,0.0,0.0,0.0,0.0,0.0,0.0,0.0,-0.006331931913508365,0.03542870438834706,-0.0023770292896150335,0.0029388128593548506,-0.0014516507148609988,0.0061524576906996364,0.0,-0.0021316159996475938,-0.0007074867525181907,0.0013536311381057084,0.0008503442507665742,0.0,-0.003201198542147248,-0.0036500658025525254,-0.0014018801755943894,0.0,0.0,-8.627539354272583e-05,-0.0013431689790682846,0.002387454081221984,0.0025514569325904065,0.0021523907960693547,0.0,-0.0005419800771651485,-0.0014451086730045473,0.0,0.04414161876453757,0.03281622850625084,0.007838172724777149,0.0,0.0,0.0,-0.0022246520960228135,0.0,0.0,0.0,0.0,0.0,-0.0004575504674508087,-0.0004314235572774396,0.0,-0.001716181661739426,-3.32232329115882e-05,0.0,0.0001639601011718858,-0.0006474909582046776,-0.0009520134393183988,0.0,0.0,-0.00011181828076671246,0.0,0.0,-0.0001876065363152054,0.0,0.0,-1.0524512732205065e-05,-0.0006216656779876191,0.0,0.0,0.0,0.0016109337520389135,0.001295860847013283,0.017451355638076472,-0.0017042608206612928,-0.0001021831444585078,-0.0014638529930290807,0.009974589866159114,0.0,0.0,0.0,0.0,0.0,0.0,0.0,0.0,0.0,0.0,0.0,0.0,0.0
2022-03-09,0.0,0.0,-0.001150290040910473,-0.00537093419317493,0.0,0.0,0.0,0.0,0.0,0.00024978486363472956,0.0,-0.016707421406609805,0.0,0.0,0.0,-0.0039237301010661375,0.0,-0.038593295157080716,0.0,-0.022537056482536916,0.0,-0.004324338485740856,-0.01622742877716645,0.0,0.0,0.0,0.0,0.0,0.0,0.0,-0.006331931913508365,0.03542870438834706,-0.0023770292896150335,0.0029388128593548506,-0.0014516507148609988,0.0061524576906996364,0.0,-0.0021316159996475938,-0.0007074867525181907,0.0013536311381057084,0.0008503442507665742,0.0,-0.003201198542147248,-0.0036500658025525254,-0.0014018801755943894,0.0,0.0,-8.627539354272583e-05,-0.0013431689790682846,0.002387454081221984,0.0025514569325904065,0.0021523907960693547,0.0,-0.0005419800771651485,-0.0014451086730045473,0.0,0.04414161876453757,0.03281622850625084,0.007838172724777149,0.0,0.0,0.0,-0.0022246520960228135,0.0,0.0,0.0,0.0,0.0,-0.0004575504674508087,-0.0004314235572774396,0.0,-0.001716181661739426,-3.32232329115882e-05,0.0,0.0001639601011718858,-0.0006474909582046776,-0.0009520134393183988,0.0,0.0,-0.00011181828076671246,0.0,0.0,-0.0001876065363152054,0.0,0.0,-1.0524512732205065e-05,-0.0006216656779876191,0.0,0.0,0.0,0.0016109337520389135,0.001295860847013283,0.017451355638076472,-0.0017042608206612928,-0.0001021831444585078,-0.0014638529930290807,0.009974589866159114,0.0,0.0,0.0,0.0,0.0,0.0,0.0,0.0,0.0,0.0,0.0,0.0,0.0
2022-03-16,0.0,0.0,0.00032957748363165236,-0.00537093419317493,0.0,0.0,0.0,0.0,0.0,0.00024978486363472956,0.0,-0.010076968877867302,0.0,0.0,0.0,-0.0039237301010661375,0.0,-0.038593295157080716,0.0,-0.022537056482536916,0.0,-0.006730501773483324,-0.01622742877716645,0.0,0.0,0.0,0.0,0.0,0.0,0.0,-0.007073885644827449,0.034486218673324014,-0.003781135949710486,0.002837636045510437,-0.0014516507148609988,0.0061524576906996364,0.0,-0.0021316159996475938,-0.0007074867525181907,0.0013536311381057084,0.0008503442507665742,0.0,-0.003201198542147248,-0.0036500658025525254,-0.0014018801755943894,0.0,0.0,-8.627539354272583e-05,-0.0013431689790682846,0.002387454081221984,0.0025514569325904065,0.0021523907960693547,0.0,-0.0005419800771651485,-0.0014451086730045473,0.0,0.046953025930924354,0.03281622850625084,0.007838172724777149,0.0,0.0,0.0,-0.0022246520960228135,0.0,0.0,0.0,0.0,0.0,-0.0004575504674508087,-0.0004314235572774396,0.0,-0.001716181661739426,-3.32232329115882e-05,0.0,0.0001639601011718858,-0.0006474909582046776,-0.0009520134393183988,0.0,0.0,-0.00011181828076671246,0.0,0.0,-0.0001876065363152054,0.0,0.0,-1.0524512732205065e-05,-0.0006216656779876191,0.0,0.0,0.0,0.0016109337520389135,0.001295860847013283,0.017451355638076472,-0.0017042608206612928,-0.0001021831444585078,-0.0014638529930290807,0.009974589866159114,0.0,0.0,0.0,0.0,0.0,0.0,0.0,0.0,0.0,0.0,0.0,0.0,0.0
2022-03-23,0.0,0.0,0.00032957748363165236,0.0003329088156143686,0.0,0.0,0.0,0.0,0.0,0.00024978486363472956,0.0,-0.016707421406609805,0.0,0.0,0.0,-0.004288077649195308,0.0,-0.038593295157080716,0.0,-0.022537056482536916,0.0,-0.01523355265405292,-0.01622742877716645,0.0,0.0,0.0,0.0,0.0,0.0,0.0,-0.00806225939753663,0.03542870438834706,-0.0019502964783620308,0.0009884067570602728,-0.0061892332658826064,0.0061524576906996364,0.0,-0.0021316159996475938,-0.0007074867525181907,0.0013536311381057084,0.0008503442507665742,0.0,-0.003201198542147248,-0.0036500658025525254,-0.0014018801755943894,0.0,0.0,-8.627539354272583e-05,-0.0013431689790682846,0.002387454081221984,0.0025514569325904065,0.0021523907960693547,0.0,-0.0005419800771651485,-0.0014451086730045473,0.0,0.0496402826768558,0.03281622850625084,0.007838172724777149,0.0,0.0,0.0,-0.0022246520960228135,0.0,0.0,0.0,0.0,0.0,-0.0004575504674508087,-0.0004314235572774396,0.0,-0.001716181661739426,-3.32232329115882e-05,0.0,0.0001639601011718858,-0.0006474909582046776,-0.0009520134393183988,0.0,0.0,-0.00011181828076671246,0.0,0.0,-0.0001876065363152054,0.0,0.0,-0.0009070148526921692,-0.0006216656779876191,0.0,0.0,0.0,0.0016109337520389135,0.001295860847013283,0.017451355638076472,-0.0017042608206612928,-0.0001021831444585078,-0.0014638529930290807,0.009974589866159114,0.0,0.0,0.0,0.0,0.0,0.0,0.0,0.0,0.0,0.0,0.0,0.0,0.0
2022-03-30,0.0,0.0,0.00032957748363165236,-0.00537093419317493,0.0,0.0,0.0,0.0,0.0,0.00024978486363472956,0.0,-0.016707421406609805,0.0,0.0,0.0,-0.004288077649195308,0.0,-0.038593295157080716,0.0,-0.022537056482536916,0.0,-0.015776058250507406,-0.01622742877716645,0.0,0.0,0.0,0.0,0.0,0.0,0.0,-0.007073885644827449,0.03542870438834706,5.9006555909433406e-05,0.0009884067570602728,-0.0061892332658826064,0.0061524576906996364,0.0,-0.00026228304457265745,-0.0007074867525181907,0.0013536311381057084,0.0008503442507665742,0.0,-0.003201198542147248,-0.0036500658025525254,-0.0014018801755943894,0.0,0.0,-8.627539354272583e-05,-0.0013431689790682846,0.002387454081221984,0.0025514569325904065,0.0021523907960693547,0.0,-0.0005419800771651485,-0.0014451086730045473,0.0,0.0496402826768558,0.03281622850625084,0.007838172724777149,0.0,0.0,0.0,-0.0016292990514514005,0.0,0.0,0.0,0.0,0.0,-0.0004575504674508087,-0.0004314235572774396,0.0,-0.001716181661739426,-3.32232329115882e-05,0.0,0.0001639601011718858,-0.0006474909582046776,-0.0009520134393183988,0.0,0.0,-0.00011181828076671246,0.0,0.0,-0.0001876065363152054,0.0,0.0,-0.0009070148526921692,-0.0006216656779876191,0.0,0.0,0.0,0.0016109337520389135,-0.0008137514797595262,0.017451355638076472,-0.0017042608206612928,-0.0001021831444585078,-0.0014638529930290807,0.009974589866159114,0.0,0.0,0.0,0.0,0.0,0.0,0.0,0.0,0.0,0.0,0.0,0.0,0.0
2022-04-06,0.0,0.0,0.00032957748363165236,-0.00537093419317493,0.0,0.0,0.0,0.0,0.0,0.00024978486363472956,0.0,-0.016984361150003225,0.0,0.0,0.0,-0.004088089435039786,0.0,-0.037368544559029354,0.0,-0.022727420001195833,0.0,-0.0162418856562836,-0.01732225895930461,0.0,0.0,0.0,0.0,0.0,0.0,0.0,-0.007073885644827449,0.03542870438834706,5.9006555909433406e-05,0.0009884067570602728,-0.0061892332658826064,0.0061524576906996364,0.0,-0.0007100509192991369,-0.0007074867525181907,0.0010713760992217037,0.0008089750125707445,0.0,-0.003201198542147248,-0.0036500658025525254,-0.0014018801755943894,0.0,0.0,0.00013083521218567185,-0.0013431689790682846,-0.005183150672743046,0.006985926937056178,-0.0034857084332222386,0.0,8.335330727136868e-05,-0.0014451086730045473,0.0,0.04930738995424529,0.03334523671070579,0.007838172724777149,0.0,0.0,0.0,-0.0021524829842012763,0.0,0.0,0.0,0.0,0.0,-0.0004575504674508087,-0.0004314235572774396,0.0,-0.001716181661739426,-3.32232329115882e-05,0.0,0.0001639601011718858,-0.0006474909582046776,-0.0009520134393183988,0.0,0.0,-0.00011181828076671246,0.0,0.0,0.0016924868883013968,0.0,0.0,-0.0009070148526921692,-0.0006216656779876191,0.0,0.0,0.0,0.0016109337520389135,-0.0008137514797595262,-0.0084617525471117,-0.0017252526028498916,-0.0001021831444585078,-0.0014638529930290807,0.0005988133275063971,0.0,0.0,0.0,0.0,0.0,0.0,0.0,0.0,0.0,0.0,0.0,0.0,0.0
2022-04-13,0.0,0.0,-0.001150290040910473,-0.00537093419317493,0.0,0.0,0.0,0.0,0.0,0.00024978486363472956,0.0,-0.016984361150003225,0.0,0.0,0.0,-0.004088089435039786,0.0,-0.037368544559029354,0.0,-0.022282435816541216,0.0,-0.0162418856562836,-0.01732225895930461,0.0,0.0,0.0,0.0,0.0,0.0,0.0,-0.006331931913508365,0.03542870438834706,5.9006555909433406e-05,0.0009884067570602728,-0.0061892332658826064,0.0061524576906996364,0.0,-0.0007100509192991369,0.0005648781662776132,0.0010713760992217037,0.0008089750125707445,0.0,-0.003201198542147248,-0.0036500658025525254,-0.0014018801755943894,0.0,0.0,0.00013083521218567185,-0.0013431689790682846,-0.005183150672743046,0.006985926937056178,-0.0034857084332222386,0.0,8.335330727136868e-05,-0.0014451086730045473,0.0,0.04930738995424529,0.03295460608530151,0.007838172724777149,0.0,0.0,0.0,-0.0021524829842012763,0.0,0.0,0.0,0.0,0.0,-0.0004575504674508087,-0.0004314235572774396,0.0,-0.001716181661739426,-3.32232329115882e-05,0.0,0.0001639601011718858,-0.0006474909582046776,-0.0009520134393183988,0.0,0.0,-0.00011181828076671246,0.0,0.0,0.0016924868883013968,0.0,0.0,-0.0009070148526921692,-0.0006216656779876191,0.0,0.0,0.0,0.0016109337520389135,-0.0008137514797595262,-0.0084617525471117,-0.0017252526028498916,-0.0001021831444585078,-0.0014638529930290807,-0.0024664723149630504,0.0,0.0,0.0,0.0,0.0,0.0,0.0,0.0,0.0,0.0,0.0,0.0,0.0
2022-04-20,0.0,0.0,-0.001150290040910473,-0.00537093419317493,0.0,0.0,0.0,0.0,0.0,-0.00019268015518368644,0.0,-0.016984361150003225,0.0,0.0,0.0,-0.003723741886910616,0.0,-0.03875288424555918,0.0,-0.022282435816541216,0.0,-0.0162418856562836,-0.01732225895930461,0.0,0.0,0.0,0.0,0.0,0.0,0.0,-0.006331931913508365,0.03542870438834706,5.9006555909433406e-05,0.0029388128593548506,0.008508671168733706,0.0019814872564222945,0.0,0.002759594726025008,0.0005648781662776132,0.0010713760992217037,0.0008089750125707445,0.0,-0.0024971524966285324,-0.0036500658025525254,-0.000865785051693893,0.0,0.0,0.00013083521218567185,-0.0013431689790682846,-0.005183150672743046,0.006985926937056178,-0.0034857084332222386,0.0,8.335330727136868e-05,-0.0014451086730045473,0.0,0.04930738995424529,0.03295460608530151,0.007838172724777149,0.0,0.0,0.0,-0.0021524829842012763,0.0,0.0,0.0,0.0,0.0,-0.0004575504674508087,-0.0004314235572774396,0.0,-0.001716181661739426,-3.32232329115882e-05,0.0,0.0001639601011718858,-0.0006474909582046776,-0.0009520134393183988,0.0,0.0,-0.00011181828076671246,0.0,0.0,0.0016924868883013968,0.0,0.0,-1.0524512732205065e-05,-0.0006216656779876191,0.0,0.0,0.0,0.0013614910990442546,-0.0008137514797595262,-0.0084617525471117,-0.0017252526028498916,-0.0001021831444585078,-0.0014638529930290807,-0.0021154341286483266,0.0,0.0,0.0,0.0,0.0,0.0,0.0,0.0,0.0,0.0,0.0,0.0,0.0
2022-04-27,0.0,0.0,-0.001150290040910473,-0.00537093419317493,0.0,0.0,0.0,0.0,0.0,-0.00019268015518368644,0.0,-0.015868716908453255,0.0,0.0,0.0,-0.003723741886910616,0.0,-0.03832029730782283,0.0,-0.022282435816541216,0.0,-0.0162418856562836,-0.01732225895930461,0.0,0.0,0.0,0.0,0.0,0.0,0.0,-0.006331931913508365,0.03542870438834706,5.9006555909433406e-05,0.0029388128593548506,0.008508671168733706,0.0061524576906996364,0.0,0.0058138956983454755,0.0005648781662776132,0.0010713760992217037,0.0008089750125707445,0.0,-0.0024971524966285324,-0.0036500658025525254,-0.000865785051693893,0.0,0.0,0.00013083521218567185,-0.0013431689790682846,-0.005183150672743046,0.006985926937056178,-0.0034857084332222386,0.0,8.335330727136868e-05,-0.0014451086730045473,0.0,0.04930738995424529,0.03295460608530151,0.007838172724777149,0.0,0.0,0.0,-0.0021524829842012763,0.0,0.0,0.0,0.0,0.0,-0.0004575504674508087,-0.0004314235572774396,0.0,-0.001716181661739426,-3.32232329115882e-05,0.0,0.0001639601011718858,-0.0006474909582046776,-0.0009520134393183988,0.0,0.0,-0.00011181828076671246,0.0,0.0,0.0016924868883013968,0.0,0.0,-1.0524512732205065e-05,-0.0006216656779876191,0.0,0.0,0.0,0.0013614910990442546,-0.0008137514797595262,-0.0084617525471117,-0.0017252526028498916,-0.0001021831444585078,-0.0014638529930290807,-0.0021154341286483266,0.0,0.0,0.0,0.0,0.0,0.0,0.0,0.0,0.0,0.0,0.0,0.0,0.0
2022-05-04,0.0,0.0,-0.001150290040910473,-0.00537093419317493,0.0,0.0,0.0,0.0,0.0,-0.00019268015518368644,0.0,-0.015591777165059835,0.0,0.0,0.0,-0.003723741886910616,0.0,-0.04220679294832095,0.0,-0.020620428644363836,0.0,-0.005332671487971534,-0.01732225895930461,0.0,0.0,0.0,0.0,0.0,0.0,0.0,-0.006331931913508365,0.03627641188117556,-0.0023770292896150335,0.0029388128593548506,0.008508671168733706,0.0061524576906996364,0.0,0.004634062885574117,0.0005648781662776132,0.0010713760992217037,0.00015675890487062603,0.0,-0.0024971524966285324,-0.006028003384741542,-0.000865785051693893,0.0,0.0,0.00013083521218567185,0.0013513506056215265,-0.0016328270813689692,-0.011708404596725697,0.0021523907960693547,0.0,8.335330727136868e-05,-0.000930012591197282,0.0,0.04237680155171556,0.03334523671070579,0.007838172724777149,0.0,0.0,0.0,-0.0021524829842012763,0.0,0.0,0.0,0.0,0.0,-0.0004575504674508087,-0.0004314235572774396,0.0,-0.001716181661739426,-3.32232329115882e-05,0.0,-0.002455588491969639,-0.0006474909582046776,-0.0007639588885642885,0.0,0.0,-0.00011181828076671246,0.0,0.0,0.0016924868883013968,0.0,0.0,-1.0524512732205065e-05,-0.0006216656779876191,0.0,0.0,0.0,0.0013614910990442546,-0.0008137514797595262,-0.008312516860670685,-0.0017252526028498916,-0.0001021831444585078,-0.0014638529930290807,0.009028346768624641,0.0,0.0,0.0,0.0,0.0,0.0,0.0,0.0,0.0,0.0,0.0,0.0,0.0
2022-05-11,0.0,0.0,-0.001150290040910473,-0.00537093419317493,0.0,0.0,0.0,0.0,0.0,-0.00019268015518368644,0.0,-0.016572993544510247,0.0,0.0,0.0,-0.003723741886910616,0.0,-0.04235486624179492,0.0,-0.020985446939910397,0.0,-0.019930566839042232,-0.01732225895930461,0.0,0.0,0.0,0.0,0.0,0.0,0.0,-0.006331931913508365,0.03627641188117556,5.9006555909433406e-05,0.0029388128593548506,0.008508671168733706,0.0061524576906996364,0.0,0.004634062885574117,0.0005648781662776132,0.0010713760992217037,0.00015675890487062603,0.0,-0.0024971524966285324,-0.006028003384741542,-0.000865785051693893,0.0,0.0,0.00013083521218567185,0.0025439891348228317,-0.0016328270813689692,-0.011708404596725697,0.0021523907960693547,0.0,8.335330727136868e-05,-0.000930012591197282,0.0,0.0017089722625950338,0.03334523671070579,0.007838172724777149,0.0,0.0,0.0,-0.0021524829842012763,0.0,0.0,0.0,0.0,0.0,-0.0004575504674508087,-0.0004314235572774396,0.0,-0.001716181661739426,-3.32232329115882e-05,0.0,-0.002455588491969639,-0.0006474909582046776,-0.0007639588885642885,0.0,0.0,-0.00011181828076671246,0.0,0.0,0.0016924868883013968,0.0,0.0,-1.0524512732205065e-05,-0.0006216656779876191,0.0,0.0,0.0,0.0013614910990442546,-0.0008137514797595262,-0.008312516860670685,-0.0018161582506413846,-0.0001021831444585078,-0.0014638529930290807,0.008522934777930008,0.0,0.0,0.0,0.0,0.0,0.0,0.0,0.0,0.0,0.0,0.0,0.0,0.0
2022-05-18,0.0,0.0,0.00032957748363165236,-0.00537093419317493,0.0,0.0,0.0,0.0,0.0,-0.00019268015518368644,0.0,-0.016572993544510247,0.0,0.0,0.0,-0.003723741886910616,0.0,-0.04235486624179492,0.0,-0.020985446939910397,0.0,-0.019930566839042232,-0.01732225895930461,0.0,0.0,0.0,0.0,0.0,0.0,0.0,-0.007073885644827449,0.03627641188117556,5.9006555909433406e-05,0.0029388128593548506,0.008508671168733706,0.0061524576906996364,0.0,0.004634062885574117,0.0005648781662776132,0.0010713760992217037,0.00015675890487062603,0.0,-0.0024971524966285324,-0.006028003384741542,-0.000865785051693893,0.0,0.0,0.00013083521218567185,0.0025439891348228317,-0.0016328270813689692,-0.011708404596725697,0.0021523907960693547,0.0,8.335330727136868e-05,-0.000930012591197282,0.0,0.0017089722625950338,0.03334523671070579,0.007838172724777149,0.0,0.0,0.0,-0.0021524829842012763,0.0,0.0,0.0,0.0,0.0,-0.0004575504674508087,-0.0004314235572774396,0.0,-0.001716181661739426,-3.32232329115882e-05,0.0,-0.002455588491969639,-0.0006474909582046776,-0.0007639588885642885,0.0,0.0,-0.00011181828076671246,0.0,0.0,0.0016924868883013968,0.0,0.0,-1.0524512732205065e-05,-0.0006216656779876191,0.0,0.0,0.0,0.0013614910990442546,-0.0008137514797595262,-0.008312516860670685,-0.0018161582506413846,-0.0001021831444585078,-0.0014638529930290807,0.008522934777930008,0.0,0.0,0.0,0.0,0.0,0.0,0.0,0.0,0.0,0.0,0.0,0.0,0.0
2022-05-25,0.0,0.0,0.00032957748363165236,0.0010240291956604437,0.0,0.0,0.0,0.0,0.0,0.00024978486363472956,0.0,-0.018267196800056472,0.0,0.0,0.0,-0.004088089435039786,0.0,-0.04140311349300145,0.0,-0.020985446939910397,0.0,-0.023029431116299626,-0.01732225895930461,0.0,0.0,0.0,0.0,0.0,0.0,0.0,-0.00806225939753663,0.03627641188117556,0.0013332105980988845,0.0009884067570602728,-0.0061892332658826064,0.0061524576906996364,0.0,0.004634062885574117,0.0005648781662776132,0.0010713760992217037,0.00015675890487062603,0.0,-0.0024971524966285324,-0.006028003384741542,-0.0014018801755943894,0.0,0.0,0.00013083521218567185,0.0025439891348228317,-0.0016328270813689692,-0.011708404596725697,0.0021523907960693547,0.0,8.335330727136868e-05,-0.000930012591197282,0.0,0.0017089722625950338,0.03334523671070579,0.007838172724777149,0.0,0.0,0.0,-0.0021524829842012763,0.0,0.0,0.0,0.0,0.0,-0.0004575504674508087,-0.0004314235572774396,0.0,-0.001716181661739426,-3.32232329115882e-05,0.0,-0.002455588491969639,-0.0006474909582046776,-0.0007639588885642885,0.0,0.0,-0.00011181828076671246,0.0,0.0,0.0016924868883013968,0.0,0.0,-0.0009070148526921692,-0.0006216656779876191,0.0,0.0,0.0,0.0016109337520389135,-0.0008137514797595262,-0.008312516860670685,-0.0018161582506413846,-0.0001021831444585078,-0.0014638529930290807,0.008522934777930008,0.0,0.0,0.0,0.0,0.0,0.0,0.0,0.0,0.0,0.0,0.0,0.0,0.0
2022-06-01,0.0,0.0,0.00032957748363165236,0.0010240291956604437,0.0,0.0,0.0,0.0,0.0,0.00024978486363472956,0.0,-0.018267196800056472,0.0,0.0,0.0,-0.004288077649195308,0.0,-0.040010852668049234,0.0,-0.020694987786408787,0.0,-0.004376207250154722,-0.01732225895930461,0.0,0.0,0.0,0.0,0.0,0.0,0.0,-0.00806225939753663,0.03601329760395083,0.00223095289176826,0.0009884067570602728,-0.0061892332658826064,0.0019814872564222945,0.0,0.004634062885574117,0.0005648781662776132,-0.00286786554095657,-0.0002748722897078272,0.0,0.000297748304952722,-0.004717097401803251,-0.0014018801755943894,0.0,0.0,0.00013083521218567185,0.0025439891348228317,0.002387454081221984,-0.010880312395682544,-0.0034857084332222386,0.0,8.335330727136868e-05,0.0008094972056454184,0.0,0.0005649913532124876,0.03334523671070579,0.007838172724777149,0.0,0.0,0.0,-0.0007370923722332256,0.0,0.0,0.0,0.0,0.0,-0.0004575504674508087,-0.0004314235572774396,0.0,-0.001716181661739426,-3.32232329115882e-05,0.0,0.0001639601011718858,-0.0006474909582046776,-0.0007639588885642885,0.0,0.0,-0.00011181828076671246,0.0,0.0,-0.0001876065363152054,0.0,0.0,-0.0009070148526921692,-0.0006216656779876191,0.0,0.0,0.0,0.0017270960844588939,0.001295860847013283,0.00866954830918561,0.0007343804194254393,-0.0001021831444585078,-0.0014638529930290807,0.008522934777930008,0.0,0.0,0.0,0.0,0.0,0.0,0.0,0.0,0.0,0.0,0.0,0.0,0.0
2022-06-08,0.0,0.0,0.00032957748363165236,0.0010240291956604437,0.0,0.0,0.0,0.0,0.0,0.00024978486363472956,0.0,-0.018267196800056472,0.0,0.0,0.0,-0.0033626448701018553,0.0,-0.040010852668049234,0.0,-0.02086361939156848,0.0,0.0003467486988762802,-0.01732225895930461,0.0,0.0,0.0,0.0,0.0,0.0,0.0,-0.00806225939753663,0.03502697138673198,0.00223095289176826,0.000869969052530983,-0.0061892332658826064,-0.0006508624758800526,0.0,0.004634062885574117,0.0005648781662776132,-0.00286786554095657,-0.0002748722897078272,0.0,0.000297748304952722,-0.004717097401803251,-0.0014018801755943894,0.0,0.0,0.00013083521218567185,0.0025439891348228317,0.002387454081221984,-0.010880312395682544,-0.0034857084332222386,0.0,8.335330727136868e-05,0.0008094972056454184,0.0,0.0005649913532124876,0.022780825446179407,0.0065491018032089315,0.0,0.0,0.0,0.004437472471193103,0.0,0.0,0.0,0.0,0.0,-0.0004575504674508087,-0.0004314235572774396,0.0,-0.001716181661739426,-3.32232329115882e-05,0.0,0.0001639601011718858,-0.0006474909582046776,-0.0007639588885642885,0.0,0.0,-0.00011181828076671246,0.0,0.0,-0.0001876065363152054,0.0,0.0,-0.0009070148526921692,-0.0006216656779876191,0.0,0.0,0.0,0.0017270960844588939,0.001295860847013283,0.00866954830918561,0.0007343804194254393,-0.0001021831444585078,-0.0014638529930290807,0.00798565277002856,0.0,0.0,0.0,0.0,0.0,0.0,0.0,0.0,0.0,0.0,0.0,0.0,0.0
2022-06-15,0.0,0.0,0.00032957748363165236,-0.007887919901585973,0.0,0.0,0.0,0.0,0.0,0.00024978486363472956,0.0,-0.018267196800056472,0.0,0.0,0.0,-0.0033626448701018553,0.0,-0.040010852668049234,0.0,-0.02035725761164491,0.0,0.0006676400391662218,-0.01732225895930461,0.0,0.0,0.0,0.0,0.0,0.0,0.0,-0.007073885644827449,0.033939759536970746,0.0010321498375826055,0.000869969052530983,-0.0061892332658826064,-0.0006508624758800526,0.0,0.0034021833293414283,0.0005648781662776132,-0.00286786554095657,-0.0002748722897078272,0.0,0.000297748304952722,-0.004717097401803251,-0.0014018801755943894,0.0,0.0,0.00013083521218567185,0.0025439891348228317,0.002387454081221984,-0.010880312395682544,-0.0034857084332222386,0.0,8.335330727136868e-05,0.0008094972056454184,0.0,0.0005649913532124876,0.022780825446179407,0.0065491018032089315,0.0,0.0,0.0,0.00558947165379617,0.0,0.0,0.0,0.0,0.0,0.0017406115684841955,-0.0004314235572774396,0.0,-0.001716181661739426,-3.32232329115882e-05,0.0,0.0001639601011718858,-0.0006474909582046776,-0.0007639588885642885,0.0,0.0,-0.00011181828076671246,0.0,0.0,-0.0001876065363152054,0.0,0.0,-0.0009070148526921692,-0.0006216656779876191,0.0,0.0,0.0,0.0017270960844588939,0.001295860847013283,0.00866954830918561,0.0007343804194254393,-0.0001021831444585078,-0.0014638529930290807,0.00798565277002856,0.0,0.0,0.0,0.0,0.0,0.0,0.0,0.0,0.0,0.0,0.0,0.0,0.0
2022-06-22,0.0,0.0,0.00032957748363165236,-0.007887919901585973,0.0,0.0,0.0,0.0,0.0,0.00024978486363472956,0.0,-0.018267196800056472,0.0,0.0,0.0,-0.0033626448701018553,0.0,-0.040010852668049234,0.0,-0.02035725761164491,0.0,0.0006442827694922823,-0.01732225895930461,0.0,0.0,0.0,0.0,0.0,0.0,0.0,-0.007073885644827449,0.033939759536970746,0.0010321498375826055,0.000869969052530983,-0.0061892332658826064,-0.0006508624758800526,0.0,0.0034021833293414283,0.0005648781662776132,-0.00286786554095657,-0.0002748722897078272,0.0,0.000297748304952722,-0.004717097401803251,-0.0014018801755943894,0.0,0.0,0.00013083521218567185,0.0025439891348228317,0.002387454081221984,-0.010880312395682544,-0.0034857084332222386,0.0,8.335330727136868e-05,0.0008094972056454184,0.0,0.0005649913532124876,0.022780825446179407,0.0065491018032089315,0.0,0.0,0.0,0.00558947165379617,0.0,0.0,0.0,0.0,0.0,0.0017406115684841955,-0.0004314235572774396,0.0,-0.001716181661739426,-3.32232329115882e-05,0.0,0.0001639601011718858,-0.0006474909582046776,-0.0007639588885642885,0.0,0.0,-0.00011181828076671246,0.0,0.0,-0.0001876065363152054,0.0,0.0,-0.0009070148526921692,-0.0006216656779876191,0.0,0.0,0.0,0.0017270960844588939,0.0005177858714945219,0.00866954830918561,0.0007343804194254393,-0.0001021831444585078,-0.0014638529930290807,0.00798565277002856,0.0,0.0,0.0,0.0,0.0,0.0,0.0,0.0,0.0,0.0,0.0,0.0,0.0
2022-06-29,0.0,0.0,0.00032957748363165236,-0.007887919901585973,0.0,0.0,0.0,0.0,0.0,0.00024978486363472956,0.0,-0.018267196800056472,0.0,0.0,0.0,-0.0033626448701018553,0.0,-0.040010852668049234,0.0,-0.02035725761164491,0.0,0.00012513444271173538,-0.01732225895930461,0.0,0.0,0.0,0.0,0.0,0.0,0.0,-0.007073885644827449,0.033939759536970746,0.0010321498375826055,0.000869969052530983,-0.0061892332658826064,-0.0006508624758800526,0.0,0.0034021833293414283,0.0005648781662776132,-0.00286786554095657,-0.0002748722897078272,0.0,0.000297748304952722,-0.004717097401803251,-0.0014018801755943894,0.0,0.0,0.00013083521218567185,0.0025439891348228317,0.002387454081221984,-0.010880312395682544,-0.0034857084332222386,0.0,8.335330727136868e-05,0.0008094972056454184,0.0,0.0005649913532124876,0.022780825446179407,0.0065491018032089315,0.0,0.0,0.0,0.00558947165379617,0.0,0.0,0.0,0.0,0.0,0.0017406115684841955,-0.0004314235572774396,0.0,-0.001716181661739426,-3.32232329115882e-05,0.0,0.0001639601011718858,-0.0006474909582046776,-0.0007639588885642885,0.0,0.0,-0.00011181828076671246,0.0,0.0,-0.0001876065363152054,0.0,0.0,-0.0009070148526921692,-0.0006216656779876191,0.0,0.0,0.0,0.0017270960844588939,-0.0008137514797595262,0.00866954830918561,0.0007343804194254393,-0.0001021831444585078,-0.0014638529930290807,0.00798565277002856,0.0,0.0,0.0,0.0,0.0,0.0,0.0,0.0,0.0,0.0,0.0,0.0,0.0
2022-07-06,0.0,0.0,0.00032957748363165236,0.0010240291956604437,0.0,0.0,0.0,0.0,0.0,0.00024978486363472956,0.0,-0.018267196800056472,0.0,0.0,0.0,-0.0031626566559463335,0.0,-0.04076284503461754,0.0,-0.022943479640396957,0.0,0.0004739209140632991,0.00825032373204903,0.0,0.0,0.0,0.0,0.0,0.0,0.0,-0.008844635874303728,0.03501319699706814,0.00223095289176826,0.000869969052530983,-0.0061892332658826064,0.0003288828832063689,0.0,0.0034021833293414283,0.0005648781662776132,0.0010713760992217037,-0.0024378007672191263,0.0,0.000297748304952722,-0.004717097401803251,-0.0014018801755943894,0.0,0.0,0.0010170238987222847,0.00044559274683208833,0.002387454081221984,0.006985926937056178,-0.0034857084332222386,0.0,8.335330727136868e-05,0.0008094972056454184,0.0,0.00045205695722659383,0.022780825446179407,0.0065491018032089315,0.0,0.0,0.0,0.006938305230416944,0.0,0.0,0.0,0.0,0.0,0.0017406115684841955,-0.0004314235572774396,0.0,-0.001716181661739426,-3.32232329115882e-05,0.0,0.0001639601011718858,-0.0006474909582046776,-0.0009520134393183988,0.0,0.0,-0.00011181828076671246,0.0,0.0,0.0016924868883013968,0.0,0.0,-0.0009070148526921692,5.9530677936784504e-05,0.0,0.0,0.0,0.0017270960844588939,-0.0008137514797595262,-0.007671036738850627,-0.000879600222850538,0.0002839263789432221,-0.0014638529930290807,0.00798565277002856,0.0,0.0,0.0,0.0,0.0,0.0,0.0,0.0,0.0,0.0,0.0,0.0,0.0
2022-07-13,0.0,0.0,0.00032957748363165236,0.002568686149335462,0.0,0.0,0.0,0.0,0.0,0.00024978486363472956,0.0,-0.018267196800056472,0.0,0.0,0.0,-0.0031626566559463335,0.0,-0.04076284503461754,0.0,-0.022943479640396957,0.0,0.0004739209140632991,0.00825032373204903,0.0,0.0,0.0,0.0,0.0,0.0,0.0,-0.008844635874303728,0.03501319699706814,0.00223095289176826,0.000869969052530983,-0.00604586576249092,0.0003288828832063689,0.0,0.0034021833293414283,0.0005648781662776132,0.0010713760992217037,-0.0024378007672191263,0.0,0.000297748304952722,-0.004717097401803251,-0.0014018801755943894,0.0,0.0,0.0010170238987222847,0.00044559274683208833,0.002387454081221984,0.006985926937056178,-0.0034857084332222386,0.0,8.335330727136868e-05,0.0008094972056454184,0.0,0.00045205695722659383,0.022780825446179407,0.0065491018032089315,0.0,0.0,0.0,0.006938305230416944,0.0,0.0,0.0,0.0,0.0,0.0017406115684841955,-0.0004314235572774396,0.0,-0.001716181661739426,-3.32232329115882e-05,0.0,0.0001639601011718858,-0.0006474909582046776,-0.0009520134393183988,0.0,0.0,-0.00011181828076671246,0.0,0.0,0.0016924868883013968,0.0,0.0,-0.0009070148526921692,5.9530677936784504e-05,0.0,0.0,0.0,0.0017270960844588939,-0.0008137514797595262,-0.007671036738850627,-0.000879600222850538,0.0002839263789432221,-0.0014638529930290807,0.00798565277002856,0.0,0.0,0.0,0.0,0.0,0.0,0.0,0.0,0.0,0.0,0.0,0.0,0.0
2022-07-20,0.0,0.0,0.00032957748363165236,0.002869725555094249,0.0,0.0,0.0,0.0,0.0,0.00024978486363472956,0.0,-0.018267196800056472,0.0,0.0,0.0,-0.0031626566559463335,0.0,-0.039078170358685174,0.0,-0.022943479640396957,0.0,0.0007565376388914003,0.00825032373204903,0.0,0.0,0.0,0.0,0.0,0.0,0.0,-0.0037526536233337218,0.03266580786140285,0.00223095289176826,0.000869969052530983,-0.00604586576249092,0.0003288828832063689,0.0,0.0034021833293414283,0.0005648781662776132,0.0010713760992217037,-0.0024378007672191263,0.0,0.000297748304952722,-0.004717097401803251,-0.0014018801755943894,0.0,0.0,0.0010170238987222847,0.00044559274683208833,0.002387454081221984,0.007098980203751961,-0.0034857084332222386,0.0,8.335330727136868e-05,0.0008094972056454184,0.0,-0.002462466369745973,0.022780825446179407,0.0065491018032089315,0.0,0.0,0.0,0.006938305230416944,0.0,0.0,0.0,0.0,0.0,0.0017406115684841955,-0.0004314235572774396,0.0,-0.0010352994423525725,-3.32232329115882e-05,0.0,0.0001639601011718858,-0.0006474909582046776,-0.0009520134393183988,0.0,0.0,9.86451682380313e-05,0.0,0.0,0.0016924868883013968,0.0,0.0,-0.0009070148526921692,5.9530677936784504e-05,0.0,0.0,0.0,0.0017270960844588939,-0.0008137514797595262,-0.007671036738850627,-0.000879600222850538,0.0002839263789432221,-0.0014638529930290807,0.00798565277002856,0.0,0.0,0.0,0.0,0.0,0.0,0.0,0.0,0.0,0.0,0.0,0.0,0.0
2022-07-27,0.0,0.0,0.00032957748363165236,0.002869725555094249,0.0,0.0,0.0,0.0,0.0,0.00024978486363472956,0.0,0.012028168428751488,0.0,0.0,0.0,-0.0005570003715012358,0.0,0.04038291307395197,0.0,-0.012354581539224434,0.0,0.009281078096119296,0.00825032373204903,0.0,0.0,0.0,0.0,0.0,0.0,0.0,-0.003657412627897159,0.02761690568408004,0.0029330062218159863,0.0007687922386865698,-0.005039176296245401,0.001193556594629937,0.0,-0.0010486456219669076,0.0005648781662776132,0.0006198206290629873,-0.003073782496823557,0.0,-0.00021387419724229527,-0.004917934691694144,-0.0014018801755943894,0.0,0.0,0.0010170238987222847,0.0015856237596336693,0.002387454081221984,0.0070987697248548025,-0.0031672246598570242,0.0,8.335330727136868e-05,0.0008094972056454184,0.0,-0.002336427301536345,0.02153204951289697,0.0065491018032089315,0.0,0.0,0.0,0.0055715082886320195,0.0,0.0,0.0,0.0,0.0,0.001195496548357897,-0.0004314235572774396,0.0,-0.0014369001233099123,-3.32232329115882e-05,0.0,0.0001639601011718858,-0.0006474909582046776,-0.0009520134393183988,0.0,0.0,-0.00011181828076671246,0.0,0.0,0.0016924868883013968,0.0,0.0,0.0005123910785140275,-2.393376235417659e-05,0.0,0.0,0.0,0.0036501176819912556,-0.0003251498956067496,-0.00681055743374964,-0.000879600222850538,0.0002839263789432221,-0.0015249381768543263,0.007489745584175707,0.0,0.0,0.0,0.0,0.0,0.0,0.0,0.0,0.0,0.0,0.0,0.0,0.0
2022-08-03,0.0,0.0,0.00032957748363165236,0.002869725555094249,0.0,0.0,0.0,0.0,0.0,0.00024978486363472956,0.0,0.012028168428751488,0.0,0.0,0.0,0.004139505064849897,0.0,0.061662331695010335,0.0,0.009827597721752459,0.0,0.0014822539162939767,0.007750323512988044,0.0,0.0,0.0,0.0,0.0,0.0,0.0,-0.004362610094825494,0.0265783360975703,0.0027845613332002786,0.0007687922386865698,-0.005945067226032811,0.0001674023124622487,0.0,-0.0005115497213850305,0.0005648781662776132,0.0015733775716631612,0.0005820616204307539,0.0,0.0031247430188428398,-0.004917934691694144,-0.0014018801755943894,0.0,0.0,0.0010170238987222847,0.0015856237596336693,0.002643195152578351,0.007097330498185181,0.0016153513086401361,0.0,-0.00010883304786625036,0.0008094972056454184,0.0,0.0007162665948358459,0.01054069741149926,0.0065491018032089315,0.0,0.0,0.0,0.004222674712011246,0.0,0.0,0.0,0.0,0.0,-0.00031425736473378535,-0.0004314235572774396,0.0,-0.0010352994423525725,-3.32232329115882e-05,0.0,0.0001639601011718858,-0.0006474909582046776,-0.0009520134393183988,0.0,0.0,9.86451682380313e-05,0.0,0.0,-0.0001876065363152054,0.0,0.0,-0.0009070148526921692,0.0002499349766603285,0.0,0.0,0.0,0.004499082318888773,0.001295860847013283,0.016154685045863225,0.0007343804194254393,0.0002839263789432221,-0.0015249381768543263,0.00843598868171018,0.0,0.0,0.0,0.0,0.0,0.0,0.0,0.0,0.0,0.0,0.0,0.0,0.0
2022-08-10,0.0,0.0,0.00032957748363165236,0.002869725555094249,0.0,0.0,0.0,0.0,0.0,0.00024978486363472956,0.0,0.012028168428751488,0.0,0.0,0.0,0.0007785267871485532,0.0,0.06283438194896841,0.0,-0.007117277912615455,0.0,0.0019499403764546193,0.00825032373204903,0.0,0.0,0.0,0.0,0.0,0.0,0.0,-0.004362610094825494,0.0265783360975703,0.0027845613332002786,0.0007687922386865698,-0.005945067226032811,-0.0003050395959397588,0.0,-0.0005115497213850305,0.0005648781662776132,0.0015733775716631612,0.0005820616204307539,0.0,0.0036046207475497567,-0.004917934691694144,-0.0014018801755943894,0.0,0.0,0.0010170238987222847,0.0015856237596336693,0.002643195152578351,0.007097330498185181,0.0016153513086401361,0.0,8.335330727136868e-05,0.0008094972056454184,0.0,0.0007162665948358459,0.005087785339068049,0.0012642089077822976,0.0,0.0,0.0,0.004222674712011246,0.0,0.0,0.0,0.0,0.0,-0.00031425736473378535,-0.0004314235572774396,0.0,-0.0010352994423525725,-3.32232329115882e-05,0.0,0.0001639601011718858,-0.0006474909582046776,-0.0009520134393183988,0.0,0.0,9.86451682380313e-05,0.0,0.0,-0.0001876065363152054,0.0,0.0,-0.0009070148526921692,0.0002499349766603285,0.0,0.0,0.0,0.004499082318888773,0.001295860847013283,0.015511528691009947,0.0007343804194254393,0.0002839263789432221,-0.0015249381768543263,0.00843598868171018,0.0,0.0,0.0,0.0,0.0,0.0,0.0,0.0,0.0,0.0,0.0,0.0,0.0
2022-08-17,0.0,0.0,0.00032957748363165236,0.002869725555094249,0.0,0.0,0.0,0.0,0.0,0.00024978486363472956,0.0,0.012028168428751488,0.0,0.0,0.0,-0.0007569885856567576,0.0,0.06283438194896841,0.0,-0.005681862123449984,0.0,0.00757747318161604,0.00825032373204903,0.0,0.0,0.0,0.0,0.0,0.0,0.0,-0.004362610094825494,0.02595887500837888,0.0029330062218159863,0.000704210771270106,-0.005945067226032811,-0.0056206532291812866,0.0,-0.0005115497213850305,0.0005648781662776132,0.0011218221015044448,0.00026297825509627535,0.0,0.0036046207475497567,-0.004917934691694144,-0.0014018801755943894,0.0,0.0,0.0010170238987222847,0.0015856237596336693,0.002643195152578351,0.007097330498185181,0.0016153513086401361,0.0,-0.00010883304786625036,0.0008094972056454184,0.0,0.0007162665948358459,0.005087785339068049,0.0012642089077822976,0.0,0.0,0.0,0.004222674712011246,0.0,0.0,0.0,0.0,0.0,-0.00031425736473378535,-0.0004314235572774396,0.0,-0.0010352994423525725,-3.32232329115882e-05,0.0,0.0001639601011718858,-0.0006474909582046776,-0.0009520134393183988,0.0,0.0,9.86451682380313e-05,0.0,0.0,-0.0001876065363152054,0.0,0.0,-0.0009070148526921692,-0.0006216656779876191,0.0,0.0,0.0,0.004499082318888773,0.0005177858714945219,0.014372432731258027,0.0007343804194254393,0.0002839263789432221,-0.0015249381768543263,0.00843598868171018,0.0,0.0,0.0,0.0,0.0,0.0,0.0,0.0,0.0,0.0,0.0,0.0,0.0
2022-08-24,0.0,0.0,0.0006905592047700323,0.002869725555094249,0.0,0.0,0.0,0.0,0.0,0.00024978486363472956,0.0,0.012028168428751488,0.0,0.0,0.0,0.006057202798859571,0.0,0.0634826056697537,0.0,0.036062174785800656,0.0,0.008145000291921615,0.006470503946475518,0.0,0.0,0.0,0.0,0.0,0.0,0.0,0.021148750681073337,0.00788782969798315,0.0027845613332002786,-8.449670170173593e-05,-0.005945067226032811,0.0001674023124622487,0.0,-0.0005115497213850305,-0.00011099836907312239,0.0011218221015044448,0.00026297825509627535,0.0,0.0031247430188428398,-0.004917934691694144,-0.0014018801755943894,0.0,0.0,0.0010170238987222847,0.0015856237596336693,0.002643195152578351,0.007242134185812412,0.0016153513086401361,0.0,-0.00010883304786625036,0.0006022146465338709,0.0,0.0007162665948358459,0.001969620177727123,0.0012642089077822976,0.0,0.0,0.0,0.004222674712011246,0.0,0.0,0.0,0.0,0.0,-0.00031425736473378535,-0.0004314235572774396,0.0,-0.0014369001233099123,-0.0001800087616183103,0.0,0.0001639601011718858,-0.0006474909582046776,-0.0009520134393183988,0.0,0.0,-0.00011181828076671246,0.0,0.0,-0.0001876065363152054,0.0,0.0,-0.0009070148526921692,-0.0006216656779876191,0.0,0.0,0.0,0.006916250720409011,0.0005177858714945219,0.015015589086111303,0.0007343804194254393,0.0002839263789432221,-0.0015249381768543263,0.00843598868171018,0.0,0.0,0.0,0.0,0.0,0.0,0.0,0.0,0.0,0.0,0.0,0.0,0.0
2022-08-31,0.0,0.0,0.0006905592047700323,0.002869725555094249,0.0,0.0,0.0,0.0,0.0,0.00024978486363472956,0.0,0.012028168428751488,0.0,0.0,0.0,0.006057202798859571,0.0,0.06231055541579562,0.0,0.04166956766986824,0.0,0.009151787979966767,0.006470503946475518,0.0,0.0,0.0,0.0,0.0,0.0,0.0,0.021148750681073337,0.00788782969798315,0.0027845613332002786,-8.449670170173593e-05,-0.005945067226032811,0.0001674023124622487,0.0,-3.6557870000529364e-05,-0.00011099836907312239,0.0011218221015044448,0.00026297825509627535,0.0,0.0031247430188428398,-0.004917934691694144,-0.0014018801755943894,0.0,0.0,0.0010170238987222847,0.0015856237596336693,0.002643195152578351,0.007242134185812412,0.0016153513086401361,0.0,-0.00010883304786625036,0.0006022146465338709,0.0,-0.002015032845184246,0.007422532250158335,0.0012642089077822976,0.0,0.0,0.0,0.005971646473899271,0.0,0.0,0.0,0.0,0.0,-0.00031425736473378535,-0.00019619499866664516,0.0,-0.0014369001233099123,-0.0001800087616183103,0.0,0.0001639601011718858,-0.0006474909582046776,-0.0009520134393183988,0.0,0.0,-0.00011181828076671246,0.0,0.0,-0.0001876065363152054,0.0,0.0,-0.0009070148526921692,-0.0006216656779876191,0.0,0.0,0.0,0.006916250720409011,-0.0003251498956067496,0.015015589086111303,0.0007343804194254393,0.0002839263789432221,-0.0015249381768543263,0.00843598868171018,0.0,0.0,0.0,0.0,0.0,0.0,0.0,0.0,0.0,0.0,0.0,0.0,0.0
2022-09-07,0.0,0.0,0.0006905592047700323,0.002869725555094249,0.0,0.0,0.0,0.0,0.0,0.00024978486363472956,0.0,0.012028168428751488,0.0,0.0,0.0,0.005275305644605758,0.0,0.06382670095114001,0.0,0.04166956766986824,0.0,0.010316291666585512,0.006470503946475518,0.0,0.0,0.0,0.0,0.0,0.0,0.0,0.021148750681073337,0.00788782969798315,0.0027845613332002786,-8.449670170173593e-05,-0.005945067226032811,0.0001674023124622487,0.0,-3.6557870000529364e-05,-0.00011099836907312239,0.0011218221015044448,0.0018250912756801105,0.0,0.0031247430188428398,-0.002067102661208647,-0.0014018801755943894,0.0,0.0,0.0010170238987222847,0.004578800386504427,0.002643195152578351,0.007242134185812412,0.0016153513086401361,0.0,-0.00010883304786625036,0.001038384715806152,0.0,-0.0021784395879975997,0.001969620177727123,0.0012642089077822976,0.0,0.0,0.0,0.007320480050520045,0.0,0.0,0.0,0.0,0.0,-0.00031425736473378535,-0.00019619499866664516,0.0,-0.0014369001233099123,-0.0001800087616183103,0.0,0.0001639601011718858,-0.0006474909582046776,-0.0009520134393183988,0.0,0.0,-0.00011181828076671246,0.0,0.0,0.0016924868883013968,0.0,0.0,-0.0009070148526921692,-0.0006216656779876191,0.0,0.0,0.0,0.00680008838798903,-0.0003251498956067496,-0.007149286447305698,-0.0017951664684527858,0.0002839263789432221,-0.0015249381768543263,0.008766308085358821,0.0,0.0,0.0,0.0,0.0,0.0,0.0,0.0,0.0,0.0,0.0,0.0,0.0
2022-09-14,0.0,0.0,0.0006905592047700323,0.002869725555094249,0.0,0.0,0.0,0.0,0.0,0.00024978486363472956,0.0,0.012028168428751488,0.0,0.0,0.0,0.005275305644605758,0.0,0.06382670095114001,0.0,0.04166956766986824,0.0,0.010316291666585512,0.006470503946475518,0.0,0.0,0.0,0.0,0.0,0.0,0.0,0.021148750681073337,0.00788782969798315,0.0027845613332002786,-8.449670170173593e-05,-0.005945067226032811,0.0001674023124622487,0.0,-3.6557870000529364e-05,-0.00011099836907312239,0.0011218221015044448,0.0018250912756801105,0.0,0.0031247430188428398,-0.002067102661208647,-0.0014018801755943894,0.0,0.0,0.0010170238987222847,0.004578800386504427,0.002643195152578351,0.007242134185812412,0.0016153513086401361,0.0,-0.00010883304786625036,0.001038384715806152,0.0,-0.0021784395879975997,0.001969620177727123,0.0012642089077822976,0.0,0.0,0.0,0.007320480050520045,0.0,0.0,0.0,0.0,0.0,-0.00031425736473378535,-0.00019619499866664516,0.0,-0.0014369001233099123,-0.0001800087616183103,0.0,0.0001639601011718858,-0.0006474909582046776,-0.0009520134393183988,0.0,0.0,-0.00011181828076671246,0.0,0.0,0.0016924868883013968,0.0,0.0,-0.0009070148526921692,-0.0006216656779876191,0.0,0.0,0.0,0.00680008838798903,-0.0003251498956067496,-0.007149286447305698,-0.0017951664684527858,0.0002839263789432221,-0.0015249381768543263,0.008766308085358821,0.0,0.0,0.0,0.0,0.0,0.0,0.0,0.0,0.0,0.0,0.0,0.0,0.0
2022-09-21,0.0,0.0,0.0006905592047700323,0.002869725555094249,0.0,0.0,0.0,0.0,0.0,-0.00019268015518368644,0.0,0.012028168428751488,0.0,0.0,0.0,0.005275305644605758,0.0,0.06284332931735734,0.0,0.03886747497085421,0.0,0.010316291666585512,0.007366874440749942,0.0,0.0,0.0,0.0,0.0,0.0,0.0,0.007410811505055057,0.01626590276827788,0.0027845613332002786,0.00023024498681513205,0.008721218323594305,0.000905633787189835,0.0,-3.6557870000529364e-05,-0.00011099836907312239,0.0011218221015044448,0.001287240730876008,0.0,0.0031247430188428398,-0.002067102661208647,-0.000865785051693893,0.0,0.0,0.0010170238987222847,0.004578800386504427,0.002643195152578351,0.006969325364477325,0.0016153513086401361,0.0,-0.00010883304786625036,0.001038384715806152,0.0,-0.0021784395879975997,0.001969620177727123,0.0012642089077822976,0.0,0.0,0.0,0.007320480050520045,0.0,0.0,0.0,0.0,0.0,-0.00031425736473378535,-0.00019619499866664516,0.0,-0.0014369001233099123,-3.32232329115882e-05,0.0,0.0001639601011718858,-0.0006474909582046776,-0.0009520134393183988,0.0,0.0,-0.00011181828076671246,0.0,0.0,0.0016924868883013968,0.0,0.0,-1.0524512732205065e-05,-0.0006216656779876191,0.0,0.0,0.0,0.00461516640961536,-0.0003251498956067496,-0.007149286447305698,-0.0017951664684527858,0.0002839263789432221,-0.0015249381768543263,0.008766308085358821,0.0,0.0,0.0,0.0,0.0,0.0,0.0,0.0,0.0,0.0,0.0,0.0,0.0
2022-09-28,0.0,0.0,0.0006905592047700323,0.002869725555094249,0.0,0.0,0.0,0.0,0.0,-0.00019268015518368644,0.0,0.012028168428751488,0.0,0.0,0.0,0.005275305644605758,0.0,0.06124026343586968,0.0,0.04072383433106814,0.0,0.009592120703368462,0.007366874440749942,0.0,0.0,0.0,0.0,0.0,0.0,0.0,0.007410811505055057,0.01626590276827788,0.0027845613332002786,0.00023024498681513205,0.008721218323594305,0.00455022988516081,0.0,-3.6557870000529364e-05,-0.00011099836907312239,0.0011218221015044448,0.001287240730876008,0.0,0.0031247430188428398,-0.002067102661208647,-0.000865785051693893,0.0,0.0,0.0010170238987222847,0.004578800386504427,0.002643195152578351,0.006969325364477325,0.0016153513086401361,0.0,-0.00010883304786625036,0.001038384715806152,0.0,-0.0021784395879975997,-0.001850629060973347,0.0012642089077822976,0.0,0.0,0.0,0.007320480050520045,0.0,0.0,0.0,0.0,0.0,-0.00031425736473378535,-0.00019619499866664516,0.0,-0.0014369001233099123,-3.32232329115882e-05,0.0,0.0001639601011718858,-0.0006474909582046776,-0.0009520134393183988,0.0,0.0,-0.00011181828076671246,0.0,0.0,0.0016924868883013968,0.0,0.0,-1.0524512732205065e-05,-0.0006216656779876191,0.0,0.0,0.0,0.00461516640961536,0.0005177858714945219,-0.007149286447305698,-0.0017951664684527858,0.0002839263789432221,-0.0015249381768543263,0.008766308085358821,0.0,0.0,0.0,0.0,0.0,0.0,0.0,0.0,0.0,0.0,0.0,0.0,0.0
2022-10-05,0.0,0.0,-0.0024101870284130543,0.002869725555094249,0.0,0.0,0.0,0.0,0.0,-0.00019268015518368644,0.0,0.012028168428751488,0.0,0.0,0.0,0.005275305644605758,0.0,0.060578324675665304,0.0,0.037915950624880825,0.0,0.00930950397854036,0.007366874440749942,0.0,0.0,0.0,0.0,0.0,0.0,0.0,0.006531886527733177,0.01626590276827788,0.0027845613332002786,0.00023024498681513205,0.008721218323594305,0.00455022988516081,0.0,-3.6557870000529364e-05,-0.00011099836907312239,0.0011218221015044448,0.001287240730876008,0.0,0.0031247430188428398,0.00814441326560888,-0.000865785051693893,0.0,0.0,0.0010170238987222847,0.004578800386504427,0.002643195152578351,0.007428692851403422,0.0016153513086401361,0.0,-0.00010883304786625036,0.001038384715806152,0.0,0.0007360837389749666,-0.001850629060973347,0.0012642089077822976,0.0,0.0,0.0,0.007320480050520045,0.0,0.0,0.0,0.0,0.0,-0.00031425736473378535,0.0006079802705184064,0.0,-0.0014369001233099123,-3.32232329115882e-05,0.0,-0.00011219194540547791,0.0027199410467702786,-6.387705799851305e-05,0.0,0.0,-0.00011181828076671246,0.0,0.0,0.0016924868883013968,0.0,0.0,-1.0524512732205065e-05,-0.0006216656779876191,0.0,0.0,0.0,0.00540010758116351,0.0005177858714945219,-0.007149286447305698,-0.0017951664684527858,0.0002839263789432221,-0.0015249381768543263,0.008766308085358821,0.0,0.0,0.0,0.0,0.0,0.0,0.0,0.0,0.0,0.0,0.0,0.0,0.0
2022-10-12,0.0,0.0,-0.0024101870284130543,0.002869725555094249,0.0,0.0,0.0,0.0,0.0,-0.00019268015518368644,0.0,0.012028168428751488,0.0,0.0,0.0,0.005275305644605758,0.0,0.060578324675665304,0.0,0.03510515162044188,0.0,0.00930950397854036,0.007366874440749942,0.0,0.0,0.0,0.0,0.0,0.0,0.0,0.006531886527733177,0.01626590276827788,0.0027845613332002786,0.00023024498681513205,0.008721218323594305,0.00455022988516081,0.0,-3.6557870000529364e-05,-0.00011099836907312239,0.0011218221015044448,0.001287240730876008,0.0,0.0031247430188428398,0.00814441326560888,-0.000865785051693893,0.0,0.0,0.0010170238987222847,0.004578800386504427,0.002643195152578351,0.007428692851403422,0.0016153513086401361,0.0,-0.00010883304786625036,0.001038384715806152,0.0,0.0007360837389749666,0.001969620177727123,0.0012642089077822976,0.0,0.0,0.0,0.007320480050520045,0.0,0.0,0.0,0.0,0.0,-0.00031425736473378535,0.0006079802705184064,0.0,-0.0014369001233099123,-3.32232329115882e-05,0.0,-0.00011219194540547791,0.0027199410467702786,-6.387705799851305e-05,0.0,0.0,-0.00011181828076671246,0.0,0.0,0.0016924868883013968,0.0,0.0,-1.0524512732205065e-05,-0.0006216656779876191,0.0,0.0,0.0,0.00540010758116351,0.0005177858714945219,-0.007149286447305698,-0.0017951664684527858,0.0002839263789432221,-0.0015249381768543263,0.008766308085358821,0.0,0.0,0.0,0.0,0.0,0.0,0.0,0.0,0.0,0.0,0.0,0.0,0.0
2022-10-19,0.0,0.0,-0.0024101870284130543,0.002869725555094249,0.0,0.0,0.0,0.0,0.0,-0.00019268015518368644,0.0,0.012028168428751488,0.0,0.0,0.0,0.0032738226863318672,0.0,0.05993010095488002,0.0,0.03510515162044188,0.0,0.005739034581055381,0.007366874440749942,0.0,0.0,0.0,0.0,0.0,0.0,0.0,0.006531886527733177,0.023380972081090395,0.0027845613332002786,0.0001737983408620863,0.0068479829265112035,0.00455022988516081,0.0,-3.6557870000529364e-05,-0.00011099836907312239,0.0011218221015044448,0.001287240730876008,0.0,0.0031247430188428398,0.00814441326560888,-0.000865785051693893,0.0,0.0,0.0010170238987222847,0.004578800386504427,0.002643195152578351,0.00731563958470764,0.0016153513086401361,0.0,-0.00010883304786625036,0.001038384715806152,0.0,0.0007360837389749666,0.001969620177727123,0.0012642089077822976,0.0,0.0,0.0,0.007320480050520045,0.0,0.0,0.0,0.0,0.0,-0.00031425736473378535,0.0006079802705184064,0.0,-0.0014369001233099123,-3.32232329115882e-05,0.0,-0.00011219194540547791,0.0027199410467702786,-6.387705799851305e-05,0.0,0.0,-0.00011181828076671246,0.0,0.0,0.0016924868883013968,0.0,0.0,5.945510609537194e-06,-0.0006216656779876191,0.0,0.0,0.0,0.00540010758116351,0.0005177858714945219,-0.007640521579948714,-0.0017951664684527858,0.0002839263789432221,-0.0015249381768543263,0.008766308085358821,0.0,0.0,0.0,0.0,0.0,0.0,0.0,0.0,0.0,0.0,0.0,0.0,0.0
2022-10-26,0.0,0.0,-0.001150290040910473,0.002568686149335462,0.0,0.0,0.0,0.0,0.0,-0.00019268015518368644,0.0,0.012028168428751488,0.0,0.0,0.0,0.0032738226863318672,0.0,0.05993010095488002,0.0,0.03510515162044188,0.0,0.008741976868234786,0.007366874440749942,0.0,0.0,0.0,0.0,0.0,0.0,0.0,-0.008712638614476418,0.02103358294542511,0.0027845613332002786,-0.0004999211058102195,0.008721218323594305,0.00455022988516081,0.0,-3.6557870000529364e-05,-0.00011099836907312239,0.0011218221015044448,0.0016063240962104867,0.0,0.0031247430188428398,0.00814441326560888,-0.000865785051693893,0.0,0.0,0.0010170238987222847,0.004578800386504427,0.002643195152578351,0.007428692851403422,0.0016153513086401361,0.0,-0.00010883304786625036,0.001038384715806152,0.0,0.0007360837389749666,0.0018204844844198638,0.0012642089077822976,0.0,0.0,0.0,0.007320480050520045,0.0,0.0,0.0,0.0,0.0,-0.00031425736473378535,0.0006079802705184064,0.0,-0.0014369001233099123,-3.32232329115882e-05,0.0,-0.00011219194540547791,0.0027199410467702786,-6.387705799851305e-05,0.0,0.0,-0.00011181828076671246,0.0,0.0,0.0016924868883013968,0.0,0.0,-1.0524512732205065e-05,0.0002499349766603285,0.0,0.0,0.0,0.004918418505022285,0.0005177858714945219,-0.007149286447305698,-0.0017951664684527858,0.0002839263789432221,-0.0015249381768543263,0.008766308085358821,0.0,0.0,0.0,0.0,0.0,0.0,0.0,0.0,0.0,0.0,0.0,0.0,0.0
2022-11-02,0.0,0.0,-0.001150290040910473,0.002568686149335462,0.0,0.0,0.0,0.0,0.0,0.00022489481835319872,0.0,0.008661715021045686,0.0,0.0,0.0,0.0032738226863318672,0.0,0.059881057625204764,0.0,0.03941934148337995,0.0,0.008741976868234786,0.0069911451358092335,0.0,0.0,0.0,0.0,0.0,0.0,0.0,-0.008712638614476418,0.02103358294542511,0.0027845613332002786,-0.0004999211058102195,0.007642101988619134,0.00455022988516081,0.0,-0.0010022107912997318,-0.00011099836907312239,0.0011218221015044448,0.001128058377905223,0.0,-0.002489634546858794,-0.002067102661208647,0.0014889430101480401,0.0,0.0,-0.0006706461940849845,0.004578800386504427,0.002643195152578351,0.006969325364477325,0.0016153513086401361,0.0,0.0001489980422553662,-0.0012073814880234912,0.0,0.0008742543083745905,0.007273396556851076,0.0012642089077822976,0.0,0.0,0.0,0.0055715082886320195,0.0,0.0,0.0,0.0,0.0,0.001195496548357897,-0.00019619499866664516,0.0,-0.0010352994423525725,-3.32232329115882e-05,0.0,0.0001639601011718858,0.0027199410467702786,-6.387705799851305e-05,0.0,0.0,9.86451682380313e-05,0.0,0.0,0.0016924868883013968,0.0,0.0,5.945510609537194e-06,0.0002499349766603285,0.0,0.0,0.0,0.004410771773790985,0.0005177858714945219,-0.007149286447305698,0.0007343804194254393,0.0002839263789432221,-0.0015249381768543263,0.008766308085358821,0.0,0.0,0.0,0.0,0.0,0.0,0.0,0.0,0.0,0.0,0.0,0.0,0.0
2022-11-09,0.0,0.0,0.00032957748363165236,0.002568686149335462,0.0,0.0,0.0,0.0,0.0,0.00022489481835319872,0.0,0.012028168428751488,0.0,0.0,0.0,0.0032738226863318672,0.0,0.059881057625204764,0.0,0.03941934148337995,0.0,0.008741976868234786,0.0069911451358092335,0.0,0.0,0.0,0.0,0.0,0.0,0.0,-0.009454592345795501,0.02103358294542511,0.0027845613332002786,-0.0004999211058102195,0.008139146966696178,0.00455022988516081,0.0,-0.0010022107912997318,-0.00011099836907312239,0.0011218221015044448,0.001128058377905223,0.0,-0.002489634546858794,-0.002067102661208647,0.0014889430101480401,0.0,0.0,-0.0006706461940849845,0.004578800386504427,0.002643195152578351,0.006969325364477325,0.0016153513086401361,0.0,0.0001489980422553662,-0.0012073814880234912,0.0,0.0008742543083745905,0.007273396556851076,0.0012642089077822976,0.0,0.0,0.0,0.0055715082886320195,0.0,0.0,0.0,0.0,0.0,0.001195496548357897,-0.00019619499866664516,0.0,-0.0010352994423525725,-3.32232329115882e-05,0.0,0.0001639601011718858,0.0027199410467702786,-6.387705799851305e-05,0.0,0.0,9.86451682380313e-05,0.0,0.0,0.0016924868883013968,0.0,0.0,-1.0524512732205065e-05,0.0002499349766603285,0.0,0.0,0.0,0.005034580837442265,0.0005177858714945219,-0.007149286447305698,0.0007343804194254393,0.0002839263789432221,-0.0015249381768543263,0.008766308085358821,0.0,0.0,0.0,0.0,0.0,0.0,0.0,0.0,0.0,0.0,0.0,0.0,0.0
2022-11-16,0.0,0.0,0.00032957748363165236,0.002568686149335462,0.0,0.0,0.0,0.0,0.0,0.00022489481835319872,0.0,0.012028168428751488,0.0,0.0,0.0,0.0032738226863318672,0.0,0.059881057625204764,0.0,0.03941934148337995,0.0,0.008741976868234786,0.0069911451358092335,0.0,0.0,0.0,0.0,0.0,0.0,0.0,-0.009454592345795501,0.02103358294542511,0.0027845613332002786,-0.0004999211058102195,0.008139146966696178,0.00455022988516081,0.0,-0.0010022107912997318,-0.00011099836907312239,0.0011218221015044448,0.0008089750125707445,0.0,-0.002489634546858794,-0.002067102661208647,0.0014889430101480401,0.0,0.0,-0.0006706461940849845,0.004578800386504427,0.002643195152578351,0.006969325364477325,0.0016153513086401361,0.0,0.0001489980422553662,-0.0012073814880234912,0.0,0.0008742543083745905,0.007273396556851076,0.0012642089077822976,0.0,0.0,0.0,0.0055715082886320195,0.0,0.0,0.0,0.0,0.0,0.001195496548357897,-0.00019619499866664516,0.0,-0.0014369001233099123,-3.32232329115882e-05,0.0,0.0001639601011718858,0.0027199410467702786,-6.387705799851305e-05,0.0,0.0,-0.00011181828076671246,0.0,0.0,0.0016924868883013968,0.0,0.0,-1.0524512732205065e-05,-0.0006216656779876191,0.0,0.0,0.0,0.005034580837442265,0.0005177858714945219,-0.007149286447305698,0.0007343804194254393,0.0002839263789432221,-0.0015249381768543263,0.008766308085358821,0.0,0.0,0.0,0.0,0.0,0.0,0.0,0.0,0.0,0.0,0.0,0.0,0.0
2022-11-23,0.0,0.0,0.00032957748363165236,0.0003329088156143686,0.0,0.0,0.0,0.0,0.0,0.00022489481835319872,0.0,-0.01357119271725616,0.0,0.0,0.0,0.0032738226863318672,0.0,0.059881057625204764,0.0,0.03941934148337995,0.0,0.008741976868234786,0.0069911451358092335,0.0,0.0,0.0,0.0,0.0,0.0,0.0,-0.009454592345795501,0.025140943849548018,-0.0045737361525066186,-0.0004999211058102195,0.007995779463304492,0.00455022988516081,0.0,-0.0007100509192991369,-0.00011099836907312239,0.0011218221015044448,0.0008089750125707445,0.0,-0.002489634546858794,-0.002067102661208647,0.0014889430101480401,0.0,0.0,-0.0006706461940849845,0.004578800386504427,0.002643195152578351,0.0068562720977815425,0.0016153513086401361,0.0,0.0001489980422553662,-0.0012073814880234912,0.0,0.0008042705702463041,0.007296906733380038,0.0012642089077822976,0.0,0.0,0.0,0.004419509106028952,0.0,0.0,0.0,0.0,0.0,0.001195496548357897,-0.00019619499866664516,0.0,-0.0014369001233099123,-3.32232329115882e-05,0.0,0.0001639601011718858,0.0027199410467702786,-6.387705799851305e-05,0.0,0.0,-0.00011181828076671246,0.0,0.0,0.0016924868883013968,0.0,0.0,-1.0524512732205065e-05,-0.0006216656779876191,0.0,0.0,0.0,0.003111559239909904,0.0005177858714945219,-0.007298522133746713,0.0007343804194254393,0.0002839263789432221,-0.0015249381768543263,-0.0027431835109590795,0.0,0.0,0.0,0.0,0.0,0.0,0.0,0.0,0.0,0.0,0.0,0.0,0.0
2022-11-30,0.0,0.0,-0.001150290040910473,-0.00537093419317493,0.0,0.0,0.0,0.0,0.0,0.00022489481835319872,0.0,-0.016849933287903667,0.0,0.0,0.0,0.0032738226863318672,0.0,0.059881057625204764,0.0,-0.007769532550027423,0.0,0.0009416073742239421,0.007874594427108323,0.0,0.0,0.0,0.0,0.0,0.0,0.0,-0.0077242648617672355,0.03068569700169321,-0.0011603264581397017,0.0009056709895270132,0.007995779463304492,0.005200859226143505,0.0,0.0058138956983454755,0.0005648781662776132,0.0013536311381057084,0.0008089750125707445,0.0,-0.002304728953304834,-0.002067102661208647,0.0014889430101480401,0.0,0.0,-0.0006706461940849845,0.004578800386504427,0.002643195152578351,0.0069842772314893985,0.0016153513086401361,0.0,-0.0005419800771651485,-0.0014451086730045473,0.0,0.0006210466832938294,0.0130892232113919,0.0012642089077822976,0.0,0.0,0.0,0.004419509106028952,0.0,0.0,0.0,0.0,0.0,0.001195496548357897,-0.0004314235572774396,0.0,-0.0014369001233099123,-3.32232329115882e-05,0.0,0.0001639601011718858,0.0027199410467702786,-6.387705799851305e-05,0.0,0.0,-0.00011181828076671246,0.0,0.0,0.0016924868883013968,0.0,0.0,-1.0524512732205065e-05,-0.0006216656779876191,0.0,0.0,0.0,0.003111559239909904,-0.0008137514797595262,-0.00778975726638973,0.0007343804194254393,0.0002839263789432221,-0.0015249381768543263,-0.0023921453246443557,0.0,0.0,0.0,0.0,0.0,0.0,0.0,0.0,0.0,0.0,0.0,0.0,0.0
2022-12-07,0.0,0.0,-0.001150290040910473,-0.00537093419317493,0.0,0.0,0.0,0.0,0.0,0.00022489481835319872,0.0,-0.015868716908453255,0.0,0.0,0.0,0.003758084628385204,0.0,0.059879296961412004,0.0,-0.012111390792019793,0.0,-0.00623657415652625,0.007874594427108323,0.0,0.0,0.0,0.0,0.0,0.0,0.0,-0.0070190673948389,0.0327592350686733,-0.0011603264581397017,0.0009056709895270132,0.009093670956362529,0.005200859226143505,0.0,0.0058138956983454755,0.0005648781662776132,0.0013536311381057084,0.0008089750125707445,0.0,-0.002304728953304834,-0.004917934691694144,-0.000865785051693893,0.0,0.0,-0.0006706461940849845,-0.0010708564411324886,0.002643195152578351,0.00698571645815902,0.0016153513086401361,0.0,8.335330727136868e-05,-0.0014451086730045473,0.0,0.031015050192665407,0.021026551484970978,0.0009467768386987063,0.0,0.0,0.0,0.0006546389837494134,0.0,0.0,0.0,0.0,0.0,0.001195496548357897,-0.0004314235572774396,0.0,-0.0014369001233099123,-3.32232329115882e-05,0.0,0.0001639601011718858,0.0027199410467702786,-6.387705799851305e-05,0.0,0.0,-0.00011181828076671246,0.0,0.0,0.0016924868883013968,0.0,0.0,-1.0524512732205065e-05,-0.0006216656779876191,0.0,0.0,0.0,0.0029953969074899235,-0.0008137514797595262,-0.00778975726638973,-0.0017951664684527858,0.0002839263789432221,-0.0015249381768543263,-0.0022385753346165355,0.0,0.0,0.0,0.0,0.0,0.0,0.0,0.0,0.0,0.0,0.0,0.0,0.0
2022-12-14,0.0,0.0,-0.001150290040910473,-0.00537093419317493,0.0,0.0,0.0,0.0,0.0,0.00022489481835319872,0.0,-0.015868716908453255,0.0,0.0,0.0,0.003758084628385204,0.0,0.059879296961412004,0.0,0.00976468905732432,0.0,-0.00623657415652625,0.007374594208047338,0.0,0.0,0.0,0.0,0.0,0.0,0.0,-0.0070190673948389,0.0327592350686733,-0.0011603264581397017,0.001024108694056303,0.009093670956362529,0.00455022988516081,0.0,0.0058138956983454755,0.0005648781662776132,0.0013536311381057084,0.0008089750125707445,0.0,-0.0017855885013400787,-0.004917934691694144,-0.000865785051693893,0.0,0.0,-0.0006706461940849845,-0.0010708564411324886,0.002643195152578351,0.0069842772314893985,0.0016153513086401361,0.0,-0.00010883304786625036,-0.0014451086730045473,0.0,0.031015050192665407,0.02544800420110451,0.0009467768386987063,0.0,0.0,0.0,-0.002109585204839411,0.0,0.0,0.0,0.0,0.0,0.001195496548357897,-0.0004314235572774396,0.0,-0.0014369001233099123,-3.32232329115882e-05,0.0,0.0001639601011718858,0.0027199410467702786,-6.387705799851305e-05,0.0,0.0,-0.00011181828076671246,0.0,0.0,0.0016924868883013968,0.0,0.0,-1.0524512732205065e-05,-0.0006216656779876191,0.0,0.0,0.0,0.0029953969074899235,-0.0008137514797595262,-0.008431237388209788,-0.0017951664684527858,0.0002839263789432221,-0.0015249381768543263,-0.0022385753346165355,0.0,0.0,0.0,0.0,0.0,0.0,0.0,0.0,0.0,0.0,0.0,0.0,0.0
2022-12-21,0.0,0.0,-0.001150290040910473,-0.00537093419317493,0.0,0.0,0.0,0.0,0.0,0.00022489481835319872,0.0,-0.015868716908453255,0.0,0.0,0.0,0.003758084628385204,0.0,0.059879296961412004,0.0,0.017701907123298128,0.0,-0.00623657415652625,0.007137356710316723,0.0,0.0,0.0,0.0,0.0,0.0,0.0,-0.0070190673948389,0.0327592350686733,-0.0011603264581397017,0.00039341285923578934,0.007717480537356472,0.00455022988516081,0.0,0.0058138956983454755,0.0005648781662776132,0.0013536311381057084,0.0008089750125707445,0.0,-0.0017855885013400787,-0.004917934691694144,-0.000865785051693893,0.0,0.0,-0.0006706461940849845,-0.0010708564411324886,0.002643195152578351,0.0069842772314893985,0.0016153513086401361,0.0,-0.00010883304786625036,-0.0014451086730045473,0.0,0.031015050192665407,0.031176821947564125,0.0009467768386987063,0.0,0.0,0.0,-0.002109585204839411,0.0,0.0,0.0,0.0,0.0,0.001195496548357897,-0.0004314235572774396,0.0,-0.0014369001233099123,-3.32232329115882e-05,0.0,0.0001639601011718858,0.0027199410467702786,-6.387705799851305e-05,0.0,0.0,-0.00011181828076671246,0.0,0.0,0.0016924868883013968,0.0,0.0,-1.0524512732205065e-05,-0.0006216656779876191,0.0,0.0,0.0,0.0029953969074899235,-0.0008137514797595262,-0.008431237388209788,-0.0017951664684527858,0.0002839263789432221,-0.0015249381768543263,-0.0021154341286483266,0.0,0.0,0.0,0.0,0.0,0.0,0.0,0.0,0.0,0.0,0.0,0.0,0.0
2022-12-28,0.0,0.0,0.00032957748363165236,-0.0016691050923046322,0.0,0.0,0.0,0.0,0.0,0.00022489481835319872,0.0,-0.015868716908453255,0.0,0.0,0.0,0.003758084628385204,0.0,0.059879296961412004,0.0,0.025876429655809673,0.0,-0.00623657415652625,0.007137356710316723,0.0,0.0,0.0,0.0,0.0,0.0,0.0,-0.008749394878867165,0.0327592350686733,-0.0011603264581397017,0.00039341285923578934,0.007717480537356472,0.00455022988516081,0.0,0.0058138956983454755,-0.00011099836907312239,0.0013536311381057084,0.0008089750125707445,0.0,-0.0017855885013400787,-0.004917934691694144,-0.000865785051693893,0.0,0.0,-0.0006706461940849845,-0.0010708564411324886,0.002643195152578351,0.0068562720977815425,0.0016153513086401361,0.0,-0.00010883304786625036,-0.0014451086730045473,0.0,0.031015050192665407,0.031176821947564125,0.0009467768386987063,0.0,0.0,0.0,-0.002109585204839411,0.0,0.0,0.0,0.0,0.0,-0.00031425736473378535,-0.0004314235572774396,0.0,-0.0014369001233099123,-3.32232329115882e-05,0.0,0.0001639601011718858,0.0027199410467702786,-6.387705799851305e-05,0.0,0.0,-0.00011181828076671246,0.0,0.0,0.0016924868883013968,0.0,0.0,-1.0524512732205065e-05,-0.0006216656779876191,0.0,0.0,0.0,0.0029953969074899235,-0.0008137514797595262,-0.008431237388209788,-0.0017951664684527858,0.0002839263789432221,-0.0015249381768543263,-0.0021154341286483266,0.0,0.0,0.0,0.0,0.0,0.0,0.0,0.0,0.0,0.0,0.0,0.0,0.0
2023-01-04,0.0,0.0,0.00032957748363165236,-0.00537093419317493,0.0,0.0,0.0,0.0,0.0,-0.00019268015518368644,0.0,-0.011474332096255781,0.0,0.0,0.0,0.003758084628385204,0.0,-0.03582303633067665,0.0,-0.01100512959252537,0.0,-0.00037480167700408367,-0.01622742877716645,0.0,0.0,0.0,0.0,0.0,0.0,0.0,-0.007073885644827449,0.03361356335038859,-0.002564433118235154,0.0015966513268841959,0.007132480749727649,0.006193388339904463,0.0,0.0058138956983454755,0.0005648781662776132,0.0013536311381057084,0.0008089750125707445,0.0,-0.0024971524966285324,-0.006028003384741542,-0.000865785051693893,0.0,0.0,-8.627539354272583e-05,-0.00028182019828213323,0.002387454081221984,0.007129120621458534,0.0021523907960693547,0.0,8.335330727136868e-05,-0.0014451086730045473,0.0,0.030977944140640354,0.03242559788084656,0.0065491018032089315,0.0,0.0,0.0,-0.002109585204839411,0.0,0.0,0.0,0.0,0.0,-0.00031425736473378535,-0.0004314235572774396,0.0,-0.0014369001233099123,-3.32232329115882e-05,0.0,-0.002455588491969639,-0.0006474909582046776,0.0003797890803947802,0.0,0.0,-0.00011181828076671246,0.0,0.0,0.0016924868883013968,0.0,0.0,-1.0524512732205065e-05,-0.0006216656779876191,0.0,0.0,0.0,0.0013614910990442546,-0.0008137514797595262,-0.008800481560667761,-0.0017951664684527858,-0.0001021831444585078,-0.0015249381768543263,-0.0021154341286483266,0.0,0.0,0.0,0.0,0.0,0.0,0.0,0.0,0.0,0.0,0.0,0.0,0.0
2023-01-11,0.0,0.0,-0.001150290040910473,-0.00537093419317493,0.0,0.0,0.0,0.0,0.0,-0.00019268015518368644,0.0,0.004392215064903535,0.0,0.0,0.0,0.004206217400778592,0.0,-0.03874288497400338,0.0,-0.01118717593544512,0.0,-0.0050977576260350845,-0.01622742877716645,0.0,0.0,0.0,0.0,0.0,0.0,0.0,-0.006331931913508365,0.032839917799149826,-0.002564433118235154,0.0035113554921827428,0.007132480749727649,0.006193388339904463,0.0,0.00434090045476762,0.0005648781662776132,0.0013536311381057084,0.0008089750125707445,0.0,-0.0024971524966285324,-0.006028003384741542,-0.000865785051693893,0.0,0.0,-8.627539354272583e-05,-0.00028182019828213323,0.002387454081221984,0.007129120621458534,0.0021523907960693547,0.0,8.335330727136868e-05,-0.0014451086730045473,0.0,0.02950647055339338,0.03242559788084656,0.007838172724777149,0.0,0.0,0.0,-0.002109585204839411,0.0,0.0,0.0,0.0,0.0,0.001195496548357897,-0.0004314235572774396,0.0,-0.0014369001233099123,-3.32232329115882e-05,0.0,-0.002455588491969639,-0.0006474909582046776,0.0003797890803947802,0.0,0.0,-0.00011181828076671246,0.0,0.0,0.0016924868883013968,0.0,0.0,-1.0524512732205065e-05,-0.0006216656779876191,0.0,0.0,0.0,0.0023813649056685167,-0.0008137514797595262,-0.008800481560667761,-0.0017951664684527858,-0.0001021831444585078,-0.0014638529930290807,-0.002124748977643688,0.0,0.0,0.0,0.0,0.0,0.0,0.0,0.0,0.0,0.0,0.0,0.0,0.0
2023-01-18,0.0,0.0,-0.001150290040910473,-0.00537093419317493,0.0,0.0,0.0,0.0,0.0,-0.00019268015518368644,0.0,0.007030917844398157,0.0,0.0,0.0,0.0002916091186812717,0.0,-0.040279486356461766,0.0,-0.021776074036617646,0.0,-0.0050977576260350845,-0.01622742877716645,0.0,0.0,0.0,0.0,0.0,0.0,0.0,-0.006331931913508365,0.03366873261988944,-0.0024159882296194463,0.0035113554921827428,0.007132480749727649,0.0061524576906996364,0.0,0.00434090045476762,0.0005648781662776132,0.0013536311381057084,0.0008089750125707445,0.0,-0.0024971524966285324,-0.006028003384741542,-0.000865785051693893,0.0,0.0,-8.627539354272583e-05,-0.00028182019828213323,0.002387454081221984,0.0071293311003556925,0.0021523907960693547,0.0,8.335330727136868e-05,-0.0014451086730045473,0.0,0.04233725245468007,0.03242559788084656,0.007838172724777149,0.0,0.0,0.0,-0.002109585204839411,0.0,0.0,0.0,0.0,0.0,0.0017406115684841955,-0.0004314235572774396,0.0,-0.001716181661739426,-3.32232329115882e-05,0.0,-0.002455588491969639,-0.0006474909582046776,0.0003797890803947802,0.0,0.0,-0.00011181828076671246,0.0,0.0,0.0016924868883013968,0.0,0.0,-1.0524512732205065e-05,-0.0006216656779876191,0.0,0.0,0.0,0.002660703632925338,-0.0008137514797595262,-0.0084617525471117,-0.0017042608206612928,-0.0001021831444585078,-0.0014638529930290807,-0.002124748977643688,0.0,0.0,0.0,0.0,0.0,0.0,0.0,0.0,0.0,0.0,0.0,0.0,0.0
2023-01-25,0.0,0.0,-0.001150290040910473,-0.00537093419317493,0.0,0.0,0.0,0.0,0.0,-0.00019268015518368644,0.0,0.010397371252103955,0.0,0.0,0.0,0.004206217400778592,0.0,-0.040279486356461766,0.0,-0.01118717593544512,0.0,-0.0050977576260350845,-0.01622742877716645,0.0,0.0,0.0,0.0,0.0,0.0,0.0,-0.006331931913508365,0.032839917799149826,-0.002564433118235154,0.0035113554921827428,0.007132480749727649,0.006193388339904463,0.0,0.00434090045476762,0.0005648781662776132,0.0013536311381057084,0.0008089750125707445,0.0,-0.0024971524966285324,-0.006028003384741542,-0.000865785051693893,0.0,0.0,-8.627539354272583e-05,-0.00028182019828213323,0.002387454081221984,0.007129120621458534,0.0021523907960693547,0.0,8.335330727136868e-05,-0.0014451086730045473,0.0,0.04233725245468007,0.03242559788084656,0.007838172724777149,0.0,0.0,0.0,-0.002109585204839411,0.0,0.0,0.0,0.0,0.0,0.001195496548357897,-0.0004314235572774396,0.0,-0.001716181661739426,-3.32232329115882e-05,0.0,-0.002455588491969639,-0.0006474909582046776,0.0003797890803947802,0.0,0.0,-0.00011181828076671246,0.0,0.0,0.0016924868883013968,0.0,0.0,-1.0524512732205065e-05,-0.0006216656779876191,0.0,0.0,0.0,0.003284512696576617,-0.0008137514797595262,-0.008800481560667761,-0.0017042608206612928,-0.0001021831444585078,-0.0014638529930290807,-0.002124748977643688,0.0,0.0,0.0,0.0,0.0,0.0,0.0,0.0,0.0,0.0,0.0,0.0,0.0
2023-02-01,0.0,0.0,0.00032957748363165236,-0.00537093419317493,0.0,0.0,0.0,0.0,0.0,-0.00019268015518368644,0.0,0.010397371252103955,0.0,0.0,0.0,0.003758084628385204,0.0,-0.040279486356461766,0.0,-0.010976920132720454,0.0,-0.0045552520295805985,-0.01622742877716645,0.0,0.0,0.0,0.0,0.0,0.0,0.0,-0.007073885644827449,0.032839917799149826,-0.002564433118235154,0.0015966513268841959,0.007132480749727649,0.006193388339904463,0.0,0.00434090045476762,0.0005648781662776132,0.0013536311381057084,0.0008089750125707445,0.0,-0.0024971524966285324,-0.006028003384741542,-0.000865785051693893,0.0,0.0,-8.627539354272583e-05,-0.00028182019828213323,0.002387454081221984,0.007129120621458534,0.0021523907960693547,0.0,-0.0005419800771651485,-0.0014451086730045473,0.0,0.04233725245468007,0.03242559788084656,0.007838172724777149,0.0,0.0,0.0,-0.002109585204839411,0.0,0.0,0.0,0.0,0.0,0.001195496548357897,0.003739271966969887,0.0,-0.001716181661739426,-3.32232329115882e-05,0.0,-0.002455588491969639,-0.0006474909582046776,0.0003797890803947802,0.0,0.0,-0.00011181828076671246,0.0,0.0,0.0016924868883013968,0.0,0.0,-1.0524512732205065e-05,-0.0006216656779876191,0.0,0.0,0.0,0.003284512696576617,0.001295860847013283,-0.008800481560667761,-0.0017042608206612928,-0.0001021831444585078,-0.0014638529930290807,-0.002124748977643688,0.0,0.0,0.0,0.0,0.0,0.0,0.0,0.0,0.0,0.0,0.0,0.0,0.0
2023-02-08,0.0,0.0,0.00032957748363165236,-0.00537093419317493,0.0,0.0,0.0,0.0,0.0,-0.00019268015518368644,0.0,0.010397371252103955,0.0,0.0,0.0,0.004206217400778592,0.0,-0.040279486356461766,0.0,-0.010976920132720454,0.0,-0.0045552520295805985,-0.01622742877716645,0.0,0.0,0.0,0.0,0.0,0.0,0.0,-0.007073885644827449,0.032839917799149826,-0.002564433118235154,0.0035113554921827428,0.007132480749727649,0.006193388339904463,0.0,0.00434090045476762,0.0005648781662776132,0.0013536311381057084,0.0008089750125707445,0.0,-0.0024971524966285324,-0.006028003384741542,-0.000865785051693893,0.0,0.0,-8.627539354272583e-05,-0.00028182019828213323,0.002387454081221984,0.007129120621458534,0.0021523907960693547,0.0,-0.0005419800771651485,-0.0014451086730045473,0.0,0.04233725245468007,0.03242559788084656,0.007838172724777149,0.0,0.0,0.0,-0.002109585204839411,0.0,0.0,0.0,0.0,0.0,0.001195496548357897,0.003739271966969887,0.0,-0.001716181661739426,-3.32232329115882e-05,0.0,-0.002455588491969639,-0.0006474909582046776,0.0003797890803947802,0.0,0.0,-0.00011181828076671246,0.0,0.0,0.0016924868883013968,0.0,0.0,-1.0524512732205065e-05,-0.0006216656779876191,0.0,0.0,0.0,0.003284512696576617,0.001295860847013283,-0.008800481560667761,-0.0017042608206612928,-0.0001021831444585078,-0.0014638529930290807,-0.002124748977643688,0.0,0.0,0.0,0.0,0.0,0.0,0.0,0.0,0.0,0.0,0.0,0.0,0.0
2023-02-15,0.0,0.0,0.00032957748363165236,-0.00537093419317493,0.0,0.0,0.0,0.0,0.0,-0.00019268015518368644,0.0,0.010397371252103955,0.0,0.0,0.0,0.004206217400778592,0.0,-0.040279486356461766,0.0,-0.010976920132720454,0.0,-0.0045552520295805985,-0.01622742877716645,0.0,0.0,0.0,0.0,0.0,0.0,0.0,-0.007073885644827449,0.032839917799149826,-0.002564433118235154,0.0035113554921827428,0.007132480749727649,0.006193388339904463,0.0,0.00434090045476762,0.0005648781662776132,0.0013536311381057084,0.0008089750125707445,0.0,-0.0024971524966285324,-0.006028003384741542,-0.000865785051693893,0.0,0.0,-8.627539354272583e-05,-0.00028182019828213323,0.002387454081221984,0.007129120621458534,0.0021523907960693547,0.0,-0.0005419800771651485,-0.0014451086730045473,0.0,0.04233725245468007,0.03242559788084656,0.007838172724777149,0.0,0.0,0.0,-0.002109585204839411,0.0,0.0,0.0,0.0,0.0,0.001195496548357897,0.003739271966969887,0.0,-0.001716181661739426,-3.32232329115882e-05,0.0,-0.002455588491969639,-0.0006474909582046776,0.0003797890803947802,0.0,0.0,-0.00011181828076671246,0.0,0.0,0.0016924868883013968,0.0,0.0,-1.0524512732205065e-05,-0.0006216656779876191,0.0,0.0,0.0,0.003284512696576617,0.001295860847013283,-0.008800481560667761,-0.0017042608206612928,-0.0001021831444585078,-0.0014638529930290807,-0.002124748977643688,0.0,0.0,0.0,0.0,0.0,0.0,0.0,0.0,0.0,0.0,0.0,0.0,0.0
2023-02-22,0.0,0.0,-0.001150290040910473,-0.00537093419317493,0.0,0.0,0.0,0.0,0.0,0.00024978486363472956,0.0,0.010397371252103955,0.0,0.0,0.0,-7.273842944789866e-05,0.0,-0.039327733607668294,0.0,-0.021565818233892982,0.0,-0.0017607374108573072,-0.01622742877716645,0.0,0.0,0.0,0.0,0.0,0.0,0.0,-0.006331931913508365,0.03033501726700529,-0.003781135949710486,0.0008872299432158596,-0.0061892332658826064,0.0061524576906996364,0.0,0.00434090045476762,0.0005648781662776132,0.0013536311381057084,0.0008089750125707445,0.0,-0.0024971524966285324,-0.006028003384741542,-0.0014018801755943894,0.0,0.0,-8.627539354272583e-05,-0.00028182019828213323,0.002387454081221984,0.007242384367051475,0.0021523907960693547,0.0,-0.0005419800771651485,-0.0014451086730045473,0.0,0.04233725245468007,0.03242559788084656,0.007838172724777149,0.0,0.0,0.0,-0.002109585204839411,0.0,0.0,0.0,0.0,0.0,0.0017406115684841955,0.003739271966969887,0.0,-0.001716181661739426,-3.32232329115882e-05,0.0,-0.002455588491969639,-0.0006474909582046776,0.0003797890803947802,0.0,0.0,-0.00011181828076671246,0.0,0.0,0.0016924868883013968,0.0,0.0,-0.0009070148526921692,-0.0006216656779876191,0.0,0.0,0.0,0.003533955349571275,0.001295860847013283,-0.0084617525471117,-0.0017042608206612928,-0.0001021831444585078,-0.0014638529930290807,-0.002124748977643688,0.0,0.0,0.0,0.0,0.0,0.0,0.0,0.0,0.0,0.0,0.0,0.0,0.0
2023-03-01,0.0,0.0,-0.001150290040910473,-0.00537093419317493,0.0,0.0,0.0,0.0,0.0,0.00024978486363472956,0.0,-0.015868716908453255,0.0,0.0,0.0,-0.004288077649195308,0.0,-0.038593295157080716,0.0,-0.021565818233892982,0.0,-0.004324338485740856,-0.01622742877716645,0.0,0.0,0.0,0.0,0.0,0.0,0.0,-0.006331931913508365,0.03308131525268177,-0.0023770292896150335,0.0009884067570602728,-0.0061892332658826064,0.0061524576906996364,0.0,0.0058138956983454755,0.0005648781662776132,0.0013536311381057084,0.0008503442507665742,0.0,-0.0024971524966285324,-0.004960971785490816,-0.0014018801755943894,0.0,0.0,-8.627539354272583e-05,-0.0013431689790682846,0.002387454081221984,0.007242384367051475,0.0021523907960693547,0.0,-0.0005419800771651485,-0.0014451086730045473,0.0,0.043808726041927044,0.03242559788084656,0.007838172724777149,0.0,0.0,0.0,-0.0016292990514514005,0.0,0.0,0.0,0.0,0.0,0.0017406115684841955,0.003739271966969887,0.0,-0.001716181661739426,-3.32232329115882e-05,0.0,-0.002455588491969639,-0.0006474909582046776,0.0003797890803947802,0.0,0.0,-0.00011181828076671246,0.0,0.0,-0.0001876065363152054,0.0,0.0,-0.0009070148526921692,-0.0006216656779876191,0.0,0.0,0.0,0.0017270960844588939,0.001295860847013283,0.017809669043640296,-0.0007886945750590448,-0.0001021831444585078,-0.0014638529930290807,-0.0019382044402921263,0.0,0.0,0.0,0.0,0.0,0.0,0.0,0.0,0.0,0.0,0.0,0.0,0.0
2023-03-08,0.0,0.0,-0.001150290040910473,-0.00537093419317493,0.0,0.0,0.0,0.0,0.0,0.00024978486363472956,0.0,-0.015868716908453255,0.0,0.0,0.0,-0.004288077649195308,0.0,-0.038593295157080716,0.0,-0.021565818233892982,0.0,-0.006730501773483324,-0.01622742877716645,0.0,0.0,0.0,0.0,0.0,0.0,0.0,-0.006331931913508365,0.03308131525268177,-0.0023770292896150335,0.0009884067570602728,-0.0061892332658826064,0.0061524576906996364,0.0,0.0058138956983454755,0.0005648781662776132,0.0013536311381057084,0.0008503442507665742,0.0,-0.0024971524966285324,-0.004960971785490816,-0.0014018801755943894,0.0,0.0,-8.627539354272583e-05,-0.0013431689790682846,0.002387454081221984,0.007242384367051475,0.0021523907960693547,0.0,-0.0005419800771651485,-0.0014451086730045473,0.0,0.048091606795560814,0.03242559788084656,0.007838172724777149,0.0,0.0,0.0,-0.0016292990514514005,0.0,0.0,0.0,0.0,0.0,0.0017406115684841955,0.003739271966969887,0.0,-0.001716181661739426,-3.32232329115882e-05,0.0,-0.002455588491969639,-0.0006474909582046776,0.0003797890803947802,0.0,0.0,-0.00011181828076671246,0.0,0.0,-0.0001876065363152054,0.0,0.0,-0.0009070148526921692,-0.0006216656779876191,0.0,0.0,0.0,0.0017270960844588939,0.001295860847013283,0.017809669043640296,-0.0007886945750590448,-0.0001021831444585078,-0.0014638529930290807,-0.0019382044402921263,0.0,0.0,0.0,0.0,0.0,0.0,0.0,0.0,0.0,0.0,0.0,0.0,0.0
2023-03-15,0.0,0.0,-0.001150290040910473,-0.00537093419317493,0.0,0.0,0.0,0.0,0.0,0.00024978486363472956,0.0,-0.015868716908453255,0.0,0.0,0.0,-0.004288077649195308,0.0,-0.038593295157080716,0.0,-0.021565818233892982,0.0,-0.006730501773483324,-0.01622742877716645,0.0,0.0,0.0,0.0,0.0,0.0,0.0,-0.006331931913508365,0.03308131525268177,-0.0023770292896150335,0.0009884067570602728,-0.0061892332658826064,0.0061524576906996364,0.0,0.004634062885574117,0.0005648781662776132,0.0013536311381057084,0.0008503442507665742,0.0,-0.0024971524966285324,-0.004960971785490816,-0.0014018801755943894,0.0,0.0,-8.627539354272583e-05,-0.0013431689790682846,0.002387454081221984,0.007242384367051475,0.0021523907960693547,0.0,-0.0005419800771651485,-0.0014451086730045473,0.0,0.04842449951817133,0.03281622850625084,0.007838172724777149,0.0,0.0,0.0,-0.0016292990514514005,0.0,0.0,0.0,0.0,0.0,0.0017406115684841955,0.003739271966969887,0.0,-0.001716181661739426,-3.32232329115882e-05,0.0,-0.002455588491969639,-0.0006474909582046776,0.0003797890803947802,0.0,0.0,-0.00011181828076671246,0.0,0.0,-0.0001876065363152054,0.0,0.0,-0.0009070148526921692,-0.0006216656779876191,0.0,0.0,0.0,0.0017270960844588939,0.001295860847013283,0.017451355638076472,-0.0007886945750590448,-0.0001021831444585078,-0.0014638529930290807,0.006757030642136056,0.0,0.0,0.0,0.0,0.0,0.0,0.0,0.0,0.0,0.0,0.0,0.0,0.0
2023-03-22,0.0,0.0,-0.001150290040910473,-0.00537093419317493,0.0,0.0,0.0,0.0,0.0,0.00024978486363472956,0.0,-0.015868716908453255,0.0,0.0,0.0,-0.004288077649195308,0.0,-0.038984590294649554,0.0,-0.022217250084468454,0.0,-0.0077608891089971325,-0.01622742877716645,0.0,0.0,0.0,0.0,0.0,0.0,0.0,-0.006331931913508365,0.025676201771361044,-0.0023770292896150335,-0.001750460547399141,-0.0061892332658826064,0.0061524576906996364,0.0,0.0058138956983454755,0.0005648781662776132,0.0013536311381057084,0.0008503442507665742,0.0,-0.0024971524966285324,-0.004960971785490816,-0.0014018801755943894,0.0,0.0,-8.627539354272583e-05,-0.0013431689790682846,0.002387454081221984,0.007242384367051475,0.0021523907960693547,0.0,-0.0005419800771651485,-0.0014451086730045473,0.0,0.048091606795560814,0.03242559788084656,0.007838172724777149,0.0,0.0,0.0,-0.0016292990514514005,0.0,0.0,0.0,0.0,0.0,0.0017406115684841955,0.003739271966969887,0.0,-0.001716181661739426,-3.32232329115882e-05,0.0,-0.002455588491969639,-0.0006474909582046776,0.0003797890803947802,0.0,0.0,-0.00011181828076671246,0.0,0.0,-0.0001876065363152054,0.0,0.0,-0.0009070148526921692,-0.0006216656779876191,0.0,0.0,0.0,0.0017270960844588939,0.001295860847013283,0.017809669043640296,-0.0007886945750590448,-0.0001021831444585078,-0.0014638529930290807,-0.0019382044402921263,0.0,0.0,0.0,0.0,0.0,0.0,0.0,0.0,0.0,0.0,0.0,0.0,0.0
2023-03-29,0.0,0.0,0.00032957748363165236,-0.00537093419317493,0.0,0.0,0.0,0.0,0.0,0.00024978486363472956,0.0,-0.015868716908453255,0.0,0.0,0.0,-0.004288077649195308,0.0,-0.038984590294649554,0.0,-0.022217250084468454,0.0,-0.0077608891089971325,-0.01622742877716645,0.0,0.0,0.0,0.0,0.0,0.0,0.0,-0.007073885644827449,0.025676201771361044,-0.0023770292896150335,-0.001750460547399141,-0.0061892332658826064,0.0061524576906996364,0.0,0.0058138956983454755,0.0005648781662776132,0.0013536311381057084,0.0008503442507665742,0.0,-0.0024971524966285324,-0.004960971785490816,-0.0014018801755943894,0.0,0.0,-8.627539354272583e-05,-0.0013431689790682846,0.002387454081221984,0.007242384367051475,0.0021523907960693547,0.0,-0.0005419800771651485,-0.0014451086730045473,0.0,0.048091606795560814,0.03242559788084656,0.007838172724777149,0.0,0.0,0.0,-0.0016292990514514005,0.0,0.0,0.0,0.0,0.0,0.0017406115684841955,0.003739271966969887,0.0,-0.001716181661739426,-3.32232329115882e-05,0.0,-0.002455588491969639,-0.0006474909582046776,0.0003797890803947802,0.0,0.0,-0.00011181828076671246,0.0,0.0,-0.0001876065363152054,0.0,0.0,-0.0009070148526921692,-0.0006216656779876191,0.0,0.0,0.0,0.0017270960844588939,0.001295860847013283,0.017809669043640296,-0.0007886945750590448,-0.0001021831444585078,-0.0014638529930290807,-0.0019382044402921263,0.0,0.0,0.0,0.0,0.0,0.0,0.0,0.0,0.0,0.0,0.0,0.0,0.0
2023-04-05,0.0,0.0,0.00032957748363165236,-0.00537093419317493,0.0,0.0,0.0,0.0,0.0,0.00024978486363472956,0.0,-0.015868716908453255,0.0,0.0,0.0,-0.004288077649195308,0.0,-0.03809825664213088,0.0,-0.021868869338318154,0.0,-0.002325297340594924,-0.01732225895930461,0.0,0.0,0.0,0.0,0.0,0.0,0.0,-0.007073885644827449,0.024689875554142187,-0.0023770292896150335,-0.001750460547399141,-0.0061892332658826064,0.0061524576906996364,0.0,0.0058138956983454755,0.0005648781662776132,0.0013536311381057084,0.0008503442507665742,0.0,-0.0024971524966285324,-0.004717097401803251,-0.0014018801755943894,0.0,0.0,0.00013083521218567185,-0.00028182019828213323,-0.005183150672743046,0.007242384367051475,0.0021523907960693547,0.0,8.335330727136868e-05,-0.0014451086730045473,0.0,0.043808726041927044,0.03242559788084656,0.007838172724777149,0.0,0.0,0.0,-0.0016292990514514005,0.0,0.0,0.0,0.0,0.0,0.0017406115684841955,0.003739271966969887,0.0,-0.001716181661739426,-3.32232329115882e-05,0.0,0.0001639601011718858,-0.0006474909582046776,0.0003797890803947802,0.0,0.0,-0.00011181828076671246,0.0,0.0,-0.0001876065363152054,0.0,0.0,-0.0009070148526921692,-0.0006216656779876191,0.0,0.0,0.0,0.0017270960844588939,0.001295860847013283,0.017809669043640296,-0.0008096863572476438,-0.0001021831444585078,-0.0014638529930290807,-0.0019382044402921263,0.0,0.0,0.0,0.0,0.0,0.0,0.0,0.0,0.0,0.0,0.0,0.0,0.0
2023-04-12,0.0,0.0,0.00032957748363165236,-0.00537093419317493,0.0,0.0,0.0,0.0,0.0,0.00024978486363472956,0.0,-0.015868716908453255,0.0,0.0,0.0,-0.004288077649195308,0.0,-0.03853084357986722,0.0,-0.022037500943477843,0.0,-0.002325297340594924,-0.01732225895930461,0.0,0.0,0.0,0.0,0.0,0.0,0.0,-0.007073885644827449,0.024689875554142187,-0.0023770292896150335,-0.001750460547399141,-0.0061892332658826064,-0.0006508624758800526,0.0,0.0058138956983454755,0.0005648781662776132,0.0013536311381057084,0.0008503442507665742,0.0,-0.0024971524966285324,-0.004717097401803251,-0.0014018801755943894,0.0,0.0,0.00013083521218567185,-0.00028182019828213323,-0.005183150672743046,0.007242384367051475,0.0021523907960693547,0.0,8.335330727136868e-05,-0.0014451086730045473,0.0,0.043808726041927044,0.03242559788084656,0.007838172724777149,0.0,0.0,0.0,-0.0016292990514514005,0.0,0.0,0.0,0.0,0.0,0.0017406115684841955,0.003739271966969887,0.0,-0.001716181661739426,-3.32232329115882e-05,0.0,0.0001639601011718858,-0.0006474909582046776,0.0003797890803947802,0.0,0.0,-0.00011181828076671246,0.0,0.0,-0.0001876065363152054,0.0,0.0,-0.0009070148526921692,-0.0006216656779876191,0.0,0.0,0.0,0.0017270960844588939,0.001295860847013283,0.017809669043640296,-0.0008096863572476438,-0.0001021831444585078,-0.0014638529930290807,-0.0019382044402921263,0.0,0.0,0.0,0.0,0.0,0.0,0.0,0.0,0.0,0.0,0.0,0.0,0.0
2023-04-19,0.0,0.0,0.00032957748363165236,-0.00537093419317493,0.0,0.0,0.0,0.0,0.0,0.00024978486363472956,0.0,-0.017518855710413395,0.0,0.0,0.0,-0.004288077649195308,0.0,-0.03909877841170768,0.0,-0.0241001746497798,0.0,0.0008964761653977019,-0.01732225895930461,0.0,0.0,0.0,0.0,0.0,0.0,0.0,-0.007073885644827449,-0.008714468867135138,-0.0023770292896150335,-0.004608975529821445,-0.0061892332658826064,-0.001389093950607639,0.0,0.0058138956983454755,0.0005648781662776132,0.0013536311381057084,0.002215531182120224,0.0,-0.0024971524966285324,-0.004717097401803251,-0.0014018801755943894,0.0,0.0,0.00013083521218567185,-0.00028182019828213323,-0.005183150672743046,0.007515193188386562,0.0021523907960693547,0.0,8.335330727136868e-05,-0.0014451086730045473,0.0,0.043808726041927044,0.03242559788084656,0.0065491018032089315,0.0,0.0,0.0,-0.0016292990514514005,0.0,0.0,0.0,0.0,0.0,0.0017406115684841955,0.003739271966969887,0.0,-0.0029264174053320576,-0.0001800087616183103,0.0,0.0001639601011718858,-0.0006474909582046776,0.0003797890803947802,0.0,0.0,-0.00011181828076671246,0.0,0.0,-0.0001876065363152054,0.0,0.0,-0.0009070148526921692,-0.0006216656779876191,0.0,0.0,0.0,0.0022243085067438807,0.001295860847013283,0.017809669043640296,-0.0008096863572476438,-0.0001021831444585078,-0.0014638529930290807,-0.0019382044402921263,0.0,0.0,0.0,0.0,0.0,0.0,0.0,0.0,0.0,0.0,0.0,0.0,0.0
2023-04-26,0.0,0.0,0.00032957748363165236,-0.00537093419317493,0.0,0.0,0.0,0.0,0.0,-0.00019268015518368644,0.0,-0.015868716908453255,0.0,0.0,0.0,-0.004288077649195308,0.0,-0.03963066962213467,0.0,-0.023488040664790277,0.0,-0.0070610255915471935,-0.01732225895930461,0.0,0.0,0.0,0.0,0.0,0.0,0.0,-0.007073885644827449,0.0004126992020506546,-0.0023770292896150335,-0.001632234924634625,0.005952292817803727,-0.001389093950607639,0.0,0.0058138956983454755,0.0005648781662776132,0.0013536311381057084,0.002215531182120224,0.0,-0.0024971524966285324,-0.004717097401803251,-0.0013048986674698607,0.0,0.0,0.00013083521218567185,-0.00028182019828213323,-0.005183150672743046,0.007515193188386562,0.0021523907960693547,0.0,8.335330727136868e-05,-0.0014451086730045473,0.0,0.030977944140640354,0.03242559788084656,0.007838172724777149,0.0,0.0,0.0,-0.0016292990514514005,0.0,0.0,0.0,0.0,0.0,0.0017406115684841955,0.003739271966969887,0.0,-0.001716181661739426,-0.0001800087616183103,0.0,0.0001639601011718858,-0.0006474909582046776,0.0003797890803947802,0.0,0.0,-0.00011181828076671246,0.0,0.0,-0.0001876065363152054,0.0,0.0,-1.0524512732205065e-05,-0.0006216656779876191,0.0,0.0,0.0,0.001974865853749222,0.001295860847013283,0.017809669043640296,-0.0009005920050391368,-0.0001021831444585078,-0.0014638529930290807,-0.0019382044402921263,0.0,0.0,0.0,0.0,0.0,0.0,0.0,0.0,0.0,0.0,0.0,0.0,0.0
2023-05-03,0.0,0.0,0.00032957748363165236,-0.00537093419317493,0.0,0.0,0.0,0.0,0.0,-0.00019268015518368644,0.0,-0.016572993544510247,0.0,0.0,0.0,-0.004288077649195308,0.0,-0.04244430986651253,0.0,-0.022191051788159458,0.0,0.0010755209448235793,-0.01732225895930461,0.0,0.0,0.0,0.0,0.0,0.0,0.0,-0.007073885644827449,0.0010602085920130497,-0.0023770292896150335,-0.001632234924634625,0.005952292817803727,-0.001389093950607639,0.0,0.004634062885574117,0.0005648781662776132,-0.00286786554095657,0.002215531182120224,0.0,-0.0024971524966285324,-0.003988232801883241,-0.0013048986674698607,0.0,0.0,0.00013083521218567185,0.0025439891348228317,0.002387454081221984,-0.014932983181358161,0.0021523907960693547,0.0,8.335330727136868e-05,-0.0014451086730045473,0.0,0.00042682078381286374,0.03334523671070579,0.0065491018032089315,0.0,0.0,0.0,-0.0016292990514514005,0.0,0.0,0.0,0.0,0.0,0.0017406115684841955,0.003739271966969887,0.0,-0.001716181661739426,-0.0001800087616183103,0.0,0.0001639601011718858,-0.0006474909582046776,-0.0007639588885642885,0.0,0.0,-0.00011181828076671246,0.0,0.0,-0.0001876065363152054,0.0,0.0,-1.0524512732205065e-05,-0.0006216656779876191,0.0,0.0,0.0,0.001974865853749222,0.001295860847013283,0.017451355638076472,-0.000879600222850538,-0.0001021831444585078,-0.0014638529930290807,0.008192615374281367,0.0,0.0,0.0,0.0,0.0,0.0,0.0,0.0,0.0,0.0,0.0,0.0,0.0
2023-05-10,0.0,0.0,0.00032957748363165236,-0.00537093419317493,0.0,0.0,0.0,0.0,0.0,-0.00019268015518368644,0.0,-0.016849933287903667,0.0,0.0,0.0,-0.004288077649195308,0.0,-0.04244430986651253,0.0,-0.01947377577092562,0.0,0.0010755209448235793,-0.01732225895930461,0.0,0.0,0.0,0.0,0.0,0.0,0.0,-0.007073885644827449,0.001320104635227766,-0.0023770292896150335,-0.001632234924634625,0.005952292817803727,-0.001389093950607639,0.0,0.0058138956983454755,0.0005648781662776132,-0.00286786554095657,0.002215531182120224,0.0,-0.0024971524966285324,-0.003988232801883241,-0.0013048986674698607,0.0,0.0,0.00013083521218567185,0.0025439891348228317,0.002387454081221984,-0.014932983181358161,0.0021523907960693547,0.0,8.335330727136868e-05,-0.0014451086730045473,0.0,0.0004457700618691547,0.03295460608530151,0.0065491018032089315,0.0,0.0,0.0,-0.0016292990514514005,0.0,0.0,0.0,0.0,0.0,0.0017406115684841955,0.003739271966969887,0.0,-0.001716181661739426,-0.0001800087616183103,0.0,0.0001639601011718858,-0.0006474909582046776,-0.0007639588885642885,0.0,0.0,-0.00011181828076671246,0.0,0.0,-0.0001876065363152054,0.0,0.0,-1.0524512732205065e-05,-0.0006216656779876191,0.0,0.0,0.0,0.001974865853749222,0.001295860847013283,0.017809669043640296,-0.000879600222850538,-0.0001021831444585078,-0.0014638529930290807,-0.0020917744303199466,0.0,0.0,0.0,0.0,0.0,0.0,0.0,0.0,0.0,0.0,0.0,0.0,0.0
2023-05-17,0.0,0.0,0.00032957748363165236,0.0003329088156143686,0.0,0.0,0.0,0.0,0.0,-0.00019268015518368644,0.0,0.010976561476085101,0.0,0.0,0.0,-0.004288077649195308,0.0,-0.04244430986651253,0.0,-0.010281985941246755,0.0,0.00105216367514964,-0.01732225895930461,0.0,0.0,0.0,0.0,0.0,0.0,0.0,-0.00806225939753663,-0.0004398671332298575,-0.005790438983981951,-0.0017334117384790381,0.005952292817803727,-0.004854429902628789,0.0,0.00434090045476762,0.0005648781662776132,-0.00286786554095657,0.002215531182120224,0.0,-0.0024971524966285324,-0.003988232801883241,-0.0013048986674698607,0.0,0.0,0.00013083521218567185,0.0025439891348228317,0.002387454081221984,-0.014932562223563844,0.0021523907960693547,0.0,8.335330727136868e-05,-0.0014451086730045473,0.0,0.0005347030780537321,0.03295460608530151,0.0065491018032089315,0.0,0.0,0.0,-0.0016292990514514005,0.0,0.0,0.0,0.0,0.0,0.001195496548357897,0.003739271966969887,0.0,-0.001716181661739426,-0.0001800087616183103,0.0,0.0001639601011718858,-0.0006474909582046776,-0.0007639588885642885,0.0,0.0,-0.00011181828076671246,0.0,0.0,-0.0001876065363152054,0.0,0.0,-1.0524512732205065e-05,-0.0006216656779876191,0.0,0.0,0.0,0.003897887451281584,0.0005177858714945219,0.017809669043640296,-0.000879600222850538,-0.0001021831444585078,-0.0014638529930290807,-0.002101089279315308,0.0,0.0,0.0,0.0,0.0,0.0,0.0,0.0,0.0,0.0,0.0,0.0,0.0
2023-05-24,0.0,0.0,0.00032957748363165236,0.0010240291956604437,0.0,0.0,0.0,0.0,0.0,0.00024978486363472956,0.0,-0.013693730543069372,0.0,0.0,0.0,-0.004288077649195308,0.0,-0.041492557117719056,0.0,-0.01450947046539396,0.0,0.00915980625388057,-0.01732225895930461,0.0,0.0,0.0,0.0,0.0,0.0,0.0,-0.00806225939753663,-0.007791555760570686,0.0029330062218159863,-0.00211273489441237,-0.0061892332658826064,-0.0065582526046631465,0.0,0.0058138956983454755,0.0005648781662776132,-0.001862995621448441,0.002215531182120224,0.0,-0.0024971524966285324,-0.003988232801883241,-0.0014018801755943894,0.0,0.0,0.00013083521218567185,0.0025439891348228317,0.002387454081221984,-0.014932562223563844,0.0021523907960693547,0.0,8.335330727136868e-05,-0.0014451086730045473,0.0,0.0004457700618691547,0.03295460608530151,0.0065491018032089315,0.0,0.0,0.0,-0.0016292990514514005,0.0,0.0,0.0,0.0,0.0,0.001195496548357897,0.003739271966969887,0.0,-0.001716181661739426,-0.0001800087616183103,0.0,0.0001639601011718858,-0.0006474909582046776,-0.0007639588885642885,0.0,0.0,-0.00011181828076671246,0.0,0.0,-0.0001876065363152054,0.0,0.0,-0.0009070148526921692,-0.0006216656779876191,0.0,0.0,0.0,0.0022243085067438807,0.0005177858714945219,0.01667057308388838,-0.000879600222850538,-0.0001021831444585078,-0.0014638529930290807,-0.0020917744303199466,0.0,0.0,0.0,0.0,0.0,0.0,0.0,0.0,0.0,0.0,0.0,0.0,0.0
2023-05-31,0.0,0.0,0.00032957748363165236,0.002568686149335462,0.0,0.0,0.0,0.0,0.0,-0.00029154700171876957,0.0,-0.020194275345410025,0.0,0.0,0.0,-0.004288077649195308,0.0,-0.041492557117719056,0.0,-0.01450947046539396,0.0,0.00915980625388057,-0.01732225895930461,0.0,0.0,0.0,0.0,0.0,0.0,0.0,-0.00806225939753663,-0.007791555760570686,0.00223095289176826,-0.0021299957850972467,-0.006488952465221395,-0.0065582526046631465,0.0,0.0058138956983454755,0.0005648781662776132,-0.001862995621448441,0.002215531182120224,0.0,-0.0024971524966285324,-0.003988232801883241,-0.0014018801755943894,0.0,0.0,0.00013083521218567185,0.0025439891348228317,0.002387454081221984,-0.014932562223563844,0.0021523907960693547,0.0,8.335330727136868e-05,-0.0014451086730045473,0.0,0.0004457700618691547,0.02280433562270837,0.0065491018032089315,0.0,0.0,0.0,-0.0016292990514514005,0.0,0.0,0.0,0.0,0.0,0.001195496548357897,0.003739271966969887,0.0,-0.001716181661739426,-0.0001800087616183103,0.0,0.0001639601011718858,-0.0006474909582046776,-0.0007639588885642885,0.0,0.0,-0.00011181828076671246,0.0,0.0,-0.0001876065363152054,0.0,0.0,-0.0009070148526921692,-0.0006216656779876191,0.0,0.0,0.0,0.0022243085067438807,0.0005177858714945219,0.01667057308388838,-0.000879600222850538,-0.0001021831444585078,-0.0014638529930290807,-0.0022149156362881554,0.0,0.0,0.0,0.0,0.0,0.0,0.0,0.0,0.0,0.0,0.0,0.0,0.0
2023-06-07,0.0,0.0,0.00032957748363165236,0.002568686149335462,0.0,0.0,0.0,0.0,0.0,-0.00029154700171876957,0.0,-0.019213058965959616,0.0,0.0,0.0,-0.004288077649195308,0.0,-0.0404197017215988,0.0,-0.0237228942254994,0.0,0.00863197500310313,-0.01732225895930461,0.0,0.0,0.0,0.0,0.0,0.0,0.0,-0.00806225939753663,-0.008421048873494714,0.00223095289176826,-0.0021299957850972467,-0.006488952465221395,-0.007206275193948612,0.0,0.0058138956983454755,0.0005648781662776132,-0.001862995621448441,-0.004879247302133484,0.0,-0.0024971524966285324,-0.004717097401803251,-0.0014018801755943894,0.0,0.0,0.00013083521218567185,0.0013513506056215265,0.002668466911732198,0.007515193188386562,-0.0034857084332222386,0.0,8.335330727136868e-05,-0.0008263016489449329,0.0,0.029351297497217977,0.02280433562270837,0.0065491018032089315,0.0,0.0,0.0,-0.0016292990514514005,0.0,0.0,0.0,0.0,0.0,0.0017406115684841955,0.003739271966969887,0.0,-0.001716181661739426,-0.0001800087616183103,0.0,0.0001639601011718858,-0.0006474909582046776,0.0003797890803947802,0.0,0.0,-0.00011181828076671246,0.0,0.0,-0.0001876065363152054,0.0,0.0,-0.0009070148526921692,5.9530677936784504e-05,0.0,0.0,0.0,0.0022243085067438807,0.0005177858714945219,0.01667057308388838,0.0035931836315512,-0.0001021831444585078,-0.0014638529930290807,-0.0020613456462603356,0.0,0.0,0.0,0.0,0.0,0.0,0.0,0.0,0.0,0.0,0.0,0.0,0.0
2023-06-14,0.0,0.0,0.00032957748363165236,0.002568686149335462,0.0,0.0,0.0,0.0,0.0,-0.00029154700171876957,0.0,-0.019213058965959616,0.0,0.0,0.0,-0.0033626448701018553,0.0,-0.040271628428124824,0.0,-0.0237228942254994,0.0,0.00863197500310313,-0.01732225895930461,0.0,0.0,0.0,0.0,0.0,0.0,0.0,-0.00806225939753663,-0.008421048873494714,0.00223095289176826,-0.002011558080567957,-0.006488952465221395,-0.007206275193948612,0.0,0.0058138956983454755,0.0005648781662776132,-0.001862995621448441,-0.004879247302133484,0.0,-0.0024971524966285324,-0.004717097401803251,-0.0014018801755943894,0.0,0.0,0.00013083521218567185,0.0013513506056215265,0.002668466911732198,0.007515193188386562,-0.0034857084332222386,0.0,8.335330727136868e-05,-0.0008263016489449329,0.0,0.04192717254122812,0.027225788338841903,0.0065491018032089315,0.0,0.0,0.0,0.004437472471193103,0.0,0.0,0.0,0.0,0.0,0.0017406115684841955,0.003739271966969887,0.0,-0.001716181661739426,-0.0001800087616183103,0.0,0.0001639601011718858,-0.0006474909582046776,0.0003797890803947802,0.0,0.0,-0.00011181828076671246,0.0,0.0,-0.0001876065363152054,0.0,0.0,-0.0009070148526921692,5.9530677936784504e-05,0.0,0.0,0.0,0.0022243085067438807,0.0005177858714945219,0.015440035696337784,0.003429182422066139,-0.0001021831444585078,-0.0014638529930290807,-0.0020613456462603356,0.0,0.0,0.0,0.0,0.0,0.0,0.0,0.0,0.0,0.0,0.0,0.0,0.0
2023-06-21,0.0,0.0,0.00032957748363165236,0.002568686149335462,0.0,0.0,0.0,0.0,0.0,0.00024978486363472956,0.0,0.01181839987427329,0.0,0.0,0.0,-0.0033626448701018553,0.0,-0.035667105108865726,0.0,0.026866333007759435,0.0,0.00863197500310313,-0.020119192620814574,0.0,0.0,0.0,0.0,0.0,0.0,0.0,-0.00806225939753663,-0.007261913909205106,0.0029330062218159863,-0.0014102726810829894,-0.00604586576249092,-0.006839357615527798,0.0,0.0031090208985349315,-0.00011099836907312239,-0.001862995621448441,-0.004879247302133484,0.0,-0.001978012044663777,-0.004717097401803251,-0.0014018801755943894,0.0,0.0,0.00013083521218567185,0.0013513506056215265,0.002668466911732198,0.0073855383491119265,-0.0034857084332222386,0.0,-0.00010883304786625036,-0.0008263016489449329,0.0,0.04045569895398114,0.03295460608530151,0.0065491018032089315,0.0,0.0,0.0,0.00558947165379617,0.0,0.0,0.0,0.0,0.0,-0.00031425736473378535,0.003739271966969887,0.0,-0.0014369001233099123,-0.0001800087616183103,0.0,0.0001639601011718858,-0.0006474909582046776,0.0003797890803947802,0.0,0.0,-0.00011181828076671246,0.0,0.0,-0.0001876065363152054,0.0,0.0,-0.0009070148526921692,5.9530677936784504e-05,0.0,0.0,0.0,0.0041473301042762424,0.0005177858714945219,0.015440035696337784,0.003429182422066139,-0.0001021831444585078,-0.0015249381768543263,-0.001947519289287488,0.0,0.0,0.0,0.0,0.0,0.0,0.0,0.0,0.0,0.0,0.0,0.0,0.0
2023-06-28,0.0,0.0,0.00032957748363165236,0.002568686149335462,0.0,0.0,0.0,0.0,0.0,0.00024978486363472956,0.0,0.01181839987427329,0.0,0.0,0.0,-0.0033626448701018553,0.0,0.022759230990004226,0.0,0.04061621728772313,0.0,0.00863197500310313,-0.0203883042267596,0.0,0.0,0.0,0.0,0.0,0.0,0.0,-0.00806225939753663,-0.005865970610790207,0.0029330062218159863,-0.0014102726810829894,-0.005945067226032811,-0.006015614553309056,0.0,0.0031090208985349315,-0.00011099836907312239,-0.001862995621448441,-0.004879247302133484,0.0,-0.0017855885013400787,-0.004917934691694144,-0.0014018801755943894,0.0,0.0,0.00013083521218567185,0.002491381618423108,0.002668466911732198,0.0073855383491119265,-0.0034857084332222386,0.0,-0.00010883304786625036,-0.0005885744639638768,0.0,0.03753178896574666,0.029687305230653334,0.0065491018032089315,0.0,0.0,0.0,0.00558947165379617,0.0,0.0,0.0,0.0,0.0,0.001195496548357897,0.0006079802705184064,0.0,-0.0010352994423525725,-0.0001800087616183103,0.0,0.0001639601011718858,-0.0006474909582046776,0.0003797890803947802,0.0,0.0,9.86451682380313e-05,0.0,0.0,-0.0001876065363152054,0.0,0.0,-0.0009070148526921692,5.9530677936784504e-05,0.0,0.0,0.0,0.0041473301042762424,0.0005177858714945219,0.014759082229864114,0.003429182422066139,-0.0001021831444585078,-0.0015249381768543263,-0.001947519289287488,0.0,0.0,0.0,0.0,0.0,0.0,0.0,0.0,0.0,0.0,0.0,0.0,0.0
2023-07-05,0.0,0.0,0.00032957748363165236,0.002568686149335462,0.0,0.0,0.0,0.0,0.0,0.00024978486363472956,0.0,0.005603591093608799,0.0,0.0,0.0,-0.0033626448701018553,0.0,0.035294146910221556,0.0,-0.013130624874640496,0.0,0.007524336084787849,0.00825032373204903,0.0,0.0,0.0,0.0,0.0,0.0,0.0,-0.008749394878867165,-0.008063049549785137,0.0029330062218159863,-0.002048153426995906,-0.005945067226032811,-0.004678709429695513,0.0,0.0019291880857635725,0.0005648781662776132,0.0006198206290629873,-0.004879247302133484,0.0,-0.002304728953304834,-0.004917934691694144,-0.0014018801755943894,0.0,0.0,0.0010170238987222847,0.002491381618423108,0.002668466911732198,0.007514982709489404,0.0019596634659254514,0.0,8.335330727136868e-05,0.0008094972056454184,0.0,0.040003379736964766,0.03334523671070579,0.0065491018032089315,0.0,0.0,0.0,0.00558947165379617,0.0,0.0,0.0,0.0,0.0,0.001195496548357897,0.003739271966969887,0.0,-0.0010352994423525725,-0.0001800087616183103,0.0,0.0001639601011718858,-0.0006474909582046776,0.0003797890803947802,0.0,0.0,9.86451682380313e-05,0.0,0.0,-0.0001876065363152054,0.0,0.0,-0.0009070148526921692,5.9530677936784504e-05,0.0,0.0,0.0,0.0032441823133681413,0.0005177858714945219,0.014372432731258027,0.003429182422066139,0.0002839263789432221,-0.0015249381768543263,0.008202120179123147,0.0,0.0,0.0,0.0,0.0,0.0,0.0,0.0,0.0,0.0,0.0,0.0,0.0
2023-07-12,0.0,0.0,0.00032957748363165236,0.002568686149335462,0.0,0.0,0.0,0.0,0.0,0.00024978486363472956,0.0,-0.019213058965959616,0.0,0.0,0.0,-0.0033626448701018553,0.0,0.004428309319700287,0.0,-0.022828145047551457,0.0,0.007524336084787849,0.00825032373204903,0.0,0.0,0.0,0.0,0.0,0.0,0.0,-0.008844635874303728,-0.008161152830279999,0.00223095289176826,-0.001946976613151493,-0.006030861750108857,-0.0012133734776743638,0.0,0.004582016142112787,0.0005648781662776132,0.0006198206290629873,-0.004879247302133484,0.0,-0.002304728953304834,-0.004917934691694144,-0.0014018801755943894,0.0,0.0,0.0010170238987222847,0.0013513506056215265,0.002668466911732198,0.007515193188386562,0.0021523907960693547,0.0,8.335330727136868e-05,0.0008094972056454184,0.0,0.04147485332421175,0.03334523671070579,0.0065491018032089315,0.0,0.0,0.0,0.00558947165379617,0.0,0.0,0.0,0.0,0.0,-0.0004575504674508087,0.003739271966969887,0.0,-0.0014369001233099123,-0.0001800087616183103,0.0,0.0001639601011718858,-0.0006474909582046776,0.0003797890803947802,0.0,0.0,-0.00011181828076671246,0.0,0.0,-0.0001876065363152054,0.0,0.0,-0.0009070148526921692,5.9530677936784504e-05,0.0,0.0,0.0,0.0022243085067438807,0.0005177858714945219,0.014400768824300287,0.003429182422066139,0.0002839263789432221,-0.0015249381768543263,0.006060828602410622,0.0,0.0,0.0,0.0,0.0,0.0,0.0,0.0,0.0,0.0,0.0,0.0,0.0
2023-07-19,0.0,0.0,0.00032957748363165236,0.002568686149335462,0.0,0.0,0.0,0.0,0.0,0.00024978486363472956,0.0,-0.017562920163999476,0.0,0.0,0.0,-0.0033626448701018553,0.0,-0.023321614338313673,0.0,-0.024600923864017746,0.0,0.007439119614978431,0.00825032373204903,0.0,0.0,0.0,0.0,0.0,0.0,0.0,-0.008844635874303728,0.011923751355411344,0.00223095289176826,-0.001750460547399141,-0.00604586576249092,-0.002037116539893105,0.0,0.004582016142112787,0.0005648781662776132,0.0006198206290629873,-0.003486348932591082,0.0,-0.002304728953304834,-0.004717097401803251,-0.0014018801755943894,0.0,0.0,0.0010170238987222847,0.0013513506056215265,0.002668466911732198,0.007515193188386562,0.0021523907960693547,0.0,8.335330727136868e-05,0.0008094972056454184,0.0,0.04192717254122812,0.03295460608530151,0.0065491018032089315,0.0,0.0,0.0,0.00558947165379617,0.0,0.0,0.0,0.0,0.0,-0.0004575504674508087,-0.0004314235572774396,0.0,-0.0010352994423525725,-0.0001800087616183103,0.0,0.0001639601011718858,-0.0006474909582046776,0.0003797890803947802,0.0,0.0,9.86451682380313e-05,0.0,0.0,-0.0001876065363152054,0.0,0.0,-0.0009070148526921692,5.9530677936784504e-05,0.0,0.0,0.0,0.0022243085067438807,0.0005177858714945219,0.014700751866065079,0.003429182422066139,0.0002839263789432221,-0.0015249381768543263,-0.0019382044402921263,0.0,0.0,0.0,0.0,0.0,0.0,0.0,0.0,0.0,0.0,0.0,0.0,0.0
2023-07-26,0.0,0.0,0.00032957748363165236,0.002568686149335462,0.0,0.0,0.0,0.0,0.0,-0.00019268015518368644,0.0,0.010809327986700916,0.0,0.0,0.0,-0.0033626448701018553,0.0,0.05817928430472342,0.0,-0.013125906540700564,0.0,0.007524336084787849,0.00825032373204903,0.0,0.0,0.0,0.0,0.0,0.0,0.0,-0.008749394878867165,0.004414586996675782,0.0029330062218159863,-0.0015368956727266861,0.006164839972664325,-0.0009530621852252249,0.0,0.0031090208985349315,0.0005648781662776132,0.0006198206290629873,-0.004122330662195512,0.0,-0.002304728953304834,-0.004917934691694144,-0.0013048986674698607,0.0,0.0,0.0010170238987222847,0.002491381618423108,0.0029242079830885653,0.007514982709489404,0.0016153513086401361,0.0,8.335330727136868e-05,0.0008094972056454184,0.0,0.040003379736964766,0.032096460777423355,0.0065491018032089315,0.0,0.0,0.0,0.00558947165379617,0.0,0.0,0.0,0.0,0.0,-0.00031425736473378535,-0.0004314235572774396,0.0,-0.0010352994423525725,-0.0001800087616183103,0.0,0.0001639601011718858,-0.0006474909582046776,0.0003797890803947802,0.0,0.0,9.86451682380313e-05,0.0,0.0,-0.0001876065363152054,0.0,0.0,-1.0524512732205065e-05,-2.393376235417659e-05,0.0,0.0,0.0,0.004347286657800931,0.0005177858714945219,0.014730746136821852,0.003429182422066139,0.0002839263789432221,-0.0015249381768543263,0.004090560715983424,0.0,0.0,0.0,0.0,0.0,0.0,0.0,0.0,0.0,0.0,0.0,0.0,0.0
2023-08-02,0.0,0.0,0.00032957748363165236,0.002568686149335462,0.0,0.0,0.0,0.0,0.0,-0.00019268015518368644,0.0,0.011658630798234416,0.0,0.0,0.0,-0.0007569885856567576,0.0,0.06065293908383499,0.0,0.009179355309365441,0.0,0.0082485070480049,0.007750323512988044,0.0,0.0,0.0,0.0,0.0,0.0,0.0,-0.008749394878867165,0.004414586996675782,0.0029330062218159863,-0.0015368956727266861,0.006164839972664325,0.0001674023124622487,0.0,0.0006218482607191528,0.0005648781662776132,0.000902075667946992,4.922553619530611e-05,0.0,0.0031247430188428398,-0.004917934691694144,-0.0013048986674698607,0.0,0.0,0.0010170238987222847,0.0021325662698406366,0.0029242079830885653,0.0075135434828197825,0.0016153513086401361,0.0,-0.00010883304786625036,0.0008094972056454184,0.0,0.041435304227176256,0.031176821947564125,0.0065491018032089315,0.0,0.0,0.0,0.004222674712011246,0.0,0.0,0.0,0.0,0.0,-0.00031425736473378535,-0.0004314235572774396,0.0,-0.0010352994423525725,-0.0001800087616183103,0.0,0.0001639601011718858,-0.0006474909582046776,0.0003797890803947802,0.0,0.0,9.86451682380313e-05,0.0,0.0,-0.0001876065363152054,0.0,0.0,-1.0524512732205065e-05,0.0002499349766603285,0.0,0.0,0.0,0.004746852088179102,-0.0003251498956067496,0.014730746136821852,0.003429182422066139,0.0002839263789432221,-0.0015249381768543263,-0.001947519289287488,0.0,0.0,0.0,0.0,0.0,0.0,0.0,0.0,0.0,0.0,0.0,0.0,0.0
2023-08-09,0.0,0.0,0.00032957748363165236,0.002568686149335462,0.0,0.0,0.0,0.0,0.0,-0.00019268015518368644,0.0,0.011658630798234416,0.0,0.0,0.0,-0.0007569885856567576,0.0,0.06065293908383499,0.0,0.009179355309365441,0.0,0.0082485070480049,0.007750323512988044,0.0,0.0,0.0,0.0,0.0,0.0,0.0,-0.008749394878867165,0.004414586996675782,0.0029330062218159863,-0.0015368956727266861,0.006164839972664325,0.0001674023124622487,0.0,-0.0009593175961115099,0.0005648781662776132,0.000902075667946992,4.922553619530611e-05,0.0,0.0031247430188428398,-0.004917934691694144,-0.0013048986674698607,0.0,0.0,0.0010170238987222847,0.0021325662698406366,0.0029242079830885653,0.0075135434828197825,0.0016153513086401361,0.0,-0.00010883304786625036,0.0008094972056454184,0.0,0.04176819694978677,0.031567452572968405,0.0065491018032089315,0.0,0.0,0.0,0.004222674712011246,0.0,0.0,0.0,0.0,0.0,-0.00031425736473378535,-0.0004314235572774396,0.0,-0.0010352994423525725,-0.0001800087616183103,0.0,0.0001639601011718858,-0.0006474909582046776,0.0003797890803947802,0.0,0.0,9.86451682380313e-05,0.0,0.0,-0.0001876065363152054,0.0,0.0,-1.0524512732205065e-05,0.0002499349766603285,0.0,0.0,0.0,0.004746852088179102,-0.0003251498956067496,0.014730746136821852,0.003429182422066139,0.0002839263789432221,-0.0015249381768543263,0.0037395225296687,0.0,0.0,0.0,0.0,0.0,0.0,0.0,0.0,0.0,0.0,0.0,0.0,0.0
2023-08-16,0.0,0.0,0.00032957748363165236,0.002568686149335462,0.0,0.0,0.0,0.0,0.0,-0.00019268015518368644,0.0,0.011658630798234416,0.0,0.0,0.0,-0.0007569885856567576,0.0,0.06065293908383499,0.0,0.03798034982489529,0.0,0.0082485070480049,0.007366874440749942,0.0,0.0,0.0,0.0,0.0,0.0,0.0,-0.008749394878867165,0.0028509275893954947,0.0029330062218159863,-0.0008344334593973057,0.006164839972664325,0.0001674023124622487,0.0,-0.0009593175961115099,-0.00011099836907312239,0.000902075667946992,-0.00026985782913917255,0.0,0.0031247430188428398,-0.004917934691694144,-0.0013048986674698607,0.0,0.0,0.0010170238987222847,0.0021325662698406366,0.0029242079830885653,0.0073855383491119265,0.0016153513086401361,0.0,-0.00010883304786625036,0.0006022146465338709,0.0,0.04176819694978677,0.02830015171832022,0.0065491018032089315,0.0,0.0,0.0,0.004222674712011246,0.0,0.0,0.0,0.0,0.0,-0.00031425736473378535,-0.0004314235572774396,0.0,-0.0010352994423525725,-0.0001800087616183103,0.0,0.0001639601011718858,-0.0006474909582046776,0.0003797890803947802,0.0,0.0,9.86451682380313e-05,0.0,0.0,-0.0001876065363152054,0.0,0.0,-1.0524512732205065e-05,-0.0006216656779876191,0.0,0.0,0.0,0.004746852088179102,-0.0003251498956067496,0.014372432731258027,0.003429182422066139,0.0002839263789432221,-0.0015249381768543263,0.005700475567100537,0.0,0.0,0.0,0.0,0.0,0.0,0.0,0.0,0.0,0.0,0.0,0.0,0.0
2023-08-23,0.0,0.0,0.0006905592047700323,0.002869725555094249,0.0,0.0,0.0,0.0,0.0,0.00024978486363472956,0.0,0.012667702685806793,0.0,0.0,0.0,0.0007785267871485532,0.0,0.06082641153977373,0.0,0.043480134240054376,0.0,0.0082485070480049,0.006470503946475518,0.0,0.0,0.0,0.0,0.0,0.0,0.0,0.021796986057717037,-0.006800261505424331,0.0027845613332002786,-0.0013456912136665256,-0.005945067226032811,0.0001674023124622487,0.0,-0.0009593175961115099,-0.00011099836907312239,0.000902075667946992,-0.0016627561986815745,0.0,0.0031247430188428398,-0.004917934691694144,-0.0014018801755943894,0.0,0.0,0.0010170238987222847,0.0021325662698406366,0.0029242079830885653,0.0073855383491119265,0.0016153513086401361,0.0,-0.00010883304786625036,0.0006022146465338709,0.0,0.03929660617856866,0.025730106302084856,0.0065491018032089315,0.0,0.0,0.0,0.004222674712011246,0.0,0.0,0.0,0.0,0.0,-0.00031425736473378535,-0.00019619499866664516,0.0,-0.0014369001233099123,-0.0001800087616183103,0.0,0.0001639601011718858,-0.0006474909582046776,0.0003797890803947802,0.0,0.0,-0.00011181828076671246,0.0,0.0,-0.0001876065363152054,0.0,0.0,-0.0009070148526921692,-0.0006216656779876191,0.0,0.0,0.0,0.006916250720409011,-0.0003251498956067496,0.014730746136821852,0.003429182422066139,0.0002839263789432221,-0.0015249381768543263,-0.002298557475602212,0.0,0.0,0.0,0.0,0.0,0.0,0.0,0.0,0.0,0.0,0.0,0.0,0.0
2023-08-30,0.0,0.0,0.0006905592047700323,0.002869725555094249,0.0,0.0,0.0,0.0,0.0,0.00024978486363472956,0.0,0.012458050092342722,0.0,0.0,0.0,0.004139505064849897,0.0,0.06082641153977373,0.0,0.043480134240054376,0.0,0.0082485070480049,0.006470503946475518,0.0,0.0,0.0,0.0,0.0,0.0,0.0,0.021796986057717037,-0.006800261505424331,0.0027845613332002786,-0.0013456912136665256,-0.005945067226032811,0.000905633787189835,0.0,-0.0005115497213850305,-0.00011099836907312239,0.000902075667946992,-0.002200606743485677,0.0,0.0031247430188428398,-0.004917934691694144,-0.0014018801755943894,0.0,0.0,0.0010170238987222847,0.0021325662698406366,0.0029242079830885653,0.0073855383491119265,0.0016153513086401361,0.0,-0.00010883304786625036,0.0006022146465338709,0.0,0.03962949890117918,0.026120736927489136,0.0065491018032089315,0.0,0.0,0.0,0.004222674712011246,0.0,0.0,0.0,0.0,0.0,-0.00031425736473378535,-0.00019619499866664516,0.0,-0.0014369001233099123,-0.0001800087616183103,0.0,0.0001639601011718858,-0.0006474909582046776,0.0003797890803947802,0.0,0.0,-0.00011181828076671246,0.0,0.0,-0.0001876065363152054,0.0,0.0,-0.0009070148526921692,-0.0006216656779876191,0.0,0.0,0.0,0.006916250720409011,-0.0003251498956067496,0.015015589086111303,0.003429182422066139,0.0002839263789432221,-0.0015249381768543263,0.009478682680306261,0.0,0.0,0.0,0.0,0.0,0.0,0.0,0.0,0.0,0.0,0.0,0.0,0.0
2023-09-06,0.0,0.0,0.0006905592047700323,0.002869725555094249,0.0,0.0,0.0,0.0,0.0,0.00024978486363472956,0.0,0.012458050092342722,0.0,0.0,0.0,0.006057202798859571,0.0,0.06016447277956936,0.0,0.043480134240054376,0.0,0.0082485070480049,0.006470503946475518,0.0,0.0,0.0,0.0,0.0,0.0,0.0,0.021796986057717037,-0.006238057425033542,0.0027845613332002786,-0.0008945648725620118,-0.005945067226032811,0.000905633787189835,0.0,-0.0005115497213850305,-0.00011099836907312239,0.000902075667946992,0.0021559463556213854,0.0,0.0031247430188428398,0.011245517887290328,-0.0014018801755943894,0.0,0.0,0.0010170238987222847,0.003386161857303122,0.0029242079830885653,0.007844905836038023,0.0016153513086401361,0.0,-0.00010883304786625036,0.001038384715806152,0.0,0.03786468168835718,0.026120736927489136,0.0065491018032089315,0.0,0.0,0.0,0.004222674712011246,0.0,0.0,0.0,0.0,0.0,-0.00031425736473378535,-0.00019619499866664516,0.0,-0.0014369001233099123,-0.0001800087616183103,0.0,0.0016802700660727386,-0.0006474909582046776,0.0003797890803947802,0.0,0.0,-0.00011181828076671246,0.0,0.0,-0.0001876065363152054,0.0,0.0,-0.0009070148526921692,-0.0006216656779876191,0.0,0.0,0.0,0.006916250720409011,-0.0003251498956067496,0.015015589086111303,0.003429182422066139,0.0002839263789432221,-0.0015249381768543263,0.009478682680306261,0.0,0.0,0.0,0.0,0.0,0.0,0.0,0.0,0.0,0.0,0.0,0.0,0.0
2023-09-13,0.0,0.0,0.0006905592047700323,0.002869725555094249,0.0,0.0,0.0,0.0,0.0,0.00024978486363472956,0.0,0.012458050092342722,0.0,0.0,0.0,0.006057202798859571,0.0,0.06016447277956936,0.0,0.043480134240054376,0.0,0.0082485070480049,0.006470503946475518,0.0,0.0,0.0,0.0,0.0,0.0,0.0,0.021796986057717037,-0.006238057425033542,0.0027845613332002786,-0.0008945648725620118,-0.005945067226032811,0.000905633787189835,0.0,-0.0005115497213850305,-0.00011099836907312239,0.000902075667946992,0.0021559463556213854,0.0,0.0031247430188428398,0.011245517887290328,-0.0014018801755943894,0.0,0.0,0.0010170238987222847,0.003386161857303122,0.0029242079830885653,0.007844905836038023,0.0016153513086401361,0.0,-0.00010883304786625036,0.001038384715806152,0.0,0.03786468168835718,0.026120736927489136,0.0065491018032089315,0.0,0.0,0.0,0.004222674712011246,0.0,0.0,0.0,0.0,0.0,-0.00031425736473378535,-0.00019619499866664516,0.0,-0.0014369001233099123,-0.0001800087616183103,0.0,0.0016802700660727386,-0.0006474909582046776,0.0003797890803947802,0.0,0.0,-0.00011181828076671246,0.0,0.0,-0.0001876065363152054,0.0,0.0,-0.0009070148526921692,-0.0006216656779876191,0.0,0.0,0.0,0.006916250720409011,-0.0003251498956067496,0.015015589086111303,0.003429182422066139,0.0002839263789432221,-0.0015249381768543263,0.009478682680306261,0.0,0.0,0.0,0.0,0.0,0.0,0.0,0.0,0.0,0.0,0.0,0.0,0.0
2023-09-20,0.0,0.0,0.0006905592047700323,0.002869725555094249,0.0,0.0,0.0,0.0,0.0,0.00022489481835319872,0.0,0.012458050092342722,0.0,0.0,0.0,0.006057202798859571,0.0,0.05999100032363062,0.0,0.02906059813506343,0.0,0.0082485070480049,0.007513086015257431,0.0,0.0,0.0,0.0,0.0,0.0,0.0,0.00578745848784505,-0.00672737804449111,0.0027845613332002786,-0.0032418221007150957,0.009237038459754215,0.0024149122701074793,0.0,-0.0005115497213850305,-0.00011099836907312239,0.000902075667946992,0.0024750297209558637,0.0,0.0031247430188428398,0.011245517887290328,-0.000865785051693893,0.0,0.0,0.0010170238987222847,0.003386161857303122,0.0029242079830885653,0.007844905836038023,0.0016153513086401361,0.0,-0.00010883304786625036,0.0012456672749176995,0.0,0.040003379736964766,0.02938803778213732,0.0065491018032089315,0.0,0.0,0.0,0.004222674712011246,0.0,0.0,0.0,0.0,0.0,-0.00031425736473378535,-0.0004314235572774396,0.0,-0.0026471358669025434,-0.0001800087616183103,0.0,0.0016802700660727386,-0.0006474909582046776,0.0003797890803947802,0.0,0.0,-0.00011181828076671246,0.0,0.0,-0.0001876065363152054,0.0,0.0,-1.0524512732205065e-05,0.0002499349766603285,0.0,0.0,0.0,0.005228541164320328,-0.0003251498956067496,0.015015589086111303,0.003429182422066139,0.0002839263789432221,-0.0015249381768543263,0.009478682680306261,0.0,0.0,0.0,0.0,0.0,0.0,0.0,0.0,0.0,0.0,0.0,0.0,0.0
2023-09-27,0.0,0.0,0.0006905592047700323,0.002869725555094249,0.0,0.0,0.0,0.0,0.0,0.00022489481835319872,0.0,0.012458050092342722,0.0,0.0,0.0,0.006057202798859571,0.0,0.05838793444214294,0.0,0.025549353430538702,0.0,0.0082485070480049,0.007513086015257431,0.0,0.0,0.0,0.0,0.0,0.0,0.0,0.00578745848784505,-0.007500845469394349,0.0027845613332002786,-0.0032418221007150957,0.009237038459754215,0.00455022988516081,0.0,-0.0005115497213850305,-0.00011099836907312239,0.000902075667946992,0.0024750297209558637,0.0,0.0031247430188428398,0.011245517887290328,-0.000865785051693893,0.0,0.0,0.0010170238987222847,0.003386161857303122,0.0029242079830885653,0.007844905836038023,0.0016153513086401361,0.0,-0.00010883304786625036,0.0012456672749176995,0.0,0.040003379736964766,0.02938803778213732,0.0065491018032089315,0.0,0.0,0.0,0.004222674712011246,0.0,0.0,0.0,0.0,0.0,-0.00031425736473378535,-0.0004314235572774396,0.0,-0.0026471358669025434,-0.0001800087616183103,0.0,0.0016802700660727386,-0.0006474909582046776,0.0003797890803947802,0.0,0.0,-0.00011181828076671246,0.0,0.0,-0.0001876065363152054,0.0,0.0,-1.0524512732205065e-05,0.0002499349766603285,0.0,0.0,0.0,0.005228541164320328,-0.0003251498956067496,0.015015589086111303,0.003429182422066139,0.0002839263789432221,-0.0015249381768543263,0.009478682680306261,0.0,0.0,0.0,0.0,0.0,0.0,0.0,0.0,0.0,0.0,0.0,0.0,0.0
2023-10-04,0.0,0.0,-0.0024101870284130543,0.002869725555094249,0.0,0.0,0.0,0.0,0.0,0.00022489481835319872,0.0,0.003625376306502781,0.0,0.0,0.0,0.005275305644605758,0.0,0.05873202972352928,0.0,-0.007004432360761217,0.0,0.008688839771406595,0.007238866682542811,0.0,0.0,0.0,0.0,0.0,0.0,0.0,0.00490853351052317,-0.007500845469394349,0.0027845613332002786,-0.0039442843140444755,0.008139146966696178,0.005200859226143505,0.0,-3.6557870000529364e-05,0.0005648781662776132,0.000902075667946992,0.0021145771174255557,0.0,0.0036046207475497567,0.00814441326560888,0.0014889430101480401,0.0,0.0,0.0010170238987222847,0.003386161857303122,0.0029242079830885653,0.00797291096974588,0.0016153513086401361,0.0,-0.00010883304786625036,0.0012456672749176995,0.0,0.040003379736964766,0.02938803778213732,0.0065491018032089315,0.0,0.0,0.0,0.007320480050520045,0.0,0.0,0.0,0.0,0.0,-0.00031425736473378535,-0.0004314235572774396,0.0,-0.0026471358669025434,-0.0001800087616183103,0.0,-0.00011219194540547791,-0.0006474909582046776,0.0003797890803947802,0.0,0.0,-0.00011181828076671246,0.0,0.0,0.0016924868883013968,0.0,0.0,-1.0524512732205065e-05,-0.0006216656779876191,0.0,0.0,0.0,0.003993322607009277,0.0005177858714945219,-0.007149286447305698,0.003429182422066139,-0.001591625758883639,-0.0015249381768543263,0.009809002083954903,0.0,0.0,0.0,0.0,0.0,0.0,0.0,0.0,0.0,0.0,0.0,0.0,0.0
2023-10-11,0.0,0.0,-0.0024101870284130543,0.002869725555094249,0.0,0.0,0.0,0.0,0.0,0.00022489481835319872,0.0,0.012458050092342722,0.0,0.0,0.0,0.005275305644605758,0.0,0.05873202972352928,0.0,-0.007004432360761217,0.0,0.008688839771406595,0.007238866682542811,0.0,0.0,0.0,0.0,0.0,0.0,0.0,0.00490853351052317,-0.007500845469394349,0.0027845613332002786,-0.0039442843140444755,0.008139146966696178,0.005200859226143505,0.0,-3.6557870000529364e-05,0.0005648781662776132,0.000902075667946992,0.002433660482760034,0.0,0.0036046207475497567,0.00814441326560888,0.0014889430101480401,0.0,0.0,0.0010170238987222847,0.003386161857303122,0.0029242079830885653,0.00797291096974588,0.0016153513086401361,0.0,-0.00010883304786625036,0.0012456672749176995,0.0,0.040003379736964766,0.02938803778213732,0.0065491018032089315,0.0,0.0,0.0,0.007320480050520045,0.0,0.0,0.0,0.0,0.0,-0.00031425736473378535,-0.0004314235572774396,0.0,-0.0026471358669025434,-0.0001800087616183103,0.0,-0.00011219194540547791,-0.0006474909582046776,0.0003797890803947802,0.0,0.0,-0.00011181828076671246,0.0,0.0,0.0016924868883013968,0.0,0.0,-1.0524512732205065e-05,0.0002499349766603285,0.0,0.0,0.0,0.005228541164320328,0.0005177858714945219,-0.007149286447305698,0.003429182422066139,-0.001591625758883639,-0.0015249381768543263,0.009809002083954903,0.0,0.0,0.0,0.0,0.0,0.0,0.0,0.0,0.0,0.0,0.0,0.0,0.0
2023-10-18,0.0,0.0,-0.0024101870284130543,0.002869725555094249,0.0,0.0,0.0,0.0,0.0,0.00022489481835319872,0.0,-0.013551218661775513,0.0,0.0,0.0,0.005275305644605758,0.0,0.05873202972352928,0.0,-0.007004432360761217,0.0,0.008688839771406595,0.007238866682542811,0.0,0.0,0.0,0.0,0.0,0.0,0.0,0.00490853351052317,-0.00840008439046924,0.0027845613332002786,-0.0039442843140444755,0.008139146966696178,0.005200859226143505,0.0,-0.0005285096795061433,0.0005648781662776132,0.000902075667946992,0.002433660482760034,0.0,0.0036046207475497567,0.00814441326560888,0.0014889430101480401,0.0,0.0,0.0010170238987222847,0.003386161857303122,0.0029242079830885653,0.00797291096974588,0.0016153513086401361,0.0,-0.00010883304786625036,0.0012456672749176995,0.0,0.04147485332421175,0.02938803778213732,0.0065491018032089315,0.0,0.0,0.0,0.007320480050520045,0.0,0.0,0.0,0.0,0.0,-0.00031425736473378535,-0.0004314235572774396,0.0,-0.0026471358669025434,-0.0001800087616183103,0.0,-0.00011219194540547791,-0.0006474909582046776,0.0003797890803947802,0.0,0.0,-0.00011181828076671246,0.0,0.0,0.0016924868883013968,0.0,0.0,-1.0524512732205065e-05,0.0002499349766603285,0.0,0.0,0.0,0.003305519566787967,0.0005177858714945219,-0.007149286447305698,0.003429182422066139,-0.001591625758883639,-0.0015249381768543263,0.010304909269807755,0.0,0.0,0.0,0.0,0.0,0.0,0.0,0.0,0.0,0.0,0.0,0.0,0.0
2023-10-25,0.0,0.0,-0.001150290040910473,0.002869725555094249,0.0,0.0,0.0,0.0,0.0,0.00022489481835319872,0.0,0.012458050092342722,0.0,0.0,0.0,0.005275305644605758,0.0,0.05873202972352928,0.0,-0.013446326331441287,0.0,0.0028597667710350484,0.007238866682542811,0.0,0.0,0.0,0.0,0.0,0.0,0.0,-0.002915458896578076,-0.007646797632495205,0.0027845613332002786,-0.0039442843140444755,0.008139146966696178,0.005200859226143505,0.0,-3.6557870000529364e-05,0.0005648781662776132,0.000902075667946992,0.0021145771174255557,0.0,0.0036046207475497567,0.00814441326560888,0.0014889430101480401,0.0,0.0,0.0010170238987222847,0.003386161857303122,0.0029242079830885653,0.007974350196415502,0.0016153513086401361,0.0,8.335330727136868e-05,0.0012456672749176995,0.0,0.040003379736964766,0.031567452572968405,0.0065491018032089315,0.0,0.0,0.0,0.007320480050520045,0.0,0.0,0.0,0.0,0.0,0.001195496548357897,-0.0004314235572774396,0.0,-0.0026471358669025434,-0.0001800087616183103,0.0,-0.00011219194540547791,-0.0006474909582046776,0.0003797890803947802,0.0,0.0,-0.00011181828076671246,0.0,0.0,0.0016924868883013968,0.0,0.0,-1.0524512732205065e-05,-0.0006216656779876191,0.0,0.0,0.0,0.004746852088179102,0.0005177858714945219,-0.007640521579948714,0.003429182422066139,-0.001591625758883639,-0.0015249381768543263,0.009809002083954903,0.0,0.0,0.0,0.0,0.0,0.0,0.0,0.0,0.0,0.0,0.0,0.0,0.0
2023-11-01,0.0,0.0,0.00032957748363165236,0.002869725555094249,0.0,0.0,0.0,0.0,0.0,0.00022489481835319872,0.0,0.012458050092342722,0.0,0.0,0.0,0.005275305644605758,0.0,0.060529281345990046,0.0,0.02661064984319685,0.0,0.0001230570251034729,0.007513086015257431,0.0,0.0,0.0,0.0,0.0,0.0,0.0,-0.003657412627897159,-0.007646797632495205,0.0027845613332002786,-0.0032418221007150957,0.008139146966696178,0.00455022988516081,0.0,-0.0005272189399152307,-0.00011099836907312239,0.0013536311381057084,0.001636311399120292,0.0,-0.002489634546858794,-0.002067102661208647,0.0014889430101480401,0.0,0.0,0.0010170238987222847,0.003386161857303122,0.0029242079830885653,0.0073855383491119265,0.0016153513086401361,0.0,0.0001489980422553662,-0.0014451086730045473,0.0,0.02824982268460657,0.031567452572968405,0.0065491018032089315,0.0,0.0,0.0,0.007320480050520045,0.0,0.0,0.0,0.0,0.0,0.001195496548357897,-0.0004314235572774396,0.0,-0.0026471358669025434,-0.0001800087616183103,0.0,0.0001639601011718858,-0.0006474909582046776,0.004635024328684334,0.0,0.0,-0.00011181828076671246,0.0,0.0,0.0016924868883013968,0.0,0.0,-1.0524512732205065e-05,-0.0006216656779876191,0.0,0.0,0.0,0.004746852088179102,-0.0008137514797595262,-0.007640521579948714,0.0035931836315512,0.0002839263789432221,-0.0013450023932330543,0.009809002083954903,0.0,0.0,0.0,0.0,0.0,0.0,0.0,0.0,0.0,0.0,0.0,0.0,0.0
2023-11-08,0.0,0.0,0.00032957748363165236,0.002869725555094249,0.0,0.0,0.0,0.0,0.0,0.00022489481835319872,0.0,0.012667702685806793,0.0,0.0,0.0,0.005275305644605758,0.0,0.060529281345990046,0.0,0.04321320923703708,0.0,0.0001230570251034729,0.007366874440749942,0.0,0.0,0.0,0.0,0.0,0.0,0.0,-0.003657412627897159,-0.006384009588134398,0.0027845613332002786,-0.0032418221007150957,0.008139146966696178,0.00455022988516081,0.0,-0.002087432064868459,-0.00011099836907312239,0.0013536311381057084,0.001636311399120292,0.0,-0.002489634546858794,-0.002067102661208647,0.0014889430101480401,0.0,0.0,0.0010170238987222847,0.003386161857303122,0.0029242079830885653,0.0073855383491119265,0.0016153513086401361,0.0,0.0001489980422553662,-0.0012073814880234912,0.0,0.02791692996199605,0.02790952109291594,0.0065491018032089315,0.0,0.0,0.0,0.003824156061457539,0.0,0.0,0.0,0.0,0.0,0.001195496548357897,-0.00019619499866664516,0.0,-0.0026471358669025434,-0.0001800087616183103,0.0,0.0001639601011718858,-0.0006474909582046776,0.004635024328684334,0.0,0.0,-0.00011181828076671246,0.0,0.0,0.0016924868883013968,0.0,0.0,-1.0524512732205065e-05,-0.0006216656779876191,0.0,0.0,0.0,0.004746852088179102,-0.0008137514797595262,-0.00778975726638973,0.0035931836315512,0.0002839263789432221,-0.0013450023932330543,-0.002475787163958411,0.0,0.0,0.0,0.0,0.0,0.0,0.0,0.0,0.0,0.0,0.0,0.0,0.0
2023-11-15,0.0,0.0,0.00032957748363165236,0.0013250686014192304,0.0,0.0,0.0,0.0,0.0,0.00022489481835319872,0.0,0.012667702685806793,0.0,0.0,0.0,0.005275305644605758,0.0,0.060529281345990046,0.0,0.044032000752580125,0.0,0.009413010734623646,0.007366874440749942,0.0,0.0,0.0,0.0,0.0,0.0,0.0,-0.003657412627897159,-0.006238057425033542,0.0027845613332002786,-0.0032418221007150957,0.007995779463304492,0.00455022988516081,0.0,-0.00021809910979352277,-0.00011099836907312239,0.000902075667946992,0.001636311399120292,0.0,-0.002489634546858794,-0.002067102661208647,0.0014889430101480401,0.0,0.0,0.0010170238987222847,0.003386161857303122,0.0029242079830885653,0.0073855383491119265,0.0016153513086401361,0.0,0.0001489980422553662,-0.0012073814880234912,0.0,0.025778231913388457,0.02790952109291594,0.0065491018032089315,0.0,0.0,0.0,0.004419509106028952,0.0,0.0,0.0,0.0,0.0,0.001195496548357897,-0.00019619499866664516,0.0,-0.0026471358669025434,-0.0001800087616183103,0.0,0.0001639601011718858,-0.0006474909582046776,0.004635024328684334,0.0,0.0,-0.00011181828076671246,0.0,0.0,0.0016924868883013968,0.0,0.0,-1.0524512732205065e-05,-0.0006216656779876191,0.0,0.0,0.0,0.004746852088179102,-0.0003251498956067496,-0.007298522133746713,0.0035931836315512,0.0002839263789432221,-0.0013450023932330543,-0.002475787163958411,0.0,0.0,0.0,0.0,0.0,0.0,0.0,0.0,0.0,0.0,0.0,0.0,0.0
2023-11-22,0.0,0.0,0.00032957748363165236,0.0003329088156143686,0.0,0.0,0.0,0.0,0.0,0.00022489481835319872,0.0,0.012255745951209832,0.0,0.0,0.0,0.005275305644605758,0.0,0.060529281345990046,0.0,0.04421404709549987,0.0,0.009413010734623646,0.007366874440749942,0.0,0.0,0.0,0.0,0.0,0.0,0.0,-0.008749394878867165,-0.006238057425033542,-0.0045737361525066186,-0.0032418221007150957,0.007995779463304492,0.00455022988516081,0.0,-0.00021809910979352277,-0.00011099836907312239,0.000902075667946992,0.001636311399120292,0.0,-0.002489634546858794,-0.002067102661208647,0.0014889430101480401,0.0,0.0,0.0010170238987222847,0.003386161857303122,0.0029242079830885653,0.0073855383491119265,0.0016153513086401361,0.0,0.0001489980422553662,-0.0012073814880234912,0.0,0.025778231913388457,0.02790952109291594,0.0065491018032089315,0.0,0.0,0.0,0.004419509106028952,0.0,0.0,0.0,0.0,0.0,-0.00031425736473378535,-0.00019619499866664516,0.0,-0.0026471358669025434,-0.0001800087616183103,0.0,0.0001639601011718858,-0.0006474909582046776,0.004635024328684334,0.0,0.0,-0.00011181828076671246,0.0,0.0,0.0016924868883013968,0.0,0.0,-1.0524512732205065e-05,-0.0006216656779876191,0.0,0.0,0.0,0.004746852088179102,-0.0003251498956067496,-0.007298522133746713,0.0035931836315512,0.0002839263789432221,-0.0013450023932330543,-0.002475787163958411,0.0,0.0,0.0,0.0,0.0,0.0,0.0,0.0,0.0,0.0,0.0,0.0,0.0
2023-11-29,0.0,0.0,0.00032957748363165236,0.0003329088156143686,0.0,0.0,0.0,0.0,0.0,0.00022489481835319872,0.0,0.012834936175190978,0.0,0.0,0.0,0.005759567586659095,0.0,0.060529281345990046,0.0,0.046170950735513375,0.0,0.009216671022184035,0.007366874440749942,0.0,0.0,0.0,0.0,0.0,0.0,0.0,-0.008749394878867165,-0.006238057425033542,-0.0045737361525066186,-0.0032418221007150957,0.007995779463304492,0.00455022988516081,0.0,-0.00021809910979352277,-0.00011099836907312239,0.000902075667946992,0.001636311399120292,0.0,-0.002489634546858794,-0.002067102661208647,0.0014889430101480401,0.0,0.0,0.0010170238987222847,0.004578800386504427,0.0029242079830885653,0.0073855383491119265,0.0016153513086401361,0.0,0.0001489980422553662,-0.0012073814880234912,0.0,0.0008932035864308815,0.02790952109291594,0.0065491018032089315,0.0,0.0,0.0,-0.002109585204839411,0.0,0.0,0.0,0.0,0.0,-0.00031425736473378535,-0.00019619499866664516,0.0,-0.0026471358669025434,-0.0001800087616183103,0.0,0.0001639601011718858,-0.0006474909582046776,0.004635024328684334,0.0,0.0,-0.00011181828076671246,0.0,0.0,0.0016924868883013968,0.0,0.0,-1.0524512732205065e-05,-0.0006216656779876191,0.0,0.0,0.0,0.004746852088179102,0.0005177858714945219,-0.00794000225556677,0.0035931836315512,0.0002839263789432221,-0.0013450023932330543,-0.0026293571539862315,0.0,0.0,0.0,0.0,0.0,0.0,0.0,0.0,0.0,0.0,0.0,0.0,0.0
2023-12-06,0.0,0.0,0.00032957748363165236,-0.0016691050923046322,0.0,0.0,0.0,0.0,0.0,0.00022489481835319872,0.0,0.012834936175190978,0.0,0.0,0.0,0.006541464740912908,0.0,0.060185186064603706,0.0,0.025892894162162203,0.0,-0.024757785219875286,0.006501628965751213,0.0,0.0,0.0,0.0,0.0,0.0,0.0,-0.008749394878867165,-0.008486914033139075,-0.003462175411904529,-0.0032418221007150957,0.009093670956362529,0.00455022988516081,0.0,-0.00021809910979352277,-0.00011099836907312239,0.0013536311381057084,0.0016776806373161217,0.0,-0.002489634546858794,-0.004917934691694144,-0.000865785051693893,0.0,0.0,0.0010170238987222847,0.0015856237596336693,0.0029242079830885653,0.0073855383491119265,0.0016153513086401361,0.0,-0.00010883304786625036,-0.0014451086730045473,0.0,0.002017367351674307,0.031176821947564125,0.007838172724777149,0.0,0.0,0.0,-0.001586401272089535,0.0,0.0,0.0,0.0,0.0,-0.00031425736473378535,-0.0004314235572774396,0.0,-0.0022455351859452036,-0.0001800087616183103,0.0,0.0001639601011718858,-0.0006474909582046776,0.0003797890803947802,0.0,0.0,9.86451682380313e-05,0.0,0.0,-0.0001876065363152054,0.0,0.0,-1.0524512732205065e-05,-0.0006216656779876191,0.0,0.0,0.0,0.004746852088179102,0.001295860847013283,0.017743535838977642,0.0035931836315512,-0.001591625758883639,-0.0015249381768543263,-0.002452127465630031,0.0,0.0,0.0,0.0,0.0,0.0,0.0,0.0,0.0,0.0,0.0,0.0,0.0
2023-12-13,0.0,0.0,0.00032957748363165236,0.0003329088156143686,0.0,0.0,0.0,0.0,0.0,0.00022489481835319872,0.0,0.012834936175190978,0.0,0.0,0.0,0.006541464740912908,0.0,0.060185186064603706,0.0,0.02571084781924245,0.0,-0.024757785219875286,0.006501628965751213,0.0,0.0,0.0,0.0,0.0,0.0,0.0,-0.008749394878867165,-0.008486914033139075,-0.005471478446175995,-0.0032418221007150957,0.009093670956362529,0.00455022988516081,0.0,-0.00021809910979352277,-0.00011099836907312239,0.0013536311381057084,0.0019967640026506005,0.0,-0.002489634546858794,-0.004917934691694144,-0.000865785051693893,0.0,0.0,0.0010170238987222847,0.0015856237596336693,0.0029242079830885653,0.0073855383491119265,0.0016153513086401361,0.0,-0.00010883304786625036,-0.0014451086730045473,0.0,0.002017367351674307,0.031176821947564125,0.007838172724777149,0.0,0.0,0.0,-0.001586401272089535,0.0,0.0,0.0,0.0,0.0,0.001195496548357897,-0.0004314235572774396,0.0,-0.0026471358669025434,-0.0001800087616183103,0.0,0.0001639601011718858,-0.0006474909582046776,0.0003797890803947802,0.0,0.0,-0.00011181828076671246,0.0,0.0,-0.0001876065363152054,0.0,0.0,-1.0524512732205065e-05,0.0002499349766603285,0.0,0.0,0.0,0.004746852088179102,0.001295860847013283,0.017743535838977642,0.0035931836315512,-0.001591625758883639,-0.0015249381768543263,-0.002452127465630031,0.0,0.0,0.0,0.0,0.0,0.0,0.0,0.0,0.0,0.0,0.0,0.0,0.0
2023-12-20,0.0,0.0,-0.001150290040910473,0.0003329088156143686,0.0,0.0,0.0,0.0,0.0,0.00022489481835319872,0.0,0.012834936175190978,0.0,0.0,0.0,0.006541464740912908,0.0,0.060185186064603706,0.0,0.025892894162162203,0.0,-0.024757785219875286,0.006501628965751213,0.0,0.0,0.0,0.0,0.0,0.0,0.0,-0.008007441147548084,-0.008486914033139075,-0.005471478446175995,-0.0005798231840451439,0.009093670956362529,0.00455022988516081,0.0,-0.00021809910979352277,-0.00011099836907312239,0.0013536311381057084,0.0019967640026506005,0.0,-0.002489634546858794,-0.004917934691694144,-0.000865785051693893,0.0,0.0,0.0010170238987222847,0.0015856237596336693,0.0029242079830885653,0.0073855383491119265,0.0016153513086401361,0.0,-0.00010883304786625036,-0.0014451086730045473,0.0,0.002017367351674307,0.031176821947564125,0.007838172724777149,0.0,0.0,0.0,-0.001586401272089535,0.0,0.0,0.0,0.0,0.0,-0.00031425736473378535,-0.0004314235572774396,0.0,-0.0010352994423525725,-0.0001800087616183103,0.0,0.0001639601011718858,-0.0006474909582046776,0.0003797890803947802,0.0,0.0,9.86451682380313e-05,0.0,0.0,-0.0001876065363152054,0.0,0.0,-1.0524512732205065e-05,0.0002499349766603285,0.0,0.0,0.0,0.004746852088179102,0.001295860847013283,0.017743535838977642,0.0035931836315512,-0.001591625758883639,-0.0015249381768543263,-0.002452127465630031,0.0,0.0,0.0,0.0,0.0,0.0,0.0,0.0,0.0,0.0,0.0,0.0,0.0
2023-12-27,0.0,0.0,-0.001150290040910473,0.0003329088156143686,0.0,0.0,0.0,0.0,0.0,0.00022489481835319872,0.0,0.012834936175190978,0.0,0.0,0.0,0.006541464740912908,0.0,0.060185186064603706,0.0,0.010534498469702945,0.0,-0.024757785219875286,0.006738866463481826,0.0,0.0,0.0,0.0,0.0,0.0,0.0,-0.008007441147548084,-0.008486914033139075,-0.005471478446175995,-0.0006982608885744337,0.008596625978285486,0.00455022988516081,0.0,-0.00021809910979352277,0.0005648781662776132,0.0013536311381057084,0.0019967640026506005,0.0,-0.002489634546858794,-0.004917934691694144,-0.000865785051693893,0.0,0.0,0.0010170238987222847,0.0015856237596336693,0.0029242079830885653,0.0075135434828197825,0.0016153513086401361,0.0,-0.00010883304786625036,-0.0014451086730045473,0.0,0.002017367351674307,0.021026551484970978,0.007838172724777149,0.0,0.0,0.0,-0.001586401272089535,0.0,0.0,0.0,0.0,0.0,-0.00031425736473378535,-0.0004314235572774396,0.0,-0.0010352994423525725,-0.0001800087616183103,0.0,0.0001639601011718858,-0.0006474909582046776,0.0003797890803947802,0.0,0.0,9.86451682380313e-05,0.0,0.0,-0.0001876065363152054,0.0,0.0,5.945510609537194e-06,0.0002499349766603285,0.0,0.0,0.0,0.004746852088179102,0.001295860847013283,0.017743535838977642,0.0035931836315512,-0.001591625758883639,-0.0015249381768543263,-0.002575268671598241,0.0,0.0,0.0,0.0,0.0,0.0,0.0,0.0,0.0,0.0,0.0,0.0,0.0
2024-01-03,0.0,0.0,-0.001150290040910473,-0.00537093419317493,0.0,0.0,0.0,0.0,0.0,0.00022489481835319872,0.0,-0.0152213315192163,0.0,0.0,0.0,0.005759567586659095,0.0,-0.04274616137936376,0.0,-0.02536155966896521,0.0,-0.025766118222105963,-0.014688335417278547,0.0,0.0,0.0,0.0,0.0,0.0,0.0,-0.006331931913508365,-0.008844913356848654,-0.003462175411904529,-0.0014007231019038141,0.009024491304893616,0.0061524576906996364,0.0,-0.0007100509192991369,0.0005648781662776132,0.0013536311381057084,0.001955394764454771,0.0,-0.003201198542147248,-0.004717097401803251,-0.000865785051693893,0.0,0.0,-8.627539354272583e-05,0.0025439891348228317,0.002387454081221984,0.007515193188386562,0.0021523907960693547,0.0,8.335330727136868e-05,-0.0014451086730045473,0.0,0.0017279215406513248,0.022275327418253416,0.007838172724777149,0.0,0.0,0.0,-0.002109585204839411,0.0,0.0,0.0,0.0,0.0,-0.0004575504674508087,-0.0004314235572774396,0.0,-0.0013145809807820863,-0.0001800087616183103,0.0,0.0001639601011718858,-0.0006474909582046776,0.0003797890803947802,0.0,0.0,9.86451682380313e-05,0.0,0.0,0.0016924868883013968,0.0,0.0,-1.0524512732205065e-05,0.0002499349766603285,0.0,0.0,0.0,0.0018587035213292417,-0.0008137514797595262,-0.008800481560667761,-0.0017951664684527858,0.0005728151271087503,-0.0014638529930290807,-0.0027431835109590795,0.0,0.0,0.0,0.0,0.0,0.0,0.0,0.0,0.0,0.0,0.0,0.0,0.0
2024-01-10,0.0,0.0,-0.001150290040910473,-0.00537093419317493,0.0,0.0,0.0,0.0,0.0,-0.00019268015518368644,0.0,-0.018500072089863807,0.0,0.0,0.0,-7.273842944789866e-05,0.0,-0.04274616137936376,0.0,-0.026285774525539877,0.0,-0.02679265985153528,0.006863137377602105,0.0,0.0,0.0,0.0,0.0,0.0,0.0,-0.007114308390275463,-0.008844913356848654,-0.0019096238631933695,-0.0017506726291639148,0.008508671168733706,0.0061524576906996364,0.0,0.0058138956983454755,0.0005648781662776132,0.0013536311381057084,0.001955394764454771,0.0,-0.0024971524966285324,-0.004717097401803251,-0.000865785051693893,0.0,0.0,-0.0006706461940849845,0.0025439891348228317,0.002387454081221984,0.007515193188386562,0.0021523907960693547,0.0,8.335330727136868e-05,-0.0014451086730045473,0.0,-0.002495760140578661,0.022275327418253416,0.007838172724777149,0.0,0.0,0.0,-0.002109585204839411,0.0,0.0,0.0,0.0,0.0,-0.0004575504674508087,-0.0004314235572774396,0.0,-0.0013145809807820863,-0.0001800087616183103,0.0,0.0001639601011718858,-0.0006474909582046776,0.0003797890803947802,0.0,0.0,9.86451682380313e-05,0.0,0.0,0.0016924868883013968,0.0,0.0,-1.0524512732205065e-05,0.0002499349766603285,0.0,0.0,0.0,0.0018587035213292417,-0.0008137514797595262,-0.0084617525471117,-0.0017951664684527858,-0.001591625758883639,-0.0014638529930290807,-0.0023921453246443557,0.0,0.0,0.0,0.0,0.0,0.0,0.0,0.0,0.0,0.0,0.0,0.0,0.0
2024-01-17,0.0,0.0,-0.001150290040910473,-0.00537093419317493,0.0,0.0,0.0,0.0,0.0,-0.00019268015518368644,0.0,0.011985633363657475,0.0,0.0,0.0,0.003841869852649421,0.0,-0.04274616137936376,0.0,-0.026285774525539877,0.0,-0.02679265985153528,0.006863137377602105,0.0,0.0,0.0,0.0,0.0,0.0,0.0,-0.007819505857203798,-0.00794567443577376,-0.003462175411904529,-0.001851849443008328,0.008508671168733706,0.0061524576906996364,0.0,0.00434090045476762,0.0005648781662776132,0.0015733775716631612,0.001636311399120292,0.0,-0.0024971524966285324,-0.004717097401803251,-0.000865785051693893,0.0,0.0,-0.0006706461940849845,0.0025439891348228317,0.002387454081221984,0.007515193188386562,0.0021523907960693547,0.0,8.335330727136868e-05,-0.0014451086730045473,0.0,-0.002406827124394084,0.01181298352131066,0.007838172724777149,0.0,0.0,0.0,-0.002109585204839411,0.0,0.0,0.0,0.0,0.0,-0.0004575504674508087,-0.0004314235572774396,0.0,-0.0013145809807820863,-0.0001800087616183103,0.0,0.0001639601011718858,-0.0006474909582046776,0.0003797890803947802,0.0,0.0,9.86451682380313e-05,0.0,0.0,0.0016924868883013968,0.0,0.0,-1.0524512732205065e-05,-0.0006216656779876191,0.0,0.0,0.0,0.0037817251188616043,-0.0008137514797595262,-0.008800481560667761,-0.0017951664684527858,-0.001591625758883639,-0.0014638529930290807,-0.002401460173639717,0.0,0.0,0.0,0.0,0.0,0.0,0.0,0.0,0.0,0.0,0.0,0.0,0.0
2024-01-24,0.0,0.0,-0.001150290040910473,0.0010240291956604437,0.0,0.0,0.0,0.0,0.0,-0.00019268015518368644,0.0,-0.009481850924191987,0.0,0.0,0.0,0.005759567586659095,0.0,-0.04123201714769718,0.0,-0.025673640540550352,0.0,-0.025562136299540125,0.006863137377602105,0.0,0.0,0.0,0.0,0.0,0.0,0.0,-0.00880787960991298,0.007859738058900657,0.0018868190395309032,-0.0012042070361514621,0.005952292817803727,0.0061524576906996364,0.0,0.0058138956983454755,0.0005648781662776132,0.0015733775716631612,0.0008089750125707445,0.0,-0.0024971524966285324,-0.004717097401803251,-0.0013048986674698607,0.0,0.0,-0.0006706461940849845,0.0025439891348228317,0.002387454081221984,0.007515193188386562,0.0021523907960693547,0.0,8.335330727136868e-05,-0.0014451086730045473,0.0,-0.002406827124394084,0.005017490750655606,0.007838172724777149,0.0,0.0,0.0,-0.002109585204839411,0.0,0.0,0.0,0.0,0.0,-0.0004575504674508087,-0.0004314235572774396,0.0,-0.0014369001233099123,-0.0001800087616183103,0.0,0.0001639601011718858,-0.0006474909582046776,0.0003797890803947802,0.0,0.0,-0.00011181828076671246,0.0,0.0,0.0016924868883013968,0.0,0.0,-1.0524512732205065e-05,-0.0006216656779876191,0.0,0.0,0.0,0.0018587035213292417,-0.0008137514797595262,-0.008800481560667761,-0.0017951664684527858,-0.001591625758883639,-0.0014638529930290807,-0.0023921453246443557,0.0,0.0,0.0,0.0,0.0,0.0,0.0,0.0,0.0,0.0,0.0,0.0,0.0
2024-01-31,0.0,0.0,0.00032957748363165236,-0.007887919901585973,0.0,0.0,0.0,0.0,0.0,-0.00019268015518368644,0.0,0.005383362023481637,0.0,0.0,0.0,0.005759567586659095,0.0,-0.04291669182362954,0.0,-0.026420108869143578,0.0,-0.02670095283003129,0.006863137377602105,0.0,0.0,0.0,0.0,0.0,0.0,0.0,-0.008561459588522882,0.006099766290443033,0.0006880159853452485,-0.0012042070361514621,0.005952292817803727,0.0061524576906996364,0.0,0.003161067641996261,0.0005648781662776132,0.0015733775716631612,0.0008089750125707445,0.0,-0.0024971524966285324,-0.004717097401803251,-0.0013048986674698607,0.0,0.0,-0.0006706461940849845,0.0025439891348228317,0.002387454081221984,0.007515193188386562,0.0021523907960693547,0.0,8.335330727136868e-05,-0.0014451086730045473,0.0,-0.002425776402450375,-0.0023835359976060013,0.0009467768386987063,0.0,0.0,0.0,-0.002109585204839411,0.0,0.0,0.0,0.0,0.0,-0.0004575504674508087,-0.0004314235572774396,0.0,-0.001716181661739426,-0.0001800087616183103,0.0,0.0001639601011718858,-0.0006474909582046776,0.0003797890803947802,0.0,0.0,-0.00011181828076671246,0.0,0.0,0.0016924868883013968,0.0,0.0,-1.0524512732205065e-05,-0.0006216656779876191,0.0,0.0,0.0,0.002878577327953504,-0.0008137514797595262,-0.008651245874226745,-0.0017951664684527858,-0.001591625758883639,-0.0014638529930290807,0.006035341198193254,0.0,0.0,0.0,0.0,0.0,0.0,0.0,0.0,0.0,0.0,0.0,0.0,0.0
2024-02-07,0.0,0.0,0.00032957748363165236,-0.007887919901585973,0.0,0.0,0.0,0.0,0.0,-0.00019268015518368644,0.0,-0.012043591741109232,0.0,0.0,0.0,0.003841869852649421,0.0,-0.04098938523177036,0.0,-0.026768489615293878,0.0,-0.02670095283003129,0.007874594427108323,0.0,0.0,0.0,0.0,0.0,0.0,0.0,-0.008561459588522882,0.007859738058900657,0.0006880159853452485,-0.001655333377255976,0.005952292817803727,0.0061524576906996364,0.0,0.0058138956983454755,0.0005648781662776132,0.0015733775716631612,0.0008089750125707445,0.0,-0.0024971524966285324,-0.0036500658025525254,-0.0013048986674698607,0.0,0.0,-0.0006706461940849845,-0.0018901114892752521,0.002387454081221984,0.007371789025087048,0.0021523907960693547,0.0,-0.0005419800771651485,-0.0014451086730045473,0.0,-0.002470523967164931,-0.00236002582107704,0.0009467768386987063,0.0,0.0,0.0,-0.002109585204839411,0.0,0.0,0.0,0.0,0.0,-0.0004575504674508087,-0.0004314235572774396,0.0,-0.001716181661739426,-0.0001800087616183103,0.0,0.0001639601011718858,-0.0006474909582046776,-0.0009520134393183988,0.0,0.0,-0.00011181828076671246,0.0,0.0,-0.0005565237350314072,0.0,0.0,-1.0524512732205065e-05,-0.0006216656779876191,0.0,0.0,0.0,0.0018587035213292417,-0.0008137514797595262,-0.009599136897356288,-0.0017951664684527858,0.0002839263789432221,-0.0014638529930290807,-0.0023921453246443557,0.0,0.0,0.0,0.0,0.0,0.0,0.0,0.0,0.0,0.0,0.0,0.0,0.0
2024-02-14,0.0,0.0,0.00032957748363165236,-0.007887919901585973,0.0,0.0,0.0,0.0,0.0,-0.00019268015518368644,0.0,-0.018267196800056472,0.0,0.0,0.0,0.001462776943357412,0.0,-0.04098938523177036,0.0,-0.026768489615293878,0.0,-0.02670095283003129,0.007874594427108323,0.0,0.0,0.0,0.0,0.0,0.0,0.0,-0.008561459588522882,0.007859738058900657,-1.403734470247788e-05,-0.0015541565634115627,0.005952292817803727,0.0061524576906996364,0.0,0.004634062885574117,0.0005648781662776132,0.0015733775716631612,0.0008089750125707445,0.0,-0.0024971524966285324,-0.0036500658025525254,-0.0013048986674698607,0.0,0.0,-0.0006706461940849845,-0.0018901114892752521,0.002387454081221984,0.007371789025087048,0.0021523907960693547,0.0,-0.0005419800771651485,-0.0014451086730045473,0.0,-0.002489473245221222,-0.0023835359976060013,0.0009467768386987063,0.0,0.0,0.0,-0.002109585204839411,0.0,0.0,0.0,0.0,0.0,-0.0004575504674508087,-0.0004314235572774396,0.0,-0.001716181661739426,-0.0001800087616183103,0.0,0.0001639601011718858,-0.0006474909582046776,-0.0009520134393183988,0.0,0.0,-0.00011181828076671246,0.0,0.0,-0.0005565237350314072,0.0,0.0,-1.0524512732205065e-05,-0.0006216656779876191,0.0,0.0,0.0,0.0018587035213292417,-0.0008137514797595262,-0.009111172197359211,-0.0017951664684527858,0.0002839263789432221,-0.0014638529930290807,0.00798565277002856,0.0,0.0,0.0,0.0,0.0,0.0,0.0,0.0,0.0,0.0,0.0,0.0,0.0
2024-02-21,0.0,0.0,-0.001150290040910473,-0.007887919901585973,0.0,0.0,0.0,0.0,0.0,0.00024978486363472956,0.0,-0.018267196800056472,0.0,0.0,0.0,0.001462776943357412,0.0,-0.040037632482976884,0.0,-0.025317949893981444,0.0,-0.026225176611733913,0.007874594427108323,0.0,0.0,0.0,0.0,0.0,0.0,0.0,-0.007819505857203798,0.025676201771361044,-1.403734470247788e-05,-0.0018688982519284307,-0.0061892332658826064,0.0061524576906996364,0.0,0.004634062885574117,0.0005648781662776132,0.0015733775716631612,0.0008089750125707445,0.0,-0.0024971524966285324,-0.0036500658025525254,-0.0014018801755943894,0.0,0.0,-0.0006706461940849845,-0.0018901114892752521,0.002387454081221984,0.007098980203751961,0.0021523907960693547,0.0,-0.0005419800771651485,-0.0014451086730045473,0.0,-0.002489473245221222,-0.0023835359976060013,0.0009467768386987063,0.0,0.0,0.0,-0.002109585204839411,0.0,0.0,0.0,0.0,0.0,-0.0004575504674508087,-0.0004314235572774396,0.0,-0.001716181661739426,-3.32232329115882e-05,0.0,0.0001639601011718858,-0.0006474909582046776,-0.0009520134393183988,0.0,0.0,-0.00011181828076671246,0.0,0.0,-0.0005565237350314072,0.0,0.0,-0.0009070148526921692,-0.0006216656779876191,0.0,0.0,0.0,0.0016109337520389135,-0.0008137514797595262,-0.009111172197359211,-0.0017951664684527858,0.0002839263789432221,-0.0014638529930290807,0.00798565277002856,0.0,0.0,0.0,0.0,0.0,0.0,0.0,0.0,0.0,0.0,0.0,0.0,0.0
2024-02-28,0.0,0.0,-0.001150290040910473,-0.007887919901585973,0.0,0.0,0.0,0.0,0.0,0.00024978486363472956,0.0,-0.018267196800056472,0.0,0.0,0.0,-7.273842944789866e-05,0.0,-0.040037632482976884,0.0,-0.025317949893981444,0.0,-0.025198634982304596,0.007874594427108323,0.0,0.0,0.0,0.0,0.0,0.0,0.0,-0.007819505857203798,0.025676201771361044,0.0001344075439132299,-0.0018688982519284307,-0.0061892332658826064,0.0061524576906996364,0.0,0.004634062885574117,0.0005648781662776132,0.0015733775716631612,0.0008089750125707445,0.0,-0.0024971524966285324,-0.0036500658025525254,-0.0014018801755943894,0.0,0.0,-0.0006706461940849845,-0.0018901114892752521,0.002387454081221984,0.007098980203751961,0.0021523907960693547,0.0,-0.0005419800771651485,-0.0014451086730045473,0.0,0.001734208436008764,-0.0023835359976060013,0.0009467768386987063,0.0,0.0,0.0,-0.002109585204839411,0.0,0.0,0.0,0.0,0.0,-0.0004575504674508087,-0.0004314235572774396,0.0,-0.001716181661739426,-3.32232329115882e-05,0.0,0.0001639601011718858,-0.0006474909582046776,-0.0009520134393183988,0.0,0.0,-0.00011181828076671246,0.0,0.0,-0.0005565237350314072,0.0,0.0,-0.0009070148526921692,-0.0006216656779876191,0.0,0.0,0.0,0.0016109337520389135,-0.0008137514797595262,-0.009111172197359211,-0.0017951664684527858,0.0002839263789432221,-0.0014638529930290807,0.00798565277002856,0.0,0.0,0.0,0.0,0.0,0.0,0.0,0.0,0.0,0.0,0.0,0.0,0.0
2024-03-06,0.0,0.0,-0.001150290040910473,-0.007887919901585973,0.0,0.0,0.0,0.0,0.0,0.00024978486363472956,0.0,-0.018267196800056472,0.0,0.0,0.0,-0.004088089435039786,0.0,-0.0391512988304582,0.0,-0.024571481565388218,0.0,-0.026225176611733913,0.007874594427108323,0.0,0.0,0.0,0.0,0.0,0.0,0.0,-0.007819505857203798,0.025676201771361044,0.0001344075439132299,-0.0018688982519284307,-0.0061892332658826064,0.0061524576906996364,0.0,0.004634062885574117,0.0005648781662776132,0.0015733775716631612,0.0008089750125707445,0.0,-0.0024971524966285324,-0.0036500658025525254,-0.0014018801755943894,0.0,0.0,-0.0006706461940849845,-0.0018901114892752521,-0.005183150672743046,0.007098980203751961,0.0021523907960693547,0.0,-0.0005419800771651485,-0.0014451086730045473,0.0,-0.002489473245221222,0.004993980574126644,0.0009467768386987063,0.0,0.0,0.0,-0.0021524829842012763,0.0,0.0,0.0,0.0,0.0,-0.0004575504674508087,-0.0004314235572774396,0.0,-0.001716181661739426,-3.32232329115882e-05,0.0,0.0001639601011718858,0.001040871667567362,-0.0009520134393183988,0.0,0.0,-0.00011181828076671246,0.0,0.0,-0.0005565237350314072,0.0,0.0,-0.0009070148526921692,-0.0006216656779876191,0.0,0.0,0.0,0.0023958749235870637,-0.0008137514797595262,-0.009111172197359211,-0.0018161582506413846,0.0002839263789432221,-0.0014638529930290807,0.00798565277002856,0.0,0.0,0.0,0.0,0.0,0.0,0.0,0.0,0.0,0.0,0.0,0.0,0.0
2024-03-13,0.0,0.0,0.00032957748363165236,-0.007887919901585973,0.0,0.0,0.0,0.0,0.0,0.00024978486363472956,0.0,-0.018267196800056472,0.0,0.0,0.0,-7.273842944789866e-05,0.0,-0.0391512988304582,0.0,-0.024571481565388218,0.0,-0.026225176611733913,0.007874594427108323,0.0,0.0,0.0,0.0,0.0,0.0,0.0,-0.008561459588522882,0.025676201771361044,0.0001344075439132299,-0.0018688982519284307,-0.0061892332658826064,0.0061524576906996364,0.0,0.004634062885574117,0.0005648781662776132,0.0015733775716631612,0.0008089750125707445,0.0,-0.0024971524966285324,-0.0036500658025525254,-0.0014018801755943894,0.0,0.0,-0.0006706461940849845,-0.0018901114892752521,-0.005183150672743046,0.007098980203751961,0.0021523907960693547,0.0,-0.0005419800771651485,-0.0014451086730045473,0.0,-0.002489473245221222,0.004993980574126644,0.0009467768386987063,0.0,0.0,0.0,-0.002109585204839411,0.0,0.0,0.0,0.0,0.0,-0.0004575504674508087,-0.0004314235572774396,0.0,-0.001716181661739426,-3.32232329115882e-05,0.0,0.0001639601011718858,0.001040871667567362,-0.0009520134393183988,0.0,0.0,-0.00011181828076671246,0.0,0.0,-0.0005565237350314072,0.0,0.0,-0.0009070148526921692,-0.0006216656779876191,0.0,0.0,0.0,0.0023958749235870637,-0.0008137514797595262,-0.009111172197359211,-0.0018161582506413846,0.0002839263789432221,-0.0014638529930290807,0.00798565277002856,0.0,0.0,0.0,0.0,0.0,0.0,0.0,0.0,0.0,0.0,0.0,0.0,0.0
2024-03-20,0.0,0.0,0.00032957748363165236,-0.00537093419317493,0.0,0.0,0.0,0.0,0.0,0.00024978486363472956,0.0,-0.016849933287903667,0.0,0.0,0.0,-7.273842944789866e-05,0.0,-0.03742050582534768,0.0,-0.024571481565388218,0.0,-0.022095924998962714,0.007874594427108323,0.0,0.0,0.0,0.0,0.0,0.0,0.0,-0.008561459588522882,0.03308131525268177,5.9006555909433406e-05,-0.0018688982519284307,-0.009533350180366757,0.0061524576906996364,0.0,0.0058138956983454755,0.0005648781662776132,0.0015733775716631612,0.0008089750125707445,0.0,-0.0024971524966285324,-0.0036500658025525254,-0.0014018801755943894,0.0,0.0,-0.0006706461940849845,-0.0018901114892752521,-0.005183150672743046,0.007098980203751961,0.0021523907960693547,0.0,-0.0005419800771651485,-0.0014451086730045473,0.0,-0.002470523967164931,0.005017490750655606,0.0009467768386987063,0.0,0.0,0.0,-0.002109585204839411,0.0,0.0,0.0,0.0,0.0,-0.0004575504674508087,-0.0004314235572774396,0.0,-0.001716181661739426,-3.32232329115882e-05,0.0,0.0001639601011718858,0.001040871667567362,-0.0009520134393183988,0.0,0.0,-0.00011181828076671246,0.0,0.0,-0.0005565237350314072,0.0,0.0,-0.0009070148526921692,-0.0006216656779876191,0.0,0.0,0.0,0.0023958749235870637,-0.0008137514797595262,-0.009260407883800226,-0.0018161582506413846,0.0002839263789432221,-0.0014638529930290807,-0.0023921453246443557,0.0,0.0,0.0,0.0,0.0,0.0,0.0,0.0,0.0,0.0,0.0,0.0,0.0
2024-03-27,0.0,0.0,0.00032957748363165236,-0.00537093419317493,0.0,0.0,0.0,0.0,0.0,0.00024978486363472956,0.0,-0.016572993544510247,0.0,0.0,0.0,-7.273842944789866e-05,0.0,-0.03742050582534768,0.0,-0.025317949893981444,0.0,-0.022095924998962714,0.007874594427108323,0.0,0.0,0.0,0.0,0.0,0.0,0.0,-0.008561459588522882,0.03308131525268177,5.9006555909433406e-05,-0.0018688982519284307,-0.009533350180366757,0.0061524576906996364,0.0,0.004634062885574117,0.0005648781662776132,0.0015733775716631612,0.0008089750125707445,0.0,-0.0024971524966285324,-0.0036500658025525254,-0.0014018801755943894,0.0,0.0,-0.0006706461940849845,-0.0018901114892752521,-0.005183150672743046,0.007098980203751961,0.0021523907960693547,0.0,-0.0005419800771651485,-0.0014451086730045473,0.0,-0.002489473245221222,-0.0023835359976060013,0.0009467768386987063,0.0,0.0,0.0,-0.002109585204839411,0.0,0.0,0.0,0.0,0.0,-0.0004575504674508087,-0.0004314235572774396,0.0,-0.001716181661739426,-3.32232329115882e-05,0.0,0.0001639601011718858,0.001040871667567362,-0.0009520134393183988,0.0,0.0,-0.00011181828076671246,0.0,0.0,-0.0005565237350314072,0.0,0.0,-0.0009070148526921692,-0.0006216656779876191,0.0,0.0,0.0,0.0023958749235870637,-0.0008137514797595262,-0.009111172197359211,-0.0018161582506413846,0.0002839263789432221,-0.0014638529930290807,0.00798565277002856,0.0,0.0,0.0,0.0,0.0,0.0,0.0,0.0,0.0,0.0,0.0,0.0,0.0
2024-04-03,0.0,0.0,0.00032957748363165236,-0.00537093419317493,0.0,0.0,0.0,0.0,0.0,0.00024978486363472956,0.0,-0.016572993544510247,0.0,0.0,0.0,-0.004088089435039786,0.0,-0.03785309276308402,0.0,-0.022969831800889885,0.0,-0.022095924998962714,0.00825032373204903,0.0,0.0,0.0,0.0,0.0,0.0,0.0,-0.008561459588522882,0.033577585667591704,5.9006555909433406e-05,-0.0018688982519284307,-0.009533350180366757,-0.0006508624758800526,0.0,0.004634062885574117,0.0005648781662776132,0.0015733775716631612,0.0008089750125707445,0.0,-0.0024971524966285324,-0.004717097401803251,-0.0014018801755943894,0.0,0.0,0.0010170238987222847,-0.0008287627084891006,-0.005183150672743046,-0.012119260714986554,0.0021523907960693547,0.0,8.335330727136868e-05,-0.0014451086730045473,0.0,-0.002489473245221222,-0.0023835359976060013,0.0009467768386987063,0.0,0.0,0.0,-0.0021524829842012763,0.0,0.0,0.0,0.0,0.0,0.0017406115684841955,-0.0004314235572774396,0.0,-0.001716181661739426,-3.32232329115882e-05,0.0,0.0001639601011718858,-0.0006474909582046776,0.00025196716081130174,0.0,0.0,-0.00011181828076671246,0.0,0.0,-0.0005565237350314072,0.0,0.0,-0.0009070148526921692,-0.0006216656779876191,0.0,0.0,0.0,0.0016109337520389135,-0.0008137514797595262,-0.009111172197359211,-0.0018161582506413846,0.0002839263789432221,-0.0014638529930290807,0.00798565277002856,0.0,0.0,0.0,0.0,0.0,0.0,0.0,0.0,0.0,0.0,0.0,0.0,0.0
2024-04-10,0.0,0.0,-0.001150290040910473,0.0003329088156143686,0.0,0.0,0.0,0.0,0.0,0.00024978486363472956,0.0,-0.016572993544510247,0.0,0.0,0.0,-0.004088089435039786,0.0,-0.03785309276308402,0.0,-0.022969831800889885,0.0,-0.022095924998962714,0.00825032373204903,0.0,0.0,0.0,0.0,0.0,0.0,0.0,-0.00880787960991298,0.034165884533407374,-0.0019502964783620308,-0.0019711061154521186,-0.009807637618077807,-0.0006508624758800526,0.0,0.004634062885574117,0.0005648781662776132,0.0015733775716631612,0.0008089750125707445,0.0,-0.0024971524966285324,-0.004717097401803251,-0.0014018801755943894,0.0,0.0,0.0010170238987222847,-0.0008287627084891006,-0.005183150672743046,-0.012119260714986554,0.0021523907960693547,0.0,8.335330727136868e-05,-0.0014451086730045473,0.0,-0.002489473245221222,-0.0023835359976060013,0.0009467768386987063,0.0,0.0,0.0,-0.0021524829842012763,0.0,0.0,0.0,0.0,0.0,0.0017406115684841955,-0.0004314235572774396,0.0,-0.001716181661739426,-3.32232329115882e-05,0.0,0.0001639601011718858,-0.00029359714184745315,0.00025196716081130174,0.0,0.0,-0.00011181828076671246,0.0,0.0,-0.0005565237350314072,0.0,0.0,-0.0009070148526921692,-0.0006216656779876191,0.0,0.0,0.0,-0.015380045838315218,-0.0008137514797595262,-0.009111172197359211,-0.0018161582506413846,0.0002839263789432221,-0.0033983739772015767,0.00798565277002856,0.0,0.0,0.0,0.0,0.0,0.0,0.0,0.0,0.0,0.0,0.0,0.0,0.0
2024-04-17,0.0,0.0,-0.001150290040910473,-0.00537093419317493,0.0,0.0,0.0,0.0,0.0,-0.00029154700171876957,0.0,-0.016849933287903667,0.0,0.0,0.0,-0.004088089435039786,0.0,-0.03785309276308402,0.0,-0.023476193580813456,0.0,-0.022095924998962714,0.00825032373204903,0.0,0.0,0.0,0.0,0.0,0.0,0.0,-0.007819505857203798,0.034165884533407374,5.9006555909433406e-05,-0.0019711061154521186,-0.010250724320808282,-0.001389093950607639,0.0,0.0058138956983454755,0.0005648781662776132,0.0015733775716631612,0.001346825557374847,0.0,-0.0024971524966285324,-0.004717097401803251,-0.0014018801755943894,0.0,0.0,0.0010170238987222847,-0.0008287627084891006,-0.005183150672743046,-0.012119260714986554,0.0021523907960693547,0.0,8.335330727136868e-05,-0.0014451086730045473,0.0,-0.002489473245221222,-0.0023835359976060013,0.0009467768386987063,0.0,0.0,0.0,-0.0021524829842012763,0.0,0.0,0.0,0.0,0.0,-0.0004575504674508087,-0.0004314235572774396,0.0,-0.001716181661739426,-3.32232329115882e-05,0.0,0.0001639601011718858,-0.00029359714184745315,0.00025196716081130174,0.0,0.0,-0.00011181828076671246,0.0,0.0,-0.0005565237350314072,0.0,0.0,-0.0009070148526921692,-0.0006216656779876191,0.0,0.0,0.0,-0.015380045838315218,-0.0008137514797595262,-0.009260407883800226,-0.0018161582506413846,0.0002839263789432221,-0.0033983739772015767,0.0028799518780265035,0.0,0.0,0.0,0.0,0.0,0.0,0.0,0.0,0.0,0.0,0.0,0.0,0.0
2024-04-24,0.0,0.0,-0.001150290040910473,-0.00537093419317493,0.0,0.0,0.0,0.0,0.0,-0.00029154700171876957,0.0,-0.016572993544510247,0.0,0.0,0.0,-0.004088089435039786,0.0,-0.03919259063062571,0.0,-0.022592551376609486,0.0,-0.025194789276220105,0.00825032373204903,0.0,0.0,0.0,0.0,0.0,0.0,0.0,-0.007819505857203798,0.034165884533407374,-0.0019096238631933695,-0.0020356875828685824,-0.006906607406324129,-0.0065582526046631465,0.0,0.004634062885574117,0.0005648781662776132,0.0015733775716631612,0.001346825557374847,0.0,-0.0024971524966285324,-0.004717097401803251,-0.0014018801755943894,0.0,0.0,0.0010170238987222847,-0.0008287627084891006,-0.005183150672743046,-0.012119260714986554,0.0021523907960693547,0.0,8.335330727136868e-05,-0.0014451086730045473,0.0,-0.002489473245221222,-0.0023835359976060013,0.0009467768386987063,0.0,0.0,0.0,-0.0021524829842012763,0.0,0.0,0.0,0.0,0.0,0.0017406115684841955,-0.0004314235572774396,0.0,-0.001716181661739426,-3.32232329115882e-05,0.0,0.0001639601011718858,-0.00029359714184745315,0.00025196716081130174,0.0,0.0,-0.00011181828076671246,0.0,0.0,-0.0005565237350314072,0.0,0.0,-0.0009070148526921692,-0.0006216656779876191,0.0,0.0,0.0,-0.015380045838315218,-0.0008137514797595262,-0.009111172197359211,-0.0018161582506413846,0.0002839263789432221,-0.0033983739772015767,0.00798565277002856,0.0,0.0,0.0,0.0,0.0,0.0,0.0,0.0,0.0,0.0,0.0,0.0,0.0
2024-05-01,0.0,0.0,0.00032957748363165236,0.0003329088156143686,0.0,0.0,0.0,0.0,0.0,0.00024978486363472956,0.0,-0.016572993544510247,0.0,0.0,0.0,-0.004088089435039786,0.0,-0.040933375478883316,0.0,-0.022592551376609486,0.0,-0.025001070151117185,0.00825032373204903,0.0,0.0,0.0,0.0,0.0,0.0,0.0,-0.009549833341232064,0.034165884533407374,-0.003918926897464834,-0.0020356875828685824,-0.006463520703593654,-0.0065582526046631465,0.0,0.004634062885574117,0.0005648781662776132,-0.003116956995144366,0.001346825557374847,0.0,-0.0024971524966285324,-0.003988232801883241,-0.0014018801755943894,0.0,0.0,0.0010170238987222847,0.0025439891348228317,0.002387454081221984,-0.014689386884139916,-0.0034857084332222386,0.0,8.335330727136868e-05,-0.0014451086730045473,0.0,-0.002514709418634952,-0.002323365680896297,0.0009467768386987063,0.0,0.0,0.0,-0.0021524829842012763,0.0,0.0,0.0,0.0,0.0,0.0017406115684841955,-0.0004314235572774396,0.0,-0.001716181661739426,-3.32232329115882e-05,0.0,0.0001639601011718858,-0.00029359714184745315,0.00025196716081130174,0.0,0.0,-0.00011181828076671246,0.0,0.0,-0.0005565237350314072,0.0,0.0,-0.0009070148526921692,-0.0006216656779876191,0.0,0.0,0.0,-0.015380045838315218,0.001295860847013283,-0.009111172197359211,-0.0017951664684527858,0.0002839263789432221,-0.0033983739772015767,0.00798565277002856,0.0,0.0,0.0,0.0,0.0,0.0,0.0,0.0,0.0,0.0,0.0,0.0,0.0
2024-05-08,0.0,0.0,0.00032957748363165236,0.0003329088156143686,0.0,0.0,0.0,0.0,0.0,0.00024978486363472956,0.0,-0.016572993544510247,0.0,0.0,0.0,-0.004088089435039786,0.0,-0.040933375478883316,0.0,-0.022592551376609486,0.0,-0.02397452852168787,0.00825032373204903,0.0,0.0,0.0,0.0,0.0,0.0,0.0,-0.009549833341232064,0.034165884533407374,-0.003918926897464834,-0.0020356875828685824,-0.006463520703593654,-0.0065582526046631465,0.0,0.004634062885574117,0.0005648781662776132,-0.003116956995144366,0.001346825557374847,0.0,-0.0024971524966285324,-0.003988232801883241,-0.0014018801755943894,0.0,0.0,0.0010170238987222847,0.0025439891348228317,0.002387454081221984,-0.014689386884139916,-0.0034857084332222386,0.0,8.335330727136868e-05,-0.0014451086730045473,0.0,0.0017089722625950338,-0.002323365680896297,0.0009467768386987063,0.0,0.0,0.0,-0.0021524829842012763,0.0,0.0,0.0,0.0,0.0,0.0017406115684841955,-0.0004314235572774396,0.0,-0.001716181661739426,-3.32232329115882e-05,0.0,0.0001639601011718858,-0.00029359714184745315,0.00025196716081130174,0.0,0.0,-0.00011181828076671246,0.0,0.0,-0.0005565237350314072,0.0,0.0,-0.0009070148526921692,-0.0006216656779876191,0.0,0.0,0.0,-0.015380045838315218,0.001295860847013283,-0.009111172197359211,-0.0017951664684527858,0.0002839263789432221,-0.0033983739772015767,0.00798565277002856,0.0,0.0,0.0,0.0,0.0,0.0,0.0,0.0,0.0,0.0,0.0,0.0,0.0
2024-05-15,0.0,0.0,0.00032957748363165236,0.0003329088156143686,0.0,0.0,0.0,0.0,0.0,0.00024978486363472956,0.0,-0.016572993544510247,0.0,0.0,0.0,-0.004088089435039786,0.0,-0.040933375478883316,0.0,-0.022592551376609486,0.0,-0.02397452852168787,0.00825032373204903,0.0,0.0,0.0,0.0,0.0,0.0,0.0,-0.009549833341232064,0.034165884533407374,-0.003918926897464834,-0.0020356875828685824,-0.006463520703593654,-0.0065582526046631465,0.0,0.004634062885574117,0.0005648781662776132,-0.003116956995144366,0.001346825557374847,0.0,-0.0024971524966285324,-0.003988232801883241,-0.0014018801755943894,0.0,0.0,0.0010170238987222847,0.0025439891348228317,0.002387454081221984,-0.014689386884139916,-0.0034857084332222386,0.0,8.335330727136868e-05,-0.0014451086730045473,0.0,0.0017089722625950338,-0.002323365680896297,0.0009467768386987063,0.0,0.0,0.0,-0.0021524829842012763,0.0,0.0,0.0,0.0,0.0,0.0017406115684841955,-0.0004314235572774396,0.0,-0.001716181661739426,-3.32232329115882e-05,0.0,0.0001639601011718858,-0.00029359714184745315,0.00025196716081130174,0.0,0.0,-0.00011181828076671246,0.0,0.0,-0.0005565237350314072,0.0,0.0,-0.0009070148526921692,-0.0006216656779876191,0.0,0.0,0.0,-0.015380045838315218,0.001295860847013283,-0.009111172197359211,-0.0017951664684527858,0.0002839263789432221,-0.0033983739772015767,0.00798565277002856,0.0,0.0,0.0,0.0,0.0,0.0,0.0,0.0,0.0,0.0,0.0,0.0,0.0
2024-05-22,0.0,0.0,0.00032957748363165236,0.0010240291956604437,0.0,0.0,0.0,0.0,0.0,0.00024978486363472956,0.0,-0.018544136543449892,0.0,0.0,0.0,-0.004088089435039786,0.0,-0.041324670616452154,0.0,-0.02235244482793983,0.0,-0.025004915857201677,0.00825032373204903,0.0,0.0,0.0,0.0,0.0,0.0,0.0,-0.009549833341232064,0.026760771052086647,0.0013332105980988845,-0.0020356875828685824,-0.006463520703593654,-0.0065582526046631465,0.0,0.0058138956983454755,0.0005648781662776132,-0.003116956995144366,0.001346825557374847,0.0,-0.0024971524966285324,-0.003988232801883241,-0.0014018801755943894,0.0,0.0,0.0010170238987222847,0.0025439891348228317,0.002387454081221984,-0.014689386884139916,-0.0034857084332222386,0.0,8.335330727136868e-05,-0.0014451086730045473,0.0,0.0017279215406513248,0.00507766106736531,0.0009467768386987063,0.0,0.0,0.0,-0.0021524829842012763,0.0,0.0,0.0,0.0,0.0,-0.0004575504674508087,-0.0004314235572774396,0.0,-0.001716181661739426,-3.32232329115882e-05,0.0,0.0001639601011718858,-0.00029359714184745315,0.00025196716081130174,0.0,0.0,-0.00011181828076671246,0.0,0.0,-0.0005565237350314072,0.0,0.0,-0.0009070148526921692,-0.0006216656779876191,0.0,0.0,0.0,-0.015380045838315218,0.001295860847013283,-0.009260407883800226,-0.0017951664684527858,0.0002839263789432221,-0.0033983739772015767,-0.0023921453246443557,0.0,0.0,0.0,0.0,0.0,0.0,0.0,0.0,0.0,0.0,0.0,0.0,0.0
2024-05-29,0.0,0.0,0.00032957748363165236,0.0010240291956604437,0.0,0.0,0.0,0.0,0.0,0.00024978486363472956,0.0,-0.017562920163999476,0.0,0.0,0.0,-0.0031626566559463335,0.0,-0.041154140172186375,0.0,-0.02198742653239327,0.0,-0.02185874027089753,0.00825032373204903,0.0,0.0,0.0,0.0,0.0,0.0,0.0,-0.008844635874303728,0.026760771052086647,0.0013332105980988845,-0.0020356875828685824,-0.006463520703593654,-0.0065582526046631465,0.0,0.0058138956983454755,0.0005648781662776132,-0.00286786554095657,0.0016659089227093258,0.0,-0.0024971524966285324,-0.003988232801883241,-0.0014018801755943894,0.0,0.0,0.0010170238987222847,0.0013513506056215265,0.002387454081221984,-0.014689386884139916,-0.0034857084332222386,0.0,8.335330727136868e-05,-0.0014451086730045473,0.0,0.03471179084013659,0.02280433562270837,0.0009467768386987063,0.0,0.0,0.0,0.005786306047813877,0.0,0.0,0.0,0.0,0.0,-0.0004575504674508087,-0.0004314235572774396,0.0,-0.001716181661739426,-3.32232329115882e-05,0.0,0.0001639601011718858,-0.00029359714184745315,0.00025196716081130174,0.0,0.0,-0.00011181828076671246,0.0,0.0,-0.0005565237350314072,0.0,0.0,-0.0009070148526921692,0.0002499349766603285,0.0,0.0,0.0,-0.015380045838315218,-0.0008137514797595262,-0.00861892776198017,-0.0017951664684527858,0.0002839263789432221,-0.0033983739772015767,-0.0022385753346165355,0.0,0.0,0.0,0.0,0.0,0.0,0.0,0.0,0.0,0.0,0.0,0.0,0.0
2024-06-05,0.0,0.0,0.00032957748363165236,0.002568686149335462,0.0,0.0,0.0,0.0,0.0,0.00024978486363472956,0.0,0.010599675393236845,0.0,0.0,0.0,-0.0031626566559463335,0.0,-0.038687316726603777,0.0,-0.02399781445072095,0.0,-0.02185874027089753,0.00825032373204903,0.0,0.0,0.0,0.0,0.0,0.0,0.0,-0.008844635874303728,0.026162559544420247,0.0020352639281466106,-0.0020184266921837056,-0.006320153200201968,-0.010068717911707877,0.0,0.0019291880857635725,0.0005648781662776132,-0.00286786554095657,-0.0030547177380126286,0.0,-0.0024971524966285324,-0.004717097401803251,-0.0014018801755943894,0.0,0.0,0.0010170238987222847,0.0013513506056215265,0.002387454081221984,0.007242384367051475,-0.0034857084332222386,0.0,-0.0005419800771651485,-0.000930012591197282,0.0,0.04640399187678683,0.02720227816231294,0.0009467768386987063,0.0,0.0,0.0,0.006938305230416944,0.0,0.0,0.0,0.0,0.0,-0.0004575504674508087,-0.0004314235572774396,0.0,-0.0014369001233099123,-3.32232329115882e-05,0.0,0.0001639601011718858,-0.00029359714184745315,0.0003797890803947802,0.0,0.0,-0.00011181828076671246,0.0,0.0,-0.0005565237350314072,0.0,0.0,-0.0009070148526921692,5.9530677936784504e-05,0.0,0.0,0.0,-0.013457024240782857,-0.0008137514797595262,-0.008469692075539154,-0.0017042608206612928,0.0002839263789432221,-0.0033983739772015767,0.007995157574870338,0.0,0.0,0.0,0.0,0.0,0.0,0.0,0.0,0.0,0.0,0.0,0.0,0.0
2024-06-12,0.0,0.0,0.00032957748363165236,0.002568686149335462,0.0,0.0,0.0,0.0,0.0,0.00024978486363472956,0.0,0.010599675393236845,0.0,0.0,0.0,-0.0031626566559463335,0.0,0.006438779440216396,0.0,-0.02399781445072095,0.0,-0.02185874027089753,0.00825032373204903,0.0,0.0,0.0,0.0,0.0,0.0,0.0,-0.008844635874303728,0.026162559544420247,0.0020352639281466106,-0.0020184266921837056,-0.006305149187819905,-0.009244974849489135,0.0,0.0019291880857635725,0.0005648781662776132,-0.00286786554095657,-0.003690699467617059,0.0,-0.002304728953304834,-0.004917934691694144,-0.0014018801755943894,0.0,0.0,0.0010170238987222847,0.0013513506056215265,0.002387454081221984,0.007242384367051475,-0.0034857084332222386,0.0,-0.0005419800771651485,-0.000930012591197282,0.0,0.04561877993715993,0.03334523671070579,0.0009467768386987063,0.0,0.0,0.0,0.006938305230416944,0.0,0.0,0.0,0.0,0.0,-0.0004575504674508087,-0.0004314235572774396,0.0,-0.0014369001233099123,-3.32232329115882e-05,0.0,0.0001639601011718858,-0.00029359714184745315,0.0003797890803947802,0.0,0.0,-0.00011181828076671246,0.0,0.0,-0.0005565237350314072,0.0,0.0,-0.0009070148526921692,-2.393376235417659e-05,0.0,0.0,0.0,-0.013457024240782857,-0.0008137514797595262,-0.008112667843205657,-0.0017042608206612928,0.0002839263789432221,-0.003459459161026822,0.008532439582771788,0.0,0.0,0.0,0.0,0.0,0.0,0.0,0.0,0.0,0.0,0.0,0.0,0.0
2024-06-19,0.0,0.0,0.00032957748363165236,0.002568686149335462,0.0,0.0,0.0,0.0,0.0,0.00024978486363472956,0.0,0.010599675393236845,0.0,0.0,0.0,-0.0005570003715012358,0.0,0.06306940482407916,0.0,-0.02399781445072095,0.0,-0.020828352935383723,0.00825032373204903,0.0,0.0,0.0,0.0,0.0,0.0,0.0,-0.008749394878867165,0.03172701852680682,0.0020352639281466106,-0.004680425608853657,-0.006219354663743858,-0.01086357593684046,0.0,0.0019291880857635725,0.0005648781662776132,-0.00286786554095657,-0.003690699467617059,0.0,-0.002304728953304834,-0.004917934691694144,-0.0014018801755943894,0.0,0.0,0.0010170238987222847,0.002491381618423108,0.002643195152578351,0.007242384367051475,-0.0026155426805703256,0.0,-0.0005419800771651485,-0.000930012591197282,0.0,0.04561877993715993,0.032096460777423355,0.0009467768386987063,0.0,0.0,0.0,0.0055715082886320195,0.0,0.0,0.0,0.0,0.0,-0.0004575504674508087,-0.0004314235572774396,0.0,-0.0026471358669025434,-3.32232329115882e-05,0.0,0.0001639601011718858,-0.00029359714184745315,0.0003797890803947802,0.0,0.0,-0.00011181828076671246,0.0,0.0,-0.0005565237350314072,0.0,0.0,-0.0009070148526921692,-2.393376235417659e-05,0.0,0.0,0.0,-0.012608059603885339,-0.0008137514797595262,-0.008100447903081183,-0.0017042608206612928,0.0002839263789432221,-0.003459459161026822,0.008532439582771788,0.0,0.0,0.0,0.0,0.0,0.0,0.0,0.0,0.0,0.0,0.0,0.0,0.0
2024-06-26,0.0,0.0,0.00032957748363165236,0.002869725555094249,0.0,0.0,0.0,0.0,0.0,0.00024978486363472956,0.0,0.010599675393236845,0.0,0.0,0.0,-0.0005570003715012358,0.0,0.05468489591461772,0.0,-0.024557354407380397,0.0,-0.02119569995870374,0.00825032373204903,0.0,0.0,0.0,0.0,0.0,0.0,0.0,-0.003657412627897159,0.009518147899468428,0.0020352639281466106,-0.0020184266921837056,-0.006219354663743858,-0.01086357593684046,0.0,0.0019291880857635725,0.0005648781662776132,-0.00286786554095657,-0.0030547177380126286,0.0,-0.002304728953304834,-0.004917934691694144,-0.0014018801755943894,0.0,0.0,0.0010170238987222847,0.002491381618423108,0.002643195152578351,0.007515193188386562,-0.0026155426805703256,0.0,-0.0005419800771651485,-0.000930012591197282,0.0,0.04561877993715993,0.032096460777423355,0.007838172724777149,0.0,0.0,0.0,0.0055715082886320195,0.0,0.0,0.0,0.0,0.0,-0.0004575504674508087,-0.0004314235572774396,0.0,-0.0014369001233099123,-0.0001800087616183103,0.0,0.0001639601011718858,-0.00029359714184745315,0.0003797890803947802,0.0,0.0,-0.00011181828076671246,0.0,0.0,-0.0005565237350314072,0.0,0.0,-0.0009070148526921692,5.9530677936784504e-05,0.0,0.0,0.0,-0.013722278189278642,-0.0008137514797595262,-0.008100447903081183,-0.0017042608206612928,0.0002839263789432221,-0.003459459161026822,0.008532439582771788,0.0,0.0,0.0,0.0,0.0,0.0,0.0,0.0,0.0,0.0,0.0,0.0,0.0
2024-07-03,0.0,0.0,0.00032957748363165236,0.002869725555094249,0.0,0.0,0.0,0.0,0.0,0.00024978486363472956,0.0,0.010599675393236845,0.0,0.0,0.0,0.003357607910596084,0.0,0.06123756790866305,0.0,-0.024208973661230097,0.0,-0.020846913487352178,0.00825032373204903,0.0,0.0,0.0,0.0,0.0,0.0,0.0,-0.003657412627897159,0.009518147899468428,0.0018868190395309032,-0.0020184266921837056,-0.006219354663743858,-0.01086357593684046,0.0,0.0019291880857635725,0.0005648781662776132,0.0010713760992217037,-0.0030547177380126286,0.0,-0.002304728953304834,-0.004917934691694144,-0.0014018801755943894,0.0,0.0,0.0010170238987222847,0.0021325662698406366,0.002643195152578351,0.007515193188386562,0.0016153513086401361,0.0,8.335330727136868e-05,-0.000930012591197282,0.0,0.04738359714998194,0.032096460777423355,0.007838172724777149,0.0,0.0,0.0,0.0055715082886320195,0.0,0.0,0.0,0.0,0.0,-0.0004575504674508087,-0.0004314235572774396,0.0,-0.0014369001233099123,-0.0001800087616183103,0.0,0.0001639601011718858,-0.00029359714184745315,0.0003797890803947802,0.0,0.0,-0.00011181828076671246,0.0,0.0,-0.0005565237350314072,0.0,0.0,-0.0009070148526921692,5.9530677936784504e-05,0.0,0.0,0.0,-0.012873313552381124,-0.0008137514797595262,-0.008439176916637241,-0.0017042608206612928,0.0002839263789432221,-0.003459459161026822,0.008532439582771788,0.0,0.0,0.0,0.0,0.0,0.0,0.0,0.0,0.0,0.0,0.0,0.0,0.0
2024-07-10,0.0,0.0,0.00032957748363165236,0.002869725555094249,0.0,0.0,0.0,0.0,0.0,0.00024978486363472956,0.0,0.010599675393236845,0.0,0.0,0.0,0.003357607910596084,0.0,-0.04144484679865639,0.0,-0.024208973661230097,0.0,-0.020846913487352178,0.00825032373204903,0.0,0.0,0.0,0.0,0.0,0.0,0.0,-0.0037526536233337218,0.010319283540048458,0.0018868190395309032,-0.0020184266921837056,-0.006320153200201968,-0.010068717911707877,0.0,0.0019291880857635725,0.0005648781662776132,0.0010713760992217037,-0.0030547177380126286,0.0,-0.0024971524966285324,-0.004717097401803251,-0.0014018801755943894,0.0,0.0,0.0010170238987222847,0.0009925352570390557,0.002387454081221984,0.007515193188386562,0.0021523907960693547,0.0,8.335330727136868e-05,-0.000930012591197282,0.0,0.04816880908960883,0.03334523671070579,0.007838172724777149,0.0,0.0,0.0,0.0055715082886320195,0.0,0.0,0.0,0.0,0.0,-0.0004575504674508087,-0.0004314235572774396,0.0,-0.001716181661739426,-0.0001800087616183103,0.0,0.0001639601011718858,-0.00029359714184745315,0.0003797890803947802,0.0,0.0,-0.00011181828076671246,0.0,0.0,-0.0005565237350314072,0.0,0.0,-0.0009070148526921692,5.9530677936784504e-05,0.0,0.0,0.0,-0.013722278189278642,-0.0008137514797595262,-0.008808421089095214,-0.0017042608206612928,0.0002839263789432221,-0.0033983739772015767,0.008532439582771788,0.0,0.0,0.0,0.0,0.0,0.0,0.0,0.0,0.0,0.0,0.0,0.0,0.0
2024-07-17,0.0,0.0,0.00032957748363165236,0.002869725555094249,0.0,0.0,0.0,0.0,0.0,0.00024978486363472956,0.0,0.011448978204770345,0.0,0.0,0.0,0.003357607910596084,0.0,-0.04144484679865639,0.0,-0.024208973661230097,0.0,-0.020846913487352178,0.00825032373204903,0.0,0.0,0.0,0.0,0.0,0.0,0.0,-0.0037526536233337218,0.010319283540048458,0.0018868190395309032,-0.0020184266921837056,-0.006320153200201968,-0.010068717911707877,0.0,0.0008398341665265749,0.0005648781662776132,0.0010713760992217037,-0.0030547177380126286,0.0,-0.0024971524966285324,-0.004717097401803251,-0.0014018801755943894,0.0,0.0,0.0010170238987222847,0.0009925352570390557,0.002387454081221984,0.007515193188386562,0.0021523907960693547,0.0,8.335330727136868e-05,-0.000930012591197282,0.0,0.04816880908960883,0.03334523671070579,0.007838172724777149,0.0,0.0,0.0,0.0055715082886320195,0.0,0.0,0.0,0.0,0.0,-0.0004575504674508087,-0.0004314235572774396,0.0,-0.001716181661739426,-0.0001800087616183103,0.0,0.0001639601011718858,-0.00029359714184745315,0.0003797890803947802,0.0,0.0,-0.00011181828076671246,0.0,0.0,-0.0005565237350314072,0.0,0.0,-0.0009070148526921692,5.9530677936784504e-05,0.0,0.0,0.0,-0.013722278189278642,-0.0008137514797595262,-0.008808421089095214,-0.0017042608206612928,0.0002839263789432221,-0.0033983739772015767,0.008532439582771788,0.0,0.0,0.0,0.0,0.0,0.0,0.0,0.0,0.0,0.0,0.0,0.0,0.0
2024-07-24,0.0,0.0,0.0006905592047700323,0.002869725555094249,0.0,0.0,0.0,0.0,0.0,0.00024978486363472956,0.0,0.012458050092342722,0.0,0.0,0.0,-0.0005570003715012358,0.0,-0.042078922274832654,0.0,-0.025712107410872608,0.0,-0.022077437039347333,0.00825032373204903,0.0,0.0,0.0,0.0,0.0,0.0,0.0,0.0027481955497872224,-0.008682046021129654,0.0020352639281466106,-0.002214942757936058,-0.006320153200201968,-0.007206275193948612,0.0,-0.0010022107912997318,0.0005648781662776132,0.0010713760992217037,-0.00444761610755503,0.0,-0.003201198542147248,-0.004717097401803251,-0.0014018801755943894,0.0,0.0,0.0010170238987222847,0.0009925352570390557,0.002387454081221984,0.007515193188386562,0.0021523907960693547,0.0,8.335330727136868e-05,-0.000930012591197282,0.0,0.04816880908960883,0.031165821919874714,0.007838172724777149,0.0,0.0,0.0,0.0055715082886320195,0.0,0.0,0.0,0.0,0.0,-0.0004575504674508087,-0.0004314235572774396,0.0,-0.001716181661739426,-0.0001800087616183103,0.0,0.0001639601011718858,-0.00029359714184745315,0.0003797890803947802,0.0,0.0,-0.00011181828076671246,0.0,0.0,0.0016924868883013968,0.0,0.0,-0.0009070148526921692,5.9530677936784504e-05,0.0,0.0,0.0,-0.013722278189278642,-0.0008137514797595262,-0.007671036738850627,-0.0017042608206612928,0.0002839263789432221,-0.0033983739772015767,0.009809002083954903,0.0,0.0,0.0,0.0,0.0,0.0,0.0,0.0,0.0,0.0,0.0,0.0,0.0
2024-07-31,0.0,0.0,0.0006905592047700323,0.002869725555094249,0.0,0.0,0.0,0.0,0.0,0.00024978486363472956,0.0,0.012667702685806793,0.0,0.0,0.0,-0.0005570003715012358,0.0,-0.042078922274832654,0.0,-0.025712107410872608,0.0,-0.022077437039347333,0.00825032373204903,0.0,0.0,0.0,0.0,0.0,0.0,0.0,0.0027481955497872224,-0.008682046021129654,0.0020352639281466106,-0.002214942757936058,-0.006320153200201968,-0.007206275193948612,0.0,-0.0014499786660262114,0.0005648781662776132,0.0010713760992217037,-0.00444761610755503,0.0,-0.003201198542147248,-0.004717097401803251,-0.0014018801755943894,0.0,0.0,0.0010170238987222847,0.0009925352570390557,0.002387454081221984,0.007515193188386562,0.0021523907960693547,0.0,8.335330727136868e-05,-0.000930012591197282,0.0,0.04783591636699831,0.030775191294470434,0.007838172724777149,0.0,0.0,0.0,0.0055715082886320195,0.0,0.0,0.0,0.0,0.0,-0.0004575504674508087,-0.0004314235572774396,0.0,-0.001716181661739426,-0.0001800087616183103,0.0,0.0001639601011718858,-0.00029359714184745315,0.0003797890803947802,0.0,0.0,-0.00011181828076671246,0.0,0.0,0.0016924868883013968,0.0,0.0,-0.0009070148526921692,5.9530677936784504e-05,0.0,0.0,0.0,-0.013722278189278642,-0.0008137514797595262,-0.007820272425291644,-0.0017042608206612928,0.0002839263789432221,-0.0033983739772015767,-0.002475787163958411,0.0,0.0,0.0,0.0,0.0,0.0,0.0,0.0,0.0,0.0,0.0,0.0,0.0
2024-08-07,0.0,0.0,0.0006905592047700323,0.002869725555094249,0.0,0.0,0.0,0.0,0.0,0.00024978486363472956,0.0,0.012458050092342722,0.0,0.0,0.0,0.005275305644605758,0.0,-0.04208571217683762,0.0,-0.025421648257370998,0.0,-0.022077437039347333,0.00825032373204903,0.0,0.0,0.0,0.0,0.0,0.0,0.0,0.0027481955497872224,-0.008682046021129654,0.0018868190395309032,-0.0017638164168315438,-0.006320153200201968,-0.007206275193948612,0.0,-3.6557870000529364e-05,0.0005648781662776132,0.0013536311381057084,-0.00392205870628545,0.0,0.0038664754662995314,-0.004717097401803251,-0.0014018801755943894,0.0,0.0,0.0010170238987222847,0.0009925352570390557,0.002387454081221984,0.007515193188386562,0.0021523907960693547,0.0,8.335330727136868e-05,0.0008094972056454184,0.0,0.04816880908960883,0.03063681371541976,0.007838172724777149,0.0,0.0,0.0,0.007320480050520045,0.0,0.0,0.0,0.0,0.0,-0.0004575504674508087,-0.0004314235572774396,0.0,-0.001716181661739426,-0.0001800087616183103,0.0,0.0001639601011718858,-0.00029359714184745315,0.0003797890803947802,0.0,0.0,-0.00011181828076671246,0.0,0.0,0.0016924868883013968,0.0,0.0,-0.0009070148526921692,-0.0006216656779876191,0.0,0.0,0.0,-0.013722278189278642,-0.0008137514797595262,-0.008009765752406688,-0.0017042608206612928,0.0002839263789432221,-0.0033983739772015767,0.009809002083954903,0.0,0.0,0.0,0.0,0.0,0.0,0.0,0.0,0.0,0.0,0.0,0.0,0.0
2024-08-14,0.0,0.0,0.0006905592047700323,0.002869725555094249,0.0,0.0,0.0,0.0,0.0,0.00024978486363472956,0.0,0.012458050092342722,0.0,0.0,0.0,0.005275305644605758,0.0,-0.04208571217683762,0.0,-0.025421648257370998,0.0,-0.022077437039347333,0.00825032373204903,0.0,0.0,0.0,0.0,0.0,0.0,0.0,0.0027481955497872224,-0.008682046021129654,0.0018868190395309032,-0.0017638164168315438,-0.006320153200201968,-0.007206275193948612,0.0,-3.6557870000529364e-05,0.0005648781662776132,0.0013536311381057084,-0.00392205870628545,0.0,0.0038664754662995314,-0.004717097401803251,-0.0014018801755943894,0.0,0.0,0.0010170238987222847,0.0009925352570390557,0.002387454081221984,0.007515193188386562,0.0021523907960693547,0.0,8.335330727136868e-05,0.0008094972056454184,0.0,0.04816880908960883,0.03063681371541976,0.007838172724777149,0.0,0.0,0.0,0.007320480050520045,0.0,0.0,0.0,0.0,0.0,-0.0004575504674508087,-0.0004314235572774396,0.0,-0.001716181661739426,-0.0001800087616183103,0.0,0.0001639601011718858,-0.00029359714184745315,0.0003797890803947802,0.0,0.0,-0.00011181828076671246,0.0,0.0,0.0016924868883013968,0.0,0.0,-0.0009070148526921692,-0.0006216656779876191,0.0,0.0,0.0,-0.013722278189278642,-0.0008137514797595262,-0.008009765752406688,-0.0017042608206612928,0.0002839263789432221,-0.0033983739772015767,0.009809002083954903,0.0,0.0,0.0,0.0,0.0,0.0,0.0,0.0,0.0,0.0,0.0,0.0,0.0
2024-08-21,0.0,0.0,0.0006905592047700323,0.002869725555094249,0.0,0.0,0.0,0.0,0.0,-0.00019268015518368644,0.0,0.012458050092342722,0.0,0.0,0.0,0.005275305644605758,0.0,-0.04303746492563109,0.0,-0.025421648257370998,0.0,-0.022077437039347333,0.007353953237774607,0.0,0.0,0.0,0.0,0.0,0.0,0.0,0.01943015666842677,-0.008682046021129654,0.0018868190395309032,-0.0014490747283146758,0.008263222110371518,-0.007206275193948612,0.0,-3.6557870000529364e-05,0.0005648781662776132,0.0013536311381057084,-0.003602975340950971,0.0,0.0038664754662995314,-0.004717097401803251,-0.000865785051693893,0.0,0.0,0.0010170238987222847,0.0009925352570390557,0.002387454081221984,0.007515193188386562,0.0021523907960693547,0.0,8.335330727136868e-05,0.0008094972056454184,0.0,0.04816880908960883,0.03063681371541976,0.007838172724777149,0.0,0.0,0.0,0.007320480050520045,0.0,0.0,0.0,0.0,0.0,-0.0004575504674508087,-0.0004314235572774396,0.0,-0.001716181661739426,-0.0001800087616183103,0.0,0.0001639601011718858,-0.00029359714184745315,0.0003797890803947802,0.0,0.0,-0.00011181828076671246,0.0,0.0,0.0016924868883013968,0.0,0.0,5.945510609537194e-06,0.0002499349766603285,0.0,0.0,0.0,-0.01166924900900383,-0.0008137514797595262,-0.008009765752406688,-0.0017042608206612928,0.0002839263789432221,-0.0033983739772015767,0.009809002083954903,0.0,0.0,0.0,0.0,0.0,0.0,0.0,0.0,0.0,0.0,0.0,0.0,0.0
2024-08-28,0.0,0.0,0.0006905592047700323,0.002869725555094249,0.0,0.0,0.0,0.0,0.0,-0.00019268015518368644,0.0,0.012458050092342722,0.0,0.0,0.0,0.005275305644605758,0.0,-0.04303746492563109,0.0,-0.025798928681651397,0.0,-0.021534931442892848,0.007353953237774607,0.0,0.0,0.0,0.0,0.0,0.0,0.0,0.01943015666842677,-0.008682046021129654,0.0018868190395309032,-0.001384493260898212,0.008760267088448561,-0.002037116539893105,0.0,-3.6557870000529364e-05,0.0005648781662776132,0.0013536311381057084,-0.003602975340950971,0.0,0.0038664754662995314,-0.004717097401803251,-0.000865785051693893,0.0,0.0,0.0010170238987222847,0.0009925352570390557,0.002387454081221984,0.007515193188386562,0.0021523907960693547,0.0,8.335330727136868e-05,0.0008094972056454184,0.0,0.04816880908960883,0.03063681371541976,0.007838172724777149,0.0,0.0,0.0,0.007320480050520045,0.0,0.0,0.0,0.0,0.0,-0.0004575504674508087,-0.0004314235572774396,0.0,-0.0013145809807820863,-0.0001800087616183103,0.0,0.0001639601011718858,-0.00029359714184745315,0.0003797890803947802,0.0,0.0,9.86451682380313e-05,0.0,0.0,0.0016924868883013968,0.0,0.0,-1.0524512732205065e-05,0.0002499349766603285,0.0,0.0,0.0,-0.01166924900900383,0.001295860847013283,-0.008009765752406688,-0.0017042608206612928,0.0002839263789432221,-0.0033983739772015767,0.009809002083954903,0.0,0.0,0.0,0.0,0.0,0.0,0.0,0.0,0.0,0.0,0.0,0.0,0.0
2024-09-04,0.0,0.0,0.0006905592047700323,0.002869725555094249,0.0,0.0,0.0,0.0,0.0,0.00022489481835319872,0.0,0.012458050092342722,0.0,0.0,0.0,0.005275305644605758,0.0,-0.04436918629823859,0.0,-0.025798928681651397,0.0,-0.021534931442892848,0.007353953237774607,0.0,0.0,0.0,0.0,0.0,0.0,0.0,0.01943015666842677,-0.008119841940738866,0.0018868190395309032,-0.001384493260898212,0.009276087224608471,-0.001389093950607639,0.0,-3.6557870000529364e-05,0.0005648781662776132,0.0013536311381057084,0.0029715110275641368,0.0,0.0038664754662995314,0.007675467943096648,-0.000865785051693893,0.0,0.0,0.0010170238987222847,0.0022461308445015406,0.002387454081221984,0.007831156512013146,0.0021523907960693547,0.0,8.335330727136868e-05,0.0012456672749176995,0.0,0.04640399187678683,0.03063681371541976,0.007838172724777149,0.0,0.0,0.0,0.007320480050520045,0.0,0.0,0.0,0.0,0.0,-0.0004575504674508087,-0.0004314235572774396,0.0,-0.001716181661739426,-0.0001800087616183103,0.0,-0.00011219194540547791,-0.00029359714184745315,-0.0009520134393183988,0.0,0.0,-0.00011181828076671246,0.0,0.0,0.0016924868883013968,0.0,0.0,-1.0524512732205065e-05,0.0002499349766603285,0.0,0.0,0.0,-0.01166924900900383,0.001295860847013283,-0.008009765752406688,-0.0017042608206612928,0.0002839263789432221,-0.0033983739772015767,0.009809002083954903,0.0,0.0,0.0,0.0,0.0,0.0,0.0,0.0,0.0,0.0,0.0,0.0,0.0
2024-09-11,0.0,0.0,0.0006905592047700323,0.002869725555094249,0.0,0.0,0.0,0.0,0.0,0.00022489481835319872,0.0,0.012458050092342722,0.0,0.0,0.0,0.005275305644605758,0.0,-0.04436918629823859,0.0,-0.025798928681651397,0.0,-0.021534931442892848,0.007353953237774607,0.0,0.0,0.0,0.0,0.0,0.0,0.0,0.01943015666842677,-0.008119841940738866,0.0018868190395309032,-0.001384493260898212,0.009276087224608471,-0.0006508624758800526,0.0,-3.6557870000529364e-05,0.0005648781662776132,0.0013536311381057084,0.0021145771174255557,0.0,0.0038664754662995314,0.007675467943096648,-0.000865785051693893,0.0,0.0,0.0010170238987222847,0.0022461308445015406,0.002387454081221984,0.007831156512013146,0.0021523907960693547,0.0,8.335330727136868e-05,0.0012456672749176995,0.0,0.04640399187678683,0.03063681371541976,0.007838172724777149,0.0,0.0,0.0,0.007320480050520045,0.0,0.0,0.0,0.0,0.0,-0.0004575504674508087,-0.0004314235572774396,0.0,-0.001716181661739426,-0.0001800087616183103,0.0,-0.00011219194540547791,-0.00029359714184745315,-0.0009520134393183988,0.0,0.0,-0.00011181828076671246,0.0,0.0,0.0016924868883013968,0.0,0.0,-1.0524512732205065e-05,-0.0006216656779876191,0.0,0.0,0.0,-0.01166924900900383,0.001295860847013283,-0.008009765752406688,-0.0017042608206612928,0.0002839263789432221,-0.0033983739772015767,0.009809002083954903,0.0,0.0,0.0,0.0,0.0,0.0,0.0,0.0,0.0,0.0,0.0,0.0,0.0
2024-09-18,0.0,0.0,0.0006905592047700323,0.002869725555094249,0.0,0.0,0.0,0.0,0.0,0.00022489481835319872,0.0,0.011448978204770345,0.0,0.0,0.0,0.005275305644605758,0.0,-0.04397789116066975,0.0,-0.022578461344850396,0.0,-0.01879824433708651,0.007353953237774607,0.0,0.0,0.0,0.0,0.0,0.0,0.0,0.01943015666842677,0.03190964235003981,0.0018868190395309032,0.0015508901093135537,0.009276087224608471,-0.0006508624758800526,0.0,-3.6557870000529364e-05,0.0005648781662776132,0.0013536311381057084,0.001287240730876008,0.0,0.0038664754662995314,0.007675467943096648,-0.000865785051693893,0.0,0.0,0.0010170238987222847,0.0022461308445015406,0.002387454081221984,0.007558347690678059,0.0021523907960693547,0.0,8.335330727136868e-05,0.0012456672749176995,0.0,0.04640399187678683,0.03063681371541976,0.007838172724777149,0.0,0.0,0.0,0.007320480050520045,0.0,0.0,0.0,0.0,0.0,0.0017406115684841955,-0.0004314235572774396,0.0,-0.001716181661739426,-3.32232329115882e-05,0.0,-0.00011219194540547791,-0.00029359714184745315,-0.0009520134393183988,0.0,0.0,-0.00011181828076671246,0.0,0.0,0.0016924868883013968,0.0,0.0,-1.0524512732205065e-05,-0.0006216656779876191,0.0,0.0,0.0,-0.011403995060508045,0.001295860847013283,-0.008009765752406688,-0.0017042608206612928,0.0002839263789432221,-0.0033983739772015767,0.009809002083954903,0.0,0.0,0.0,0.0,0.0,0.0,0.0,0.0,0.0,0.0,0.0,0.0,0.0
2024-09-25,0.0,0.0,0.0006905592047700323,0.002869725555094249,0.0,0.0,0.0,0.0,0.0,0.00022489481835319872,0.0,0.012458050092342722,0.0,0.0,0.0,0.005275305644605758,0.0,-0.043936599360502246,0.0,-0.025123935296568135,0.0,-0.021534931442892848,0.007353953237774607,0.0,0.0,0.0,0.0,0.0,0.0,0.0,0.01943015666842677,-0.008119841940738866,0.0018868190395309032,-0.001384493260898212,0.009276087224608471,0.0061524576906996364,0.0,-3.6557870000529364e-05,0.0005648781662776132,0.0013536311381057084,0.0021145771174255557,0.0,0.0038664754662995314,0.007675467943096648,-0.000865785051693893,0.0,0.0,0.0010170238987222847,0.0022461308445015406,0.002387454081221984,0.007831156512013146,0.0021523907960693547,0.0,8.335330727136868e-05,0.0012456672749176995,0.0,0.04640399187678683,0.03063681371541976,0.007838172724777149,0.0,0.0,0.0,0.007320480050520045,0.0,0.0,0.0,0.0,0.0,0.0017406115684841955,-0.0004314235572774396,0.0,-0.001716181661739426,-0.0001800087616183103,0.0,-0.00011219194540547791,-0.00029359714184745315,-0.0009520134393183988,0.0,0.0,-0.00011181828076671246,0.0,0.0,0.0016924868883013968,0.0,0.0,-1.0524512732205065e-05,-0.0006216656779876191,0.0,0.0,0.0,-0.01166924900900383,0.001295860847013283,-0.008009765752406688,-0.0017042608206612928,0.0002839263789432221,-0.0033983739772015767,0.009809002083954903,0.0,0.0,0.0,0.0,0.0,0.0,0.0,0.0,0.0,0.0,0.0,0.0,0.0
2024-10-02,0.0,0.0,0.0006905592047700323,0.002869725555094249,0.0,0.0,0.0,0.0,0.0,0.00022489481835319872,0.0,0.012458050092342722,0.0,0.0,0.0,0.005275305644605758,0.0,-0.043936599360502246,0.0,-0.025123935296568135,0.0,-0.022077437039347333,0.007353953237774607,0.0,0.0,0.0,0.0,0.0,0.0,0.0,0.01943015666842677,-0.008119841940738866,0.0018868190395309032,-0.001384493260898212,0.008178195731550434,0.0061524576906996364,0.0,-3.6557870000529364e-05,0.0005648781662776132,0.0013536311381057084,0.0021145771174255557,0.0,0.0038664754662995314,0.007675467943096648,0.0014889430101480401,0.0,0.0,0.0010170238987222847,0.0022461308445015406,0.002387454081221984,0.007831156512013146,0.0021523907960693547,0.0,8.335330727136868e-05,0.0012456672749176995,0.0,0.04640399187678683,0.03063681371541976,0.007838172724777149,0.0,0.0,0.0,0.007320480050520045,0.0,0.0,0.0,0.0,0.0,0.0017406115684841955,-0.0004314235572774396,0.0,-0.001716181661739426,-0.0001800087616183103,0.0,-0.00011219194540547791,-6.107314983237874e-05,-0.0009520134393183988,0.0,0.0,-0.00011181828076671246,0.0,0.0,0.0016924868883013968,0.0,0.0,-1.0524512732205065e-05,-0.0006216656779876191,0.0,0.0,0.0,-0.012340146471212645,-0.0008137514797595262,-0.008009765752406688,-0.0017042608206612928,0.0002839263789432221,-0.0033983739772015767,0.009809002083954903,0.0,0.0,0.0,0.0,0.0,0.0,0.0,0.0,0.0,0.0,0.0,0.0,0.0
2024-10-09,0.0,0.0,0.0006905592047700323,0.002869725555094249,0.0,0.0,0.0,0.0,0.0,0.00022489481835319872,0.0,0.012458050092342722,0.0,0.0,0.0,-0.0031626566559463335,0.0,-0.043936599360502246,0.0,-0.025630297076491705,0.0,-0.022077437039347333,0.007353953237774607,0.0,0.0,0.0,0.0,0.0,0.0,0.0,0.01943015666842677,-0.008119841940738866,0.0020352639281466106,-0.0018356196020027258,0.008178195731550434,0.0061524576906996364,0.0,-3.6557870000529364e-05,0.0005648781662776132,0.0013536311381057084,0.0021145771174255557,0.0,0.0038664754662995314,0.007675467943096648,0.0014889430101480401,0.0,0.0,0.0010170238987222847,0.0022461308445015406,0.002387454081221984,0.007831156512013146,0.0021523907960693547,0.0,8.335330727136868e-05,0.0012456672749176995,0.0,0.04640399187678683,0.03063681371541976,0.007838172724777149,0.0,0.0,0.0,0.008687276992304968,0.0,0.0,0.0,0.0,0.0,-0.0004575504674508087,-0.0004314235572774396,0.0,-0.001716181661739426,-0.0001800087616183103,0.0,-0.00011219194540547791,-6.107314983237874e-05,-0.0009520134393183988,0.0,0.0,-0.00011181828076671246,0.0,0.0,0.0016924868883013968,0.0,0.0,-1.0524512732205065e-05,-0.0006216656779876191,0.0,0.0,0.0,-0.012340146471212645,-0.0008137514797595262,-0.007671036738850627,-0.0017042608206612928,0.0002839263789432221,-0.0033983739772015767,0.009809002083954903,0.0,0.0,0.0,0.0,0.0,0.0,0.0,0.0,0.0,0.0,0.0,0.0,0.0
2024-10-16,0.0,0.0,0.0006905592047700323,0.002869725555094249,0.0,0.0,0.0,0.0,0.0,0.00022489481835319872,0.0,0.012458050092342722,0.0,0.0,0.0,0.005275305644605758,0.0,0.05873202972352928,0.0,0.043603094607194276,0.0,0.0001230570251034729,0.006470503946475518,0.0,0.0,0.0,0.0,0.0,0.0,0.0,0.019525397663863332,-0.006558177093099505,0.0027845613332002786,-0.0006820310475688315,0.008247375383019348,0.00455022988516081,0.0,-3.6557870000529364e-05,0.00013902090815059905,0.0013536311381057084,0.0021145771174255557,0.0,0.0031247430188428398,0.00814441326560888,0.0014889430101480401,0.0,0.0,0.0010170238987222847,0.003386161857303122,0.002643195152578351,0.007701501672738509,0.0016153513086401361,0.0,-0.00010883304786625036,0.001038384715806152,0.0,0.03798141797623411,0.026120736927489136,0.0065491018032089315,0.0,0.0,0.0,0.007320480050520045,0.0,0.0,0.0,0.0,0.0,-0.00031425736473378535,-0.00019619499866664516,0.0,-0.0014369001233099123,-0.0001800087616183103,0.0,-0.00011219194540547791,-6.107314983237874e-05,-0.0009520134393183988,0.0,0.0,-0.00011181828076671246,0.0,0.0,0.0016924868883013968,0.0,0.0,-1.0524512732205065e-05,-0.0006216656779876191,0.0,0.0,0.0,-0.011491181834315127,-0.0008137514797595262,-0.007640521579948714,-0.0017042608206612928,0.0002839263789432221,-0.003459459161026822,0.009809002083954903,0.0,0.0,0.0,0.0,0.0,0.0,0.0,0.0,0.0,0.0,0.0,0.0,0.0
2024-10-23,0.0,0.0,0.00032957748363165236,0.002568686149335462,0.0,0.0,0.0,0.0,0.0,0.00022489481835319872,0.0,0.008082524797064543,0.0,0.0,0.0,0.005275305644605758,0.0,0.05873202972352928,0.0,0.027041176327591798,0.0,0.0005136167735914315,0.007513086015257431,0.0,0.0,0.0,0.0,0.0,0.0,0.0,-0.008749394878867165,0.01914692125563666,0.0027845613332002786,-0.0004855149818164795,0.008247375383019348,0.00455022988516081,0.0,-3.6557870000529364e-05,0.00013902090815059905,0.0013536311381057084,0.001287240730876008,0.0,0.0031247430188428398,0.00814441326560888,0.0014889430101480401,0.0,0.0,0.0010170238987222847,0.003386161857303122,0.002643195152578351,0.007428692851403422,0.0016153513086401361,0.0,-0.00010883304786625036,0.0012456672749176995,0.0,0.040120116024841695,0.031567452572968405,0.0065491018032089315,0.0,0.0,0.0,0.007320480050520045,0.0,0.0,0.0,0.0,0.0,-0.00031425736473378535,-0.0004314235572774396,0.0,-0.0014369001233099123,-3.32232329115882e-05,0.0,-0.00011219194540547791,-6.107314983237874e-05,-0.0009520134393183988,0.0,0.0,-0.00011181828076671246,0.0,0.0,0.0016924868883013968,0.0,0.0,-1.0524512732205065e-05,-0.0006216656779876191,0.0,0.0,0.0,-0.013769692928705873,-0.0008137514797595262,-0.007640521579948714,-0.0017042608206612928,0.0002839263789432221,-0.003459459161026822,0.009809002083954903,0.0,0.0,0.0,0.0,0.0,0.0,0.0,0.0,0.0,0.0,0.0,0.0,0.0
2024-10-30,0.0,0.0,0.00032957748363165236,0.002568686149335462,0.0,0.0,0.0,0.0,0.0,0.00022489481835319872,0.0,0.011448978204770345,0.0,0.0,0.0,0.005275305644605758,0.0,0.05873202972352928,0.0,0.027041176327591798,0.0,0.009038157230819329,0.007513086015257431,0.0,0.0,0.0,0.0,0.0,0.0,0.0,-0.008749394878867165,0.01852746016644524,0.0027845613332002786,-0.0004855149818164795,0.008247375383019348,0.00455022988516081,0.0,-3.6557870000529364e-05,0.00013902090815059905,0.000902075667946992,0.001287240730876008,0.0,0.0031247430188428398,0.00814441326560888,0.0014889430101480401,0.0,0.0,0.0010170238987222847,0.003386161857303122,0.002643195152578351,0.007428692851403422,0.0016153513086401361,0.0,-0.00010883304786625036,0.0012456672749176995,0.0,0.040120116024841695,0.031567452572968405,0.0065491018032089315,0.0,0.0,0.0,0.007320480050520045,0.0,0.0,0.0,0.0,0.0,-0.00031425736473378535,-0.0004314235572774396,0.0,-0.0014369001233099123,-3.32232329115882e-05,0.0,-0.00011219194540547791,-6.107314983237874e-05,-0.0009520134393183988,0.0,0.0,-0.00011181828076671246,0.0,0.0,0.0016924868883013968,0.0,0.0,-1.0524512732205065e-05,-0.0006216656779876191,0.0,0.0,0.0,-0.013145883865054593,-0.0003251498956067496,-0.007149286447305698,-0.0017042608206612928,0.0002839263789432221,-0.003459459161026822,0.009809002083954903,0.0,0.0,0.0,0.0,0.0,0.0,0.0,0.0,0.0,0.0,0.0,0.0,0.0
2024-11-06,0.0,0.0,0.00032957748363165236,0.002568686149335462,0.0,0.0,0.0,0.0,0.0,0.00022489481835319872,0.0,0.011658630798234416,0.0,0.0,0.0,0.005275305644605758,0.0,0.05985503664781209,0.0,0.018769658697558377,0.0,-0.006128144961548893,0.007513086015257431,0.0,0.0,0.0,0.0,0.0,0.0,0.0,-0.008749394878867165,0.019622544876797366,0.0027845613332002786,-0.0004855149818164795,0.008247375383019348,0.00455022988516081,0.0,-0.00097498681464171,-0.0007074867525181907,0.0013536311381057084,0.00015675890487062603,0.0,-0.002489634546858794,-0.002067102661208647,0.0014889430101480401,0.0,0.0,0.0010170238987222847,0.003386161857303122,0.002643195152578351,0.007097330498185181,0.0016153513086401361,0.0,0.0001489980422553662,-0.000930012591197282,0.0,0.040120116024841695,0.031567452572968405,0.007838172724777149,0.0,0.0,0.0,0.007320480050520045,0.0,0.0,0.0,0.0,0.0,-0.00031425736473378535,-0.0004314235572774396,0.0,-0.0014369001233099123,-3.32232329115882e-05,0.0,0.0001639601011718858,-6.107314983237874e-05,-0.0009520134393183988,0.0,0.0,-0.00011181828076671246,0.0,0.0,0.0016924868883013968,0.0,0.0,-1.0524512732205065e-05,-0.0006216656779876191,0.0,0.0,0.0,-0.013145883865054593,-0.0008137514797595262,-0.007640521579948714,-0.0017042608206612928,0.0002839263789432221,-0.003459459161026822,0.006030794970749178,0.0,0.0,0.0,0.0,0.0,0.0,0.0,0.0,0.0,0.0,0.0,0.0,0.0
2024-11-13,0.0,0.0,0.00032957748363165236,0.002568686149335462,0.0,0.0,0.0,0.0,0.0,0.00022489481835319872,0.0,0.011448978204770345,0.0,0.0,0.0,0.005275305644605758,0.0,0.05985503664781209,0.0,0.018769658697558377,0.0,-0.003098716480889153,0.007513086015257431,0.0,0.0,0.0,0.0,0.0,0.0,0.0,-0.008749394878867165,0.018636218659578506,0.0027845613332002786,-0.0004855149818164795,0.008247375383019348,0.00455022988516081,0.0,-0.0010022107912997318,-0.0007074867525181907,0.0013536311381057084,0.00015675890487062603,0.0,-0.002489634546858794,-0.002067102661208647,0.0014889430101480401,0.0,0.0,0.0010170238987222847,0.003386161857303122,0.002643195152578351,0.007097330498185181,0.0016153513086401361,0.0,0.0001489980422553662,-0.000930012591197282,0.0,0.040120116024841695,0.031567452572968405,0.007838172724777149,0.0,0.0,0.0,0.0055715082886320195,0.0,0.0,0.0,0.0,0.0,-0.00031425736473378535,-0.0004314235572774396,0.0,-0.0014369001233099123,-3.32232329115882e-05,0.0,0.0001639601011718858,-6.107314983237874e-05,-0.0009520134393183988,0.0,0.0,-0.00011181828076671246,0.0,0.0,0.0016924868883013968,0.0,0.0,-1.0524512732205065e-05,-0.0006216656779876191,0.0,0.0,0.0,-0.013145883865054593,-0.0008137514797595262,-0.007640521579948714,-0.0017042608206612928,0.0002839263789432221,-0.003459459161026822,0.009809002083954903,0.0,0.0,0.0,0.0,0.0,0.0,0.0,0.0,0.0,0.0,0.0,0.0,0.0
2024-11-20,0.0,0.0,0.00032957748363165236,0.0010240291956604437,0.0,0.0,0.0,0.0,0.0,0.00022489481835319872,0.0,0.011448978204770345,0.0,0.0,0.0,0.005275305644605758,0.0,0.05985503664781209,0.0,-0.013933681187139882,0.0,-0.006128144961548893,0.00825032373204903,0.0,0.0,0.0,0.0,0.0,0.0,0.0,-0.008749394878867165,0.010372406310650449,0.0027845613332002786,-0.00118797719514586,0.008104007879627662,0.005200859226143505,0.0,-0.0010022107912997318,-0.0007074867525181907,0.0013536311381057084,0.0004758422702051047,0.0,-0.0030087749988235496,-0.002067102661208647,0.0014889430101480401,0.0,0.0,0.0010170238987222847,0.003386161857303122,0.002643195152578351,0.0073715785461898895,0.0016153513086401361,0.0,-0.0005419800771651485,-0.000930012591197282,0.0,0.040120116024841695,0.031567452572968405,0.007838172724777149,0.0,0.0,0.0,0.0055715082886320195,0.0,0.0,0.0,0.0,0.0,-0.00031425736473378535,-0.0004314235572774396,0.0,-0.0014369001233099123,-0.0001800087616183103,0.0,0.0001639601011718858,-6.107314983237874e-05,-0.0009520134393183988,0.0,0.0,-0.00011181828076671246,0.0,0.0,-0.0005565237350314072,0.0,0.0,-1.0524512732205065e-05,0.0002499349766603285,0.0,0.0,0.0,-0.013411137813550378,-0.0008137514797595262,-0.008439176916637241,-0.0017042608206612928,0.0002839263789432221,-0.003459459161026822,0.009809002083954903,0.0,0.0,0.0,0.0,0.0,0.0,0.0,0.0,0.0,0.0,0.0,0.0,0.0
2024-11-27,0.0,0.0,-0.001150290040910473,-0.004186090800715676,0.0,0.0,0.0,0.0,0.0,0.00022489481835319872,0.0,0.011448978204770345,0.0,0.0,0.0,0.005275305644605758,0.0,0.05985503664781209,0.0,-0.02521098741115572,0.0,-0.008534308249291363,0.00825032373204903,0.0,0.0,0.0,0.0,0.0,0.0,0.0,-0.008007441147548084,0.011201221131390063,0.001585758279014624,-0.00118797719514586,0.008104007879627662,0.0051599285769386785,0.0,0.00022966876493295664,-0.0007074867525181907,0.0013536311381057084,0.00015675890487062603,0.0,-0.0030087749988235496,-0.002067102661208647,0.0014889430101480401,0.0,0.0,0.0010170238987222847,0.003386161857303122,0.002643195152578351,0.007371789025087048,0.0016153513086401361,0.0,-0.0005419800771651485,-0.000930012591197282,0.0,0.04440299677847546,0.031567452572968405,0.007838172724777149,0.0,0.0,0.0,0.004419509106028952,0.0,0.0,0.0,0.0,0.0,-0.0004575504674508087,-0.0004314235572774396,0.0,-0.0010352994423525725,-0.0001800087616183103,0.0,0.0001639601011718858,-6.107314983237874e-05,-0.0009520134393183988,0.0,0.0,9.86451682380313e-05,0.0,0.0,-0.0005565237350314072,0.0,0.0,-1.0524512732205065e-05,-0.0006216656779876191,0.0,0.0,0.0,-0.013411137813550378,-0.0008137514797595262,-0.008439176916637241,-0.0017042608206612928,0.0002839263789432221,-0.003459459161026822,0.009809002083954903,0.0,0.0,0.0,0.0,0.0,0.0,0.0,0.0,0.0,0.0,0.0,0.0,0.0
2024-12-04,0.0,0.0,-0.001150290040910473,-0.007887919901585973,0.0,0.0,0.0,0.0,0.0,0.00022489481835319872,0.0,0.010599675393236845,0.0,0.0,0.0,0.005759567586659095,0.0,0.05985503664781209,0.0,-0.02486260666500542,0.0,-0.006128144961548893,0.00825032373204903,0.0,0.0,0.0,0.0,0.0,0.0,0.0,-0.0070190673948389,0.011201221131390063,0.001585758279014624,-0.00118797719514586,0.008104007879627662,0.0051599285769386785,0.0,0.003161067641996261,-0.0007074867525181907,0.0013536311381057084,0.0008089750125707445,0.0,-0.002304728953304834,-0.004917934691694144,0.0014889430101480401,0.0,0.0,0.0010170238987222847,0.0021325662698406366,0.002643195152578351,0.007371789025087048,0.0016153513086401361,0.0,8.335330727136868e-05,-0.0014451086730045473,0.0,0.0418849332376637,0.031567452572968405,0.007838172724777149,0.0,0.0,0.0,0.0006546389837494134,0.0,0.0,0.0,0.0,0.0,-0.0004575504674508087,-0.0004314235572774396,0.0,-0.0010352994423525725,-0.0001800087616183103,0.0,0.0001639601011718858,0.0016179962293705378,-6.387705799851305e-05,0.0,0.0,9.86451682380313e-05,0.0,0.0,-0.0005565237350314072,0.0,0.0,-1.0524512732205065e-05,-0.0006216656779876191,0.0,0.0,0.0,-0.013411137813550378,-0.0008137514797595262,-0.008439176916637241,-0.0017042608206612928,0.0002839263789432221,-0.003459459161026822,0.008532439582771788,0.0,0.0,0.0,0.0,0.0,0.0,0.0,0.0,0.0,0.0,0.0,0.0,0.0
2024-12-11,0.0,0.0,-0.001150290040910473,-0.004186090800715676,0.0,0.0,0.0,0.0,0.0,0.00022489481835319872,0.0,0.010599675393236845,0.0,0.0,0.0,0.005759567586659095,0.0,0.05985503664781209,0.0,-0.023234041511725912,0.0,-0.006128144961548893,0.00825032373204903,0.0,0.0,0.0,0.0,0.0,0.0,0.0,-0.008007441147548084,0.010372406310650449,0.001585758279014624,-0.00118797719514586,0.008104007879627662,0.0051599285769386785,0.0,0.003161067641996261,-0.0007074867525181907,0.0013536311381057084,0.0008089750125707445,0.0,-0.002304728953304834,-0.004917934691694144,0.0014889430101480401,0.0,0.0,0.0010170238987222847,0.0021325662698406366,0.002643195152578351,0.007371789025087048,0.0016153513086401361,0.0,8.335330727136868e-05,-0.0014451086730045473,0.0,0.0418849332376637,0.031567452572968405,0.007838172724777149,0.0,0.0,0.0,-0.002109585204839411,0.0,0.0,0.0,0.0,0.0,-0.0004575504674508087,-0.0004314235572774396,0.0,-0.0010352994423525725,-0.0001800087616183103,0.0,0.0001639601011718858,0.0016179962293705378,-6.387705799851305e-05,0.0,0.0,9.86451682380313e-05,0.0,0.0,-0.0005565237350314072,0.0,0.0,-1.0524512732205065e-05,-0.0006216656779876191,0.0,0.0,0.0,-0.013411137813550378,-0.0008137514797595262,-0.009080657038457299,-0.0017042608206612928,0.0002839263789432221,-0.003459459161026822,0.008532439582771788,0.0,0.0,0.0,0.0,0.0,0.0,0.0,0.0,0.0,0.0,0.0,0.0,0.0
2024-12-18,0.0,0.0,-0.001150290040910473,-0.007887919901585973,0.0,0.0,0.0,0.0,0.0,0.00022489481835319872,0.0,0.011608747280809219,0.0,0.0,0.0,0.005759567586659095,0.0,0.05985503664781209,0.0,-0.025920756229993316,0.0,-0.007834444731841422,0.00825032373204903,0.0,0.0,0.0,0.0,0.0,0.0,0.0,-0.0070190673948389,-0.008920977581318898,0.001585758279014624,-0.001384493260898212,0.008104007879627662,0.0051599285769386785,0.0,0.003161067641996261,0.0005648781662776132,0.0013536311381057084,0.001636311399120292,0.0,-0.002304728953304834,-0.004917934691694144,0.0014889430101480401,0.0,0.0,0.0010170238987222847,0.0021325662698406366,0.002643195152578351,0.007371789025087048,0.0016153513086401361,0.0,8.335330727136868e-05,-0.0014451086730045473,0.0,0.0418849332376637,0.031567452572968405,0.007838172724777149,0.0,0.0,0.0,-0.002109585204839411,0.0,0.0,0.0,0.0,0.0,-0.0004575504674508087,-0.0004314235572774396,0.0,-0.0014369001233099123,-0.0001800087616183103,0.0,0.0001639601011718858,0.0016179962293705378,-6.387705799851305e-05,0.0,0.0,-0.00011181828076671246,0.0,0.0,0.0016924868883013968,0.0,0.0,-1.0524512732205065e-05,-0.0006216656779876191,0.0,0.0,0.0,-0.013411137813550378,-0.0008137514797595262,-0.008282001701768772,-0.0017042608206612928,0.0002839263789432221,-0.003459459161026822,0.008532439582771788,0.0,0.0,0.0,0.0,0.0,0.0,0.0,0.0,0.0,0.0,0.0,0.0,0.0
2024-12-25,0.0,0.0,0.00032957748363165236,-0.00537093419317493,0.0,0.0,0.0,0.0,0.0,0.00022489481835319872,0.0,0.01076690888262103,0.0,0.0,0.0,0.005759567586659095,0.0,0.060529281345990046,0.0,-0.025673640540550352,0.0,-0.02679265985153528,0.00825032373204903,0.0,0.0,0.0,0.0,0.0,0.0,0.0,-0.007761021126157983,-0.0023225757119521052,-0.003462175411904529,-0.004046492177568163,0.008104007879627662,0.0051599285769386785,0.0,0.003161067641996261,0.0005648781662776132,0.0013536311381057084,0.001636311399120292,0.0,-0.002304728953304834,-0.004917934691694144,0.0014889430101480401,0.0,0.0,0.0010170238987222847,0.0015856237596336693,0.002643195152578351,0.007371789025087048,0.0016153513086401361,0.0,8.335330727136868e-05,-0.0014451086730045473,0.0,-0.002363434177011594,0.031567452572968405,0.007838172724777149,0.0,0.0,0.0,-0.002109585204839411,0.0,0.0,0.0,0.0,0.0,-0.0004575504674508087,-0.0004314235572774396,0.0,-0.0026471358669025434,-0.0001800087616183103,0.0,0.0001639601011718858,0.0016179962293705378,-6.387705799851305e-05,0.0,0.0,-0.00011181828076671246,0.0,0.0,0.0016924868883013968,0.0,0.0,-1.0524512732205065e-05,-0.0006216656779876191,0.0,0.0,0.0,-0.013411137813550378,-0.0008137514797595262,-0.008282001701768772,-0.0017951664684527858,0.0002839263789432221,-0.003459459161026822,0.008027027592077155,0.0,0.0,0.0,0.0,0.0,0.0,0.0,0.0,0.0,0.0,0.0,0.0,0.0
2025-01-01,0.0,0.0,-0.001150290040910473,-0.00537093419317493,0.0,0.0,0.0,0.0,0.0,-0.00019268015518368644,0.0,-0.016572993544510247,0.0,0.0,0.0,-7.273842944789866e-05,0.0,-0.0039401294410573336,0.0,-0.02536851160854149,0.0,-0.02679265985153528,0.007874594427108323,0.0,0.0,0.0,0.0,0.0,0.0,0.0,-0.007114308390275463,0.0002385316970855484,-0.0019096238631933695,-0.004396441704828264,0.008616899585056877,0.004940547933694367,0.0,0.004634062885574117,0.0005648781662776132,0.0013536311381057084,0.001636311399120292,0.0,0.0004901718482764202,-0.004917934691694144,-0.000865785051693893,0.0,0.0,-0.0006706461940849845,0.00044559274683208833,0.002387454081221984,0.007371789025087048,0.0021523907960693547,0.0,8.335330727136868e-05,-0.0014451086730045473,0.0,-0.0024523671931961713,0.03281622850625084,0.007838172724777149,0.0,0.0,0.0,-0.002109585204839411,0.0,0.0,0.0,0.0,0.0,-0.0004575504674508087,-0.0004314235572774396,0.0,-0.0026471358669025434,-0.0001800087616183103,0.0,0.0001639601011718858,0.0016179962293705378,-6.387705799851305e-05,0.0,0.0,-0.00011181828076671246,0.0,0.0,0.0016924868883013968,0.0,0.0,-1.0524512732205065e-05,-0.0006216656779876191,0.0,0.0,0.0,-0.01618312404798026,-0.0008137514797595262,-0.007955492628337188,-0.0017951664684527858,0.0002839263789432221,-0.003459459161026822,0.008522934777930008,0.0,0.0,0.0,0.0,0.0,0.0,0.0,0.0,0.0,0.0,0.0,0.0,0.0
2025-01-08,0.0,0.0,-0.001150290040910473,-0.00537093419317493,0.0,0.0,0.0,0.0,0.0,-0.00019268015518368644,0.0,-0.016572993544510247,0.0,0.0,0.0,-0.004088089435039786,0.0,-0.04274616137936376,0.0,-0.02536851160854149,0.0,-0.02679265985153528,0.007874594427108323,0.0,0.0,0.0,0.0,0.0,0.0,0.0,-0.007114308390275463,0.0002385316970855484,-0.0019096238631933695,-0.004514879409357554,0.008616899585056877,0.0061524576906996364,0.0,0.004634062885574117,0.0005648781662776132,0.0013536311381057084,0.001636311399120292,0.0,0.000297748304952722,-0.004717097401803251,-0.000865785051693893,0.0,0.0,-0.0006706461940849845,0.00044559274683208833,0.002387454081221984,0.007371789025087048,0.0021523907960693547,0.0,8.335330727136868e-05,-0.0014451086730045473,0.0,-0.002489473245221222,0.022251817241724453,0.007838172724777149,0.0,0.0,0.0,-0.0021524829842012763,0.0,0.0,0.0,0.0,0.0,-0.0004575504674508087,-0.0004314235572774396,0.0,-0.0029264174053320576,-0.0001800087616183103,0.0,0.0001639601011718858,0.0016179962293705378,-6.387705799851305e-05,0.0,0.0,-0.00011181828076671246,0.0,0.0,0.0016924868883013968,0.0,0.0,-1.0524512732205065e-05,-0.0006216656779876191,0.0,0.0,0.0,-0.01618312404798026,-0.0008137514797595262,-0.008312516860670685,-0.0017951664684527858,0.0002839263789432221,-0.0033983739772015767,0.00798565277002856,0.0,0.0,0.0,0.0,0.0,0.0,0.0,0.0,0.0,0.0,0.0,0.0,0.0
2025-01-15,0.0,0.0,-0.001150290040910473,-0.00537093419317493,0.0,0.0,0.0,0.0,0.0,-0.00019268015518368644,0.0,0.01076690888262103,0.0,0.0,0.0,-7.273842944789866e-05,0.0,-0.03831216850437044,0.0,-0.026114979937134717,0.0,-0.02679265985153528,0.007874594427108323,0.0,0.0,0.0,0.0,0.0,0.0,0.0,-0.007819505857203798,-0.0015214400713720751,-0.003313730523288822,-0.004616056223201967,0.008119854606979832,0.0061524576906996364,0.0,0.003161067641996261,0.0005648781662776132,0.0015733775716631612,0.001955394764454771,0.0,0.000297748304952722,-0.004717097401803251,-0.000865785051693893,0.0,0.0,-0.0006706461940849845,0.00044559274683208833,0.002387454081221984,0.007371789025087048,0.0021523907960693547,0.0,8.335330727136868e-05,-0.0014451086730045473,0.0,-0.0024005402290366447,-0.0023835359976060013,0.007838172724777149,0.0,0.0,0.0,-0.002109585204839411,0.0,0.0,0.0,0.0,0.0,-0.0004575504674508087,-0.0004314235572774396,0.0,-0.0026471358669025434,-0.0001800087616183103,0.0,0.0001639601011718858,0.0016179962293705378,-6.387705799851305e-05,0.0,0.0,-0.00011181828076671246,0.0,0.0,0.0016924868883013968,0.0,0.0,5.945510609537194e-06,0.0002499349766603285,0.0,0.0,0.0,-0.014260102450447898,-0.0008137514797595262,-0.008312516860670685,-0.0017951664684527858,0.0002839263789432221,-0.003459459161026822,0.007489745584175707,0.0,0.0,0.0,0.0,0.0,0.0,0.0,0.0,0.0,0.0,0.0,0.0,0.0
2025-01-22,0.0,0.0,-0.001150290040910473,-0.00537093419317493,0.0,0.0,0.0,0.0,0.0,0.00024978486363472956,0.0,0.011775980770193404,0.0,0.0,0.0,0.005759567586659095,0.0,0.035853236801440154,0.0,-0.014361096834154066,0.0,-0.007023996756235881,0.007874594427108323,0.0,0.0,0.0,0.0,0.0,0.0,0.0,-0.0077242648617672355,-0.007488472379786316,-0.002564433118235154,-0.004479671570614321,-0.005456831237348135,0.0049814785828991934,0.0,0.003161067641996261,0.0005648781662776132,0.0015733775716631612,0.001955394764454771,0.0,0.0004901718482764202,-0.004917934691694144,-0.0014018801755943894,0.0,0.0,-0.0006706461940849845,0.0015856237596336693,0.002387454081221984,0.0073715785461898895,0.0019596634659254514,0.0,8.335330727136868e-05,-0.0014451086730045473,0.0,-0.002336427301536345,-0.0023835359976060013,0.007838172724777149,0.0,0.0,0.0,-0.002109585204839411,0.0,0.0,0.0,0.0,0.0,-0.00031425736473378535,-0.0004314235572774396,0.0,-0.0026471358669025434,-0.0001800087616183103,0.0,0.0001639601011718858,0.0016179962293705378,-6.387705799851305e-05,0.0,0.0,-0.00011181828076671246,0.0,0.0,0.0016924868883013968,0.0,0.0,0.0005123910785140275,0.0002499349766603285,0.0,0.0,0.0,-0.014393175651487459,-0.0008137514797595262,-0.008282001701768772,-0.0017951664684527858,0.0002839263789432221,-0.003459459161026822,0.007489745584175707,0.0,0.0,0.0,0.0,0.0,0.0,0.0,0.0,0.0,0.0,0.0,0.0,0.0
2025-01-29,0.0,0.0,0.00032957748363165236,-0.00537093419317493,0.0,0.0,0.0,0.0,0.0,0.00024978486363472956,0.0,0.011775980770193404,0.0,0.0,0.0,0.005759567586659095,0.0,0.06399904947113855,0.0,0.006515964834518373,0.0,-0.0064814911597813945,0.007374594208047338,0.0,0.0,0.0,0.0,0.0,0.0,0.0,-0.008466218593086319,-0.007488472379786316,-0.002564433118235154,-0.004479671570614321,-0.0063627221671355445,0.00455022988516081,0.0,0.003161067641996261,0.0005648781662776132,0.0015733775716631612,0.001955394764454771,0.0,1.029411956950376e-05,-0.004917934691694144,-0.0014018801755943894,0.0,0.0,-0.0006706461940849845,0.0015856237596336693,0.002643195152578351,0.007370139319520268,0.0016153513086401361,0.0,-0.00010883304786625036,-0.0014451086730045473,0.0,-0.002336427301536345,-0.0022897312326645974,0.007838172724777149,0.0,0.0,0.0,-0.002109585204839411,0.0,0.0,0.0,0.0,0.0,-0.00031425736473378535,-0.0004314235572774396,0.0,-0.0026471358669025434,-0.0001800087616183103,0.0,0.0001639601011718858,0.0016179962293705378,-6.387705799851305e-05,0.0,0.0,-0.00011181828076671246,0.0,0.0,0.0016924868883013968,0.0,0.0,-0.0009070148526921692,0.0002499349766603285,0.0,0.0,0.0,-0.013544211014589939,0.001295860847013283,-0.008282001701768772,-0.0017951664684527858,0.0002839263789432221,-0.003459459161026822,0.007489745584175707,0.0,0.0,0.0,0.0,0.0,0.0,0.0,0.0,0.0,0.0,0.0,0.0,0.0
2025-02-05,0.0,0.0,0.00032957748363165236,-0.00537093419317493,0.0,0.0,0.0,0.0,0.0,0.00024978486363472956,0.0,0.011775980770193404,0.0,0.0,0.0,0.005759567586659095,0.0,-0.038920892638884985,0.0,0.04772336862037109,0.0,0.009499287747012137,-0.019293474044621436,0.0,0.0,0.0,0.0,0.0,0.0,0.0,-0.007779083111755783,-0.006320761200348972,-0.002564433118235154,-0.003777209357284941,-0.006463520703593654,0.005542758998921768,0.0,0.003161067641996261,-0.00011099836907312239,0.0011218221015044448,0.001955394764454771,0.0,-0.001978012044663777,-0.0036500658025525254,-0.0014018801755943894,0.0,0.0,-8.627539354272583e-05,-0.0018901114892752521,0.002387454081221984,0.007242134185812412,0.0021523907960693547,0.0,0.0001489980422553662,-0.0012073814880234912,0.0,-0.002190309466608921,-0.00209356951922201,0.0065491018032089315,0.0,0.0,0.0,-0.002109585204839411,0.0,0.0,0.0,0.0,0.0,-0.00031425736473378535,-0.00019619499866664516,0.0,-0.0026471358669025434,-0.0001800087616183103,0.0,0.0001639601011718858,-6.107314983237874e-05,-0.0009520134393183988,0.0,0.0,-0.00011181828076671246,0.0,0.0,0.0016924868883013968,0.0,0.0,-0.0009070148526921692,0.0002499349766603285,0.0,0.0,0.0,-0.014393175651487459,0.0005177858714945219,-0.008160010741583727,-0.0017951664684527858,-0.0001021831444585078,-0.0033983739772015767,0.007489745584175707,0.0,0.0,0.0,0.0,0.0,0.0,0.0,0.0,0.0,0.0,0.0,0.0,0.0
2025-02-12,0.0,0.0,0.00032957748363165236,-0.0016691050923046322,0.0,0.0,0.0,0.0,0.0,0.00024978486363472956,0.0,0.012834936175190978,0.0,0.0,0.0,0.005759567586659095,0.0,-0.027613990905686593,0.0,0.04772336862037109,0.0,0.009966974207172779,-0.019293474044621436,0.0,0.0,0.0,0.0,0.0,0.0,0.0,-0.008767456864464965,-0.006320761200348972,-0.002564433118235154,-0.003777209357284941,-0.006463520703593654,0.005542758998921768,0.0,-0.00021809910979352277,-0.00011099836907312239,0.0011218221015044448,0.001955394764454771,0.0,-0.002489634546858794,-0.0036500658025525254,-0.0014018801755943894,0.0,0.0,-8.627539354272583e-05,-0.0018901114892752521,0.002387454081221984,0.007242134185812412,0.0021523907960693547,0.0,0.0001489980422553662,-0.0012073814880234912,0.0,-0.002190309466608921,-0.00209356951922201,0.0012642089077822976,0.0,0.0,0.0,-0.002109585204839411,0.0,0.0,0.0,0.0,0.0,-0.00031425736473378535,-0.00019619499866664516,0.0,-0.0026471358669025434,-0.0001800087616183103,0.0,0.0001639601011718858,-6.107314983237874e-05,-0.0009520134393183988,0.0,0.0,-0.00011181828076671246,0.0,0.0,0.0016924868883013968,0.0,0.0,-0.0009070148526921692,0.0002499349766603285,0.0,0.0,0.0,-0.014393175651487459,0.0005177858714945219,-0.007904845889333318,-0.0017951664684527858,-0.0001021831444585078,-0.003459459161026822,0.004988100972153096,0.0,0.0,0.0,0.0,0.0,0.0,0.0,0.0,0.0,0.0,0.0,0.0,0.0
2025-02-19,0.0,0.0,0.00032957748363165236,0.0003329088156143686,0.0,0.0,0.0,0.0,0.0,0.00024978486363472956,0.0,0.012625283581726907,0.0,0.0,0.0,0.005759567586659095,0.0,-0.03600104399555825,0.0,0.04772336862037109,0.0,0.009966974207172779,-0.019293474044621436,0.0,0.0,0.0,0.0,0.0,0.0,0.0,-0.008767456864464965,-0.006320761200348972,-0.0045737361525066186,-0.003777209357284941,-0.006463520703593654,0.005542758998921768,0.0,0.00022966876493295664,-0.00011099836907312239,0.0011218221015044448,0.001955394764454771,0.0,-0.0026820580901824923,-0.0036500658025525254,-0.0014018801755943894,0.0,0.0,-8.627539354272583e-05,-0.0018901114892752521,0.002387454081221984,0.007242134185812412,0.0021523907960693547,0.0,0.0001489980422553662,-0.0012073814880234912,0.0,-0.002190309466608921,-0.00209356951922201,0.0012642089077822976,0.0,0.0,0.0,-0.002109585204839411,0.0,0.0,0.0,0.0,0.0,-0.00031425736473378535,-0.00019619499866664516,0.0,-0.0026471358669025434,-0.0001800087616183103,0.0,0.0001639601011718858,-6.107314983237874e-05,-0.0009520134393183988,0.0,0.0,-0.00011181828076671246,0.0,0.0,0.0016924868883013968,0.0,0.0,-0.0009070148526921692,0.0002499349766603285,0.0,0.0,0.0,-0.014393175651487459,0.0005177858714945219,-0.008160010741583727,-0.0017951664684527858,-0.0001021831444585078,-0.003459459161026822,0.008766308085358821,0.0,0.0,0.0,0.0,0.0,0.0,0.0,0.0,0.0,0.0,0.0,0.0,0.0
2025-02-26,0.0,0.0,0.00032957748363165236,0.0003329088156143686,0.0,0.0,0.0,0.0,0.0,0.00024978486363472956,0.0,0.012766457125886803,0.0,0.0,0.0,0.005759567586659095,0.0,-0.038920892638884985,0.0,0.04772336862037109,0.0,0.00973206034523633,-0.019293474044621436,0.0,0.0,0.0,0.0,0.0,0.0,0.0,-0.008767456864464965,-0.006320761200348972,-0.005938883872597659,0.004639270739010978,-0.006463520703593654,0.005542758998921768,0.0,0.00022966876493295664,-0.00011099836907312239,0.0011218221015044448,0.001636311399120292,0.0,-0.0026820580901824923,-0.0036500658025525254,-0.0014018801755943894,0.0,0.0,-8.627539354272583e-05,-0.0018901114892752521,0.002387454081221984,0.007242134185812412,0.0021523907960693547,0.0,0.0001489980422553662,-0.0012073814880234912,0.0,-0.002190309466608921,-0.00209356951922201,0.0012642089077822976,0.0,0.0,0.0,-0.002109585204839411,0.0,0.0,0.0,0.0,0.0,-0.00031425736473378535,-0.00019619499866664516,0.0,-0.0026471358669025434,-0.0001800087616183103,0.0,0.0001639601011718858,-6.107314983237874e-05,-0.0009520134393183988,0.0,0.0,-0.00011181828076671246,0.0,0.0,0.0016924868883013968,0.0,0.0,-0.0009070148526921692,-0.0006216656779876191,0.0,0.0,0.0,-0.014092510384433453,0.0005177858714945219,-0.008160010741583727,-0.0017951664684527858,-0.0001021831444585078,-0.0031329332321957458,0.008766308085358821,0.0,0.0,0.0,0.0,0.0,0.0,0.0,0.0,0.0,0.0,0.0,0.0,0.0
2025-03-05,0.0,0.0,0.00032957748363165236,0.0018775657692893868,0.0,0.0,0.0,0.0,0.0,0.00024978486363472956,0.0,0.012766457125886803,0.0,0.0,0.0,0.005759567586659095,0.0,-0.03971923366229867,0.0,0.04772336862037109,0.0,0.01045623130845338,-0.019293474044621436,0.0,0.0,0.0,0.0,0.0,0.0,0.0,-0.008767456864464965,-0.006320761200348972,-0.005938883872597659,0.004639270739010978,-0.006320153200201968,0.005542758998921768,0.0,0.00022966876493295664,-0.00011099836907312239,0.0011218221015044448,0.001636311399120292,0.0,-0.0026820580901824923,-0.004960971785490816,-0.0014018801755943894,0.0,0.0,-8.627539354272583e-05,-0.0018901114892752521,-0.005183150672743046,0.007242134185812412,0.0021523907960693547,0.0,0.0001489980422553662,-0.0012073814880234912,0.0,-0.002190309466608921,-0.00209356951922201,0.0012642089077822976,0.0,0.0,0.0,-0.002109585204839411,0.0,0.0,0.0,0.0,0.0,-0.00031425736473378535,-0.00019619499866664516,0.0,-0.0029264174053320576,-0.0001800087616183103,0.0,-0.002455588491969639,-0.00029359714184745315,-0.0009520134393183988,0.0,0.0,-0.00011181828076671246,0.0,0.0,0.0016924868883013968,0.0,0.0,-0.0009070148526921692,-0.0006216656779876191,0.0,0.0,0.0,-0.013421612922224636,-0.0003251498956067496,-0.008160010741583727,-0.0018161582506413846,-0.0001021831444585078,-0.0031329332321957458,0.008766308085358821,0.0,0.0,0.0,0.0,0.0,0.0,0.0,0.0,0.0,0.0,0.0,0.0,0.0
2025-03-12,0.0,0.0,0.00032957748363165236,0.0018775657692893868,0.0,0.0,0.0,0.0,0.0,0.00024978486363472956,0.0,0.012766457125886803,0.0,0.0,0.0,0.005759567586659095,0.0,-0.038034558986366304,0.0,0.04772336862037109,0.0,0.01045623130845338,-0.019293474044621436,0.0,0.0,0.0,0.0,0.0,0.0,0.0,-0.008767456864464965,-0.006320761200348972,-0.005938883872597659,0.004639270739010978,-0.006320153200201968,0.005542758998921768,0.0,0.00022966876493295664,-0.00011099836907312239,0.0011218221015044448,0.001636311399120292,0.0,-0.0026820580901824923,-0.004960971785490816,-0.0014018801755943894,0.0,0.0,-8.627539354272583e-05,-0.0018901114892752521,-0.005183150672743046,0.007242134185812412,0.0021523907960693547,0.0,0.0001489980422553662,-0.0012073814880234912,0.0,-0.002190309466608921,-0.00209356951922201,0.0012642089077822976,0.0,0.0,0.0,-0.002109585204839411,0.0,0.0,0.0,0.0,0.0,-0.00031425736473378535,-0.00019619499866664516,0.0,-0.0026471358669025434,-0.0001800087616183103,0.0,-0.002455588491969639,-0.00029359714184745315,-0.0009520134393183988,0.0,0.0,-0.00011181828076671246,0.0,0.0,0.0016924868883013968,0.0,0.0,-0.0009070148526921692,-0.0006216656779876191,0.0,0.0,0.0,-0.013421612922224636,-0.0003251498956067496,-0.008160010741583727,-0.0018161582506413846,-0.0001021831444585078,-0.0031329332321957458,0.008766308085358821,0.0,0.0,0.0,0.0,0.0,0.0,0.0,0.0,0.0,0.0,0.0,0.0,0.0
2025-03-19,0.0,0.0,0.00032957748363165236,0.0018775657692893868,0.0,0.0,0.0,0.0,0.0,0.00024978486363472956,0.0,0.012625283581726907,0.0,0.0,0.0,0.005759567586659095,0.0,-0.03971923366229867,0.0,0.04772336862037109,0.0,0.01045623130845338,-0.019293474044621436,0.0,0.0,0.0,0.0,0.0,0.0,0.0,-0.008767456864464965,-0.006320761200348972,-0.005938883872597659,-0.003777209357284941,-0.006320153200201968,0.005542758998921768,0.0,0.00022966876493295664,-0.00011099836907312239,0.0011218221015044448,0.001955394764454771,0.0,-0.0026820580901824923,-0.004960971785490816,-0.0014018801755943894,0.0,0.0,-8.627539354272583e-05,-0.0018901114892752521,-0.005183150672743046,0.007242134185812412,0.0021523907960693547,0.0,0.0001489980422553662,-0.0012073814880234912,0.0,-0.002190309466608921,-0.00209356951922201,-0.001788329508323096,0.0,0.0,0.0,-0.002109585204839411,0.0,0.0,0.0,0.0,0.0,-0.00031425736473378535,-0.00019619499866664516,0.0,-0.0029264174053320576,-0.0001800087616183103,0.0,-0.002455588491969639,-0.00029359714184745315,-0.0009520134393183988,0.0,0.0,-0.00011181828076671246,0.0,0.0,0.0016924868883013968,0.0,0.0,-0.0009070148526921692,0.0002499349766603285,0.0,0.0,0.0,-0.013722278189278642,-0.0003251498956067496,-0.008160010741583727,-0.0018161582506413846,-0.0001021831444585078,-0.0033983739772015767,0.008766308085358821,0.0,0.0,0.0,0.0,0.0,0.0,0.0,0.0,0.0,0.0,0.0,0.0,0.0
2025-03-26,0.0,0.0,0.00032957748363165236,0.0018775657692893868,0.0,0.0,0.0,0.0,0.0,0.00024978486363472956,0.0,0.012766457125886803,0.0,0.0,0.0,0.005759567586659095,0.0,-0.03881232273249332,0.0,0.048677808264596105,0.0,0.01045623130845338,-0.019293474044621436,0.0,0.0,0.0,0.0,0.0,0.0,0.0,-0.008767456864464965,-0.006320761200348972,-0.005938883872597659,0.004639270739010978,-0.009664270114686123,-0.00013748991827321818,0.0,0.00022966876493295664,-0.00011099836907312239,0.0011218221015044448,0.001636311399120292,0.0,-0.0026820580901824923,-0.004960971785490816,-0.0014018801755943894,0.0,0.0,-8.627539354272583e-05,-0.0018901114892752521,-0.005183150672743046,0.007242134185812412,0.0021523907960693547,0.0,0.0001489980422553662,-0.0012073814880234912,0.0,-0.002190309466608921,-0.00209356951922201,-0.001788329508323096,0.0,0.0,0.0,-0.002109585204839411,0.0,0.0,0.0,0.0,0.0,-0.00031425736473378535,-0.00019619499866664516,0.0,-0.0029264174053320576,-0.0001800087616183103,0.0,-0.002455588491969639,-0.00029359714184745315,-0.0009520134393183988,0.0,0.0,-0.00011181828076671246,0.0,0.0,-0.0005565237350314072,0.0,0.0,-0.0009070148526921692,-0.0006216656779876191,0.0,0.0,0.0,-0.013421612922224636,-0.0003251498956067496,-0.008958666078272254,-0.0018161582506413846,-0.0001021831444585078,-0.0031329332321957458,0.008766308085358821,0.0,0.0,0.0,0.0,0.0,0.0,0.0,0.0,0.0,0.0,0.0,0.0,0.0
2025-04-02,0.0,0.0,0.00032957748363165236,0.0018775657692893868,0.0,0.0,0.0,0.0,0.0,0.00024978486363472956,0.0,0.012766457125886803,0.0,0.0,0.0,0.001462776943357412,0.0,-0.03881232273249332,0.0,0.050153331328238515,0.0,0.01045623130845338,-0.0203883042267596,0.0,0.0,0.0,0.0,0.0,0.0,0.0,-0.008767456864464965,-0.006513368211030448,-0.005938883872597659,0.004188144397906464,-0.009664270114686123,-0.0008757213930008045,0.0,0.00022966876493295664,-0.00011099836907312239,0.0011218221015044448,0.0021741619439243944,0.0,-0.0026820580901824923,-0.004717097401803251,-0.0014018801755943894,0.0,0.0,0.00013083521218567185,-0.0008287627084891006,-0.005183150672743046,-0.012144212231606558,0.0021523907960693547,0.0,-0.00010883304786625036,-0.0012073814880234912,0.0,-0.002190309466608921,-0.00209356951922201,-0.001788329508323096,0.0,0.0,0.0,-0.002109585204839411,0.0,0.0,0.0,0.0,0.0,-0.00031425736473378535,-0.00019619499866664516,0.0,-0.0029264174053320576,-0.0001800087616183103,0.0,0.0001639601011718858,-0.00029359714184745315,-0.0007639588885642885,0.0,0.0,-0.00011181828076671246,0.0,0.0,-0.0005565237350314072,0.0,0.0,-0.0009070148526921692,-0.0006216656779876191,0.0,0.0,0.0,-0.013421612922224636,-0.0003251498956067496,-0.008619937064716195,-0.0018161582506413846,-0.0001021831444585078,-0.0031329332321957458,0.008766308085358821,0.0,0.0,0.0,0.0,0.0,0.0,0.0,0.0,0.0,0.0,0.0,0.0,0.0
2025-04-09,0.0,0.0,0.00032957748363165236,0.0018775657692893868,0.0,0.0,0.0,0.0,0.0,0.00024978486363472956,0.0,0.012766457125886803,0.0,0.0,0.0,0.005759567586659095,0.0,-0.025820746323362564,0.0,0.0503841567733329,0.0,0.01045623130845338,-0.0203883042267596,0.0,0.0,0.0,0.0,0.0,0.0,0.0,-0.008767456864464965,-0.006513368211030448,-0.005938883872597659,0.004574689271594514,-0.009664270114686123,-0.006191335026242332,0.0,0.00022966876493295664,-0.00011099836907312239,0.0011218221015044448,0.0021741619439243944,0.0,-0.002489634546858794,-0.004717097401803251,-0.0014018801755943894,0.0,0.0,0.00013083521218567185,-0.0008287627084891006,-0.005183150672743046,-0.012144212231606558,0.0021523907960693547,0.0,-0.00010883304786625036,-0.0012073814880234912,0.0,-0.002190309466608921,-0.00209356951922201,-0.001788329508323096,0.0,0.0,0.0,-0.002109585204839411,0.0,0.0,0.0,0.0,0.0,-0.00031425736473378535,-0.00019619499866664516,0.0,-0.0026471358669025434,-0.0001800087616183103,0.0,0.0001639601011718858,-0.00029359714184745315,-0.0007639588885642885,0.0,0.0,-0.00011181828076671246,0.0,0.0,-0.0005565237350314072,0.0,0.0,-0.0009070148526921692,-0.0006216656779876191,0.0,0.0,0.0,-0.013421612922224636,-0.0003251498956067496,-0.008703501226021844,-0.0018161582506413846,-0.0001021831444585078,-0.003194018416020991,0.008766308085358821,0.0,0.0,0.0,0.0,0.0,0.0,0.0,0.0,0.0,0.0,0.0,0.0,0.0
2025-04-16,0.0,0.0,0.00032957748363165236,0.0018775657692893868,0.0,0.0,0.0,0.0,0.0,0.00024978486363472956,0.0,-0.014803218231662984,0.0,0.0,0.0,0.005759567586659095,0.0,-0.037127648056560957,0.0,0.0503841567733329,0.0,0.01045623130845338,-0.0203883042267596,0.0,0.0,0.0,0.0,0.0,0.0,0.0,-0.008767456864464965,-0.00741260713210534,-0.005938883872597659,0.004574689271594514,-0.009664270114686123,-0.006191335026242332,0.0,-0.00026228304457265745,-0.00011099836907312239,0.0011218221015044448,0.0021741619439243944,0.0,-0.0026820580901824923,-0.004717097401803251,-0.0014018801755943894,0.0,0.0,0.00013083521218567185,-0.0008287627084891006,-0.005183150672743046,-0.012144212231606558,0.0021523907960693547,0.0,-0.00010883304786625036,-0.0012073814880234912,0.0,-0.0022792424827934982,-0.00209356951922201,-0.001788329508323096,0.0,0.0,0.0,-0.002109585204839411,0.0,0.0,0.0,0.0,0.0,-0.00031425736473378535,-0.00019619499866664516,0.0,-0.0026471358669025434,-0.0001800087616183103,0.0,0.0001639601011718858,-0.00029359714184745315,-0.0007639588885642885,0.0,0.0,-0.00011181828076671246,0.0,0.0,0.0016924868883013968,0.0,0.0,-0.0009070148526921692,-0.0006216656779876191,0.0,0.0,0.0,-0.015344634519756997,-0.0003251498956067496,-0.008160010741583727,-0.0018161582506413846,-0.0001021831444585078,-0.0031329332321957458,0.009262215271211674,0.0,0.0,0.0,0.0,0.0,0.0,0.0,0.0,0.0,0.0,0.0,0.0,0.0
2025-04-23,0.0,0.0,-0.001150290040910473,0.0018775657692893868,0.0,0.0,0.0,0.0,0.0,-0.00019268015518368644,0.0,-0.014803218231662984,0.0,0.0,0.0,-0.004088089435039786,0.0,-0.04110357334882849,0.0,0.04706139697931005,0.0,0.01045623130845338,-0.0203883042267596,0.0,0.0,0.0,0.0,0.0,0.0,0.0,-0.008025503133145883,-0.007016547634074221,-0.005790438983981951,0.008921936407814742,0.006203888737518583,-0.006191335026242332,0.0,-0.00026228304457265745,-0.00011099836907312239,0.0011218221015044448,0.0021741619439243944,0.0,-0.0026820580901824923,-0.004717097401803251,-0.0013048986674698607,0.0,0.0,0.00013083521218567185,-0.0008287627084891006,-0.005183150672743046,-0.012144212231606558,0.0021523907960693547,0.0,-0.00010883304786625036,-0.0012073814880234912,0.0,-0.002462466369745973,-0.00209356951922201,-0.001788329508323096,0.0,0.0,0.0,-0.0021524829842012763,0.0,0.0,0.0,0.0,0.0,0.001195496548357897,-0.00019619499866664516,0.0,-0.0029264174053320576,-0.0001800087616183103,0.0,0.0001639601011718858,-0.00029359714184745315,-0.0007639588885642885,0.0,0.0,-0.00011181828076671246,0.0,0.0,0.0016924868883013968,0.0,0.0,-1.0524512732205065e-05,-0.0006216656779876191,0.0,0.0,0.0,-0.015211561318717436,-0.0003251498956067496,-0.007821281728027669,-0.0018161582506413846,-0.0001021831444585078,-0.0031329332321957458,0.009262215271211674,0.0,0.0,0.0,0.0,0.0,0.0,0.0,0.0,0.0,0.0,0.0,0.0,0.0
2025-04-30,0.0,0.0,-0.001150290040910473,0.0018775657692893868,0.0,0.0,0.0,0.0,0.0,-0.00019268015518368644,0.0,0.012766457125886803,0.0,0.0,0.0,-0.004088089435039786,0.0,-0.04110357334882849,0.0,0.0503841567733329,0.0,0.01045623130845338,-0.0203883042267596,0.0,0.0,0.0,0.0,0.0,0.0,0.0,-0.008025503133145883,-0.006117308712999328,-0.005790438983981951,0.008921936407814742,0.006203888737518583,-0.006191335026242332,0.0,0.00022966876493295664,-0.00011099836907312239,0.0011218221015044448,0.0021741619439243944,0.0,-0.0026820580901824923,-0.004717097401803251,-0.0013048986674698607,0.0,0.0,0.00013083521218567185,-0.0008287627084891006,-0.005183150672743046,-0.012144212231606558,0.0021523907960693547,0.0,-0.00010883304786625036,-0.0012073814880234912,0.0,-0.002190309466608921,-0.00209356951922201,-0.001788329508323096,0.0,0.0,0.0,-0.0021524829842012763,0.0,0.0,0.0,0.0,0.0,-0.00031425736473378535,-0.00019619499866664516,0.0,-0.0029264174053320576,-0.0001800087616183103,0.0,0.0001639601011718858,-0.00029359714184745315,-0.0007639588885642885,0.0,0.0,-0.00011181828076671246,0.0,0.0,0.0016924868883013968,0.0,0.0,-1.0524512732205065e-05,-0.0006216656779876191,0.0,0.0,0.0,-0.013288539721185075,-0.0003251498956067496,-0.007821281728027669,-0.0018161582506413846,-0.0001021831444585078,-0.0031329332321957458,0.008766308085358821,0.0,0.0,0.0,0.0,0.0,0.0,0.0,0.0,0.0,0.0,0.0,0.0,0.0
2025-05-07,0.0,0.0,0.00032957748363165236,0.0018775657692893868,0.0,0.0,0.0,0.0,0.0,-0.00019268015518368644,0.0,0.012766457125886803,0.0,0.0,0.0,0.005759567586659095,0.0,-0.011517347244098055,0.0,0.0503841567733329,0.0,0.011563870226768663,-0.0203883042267596,0.0,0.0,0.0,0.0,0.0,0.0,0.0,-0.008767456864464965,-0.006117308712999328,-0.005938883872597659,0.009373062748919256,0.006203888737518583,-0.005367591964023591,0.0,0.00022966876493295664,-0.00011099836907312239,-0.0021120870756362368,0.0021741619439243944,0.0,-0.002489634546858794,-0.005499976074712426,-0.0013048986674698607,0.0,0.0,0.00013083521218567185,0.0025439891348228317,-0.0016328270813689692,-0.014886810707797998,-0.0034857084332222386,0.0,-0.00010883304786625036,-0.0012073814880234912,0.0,-0.002215545640022651,-0.0020333992025123055,-0.001788329508323096,0.0,0.0,0.0,-0.002109585204839411,0.0,0.0,0.0,0.0,0.0,-0.00031425736473378535,-0.00019619499866664516,0.0,-0.0026471358669025434,-0.0001800087616183103,0.0,-0.002455588491969639,-0.00029359714184745315,0.00025196716081130174,0.0,0.0,-0.00011181828076671246,0.0,0.0,0.0016924868883013968,0.0,0.0,-1.0524512732205065e-05,-0.0006216656779876191,0.0,0.0,0.0,-0.013288539721185075,-0.0003251498956067496,-0.0077771299824401525,-0.0018161582506413846,-0.0001021831444585078,-0.003194018416020991,0.008766308085358821,0.0,0.0,0.0,0.0,0.0,0.0,0.0,0.0,0.0,0.0,0.0,0.0,0.0
2025-05-14,0.0,0.0,0.00032957748363165236,0.0018775657692893868,0.0,0.0,0.0,0.0,0.0,-0.00019268015518368644,0.0,0.012766457125886803,0.0,0.0,0.0,-7.273842944789866e-05,0.0,-0.011517347244098055,0.0,0.0503841567733329,0.0,0.011563870226768663,-0.0203883042267596,0.0,0.0,0.0,0.0,0.0,0.0,0.0,-0.008767456864464965,-0.005943141208034222,-0.005790438983981951,0.008177599031723255,0.006095660321195412,-0.005367591964023591,0.0,0.00022966876493295664,-0.00011099836907312239,-0.0021120870756362368,0.002493245309258873,0.0,-0.002489634546858794,-0.005499976074712426,-0.0013048986674698607,0.0,0.0,0.00013083521218567185,0.0025439891348228317,-0.0016328270813689692,-0.014886810707797998,-0.0034857084332222386,0.0,-0.00010883304786625036,-0.0012073814880234912,0.0,-0.002215545640022651,-0.0020333992025123055,-0.001788329508323096,0.0,0.0,0.0,-0.002109585204839411,0.0,0.0,0.0,0.0,0.0,-0.00031425736473378535,-0.00019619499866664516,0.0,-0.0022455351859452036,-0.0001800087616183103,0.0,-0.002455588491969639,-0.00029359714184745315,0.00025196716081130174,0.0,0.0,9.86451682380313e-05,0.0,0.0,0.0016924868883013968,0.0,0.0,-1.0524512732205065e-05,0.0002499349766603285,0.0,0.0,0.0,-0.0026135843250724346,-0.0003251498956067496,-0.007438400968884094,-0.0018161582506413846,-0.0001021831444585078,-0.0020478431795813382,0.008766308085358821,0.0,0.0,0.0,0.0,0.0,0.0,0.0,0.0,0.0,0.0,0.0,0.0,0.0
2025-05-21,0.0,0.0,0.00032957748363165236,0.0018775657692893868,0.0,0.0,0.0,0.0,0.0,-0.00019268015518368644,0.0,0.012766457125886803,0.0,0.0,0.0,-0.004088089435039786,0.0,-0.038239834877827,0.0,0.0503841567733329,0.0,0.011281253501940562,-0.0203883042267596,0.0,0.0,0.0,0.0,0.0,0.0,0.0,-0.008767456864464965,-0.005943141208034222,-0.005790438983981951,0.008242180499139719,0.006095660321195412,-0.004381987994226781,0.0,0.00022966876493295664,-0.00011099836907312239,-0.0021120870756362368,0.0021741619439243944,0.0,-0.0026820580901824923,-0.005299138784821532,-0.0013048986674698607,0.0,0.0,0.00013083521218567185,0.0025439891348228317,-0.0016328270813689692,-0.014886810707797998,-0.0034857084332222386,0.0,-0.00010883304786625036,-0.0012073814880234912,0.0,0.0006989776869499156,-0.0020333992025123055,-0.001788329508323096,0.0,0.0,0.0,-0.0021524829842012763,0.0,0.0,0.0,0.0,0.0,-0.00031425736473378535,-0.00019619499866664516,0.0,-0.0022455351859452036,-0.0001800087616183103,0.0,-0.002455588491969639,-0.00029359714184745315,0.00025196716081130174,0.0,0.0,9.86451682380313e-05,0.0,0.0,-0.0005565237350314072,0.0,0.0,-1.0524512732205065e-05,-0.0006216656779876191,0.0,0.0,0.0,-0.0026135843250724346,-0.0003251498956067496,-0.008619937064716195,-0.0018161582506413846,-0.0001021831444585078,-0.0020478431795813382,0.008766308085358821,0.0,0.0,0.0,0.0,0.0,0.0,0.0,0.0,0.0,0.0,0.0,0.0,0.0
2025-05-28,0.0,0.0,0.00032957748363165236,0.0018775657692893868,0.0,0.0,0.0,0.0,0.0,-0.00019268015518368644,0.0,0.012766457125886803,0.0,0.0,0.0,-7.273842944789866e-05,0.0,-0.029852781787955338,0.0,0.050153331328238515,0.0,0.01055708253872351,-0.0203883042267596,0.0,0.0,0.0,0.0,0.0,0.0,0.0,-0.008767456864464965,-0.005943141208034222,-0.005790438983981951,0.008242180499139719,0.006095660321195412,-0.0008757213930008045,0.0,-0.0016396641901419797,-0.00011099836907312239,-0.0021120870756362368,0.0021741619439243944,0.0,-0.002489634546858794,-0.005299138784821532,-0.0013048986674698607,0.0,0.0,0.00013083521218567185,0.0025439891348228317,-0.0016328270813689692,-0.014886810707797998,-0.0034857084332222386,0.0,-0.00010883304786625036,-0.0012073814880234912,0.0,0.0006989776869499156,-0.0020333992025123055,-0.001788329508323096,0.0,0.0,0.0,5.9285939178000194e-05,0.0,0.0,0.0,0.0,0.0,-0.00031425736473378535,-0.00019619499866664516,0.0,-0.0022455351859452036,-0.0001800087616183103,0.0,-0.002455588491969639,-0.00029359714184745315,0.00025196716081130174,0.0,0.0,9.86451682380313e-05,0.0,0.0,0.0016924868883013968,0.0,0.0,-1.0524512732205065e-05,-0.0006216656779876191,0.0,0.0,0.0,-0.0026135843250724346,0.0005177858714945219,-0.006924636753957203,-0.0018161582506413846,-0.0001021831444585078,-0.0020478431795813382,0.008766308085358821,0.0,0.0,0.0,0.0,0.0,0.0,0.0,0.0,0.0,0.0,0.0,0.0,0.0
2025-06-04,0.0,0.0,0.00032957748363165236,0.0018775657692893868,0.0,0.0,0.0,0.0,0.0,-0.00019268015518368644,0.0,0.012187266901905656,0.0,0.0,0.0,-0.0007569885856567576,0.0,0.0662485164629474,0.0,0.04356369068466854,0.0,0.010029251287946071,-0.019293474044621436,0.0,0.0,0.0,0.0,0.0,0.0,0.0,-0.008672215869028404,-0.005231592849075346,-0.005790438983981951,0.008242180499139719,0.006164839972664325,-0.0004806202768232173,0.0,-0.0016396641901419797,-0.00011099836907312239,-0.0021120870756362368,-0.00444761610755503,0.0,-0.0006937519259492118,-0.006228840674632436,-0.0013048986674698607,0.0,0.0,-8.627539354272583e-05,0.002491381618423108,0.002643195152578351,0.003294582121432471,-0.0026155426805703256,0.0,-0.00010883304786625036,-0.0006922854062162259,0.0,0.03798141797623411,0.0018806548011295681,0.0012642089077822976,0.0,0.0,0.0,0.0024753224848367656,0.0,0.0,0.0,0.0,0.0,-0.00031425736473378535,-0.00019619499866664516,0.0,-0.0026471358669025434,-0.0001800087616183103,0.0,-0.002455588491969639,-0.00029359714184745315,0.0003797890803947802,0.0,0.0,-0.00011181828076671246,0.0,0.0,0.0016924868883013968,0.0,0.0,-1.0524512732205065e-05,5.9530677936784504e-05,0.0,0.0,0.0,-0.0017646196881749177,0.0005177858714945219,-0.0008140889453408474,-0.0017042608206612928,-0.0001021831444585078,-0.0020478431795813382,0.009271720076053452,0.0,0.0,0.0,0.0,0.0,0.0,0.0,0.0,0.0,0.0,0.0,0.0,0.0
2025-06-11,0.0,0.0,0.00032957748363165236,0.0018775657692893868,0.0,0.0,0.0,0.0,0.0,-0.00019268015518368644,0.0,0.012187266901905656,0.0,0.0,0.0,-0.0007569885856567576,0.0,0.04051182350626481,0.0,0.04356369068466854,0.0,0.010029251287946071,-0.019293474044621436,0.0,0.0,0.0,0.0,0.0,0.0,0.0,-0.007967018402100068,-0.005231592849075346,-0.005790438983981951,0.008242180499139719,0.006164839972664325,0.0016659985030319444,0.0,-0.0016396641901419797,-0.00011099836907312239,-0.001862995621448441,-0.0033576987039872453,0.0,-0.0006937519259492118,-0.006228840674632436,-0.0013048986674698607,0.0,0.0,-8.627539354272583e-05,0.002491381618423108,0.002387454081221984,0.003294582121432471,-0.0031672246598570242,0.0,-0.00010883304786625036,-0.0006922854062162259,0.0,0.03798141797623411,0.018264748658248783,0.0012642089077822976,0.0,0.0,0.0,0.0024753224848367656,0.0,0.0,0.0,0.0,0.0,-0.00031425736473378535,-0.00019619499866664516,0.0,-0.0026471358669025434,-0.0001800087616183103,0.0,-0.002455588491969639,-0.0006474909582046776,0.0003797890803947802,0.0,0.0,-0.00011181828076671246,0.0,0.0,0.0016924868883013968,0.0,0.0,-1.0524512732205065e-05,5.9530677936784504e-05,0.0,0.0,0.0,0.003235845146300437,0.0005177858714945219,-0.0008140889453408474,-0.0017042608206612928,-0.0001021831444585078,-0.0012594974318484954,0.009271720076053452,0.0,0.0,0.0,0.0,0.0,0.0,0.0,0.0,0.0,0.0,0.0,0.0,0.0
2025-06-18,0.0,0.0,0.00032957748363165236,0.0018775657692893868,0.0,0.0,0.0,0.0,0.0,-0.00019268015518368644,0.0,0.012187266901905656,0.0,0.0,0.0,-0.0033626448701018553,0.0,-0.03774060430134175,0.0,0.04356369068466854,0.0,0.010029251287946071,-0.019293474044621436,0.0,0.0,0.0,0.0,0.0,0.0,0.0,-0.00806225939753663,-0.006312738277743535,-0.005790438983981951,0.008360618203669009,0.006095660321195412,0.0008422554408132033,0.0,-0.0005272189399152307,-0.00011099836907312239,-0.001862995621448441,-0.0033576987039872453,0.0,-0.00088617546927291,-0.006028003384741542,-0.0013048986674698607,0.0,0.0,-8.627539354272583e-05,0.0013513506056215265,0.002387454081221984,0.003294582121432471,-0.0034857084332222386,0.0,-0.00010883304786625036,-0.0006922854062162259,0.0,0.038766629915860995,0.030077935856057614,0.0012642089077822976,0.0,0.0,0.0,0.0073384434156841954,0.0,0.0,0.0,0.0,0.0,-0.00031425736473378535,-0.00019619499866664516,0.0,-0.0026471358669025434,-0.0001800087616183103,0.0,-0.002455588491969639,-0.0006474909582046776,0.0003797890803947802,0.0,0.0,-0.00011181828076671246,0.0,0.0,0.0016924868883013968,0.0,0.0,-1.0524512732205065e-05,5.9530677936784504e-05,0.0,0.0,0.0,0.003235845146300437,0.0005177858714945219,-0.0008266630851337612,-0.0017042608206612928,-0.0001021831444585078,-0.0012594974318484954,0.009809002083954903,0.0,0.0,0.0,0.0,0.0,0.0,0.0,0.0,0.0,0.0,0.0,0.0,0.0
2025-06-25,0.0,0.0,0.00032957748363165236,0.002568686149335462,0.0,0.0,0.0,0.0,0.0,-0.00019268015518368644,0.0,0.012599223636502618,0.0,0.0,0.0,-0.0007569885856567576,0.0,0.03737724010094278,0.0,0.042609251040443524,0.0,0.01026416514988252,-0.019293474044621436,0.0,0.0,0.0,0.0,0.0,0.0,0.0,-0.007967018402100068,-0.005231592849075346,0.0029330062218159863,0.008360618203669009,0.008721218323594305,0.0031752769859495888,0.0,-0.0005272189399152307,-0.00011099836907312239,-0.001862995621448441,-0.0033576987039872453,0.0,-0.0006937519259492118,-0.006228840674632436,-0.000865785051693893,0.0,0.0,-8.627539354272583e-05,0.002491381618423108,0.002387454081221984,0.003294582121432471,-0.0031672246598570242,0.0,-0.00010883304786625036,-0.0006922854062162259,0.0,0.03798141797623411,0.030077935856057614,0.0012642089077822976,0.0,0.0,0.0,0.005971646473899271,0.0,0.0,0.0,0.0,0.0,-0.00031425736473378535,-0.00019619499866664516,0.0,-0.0026471358669025434,-0.0001800087616183103,0.0,-0.002455588491969639,-0.0006474909582046776,0.0003797890803947802,0.0,0.0,-0.00011181828076671246,0.0,0.0,0.0016924868883013968,0.0,0.0,-1.0524512732205065e-05,5.9530677936784504e-05,0.0,0.0,0.0,0.003235845146300437,0.0005177858714945219,-0.0008140889453408474,-0.0017042608206612928,-0.0001021831444585078,-0.0012594974318484954,0.009809002083954903,0.0,0.0,0.0,0.0,0.0,0.0,0.0,0.0,0.0,0.0,0.0,0.0,0.0
2025-07-02,0.0,0.0,0.00032957748363165236,0.002568686149335462,0.0,0.0,0.0,0.0,0.0,-0.00019268015518368644,0.0,0.012599223636502618,0.0,0.0,0.0,-0.0005570003715012358,0.0,0.06364768285762848,0.0,0.04349721702417229,0.0,0.010988336113099571,0.007366874440749942,0.0,0.0,0.0,0.0,0.0,0.0,0.0,-0.008749394878867165,-0.005231592849075346,0.0029330062218159863,0.008360618203669009,0.008721218323594305,0.005529975244247231,0.0,-0.0005272189399152307,-0.00011099836907312239,-0.001862995621448441,-0.0033576987039872453,0.0,-0.002489634546858794,-0.006228840674632436,-0.000865785051693893,0.0,0.0,0.0010170238987222847,-0.0010708564411324886,0.002643195152578351,0.0073855383491119265,-0.0026155426805703256,0.0,-0.00010883304786625036,-0.0006922854062162259,0.0,0.03974623518905611,0.028829159922775172,0.0012642089077822976,0.0,0.0,0.0,0.007320480050520045,0.0,0.0,0.0,0.0,0.0,0.001195496548357897,-0.00019619499866664516,0.0,-0.0026471358669025434,-0.0001800087616183103,0.0,-0.002455588491969639,-0.0006474909582046776,0.0003797890803947802,0.0,0.0,-0.00011181828076671246,0.0,0.0,0.0016924868883013968,0.0,0.0,-1.0524512732205065e-05,5.9530677936784504e-05,0.0,0.0,0.0,0.004084809783197954,-0.0003251498956067496,-0.00681055743374964,-0.0017042608206612928,0.0002839263789432221,-0.0012594974318484954,0.009809002083954903,0.0,0.0,0.0,0.0,0.0,0.0,0.0,0.0,0.0,0.0,0.0,0.0,0.0
2025-07-09,0.0,0.0,0.00032957748363165236,0.002568686149335462,0.0,0.0,0.0,0.0,0.0,-0.00019268015518368644,0.0,0.012599223636502618,0.0,0.0,0.0,-0.0005570003715012358,0.0,0.06364768285762848,0.0,0.04349721702417229,0.0,0.010988336113099571,0.007366874440749942,0.0,0.0,0.0,0.0,0.0,0.0,0.0,-0.008749394878867165,-0.005231592849075346,0.0029330062218159863,0.008360618203669009,0.008721218323594305,0.005529975244247231,0.0,-0.0005272189399152307,-0.00011099836907312239,-0.001862995621448441,-0.0033576987039872453,0.0,-0.002489634546858794,-0.006228840674632436,-0.000865785051693893,0.0,0.0,0.0010170238987222847,-0.0010708564411324886,0.002643195152578351,0.0073855383491119265,-0.0026155426805703256,0.0,-0.00010883304786625036,-0.0006922854062162259,0.0,0.03974623518905611,0.028829159922775172,0.0012642089077822976,0.0,0.0,0.0,0.007320480050520045,0.0,0.0,0.0,0.0,0.0,0.001195496548357897,-0.00019619499866664516,0.0,-0.0026471358669025434,-0.0001800087616183103,0.0,-0.002455588491969639,-0.0006474909582046776,0.0003797890803947802,0.0,0.0,-0.00011181828076671246,0.0,0.0,0.0016924868883013968,0.0,0.0,-1.0524512732205065e-05,5.9530677936784504e-05,0.0,0.0,0.0,0.004084809783197954,-0.0003251498956067496,-0.00681055743374964,-0.0017042608206612928,0.0002839263789432221,-0.0012594974318484954,0.009809002083954903,0.0,0.0,0.0,0.0,0.0,0.0,0.0,0.0,0.0,0.0,0.0,0.0,0.0
2025-07-16,0.0,0.0,0.00032957748363165236,0.002568686149335462,0.0,0.0,0.0,0.0,0.0,-0.00019268015518368644,0.0,0.012599223636502618,0.0,0.0,0.0,-0.0005570003715012358,0.0,0.06364768285762848,0.0,0.04367926336709203,0.0,0.010520649652938929,0.007366874440749942,0.0,0.0,0.0,0.0,0.0,0.0,0.0,-0.008749394878867165,-0.005231592849075346,0.0029330062218159863,0.008360618203669009,0.008721218323594305,0.005529975244247231,0.0,-0.0005272189399152307,-0.00011099836907312239,-0.001862995621448441,-0.0033576987039872453,0.0,-0.002489634546858794,-0.006228840674632436,-0.000865785051693893,0.0,0.0,0.0010170238987222847,-0.0010708564411324886,0.002643195152578351,0.0073855383491119265,-0.0026155426805703256,0.0,-0.00010883304786625036,-0.0006922854062162259,0.0,0.03974623518905611,0.028829159922775172,0.0065491018032089315,0.0,0.0,0.0,0.007320480050520045,0.0,0.0,0.0,0.0,0.0,-0.00031425736473378535,-0.00019619499866664516,0.0,-0.0026471358669025434,-0.0001800087616183103,0.0,-0.002455588491969639,-0.0006474909582046776,0.0003797890803947802,0.0,0.0,-0.00011181828076671246,0.0,0.0,0.0016924868883013968,0.0,0.0,-1.0524512732205065e-05,5.9530677936784504e-05,0.0,0.0,0.0,0.004084809783197954,-0.0003251498956067496,-0.00681055743374964,-0.0017042608206612928,0.0002839263789432221,-0.0012594974318484954,0.009809002083954903,0.0,0.0,0.0,0.0,0.0,0.0,0.0,0.0,0.0,0.0,0.0,0.0,0.0
2025-07-23,0.0,0.0,0.00032957748363165236,0.002568686149335462,0.0,0.0,0.0,0.0,0.0,-0.00019268015518368644,0.0,0.012599223636502618,0.0,0.0,0.0,-0.0005570003715012358,0.0,0.06364768285762848,0.0,0.04367926336709203,0.0,0.010520649652938929,0.007366874440749942,0.0,0.0,0.0,0.0,0.0,0.0,0.0,-0.008749394878867165,-0.005231592849075346,0.0029330062218159863,0.008360618203669009,0.008721218323594305,0.005529975244247231,0.0,-0.0010022107912997318,-0.00011099836907312239,-0.001862995621448441,-0.0033576987039872453,0.0,-0.002489634546858794,-0.006228840674632436,-0.000865785051693893,0.0,0.0,0.0010170238987222847,-0.0010708564411324886,0.002643195152578351,0.0073855383491119265,-0.0026155426805703256,0.0,-0.00010883304786625036,-0.0006922854062162259,0.0,0.03974623518905611,0.028829159922775172,0.0065491018032089315,0.0,0.0,0.0,0.0055715082886320195,0.0,0.0,0.0,0.0,0.0,-0.00031425736473378535,-0.00019619499866664516,0.0,-0.0026471358669025434,-0.0001800087616183103,0.0,-0.002455588491969639,-0.0006474909582046776,0.0003797890803947802,0.0,0.0,-0.00011181828076671246,0.0,0.0,0.0016924868883013968,0.0,0.0,-1.0524512732205065e-05,5.9530677936784504e-05,0.0,0.0,0.0,0.004084809783197954,-0.0003251498956067496,-0.00681055743374964,-0.0017042608206612928,0.0002839263789432221,-0.0012594974318484954,0.009809002083954903,0.0,0.0,0.0,0.0,0.0,0.0,0.0,0.0,0.0,0.0,0.0,0.0,0.0
2025-07-30,0.0,0.0,0.00032957748363165236,0.002568686149335462,0.0,0.0,0.0,0.0,0.0,-0.00019268015518368644,0.0,0.012599223636502618,0.0,0.0,0.0,0.005275305644605758,0.0,0.06364768285762848,0.0,0.04367926336709203,0.0,0.010520649652938929,0.007366874440749942,0.0,0.0,0.0,0.0,0.0,0.0,0.0,-0.008749394878867165,-0.005231592849075346,0.0027845613332002786,0.008811744544773523,0.008721218323594305,0.005529975244247231,0.0,-0.0010022107912997318,-0.00011099836907312239,-0.001862995621448441,-0.003993680433591675,0.0,-0.002489634546858794,-0.006228840674632436,-0.000865785051693893,0.0,0.0,0.0010170238987222847,-0.0010708564411324886,0.002643195152578351,0.0073855383491119265,-0.0026155426805703256,0.0,-0.00010883304786625036,-0.0006922854062162259,0.0,0.03974623518905611,0.028829159922775172,0.0065491018032089315,0.0,0.0,0.0,0.0055715082886320195,0.0,0.0,0.0,0.0,0.0,-0.00031425736473378535,-0.00019619499866664516,0.0,-0.0026471358669025434,-0.0001800087616183103,0.0,-0.002455588491969639,-0.0006474909582046776,0.0003797890803947802,0.0,0.0,-0.00011181828076671246,0.0,0.0,-0.0005565237350314072,0.0,0.0,-1.0524512732205065e-05,-2.393376235417659e-05,0.0,0.0,0.0,0.004084809783197954,-0.0003251498956067496,-0.007947941783994225,-0.0017042608206612928,0.0002839263789432221,-0.0012594974318484954,0.009809002083954903,0.0,0.0,0.0,0.0,0.0,0.0,0.0,0.0,0.0,0.0,0.0,0.0,0.0
2025-08-06,0.0,0.0,0.00032957748363165236,0.002568686149335462,0.0,0.0,0.0,0.0,0.0,-0.00019268015518368644,0.0,0.012599223636502618,0.0,0.0,0.0,0.005275305644605758,0.0,0.06070831472114141,0.0,0.04252569459582936,0.0,0.009413010734623646,0.007366874440749942,0.0,0.0,0.0,0.0,0.0,0.0,0.0,-0.008749394878867165,-0.005231592849075346,0.0027845613332002786,0.008811744544773523,0.008721218323594305,0.005529975244247231,0.0,-0.0004947109268468655,-0.00011099836907312239,0.000902075667946992,-0.0038306991367615282,0.0,0.002003582901073414,-0.004917934691694144,-0.000865785051693893,0.0,0.0,0.0010170238987222847,0.0021325662698406366,0.002643195152578351,0.0073855383491119265,0.0016153513086401361,0.0,-0.00010883304786625036,0.0006022146465338709,0.0,0.03974623518905611,0.02830015171832022,0.0065491018032089315,0.0,0.0,0.0,0.0055715082886320195,0.0,0.0,0.0,0.0,0.0,-0.00031425736473378535,-0.00019619499866664516,0.0,-0.0026471358669025434,-0.0001800087616183103,0.0,0.0001639601011718858,-0.0006474909582046776,0.0003797890803947802,0.0,0.0,-0.00011181828076671246,0.0,0.0,-0.0005565237350314072,0.0,0.0,-1.0524512732205065e-05,5.9530677936784504e-05,0.0,0.0,0.0,0.004084809783197954,-0.0003251498956067496,-0.007947941783994225,-0.0017042608206612928,0.0002839263789432221,-0.0012594974318484954,0.008532439582771788,0.0,0.0,0.0,0.0,0.0,0.0,0.0,0.0,0.0,0.0,0.0,0.0,0.0
2025-08-13,0.0,0.0,0.00032957748363165236,0.002568686149335462,0.0,0.0,0.0,0.0,0.0,-0.00019268015518368644,0.0,0.011749920824969114,0.0,0.0,0.0,0.005275305644605758,0.0,0.06070831472114141,0.0,0.04252569459582936,0.0,0.009413010734623646,0.007366874440749942,0.0,0.0,0.0,0.0,0.0,0.0,0.0,-0.008749394878867165,-0.005231592849075346,0.0027845613332002786,0.008811744544773523,0.008721218323594305,0.005529975244247231,0.0,0.0005946429923901322,-0.00011099836907312239,0.000902075667946992,-0.0038306991367615282,0.0,0.002003582901073414,-0.004917934691694144,-0.000865785051693893,0.0,0.0,0.0010170238987222847,0.0021325662698406366,0.002643195152578351,0.0073855383491119265,0.0016153513086401361,0.0,-0.00010883304786625036,0.0006022146465338709,0.0,0.03974623518905611,0.02830015171832022,0.0065491018032089315,0.0,0.0,0.0,0.0055715082886320195,0.0,0.0,0.0,0.0,0.0,-0.00031425736473378535,-0.00019619499866664516,0.0,-0.0026471358669025434,-0.0001800087616183103,0.0,0.0001639601011718858,-0.0006474909582046776,0.0003797890803947802,0.0,0.0,-0.00011181828076671246,0.0,0.0,0.0016924868883013968,0.0,0.0,-1.0524512732205065e-05,5.9530677936784504e-05,0.0,0.0,0.0,0.004084809783197954,-0.0003251498956067496,-0.007149286447305698,-0.0017042608206612928,0.0002839263789432221,-0.0012594974318484954,0.008532439582771788,0.0,0.0,0.0,0.0,0.0,0.0,0.0,0.0,0.0,0.0,0.0,0.0,0.0
2025-08-20,0.0,0.0,0.00032957748363165236,0.0018775657692893868,0.0,0.0,0.0,0.0,0.0,-0.00019268015518368644,0.0,0.01032889220279978,0.0,0.0,0.0,0.005275305644605758,0.0,0.059393968483733656,0.0,0.04012933478625804,0.0,0.009413010734623646,0.007366874440749942,0.0,0.0,0.0,0.0,0.0,0.0,0.0,-0.008749394878867165,0.0028509275893954947,-0.0045737361525066186,0.004524628821718002,0.008721218323594305,0.005529975244247231,0.0,0.0005946429923901322,-0.00011099836907312239,0.000902075667946992,-0.0024378007672191263,0.0,0.002003582901073414,-0.004917934691694144,-0.000865785051693893,0.0,0.0,0.0010170238987222847,0.0021325662698406366,0.002643195152578351,0.0073855383491119265,0.0016153513086401361,0.0,-0.00010883304786625036,0.0006022146465338709,0.0,0.03974623518905611,0.02830015171832022,0.0065491018032089315,0.0,0.0,0.0,0.0055715082886320195,0.0,0.0,0.0,0.0,0.0,0.001195496548357897,-0.00019619499866664516,0.0,-0.0026471358669025434,-0.0001800087616183103,0.0,0.0001639601011718858,-0.0006474909582046776,0.0003797890803947802,0.0,0.0,-0.00011181828076671246,0.0,0.0,0.0016924868883013968,0.0,0.0,-1.0524512732205065e-05,5.9530677936784504e-05,0.0,0.0,0.0,0.004084809783197954,-0.0003251498956067496,-0.007149286447305698,-0.0017042608206612928,0.0002839263789432221,-0.0012594974318484954,0.008532439582771788,0.0,0.0,0.0,0.0,0.0,0.0,0.0,0.0,0.0,0.0,0.0,0.0,0.0
2025-08-27,0.0,0.0,0.00032957748363165236,0.0018775657692893868,0.0,0.0,0.0,0.0,0.0,-0.00019268015518368644,0.0,0.01032889220279978,0.0,0.0,0.0,0.005275305644605758,0.0,0.059393968483733656,0.0,0.04012933478625804,0.0,0.009413010734623646,0.007366874440749942,0.0,0.0,0.0,0.0,0.0,0.0,0.0,-0.008749394878867165,0.0028509275893954947,-0.0045737361525066186,0.004524628821718002,0.008721218323594305,0.005529975244247231,0.0,0.0005946429923901322,-0.00011099836907312239,0.000902075667946992,-0.0024378007672191263,0.0,0.002003582901073414,-0.004917934691694144,-0.000865785051693893,0.0,0.0,0.0010170238987222847,0.0021325662698406366,0.002643195152578351,0.0073855383491119265,0.0016153513086401361,0.0,-0.00010883304786625036,0.0006022146465338709,0.0,0.03974623518905611,0.02830015171832022,0.0065491018032089315,0.0,0.0,0.0,0.0055715082886320195,0.0,0.0,0.0,0.0,0.0,0.001195496548357897,-0.00019619499866664516,0.0,-0.0026471358669025434,-0.0001800087616183103,0.0,0.0001639601011718858,-0.0006474909582046776,0.0003797890803947802,0.0,0.0,-0.00011181828076671246,0.0,0.0,0.0016924868883013968,0.0,0.0,-1.0524512732205065e-05,5.9530677936784504e-05,0.0,0.0,0.0,0.004084809783197954,-0.0003251498956067496,-0.007149286447305698,-0.0017042608206612928,0.0002839263789432221,-0.0012594974318484954,0.008532439582771788,0.0,0.0,0.0,0.0,0.0,0.0,0.0,0.0,0.0,0.0,0.0,0.0,0.0
2025-09-03,0.0,0.0,-0.001150290040910473,0.0018775657692893868,0.0,0.0,0.0,0.0,0.0,-0.00019268015518368644,0.0,0.01032889220279978,0.0,0.0,0.0,0.005275305644605758,0.0,0.05873202972352928,0.0,0.04031138112917779,0.0,0.008688839771406595,0.007366874440749942,0.0,0.0,0.0,0.0,0.0,0.0,0.0,-0.008007441147548084,0.0011928969136943328,-0.0045737361525066186,0.004524628821718002,0.008721218323594305,0.00455022988516081,0.0,0.0005946429923901322,-0.00011099836907312239,0.000902075667946992,0.001287240730876008,0.0,0.002003582901073414,0.00814441326560888,-0.000865785051693893,0.0,0.0,0.0010170238987222847,0.003386161857303122,0.002643195152578351,0.007844905836038023,0.0016153513086401361,0.0,-0.00010883304786625036,0.001038384715806152,0.0,0.03798141797623411,0.02830015171832022,0.0065491018032089315,0.0,0.0,0.0,0.0055715082886320195,0.0,0.0,0.0,0.0,0.0,-0.00031425736473378535,-0.00019619499866664516,0.0,-0.0026471358669025434,-0.0001800087616183103,0.0,-0.00011219194540547791,-0.0006474909582046776,0.004635024328684334,0.0,0.0,-0.00011181828076671246,0.0,0.0,0.0016924868883013968,0.0,0.0,-1.0524512732205065e-05,-0.0006216656779876191,0.0,0.0,0.0,0.004200972115617935,0.0005177858714945219,-0.007149286447305698,-0.0007886945750590448,0.0002839263789432221,-0.0010795616482272233,0.008532439582771788,0.0,0.0,0.0,0.0,0.0,0.0,0.0,0.0,0.0,0.0,0.0,0.0,0.0
2025-09-10,0.0,0.0,-0.001150290040910473,0.0018775657692893868,0.0,0.0,0.0,0.0,0.0,-0.00019268015518368644,0.0,0.01032889220279978,0.0,0.0,0.0,0.005275305644605758,0.0,0.05940627442170724,0.0,0.04031138112917779,0.0,0.008688839771406595,0.007366874440749942,0.0,0.0,0.0,0.0,0.0,0.0,0.0,-0.008007441147548084,0.0011928969136943328,-0.0045737361525066186,0.004524628821718002,0.008721218323594305,0.00455022988516081,0.0,0.0005946429923901322,-0.00011099836907312239,0.000902075667946992,0.0016063240962104867,0.0,0.002003582901073414,0.00814441326560888,-0.000865785051693893,0.0,0.0,0.0010170238987222847,0.003386161857303122,0.002643195152578351,0.007844905836038023,0.0016153513086401361,0.0,-0.00010883304786625036,0.001038384715806152,0.0,0.025972954066599357,0.02830015171832022,0.0065491018032089315,0.0,0.0,0.0,0.0055715082886320195,0.0,0.0,0.0,0.0,0.0,-0.00031425736473378535,-0.00019619499866664516,0.0,-0.0026471358669025434,-0.0001800087616183103,0.0,-0.00011219194540547791,-0.0006474909582046776,0.004635024328684334,0.0,0.0,-0.00011181828076671246,0.0,0.0,0.0016924868883013968,0.0,0.0,-1.0524512732205065e-05,0.0002499349766603285,0.0,0.0,0.0,0.004200972115617935,0.0005177858714945219,-0.007149286447305698,-0.000879600222850538,0.0002839263789432221,-0.0010795616482272233,0.008532439582771788,0.0,0.0,0.0,0.0,0.0,0.0,0.0,0.0,0.0,0.0,0.0,0.0,0.0
2025-09-17,0.0,0.0,-0.001150290040910473,0.0018775657692893868,0.0,0.0,0.0,0.0,0.0,-0.00019268015518368644,0.0,0.01032889220279978,0.0,0.0,0.0,0.000978515001304075,0.0,0.05940627442170724,0.0,0.02616148741552823,0.0,0.008688839771406595,0.007513086015257431,0.0,0.0,0.0,0.0,0.0,0.0,0.0,-0.008007441147548084,0.0027565563209746196,-0.0045737361525066186,0.004073502480613488,0.008721218323594305,0.00455022988516081,0.0,0.0005946429923901322,-0.00011099836907312239,0.000902075667946992,0.0016063240962104867,0.0,0.002003582901073414,0.00814441326560888,-0.000865785051693893,0.0,0.0,0.0010170238987222847,0.003386161857303122,0.002643195152578351,0.007844905836038023,0.0016153513086401361,0.0,-0.00010883304786625036,0.0012456672749176995,0.0,0.02811165211520695,0.031567452572968405,0.0065491018032089315,0.0,0.0,0.0,0.0055715082886320195,0.0,0.0,0.0,0.0,0.0,-0.00031425736473378535,-0.0004314235572774396,0.0,-0.0026471358669025434,-0.0001800087616183103,0.0,-0.00011219194540547791,-0.0006474909582046776,0.004635024328684334,0.0,0.0,-0.00011181828076671246,0.0,0.0,-0.0005565237350314072,0.0,0.0,-1.0524512732205065e-05,0.0002499349766603285,0.0,0.0,0.0,0.004200972115617935,0.0005177858714945219,-0.007609212770438167,-0.000879600222850538,0.0002839263789432221,-0.0010795616482272233,0.008532439582771788,0.0,0.0,0.0,0.0,0.0,0.0,0.0,0.0,0.0,0.0,0.0,0.0,0.0
2025-09-24,0.0,0.0,-0.001150290040910473,0.0003329088156143686,0.0,0.0,0.0,0.0,0.0,-0.00019268015518368644,0.0,0.010187718658639884,0.0,0.0,0.0,0.000978515001304075,0.0,0.058083806002744,0.0,0.011164920580427066,0.0,0.007746459157296703,0.007750323512988044,0.0,0.0,0.0,0.0,0.0,0.0,0.0,-0.008007441147548084,0.028306264144044167,-0.0045737361525066186,-0.0034964323760672575,0.008577850820202619,0.00455022988516081,0.0,0.0005946429923901322,0.0005648781662776132,0.000902075667946992,0.0016063240962104867,0.0,0.002003582901073414,0.00814441326560888,-0.000865785051693893,0.0,0.0,0.0010170238987222847,0.003386161857303122,0.002643195152578351,0.007587048881715011,0.0016153513086401361,0.0,-0.00010883304786625036,0.0012456672749176995,0.0,0.040120116024841695,0.031567452572968405,0.0065491018032089315,0.0,0.0,0.0,0.0055715082886320195,0.0,0.0,0.0,0.0,0.0,-0.00031425736473378535,-0.0004314235572774396,0.0,-0.0026471358669025434,-3.32232329115882e-05,0.0,-0.00011219194540547791,-0.0006474909582046776,0.004635024328684334,0.0,0.0,-0.00011181828076671246,0.0,0.0,-0.0005565237350314072,0.0,0.0,-1.0524512732205065e-05,0.0002499349766603285,0.0,0.0,0.0,0.004249639665894115,0.0005177858714945219,-0.007609212770438167,-0.0007886945750590448,0.0002839263789432221,-0.0013450023932330543,0.008532439582771788,0.0,0.0,0.0,0.0,0.0,0.0,0.0,0.0,0.0,0.0,0.0,0.0,0.0
2025-10-01,0.0,0.0,-0.001150290040910473,-0.0016691050923046322,0.0,0.0,0.0,0.0,0.0,0.00022489481835319872,0.0,0.010187718658639884,0.0,0.0,0.0,0.000978515001304075,0.0,0.058083806002744,0.0,-0.012638697892324207,0.0,0.003406970372434485,0.00825032373204903,0.0,0.0,0.0,0.0,0.0,0.0,0.0,-0.008007441147548084,0.028925725233235586,-0.002564433118235154,-0.004198894589396637,0.007995779463304492,0.005200859226143505,0.0,0.0005946429923901322,0.0005648781662776132,0.000902075667946992,0.0016063240962104867,0.0,0.0024834606297803306,0.00814441326560888,0.0014889430101480401,0.0,0.0,0.0010170238987222847,0.003386161857303122,0.002643195152578351,0.007588488108384632,0.0016153513086401361,0.0,-0.0005419800771651485,0.0012456672749176995,0.0,0.040120116024841695,0.031567452572968405,0.0065491018032089315,0.0,0.0,0.0,0.0055715082886320195,0.0,0.0,0.0,0.0,0.0,-0.00031425736473378535,-0.0004314235572774396,0.0,-0.0026471358669025434,-3.32232329115882e-05,0.0,-0.00011219194540547791,-0.0006474909582046776,0.004635024328684334,0.0,0.0,-0.00011181828076671246,0.0,0.0,0.0016924868883013968,0.0,0.0,-1.0524512732205065e-05,0.0002499349766603285,0.0,0.0,0.0,0.004133477333474135,-0.0003251498956067496,-0.0073017925663926555,-0.0017042608206612928,0.0002839263789432221,-0.0013450023932330543,0.008532439582771788,0.0,0.0,0.0,0.0,0.0,0.0,0.0,0.0,0.0,0.0,0.0,0.0,0.0
