,∆ Salmon (NOK/KG) 1w,∆ Salmon (NOK/KG) 2w,∆ Salmon (NOK/KG) 1m,∆ Salmon (NOK/KG) 3m,∆ Salmon (NOK/KG) 6m,∆ Salmon (NOK/KG) 12m,Acc 1w,Acc 1m,RVol 4w,RVol 13w,RVol 52w,Spread (FP - SSB),∆ Spread (FP - SSB),FWD 1m,∆ FWD 1m,FWD 3m,∆ FWD 3m,FWD 6m,∆ FWD 6m,FWD 12m,∆ FWD 12m,FWD Slope,FWD Curvature,∆ Export Volume 1w,∆ Export Volume 2w,∆ Export Volume 1m,∆ Chilean Exports 1w,∆ Chilean Exports 2w,∆ Chilean Exports 1m,∆ Chilean Exports 3m,∆ Total Biomass Monthly,∆YOY Total Biomass Monthly,Avg Weight (KG) Monthly,YOY Avg Weight (KG) Monthly,Harvest Intensity 1m Monthly,Harvest Intensity 3m Monthly,Loss Rate 1m Monthly,Loss Rate 3m Monthly,Loss Rate 6m Monthly,Smolt Release 2m Monthly,Smolt Release 3m Monthly,Smolt Release 4m Monthly,Smolt Release 5m Monthly,Smolt Release 6m Monthly,Smolt Release 7m Monthly,Smolt Release 8m Monthly,Smolt Release 9m Monthly,Smolt Release 10m Monthly,Smolt Release 11m Monthly,Smolt Release 12m Monthly,Smolt Release 13m Monthly,Smolt Release 14m Monthly,Smolt Release 15m Monthly,Smolt Release 16m Monthly,Smolt Release 17m Monthly,Smolt Release 18m Monthly,ISA Outbreak,ISA Outbreak 1m,ISA Outbreak 3m,Lice Outbreak,Lice Outbreak 1m,Lice Outbreak 3m,Sea Temp,Sea Temp 12m Avg,∆ EURNOK,∆ EURNOK 1w,∆ EURNOK 2w,∆ EURNOK 1m,∆ EURNOK 3m,∆ EURNOK 6m,∆ EURNOK 12m,CPI NO Monthly,NIBOR 3m,∆ Shrimp Price (Global) 1m Monthly,∆ Shrimp Price (Global) 3m Monthly,∆ Shrimp Price (Global) 6m Monthly,∆ Shrimp Price (Global) 12m Monthly,∆ Broiler Price (EU) 1w,∆ Broiler Price (EU) 2w,∆ Broiler Price (EU) 1m,∆ Broiler Price (EU) 3m,∆ Broiler Price (EU) 6m,∆ Broiler Price (EU) 12m,∆ Pig Price (EU),∆ Pig Price (EU) 1w,∆ Pig Price (EU) 2w,∆ Pig Price (EU) 1m,∆ Pig Price (EU) 3m,∆ Pig Price (EU) 6m,∆ Pig Price (EU) 12m,Meat CPI (EU) Monthly,∆ Fishmeal 1m Monthly,∆ Fishmeal 3m Monthly,∆ Fishmeal 6m Monthly,∆ Fishmeal 12m Monthly,Brent FWD Slope,Brent FWD Curvature,Soybean FWD Slope,Soybean FWD Curvature,Month_01,Month_02,Month_03,Month_04,Month_05,Month_06,Month_07,Month_08,Month_09,Month_10,Month_11
2022-01-05,0.00038771308934118054,0.0009260492123843595,-0.00016525179290877162,-0.0027012141915586287,-0.0003810091055247116,0.0006718054935616467,0.0,8.765013137594272e-05,2.8760888093568387e-07,0.00022533472075362805,-0.0002822226749211859,2.0652418106000185e-05,-0.0008993681310033182,0.02566901724640874,0.00419571479338715,0.006422347210988297,0.00010609073013694805,-0.003619845049351404,-0.00023302093736906842,0.0004741330816551569,-2.4915114098448342e-05,3.7467010356242325e-05,-0.001723435382179467,0.0,-2.1533747628391177e-05,0.00016418763219200436,4.6452593146179385e-05,0.00022486910326912203,0.00042851032506133424,9.590862848793654e-05,8.800046319012704e-05,0.001604607289301733,0.0033863465599930404,0.0008548525336445899,0.004090420018310559,0.00030962583379195524,0.001358160523425242,0.00098136533492228,2.941890152165756e-05,7.269967302155524e-05,0.0010833396756642,-0.001962582324026396,0.005139783881500441,4.5089246110839554e-05,4.225899474288601e-05,-0.0014169741839449746,0.0016037254988916932,0.0015225877258610142,-0.00023736956978398589,-0.0007097944163305366,-0.0002965693559992071,-0.0001950545832734161,0.0015073550251465712,-0.0017817882225484689,5.146588891424234e-05,0.00035807916013903785,-0.0007930628797236155,0.0027350819133746527,0.0021689334406950023,0.00043012808856340113,0.000348038632718272,0.0,0.0007220137844229255,-0.0003741828989870212,0.00024028651078420777,-0.0005453963019634791,-0.001188985710109064,6.656749540118691e-05,0.0005403864077511016,-0.00018651992516408898,-0.000549900836888448,-0.0005554665921082677,-0.0002832290330577247,0.002621789827056844,-0.0002659668974784342,-9.529604196592927e-06,0.0006770292214761517,-0.0003022949206672866,2.1271320317327008e-05,0.00010223803142801238,-0.002641877823471249,-0.00028872685458710675,-0.0002503212886384163,-0.0013211560517718919,-0.00024647388509401797,-0.0015111845239356354,-0.00019998828643230936,-0.0007504821910330033,0.00020606528091482703,5.097265263251312e-05,0.0006832285322933493,-0.0012429006136365187,-0.001086128807184467,-0.0003285607310891568,-9.527911801093697e-05,-0.0002831017579005234,-0.00038883867165383766,5.1380730343907055e-05,-0.0008148477145211942,0.0,0.0,0.0,0.0,0.0,0.0,0.0,0.00018492081849067537,0.0,0.0,-0.00022155383821705112
2022-01-12,-0.0006374101938704191,0.0003406942074058347,-0.00010650759524248635,-0.0023503371364491424,-0.0004072124697147152,0.0006855299953693322,0.0,1.6942634370768367e-05,2.8760888093568387e-07,-3.4216815270141326e-05,-0.00015733388602255492,0.000472326932001273,-0.00039093684026953845,0.02455544393652712,-0.001413500590934647,-0.0009515150056054371,8.830215743477417e-05,-0.0027191429012995054,9.61870416555224e-05,0.0005049735786704901,-1.814808205735952e-05,3.9849456819531236e-05,-0.0017489534608153775,0.0,-2.1533747628391177e-05,0.00016418763219200436,-1.9734460843214722e-05,7.74845057741067e-06,-5.56141580794755e-05,-6.006806514659605e-05,0.0005332546252554864,0.0015643961486764555,0.0034739648544903664,0.0009039273787828832,0.0028138191618933164,0.00030962583379195524,0.0012242335448704527,0.00098136533492228,2.941890152165756e-05,-0.00011268689474457885,0.0010405554957347628,-0.0026904923448344727,0.004926531325962236,-0.0001815280126696561,4.225899474288601e-05,-0.00097662318242985,0.0016037254988916932,0.001738054541717283,-0.0004338354689663196,-0.0008493970873645984,-0.0002965693559992071,-0.001029256952374689,0.0012830563324071707,-0.0017820558803398681,2.7891866162916132e-05,0.0003526727837902335,-0.0007930628797236155,0.0030449314384835384,0.002412995237378136,0.00043012808856340113,0.00023344626232919474,0.0,0.0005682053693656936,0.0004343445358284114,-0.0006961856644724053,0.0003130775832687672,0.0001584030339635729,-0.0001105277559062104,-0.0003389164130153412,-0.00018651992516408898,-0.0008728036766677323,-0.0005554665921082677,0.0004086299152601139,0.0019776842291262782,-0.0002659668974784342,-9.529604196592927e-06,0.0006484166309182722,-0.00013953056153587608,0.00036513673417949076,-7.885424465082847e-05,-0.0036108149979271263,-0.000582512911269962,-0.0003973769649984742,-0.0007204719387822819,-0.00024647388509401797,-0.0014829777580017715,-0.0007971731725884987,-0.0007504821910330033,0.0002252604359715337,0.00017603405696325517,0.0007971283115596442,-0.0011364987241039256,-0.000777847342591523,-0.0009038290789583488,-9.527911801093697e-05,-0.00023093818077402626,-0.00038883867165383766,-9.252820608948623e-06,0.0008159705967696767,0.0,0.0,0.0,0.0,0.0,0.0,0.0,0.00018492081849067537,0.0,0.0,-0.00022155383821705112
2022-01-19,-0.0008496425604274521,-0.000412318823990582,-0.00025384211037358495,-0.002098952024159353,-0.0004425033929530294,0.0007874383854689168,0.0,5.380807428410303e-06,2.8760888093568387e-07,0.00022533472075362805,-0.0003970437082243074,0.00036134850754411513,-0.0011427621528828874,-0.017583203167956113,-0.002233899144475008,-0.00021456955843455333,-0.00025050637531976393,-0.003392303489727277,-0.0006541288718089886,-0.0023537830026030544,-1.814808205735952e-05,-0.00023015788480554693,-0.0011196963878628348,0.0,-4.630495683842625e-05,-4.846762108408798e-07,-1.9734460843214722e-05,7.74845057741067e-06,-0.0003050617150923853,0.000176667555513414,0.0005748765475698299,0.001472452628096623,0.004017409569487586,0.0012763507806602702,0.0026403918329303104,0.00030962583379195524,0.0006391875545208431,0.0008278506924760966,2.941890152165756e-05,7.269967302155524e-05,0.0009519204364693155,-0.0026963687529703902,0.005015245336131922,-0.0001543719964482913,4.225899474288601e-05,-0.0011065005763895104,0.0016037254988916932,0.0010337399066238982,-0.0006570937479240464,-0.0014517596014036066,-0.0004578188851646365,-0.0009011888673546663,0.0012830563324071707,-0.0018025252457762864,1.7130772129684937e-05,0.0003526727837902335,-0.0007930628797236155,0.0023667376384410885,0.001256094894809854,0.00043012808856340113,6.342069088936196e-06,0.0,0.0007081022205957112,0.0003282432123955193,9.826820152728581e-05,-0.0010389262369404966,-0.0005240386013709194,-0.00014760384734159105,-0.0003196867496834432,2.4720681844824207e-05,-0.00016354689942875444,-0.0005554665921082677,0.0005092093690142773,0.002094726826254754,-0.0002659668974784342,0.0001931071633252121,0.0004940553714106876,-0.00013953056153587608,0.00019289944979091112,-7.885424465082847e-05,-0.0038926644326681085,-0.00042907552886705004,-0.0004836759402511813,-0.0012962929370546692,-0.00023437691134188887,-0.0011337453189266987,-0.00019998828643230936,-0.0010100967797635307,0.0009642972634215363,-0.00021464064047317855,0.0009411811206980736,-0.0012527423143665881,-0.0008836932017531064,-0.0006225366800081092,-9.527911801093697e-05,-0.00023093818077402626,-0.00044750238840406164,5.1380730343907055e-05,0.0007163731443838269,0.0,0.0,0.0,0.0,0.0,0.0,0.0,0.00025379127069628414,0.0,0.0,-0.00022155383821705112
2022-01-26,0.00035765569601949553,-0.000412318823990582,0.00022590934307982282,-0.001878151135596171,-0.0004425033929530294,0.0006457815009409571,0.0,-4.8058028872851416e-06,2.8760888093568387e-07,0.00022533472075362805,-0.0003970437082243074,0.000169378340884286,-0.0008504003233084955,-0.014184384918275797,0.00042642866712689893,-0.0002114858828452095,8.830215743477417e-05,-0.003442089129254808,9.61870416555224e-05,-0.0017467421860425263,-1.814808205735952e-05,3.7467010356242325e-05,-0.0013971776007005528,0.0,8.82210732437553e-05,-4.846762108408798e-07,-1.9734460843214722e-05,-4.2754927874658934e-05,-6.966542813063219e-05,-0.0009346627821840107,0.003159253382735437,0.0029753612627448434,0.002891939884021113,0.0012449179687881434,-0.000569464972765712,0.00030962583379195524,0.0004802489630253719,0.0008278506924760966,2.941890152165756e-05,7.269967302155524e-05,0.0007535593913489845,-0.003077855471861849,0.005407115335625418,-0.0005888525911386719,4.225899474288601e-05,-0.0012476173819662636,0.0005049191201277937,0.0011710003746543318,-0.0005840753796300952,-0.0014410422464660537,-0.0004578188851646365,-0.0007730883671018203,0.0012830563324071707,-0.0018666790181527798,1.7130772129684937e-05,0.0003526727837902335,-0.0007930628797236155,0.003605681040185471,0.0004546152427365971,0.00039949177598894007,0.00023344626232919474,0.0,0.0007229645427259931,0.0002796507634311253,0.00011812846386295311,0.0005080074863117931,0.00019264722096762137,-3.095337756534345e-05,-0.0003389164130153412,2.4720681844824207e-05,-1.658063080861813e-06,-0.0005554665921082677,0.0003578839648511632,0.0008628397674465096,-0.0003343354864598499,0.000266985259093195,0.0004940553714106876,0.000527197829450543,0.00010865421601464472,-0.0007126970956868035,-0.003522797516486054,-0.00015917720562372119,-0.0003175094973805506,-0.0009729407053399225,-0.00032716671346593476,-0.0010461915998450015,-0.0007971731725884987,-0.0010100967797635307,0.0009451021083648297,-4.18765921380738e-05,0.0011310992227687123,-0.0018989610233418328,-0.0014108102061406603,-0.0007813261587544265,-9.527911801093697e-05,-0.0003471219918493669,-0.0028322788568885724,-9.252820608948623e-06,0.0006906855812106802,0.0,0.0,0.0,0.0,0.0,0.0,0.0,0.00025379127069628414,0.0,0.0,-0.00022155383821705112
2022-02-02,0.0005151626770460568,-0.00012424040010548405,0.00027049999816564487,-0.0014667085663817552,-0.0001265677138872457,0.0011093943819651057,0.0,-7.749923813522901e-05,-0.0004578533879997023,0.0005852441542206514,-5.89435482025085e-05,-0.0007497443547323528,-0.0009567797159473965,-0.004136193267054182,0.002561781898897943,4.724219706267018e-06,8.830215743477417e-05,-0.004143560855203144,0.00023601923654740904,0.00042598049365495227,-1.981260561229901e-05,0.0007447446168549234,-0.0015225819362414132,0.0,-0.00010853316687527151,0.00013817820780332704,2.8674545269681654e-05,8.986892465167226e-05,4.166432680074253e-05,-6.068260737201668e-05,0.00350663254068608,0.0025016227546713252,0.003012829274361567,0.001189455673447378,-0.0003518104921604788,0.000371153716704201,-8.51557697601313e-05,0.0007517377743413789,2.941890152165756e-05,7.269967302155524e-05,0.0006243901012475939,0.00978185407984571,0.004456543425516765,0.002761408595552762,-0.00019981584173846132,-0.0007119520774369608,0.0003809515669300729,0.0070318089014037065,-0.00024203874676873404,-0.001396373431446091,0.0008192598677701152,-0.000858421650265188,0.0014884001813592674,0.0040763187924183885,6.072800532186695e-06,0.00039890665738544185,-0.00073432110544426,0.003359641521542762,0.000712486676165804,0.00020470982434491242,0.0002653981995741675,0.0,0.0003993859856761902,0.0002609046705211966,-0.00022471814418903967,0.0005029196873920452,-1.3370003548840166e-05,0.00022856748010581553,0.0004195457468522284,-0.00018808970172405005,-7.142202481135147e-05,8.990581849064902e-05,0.0005525380119657821,0.00040738298619498936,0.00030821569850413363,0.00019334735065792486,-0.0005809263636324167,-0.00015505234920781103,-7.171437232261188e-05,7.988367042924103e-05,-0.002098003932217026,-0.00038449210964897556,-0.0005215258413193205,-0.0008781119954208178,-0.0003392636872180639,-0.0011631702333366584,-0.0001983404554492554,-0.0006842010932972987,0.0001527267532520992,-4.18765921380738e-05,0.0011311204065548512,0.003018075007397108,-0.001392417037731554,-0.00026164557351723443,0.00015480088966501643,1.6840275853684033e-05,-0.0009675026325246612,3.62321081234744e-05,0.0009364277103550822,0.0,0.0,0.0,0.0,0.0,0.0,0.0,0.00025379127069628414,0.0,0.0,-0.00022155383821705112
2022-02-09,-0.0008407090866359809,-0.0003857557385186436,0.00015466641669388683,-0.0009565782767048974,0.0004364809247336058,0.0010912498297543246,0.0,-6.731262781953355e-05,-0.0004578533879997023,0.000508443505690877,-5.89435482025085e-05,0.00039610150972002546,-0.0009080014376528034,-0.005252638873463513,-0.0019021538060963825,-0.005395080997975885,8.830215743477417e-05,-0.004208328205176386,0.000195962840046824,-0.0030577158203520427,-1.981260561229901e-05,0.0003089965378510177,-0.0005494811169706754,0.0,1.9709874552533132e-05,-0.00034479160322162564,2.8674545269681654e-05,7.91887400998677e-05,9.797442403642733e-05,-0.00013768419433617628,0.0029360308865275376,0.0025016227546713252,0.0029177362790944635,0.0013916597063098743,-0.00047698460548693675,0.000371153716704201,0.00021041538125494538,0.0007060106345076445,2.941890152165756e-05,-0.0001156238949913842,0.0007029807926435846,0.009248048182541355,0.005039299607198328,0.0026411512684842604,-0.00019981584173846132,-0.0008023039196910981,0.0003809515669300729,0.006495412656983112,5.1155286754164393e-05,-0.0015739048968472097,0.0008192598677701152,-0.000730321150012342,0.0014884001813592674,0.004263509111498169,1.3960245036163691e-05,0.00039890665738544185,-0.00073432110544426,0.0038679873576962886,-0.0014589116402376283,0.00020470982434491242,0.0002653981995741675,0.0,0.0005633636251801898,0.0005552172170143282,-1.7065418471488415e-05,-0.0010180109015715602,0.0007926198167294946,-0.00021554629767664833,0.0004195457468522284,-0.0005223708930659761,1.1216915708882062e-05,8.990581849064902e-05,-0.00011493049434609733,0.0002553564188934661,0.00030821569850413363,0.00019334735065792486,-0.0005809263636324167,0.00025544725595795054,-4.2869504595330715e-05,7.988367042924103e-05,-0.0021424424061822025,-0.00018404146683809056,0.00045271289765798557,-0.001062164824987466,-0.00032716671346593476,-0.0011631702333366584,-0.0003886328043047985,-0.0006842010932972987,0.00017192190830880586,-8.957923614243645e-05,0.0011606812033273808,0.002239191960865024,-0.0012864499144247701,-0.0007226137446544196,7.46468511068922e-05,1.6840275853684033e-05,-0.0009675026325246612,6.942083218419816e-05,0.001249263954920858,0.0,0.0,0.0,0.0,0.0,0.0,0.0,0.00025379127069628414,0.0,0.0,-0.00022155383821705112
2022-02-16,-0.0010595340433866764,-0.00021233564814311396,-0.0003608678952955425,-0.001324934690708903,-0.0003010404615274886,0.0007917877157117963,0.0,-6.731262781953355e-05,0.0002444279103021901,0.0005852441542206514,0.00018431286239062544,-0.0009717204639565209,-0.000995700812047433,-0.025842762303996614,-0.0026800990025807507,-0.011006712464774745,-0.00025050637531976393,-0.002405115925112558,-0.0007655277926181985,-0.0082899896749143,-1.981260561229901e-05,0.0007529574554903012,-0.00024174455592124752,0.0,-4.630495683842625e-05,-0.00015244677032322387,2.8674545269681654e-05,3.9761995844244294e-05,1.837839251501968e-05,-0.00010778230139655664,0.0038824011627745796,0.0009914742523680234,0.002970441129962184,0.001528782064655656,-5.440192144624434e-05,0.000371153716704201,-0.0001641200033413414,0.0007660142251200922,2.941890152165756e-05,6.97626727747499e-05,0.00037950370902713177,0.00847721723725997,0.004355249813939561,0.0021115246342264804,-0.00019981584173846132,-0.0009792614292281584,0.0003809515669300729,0.0063414204231138395,-7.886292869831968e-06,-0.0010987074571508202,0.0005792911025349094,-0.000858421650265188,0.0014884001813592674,0.0037882553129127737,-1.478563516117646e-05,0.0009960016714244866,-0.0011090455065685414,0.0017724323772203726,-0.001716746919494417,0.0002859887402315872,0.00020545496229175728,0.0,0.0004120080888529839,-0.0008170441972962732,-0.00017525543423040844,0.00032996045810921784,0.000408044321115304,0.00022856748010581553,0.0005573067056002344,-0.0008840153378092906,-0.0004945333245215662,0.00020997401285100106,0.0007242892340504502,0.0005165654872326269,0.00040290999158390924,0.00019334735065792486,-0.0003623953480964875,0.00023718364840747915,-2.4813026372531242e-05,7.988367042924103e-05,-0.0028388193485492817,-0.00042907552886705004,-0.00020544141520299376,-0.0005457366519247126,0.0016700436693869699,0.00038096581980896207,-0.00014958870858642503,-0.0006842010932972987,0.000610628973670126,4.00615935099662e-05,0.0017406744541145608,0.002892216494979049,-0.001526407658685253,-0.0005096916278977005,0.00016471107274271168,-0.0002485283486132886,-0.0008868396385132629,0.0003181060537344836,-0.0012336437157871476,0.0,0.0,0.0,0.0,0.0,0.0,0.0,0.00025379127069628414,0.0,0.0,-0.00022155383821705112
2022-02-23,-0.0002315601388414096,-0.00021233564814311396,0.0004017191914033845,-0.0007675637459883514,-0.00044287544614384384,0.0008597716242965995,0.0,-1.912175119730926e-05,0.0002444279103021901,0.0008558596183165213,0.00018431286239062544,-0.0013443329207588014,-0.000995700812047433,-0.0385894725176422,-0.002570521294629575,-0.01097879497499024,-0.00025050637531976393,-0.002397283991847304,-0.0009036055989542044,-0.008623136027149684,-3.388815050567607e-05,0.0009925282854729139,-0.0014079002665978867,0.0,-8.907129981266463e-05,-0.00015244677032322387,2.8674545269681654e-05,-1.034407825755985e-05,-1.7869533511865797e-05,-0.00010778230139655664,0.003775459855784437,0.0011828932244933082,0.004212811345393606,0.0015446782783546291,-0.0011184848636694817,0.000371153716704201,-0.0001641200033413414,0.0007202870852863578,2.941890152165756e-05,6.97626727747499e-05,0.00029044251074026396,0.009457891550805925,0.004355249813939561,0.0019300298505389116,-0.00019981584173846132,-0.0004912670609409967,0.0005101641612718584,0.004999426093815781,-0.0004252435649491816,-0.0018916346244702918,0.0005826160387476491,-0.0006237633798715626,0.0014884001813592674,0.0037882553129127737,4.569090285068799e-06,0.0007529479521956601,-0.0013799780988609793,0.0017724323772203726,-0.0016518017694539917,0.00020470982434491242,-8.580024923715648e-05,0.0,0.0004120080888529839,-0.0005283422324198937,-0.00017525543423040844,0.000546750485634572,6.632952553807512e-05,0.00028329273479859825,0.0005798763968753773,-0.0008744234825464219,-0.001096687238897533,0.00020997401285100106,0.0007228336489374712,0.00028203239873877674,0.0002657776945192866,0.00019334735065792486,-0.0008516257544308499,-0.00039256822606017247,-0.0003594494339871627,7.988367042924103e-05,-0.001821865077145657,-0.00040448456277910385,0.00020390845116199848,-0.0009285051375021451,0.0016700436693869699,-0.0011770182858501198,-0.0004187681421895347,-0.0006141431391570552,0.000610628973670126,-4.18765921380738e-05,0.0016351902681697073,0.002892216494979049,-0.0015191602341943149,-0.00030546155469699735,0.00024486511130083593,-0.0002485283486132886,-0.0010389425349706396,0.0003181060537344836,0.001220449745463972,0.0,0.0,0.0,0.0,0.0,0.0,0.0,0.00025379127069628414,0.0,0.0,-0.00022155383821705112
2022-03-02,0.00022916741962252334,-0.0004261949555216088,0.0005993107533366565,-0.0005691726069291651,-0.00044287544614384384,0.0005286607254670304,0.0,-6.731262781953355e-05,0.0002444279103021901,0.0004973795776187765,-0.00015378729763117346,-0.001017017834907181,-0.00010937388706907354,-0.03729208625669944,-0.002331035751252676,-0.010394766322267988,0.0001921744854557317,-0.002194821983049241,0.0004899738311262728,-0.00801077351854702,-6.711098616649349e-05,0.0009914852593080569,-0.00024174455592124752,0.0,-4.1360628624925094e-05,-0.00015244677032322387,2.8674545269681654e-05,-0.0001172697825409015,-0.0007536063329231571,-0.00010778230139655664,0.0029455095585050246,0.0010850487884261036,0.004156847747903486,0.00013387140138657516,-0.0011958707984067519,0.00025652515335645656,0.0001373507959566024,0.0007660142251200922,2.941890152165756e-05,0.00010742363065249381,0.0006667721942055184,0.008138920055680622,0.0039575428834253915,0.0018905736526635564,9.67184149727231e-05,-0.001399106722324706,-0.0005318718027248834,0.006325164746322283,0.0004055829583523347,-0.0017673859836344515,0.0007782882708647767,-0.0002758744364110767,0.0015965114478314296,0.0006703418029863952,5.445394903706888e-05,0.0007455878365564604,-0.0014178119537945713,0.0017724323772203726,-0.0020217865659103254,0.0002859887402315872,0.00010128651305985355,0.0,0.0005361579837482569,3.556297165856529e-06,-0.00031571569131751706,-0.0004918215143740987,0.0006846356623723912,0.00018232032241567806,0.0004195457468522284,-0.0008744234825464219,-0.00042885184420519084,0.00020997401285100106,-0.00022096381367384853,0.0009395254828520463,0.0001355324078284594,0.0002199699546202261,-0.000889299548443283,0.0002399652233754463,-0.0005549083670245932,-0.0006341093160466064,-0.0014181198965546743,0.00010288642071860826,-0.0003175094973805506,0.0009730194167631624,0.002186273660709427,0.002730655745320508,-0.0010994001793563383,-0.0017012649312883577,0.00026990537057644786,-0.00022358598272306047,0.0010909746975906612,-0.0014055487113373139,-0.0016124005344219541,-0.0014186927181646272,7.773598159221246e-05,0.0005257891165100797,-0.0013649537136754416,0.00023658585903766992,0.0012321787324488108,0.0,0.0,0.0,0.0,0.0,0.0,0.0,0.00025379127069628414,0.0,0.0,-0.00022155383821705112
2022-03-09,0.00029086215367345506,0.0009589378289274114,0.00027211888090476245,0.00011786759372963672,-0.0003159221200619914,0.00029255874122873876,0.0,-7.749923813522901e-05,0.0002444279103021901,0.0003651153665662842,1.6792171732279504e-05,-0.0006550259920456819,0.00014870757902339982,-0.03715998618520919,0.003259210256900762,-0.010646078787280666,0.0001921744854557317,-0.0017783238736374136,0.0004159893204037878,-0.007944829901508426,-6.711098616649349e-05,0.0007647302972153649,-0.0002878722774609899,0.0,-4.1360628624925094e-05,1.8053014028622127e-05,2.8674545269681654e-05,-0.00031076233187183927,-0.0007536063329231571,-1.749051815269455e-05,0.0030484426438613568,0.0008850029779914804,0.003757292639672829,3.136493243265071e-06,-0.0021223790841780224,0.0006043211843702845,0.0002336659533751327,0.0006519922986733808,2.941890152165756e-05,0.0005712494632740415,0.000676655850699215,0.006188474153656974,0.004300387833197729,0.0018412908951899844,9.67184149727231e-05,-0.001399106722324706,-0.0004503789839293583,0.006889613715351425,-0.0005143145572463762,-9.385471868284673e-05,0.0007782882708647767,-0.00034999314978698365,0.0015965114478314296,0.0013411814943892451,4.750853363193582e-05,0.0006146504333626534,-0.0014178119537945713,0.0008166548711366968,-0.0022165683626896317,0.0002859887402315872,5.797581549491388e-05,0.0,0.0003936233711696523,-0.00020918651928162496,1.3581622009594399e-05,-0.0005511567083740852,0.00041748393731723876,-0.0005113139082511315,-0.0006552225540784174,-0.0013187102246741843,-0.0004480289292172876,0.00026593911180781873,4.3637243031405157e-05,0.0004378495065511434,0.0001150493794242933,0.0002199699546202261,-0.0008944880014852396,0.0002399652233754463,0.00039699761655586675,-3.148367178521116e-05,0.0012605934687377755,0.00012319506627572041,-0.0002886377572465623,-0.00034215709410201573,0.002186273660709427,0.0017963523264962445,-0.0004359357319714504,-0.0011439502480774133,8.205255417045499e-05,0.0021001972240194066,0.00176488140356433,-0.0008321971625421869,-0.0015632647059846709,-0.0014437520447292671,7.773598159221246e-05,-0.0003470606685796869,-0.001777993536926434,0.00023658585903766992,0.0010290586603031947,0.0,0.0,0.0,0.0,0.0,0.0,0.0,0.00025379127069628414,0.0,0.0,-0.00022155383821705112
2022-03-16,0.00035844579380084227,0.0009589378289274114,0.00024304437460826776,-0.000877131311233854,5.0951529259813703e-05,0.001023282594846279,0.0,6.387715500757746e-05,0.0002444279103021901,0.0006357308306621541,1.6792171732279504e-05,0.0001676908121384063,0.0001801366440773663,-0.0032214089023473304,0.003454845018522787,-0.010617586283915058,0.0001921744854557317,-0.0033447194404449777,0.0008587200192751358,-0.008050091826943882,-1.981260561229901e-05,0.0008070772272816341,-0.0003450563162108826,0.0,-5.9497167517368876e-05,4.406243841729943e-05,2.8674545269681654e-05,0.0011952330632655243,0.0005106218772757046,0.0007017217224089092,0.004525486111267169,0.0008850029779914804,0.0034662096547834437,-6.822201579647312e-05,-0.0010928663950330927,0.0006043211843702845,0.00032283884040951237,0.0009596738499873391,2.941890152165756e-05,0.0005712494632740415,0.0007278071928739821,0.006409242963274401,0.004341146372991388,0.002050502243829614,9.67184149727231e-05,-0.0007596801802455128,-0.00043354275812106834,0.007328811917398291,4.568158578925708e-05,-0.00031467256631176983,0.0010939267029204322,-0.00034999314978698365,0.0015965114478314296,0.0013411814943892451,6.679308528908459e-05,0.0009545193622708817,-0.0011468793615021333,0.0020555982728810793,-0.0010364041200188255,0.0002859887402315872,-3.8655642338759075e-06,0.0,0.0003936233711696523,-0.00024147230388917382,0.00014935252491670323,0.0003594943569569604,0.00041748393731723876,-0.0004952747334044428,-0.001443498876103468,-0.0013187102246741843,-0.00023173297779811755,0.0003214794826677387,0.00010739702002044487,9.520490302424078e-05,0.00013355701945273876,0.0002199699546202261,-0.0005809263636324167,0.00025544725595795054,0.0005245458683880328,-3.148367178521116e-05,-0.0008968821823075962,0.00012319506627572041,0.002094275953304955,-0.0010957292238348822,0.0022233794857612925,0.0031875347090450576,0.00028849769098192627,-0.0012140082022176568,7.024593464400903e-05,0.0021001972240194066,0.0024891676032701526,-0.0012626614909300325,-0.0014664690156243323,-0.0005512764728717863,7.773598159221246e-05,-0.0007990984126088675,-0.0012986386144763513,0.00014966495436041007,-8.327173565226878e-05,0.0,0.0,0.0,0.0,0.0,0.0,0.0,0.00025379127069628414,0.0,0.0,-0.00022155383821705112
2022-03-23,0.0002652753304251769,0.0011218783082635343,0.0002475422029315197,0.0001446023489495107,2.2746801182582187e-05,0.0011881070220403549,0.0,6.387715500757746e-05,-0.0004578533879997023,0.0003855969973125045,-0.00020700479940981775,-0.0006550259920456819,-0.001104368490739283,0.015212541176107314,0.0028989209957533545,-0.009016098239367352,0.0001921744854557317,-0.004011947850285577,0.0007669450070025213,-0.002287892894296726,-1.981260561229901e-05,0.0010549651211099887,-0.0007088905856433812,0.0,-2.1533747628391177e-05,0.00016418763219200436,-0.0005184667779842438,-0.0001257216758296227,-0.0007536063329231571,-0.0005205205548265879,0.0034169182105112505,0.0013790208701824549,0.0033087571210348786,0.0007723953362120147,-0.0021176409835764543,0.0006658490672825303,0.001096506263152975,0.0008754678668411666,2.941890152165756e-05,0.0005712494632740415,0.001032084878479389,0.005822423009293282,0.003986864035336063,0.002717418635665368,9.67184149727231e-05,-0.0014790471703767958,-0.00021234675722047507,0.0066210786515985475,-0.0017841690370969817,-0.0007947501128307322,0.0008341670875116408,-6.47130408522433e-05,0.0015965114478314296,0.0013411814943892451,6.299203116384804e-05,0.0009545193622708817,-0.0003924405814061211,0.002912209851612613,-0.0012543792894801201,0.00024152165885608343,3.8294006333908946e-05,0.0,0.000623403674130124,-0.00023867864921245754,-0.0006314830753323346,-0.0009325408043130047,0.0005617908360023246,-0.00033382193208618904,-0.001334674502810802,-0.00018251713998820876,-0.0005887292335250343,8.990581849064902e-05,0.00022591799382403062,0.00013510149128915025,0.00013355701945273876,0.0014543668658616932,-0.0003408468461745166,0.00023718364840747915,-0.0007344552488163156,-2.6646501063146204e-07,-0.0013265261448001026,-0.0014250378569812074,0.0009543862646683643,-0.00042597826885679764,0.0017921032419253781,0.00293658577202543,0.00028849769098192627,-0.0007975884876144742,-0.00013921204237030252,0.002136014204489462,0.001655600587562759,-0.0010063202512458254,-0.0014604729886126314,-0.0006781888512245605,7.773598159221246e-05,-0.00048156621101539754,-0.002657056167860248,0.00014966495436041007,-0.00037824566547876577,0.0,0.0,0.0,0.0,0.0,0.0,0.0,0.00018492081849067537,0.0,0.0,-0.00022155383821705112
2022-03-30,-0.000574053280520913,-0.0004261949555216088,-9.48092414823182e-05,-1.0442013761478535e-05,2.2796026247078482e-05,0.00038612095495336155,0.0,7.406376532327291e-05,0.0002444279103021901,0.00029234128388560177,-0.00010185356150376452,-0.0011286883869620293,0.00034785105073202355,0.0026986296320080814,-0.0013594174326967876,-0.010311218617087755,0.0001921744854557317,-0.0034739919261547636,-0.0013864438107023837,-0.007442182889178,-2.885426728384883e-05,0.0013506483595491746,-0.0002633702458316852,0.0,0.00011172512457147516,-0.00015244677032322387,2.8674545269681654e-05,-8.178436778001689e-05,9.368061349308324e-05,-0.001162775251150779,0.004036818003388704,0.000950048771159779,0.00616711920730225,0.0005505409288584592,-0.001776314081270928,0.0006043211843702845,0.0013543220359627495,0.000964594910330538,2.941890152165756e-05,0.00011649701735367253,0.000784561894528703,0.005185995451410545,0.0043358433129655274,0.0026488038212123498,9.67184149727231e-05,-0.0009529497562401932,-0.00035204993932554324,0.007020113660571503,-0.0015506986406106666,-0.0009223206939577861,0.0010939267029204322,-0.0005321314700481998,0.0015965114478314296,0.0013411814943892451,6.299203116384804e-05,0.0008065096806583532,-0.0011468793615021333,0.0025639441090346063,-0.0011596322506969136,0.00022437521017795638,0.00029031582045790856,0.0,0.0005502888338251657,-2.5935832764975944e-05,0.00014935252491670323,-0.0005127368497430353,0.00013769542981493377,-0.00015983569307870398,-0.0010820650136643003,-0.0008784427760734492,-0.0009572406044137138,8.990581849064902e-05,7.728525086274008e-05,0.00015351524625821777,0.00013355701945273876,0.0014543668658616932,-0.0005809263636324167,-0.0001715119967099748,-0.0008187004825925821,-9.608276512242583e-05,-0.00123538655880675,-0.0012003124405093601,0.001120552707538995,-0.00027410774345653055,0.002308333233247835,0.0031875347090450576,0.00028849769098192627,-0.0007975884876144742,-0.00017555696710882087,0.002239272033358131,0.0018548438881406176,-0.001178204772450944,-0.0018916767286643638,-0.000867164315334004,7.773598159221246e-05,-0.0002911061291290092,-0.001863874118798271,0.00014966495436041007,0.0012744436878791164,0.0,0.0,0.0,0.0,0.0,0.0,0.0,0.00025379127069628414,0.0,0.0,-0.00022155383821705112
2022-04-06,-0.00027992073352132323,6.23991307861279e-05,-4.4786268857912104e-05,0.000781953718271882,-0.00013198136455226187,0.000659561980532484,0.0,5.380807428410303e-06,2.8760888093568387e-07,-0.0003856697322764609,1.6792171732279504e-05,-0.0005323285031334532,-3.93509658927138e-06,-0.009100169322317213,-0.0021857180114609777,-0.008433305739582569,-0.00029668672440587627,-0.0038080609295172846,0.0007893861599807531,-0.006531466410651552,-1.814808205735952e-05,0.0013506483595491746,-0.0002954060517164588,0.0,-4.1360628624925094e-05,-2.4692774360900743e-05,2.8674545269681654e-05,-0.0007405555410509876,0.00029753801049725765,0.00018715854223946225,0.004873729011043939,0.0010045048857228124,0.006937513492954529,0.0019880839068239613,-0.001335618887997357,0.0006043211843702845,0.001279691452796429,-0.00046382822272384637,0.00033158326443452705,7.883605947592862e-05,-2.2542123120406525e-05,0.006872003398429418,0.004974239896992217,-0.0010758713946367518,9.67184149727231e-05,-0.0016214735965784388,-0.0005821075739147161,-0.005440287545548654,-0.0010242865140444703,-0.0011437841178684926,0.0009657081841535139,0.0006230291171552478,0.0014970799582867257,0.0011107733323073615,4.1892267192452745e-05,0.0008121324016541307,-0.0009648563435812338,0.0025473508640567423,-0.002079690328229491,-7.784219013480496e-05,0.00023344626232919474,0.0,0.000732419216315628,0.00012001093248868212,0.00014935252491670323,0.000546750485634572,0.00016631996121247835,-0.00025347883881987366,-0.0009606324841480356,-0.0007315041511446279,-0.0004030179795697995,-0.0005554665921082677,2.4857304675852618e-05,0.00013927521173536992,-0.00016695430224688323,0.0014543668658616932,-0.0003903589910930125,0.0006685123774567252,-0.0004215214849712854,1.2958907890440162e-06,-0.003805793095375496,-0.0008752172573469887,0.0013596558515101013,-0.0002296822269485064,0.0005571231069301218,-0.0005934049847827824,0.00028849769098192627,-0.0007975884876144742,-0.0019612996615711075,0.0015676508605096152,0.0024891676032701526,-0.0012014239275740615,-0.0020293441162589484,-0.0012683287453493415,2.4512993728785482e-05,-0.0004820940945581179,-0.0011019063569953275,7.796147657243812e-05,0.0017941256962872734,0.0,0.0,0.0,0.0,0.0,0.0,0.0,0.00025379127069628414,0.0,0.0,-0.00022155383821705112
2022-04-13,-0.0006443242931193599,8.971951346013486e-05,0.0003266396818524205,-0.00028410547314511146,-0.00039117012176146824,0.0007119529353443819,0.0,-1.4080214841477976e-05,2.8760888093568387e-07,0.0010030090083049483,-0.00015378729763117346,-0.0009452512038099152,-0.0016061445465169579,-0.031155805127884996,-0.002781852450719341,-0.008435389727998751,-0.00029668672440587627,-0.0035450238834504075,-0.0016116898789883712,-0.004468444489865268,-5.5616652804657245e-05,0.0010423446403174232,-7.542246977237459e-05,0.0,-6.444149573087002e-05,1.3166500277765627e-06,2.8674545269681654e-05,0.0007555001549987194,-8.07716877364815e-05,0.00033848695291889986,0.004764276786370074,0.0009287955253292654,0.006869314334651115,0.0005820495655818415,-0.001400585878604865,0.0006658490672825303,0.001024237021019919,-0.001221848908053598,0.00033158326443452705,0.0005335885053962977,0.0002562370466678477,0.006140749826606198,0.004592667223113894,0.0005822327459900927,9.67184149727231e-05,-0.0005946829597230126,-0.0017039125120925107,-0.0037635286742771566,-0.0014213745138222562,-0.00034656437729857666,0.0008989568415734047,0.0004949286169024017,0.0014970799582867257,0.0011625586460729431,4.1892267192452745e-05,0.0007512105575522378,-0.0013862731793940226,0.0017275897439856325,-0.0028691078575252826,-7.784219013480496e-05,-2.6249168499371573e-05,0.0,0.0006593043760106696,0.00012001093248868212,4.281917552996568e-05,0.000546750485634572,0.000408044321115304,-0.00015595796585334332,-0.0013803892558844279,-0.0007315041511446279,-0.0002781121522336373,1.5784335201292704e-05,-3.890247231318707e-05,-0.0002426845597906198,-8.37203111823402e-05,0.0014543668658616932,-0.0007433645178449668,-0.0001743981515249465,-0.00024484168068195485,1.2958907890440162e-06,-0.00320300669824366,-0.0012634615439061914,0.00020390845116199848,-0.0005854875902808806,-0.000254791394968019,-0.001050283948507332,-0.0004359357319714504,-0.0016558444587447283,-0.0013145538458898091,0.0014574609005137717,0.0019962714703684937,-0.0011167901072363902,-0.0023013634390270147,-0.0014357100686583928,2.181968584255407e-05,-0.0004820940945581179,0.0012183174940635646,0.000164882381249698,0.0019273753650471148,0.0,0.0,0.0,0.0,0.0,0.0,0.0,0.00025379127069628414,0.0,0.0,-0.00022155383821705112
2022-04-20,-0.0008196647361001025,8.971951346013486e-05,0.0003266396818524205,8.67365441636483e-05,-0.00038601495082563606,0.0009449953608088922,0.0,3.411066178074632e-05,2.8760888093568387e-07,0.0010030090083049483,-0.00015378729763117346,-0.0005323285031334532,-3.93509658927138e-06,-0.03200621026042283,-0.000849814067282759,-0.008421735053296821,-0.00029668672440587627,-0.0038080609295172846,0.0006334739509891485,-0.0050927569042733154,-3.005265660394111e-05,0.0013260029547688948,-4.2176125075595914e-05,0.0,-4.630495683842625e-05,-2.4692774360900743e-05,2.8674545269681654e-05,3.7000811497323364e-05,0.00029753801049725765,0.00033848695291889986,0.004444861391973097,0.0011843347269292577,0.007571173955301283,0.001696444145102728,0.0028416954749185142,0.0006658490672825303,0.0012053800184644505,-0.001221848908053598,0.00033158326443452705,0.0005335885053962977,0.00025875617318171285,0.006722559948902094,0.004546022084739053,0.0006754971095724561,9.67184149727231e-05,-0.0008399028505716356,-0.0019328105740948304,-0.0029995888418935276,-0.0011550403723380141,-0.0012246838612435466,0.000745223737922532,0.0004949286169024017,0.0014970799582867257,0.0013018895239615118,4.1892267192452745e-05,0.0007512105575522378,-0.001006558800422292,0.0017275897439856325,-0.0031485322082751253,-8.714542694553468e-05,0.0001949814761062526,0.0,0.000732419216315628,-0.00012704721181962996,-5.277191695819844e-05,-0.0004969093132938466,0.000408044321115304,0.000251373634398196,-0.0009606324841480356,-0.0007545130435570209,-0.00046723059238305657,1.5784335201292704e-05,-3.890247231318707e-05,0.0003384948490073801,-8.37203111823402e-05,0.0014543668658616932,-0.0005962560891374863,0.0003709402574215803,-0.0003801760793569825,-0.00017467054476262285,-0.004219960969647284,-0.0008072666034501357,0.0013596558515101013,0.00019061607601559563,0.0011988773713512,-0.0010200826227371317,-0.0004359357319714504,-0.0011439502480774133,-0.0019612996615711075,0.0014574609005137717,0.0022631583105944585,-0.0013236301192955607,-0.0019940114417659476,-0.0016288627053537234,2.181968584255407e-05,-0.0004937493294100712,0.002637585663643113,0.00034794173955332206,0.000730400314282634,0.0,0.0,0.0,0.0,0.0,0.0,0.0,0.00025379127069628414,0.0,0.0,-0.00022155383821705112
2022-04-27,-0.000632703818746529,-0.00047984523719761947,0.00024698901915834416,8.67365441636483e-05,-0.00044287544614384384,0.0007372599662541781,0.0,0.0001067505003387403,2.8760888093568387e-07,0.0003073833709355642,-0.00015378729763117346,-0.00016009383084921325,-3.93509658927138e-06,-0.03302937204182263,0.0015650840013750735,-0.008327428921830303,0.0001921744854557317,-0.0038641066033975402,0.0007934089028513913,-0.004465385214707283,-3.005265660394111e-05,0.0004313087109466709,-5.490879875763101e-05,0.0,-5.9497167517368876e-05,0.0003495504678056444,2.8674545269681654e-05,-9.804050905932334e-05,0.00029753801049725765,0.00033848695291889986,0.005219827929875894,-0.0005795182614429933,0.007463104968484416,0.00015490235999136381,0.002359921514438812,0.0006658490672825303,0.001210465709120329,-0.0013433272787590658,0.00015744029122821029,0.0005712494632740415,0.00020481744480338958,0.006052052038983007,0.005120347965406893,0.0006434300454764691,9.67184149727231e-05,-0.001032286278276685,-0.0019328105740948304,-0.0031290095672104105,-0.0014433025129326395,-0.001026469574653259,0.0008989568415734047,0.0004949286169024017,0.0013932113445395123,0.0013929668081548267,4.1892267192452745e-05,0.0007902398883853529,-0.001006558800422292,0.0017275897439856325,-0.0029120156038533445,-8.714542694553468e-05,0.0001516457535879796,0.0,0.000732419216315628,-8.050019782414867e-05,0.001228285705268022,0.00035440655803721245,0.00043906234126542807,-0.0004016491671003982,-0.0009606324841480356,0.00024149251611551897,-0.00044921211224258225,1.5784335201292704e-05,0.0003063882746140845,0.00015355593221916405,-3.607243217595898e-05,0.0014543668658616932,-0.0005962560891374863,0.0003709402574215803,0.00024515416817840553,1.2958907890440162e-06,-0.0042324168620308375,-0.0009081275462132475,0.0013596558515101013,-0.0006796934009711959,0.001715107362673657,0.003063806264536036,-0.0004359357319714504,-0.0011439502480774133,-0.0019612996615711075,0.0014574609005137717,0.002357541808892051,-0.0010611780958504006,-0.001981604587857199,-0.0012796318647761275,0.00010701588275104884,-0.0005144541627286923,0.002637585663643113,0.00034794173955332206,0.000730400314282634,0.0,0.0,0.0,0.0,0.0,0.0,0.0,0.00025379127069628414,0.0,0.0,-0.000163139898646598
2022-05-04,-0.0006683143191819715,-0.0005071656198716264,0.0001868801253557779,-0.0020046006283337167,-0.00045744868595756517,0.0004746673753046186,0.0,3.411066178074632e-05,-1.546263396015136e-05,-0.00028947927579400237,-0.00015378729763117346,-0.0004462805175835694,-0.0005755445522738319,-0.034366615851481486,-0.0018425742749689517,-0.00847015567841385,-0.00025050637531976393,-0.004852144966377507,0.00044111605312252447,-0.004604990627554706,-3.005265660394111e-05,0.0006661558209672477,0.00015018557191731705,0.0,-0.0004693585804620049,0.0003650887799117305,2.8674545269681654e-05,-0.00016169791450665116,0.00029753801049725765,-0.00014401523335151787,0.0020589825467205503,0.002138381812598529,0.005422207038096242,0.001696444145102728,0.0022157572954914313,0.0006658490672825303,-0.001523724760245138,-0.001267214360624348,0.00015744029122821029,-0.0004448411516915783,-6.197732995813864e-05,-0.0012618757761448233,0.0045264245298944255,0.0018651458346679447,9.67184149727231e-05,-0.001006713491728649,-0.0020044368106309383,-0.004747329717794979,-0.0012029630471713793,-0.0012286367599122592,0.00113294894201444,0.00029942397253899996,-0.0019003021499180966,-0.0009963025239816585,-0.00035644820337033125,0.0007028165472827681,-0.0011950458371522582,0.001631240968852814,-0.0029636043351566788,-0.0002313339236234181,7.66124290531521e-05,0.0,0.0021432789948334858,4.005196683939602e-06,-5.277191695819844e-05,0.0005998918328625768,0.0002449744268152728,-0.000348649098090336,0.00036561756622739564,0.00024149251611551897,-0.0017128113558669514,0.00020997401285100106,0.0003346080164712099,0.0002275638630521707,-0.0001310702469916298,-0.0022913581213194856,-9.419438524469435e-05,0.0003709402574215803,0.0003583790310391708,1.9353046919640864e-05,-0.005000164873508717,0.0015934667248201076,0.0013596558515101013,-0.00020069585270358393,-0.000254791394968019,-0.0010692894669786682,-0.0008177593209590337,-0.0017012649312883577,-0.0019612996615711075,0.0007057817732149176,0.0022144454462771157,-0.0012690007876377523,-0.0022055983934075826,-0.0013449933865065397,-0.00022316219807675606,-0.001222531818282229,-0.0030747227990102198,0.000164882381249698,0.0006857903482435024,0.0,0.0,0.0,0.0,0.0,0.0,0.0,0.00025379127069628414,0.0,0.0,-0.000163139898646598
2022-05-11,0.0004015601994467292,-0.0005071656198716264,0.0002054005096499555,-0.0020046006283337167,-0.0003304953598757128,0.000595002518606139,0.0,-4.8058028872851416e-06,2.8760888093568387e-07,-0.00028947927579400237,-0.00015378729763117346,-0.0003855408233436839,2.2298753415370357e-07,-0.035287160562936355,0.003231688686478762,-0.008420499645801195,8.830215743477417e-05,-0.00543560761296819,0.00025113806050639355,-0.005145514523645212,-3.005265660394111e-05,0.00019067145581360746,-0.0008488597528114178,0.0,0.00039398690061593207,0.0003481674390927336,2.8674545269681654e-05,0.00013865857331251495,-0.0002176923938076404,-0.00014401523335151787,0.0021550189947382088,0.0022195483590758728,0.005732415404908945,0.001565709236959418,0.0026508764910461433,0.0006658490672825303,-0.0012830425298000886,-0.001267214360624348,0.00015744029122821029,-0.0004448411516915783,3.258475194167499e-05,-0.001314253438463843,0.004923726192176017,0.0014311077950709859,9.67184149727231e-05,-0.001006713491728649,-0.0020044368106309383,-0.005220759740976056,-0.0013522699157633687,-0.0012179194049747064,0.0012850187223532137,0.00045587535825856085,-0.0019003021499180966,-0.001025946274857708,-0.00035644820337033125,0.0007028165472827681,-0.0014932818884651935,0.001155359146458837,-0.0029811329716002157,-0.0002313339236234181,7.66124290531521e-05,0.0,0.0021340605286897857,4.24657988556201e-05,0.001228285705268022,0.0005080074863117931,0.00037212071528266755,0.0002316331484557037,0.00036561756622739564,0.00024149251611551897,-0.0004958201027034659,0.00020997401285100106,0.00026470233630208613,0.00018915208674191697,-0.00019943883597304545,-0.0022913581213194856,-5.652059123226129e-05,0.00015590322442016432,-0.0001860747908871,-9.855917974197566e-05,-0.005478828184205904,0.0015360254246236497,0.0006668047550131094,-0.0007382394449593236,-0.000254791394968019,-0.0010746928185953897,0.00031555761364873453,-0.0011439502480774133,-0.001924954736832589,0.0007057817732149176,0.002308828944574708,-0.0012148454295560387,-0.0020680807272561398,-0.0013449933865065397,-0.00022926890071646845,-0.0012369965248662262,-0.0032186036974950413,0.000164882381249698,0.001024383338561782,0.0,0.0,0.0,0.0,0.0,0.0,0.0,0.00025379127069628414,0.0,0.0,-0.000163139898646598
2022-05-18,0.00038060825758428387,0.0009546000983235311,0.00037102791205622515,-0.0020046006283337167,-3.508057763829635e-05,0.0013516943870605274,0.0,-4.8058028872851416e-06,2.8760888093568387e-07,-0.00028947927579400237,8.318840265294238e-05,-0.0003855408233436839,-0.00023494683554283575,-0.014720330771345071,0.0029474226036744584,-0.010587054408524924,8.830215743477417e-05,-0.00543560761296819,0.0005368886657395688,-0.006723176207204964,-1.814808205735952e-05,0.00019067145581360746,-0.0008488597528114178,0.0,4.7858111967596166e-05,0.00011691451348036496,2.8674545269681654e-05,-0.000153765488622571,-0.0002176923938076404,0.0005262872744761786,0.0016614410030338367,0.002264873042490229,0.005335003012949742,0.0014401109251941878,0.0028394820277905654,0.0006658490672825303,-0.0012773727748450004,-0.0010765467750513031,0.00015744029122821029,-0.0004448411516915783,0.00019509214251610908,-0.00223808062414559,0.004509241740962436,0.0019229326327342006,9.67184149727231e-05,-0.0011480117860661794,-0.0010283762900879898,-0.005421793366456911,-0.0016297820817630926,-0.0012179194049747064,0.001269023925172918,0.00044106964470158085,-0.0019003021499180966,-0.001025946274857708,-0.00035644820337033125,0.0008319277501464262,-0.0004502853156686837,0.0014534265189888509,-0.0012694136018593992,-0.0003807073091878088,0.0002610605886313542,0.0,0.00207107789834487,-0.0001205534310271851,0.00017375669019750406,0.00045689274215182955,0.0002603917474113723,0.0003025679037926662,-0.0004861639388834389,0.0007204139681354936,-0.0016300414521928897,8.990581849064902e-05,0.0003179935709719916,9.109325416210879e-05,-0.0002635187844553288,-0.0022913581213194856,0.0002964849355196929,0.00045347534445530917,0.00040728879602831955,-9.855917974197566e-05,-0.005147002853121936,0.002396956293760355,0.0006668047550131094,-0.0004887061687393296,0.0020793775084564526,-0.0011945447042216958,0.0010399910366021112,-0.0012140082022176568,-0.001924954736832589,0.0007057817732149176,0.002469873640789672,-0.0012878323860400134,-0.0020680807272561398,-0.0008008389504447645,-0.00022926890071646845,-0.0012369965248662262,-0.004175353052527187,0.0002610208348760622,-0.0007273882917037697,0.0,0.0,0.0,0.0,0.0,0.0,0.0,0.00025379127069628414,0.0,0.0,-0.000163139898646598
2022-05-25,0.00021265150076211814,0.0018098190925152822,0.0003282409255864674,-0.0004848451965699827,-3.551046606253621e-05,0.0013516943870605274,0.0,-4.8058028872851416e-06,2.8760888093568387e-07,-0.00025375331766276047,-0.00015378729763117346,-0.0003855408233436839,0.00022682965664650034,0.0012958801391230674,0.003028568022960124,-0.010590951885916172,8.830215743477417e-05,-0.005371506725477874,0.0005368886657395688,-0.007273676740358451,-1.814808205735952e-05,0.0006884566872071805,-0.0010121742276186791,0.0,0.00019538336316133622,-0.00048398942403551,2.8674545269681654e-05,-0.000153765488622571,-0.00028930400102133064,-0.00014401523335151787,0.0013550516767259452,0.002242239078915453,0.004023903819334459,0.0013349343222236912,-0.002404715813941259,0.0006658490672825303,0.0008645222389780029,-0.0010457693743127056,0.00015744029122821029,-0.0004448411516915783,0.00016270960671665907,-0.0023646561262136603,0.00497821809300926,0.001804906632936912,9.67184149727231e-05,-0.0010068949804894261,-0.000497529388071266,-0.005685542673167258,-0.0013790751799484515,-0.0008262970476907024,0.001123601381839978,0.0005691701449544269,-0.0019003021499180966,-0.001025946274857708,-0.00034705704861923636,0.0008319277501464262,-0.0008299996946404142,0.0006156993528521293,-0.0002274892466260188,-0.0002553092746594727,0.0002610605886313542,0.0,0.001616035293346443,-5.972218524237944e-05,-0.0006669680352025191,0.00048709215094285647,0.000568554043932451,0.0012594911044737265,-0.00034562772384648415,0.0002216060120553476,-0.0015684024882896724,8.990581849064902e-05,0.00022964334303128504,-0.0005209485566738798,-0.0002635187844553288,-0.00012729419995047,0.0002964849355196929,0.00045347534445530917,0.0009049897956625285,1.9353046919640864e-05,-0.003349036658763114,0.002250495456751228,0.0012712366553969184,-0.0003254090584627836,-0.00037481155009326045,-0.000891493963439714,-9.332589800565693e-05,-0.0007975884876144742,-0.00013921204237030252,0.0011187217840849166,0.0012727817632917624,-0.0013089204160365731,-0.0017807828721648437,-0.0008043883620747429,-0.00022926890071646845,-0.001222531818282229,-0.00257864799553483,7.796147657243812e-05,-6.460689505027056e-05,0.0,0.0,0.0,0.0,0.0,0.0,0.0,0.00025379127069628414,0.0,0.0,-0.000163139898646598
2022-06-01,-0.0002850246553844413,-0.00043182878742118163,-0.00014970056282590218,-0.0006295352673496817,-0.0003488828662569818,0.0006351237631729343,0.0,5.380807428410303e-06,2.8760888093568387e-07,-0.00014706286974559742,8.318840265294238e-05,-0.0010207601092855,-0.0004910811485464369,-0.03486490427879456,-0.0027414705125565764,-0.01087063770990763,-0.00025050637531976393,-0.0051592837702267875,0.00017784775157765915,-0.005328210023988319,-5.5616652804657245e-05,0.0009116108013797348,2.3740650043649686e-05,0.0,-0.0004216479092742654,0.00013383585429936184,-1.9734460843214722e-05,0.0001315397584397707,-5.2192280893879545e-05,0.0014927582102778575,0.0009809784295716315,0.0021837064960128854,0.003946465373673079,9.360714275500422e-05,-0.0014511206809406025,7.86616476773054e-05,0.0006832688684736646,-0.0011929119015551982,0.00015744029122821029,-0.0004448411516915783,4.895059165320114e-06,-0.0020334690572185797,0.004010480244647049,0.0009647937898081493,9.67184149727231e-05,-0.0012241817787375434,9.848662529567928e-05,-0.005980823462363647,-0.0011668130771973892,-0.0008783162110324609,0.0005966936462346807,0.0002638055418970051,0.0012956744841890661,-0.0013046731655430883,-8.354963353726664e-05,0.0006543007499009908,-0.002454699548484974,0.0008535505864070115,-0.0020595669445742266,-0.00024416383720893097,-0.0005122652926312023,0.0,0.00207107789834487,-4.976548857533748e-05,-0.0002864781377971458,-0.0006746639506928558,0.0003160339224637529,0.0002153747872085308,-0.00015213662589842554,0.0007812677184489572,-0.0023148719200792507,0.00020997401285100106,9.800985101981735e-05,0.0031738121193603305,-0.00042412342625398647,0.00014609185885224325,-3.344255867207481e-05,-0.0001743981515249465,-0.000742377353071667,-0.0007126970956868035,-0.004239099062575011,0.0015688757587321613,0.0021688209642240913,-0.000414633178110327,-0.00019980687548048595,-0.0007172264822200759,0.0002998872928605604,-0.0017017001857430269,-0.0019612996615711075,0.000708196893148096,0.0019815339044833083,-0.004061970757411895,-0.001755878329992618,0.00026268678239479005,5.727346532538068e-05,-0.000816126298588096,-0.0013508625858897195,0.0003394260437649798,-0.0009289024525747131,0.0,0.0,0.0,0.0,0.0,0.0,0.0,0.00025379127069628414,0.0,0.0,-0.000163139898646598
2022-06-08,0.0001823585560488997,-0.00043182878742118163,-7.256899877085296e-05,-0.002501995390128238,-0.0003488828662569818,-7.16961254372133e-05,0.0,-4.8058028872851416e-06,2.8760888093568387e-07,-0.0008426885071149818,-0.00022626545902796138,-0.0007497443547323528,-0.0008213016513490966,-0.03584254514769119,0.0010411159963414672,-0.011246494957157436,8.830215743477417e-05,-0.00536711141386725,0.00040642445738477384,-0.005844904885053288,-5.5616652804657245e-05,0.00013963327326164767,0.00030413196929123687,0.0,-0.0004216479092742654,0.00013383585429936184,-1.9734460843214722e-05,-0.00017772776171398304,-0.00024070395299467915,0.0014915866432315677,0.0011742148590041213,0.002264873042490229,0.004302690768705125,0.00022436137274174292,-0.0015533070721117847,1.713376476505961e-05,0.0009744456842144052,-0.001267214360624348,0.00015744029122821029,-0.0004448411516915783,-5.207302223927501e-05,-0.0021625392379661075,0.003058137203616353,0.0007416460883631138,9.67184149727231e-05,-0.0014165652064425927,-0.00026273757326933367,-0.00616027316485063,-0.0012612577809838878,-0.000473655948092125,0.0005966936462346807,0.00013570504164415908,0.0012956744841890661,-0.0013343169164191375,-8.804497927890456e-05,0.0006543007499009908,-0.0019923593896646148,-0.0001631931253798375,-0.0022426258194602916,-0.00031035967593214,-0.0005122652926312023,0.0,0.0016839378689887806,-9.476962891466012e-06,-5.985861388332594e-05,-0.0005434078142968164,-0.00041776445540594326,0.0002577621589475764,-0.0003389164130153412,0.0007732993325009135,-0.0020011558234995937,0.00020997401285100106,4.138552071678101e-05,0.002192283626465619,-0.0005639910558024603,0.00014609185885224325,-0.00016958954496603057,-7.31515484867798e-05,0.0004081938221677433,-0.0007126970956868035,-0.005511828468619606,0.0015360254246236497,0.002220375563325694,-0.0013643903411559679,-0.00019980687548048595,-0.0010256805746187794,-0.0012962551093670973,-0.0017017001857430269,-0.001924954736832589,0.0009379932057837319,0.0015340773537010142,-0.0038992209715133764,-0.0017042692315336733,-0.0004008707738053475,5.727346532538068e-05,-0.000816126298588096,-0.0017830347092805854,0.000164882381249698,-0.00147671894033856,0.0,0.0,0.0,0.0,0.0,0.0,0.0,0.00025379127069628414,0.0,0.0,-0.000163139898646598
2022-06-15,-0.00034654854136402047,-0.0009110995527293402,-3.720140018658486e-05,-0.0022060528926677223,-0.0004057433615751895,-0.00033342487015433934,0.0,-1.4080214841477976e-05,2.8760888093568387e-07,-0.0010411301333094968,-0.00020700479940981775,-0.0008959153078293781,-0.00023969359030892603,-0.03806356455959932,-0.0028530684669888424,-0.00904841726513175,8.830215743477417e-05,-0.005251800485538459,-0.0005281252371558128,-0.00642138695944131,-3.005265660394111e-05,0.00024200610885278541,0.00024372423198773389,0.0,5.139395151671672e-05,-0.0014964463863567194,-1.9734460843214722e-05,1.4036721053153287e-05,-0.00013795377309926387,-0.0012590361630693157,0.0011183206454686086,0.0003864425699633698,0.003195730205489002,-0.00022235951897905937,-0.0016942367691668255,1.713376476505961e-05,0.0008045172733773336,-0.001267214360624348,0.00015744029122821029,-0.0004448411516915783,-0.0004780890102784397,-0.002129383562937208,0.003915053452030922,0.00103522690407512,9.67184149727231e-05,-0.0014165652064425927,-0.00026273757326933367,-0.006253824270471014,-0.0007118863880950186,-0.000473655948092125,0.0008892020562126599,0.00013570504164415908,0.0011793897547043484,-0.0013046731655430883,-8.804497927890456e-05,0.00083102624867912,-0.0016126450106928843,-0.0001631931253798375,-0.004026294096555111,-0.00031035967593214,-0.00029103464802557804,0.0,0.0016598570807147984,3.048015297448935e-05,0.000994670401187192,9.7542526048658e-05,-4.823729700307092e-05,-0.0002836944493029256,-0.0003196867496834432,-0.00029243407523868957,-0.001857573044762577,0.00020997401285100106,9.800985101981735e-05,0.00015297430022162512,-0.0004692967627226847,0.00014609185885224325,-3.344255867207481e-05,0.0003709402574215803,0.0004081938221677433,-7.885424465082847e-05,-0.004298907723904162,0.0015688757587321613,0.0029132266598226857,0.00027363181643080375,0.001929211941475098,0.0003633884612521055,-0.00016293817475932908,-0.0017017001857430269,-0.0019612996615711075,0.0009379932057837319,0.0013229110786516505,-0.0029293583451432555,-0.0019344107569316759,-0.0007349892408778914,5.727346532538068e-05,0.0006889652755550351,-0.004077151788996044,0.00034794173955332206,3.302992127191436e-05,0.0,0.0,0.0,0.0,0.0,0.0,0.0,0.00025379127069628414,0.0,0.0,-0.000163139898646598
2022-06-22,0.00013004026952373587,-0.0005071656198716264,0.0004397817666585357,-0.0026617540883323203,-0.00045247912192657137,0.0005286607254670304,0.0,2.9113570573790378e-05,-1.546263396015136e-05,-0.0010411301333094968,-0.00015378729763117346,-0.0023446768136270407,-0.0011065277231506886,-0.03973529453338366,-0.0024215769063510003,-0.009464403128222047,9.336329775177332e-05,-0.004968643483425235,9.116595978598014e-05,-0.006106992796913285,-3.005265660394111e-05,-0.0011284566496904624,0.00017060072301574965,0.0,-1.2980624632171048e-05,0.00043301960893540404,-1.9734460843214722e-05,-5.878928290149651e-06,-0.00024070395299467915,0.0015416679430117649,-0.0022444601642317647,0.00041985350764063437,0.0005767374174034941,0.0009991012794150985,-0.000963764243254668,7.86616476773054e-05,-0.00012336615617453906,-0.001267214360624348,-0.00020432109356538115,-0.0004071801938138344,-0.00043353286558230883,-0.0021615587692993374,0.002865212540726853,0.0010226487324027373,9.67184149727231e-05,-0.0014165652064425927,-0.00026273757326933367,-0.004844030512615597,-0.0005722844081083104,-0.0007520629860304494,0.0007774017397185039,0.00013570504164415908,0.0011793897547043484,-0.0012378900774872585,-8.354963353726664e-05,0.0008009261890917505,-0.001695670624031257,-0.0001631931253798375,-0.0034339442130995874,-0.00024416383720893097,7.66124290531521e-05,0.0,0.0016839378689887806,-0.00014846668161938887,-7.549482416461437e-05,0.00037564052651692354,5.7290743371254013e-05,0.0002253000129350291,-0.0003389164130153412,0.0002943778804809389,-0.001941490313593467,0.00020997401285100106,0.00022285447289847367,0.0023698274259086475,-0.0004692967627226847,0.00023877405310527758,0.0012934606846312295,0.00015590322442016432,-6.338084897641205e-05,-7.885424465082847e-05,-0.00605600670734571,0.0015357521294972266,0.001475969867727099,-0.00045170208878356487,0.001929211941475098,0.0023435307488298626,-0.0012962551093670973,-0.001189805975075712,-0.001924954736832589,-0.00037293522392770794,0.0012692152889721953,-0.0028895110831648487,-0.0017765295648031047,-0.0005139880791232153,0.00012480188134639562,-0.0006999424875127555,-0.00048827047415623344,0.00034794173955332206,0.0007577423593633194,0.0,0.0,0.0,0.0,0.0,0.0,0.0,0.00025379127069628414,0.0,0.0,-0.000163139898646598
2022-06-29,0.00017684913309735952,-0.00043182878742118163,-0.00018436177256347214,-0.0022284074401140563,-0.0003255257958447189,6.630391609715878e-05,0.0,0.00010175340913178435,-1.546263396015136e-05,-0.00028947927579400237,0.00018431286239062544,-0.0007497443547323528,-0.0009725213826244096,-0.03875969818328201,0.003542596132883137,-0.011320687427864575,8.830215743477417e-05,-0.004968643483425235,0.0004646933059500334,-0.007173554141337534,-3.005265660394111e-05,-3.636040319713391e-05,0.00012447300147600728,0.0,-0.0004888204475246118,0.00013383585429936184,-1.9734460843214722e-05,-0.0003338508106601615,0.00037578368021747114,0.0015416679430117649,-0.0014805964917104226,0.00020904393701109026,-0.00010338145378257142,0.0015075581021589822,-0.0012749304416079348,7.86616476773054e-05,-0.0002060074067044099,-0.001267214360624348,-0.00020432109356538115,-0.0004448411516915783,2.004787622531632e-05,-0.0021719603566822303,0.0030380484004801844,0.00093270798169252,9.67184149727231e-05,-0.0011328484800971303,-0.0003867051264670545,-0.005128600266138139,-0.00034988750090189256,-0.0008675988560949081,0.0013119937121861642,0.00014856232039158366,0.0010993337005830144,-0.001358611112556623,-8.354963353726664e-05,0.0011621829443051622,-0.002315558618701192,-0.00013909142806900493,-0.0018895317269980328,-0.0002553092746594727,7.66124290531521e-05,0.0,0.0011610763920362087,0.0005197156727731226,0.0001411699709700403,0.00033954950032337526,5.7290743371254013e-05,0.0002577621589475764,-0.0003839871372352762,0.0007732993325009135,-0.0017378780232207268,0.00020997401285100106,0.0004894039587542189,-0.00040047843294016723,-0.00017984287270740655,0.00023877405310527758,0.0010864286779578552,0.00015590322442016432,-0.0005485168920898529,-0.00011661633587257251,-0.005511828468619606,0.0014348911867341147,0.001475969867727099,-0.0008222801509982119,-0.0001620015928439731,0.001418668011468617,-0.00016293817475932908,-0.0014352275974252526,-0.001924954736832589,-0.00037293522392770794,0.0013403457740795788,0.0022576712818709846,-0.0014107647412817002,-0.0005139880791232153,3.9605684437900844e-05,-0.0004666287374690421,-0.00048827047415623344,0.000164882381249698,0.0011501324422818794,0.0,0.0,0.0,0.0,0.0,0.0,0.0,0.00025379127069628414,0.0,0.0,-0.000163139898646598
2022-07-06,0.000500026997460626,0.0009546000983235311,-0.00018436177256347214,-0.0011532484750768706,-0.00039561862660836365,-0.00025950105080418354,0.0,-1.9077306048433917e-05,2.8760888093568387e-07,-0.0005689332165494189,0.00018431286239062544,-0.0010359310414667089,-0.0009055955791840665,-0.04104640700908159,-0.0025496303618818216,-0.010674355092358137,8.830215743477417e-05,-0.0023100322641028946,0.000570254047890328,-0.007151920040180389,-3.005265660394111e-05,-0.00017037087412605345,0.0006998314275000386,0.0,0.00024461235208662294,0.00011691451348036496,-1.9734460843214722e-05,-2.1448693707731316e-05,-0.00024070395299467915,-0.0008462979096392843,-0.001672968277239885,0.0018917303789059972,-0.0009319181690775382,0.0016382930103022923,-0.0009577982728732704,1.713376476505961e-05,4.7586537823502965e-06,-0.001267214360624348,-0.00020432109356538115,-0.0004448411516915783,-0.0010196669834844033,-0.0008952053353876126,0.006617095048817654,0.0011199926834878947,0.00020152569592807808,-0.0014269082108165324,-0.0009707272408870084,-0.00562486368596914,-0.001638899580903145,-0.0009843787710293573,-0.002081047292290203,0.00013211010355585034,-0.0022996630126742657,-0.0011233868346132276,0.0002181683156106965,0.0005154597592073556,-0.002543252431896079,-0.0001631931253798375,-0.0009209184647560096,-0.00032921481184797625,-0.0008742696660699559,0.0,-0.0013315217904643507,0.0004231198779236846,-7.056370981607972e-05,-0.00023578836403586332,-0.0005893749389919466,0.0008380444054936161,-0.00021162315959982034,0.0007732993325009135,-0.0018231103014026697,0.00020997401285100106,0.00011592461465596913,-0.0020240848846468434,0.0013329784352129816,0.00015089245767477933,0.0010864286779578552,-7.544183990758747e-05,-0.001092105526592386,-0.0004007978808374744,-0.004020596330130849,0.0015632048011570271,0.001475969867727099,-0.000567720423236339,-0.0001620015928439731,-0.0008622013299702904,-0.0007359529518664904,-0.0014352275974252526,-0.0013278051584138615,-3.315627370023159e-05,0.001381863677689196,0.002069150059432406,-0.0016248524312858855,-0.0004039173389802825,-0.00040720972578612777,-0.0004305960676857507,-0.0026277155290434983,0.00014074079791543258,0.0012063948062635479,0.0,0.0,0.0,0.0,0.0,0.0,0.0,0.00025379127069628414,0.0,0.0,-0.000163139898646598
2022-07-13,0.0005048129415788516,0.0009546000983235311,-0.00029010777818618206,0.0007485222473605709,-0.0002686653005265112,-2.8404466725527334e-05,0.0,3.500455526260508e-06,-1.546263396015136e-05,0.00016241837895120725,0.0003548923317540784,-0.0007345734225511439,0.0006266921421350124,-0.04168219170544954,0.0026118434684202947,-0.010825481229913815,8.830215743477417e-05,-0.003022526422052051,0.0005513750977417124,-0.006858372656646885,-5.5616652804657245e-05,-6.927951103027559e-05,0.0006537037059602961,0.0,-7.818775035196367e-05,0.00014347314447344278,-1.9734460843214722e-05,-0.0001988094901035148,-5.2192280893879545e-05,-0.0007550985205921055,-0.001945062781166614,0.001972896925383341,-0.0008431978793583544,0.0015075581021589822,-0.0011656116183515384,1.713376476505961e-05,4.7586537823502965e-06,-0.0011929119015551982,-0.00020432109356538115,-0.0004448411516915783,-0.0021710428916291314,-0.0007063172426790385,0.0066693453080602415,0.0011168959905496173,0.00020152569592807808,-0.0012829958021261395,-0.0009707272408870084,-0.005604394111999002,-0.0014821372189000588,-0.0009818639676947298,-0.0015373966379048172,0.00013211010355585034,-0.0022996630126742657,-0.0011530305854892768,0.00021367296986905856,0.0005952800820581189,-0.002245016380583144,-0.00013909142806900493,-0.0011311946241954517,-0.00032921481184797625,-0.00109550031067558,0.0,-0.0013315217904643507,0.00038483242401304976,-7.056370981607972e-05,6.857203164609511e-06,-0.00038689290662437866,0.00032505270353716553,-0.00021162315959982034,0.0007732993325009135,-0.0018351062553397378,0.00020997401285100106,0.00015170548807148256,-0.0007217265253089268,0.0013138243926307217,0.00015089245767477933,0.0010864286779578552,-7.31515484867798e-05,0.00029819654545330934,-0.0005767643163891412,-0.002898815171408758,0.0015880690623713966,0.002220375563325694,-0.0004086299973330922,-0.0001620015928439731,-0.0008063967739669436,-0.001212949300301452,-0.0014352275974252526,-0.0013278051584138615,-3.315627370023159e-05,0.0020557703836628647,0.0015794939453758026,-0.0013770543838887974,-0.0007779317474894534,-0.00040720972578612777,-0.000442251302537704,-0.0026277155290434983,0.00014074079791543258,0.0013718874832880192,0.0,0.0,0.0,0.0,0.0,0.0,0.0,0.00025379127069628414,0.0,0.0,-0.000163139898646598
2022-07-20,0.0005048129415788516,0.0018098190925152822,-0.0002478115666229141,0.0018905138193690734,-0.00019372026560670653,0.0003636232015305235,0.0,1.3687065841955953e-05,-1.546263396015136e-05,0.0008861872342523406,0.00018431286239062544,-0.0008958828894723275,-0.0008956901226257643,-0.04004908938349988,-0.0015755569196292145,-0.010847868390509123,8.830215743477417e-05,-0.001747288178120413,0.00044264711615513814,-0.00549259514216296,-3.005265660394111e-05,0.00018508320971242131,0.000734963850330666,0.0,-7.818775035196367e-05,-0.0004685463849196234,-1.9734460843214722e-05,-6.214200871088904e-05,-0.00024070395299467915,-0.0008453903038359677,-0.0037288773102922518,0.001365695493813197,-0.00033166932916052835,0.00016101930837280948,-0.001791674801069932,2.265870702594539e-05,0.0015377647937716737,-0.0011929119015551982,-0.00020432109356538115,6.453621265766412e-05,-0.0014315986719080753,-0.0004111139974514061,0.00679052429963749,0.0015071060518788903,0.00020152569592807808,-0.0015058027237709324,-0.0009707272408870084,-0.005188167936447432,-0.0014921140409895081,-0.0009818639676947298,-0.0014671647814073622,0.00013211010355585034,-0.001747075750685517,-0.0008052832726663582,0.00021367296986905856,0.0005952800820581189,-0.0023580476278535754,-0.0001631931253798375,-0.000524653191847608,0.0002554966260330438,-0.00045034549495462324,0.0,-0.0013315217904643507,0.0001261593831367545,0.0001411699709700403,-0.0002318329956362526,-0.0005565067109941777,-0.00046579792524536296,-0.00021162315959982034,0.0002029270812191981,-0.001641670741884113,0.00020997401285100106,0.0008438642247137263,-0.0008926081985928386,0.000812979182301804,-0.00013165814584797843,0.0010864286779578552,0.00015590322442016432,0.00045975846754827565,0.0003948759458755912,-0.004020596330130849,0.0015632048011570271,0.002220375563325694,-0.000602207021448836,-0.0001620015928439731,-0.0009160541048174722,0.0003346541003901899,-0.0019471218080925675,-0.0013278051584138615,0.00025991494217808916,0.001381863677689196,0.0019430587510356476,-0.001190318792582181,0.00025970411205761994,-0.00040720972578612777,-0.000442251302537704,-0.0026277155290434983,0.0002280701632493276,0.0010495123926832967,0.0,0.0,0.0,0.0,0.0,0.0,0.0,0.00025379127069628414,0.0,0.0,-0.000163139898646598
2022-07-27,0.000500026997460626,0.0010368313448717939,-0.00010319167377621822,0.0013113853298247948,-0.0004770406270093847,0.0009865385017363598,0.0,3.500455526260508e-06,-6.089345458120045e-05,-0.0007007941307059725,0.0003548923317540784,0.00029643249359134695,-0.0008989722187051528,-0.02861696445565837,0.003468228451745179,-0.0002054334414047602,8.830215743477417e-05,0.004384891235556598,0.0005954192154889648,-0.0012751736962084215,-1.814808205735952e-05,0.00033193537658570847,0.0016761909784330893,0.0,5.139395151671672e-05,6.0672847008416846e-05,-1.9734460843214722e-05,0.00013865857331251495,-0.00012831832941662819,-0.0007587257717841256,-0.003146274983141573,0.0013905561087559923,-6.356869493455504e-05,0.0014334265748322862,-0.0014680699542099314,2.265870702594539e-05,0.001174365460738299,-0.001267214360624348,-0.00020432109356538115,-0.00044190415144477297,-0.002106968319887203,-0.00035247602475144043,0.006837780569741744,0.0017081489422231392,0.00020152569592807808,-0.0019803793450460113,-0.0008723981962831933,-0.006183180712472168,-0.001979836356108456,-0.0006664813586032911,-0.0008515119144030325,-0.00018602136247865842,-0.0022996630126742657,-0.000981347283901162,0.0002181683156106965,0.0002484262773920397,-0.0019408284103485795,0.0006858950478950287,0.0016685116264298105,0.0002554966260330438,-0.00032584057265883136,0.0,-0.0013315217904643507,0.0003496284595053066,0.0001411699709700403,7.980998830702952e-05,-0.00045136766728821887,-0.0005472796233652046,-0.00021162315959982034,0.00010713537478302917,-0.00031460347890175386,0.00020997401285100106,0.0006427637123474618,-0.0008889154696518952,0.000830157836508343,-0.00013165814584797843,0.0017215737030178552,0.0005210283483371572,-0.0012625946367981024,-0.0005479865567143016,-0.005030068781324786,0.0015880690623713966,0.001475969867727099,0.0004196507801922111,-0.0001620015928439731,-0.0007918315027037845,0.00017594371515610702,-0.0010888658369623137,-0.0013278051584138615,-0.0009534235041147629,0.003183016800121766,0.0018688486062162812,-0.001158026186592706,0.0006184353808011051,-0.0004637807227276764,-0.00025136923631734567,-0.0030518571417785826,0.0002280701632493276,0.0011288422826733516,0.0,0.0,0.0,0.0,0.0,0.0,0.0,0.00025379127069628414,0.0,0.0,-0.000163139898646598
2022-08-03,0.0003241836842749564,0.00076920283556555,-0.00017671054631853572,0.0015865256721518276,-0.00035254648505353957,0.0006704879687306739,0.0,4.991340726011591e-05,-6.089345458120045e-05,-8.896351934934183e-05,1.6792171732279504e-05,-0.00029862501031265975,0.00030607682375999805,0.03552865257726864,0.004283371929880228,0.00847406736382606,0.00010609073013694805,0.005186962166479396,0.00011447461586533402,-0.0009985335815142664,-2.4915114098448342e-05,-0.0003330447905186517,0.0031366549264651416,0.0,-3.302698677521088e-05,6.0672847008416846e-05,4.1212657552892335e-05,0.0005967282806732106,0.00011202569408758401,0.0002917185297749549,-0.0021422806255470043,0.0013679221451812166,0.00163755886176144,0.0021119768607976482,-0.0017395030453535515,-0.00021739556768712306,0.0011923752258070702,-0.0011686513451976337,-0.00020432109356538115,8.177305972273395e-05,-0.0013214674513476485,-0.0076095862978541205,0.00658621387487237,0.0017904690273718548,0.00037121612315527987,-0.0017202609529157217,-0.001114341226742558,-0.007779518457353398,-0.0012277828137719265,1.5197272515649692e-05,-0.0022998906701665496,0.0003274191515192191,-0.001791156068360358,-0.0021346323439354322,0.00022756411362953122,0.00040016055029650036,-0.001289831071197961,0.00045257867263265636,0.0039051815451636453,0.00018930078730983472,0.0009816941878497505,0.0,-0.000973913967866235,0.00029918768060160813,9.387010683447595e-05,-0.00020177947699947458,-0.0006002242922541658,-0.0005989896119874007,-0.00021162315959982034,0.00010713537478302917,0.0005736020657763049,0.0003214794826677387,0.0012641170361163833,-0.0017695348511749733,0.0014847533089730378,-0.000196418981131012,0.0016332345343453647,-0.0002993901233097341,0.000491891632651176,0.00040111671109553806,-0.002047387865946252,0.00044271448765612395,0.0019822608264052763,-0.0007180455714880087,-0.0002949102364076892,-0.0010583682076597861,5.302275298493895e-05,-0.0010888658369623137,-0.00011399526420538758,-0.0002997247318535776,0.002543724730056127,-0.001100543427911671,-0.0008969575390823852,-0.0003361575204570701,-0.0004637807227276764,-0.00048370149576892234,-0.001773110419796239,3.01868968713133e-06,0.002098223702740869,0.0,0.0,0.0,0.0,0.0,0.0,0.0,-0.002122928688485704,0.0,0.0,-0.000163139898646598
2022-08-10,-0.0004298217579996645,0.00076920283556555,-0.00025384211037358495,0.0014426588881967341,-0.0003524972599890433,0.0005393043907995906,0.0,-2.0794089745058442e-05,-6.089345458120045e-05,-1.6189436668659338e-05,1.6792171732279504e-05,-0.00015507432084574727,-0.001281679120420448,0.010833803171026874,-0.0029600880697664635,0.005281992480788856,0.00010609073013694805,0.0051607207800230875,0.000251375547699063,-0.0005352281414480077,-2.4915114098448342e-05,-0.0003066274115301442,0.003053571509690268,0.0,-4.0224330462985975e-05,6.0672847008416846e-05,4.1212657552892335e-05,-0.00041854935395994674,-5.56141580794755e-05,-5.644309549635902e-05,-0.0031223938878541012,0.0012867555987038726,0.0015881959497199055,0.002118974756213559,-0.0015320128051040586,0.0004099425160998602,0.0009403546243300024,-0.0004466700827372296,-0.00020432109356538115,0.0005365255056431031,-0.000584815104435158,-0.008141853811287009,0.007417676038924895,0.001455544720916334,0.00020152569592807808,-0.0017202609529157217,-0.001114341226742558,-0.007367090926370178,-0.0017036272523710107,7.955931589785577e-05,-0.0027676881464315456,0.0004593094520368221,-0.0015226756522756643,-0.0015491909308777004,0.00022756411362953122,0.0005563320675648928,-0.001704336864342253,0.00042457157029191205,0.0017640775536885698,0.0002554966260330438,0.0009816941878497505,0.0,-0.000973913967866235,0.0002755628465215046,-0.0003222693243490402,-0.0007780703134374126,-0.0005941730047551167,-0.0005989896119874007,-0.00021162315959982034,0.00010713537478302917,0.0004470829237269785,0.0003214794826677387,0.0011705719943847805,-0.0008949752603883754,0.0017459242957142667,-0.00013165814584797843,0.001715289519452839,-0.00017994125466087095,0.0004709725357962511,0.0003948759458755912,0.0006923823187947643,0.00014892843097326868,0.0018160943835346458,-0.0004691848821195275,-0.00037481155009326045,-0.0010023141604461698,0.00010143549585500034,-0.0010888658369623137,0.00045929431265013415,0.00048324694462519155,0.0028127718208046763,-0.0010475176037848773,-0.0015060427148317612,0.00011116831025566871,-0.0004637807227276764,-0.000409214937522308,-0.0014763630486793553,2.7239147009641627e-05,0.001804240678461721,0.0,0.0,0.0,0.0,0.0,0.0,0.0,-0.0022615119583178204,0.0,0.0,-0.000163139898646598
2022-08-17,0.00035322250704815063,-1.0848737505383083e-05,-0.00025384211037358495,0.0011860488794328422,-0.0003088132325576463,0.0011926431463652274,0.0,-2.0794089745058442e-05,-6.089345458120045e-05,-0.00035367826133490517,-0.00015378729763117346,-0.00017292577392591466,0.00031498856362679084,-0.003864386706975162,-0.0028218674953765254,0.00022301221768024842,0.00010609073013694805,0.00522351510558027,0.0004745268645724985,0.00014937084606297582,-2.4915114098448342e-05,0.00026482214371645774,0.002431857782799531,0.0,-7.818775035196367e-05,0.00017447319188823956,2.8674545269681654e-05,0.00018848474653753987,-5.56141580794755e-05,-0.0001467348787402211,-0.0033281738924860723,0.0014072387857923842,0.0012689932687992153,0.002118974756213559,-0.0016370764708985104,0.0006294537803276155,0.0011892064850091513,0.00034961314501279526,-0.00020432109356538115,8.177305972273395e-05,-0.0008708516615403602,-0.00691883822944664,0.006532336208588711,0.0013720459149367482,0.00020152569592807808,-0.00110619652987447,-0.0012350554366061658,-0.005945305069450311,-0.001078108912742425,7.955931589785577e-05,-0.0026660252997440393,-0.000382205875508493,-0.0013771411576454047,-0.0017968024776858376,0.00022756411362953122,0.00040401775813614675,-0.0013246224853705225,0.00013196960302721015,0.001535423260122488,0.00018930078730983472,0.0009816941878497505,0.0,-0.0012340066772076699,0.00025126721292246694,-4.4292642449000095e-05,-0.0009337566506582455,-0.0006030164483739603,-0.0005989896119874007,9.96653756957321e-05,-0.00034811545042309706,0.00043773190662339454,0.0003214794826677387,0.0009851458518619165,-0.00037801792254529333,0.00036978420392535936,-0.00013165814584797843,0.0016866769288949599,-0.0002993901233097341,0.0004709725357962511,0.0003948759458755912,0.00077282306848249,0.0005784216827885427,0.0019822608264052763,-0.0006563087878735849,0.0027861734641577403,0.0027774917506142743,-0.0008358052930493001,-0.0010888658369623137,0.0004956392373886524,0.0008249471338736061,0.0026856734686291333,-0.0013366514883893822,-0.0014914574758056384,-0.00015616643190211955,-0.0004637807227276764,-0.000409214937522308,-0.00209774950912669,0.00014966495436041007,0.0015822444464952598,0.0,0.0,0.0,0.0,0.0,0.0,0.0,-0.0022615119583178204,0.0,0.0,-0.000163139898646598
2022-08-24,0.0004278759030320831,0.0006711819147612378,-0.00017671054631853572,0.0009354415651577665,0.0011142125096683813,-0.00014447394043797928,0.0,0.00010035039055288474,-6.089345458120045e-05,-0.00035367826133490517,-2.0874630715139916e-05,2.6387645480545495e-05,0.00017004699599768578,0.029261001356985682,0.0035545313337318244,0.00824115267587786,0.00010609073013694805,0.0074703268892212914,0.0004323554785716688,0.0019106062165564729,-1.814808205735952e-05,0.00016209727636797082,0.0031366549264651416,0.0,-3.302698677521088e-05,0.00017447319188823956,-1.983778099589263e-05,0.0003174524827226228,-5.56141580794755e-05,-0.0001467348787402211,-0.0021776555673156455,0.0014466061032480373,0.002419719571463687,0.0018647619668561034,-0.001177392062188481,0.00027633967434220513,0.0013452200546533464,0.000251542600580792,-0.00020432109356538115,8.177305972273395e-05,-0.000507819889670025,-0.0071772464233821175,0.00679556837227921,0.0019609252755059406,0.00037121612315527987,-0.001462152616588609,-0.0012350554366061658,-0.007082203921079662,-0.0012543974940268123,-0.00021921736094560968,-0.001900317495701165,0.0002269540206175839,-0.001791156068360358,-0.0012146288970854677,0.00022376305950429464,0.00040016055029650036,-0.00110544972854822,0.00016408704985639775,0.00382395795456919,0.0002554966260330438,0.0008671018174606733,0.0,-0.0012340066772076699,0.00015512300131469744,-0.0006595211151489994,0.00016779041176304685,0.0002852136896279004,-0.0005989896119874007,9.96653756957321e-05,-0.00034811545042309706,0.00044449654500142784,0.0003214794826677387,0.0014198331861388508,-0.0008358173901841795,0.0014847533089730378,-0.00011603683989012572,8.772862805282723e-05,0.0005210283483371572,-0.0006725273230775511,0.0003723389514206983,0.0008898851654941689,0.0005715698046723931,0.0013052674416197969,-0.0006125956230765801,0.002287104955354331,-0.0003749675040583112,-0.0008918443368702511,-0.0009105566113152959,0.0008334115639222992,0.0007501796099117391,0.0019184426151451633,-0.0012409528227201613,-0.0009238210473162989,-0.0002472998353679868,-0.0004637807227276764,-0.0002946686331972806,-0.001310529155274109,0.0001084889487043881,0.0018764686617347291,0.0,0.0,0.0,0.0,0.0,0.0,0.0,-0.002122928688485704,0.0,0.0,-0.000163139898646598
2022-08-31,0.0003484365629299251,0.0006684195653228297,5.8500898256198954e-05,0.00032038226284696747,0.0011142617347328777,-0.0003054970807362296,0.0,2.964289354771039e-05,-6.089345458120045e-05,-0.0005519634748526693,-0.00011288653110729561,0.0003835640832133456,4.192580083859821e-05,-0.003980549809783514,-0.004504707537216515,0.008485200069745699,0.0001921744854557317,0.006756881323914188,0.0005757926635362204,0.013009532725841917,-2.4915114098448342e-05,0.0007287405346989817,0.002431857782799531,0.0,5.139395151671672e-05,-0.0006043107179668696,-1.983778099589263e-05,-0.0007135600498530138,-5.56141580794755e-05,-0.000802930034634069,-0.0034648209420512282,0.0006772468873780899,0.0024752021797076356,0.0012325681313848204,-0.0011585205885626063,0.0004630811967254283,0.0011607319552916554,0.000526146174597585,-0.00020432109356538115,0.00011943401760047786,-0.0008708516615403602,-0.006677499038897422,0.007988720101616923,0.001550938978829683,0.00020152569592807808,-0.0014257884748278354,-0.0012350554366061658,-0.005917482983724144,-0.0001679118210411298,-0.0001602337388598143,-0.002318426887536737,-0.00019457229421857475,-0.0019297284196341533,-0.0014304730466653697,0.00022376305950429464,5.2703648448793495e-05,-0.00110544972854822,-0.001063947680415573,-0.001827196418184297,0.0014969681547486254,0.0009816941878497505,0.0,-0.0012340066772076699,0.0001600887960398989,0.0016803300298787014,-0.0009088859468896982,-0.0006108634827398714,-0.0005941897270162527,9.96653756957321e-05,-0.0007674239772710662,-0.0003306404009804152,0.0003214794826677387,0.00021099560887438392,-0.0011268787645230165,0.00014456093872131993,5.8210263421744975e-05,7.40187501231075e-05,-0.0002993901233097341,-0.0008109091067972778,-0.0006675313974750741,0.0007624863477023905,0.0005228178100184972,0.0013052674416197969,-0.0002569250424964753,0.002659153533929582,0.004585805186537019,0.0010998411137270818,-0.0009105566113152959,0.0004956392373886524,0.0008249471338736061,0.0013004777146629542,0.0006351461154608555,-0.0013014643222837474,-0.0005884025862953621,-0.0003785845258191816,-6.402869273607178e-05,-0.0023752131333839364,0.0001351340045757832,0.001429557316558473,0.0,0.0,0.0,0.0,0.0,0.0,0.0,-0.0023941474060491102,0.0,0.0,-0.000163139898646598
2022-09-07,0.0007505969627969009,0.000636846764832172,-0.00044605662024919804,0.0029348863372202433,0.001199872761684309,-8.17163582218799e-05,0.0,6.319201789909849e-05,0.000620253061668338,-0.0001296198171883102,-0.00016482026723470456,0.00014973783099826398,0.00031434745471258413,0.03143123843620017,0.004992845568752166,0.019305015029903838,0.0001921744854557317,0.006937967870996257,0.0002924169655691843,0.012853580228893425,-1.814808205735952e-05,0.0010894439257279186,0.0032308656402965305,0.0,6.487063812928592e-05,0.0001247176024401725,1.2245973196332915e-05,0.0008783096112480019,-6.89207949186385e-05,0.0002014267465310928,-0.0025647532810171205,0.001155504393807556,0.004123941531130888,0.0012978167850221014,-0.000967673170734368,0.00029567396326379445,0.0006261762202274275,0.00035934845745272143,9.160625740329263e-06,-0.0005638163975875605,0.00018656380969975838,-0.0012612536707804648,-0.012810459874802744,0.0025392984085191323,0.00037121612315527987,-0.001395494149286438,-0.000497529388071266,-0.005850217087299356,0.0003012238575133922,6.003524010076158e-06,0.0005344303357848526,-0.00025009422125322914,0.0011087049865247975,-0.0005073538202284445,-7.795488964366847e-05,0.00021906960951812782,-0.0007116384217330598,-0.0012695100808642165,0.0017215179997811488,0.0011421346048359282,0.0008671018174606733,0.0,-0.0017189895577544828,0.00015512300131469744,-0.0006025052045961321,-3.5154861355912373e-06,5.013438099379308e-05,0.00047076744603519047,0.0003010229515059974,0.0003023973753785567,0.0005048664907703733,0.0003214794826677387,-0.0003866119847352528,-0.002156879089225476,-0.0008515236073779105,-0.00021686192773223825,0.0007740892318702448,0.0005210283483371572,-0.0007899900099423529,0.000288663966415408,0.0004667455949785981,0.0005715698046723931,0.0013970984520274394,0.0008540187537031466,0.0023828542094280545,0.004008417382673833,0.0006070528837110451,-0.0009105566113152959,0.0006597725322681843,0.00020041950316251103,0.0005188621033484515,0.0008250699521260744,0.00035395762543027946,-0.0003613158317549939,3.766921110725412e-05,-0.0002611997338305171,-0.001756195010670829,0.00014101488364016138,0.0018764686617347291,0.0,0.0,0.0,0.0,0.0,0.0,0.0,0.0001893442962300525,0.0,0.0,-0.000163139898646598
2022-09-14,-0.001335421313647182,-0.00014386325978143127,-0.00015974631696681507,0.0029348863372202433,0.0012084452079726745,0.00015608008830946142,0.0,-7.515479106075857e-06,-0.0003965674882545231,-0.0001296198171883102,-0.00016482026723470456,0.00032272985465293036,-0.0009521933429642937,0.031478147093956306,-0.004950620090202262,0.021121538168965642,-0.000502569502273942,0.00621390768915153,-0.0013436538859251247,0.011979108483690108,-2.4915114098448342e-05,0.0009802015722511696,0.003090644185493232,0.0,-0.00010001321658405738,0.0001592547010184267,1.2245973196332915e-05,0.0007740216488009561,-0.0002327054746667014,0.0002014267465310928,-0.002492562968517181,0.0004952357946716465,0.003963578779536533,0.0013048146804380122,-0.0011751345847788993,7.86616476773054e-05,0.0003879830470454436,0.00035934845745272143,9.160625740329263e-06,-0.0005638163975875605,-0.00037549753962533164,-0.0020075805619228964,-0.014034280659039569,0.002429985820620051,0.00037121612315527987,-0.001395494149286438,-0.000497529388071266,-0.006328273073563108,3.851172428974936e-05,0.00017840749454141325,0.0005344303357848526,-0.0008585106240420232,0.0011087049865247975,-0.0005750615536592295,-7.795488964366847e-05,0.00023634433596151283,-0.0008758792337923197,-0.0012706176629534891,0.0018465153505800816,0.0014969681547486254,0.0009816941878497505,0.0,-0.0029699726710678324,0.00015572117507452795,0.0009605941090929117,-0.00022883365847636497,0.00011943714464581777,0.0005271610694214947,-0.0004167368379521324,0.0003023973753785567,-0.0007636226027498146,0.0003214794826677387,-0.0004019255422221035,-0.0020312898930525828,-0.0008482581252316963,-0.00021686192773223825,0.0008992118891844397,-0.00017994125466087095,-0.0006058979366823842,0.0003483312588903634,0.0005346145571791274,0.0007649915951276927,0.0020899495485244314,-4.606757778224211e-05,0.0023828542094280545,0.003937297763414503,0.0006070528837110451,-0.0009105566113152959,0.0006799574012783649,0.00020041950316251103,0.0019943853617110825,0.0009211233659581634,0.000435313594352175,-0.0003613158317549939,3.766921110725412e-05,-6.74517220126767e-05,-0.002805665251153418,0.00014101488364016138,0.0017393680510358318,0.0,0.0,0.0,0.0,0.0,0.0,0.0,0.0001893442962300525,0.0,0.0,-0.000163139898646598
2022-09-21,-0.000917623744706543,-0.00047483093033294326,0.00063915643667754,0.0009885348806388092,0.000505895876240251,0.00014163862479088253,0.0,-7.515479106075857e-06,-0.0003965674882545231,-0.0001296198171883102,-0.00016482026723470456,0.00019162198079006245,-6.327592954649192e-05,0.03264339152459296,-0.003807137813329648,0.019677025926546427,0.0001921744854557317,0.006703594073319086,0.00048008656389990736,0.013854783722496346,-1.814808205735952e-05,0.0010487829043932465,0.002803168841538313,0.0,-3.397208735947399e-06,-0.00018894085064764866,1.2245973196332915e-05,5.9100501986964895e-05,-6.89207949186385e-05,0.0002014267465310928,-0.002513095149754226,0.0006546129238033142,0.004742011424266478,0.0014130925721729968,0.002120351433294112,7.86616476773054e-05,0.0007287715612197561,0.00035934845745272143,9.160625740329263e-06,-0.0005638163975875605,-0.00015509548153264073,-0.0010113755708802477,-0.014074985038909778,0.002409703239108372,0.00037121612315527987,-0.001395494149286438,-0.0008071802891873966,-0.0060665440079818835,-0.0003180302265768657,6.003524010076158e-06,0.0005344303357848526,-0.0009774881948686562,0.0011087049865247975,-0.00055571336702962,-7.795488964366847e-05,0.00023634433596151283,-0.0008758792337923197,-0.0009261795778235308,0.0006333391478038662,0.0011421346048359282,0.00010803002806172252,0.0,-0.0019790822670959175,0.00015572117507452795,5.6877097395423125e-05,3.58857323416747e-05,0.00022022740369381582,0.00037375032181622043,0.000253543401481874,0.00021268367810245147,-0.0006347315623261944,0.0003214794826677387,-0.001026379738507723,-0.001902625283038674,-0.0008482581252316963,-0.00021686192773223825,0.0009700969095638583,0.0005210283483371572,-0.0009131530405215589,0.0003483312588903634,0.0010361626780714562,0.0007072769998048118,0.0013970984520274394,-0.00012519490989466772,0.0023828542094280545,0.004207877899989771,0.0006070528837110451,-0.0012598639292159554,0.0006799574012783649,0.00020041950316251103,0.0006778741339860461,0.000899556287153067,0.00030851821474596345,-0.00027382302824252884,3.766921110725412e-05,-0.0005194894660418572,-0.0018360607945148402,0.00014101488364016138,0.0003691140337409104,0.0,0.0,0.0,0.0,0.0,0.0,0.0,0.0001893442962300525,0.0,0.0,-0.000163139898646598
2022-09-28,0.0006328247287704507,-0.0001724895916631614,-0.0005051061707675823,0.0009885348806388092,0.0004475052276483492,8.552830607670693e-05,0.0,-3.571537100308252e-05,0.000620253061668338,0.0003457276202470719,-2.0874630715139916e-05,0.00019162198079006245,0.0009274056422230305,0.03339933135495861,-0.002705268623316439,0.019819362684507857,0.0001921744854557317,0.006969333021680119,0.00048008656389990736,0.016148079862851383,-1.814808205735952e-05,0.0010487829043932465,0.002803168841538313,0.0,0.00020704518802457412,6.162820165889664e-06,1.2245973196332915e-05,-0.00037893618605007115,-6.89207949186385e-05,0.0002014267465310928,-0.002492562968517181,0.0006546129238033142,0.0042852558614701235,0.0008150945919956676,0.0023888108281988427,7.86616476773054e-05,0.0007081814755349243,0.0006091370827352733,9.160625740329263e-06,-0.0005638163975875605,-0.0004904070300347832,-0.0012913208977185758,-0.011722392284677268,0.002800702421928404,0.00037121612315527987,-0.0014859013649001834,-0.0008071802891873966,-0.005784319131739703,-0.00064830563704992,6.003524010076158e-06,0.0005344303357848526,-0.0009774881948686562,0.0011087049865247975,-0.00055571336702962,-7.795488964366847e-05,0.0003739355046514029,-0.0007116384217330598,-0.0009261795778235308,0.0005978939885484506,0.0014969681547486254,0.00010803002806172252,0.0,-0.0019790822670959175,0.00012924621878397823,0.0034697458098695475,-0.000260365900103592,0.00042194147086269774,0.00043934007095397987,0.000253543401481874,0.0001176074835927173,-0.0006347315623261944,0.0003214794826677387,-1.957724664528493e-05,-0.0020137492978798996,-0.0008443501380316883,-0.00021686192773223825,0.0009700969095638583,0.0005210283483371572,-0.0009131530405215589,-0.00012723484199249135,0.0007296578845923699,0.0006115996120273495,0.0013970984520274394,0.0010375036332206746,0.0023828542094280545,0.004207877899989771,0.0006070528837110451,-0.0007704316369407673,0.0006869138662038404,0.00020041950316251103,0.0006778741339860461,-0.0014034952683996617,0.0006103649434509582,-0.00018949259986538245,3.766921110725412e-05,-0.00047059618043994125,-0.002805665251153418,0.00014101488364016138,-0.00017054220123991789,0.0,0.0,0.0,0.0,0.0,0.0,0.0,0.0001893442962300525,0.0,0.0,-0.000163139898646598
2022-10-05,0.0002136685675678055,-0.00016732983145602905,-0.0006465960729405727,0.001634822725606818,6.893491193729258e-05,0.0010008383760693232,0.0,-8.294805194701122e-05,0.00010141251119792493,0.0002970539238528791,-2.0874630715139916e-05,0.00014973783099826398,0.00021379599650268942,0.03335647923248987,0.0040184424286087836,0.01712285922225287,0.00010609073013694805,0.008226267502560131,0.0004140267370868804,0.014922531957035428,-1.814808205735952e-05,0.0011580252578699956,0.002902379003956395,0.0,0.0004925219478351987,6.162820165889664e-06,0.00010996853198758596,0.00030573893612511114,-5.56141580794755e-05,-0.00041465085759994713,-0.001755923902241727,-0.00028685544899528597,0.0026092346022203654,0.0013750418784137589,0.003059980442829727,7.86616476773054e-05,0.0006261762202274275,0.0008060147023360212,9.160625740329263e-06,0.0001611273875217089,-0.0012003466521100501,-6.673293299849282e-06,0.0042524131590816715,-0.0012229002428599943,-0.00046404516676898296,-0.0016791147274366374,-0.0004079927964635088,-0.0077721433850696095,-0.0015483812361530291,-0.0005332642033914294,0.0008305407081072516,-0.0001363393116335615,0.0010898798370695497,-0.0005049076159868513,-7.795488964366847e-05,0.0002556273797794123,0.00014331051464401665,-0.0003232543726795459,0.0013231846879463932,0.0003470015223161728,0.0013244352879339145,0.0,-0.0021398167344511363,-0.0002075009044898304,4.289503206473668e-05,-0.0006706216841352909,0.00025383441718908014,0.0008059917001431256,-4.995982425026288e-05,0.0001176074835927173,-0.0008305728261148038,0.0006130050385078724,2.743515982078261e-05,0.008585342143792175,0.0014421205170315073,0.000733289871179445,0.00032765082597328735,0.0005210283483371572,-0.00131869153584887,0.00017850829859996996,-0.0010944639634320353,0.0005485635733756627,0.0013052674416197969,-2.4710085162327737e-05,-0.00027738771382886866,-0.0005268494497438472,0.0006070528837110451,-0.0007704316369407673,6.19246660604696e-05,-0.00020648587176546484,-0.00013246901342834066,-0.0007999055556634336,-0.0008151360022584378,-0.00012914157923220898,-1.696531250364774e-05,-0.00046606755502590097,-0.002055049540129447,9.99711314343506e-05,0.0001234408230392302,0.0,0.0,0.0,0.0,0.0,0.0,0.0,0.0001893442962300525,0.0,0.0,-0.000163139898646598
2022-10-12,-0.0013992599356664767,-0.0004725710928419984,0.00012626172269360504,0.0017425536464319553,6.898413700178888e-05,0.0011108683531911563,0.0,0.00020827417958594054,0.00010141251119792493,0.00047847371663784085,-2.0874630715139916e-05,0.0006342744867664078,9.40307224745237e-05,0.033934203810274365,-0.0024873064738994448,0.018129766671161684,-0.00029668672440587627,0.008164438332699342,-0.00026448286551179534,0.014603288720959838,-2.4915114098448342e-05,0.0010469667332640839,0.0030496328931080155,0.0,-0.00018457120976533758,9.76951888033677e-06,0.00010996853198758596,-3.0102966454939587e-05,0.00042851032506133424,-0.00041465085759994713,-0.0016992842821825407,-4.900556025302317e-05,0.0025030129797985394,0.0013386126841717235,0.001347019394066506,7.86616476773054e-05,0.00036640762331171487,0.0008060147023360212,9.160625740329263e-06,0.00045742888614292516,-0.0013143928246602578,0.00034745767940504857,0.00440695152851007,-0.00155442412725853,-0.00046404516676898296,-0.0016791147274366374,-0.0004079927964635088,-0.007493547881259234,-0.0014476683524311704,-0.0005285931846997024,0.0008305407081072516,-0.0001363393116335615,0.0010898798370695497,-0.00017550177916821871,-7.795488964366847e-05,0.0002959219482640104,0.00014331051464401665,-0.0003243619547688186,0.0011838343846809164,0.0010350742457874782,0.0009816941878497505,0.0,-0.0022984932968928935,-0.00020253510976462894,0.0003324929280722896,-4.3575872578237816e-05,0.00036398416806739423,0.0008059917001431256,0.0001868768567641881,8.072639984164887e-05,-0.0011971936013186694,0.0003214794826677387,0.00043376094906451637,0.008221498917224871,0.0014229664744492476,0.000733289871179445,0.00045277348328748226,-0.00017994125466087095,-0.0002827445694109488,-0.00012723484199249135,-0.0019381252697126732,0.0009093077802600038,0.001998118538116789,0.0005929890708727531,-0.00027738771382886866,-0.00044965849712891905,0.0006070528837110451,-0.0007704316369407673,6.19246660604696e-05,0.001253530056519333,0.0006979383359233243,-0.0008066037437245186,-0.0004800403430728924,-0.00012914157923220898,-1.696531250364774e-05,-0.00047059618043994125,-0.001726633124855485,0.00012144722148582982,0.000770809993870837,0.0,0.0,0.0,0.0,0.0,0.0,0.0,0.0001893442962300525,0.0,0.0,-0.000163139898646598
2022-10-19,-0.0013896463476887587,-0.0004725710928419984,0.0003980496099088386,0.001326348128909775,6.898413700178888e-05,0.0011983352797721623,0.0,0.00020827417958594054,0.00010141251119792493,0.00047847371663784085,-7.40921324937842e-05,0.00038954399366546047,0.0002712921295638006,0.032527250494804746,-0.0021223761947187316,0.017916326404948175,-0.00029668672440587627,0.007717809167492668,-0.0005712494327309658,0.008925713787421886,-2.4915114098448342e-05,5.77496886902856e-05,0.003053571509690268,0.0,-0.0006511107309649428,-1.5645392652482052e-05,0.00010996853198758596,0.00014563166910486485,-6.89207949186385e-05,-0.0010352110743026644,-0.002123607718542015,-0.0004861941148943874,0.002384280532879796,0.0013386126841717235,0.0023960812433292144,8.418658993819119e-05,0.0007748014130146683,0.0005571069963093379,9.160625740329263e-06,0.00045742888614292516,-0.0014031708825212343,0.00036964580795656915,0.00440695152851007,-0.0018635867684046285,-0.00046404516676898296,-0.0018805088006493454,-0.0004079927964635088,-0.008112692320362566,-0.0009632581692083135,4.220387088104793e-05,0.0012238598887244871,-0.0001363393116335615,0.0010898798370695497,-0.0014537228763601175,-7.415383551843193e-05,3.0514399954229037e-05,0.00014331051464401665,-0.0006783757896525326,0.0010482411659379588,0.00014843626698459383,0.0009816941878497505,0.0,-9.818077407028759e-05,8.251018955466097e-05,-0.0007734255280544856,-4.3575872578237816e-05,0.0002907657054479748,2.9852333970634416e-05,0.0001868768567641881,8.072639984164887e-05,-0.00107005251065195,0.0003214794826677387,0.00043376094906451637,0.009587078944814701,0.0005489193463607626,0.000733289871179445,0.00045277348328748226,-0.0002993901233097341,0.00036837459615098484,-0.00012723484199249135,-0.0019381252697126732,0.0016953215639109692,0.0022789906873857567,0.0006407463621765979,-0.00027738771382886866,-0.0004486053453683853,-3.9938991050892986e-05,-0.0007704316369407673,6.19246660604696e-05,0.0009960665600402896,-0.0009100681620675746,-0.001810405604361915,-0.0007507341140818917,0.00020000268458279053,1.6579860796412413e-07,-0.00047059618043994125,-0.002055049540129447,0.0001820807724386855,0.0008477118404798262,0.0,0.0,0.0,0.0,0.0,0.0,0.0,0.0001893442962300525,0.0,0.0,-0.000163139898646598
2022-10-26,0.0009717609646971029,-0.0004725710928419984,0.00012626172269360504,0.0012186172080846378,0.0014511715466682651,0.0011983352797721623,0.0,-5.024440390602129e-05,0.00010141251119792493,-0.00017829351358250296,-7.40921324937842e-05,0.0004632136520695328,0.0002712921295638006,0.031820040894435145,-0.003667274321153623,0.016659428027098765,0.00010609073013694805,0.007598855132687571,0.0002053810754978992,0.008567231736196501,-1.814808205735952e-05,0.0006598732478523829,0.003053571509690268,0.0,-9.616321913620175e-05,1.3094519054019608e-05,0.00010996853198758596,0.0002601326368670601,-6.89207949186385e-05,-0.0010352110743026644,-0.002148975267409807,-0.00015152825679175537,0.00124646198642573,0.0013386126841717235,0.002638879679940937,8.418658993819119e-05,-0.0015785973363653292,0.00035934845745272143,-1.1858825255999748e-05,0.0001611273875217089,-0.0008788059798025211,7.808541657847734e-05,0.004981744178203889,-0.0021466546242326864,-0.00046404516676898296,-0.0017901015850356,-0.0004079927964635088,-0.007429964601058639,-0.0008364623993650402,-8.523440574703016e-05,0.0012238598887244871,-0.0001363393116335615,0.0010898798370695497,-0.0007261486946443731,-7.415383551843193e-05,3.0514399954229037e-05,0.00039170896209065074,-0.000668800039898777,0.00180764361334113,0.00014843626698459383,0.0008671018174606733,0.0,6.049578837146949e-05,0.0001472136501466792,4.289503206473668e-05,-0.00017868030177519057,0.00028439319993055255,0.0007874601755087582,-4.995982425026288e-05,8.072639984164887e-05,-0.0008967554895715613,0.0003214794826677387,0.00041291749217699355,0.009343291734638843,0.0005489193463607626,0.000808747656968244,0.00045277348328748226,0.00019032407413318724,0.00013367891891687643,-5.9575442761439814e-05,-0.0011849129577496717,0.0015628218606194898,0.0022789906873857567,0.0006035358873201211,-0.0002949102364076892,-0.0005768353704967115,-3.9938991050892986e-05,-0.0007704316369407673,-0.00015524881196243877,-0.0004639493682445082,-0.0002921293231620656,-0.0013553298373998202,-0.0007507341140818917,0.0002583987021337627,1.6579860796412413e-07,-0.0004445053549811667,-0.002055049540129447,5.113983561000564e-05,0.0008477118404798262,0.0,0.0,0.0,0.0,0.0,0.0,0.0,0.0001893442962300525,0.0,0.0,-0.000163139898646598
2022-11-02,0.0011635212979953214,0.00042467240218385427,3.8045167069180734e-05,-0.00017399035801091917,0.0014511715466682651,0.0009465605460500202,0.0,0.00010035039055288474,-6.089345458120045e-05,-0.00043089140539884273,-2.0874630715139916e-05,0.0003977166156375699,0.00037084433705557453,0.033687836549117244,0.0010370412695855508,0.016489135768185795,0.00010609073013694805,0.00685528042571871,0.0003071788763472096,0.011798564991242814,-1.814808205735952e-05,-0.0011289657013025403,0.0031570658129356412,0.0,-3.397208735947399e-06,9.487820339572502e-06,0.00010996853198758596,-0.0003694909546526163,-5.56141580794755e-05,-0.00036187447589510163,-0.002629847545142505,0.00017764874579032073,0.0013446038284293093,0.0013316147887558125,0.003068886767664479,2.265870702594539e-05,-0.0011322936157844923,0.000134909224407349,-0.0009323699385451944,0.0001448252649500573,0.0007936284700643791,0.00886619112406791,0.006033136402010346,0.0026046797219492603,0.0004987666251369621,-0.002008019900237949,-0.0005198825104063562,-0.00266857244518761,-0.0005640157881048894,-0.0006560314613277805,-0.0022213637513394434,-0.0001943712821404285,0.0015300859997796372,0.0025141628358230548,6.299203116384804e-05,0.0005511760786258567,-0.001549290865552869,-0.0007268372178905215,0.00042767090768794125,5.693137070146483e-05,0.0011363655812687166,0.0,0.0006546096237052641,0.000190805460069458,4.289503206473668e-05,-3.621056056832175e-05,-0.0007348654303112434,-0.0008461986148881645,0.0005600819618891831,0.00011734481399562853,-0.0007368598205459033,8.990581849064902e-05,0.0004053284092254292,0.0030525978795592104,0.0030913414937982385,0.002060980020392704,0.0001278084002059737,0.0005210283483371572,-0.0012086741422245209,-0.00010189415770546281,-0.0011649567499382293,0.0013400548193790115,0.0013052674416197969,0.0005955135025196605,-0.00016657257140844682,-0.0004891405899469176,-0.00024166579447478493,-0.00019476880102211057,-0.0003744701318922897,-0.000130205053959055,-0.00041368979055922395,-0.00022901200466410917,-0.0009405851982583691,-7.136242429193229e-05,-4.638329261034507e-05,-4.3179173149569756e-05,-0.0014070969184903275,5.113983561000564e-05,0.0009127094259184342,0.0,0.0,0.0,0.0,0.0,0.0,0.0,0.0001893442962300525,0.0,0.0,0.0019511463154720222
2022-11-09,0.0011635212979953214,0.0007543361899770297,-0.000227354924793566,0.00020800488142893708,0.0014511715466682651,0.0009268014480899951,0.0,4.991340726011591e-05,0.00010141251119792493,-7.385257077039781e-05,-7.40921324937842e-05,0.0002669102422039382,-0.0010616738054800448,0.03310991409462662,0.0006079310762603129,0.014538455651760615,0.00010609073013694805,0.0069955827273789,0.0004053818566907261,0.01242994571293406,-2.4915114098448342e-05,-0.0011289657013025403,0.0030999277749072162,0.0,-2.1533747628391177e-05,3.549724472824981e-05,0.00010996853198758596,0.0002893499697189737,-6.89207949186385e-05,-0.001241185564011853,-0.0024724240881262337,0.00017764874579032073,0.0013446038284293093,0.0013316147887558125,0.0018902890081588372,2.265870702594539e-05,-0.0010517671112845132,-0.000608918795561143,-0.0009323699385451944,0.0001448252649500573,0.0005336778410497459,0.008592374964760506,0.005424030220417725,0.001814204708236901,0.0004987666251369621,-0.002900477585138265,-0.0005198825104063562,-0.0028598306446651917,-0.0014349717188479453,-8.523440574703016e-05,-0.002271812494977082,7.424142100195472e-06,0.0015300859997796372,0.0025335110224526643,6.679308528908459e-05,0.0005852954566432175,-0.001336990045871246,-0.0007268372178905215,0.00042767090768794125,5.693137070146483e-05,0.0009816941878497505,0.0,-0.0004024387664191857,-0.0003480298894672223,0.0003324929280722896,-0.0004949737576753784,-0.0006873151051668407,-0.00025537838659949705,0.0005600819618891831,0.00011734481399562853,-0.0006606331482348541,0.0003214794826677387,0.0004746544307632223,0.003958438680727867,0.0030913414937982385,0.002060980020392704,0.0001531625651402178,-0.0002993901233097341,1.511264882824375e-05,-0.00010189415770546281,-0.0005995193674161021,-0.00015987153757083763,0.0022789906873857567,-0.0008152569863544955,-0.00016657257140844682,-0.0007635925628676843,-0.00024166579447478493,-0.00019476880102211057,-0.0003744701318922897,-0.000130205053959055,0.000257057249058716,-0.0002468695401822399,-0.0008817195432972639,-0.0004955573799518031,-4.638329261034507e-05,-4.3179173149569756e-05,-0.0017603086973335676,5.113983561000564e-05,0.0002741504852369949,0.0,0.0,0.0,0.0,0.0,0.0,0.0,0.0001893442962300525,0.0,0.0,0.0019511463154720222
2022-11-16,0.0011635212979953214,0.0007543361899770297,0.00020331678985340104,0.00021631692234239244,-0.00010155413956579887,0.0008255011514173558,0.0,4.991340726011591e-05,0.00010141251119792493,-7.385257077039781e-05,-7.40921324937842e-05,0.00019979460276217182,-0.001053124105257947,0.034241508615107476,0.0022751705714182478,0.01536718243822228,0.00010609073013694805,0.007096878484524961,0.0003071788763472096,0.01260563914738332,-1.814808205735952e-05,-0.0011289657013025403,0.0031485571515456456,0.0,-2.1533747628391177e-05,3.549724472824981e-05,0.00010996853198758596,0.00048065437069635974,-5.56141580794755e-05,-0.0007746127293251329,-0.0030562508835890083,0.00017764874579032073,0.001333564596549582,0.001059075216679695,0.0033627243789858415,7.86616476773054e-05,-0.000591499188789036,-0.0008296957308603396,-0.0009323699385451944,0.0001448252649500573,0.00040039337874690886,0.008747351267688323,0.004694699201295507,0.002045102061675759,0.0004987666251369621,-0.0027901429244835624,-0.0005198825104063562,-0.003540101641967386,-0.001418141617766337,-0.0006560314613277805,-0.002233889797409478,7.424142100195472e-06,0.0016009671597475258,0.002522145750673042,6.299203116384804e-05,0.0007333051382557459,-0.001617361045688573,-0.0007257296358012487,0.00011128613641406963,-9.264468021744228e-06,0.0011363655812687166,0.0,-0.0004024387664191857,-0.0003215549331766726,4.289503206473668e-05,7.036837877268465e-05,0.000621199304501191,-0.0006868077483942238,0.0005600819618891831,0.00011734481399562853,-0.0012179191626740585,8.990581849064902e-05,0.0004053284092254292,0.0035142028745916596,0.0030913414937982385,0.002060980020392704,0.0001278084002059737,0.0002673316361625805,0.00042078557991823866,-0.00017779025159033438,-0.0010163564985329297,-0.00010215694224795669,0.001998118538116789,-0.0016749501564475363,0.0016132231988352107,-0.0004568393484546638,-0.0001931267929387693,-0.00019476880102211057,-0.0003744701318922897,0.00020041950316251103,-0.0005733501002929489,-0.00013989701169748317,-0.001087601920311536,2.4831330088752454e-05,3.7236775416541747e-06,-4.3179173149569756e-05,-0.002301829373936891,0.00021996426492778407,0.00046340004158151665,0.0,0.0,0.0,0.0,0.0,0.0,0.0,0.0001893442962300525,0.0,0.0,0.0019511463154720222
2022-11-23,-0.00189407962950536,-0.0007150052573582901,0.00033156349156809113,-6.196860694422722e-06,-0.00010150491450130257,0.0008145806021904726,0.0,-2.0794089745058442e-05,-6.089345458120045e-05,-0.00032610776197640153,-2.0874630715139916e-05,-0.0021039038474976943,-0.00018339008328002512,0.033446079609960745,-0.002523374650896512,0.016806025134282632,-0.00025050637531976393,0.007361731486806506,-0.000830790026805916,0.008988311160490326,-1.814808205735952e-05,-0.0017378576552986354,0.002777998390815853,0.0,0.00011172512457147516,1.3094519054019608e-05,0.00010996853198758596,0.0003295995088745924,-3.818263460709117e-06,0.000516920732933404,-0.003517282402272376,0.0003008161183818783,0.0014615787391818813,0.0013820397738296695,0.0027940020630864773,7.86616476773054e-05,-0.000999845927214353,-0.0008296957308603396,-0.0009323699385451944,0.0001448252649500573,0.0005524598792384003,0.008962989344984058,0.004796789806736178,0.0022315064066776506,0.0004987666251369621,-0.0024222184368915597,-0.0005198825104063562,-0.0024772266425648476,-0.0014349717188479453,-0.0007499229910542916,-0.002121839032691791,-9.357209454408314e-05,0.0016009671597475258,0.0028515515874916746,6.299203116384804e-05,0.0004678975899459646,1.3494244028284928e-05,-0.0007268372178905215,0.000497125581323934,-5.3707401474272724e-05,0.00037729379186976595,0.0,0.00032278648276877345,-0.0011526460681048599,4.289503206473668e-05,0.00023118006474281722,0.0006143193746927214,-0.00033426709858876483,0.0006978429206371892,8.072639984164887e-05,-0.001319314241097426,8.990581849064902e-05,-7.266799217327973e-06,0.0036168913818759945,0.0015031965111856759,0.002060980020392704,0.00028071634013540246,0.0002673316361625805,-0.001010680752917565,0.0003483312588903634,-0.002018875737694402,-0.000261265497441746,0.001998118538116789,0.0005989780680128412,-0.00016657257140844682,-0.0004232292309040785,-0.0001931267929387693,-0.00019476880102211057,-0.00035428526288210907,-0.00020648587176546484,-0.00041368979055922395,-0.001079343525061223,-0.0005563700383953336,0.00011725745270754279,1.1581388997481345e-05,-4.100831994573436e-05,0.00018847404674112036,5.113983561000564e-05,0.0003864981949725276,0.0,0.0,0.0,0.0,0.0,0.0,0.0,0.0001893442962300525,0.0,0.0,0.0019511463154720222
2022-11-30,-0.0013295947188852967,-0.0007150052573582901,-0.0005155980675405829,-0.0003413638065419632,-4.3114265909400694e-05,-0.00024222250221048945,0.0,-0.0008484106835493324,-6.089345458120045e-05,-5.940797828665173e-05,-0.00010579390994985313,-0.001141852226581416,-0.0007907341632689645,0.01725439570275289,-0.003379620154589578,0.009659766926788526,-0.00025050637531976393,0.0028157028965738,-0.001024318955257238,-0.000260526143231748,-2.4915114098448342e-05,0.00037153650729617756,0.002672230976148999,0.0,0.00011172512457147516,1.3094519054019608e-05,4.1212657552892335e-05,0.0006294760429453583,-0.00010535198323420707,-0.000883312342699992,-0.0035201502527839397,0.0012080047773520481,0.004651035375597235,0.0020234648436649448,0.003087367166356352,0.0006043211843702845,6.0386945400000555e-06,-0.0012196074043589488,-0.0008890807161104671,8.177305972273395e-05,0.00030534909305433524,0.0097575144870149,0.004865614266564887,0.00325373008457971,0.00039574814864898393,-0.002566375148743494,-0.0006052502723737073,-0.003795132927099894,0.0006410017992300336,-0.0006271557331179406,-0.003398534382116777,0.00010822332969654083,0.0017948959770976605,0.002800525151481404,6.299203116384804e-05,0.0006170920299636352,-0.0005108001116628539,0.0009548102510236592,0.0007493356341005648,0.00018852716807888834,0.0004918861622588432,0.0,0.00029952222921875155,-0.0004999469450609906,-0.0002555867232866481,-0.00023288970616290784,-0.0001265139991616305,-0.00023524870130373372,0.0005798763968753773,8.255884599869874e-05,-0.0006626822302281456,8.990581849064902e-05,-0.001018102616051138,-0.0036031082256423523,0.001208364321767746,0.0008748282345579924,0.0008905055536263898,-0.00017994125466087095,-0.001010680752917565,7.988367042924103e-05,-0.0038335774934576067,-0.000261265497441746,0.001998118538116789,0.0001650530924438003,-0.00024647388509401797,-0.0011707822408370972,0.00017235102349546805,-0.0009647060112508464,-0.00015034018894390593,0.001909869226298298,0.0013903253809882587,0.0040872180089486145,-0.0006823264202186644,-0.0007131884902381426,8.420649137840891e-05,-0.0006148717591307538,0.0011368411469290058,-3.3394403943214055e-05,-0.0008128671026151554,0.0,0.0,0.0,0.0,0.0,0.0,0.0,0.0001893442962300525,0.0,0.0,0.001283856695910058
2022-12-07,-0.0008943664048154817,-0.0008186656657408767,-0.0004775359143548952,-0.0009089002407381367,0.0004922006989322105,0.0008436356754113384,0.0,-0.0012963697340565758,-6.089345458120045e-05,-3.2265512065130224e-05,-0.00023729842863149249,-0.0006681898316650684,-0.00037642965237781015,0.0337717722461703,0.003929127067295026,0.011003771504565106,0.00010609073013694805,0.0036080095694624873,0.0003186806414365189,-0.00027822152434545827,-2.4915114098448342e-05,0.00021623661406498242,0.0008360833520782906,0.0,-2.1533747628391177e-05,3.910394344269691e-05,4.1212657552892335e-05,0.0001592642795119012,-0.00020364112375648372,0.00020573443729915967,-0.0008820765310727838,0.001874645064647832,0.0035345782277207143,0.0007663614574743235,0.0036634812815674717,0.0006043211843702845,-0.00023147208879483998,-0.00013913101212516493,-0.00012699043094510287,-0.00040638746106459674,0.00042851396622201044,-0.0013256950860174076,0.005174640768815391,0.003296992846861958,0.0004987666251369621,0.003752892547635722,-0.0007002367092160832,-0.0015169715709156691,-0.0004420985499781239,-5.7076797560204925e-05,-0.004424419208815891,8.181548874548746e-05,0.0014842615559340644,-4.29508888334407e-06,6.679308528908459e-05,0.0004384324117516071,-0.00028579627080557745,0.0012629205238161591,0.003827707278614164,0.00023891536491249562,0.001250957951657794,0.0,0.00037962540716473506,-0.00019863355132125837,0.0005883561326103085,0.0003247285469182203,-0.0004583975031983271,0.00039397708588441373,-0.0004861639388834389,6.512251532214705e-05,-0.0005244823665389122,8.990581849064902e-05,-0.00024813005879138555,-0.002294039492113417,-0.0005667979219842232,0.0019203488643983267,0.0006741547067498218,-0.0002993901233097341,0.0004963772109426328,-8.779296685868402e-05,-0.0030760089228386023,-0.0004146451752179034,0.002370821697793399,-0.0006081350706113549,0.0016132231988352107,-0.0011133986741936354,0.0010364706303153648,-0.0012140082022176568,-0.00015729665386938135,0.001909869226298298,0.0015423170300936182,0.0029836146980360034,-0.00015959861014053022,0.00104824045748815,6.66555914709093e-05,-0.00040522483530518557,1.0333165064716982e-05,0.00018083608011874256,-0.0015961998881182727,0.0,0.0,0.0,0.0,0.0,0.0,0.0,0.0001893442962300525,0.0,0.0,-9.442793489260877e-05
2022-12-14,0.0008268073831930027,-0.0005134244043549075,-0.0005757069613431491,-0.0017385407993869653,0.00032036252639340123,0.0002378588609903133,0.0,-0.0012963697340565758,-6.089345458120045e-05,5.559906453674461e-05,7.215543304941129e-05,-0.0004427428391705978,0.00017840199878133944,0.03379414317415355,0.0028306545959772183,0.010806824352271184,9.336329775177332e-05,0.0037736121235231656,0.0006289078041910617,1.0786454052230203e-05,-1.814808205735952e-05,-0.00016484827144396354,0.0008892827735244629,0.0,-1.0070426426034274e-05,9.487820339572502e-06,4.1212657552892335e-05,0.0007055384235401758,0.0003115892805484143,0.00020690600434544948,-0.0014682898272677949,0.0011994556670747642,0.003436940835093927,0.0003929429436470257,0.0029329449658318804,0.0006658490672825303,-0.0004181973878278285,-0.00019747663697426644,-0.00014472407168465918,-0.0006268686028148838,0.0006923704725097809,-0.0011289272253343849,0.00530145477710549,0.0030422966714637174,0.0004987666251369621,0.003752892547635722,-0.0007002367092160832,-0.0011646246549047925,0.0004405660893690011,-0.0005009025081159291,-0.0044834123948132125,-0.00011997993549513649,0.001380392942186851,2.2361013221173544e-05,6.299203116384804e-05,0.0006151579105297363,-0.00028579627080557745,0.0020330424443381987,0.004000830045522015,-4.288359733900597e-05,0.0011363655812687166,0.0,0.00037962540716473506,-0.0002389535589642311,-0.0002555867232866481,-2.798467016571644e-06,0.0003780801443884112,-0.00020508396780477252,-0.0004861639388834389,6.451314238507244e-05,-0.0008784056104506492,8.990581849064902e-05,-0.0004024077710443957,-0.0019449330514288844,-0.0004721036289044476,0.0019203488643983267,0.0006995088716840659,0.0005210283483371572,-0.0002827445694109488,3.0119259802932505e-05,-0.0038150955947917377,-0.0004146451752179034,0.0013970984520274394,-0.0003082433831616537,0.0012411746202599593,0.003017031387803624,0.0010364706303153648,-0.0007245759099424686,-0.00017748152287956197,0.0012671329027926631,0.0003924813175697363,0.004122100430171632,-1.7248872358094607e-05,0.0007588244201761264,8.181604398294594e-05,-0.0008306544457810989,1.7869557195418773e-05,0.00020231217017022178,-0.0010377048134749913,0.0,0.0,0.0,0.0,0.0,0.0,0.0,0.0001893442962300525,0.0,0.0,-0.000163139898646598
2022-12-21,0.0008268073831930027,0.0013328076445391507,-4.750762656235243e-05,-0.0013701214222949585,0.0003204117514578976,-0.0005439334532669783,0.0,-0.0007777031865441581,-6.089345458120045e-05,-0.00012471401940362633,-0.00016482026723470456,-0.0009543765183994246,-0.0006169229070221868,0.035332996609328066,-0.0014221352295536764,0.011345585951898352,0.00010609073013694805,0.003643022857167931,0.0003186806414365189,0.0018862852438311642,-2.4915114098448342e-05,0.0008005787831307662,0.0008171663730764387,0.0,-1.0070426426034274e-05,9.487820339572502e-06,4.1212657552892335e-05,-0.0008342868175032056,-0.00020364112375648372,0.0002558157370793568,-0.0022232388374989233,0.001874645064647832,0.0036441924856961514,0.0005996799925776619,0.0036901512693579045,0.0008828613828690192,0.0009456814603570521,-0.0006585588687725524,-0.00014472407168465918,-0.00040638746106459674,0.0005042673647146382,-0.0020101529766194206,0.005290712241987419,0.0032042088460803794,0.0004987666251369621,0.001811708958640294,-0.0007002367092160832,-0.0007176369449655474,-0.0002004325238903615,-0.0007506411110773061,-0.003445969476953554,0.00025409185457491183,0.0014842615559340644,-4.29508888334407e-06,6.299203116384804e-05,0.0002559254515564192,-7.20110900904549e-05,0.002031934862248926,0.003308534246402453,0.00033862319228027214,0.001250957951657794,0.0,0.00037962540716473506,-0.00011439493125310634,0.0001805811171199845,-0.0006517817345909712,0.00014208851827684628,0.00017149510549408127,-0.0004861639388834389,0.00010017115291616562,-0.0006686639881266169,8.990581849064902e-05,-0.00018836525643059693,-0.0024514188944771056,-0.00025574696164529253,0.0018448910786095275,0.0006741547067498218,-0.0002993901233097341,-0.0002827445694109488,-0.00014584717574873436,-0.0019515080724700502,-3.6311336225176964e-05,0.0013970984520274394,-0.0008723431717483046,-0.00016657257140844682,-0.0012853215175201293,0.001079938262325989,-0.0007245759099424686,-0.0003744701318922897,0.0018621490029581875,0.0004313043055972185,0.0015451698717654707,-2.402828915447717e-05,0.0004630780542312064,-0.00016340983482513024,-0.0008423096806330522,0.00024188522875839285,1.2011650800964101e-05,0.0006707248080911577,0.0,0.0,0.0,0.0,0.0,0.0,0.0,0.0001893442962300525,0.0,0.0,-0.000163139898646598
2022-12-28,0.0007510549160970846,0.00042591640633976086,-1.4110518827370537e-05,-0.0012861756660616243,0.0004908515778964926,0.0011434258477394555,0.0,4.991340726011591e-05,0.00010141251119792493,0.00030785425574274836,-2.0874630715139916e-05,-0.0004427428391705978,0.000446304228687336,0.033465841447162435,0.003204247559573102,0.011490715892839792,0.00010609073013694805,0.004026439242605186,0.0006068616143961664,0.002936159099091789,-1.814808205735952e-05,-9.411546069145767e-05,0.0008055462084743999,0.0,3.8001349518276966e-06,9.487820339572502e-06,4.1212657552892335e-05,0.00029179113967975866,0.0003115892805484143,0.0002558157370793568,0.00010247261916020124,0.001874645064647832,0.0032100493299064337,0.00039747595971516557,0.0029910849189361665,0.0008525905896657534,0.0010574148184379938,-0.00019747663697426644,-0.00014472407168465918,-0.00040638746106459674,0.0006895544992333835,-0.0015913860603856275,0.004878611143040777,0.002782214461549422,0.0004987666251369621,0.00219345262037601,-0.0007002367092160832,-0.0014221238584877951,-0.0013045698645223977,-0.0007506411110773061,-0.0018767643697351966,0.00025409185457491183,0.0014842615559340644,-4.29508888334407e-06,6.299203116384804e-05,0.0003828946304899107,0.00014028972959116817,0.0020330424443381987,0.003163254786548555,0.00015172170185357605,0.0008671018174606733,0.0,0.00037962540716473506,-0.00012620742887319144,0.0002877369596377612,0.00025341924857705164,0.00015213933334276892,-0.00013414921246781008,-0.0004861639388834389,6.647222446226088e-05,-0.0006751760300263714,0.0003214794826677387,0.0007751724584916701,-0.0015900423475387281,-0.00017989714690565115,0.0018448910786095275,0.0006995088716840659,0.0005210283483371572,-0.0008554121949017797,-0.00014584717574873436,-0.0015149204212533782,-0.00027022809811073114,0.0013970984520274394,-0.000627823004533422,-0.00016657257140844682,-0.00159207473193315,0.001079938262325989,-0.0007245759099424686,-0.0003744701318922897,0.0025048853264638222,0.0004313043055972185,-0.000950812098322898,-0.0001238930695858652,0.00048777774695587915,-8.903303598042047e-05,-0.0007644179098654198,1.7869557195418773e-05,0.00020110212686609298,0.0004547511018068394,0.0,0.0,0.0,0.0,0.0,0.0,0.0,0.0001893442962300525,0.0,0.0,-0.000163139898646598
2023-01-04,-0.0006267848155620539,-0.0009562555370521746,0.0004680915600989169,-0.0016210888885728491,-0.0002817707303088733,0.0009499228789703948,0.0,2.5248892784314013e-05,2.8760888093568387e-07,0.0008299208272653618,-2.0874630715139916e-05,-0.0017290076746290758,5.7943051875941636e-05,0.03400899474112713,-0.0022674904664685466,0.010340589479460656,-0.00029668672440587627,-0.0008968482871467055,-0.000801512872133519,0.0008227665080899375,-1.981260561229901e-05,0.00014156959384562667,-0.00030863108647003173,0.0,-0.0004432223872572659,-1.2164129052643728e-05,4.1212657552892335e-05,3.7000811497323364e-05,0.00019179798776368333,-6.579031972175212e-05,0.0006294716983513833,0.0026716456027956574,0.002720433095418044,0.00144412347678679,0.004437015083805267,0.0006302268919618405,0.0007530999976060962,-0.0004841300008378539,-0.00014472407168465918,8.177305972273395e-05,0.0018191317118960851,-0.0024898732001759766,0.005152430551193507,0.0021849125302736525,0.0018697183307977924,-0.0013689622666716674,0.0015505946061061793,0.004112498519262969,-0.0014465779484886662,-0.00014068061657606168,-0.0010383020190032279,-0.0005392791036244334,0.0011777657601956715,-0.0006986055530642704,2.5668854256464095e-05,0.00034877525247254987,-0.0005065894670637837,0.0014501821267957752,0.0031522593201598666,0.00022329164386861581,0.0004216874478330155,0.0,0.0005441245810917115,-0.00011439493125310634,0.0007235500149447501,0.00010137535466316092,3.4831765774259595e-05,-0.0004868732744487003,-0.00044436458427639803,-3.927882130689712e-05,-0.0014786926208384514,-0.00020004235610810806,0.0003387927496963463,-0.0002217393998943703,-0.0002692451602074607,4.4179434734208944e-05,7.45520953650438e-05,0.0005116760417786081,-0.0007580300833194217,3.0119259802932505e-05,-0.00018408385970113025,-0.00031898009276462694,0.0013970984520274394,-0.0007510104196883755,0.0012411746202599593,-0.0010620366531741286,0.0010364706303153648,-0.0017713228854286012,0.0007970666391837809,0.0018621490029581875,0.0007460221415355878,-0.00041602732660092357,4.342791462741278e-05,-0.0004106075712775865,5.2167996077952e-05,-0.0004861605640532412,-0.0006212299182890541,0.00020231217017022178,0.0006296266007394521,0.0,0.0,0.0,0.0,0.0,0.0,0.0,3.470415738418331e-05,0.0,0.0,-0.000163139898646598
2023-01-11,-0.0004973309558175266,-0.0009562555370521746,0.0004810773230242214,-0.002207521250550084,-0.0002817707303088733,0.0008657182567370882,0.0,2.5248892784314013e-05,2.8760888093568387e-07,2.8334069021094948e-05,-2.0874630715139916e-05,0.00043672255078000245,-0.00036045354365019235,0.018219948415950205,-0.002349082098795834,0.007308908072283485,0.00010609073013694805,-0.0016073670073027692,0.0002172726949210934,0.0006309114841887868,-1.981260561229901e-05,1.738299184588453e-05,-0.0002532726587489833,0.0,-2.8206965318478053e-05,4.2585207042535236e-05,4.1212657552892335e-05,0.0003012751341800842,-5.260699646322173e-05,2.170847435532393e-06,0.0005686194921151365,0.0027862230869502656,0.002880976244706753,0.00144412347678679,0.004437015083805267,0.0006302268919618405,0.0004971284965473679,-0.0008302733638827435,-0.00014472407168465918,8.177305972273395e-05,0.0006817950435564803,-0.002044297423752079,0.004719778628572973,0.0011210174213090562,9.914398448607588e-05,-0.0020489962405344435,0.0014797579456939725,0.0035150108179455098,-0.0008352709248867255,-0.00048173405738727965,-0.0005274039761633622,-0.0005392791036244334,0.0011905841625483326,-0.0007282493039403195,2.5668854256464095e-05,0.00034877525247254987,-0.00030421262486366027,0.0014501821267957752,0.0024178026516015264,0.00014005793694869318,2.2969703492690388e-05,0.0,0.0016252537594901432,0.0005032906122943241,0.000315774999454426,0.0005440985125053415,0.00018950293208978627,0.0002807279930942894,-0.0004861639388834389,-3.927882130689712e-05,-0.0014610086559542052,-0.00020004235610810806,0.00014004184660667047,-0.0001253844248283035,-0.0002692451602074607,-0.00010089580311033183,7.45520953650438e-05,0.0005116760417786081,-0.0010456047827540646,1.2958907890440162e-06,-0.002403150796826969,0.001265316841299006,0.0013970984520274394,-0.0003383929154479867,0.001884893044049424,-0.0010834230497857099,0.0005594742818804033,-0.0017713228854286012,-0.00015034018894390593,0.0018621490029581875,0.0007460221415355878,-0.00038268667778356655,-0.00044569122457406503,7.418236851766424e-05,5.2167996077952e-05,-0.0004861605640532412,-0.0006226048989021826,0.00024076755647857776,0.0006296266007394521,0.0,0.0,0.0,0.0,0.0,0.0,0.0,3.470415738418331e-05,0.0,0.0,-0.000163139898646598
2023-01-18,-0.0006683143191819715,-0.0006756248955927424,0.0005096800696073056,-0.002275441741109008,-0.0003524711798190583,0.0009499228789703948,0.0,-1.9077306048433917e-05,2.8760888093568387e-07,0.00013429518989597756,-2.0874630715139916e-05,0.0004900721775745169,0.00035381622492147155,-0.015830581114088416,-0.0019356766214568178,0.00031956015410190207,-0.00029668672440587627,-0.0025457961201918056,-0.0005923621505505599,-0.003445594975899066,-2.885426728384883e-05,-0.00039012623653948355,0.0002681792173084177,0.0,-0.0006440188116414057,-1.2164129052643728e-05,2.8674545269681654e-05,-9.177676412415381e-05,-0.0003837467715773231,0.0002437910413588321,0.0006472809867634856,0.002694279566370433,0.003220827912829622,0.0014281166474083692,0.003670683065314027,0.0006302268919618405,0.0005979442111844085,-0.0008915214124099171,-0.00014472407168465918,8.177305972273395e-05,6.950341560154599e-05,-0.0018154929232266906,0.004775409834696621,-0.0007896562030886007,9.914398448607588e-05,-0.0014877392831239597,0.0014797579456939725,0.0029375958129801145,-0.0013320226085832337,-0.000822764951887322,-0.0012790924914049524,-0.000749110923064816,0.0011905841625483326,-0.0010141267138334205,2.0074110362865932e-05,0.00034877525247254987,-0.0006475088054287011,0.0014565476636902684,0.0022647238018667463,0.00014005793694869318,0.0006069112851031593,0.0,0.0020562155762145883,0.00012681311694457325,-0.0007625591276906831,0.000546750485634572,0.00012834710542723916,-0.0008052347574179379,-0.0004669342755515409,-9.054071635749213e-05,-0.00019191873634749303,-0.0005554665921082677,0.00023589431749762018,0.0006363790666913163,-0.0002692451602074607,-0.00010089580311033183,-5.0851165180983466e-05,-0.0001715119967099748,-0.0008542598774343164,1.2958907890440162e-06,-0.003885475167349299,0.0015406614163338984,0.001609736490587352,-0.000558556416898501,-0.00023437691134188887,-0.0007182075657157773,0.0010364706303153648,-0.0017713228854286012,-0.00136415008315238,0.0015965357098524958,0.0009206857339865452,-0.0006771262074614346,-0.0006131730254000258,-0.00029724709419234066,5.2167996077952e-05,-0.0004861605640532412,-0.00025604693734975316,5.770819817495364e-05,0.0009782505118300557,0.0,0.0,0.0,0.0,0.0,0.0,0.0,0.0002140068443999946,0.0,0.0,-0.000163139898646598
2023-01-25,0.0005075799400933802,-0.00044879586481008974,0.0004680915600989169,-0.002207521250550084,-0.0002414270415156113,0.0008863536563277961,0.0,-0.0004504774384063634,2.8760888093568387e-07,0.00020706927257666007,-2.0874630715139916e-05,-9.803839622003643e-05,-1.8350368569733627e-05,0.01643535942230317,0.003178799935877662,0.007120813888550771,0.00010609073013694805,-0.003094128250865965,0.00027981781961063465,-0.000727116567132287,-1.981260561229901e-05,-0.00040200153842191375,-0.0003202512510720704,0.0,0.0002209157494024361,3.921271610916027e-05,4.1212657552892335e-05,-0.0002701934052128337,9.487879102768562e-05,0.0002437910413588321,-0.0002450542949667456,0.0027862230869502656,0.003039226875152339,0.001341221540195477,0.0024243892853554375,0.0006302268919618405,0.0006487563712310088,-0.0009498710551606908,-0.00014472407168465918,0.0005365255056431031,2.6141756056824514e-05,-0.0020380302628401708,0.004565240259144575,-0.0008896186967935224,9.914398448607588e-05,-0.0015613456943767167,0.0003809515669300729,0.004360988003486885,-0.0016641030718083697,-0.00048173405738727965,-0.0011807757601421036,-0.0005392791036244334,0.0011905841625483326,-0.0009472843382234869,2.5668854256464095e-05,0.0002689549296217866,-0.0006839270038353907,0.0019601195757603194,0.0010144806388888172,0.00015172170185357605,0.0005819936642194182,0.0,0.0005682053693656936,-0.0004043142088095132,0.000315774999454426,-0.000911625468944068,-3.503884251118292e-05,0.00020173864476212647,-0.0004861639388834389,4.835268379647739e-05,-0.001321277506051419,-0.0005554665921082677,0.0003179492928088234,5.420099974851156e-05,-0.00025009111762520095,-0.00010089580311033183,4.712833345377765e-05,0.0005116760417786081,-0.0008758373327468242,-0.00011661633587257251,-0.003900765509741503,-0.0003333227224392916,0.0014172825685194752,-0.0008007082528798366,-0.0003392636872180639,-0.0016601538991365661,0.0010364706303153648,-0.0017713228854286012,-0.00011399526420538758,0.0017230741936194631,0.0007460221415355878,-0.0005405329141538627,-0.0009533014513398765,-0.00011057866722183785,6.929910718956388e-05,-0.00041313907849440935,-0.0005131095863412755,0.00022532258418860328,0.0007302466503380348,0.0,0.0,0.0,0.0,0.0,0.0,0.0,3.470415738418331e-05,0.0,0.0,-0.000163139898646598
2023-02-01,0.0009092853759569606,0.0013055528207188982,-0.00023909487364933508,-0.0015588321437271602,0.00023236028475414933,0.0009472972460875797,0.0,0.0001563330892708053,0.0002444279103021901,0.00024234724771834032,-2.0874630715139916e-05,4.4259228099483594e-05,-0.0006049914497660414,0.03336708331241109,0.003648574389979984,0.009284890964133057,0.0001921744854557317,-0.001776615972534385,0.000415386984557972,0.00033392321575024365,-1.981260561229901e-05,0.0002597573916406208,-0.0007031400987336132,0.0,0.0002209157494024361,3.921271610916027e-05,4.1212657552892335e-05,-0.00018297574946573184,-5.260699646322173e-05,0.00010590717880247527,0.0011216239051856304,0.0017588965218235234,0.0032815072527534977,-6.958533677257732e-05,0.00251858185352684,0.0006302268919618405,0.00020962204705646617,-0.0010975674535245415,-0.00014472407168465918,0.0005741864635208469,0.000378905877422263,0.008420862664929517,0.0038718784535289345,0.0024611144769291163,0.0003616600739188456,-0.0010793984577365397,-0.00022489000806687746,0.008055533714447938,0.0006637694584526871,-0.00027884875210526495,0.0008578415481163454,-0.0006072933404835556,0.0009681520346886677,0.004213828375100223,2.5668854256464095e-05,0.0004703179715924954,-0.0002766054321768195,0.0014818199014223154,0.002573932791581052,0.00012001458850771719,0.0006529437130398506,0.0,0.0016965061178713658,0.0002203885606095427,0.000315774999454426,0.0001207336556714076,0.0002757506845859614,-5.883627391090687e-05,0.0004195457468522284,-4.868293331306054e-06,-0.001347633144719201,8.990581849064902e-05,3.1755174173515654e-05,-0.0009305384761137721,-0.00017424734539178986,-0.0003124062727125315,-0.0017043365297915183,-0.00015505234920781103,-0.00038204347624352594,-8.124808241151968e-05,-0.00268343475492324,0.001605700193161337,0.0020899495485244314,0.0007842492764851469,0.0016646148094583706,0.0022897059437850956,0.0008579920618023413,-0.0015220206944617908,4.173979705028896e-05,0.0017230741936194631,0.0017689520432352971,-0.0005644165272226294,-0.000565763530680258,-4.38647499781712e-05,0.00021073940901973978,0.0009226236168547474,0.0005219950536085377,0.00020231217017022178,0.00017166827662785716,0.0,0.0,0.0,0.0,0.0,0.0,0.0,3.470415738418331e-05,0.0,0.0,-0.000163139898646598
2023-02-08,-0.0009053125716460907,-0.0003506411917042372,-0.00023909487364933508,-0.001972154968537084,0.0003385210913107374,0.0009363766968606965,0.0,8.562559226563097e-05,0.0002444279103021901,0.00024234724771834032,-2.0874630715139916e-05,0.00023880053790460438,0.0006449331113117967,0.033933290120077945,-0.0026591439708158705,0.006101734229614019,2.8188181299943007e-06,-0.0017808366660492683,0.000415386984557972,0.000859331182513847,-1.981260561229901e-05,0.00040425377669480513,-0.001809748509858804,0.0,1.86396647010164e-05,-0.0002809739137968296,4.1212657552892335e-05,-9.177676412415381e-05,-1.6064172372379683e-05,0.00010590717880247527,0.0009353468440177288,0.001567833392883189,0.003273144706541562,0.00013261869608991903,0.0024306823269398203,0.0006302268919618405,0.00028949031516486084,-0.0009297214173473727,-0.00014472407168465918,0.0005741864635208469,0.0008491115483461659,0.008383996807698408,0.004279294559440522,0.00271610760953133,0.0003616600739188456,-0.001539346879120663,-0.00022489000806687746,0.007243397076794413,0.00045580393740153624,-0.000347170714592902,0.0009213346633209743,-0.0005064941528872103,0.0009681520346886677,0.004074497497211654,2.5668854256464095e-05,0.0004703179715924954,-0.0002766054321768195,0.001971139390208216,0.0025596697902956693,4.8444646492677425e-05,0.0002542259686995255,0.0,0.0016965061178713658,0.0002735117826117545,0.000315774999454426,0.0003130775832687672,-0.00021925383035414816,-5.2102671468283275e-05,0.0004195457468522284,0.0008679366425998687,0.0049167728613327836,8.990581849064902e-05,-0.0002339752928300954,-0.0013152197793842295,-0.00017424734539178986,-0.0003124062727125315,-0.0017043365297915183,0.0007649477477522316,-0.00115882964561483,-0.000683873726672915,-0.005273351465151566,0.001323031436621887,0.0020899495485244314,-0.00046535126044992646,0.0016646148094583706,0.0014735540779120967,0.0008579920618023413,-0.0015220206944617908,6.888113098594502e-05,0.0017230741936194631,0.0017689520432352971,-0.000986866837079118,-0.00021038150622921213,-2.6026182847709465e-05,0.00029089344757786406,-0.0005303043801618867,0.0003055157741762653,0.00036992655618387144,0.0002279306406095255,0.0,0.0,0.0,0.0,0.0,0.0,0.0,3.470415738418331e-05,0.0,0.0,-0.000163139898646598
2023-02-15,0.000741562867049174,-0.0008525951286695879,-0.0002571443718520296,-0.001972154968537084,0.0003329840669352873,0.0011900662311433148,0.0,8.562559226563097e-05,0.0002444279103021901,0.00024234724771834032,-2.0874630715139916e-05,0.00023880053790460438,-0.00030001530966414566,0.031724772091276617,-0.0019140239550832026,0.006072661817583051,2.8188181299943007e-06,-0.0016398771701796825,0.000415386984557972,0.000752622006732082,-1.981260561229901e-05,0.00040425377669480513,-0.001809748509858804,0.0,0.00020704518802457412,1.3250782480175093e-05,4.1212657552892335e-05,-0.0001272621788850384,-1.6064172372379683e-05,0.0001738683459597598,0.001238918552896207,0.0017588965218235234,0.003247704930046187,0.00013261869608991903,0.00230455271843582,0.000620578128456322,0.0004971640891550871,-0.0009297214173473727,-0.00014472407168465918,0.0005741864635208469,0.0005137999998440234,0.008239727550989909,0.004232649421065681,0.0024913593556666344,0.0003616600739188456,-0.001539346879120663,-0.00022489000806687746,0.00693806705210589,0.0005953423090425049,-0.000347170714592902,0.0009213346633209743,-0.0005064941528872103,0.0009681520346886677,0.00403097044251686,2.5668854256464095e-05,0.0004703179715924954,-0.0002766054321768195,0.001971139390208216,0.0025530520754742784,0.00013167835341260006,0.0002542259686995255,0.0,0.0016965061178713658,-2.5138553457333527e-05,-0.0007270741678204987,0.0003229952772531994,-0.00020293576610371975,-3.357114683391584e-05,0.0004195457468522284,0.0006671182638935638,0.004414606774309104,8.990581849064902e-05,-0.00018216597370991554,-0.0002062695696446545,-0.00017424734539178986,-0.0003124062727125315,-0.0017043365297915183,0.0005033971010448573,-0.00115882964561483,-0.000683873726672915,-0.00396583927687271,0.001265316841299006,0.0013970984520274394,0.0012699976035846071,0.0016646148094583706,0.0014735540779120967,0.0008579920618023413,-0.0015220206944617908,0.00010522605572446336,0.0017230741936194631,0.0016745685449377047,-0.0010461990966162823,-0.000549264512507095,-2.6026182847709465e-05,0.00029089344757786406,0.0008586033829059039,0.0002890680093017332,0.00036992655618387144,0.0002279306406095255,0.0,0.0,0.0,0.0,0.0,0.0,0.0,3.470415738418331e-05,0.0,0.0,-0.000163139898646598
2023-02-22,-0.0007067509581614708,-0.0008894842029712373,0.0004680915600989169,-0.0016572917380220117,4.389036656662371e-05,0.0012433609076813882,0.0,7.406376532327291e-05,0.0002444279103021901,0.00024234724771834032,-2.0874630715139916e-05,0.0005467675676211453,-3.347292494069638e-06,-0.016393219527080283,-0.0023404615003309102,0.0009395403686029979,-0.000502569502273942,-0.002835786524170756,-0.0007717287829852663,-0.0029655216027673166,-1.981260561229901e-05,4.3809029589554345e-05,-0.00014401735846765096,0.0,-0.0006012524686671673,-1.2164129052643728e-05,2.8674545269681654e-05,-9.804050905932334e-05,-0.0004840493075353691,0.00041548853988305947,0.0016564008896286534,0.0013447369909971524,0.003497023442961381,0.000269160508358639,-0.0015506942860961778,0.000620578128456322,-0.00041430747020342035,-0.00115830191611768,-0.00014472407168465918,0.0005741864635208469,0.00038826092642830004,0.009545011461640726,0.004245681430895408,0.0016899568321356716,9.67184149727231e-05,-0.0011984799797023296,-0.00022489000806687746,0.0056754991962892345,-0.00014024441086977688,-0.000453117595271568,0.001346565329123194,-0.00023922692044097118,0.0009809704370413292,0.0038706181670467178,2.0074110362865932e-05,0.00043619859357513463,-3.78103915700062e-05,0.002966337152386749,0.002115752368955675,3.678088158779454e-05,0.0006529437130398506,0.0,0.002000193186542587,-0.0008120876216267936,-5.985861388332594e-05,-0.0010180109015715602,0.0003231965239179251,-0.00022540430211978916,0.0005573067056002344,0.00032474911554550534,-0.0017852176365160952,8.990581849064902e-05,0.000313218865485939,0.0005749855075483998,-0.00017424734539178986,-0.0027397263541576265,-0.00041904202223629424,0.0002925385424275927,-0.0004735600645471921,-0.0007126970956868035,-0.0033768721594309246,0.0015406614163338984,0.001609736490587352,-0.0009345867886777999,0.0022233794857612925,0.0023629548946681794,0.0008579920618023413,-0.0011056009798586083,-0.0019612996615711075,0.0014574609005137717,0.0018756097818659165,-0.0011422201024236934,-0.0008533028260783909,-0.000705979515435411,0.00021073940901973978,-0.0006177905723047155,0.00028973390580787947,0.00024076755647857776,0.0009598161564998595,0.0,0.0,0.0,0.0,0.0,0.0,0.0,0.0002140068443999946,0.0,0.0,-0.000163139898646598
2023-03-01,-0.00017310724877466288,-0.0007000146031251994,0.0004017191914033845,-0.0006881167805173079,-6.349275349093589e-05,0.0005037874655839044,0.0,3.411066178074632e-05,2.8760888093568387e-07,0.00024234724771834032,-2.0874630715139916e-05,-0.0009568669066293187,-0.0004484493249302595,-0.03770667141188178,-0.0027033818730189444,-0.010237366739662237,-0.000502569502273942,-0.003388903170403171,-0.0010071211341335878,-0.006649783200016275,-3.388815050567607e-05,-0.00011010383826607422,-0.00014401735846765096,0.0,-6.444149573087002e-05,6.95072473837021e-05,2.8674545269681654e-05,-9.804050905932334e-05,0.00034390555847442326,9.686675899560017e-05,0.0017148095803562295,-0.00047304698706645025,0.005029638905198764,-4.92920250685573e-05,-0.0016950453347429905,0.0006043211843702845,-0.0009265044170338038,-0.0005563995865515869,-0.00014472407168465918,0.0005712494632740415,-2.64186440284379e-05,0.009105922207757189,0.004803423353317819,0.0014403714754367292,9.67184149727231e-05,-0.0010715031945569243,-0.0006812261946424322,0.0023026335767103666,-0.0017373064064872472,-0.000453117595271568,0.0008508524104429181,-0.00039910071920728227,0.0019357235978593446,0.001994750980151567,5.739728727024987e-05,0.0007902398883853529,-0.002272016343221012,0.0021916146588936455,-0.0008934180584480909,0.00024177142267533858,0.0005288494574687853,0.0,0.0007235982925670265,-0.0005676084612297836,-5.985861388332594e-05,0.000546750485634572,0.00021685211279731559,0.0002000068828390619,0.0005798763968753773,0.00025737911920077053,0.0021178497607447656,0.00020997401285100106,0.00029700305647811884,-0.0005541195501547251,-0.0001173310348647814,-0.002227162798757066,-0.00021774276046297378,-0.00039256822606017247,-0.0005270478628381889,-0.0007126970956868035,-0.003520876525777486,-0.000666496675413679,0.0021688209642240913,-0.0004701775314491181,-0.00032188303611227107,0.002793226127960769,-0.0004359357319714504,-0.0020092477195015465,-0.0019612996615711075,0.0021001972240194066,0.0014305206876255982,-0.001180634933368332,-0.0002432259165473659,-0.0004547131905450545,5.203588013683128e-05,-0.000796906491122112,-0.0003976503916138628,-6.358425499225273e-07,0.0007562424925556627,0.0,0.0,0.0,0.0,0.0,0.0,0.0,0.0002140068443999946,0.0,0.0,-0.000163139898646598
2023-03-08,-0.0003155312339567657,-0.0008062700885510437,0.0004017191914033845,-0.001323394041141658,-6.349275349093589e-05,0.0007637691201986012,0.0,3.411066178074632e-05,2.8760888093568387e-07,0.00024234724771834032,-2.0874630715139916e-05,-0.0009568669066293187,-9.310123120095592e-05,-0.03679814462518083,-0.003154871406520437,-0.010237366739662237,3.5945772507998267e-05,-0.003388903170403171,-0.0010071211341335878,-0.0052683211998446776,-3.388815050567607e-05,-0.00011010383826607422,-0.0012661845507771332,0.0,-8.907129981266463e-05,4.349782299502479e-05,2.8674545269681654e-05,-9.177676412415381e-05,0.00034390555847442326,9.686675899560017e-05,0.001957380356539807,-0.0004923144194265442,0.005041005216868587,-0.0011368738328834808,-0.0016950453347429905,0.00043853809373691714,-0.0006452977840960655,-0.0005563995865515869,-0.00014472407168465918,0.0005712494632740415,7.954141413801411e-05,0.008750093582547611,0.004803423353317819,0.0017031245564514002,9.67184149727231e-05,-0.0010101453482714838,-0.0016297943309937725,0.001850174186079628,-0.0018208416330274355,-0.0006393016835444156,0.0008508524104429181,-0.00039910071920728227,0.0019357235978593446,0.002054087115596261,5.739728727024987e-05,0.0007902398883853529,-0.0018923019642492814,0.0021916146588936455,-0.0008569429182606181,0.00012001458850771719,0.0001301317131284601,0.0,0.0007235982925670265,-0.0005411335049392338,-5.985861388332594e-05,0.00032996045810921784,5.138185280059203e-05,0.00010248600987253152,0.0005573067056002344,0.00027941095033252633,0.003685597283948322,0.00020997401285100106,9.825215338844293e-05,-0.000429358450343145,-3.607243217595898e-05,-0.002227162798757066,-0.00021774276046297378,-0.000525191613005454,-0.0008146225622728319,-0.0007126970956868035,-0.005215505397321305,-0.0008788406336573051,0.001475969867727099,-0.0006240038001763895,0.002186273660709427,0.0022988614969132303,-0.0004359357319714504,-0.0020092477195015465,-0.0019612996615711075,0.0014574609005137717,0.0010233823517592547,-0.0007811301275007352,-0.00019802939304231566,-0.0004092108970471694,0.00018308627969930834,-0.000796906491122112,-1.7272599261429396e-05,0.00028220353242341457,0.0009131249061359136,0.0,0.0,0.0,0.0,0.0,0.0,0.0,0.0002140068443999946,0.0,0.0,-0.000163139898646598
2023-03-15,0.00017684913309735952,-0.0007000146031251994,0.00034161029760081823,-0.001324934690708903,-2.0264041495527146e-05,0.0006924915631543855,0.0,0.0001067505003387403,2.8760888093568387e-07,0.0009379728850877246,-2.0874630715139916e-05,-0.00022860994956197458,0.00034133654618004176,-0.037788982454710164,0.003988688861293097,-0.010270466551772554,2.8188181299943007e-06,-0.0035115272174123966,0.0006734392775100437,-0.0071873861189328345,-3.388815050567607e-05,-0.00019874727297862087,-0.0012057768134736302,0.0,-0.00010853316687527151,4.349782299502479e-05,2.8674545269681654e-05,-0.000135152084656187,0.0007608468222570447,0.00033848695291889986,0.0019909626361376753,-0.00020767675442812946,0.0053268402657560875,-0.001006119602896742,-0.0018591257422386335,0.00043853809373691714,-0.0009271601859107791,-0.0004820971274824369,-0.00014472407168465918,0.0005712494632740415,0.00014919374663986115,0.009477213104429009,0.004413661331582917,0.0012796709846274773,9.67184149727231e-05,-0.0008791197668518748,-0.000752062855054639,0.0031760131089568393,-0.00200183659644277,-0.0006938435282905421,0.0008508524104429181,-0.00039910071920728227,0.0019357235978593446,0.0021934179934848296,5.739728727024987e-05,0.0007902398883853529,-0.0018923019642492814,0.001683268822740119,-0.0009187430581475052,8.742348490000825e-05,0.0001301317131284601,0.0,0.0008749538288942325,-0.0008281123442392499,-5.985861388332594e-05,0.00055606103462005,-0.00013630183064342676,0.00010248600987253152,0.0004195457468522284,0.00027941095033252633,0.004235697563216317,0.00020997401285100106,9.280946754197032e-05,0.0005262323861800932,-0.0001173310348647814,-0.002227162798757066,-0.00021774276046297378,5.706397939420852e-06,-0.0010729372467731947,-0.0004025390283420594,-0.005112784982206335,-0.0007673576181767908,0.0021688209642240913,-0.00024333191250016446,0.002186273660709427,0.0022476543986630366,-0.0004359357319714504,-0.0020092477195015465,-0.001924954736832589,0.0014574609005137717,0.0010233823517592547,-0.0006096287768201741,-0.00014057365443676298,-0.0006244689951790959,0.00013218991869495554,-0.0008433405927958281,-0.00034338842530968366,0.00028220353242341457,0.0008568625421542453,0.0,0.0,0.0,0.0,0.0,0.0,0.0,0.0002140068443999946,0.0,0.0,-0.000163139898646598
2023-03-22,-0.0003472720201973351,-0.0002536013598775001,0.0003731164448203003,-0.001324934690708903,-0.00012444953664161228,0.0007637691201986012,0.0,-1.4080214841477976e-05,2.8760888093568387e-07,0.00024234724771834032,-2.0874630715139916e-05,-0.0007693911984473273,-0.0014364805351319112,-0.03701660951858568,-0.0028420286451256473,-0.010183970023925388,1.3140194697642822e-05,-0.003897059739898454,0.0004834612848939126,-0.005649340264973387,-3.388815050567607e-05,-0.00011010383826607422,-0.0014861681327212174,0.0,-0.0006634806787040125,0.00011894020573542338,2.8674545269681654e-05,-6.49689678211976e-05,0.0002456164179521466,9.686675899560017e-05,0.0014112378714777514,0.000964438763844318,0.007043776785459038,0.0016892674154647654,-0.00035276428393697624,0.00043853809373691714,-0.00189455392309677,-0.0005563995865515869,-0.00014472407168465918,0.0005335885053962977,-0.0005604582905975972,0.008661675430951806,0.005489178539091468,0.0017821872177649094,9.67184149727231e-05,-0.0010715031945569243,-0.000752062855054639,0.0024059999293867106,-0.001470972265003005,-0.000797061162297275,0.0008508524104429181,-0.0001884198928506613,0.0019357235978593446,0.001963009831402946,5.739728727024987e-05,0.0007902398883853529,-0.002272016343221012,0.0021916146588936455,-0.0017053299916584134,1.6522375494182882e-05,0.0001301317131284601,0.0,0.0008749538288942325,-0.0003205503169214715,4.281917552996568e-05,0.0005440985125053415,-0.00013630183064342676,-0.0005353881799134766,0.0004195457468522284,0.00029290560748314483,0.004156272299918044,0.00020997401285100106,3.649677495095303e-05,-0.00021974829666285772,-0.0001173310348647814,-0.002227162798757066,-0.00018006896645054071,-0.000525191613005454,-0.0012405687313194898,-0.0007126970956868035,-0.005470227184161232,-0.0009034315997452513,0.001475969867727099,-0.0002630284709360571,-0.00032188303611227107,0.0024640332638186653,-0.0004359357319714504,-0.0007854785013852399,-0.0019612996615711075,0.0014574609005137717,0.0010945128368666382,-0.001213975582185689,-0.00021493851522500678,-0.0004092108970471694,9.789008279081354e-05,-0.0008843926832649408,-9.736207130727603e-06,-0.00010069897568556454,0.0018287280612583967,0.0,0.0,0.0,0.0,0.0,0.0,0.0,0.0002140068443999946,0.0,0.0,-0.000163139898646598
2023-03-29,0.0001823585560488997,0.0005440258108396756,-0.00010617660826391879,-0.002504083709203341,-8.122082464620354e-05,0.0007100255622479689,0.0,-4.8058028872851416e-06,2.8760888093568387e-07,6.976041464795812e-05,-7.40921324937842e-05,-0.00047297014861597317,-0.0013024741946056325,-0.02875211174631961,0.00355922927704513,-0.010921883455328067,1.3140194697642822e-05,-0.00414969430703031,0.0005826906901337721,-0.006140892798543243,-1.981260561229901e-05,-0.00019874727297862087,-0.0012057768134736302,0.0,-0.0005963081404536661,0.00011894020573542338,-1.9734460843214722e-05,-0.0003503754997817148,-0.0012949760231733476,-0.0005102706872773042,0.0003590302592482504,0.0009489748023739775,0.005439583266495041,0.001820021645451504,-0.0005168446914326193,-0.0001486493258683077,-0.0018565993571724312,-0.0005563995865515869,-0.00014472407168465918,0.0005335885053962977,-0.00036604249461036467,0.009122354731596047,0.004087888299462771,0.000826537704116903,9.67184149727231e-05,-0.0016513943926654482,-0.0006280953018569182,0.0032820728215671663,-0.001919755209106642,-0.000797061162297275,0.0003231447886291234,-0.0002804247447101564,0.002132064381465396,0.002081737446296859,5.739728727024987e-05,0.0007335165446849838,-0.002078658965010254,0.001683268822740119,-0.00172285862810195,8.585232118188166e-05,0.0001942827314171153,0.0,0.0008749538288942325,-0.0007016808238900358,4.281917552996568e-05,0.0005080074863117931,-9.930147689562696e-07,-0.000614563436802533,0.000566793272720326,0.0004666574617038282,0.0033897178904081955,0.00020997401285100106,-0.00028341998470126945,0.0016794741162736997,-0.0005302826186260823,-0.002227162798757066,-0.00013983335437586786,0.00010456026146219769,-0.0014988834158198528,-0.0004025390283420594,-0.005561366770154583,-0.0007239379756101366,0.001475969867727099,-0.0006671651107949303,-0.00032188303611227107,-0.001115308132951626,-0.000914431520379514,-0.0007854785013852399,-0.001924954736832589,0.001046936009576951,0.0013198370704168825,-0.0012171259206460107,-0.00016440404321244474,-0.0004547131905450545,4.6993721786460735e-05,-0.0008433405927958281,0.00017535264447282443,9.914417411979048e-05,0.0012097591687841476,0.0,0.0,0.0,0.0,0.0,0.0,0.0,0.0002140068443999946,0.0,0.0,-0.000163139898646598
2023-04-05,0.00022273445162497533,0.0014840312529195345,-0.00014187519382675444,-0.0015649037500534036,-2.7834457440899062e-05,0.0004562223783692009,0.0,-4.8058028872851416e-06,2.8760888093568387e-07,-0.00015796128378354034,-7.40921324937842e-05,-0.00047297014861597317,-0.0013339958317270609,-0.019039901709473537,0.0026624328484736214,-0.011387133759351369,-4.580079008570616e-06,-0.003916944951381266,0.0009549763831638461,-0.0012324617908159973,-1.814808205735952e-05,-0.00041818950466728286,-0.0011724997933052783,0.0,8.82210732437553e-05,9.487820339572502e-06,-1.9734460843214722e-05,-0.0003503754997817148,-0.000701764457963722,-0.00036886160561974717,0.0027494271627510553,0.0015272883531664888,0.005565127931346651,0.0017983272646802967,-0.001361693058245067,-0.0002424817732547736,-0.0015574434815649762,-0.0008983075592123911,0.00015744029122821029,4.5427984608967015e-05,2.3626891831001386e-05,0.003791203524808228,0.004087888299462771,-0.001697849540672872,9.67184149727231e-05,-0.0008796013355898925,-0.0007690848264494392,-0.00442675946262633,0.00021397441065115023,0.0033170739777904816,0.000908734758457841,-0.0002804247447101564,0.002132064381465396,0.0015448651582549318,4.1892267192452745e-05,0.0007947282280864156,-0.0005151162602009278,0.0016991395915218045,-0.002054989727029454,-0.00022672092434864458,0.0006209917757948779,0.0,0.0021515487228697928,-0.000699444890818174,-5.985861388332594e-05,-0.0009076701005444574,-0.0003843791589929085,0.0004879736382296338,0.000526127044956535,0.00011935758882768075,0.004307222183510714,-0.0005554665921082677,-8.466908161159354e-05,0.00026793421928199285,-0.00020711112412836568,-0.002227162798757066,0.0003487955992508712,7.216676875173677e-05,-0.00020108627174276518,-0.0007126970956868035,-0.0032775492076506834,0.001484029071393857,0.0005330381321528567,-0.0007832961321951578,0.0020999776605446414,-0.0005908724778396733,0.0005614952481940476,-0.0005432330920271683,-0.0015097929202050058,0.001689672333082586,0.001248706585309499,-0.0014738555969068471,0.0016433815181431388,-0.00027307028811238913,-0.00018343663378847074,-0.000796906491122112,0.0018597890720271697,0.0005543175318292281,0.0012097591687841476,0.0,0.0,0.0,0.0,0.0,0.0,0.0,0.00025379127069628414,0.0,0.0,-0.000163139898646598
2023-04-12,0.0002056037693181177,0.0011690040094904316,-0.00021900675788180367,-0.0020301527726449336,-0.000268326994488766,0.0006640194231977781,0.0,5.380807428410303e-06,2.8760888093568387e-07,-0.00015796128378354034,-7.40921324937842e-05,-0.0007883044050068554,0.0009206615793802431,-0.021637282962660133,-0.0015950875893258895,-0.011200096353865732,1.3140194697642822e-05,-0.004137722190840915,0.00010729910776572074,-0.000979855850297226,-1.814808205735952e-05,-0.0003295460699547362,-0.0014528911125528655,0.0,8.82210732437553e-05,9.487820339572502e-06,-1.9734460843214722e-05,-0.00012139753568989246,-0.000701764457963722,-0.00036886160561974717,0.0033077407563857604,0.0015272883531664888,0.00601661875172983,0.001667573034693558,-0.001272443155113657,4.369304928597457e-05,-0.001736074547164987,-0.0008983075592123911,0.00015744029122821029,4.5427984608967015e-05,-1.9157288098435716e-05,0.00402648229125295,0.004859222995075998,-0.002268166820307381,9.67184149727231e-05,-0.0008796013355898925,-0.0007690848264494392,-0.0051239691978745465,1.5892115233537383e-05,0.003262778456257864,0.0008813106557476811,-0.00015232424445731034,0.002132064381465396,0.0015448651582549318,4.1892267192452745e-05,0.0007335165446849838,-0.0008948306391726583,0.0021750214139157815,-0.0017561402237791992,-8.744870428252751e-05,0.0006209917757948779,0.0,0.0021515487228697928,-0.00023801068898131133,-5.985861388332594e-05,0.0005309229491853833,0.0001639567022178358,0.0004879736382296338,0.000526127044956535,0.00011935758882768075,0.005831428459984962,-0.0005554665921082677,-4.888820819608011e-05,0.0006280637984027666,-0.00021102597532714632,-0.002227162798757066,0.00048494258554482696,0.0008243979192551225,-0.00022941763756832815,-0.0007126970956868035,-0.0024582422674456032,0.002429806627868867,0.0012258892286498486,-0.0005023777686392484,-0.00023419124287983055,-0.0010985638085587873,0.0005614952481940476,-0.0005432330920271683,-0.0015461378449435242,0.001046936009576951,0.001248706585309499,-0.0014008686404228727,0.0012181738051031071,-0.00024585929537213156,-0.00018074332590223936,-0.000796906491122112,-0.001002835446512404,0.0003712581735256041,0.001419430347694301,0.0,0.0,0.0,0.0,0.0,0.0,0.0,0.00025379127069628414,0.0,0.0,-0.000163139898646598
2023-04-19,-0.0003171782578360882,-0.0005607180091560556,-0.00029010777818618206,-0.0020316934222121786,-0.0003412231894044485,0.00010139906100120751,0.0,5.380807428410303e-06,2.8760888093568387e-07,-0.00015796128378354034,-7.40921324937842e-05,-0.0007240938274966674,0.0008616103709011239,-0.03338349899163719,-0.0021382614108054437,-0.011016599915909687,-4.580079008570616e-06,-0.003661477401349568,-0.0008894730112476573,-0.0031080443955051502,-3.005265660394111e-05,-0.00022319865960333335,-0.00118655715593757,0.0,-0.00010720783870510841,0.0003495504678056444,-1.9734460843214722e-05,-6.49689678211976e-05,-0.0005990142780683067,-0.00036886160561974717,0.0031050419655802505,-0.0004926654963435025,0.005834918734584928,-0.0017392815187515802,-0.0003032695114534517,4.369304928597457e-05,-0.0017154844614801548,-0.0015922935510780311,0.00015744029122821029,4.5427984608967015e-05,0.0003040157217381789,0.004194967846113116,0.004475262877324486,-0.0007194208445807497,9.67184149727231e-05,-0.0007996608875378024,-0.0008674138710532543,-0.0037384515684588102,0.0002406980583135068,0.0033170739777904816,0.0008813106557476811,-0.00034089675041950327,0.002132064381465396,0.0016337828268689508,4.1892267192452745e-05,0.0009051041939144638,-0.0015774279990749198,0.0021750214139157815,-0.0023366744107325738,-0.00022672092434864458,0.00018380924523161063,0.0,0.002000193186542587,-0.00031831438384960964,-5.985861388332594e-05,0.0003141329216600291,0.0004128359466865382,0.0003603180786585583,0.000663888003704541,0.0006582940171750623,0.006165027217070654,1.5784335201292704e-05,-0.0002630616001129645,0.0017869662680721696,-0.0002090505869514257,-0.002227162798757066,0.0005968071171992338,0.0005268257992199776,-0.0005169923370029711,-0.0007126970956868035,-0.0007078334423021649,0.001612235446541068,0.0012258892286498486,-0.0006719354706444448,0.0010827203148049296,-0.0015309874663516918,-0.00016293817475932908,-0.0007854785013852399,-0.0015461378449435242,0.001046936009576951,0.0008637220420255299,-0.0013121116721912976,0.0008682225341159167,-0.000532590300584714,-5.0497861133124675e-05,-0.000796906491122112,5.05329547253801e-05,0.0004498179184370642,0.0006376266933232108,0.0,0.0,0.0,0.0,0.0,0.0,0.0,0.00025379127069628414,0.0,0.0,-0.000163139898646598
2023-04-26,-0.0007017021293018633,-0.0005607180091560556,-1.5730967281479754e-05,-0.0020516151843838907,-0.00042195452465253343,0.00022173420430272802,0.0,-2.426682515717342e-05,2.8760888093568387e-07,0.00046489027090516145,-7.40921324937842e-05,-0.0004577992164347644,-0.001443223511815903,-0.03623650700640185,0.0024726059505306435,-0.008709377853471522,1.3140194697642822e-05,-0.003805480395174851,0.000216027089352295,-0.0037346516707279648,-3.005265660394111e-05,-0.0004377396702677815,-0.0010950596924890047,0.0,-0.00012666970576771528,0.0003495504678056444,-1.9734460843214722e-05,-9.966666989530239e-05,0.00034744207715001906,-0.0001477058253718911,0.002972242674925277,0.00019450996094405766,0.004911333370794599,0.00043599356879808353,-0.0007191333339995798,4.369304928597457e-05,-0.0014542121453502733,-0.0015179910920088812,0.00015744029122821029,-0.00040932446131140203,0.000373668054240026,0.004463853244221428,0.004086771435127643,1.611327525212305e-05,9.67184149727231e-05,-0.0007913016630200979,-0.0008674138710532543,-0.002958202656069927,3.2286965725558924e-05,0.003262778456257864,0.0008746634187418475,-0.00034089675041950327,0.002132064381465396,0.0013614943999340795,4.1892267192452745e-05,0.0009051041939144638,-0.0015774279990749198,0.0016991395915218045,-0.003834854956415481,-0.00022672092434864458,0.00018380924523161063,0.0,0.0021515487228697928,-0.000825876411167388,-5.985861388332594e-05,0.0005080074863117931,0.00022515226324251945,0.00027357624175859414,0.000526127044956535,0.00022719063874830815,0.005407392469108699,1.5784335201292704e-05,-0.00029884247352847794,0.0010785136193877057,-0.0002090505869514257,-0.002227162798757066,0.0005968071171992338,-0.00022540535128340804,-0.0006199558642224327,-0.0007126970956868035,-0.0031490430909448903,0.0015793851124325565,0.0005330381321528567,-0.0006104401208985628,0.0010246591597482847,-0.0010897315933278689,-0.00016293817475932908,-0.0015466743824863335,-0.0015461378449435242,0.0011860108189156754,0.0008637220420255299,-0.0013386348512747078,0.0009237912647067628,-0.0005167746695790602,-5.319116901935609e-05,-0.0008843926832649408,0.0014014909312386793,0.0004498179184370642,0.00042136854813266933,0.0,0.0,0.0,0.0,0.0,0.0,0.0,0.00025379127069628414,0.0,0.0,-0.000163139898646598
2023-05-03,0.0004015601994467292,0.0011690040094904316,-6.796892963670144e-05,-0.0019846788661620055,-0.0003317796380539369,-0.001364836839324045,0.0,-2.426682515717342e-05,2.8760888093568387e-07,0.00040614636157538196,-7.40921324937842e-05,0.00011668037526716625,-5.687701567967982e-05,-0.023940751511535217,0.0021923931512165223,-0.011100074762637817,1.3140194697642822e-05,-0.005818797895383263,0.0009082591367577842,-0.002535137389659013,-1.814808205735952e-05,-0.00031729440241545575,-0.0012823944139178016,0.0,0.0004547112362236728,6.162820165889664e-06,2.8674545269681654e-05,-0.0001988094901035148,0.0005408402029268727,-0.0005732602066372485,0.002219221690760932,0.00014187621353207368,0.004128743512502414,0.001008253604280434,0.0002529553243395515,-0.0008674259159108937,-0.001395303692202422,-0.0015179910920088812,0.00015744029122821029,-0.0004448411516915783,0.00014410728232965177,-0.00197286150469279,0.004515836634060838,0.0010300038731379684,9.914398448607588e-05,-0.0009368569607737368,-0.00043354275812106834,-0.004860307163318289,-0.0016897616553542573,-0.0008476886222678307,0.0011847781751669396,0.00029990119029035605,0.002039592211606558,-0.0015346479975505568,5.739728727024987e-05,0.0006224939978291236,-0.0007921823062902024,0.0014534265189888509,-0.0020528516535237326,-0.00020281917484352537,6.0351955497856555e-05,0.0,0.00208029636448857,-0.0006970599357356803,-5.985861388332594e-05,0.00055606103462005,0.000408831122024406,1.0648505678651764e-05,-0.0004861639388834389,0.0003060511200673865,0.005181836796405616,0.00020997401285100106,-0.0003214102429652181,-0.0008279918706734293,0.00012608183620074336,-0.0024741504607196413,0.000647026843226111,7.216676875173677e-05,-0.00048535196354114295,1.2958907890440162e-06,-0.004972238093292682,0.002396956293760355,0.001475969867727099,-0.00022177143015652227,-0.000254791394968019,-0.0007643511462302311,0.00010282115431799524,-0.0013077968742439476,-0.001924954736832589,0.00015657995504202152,0.0009512833675050656,-0.0007712718893666453,-0.0016569753233219597,-0.0002499882409866367,-5.2407299539005824e-05,-0.0007527626750134665,-0.001189698443408043,3.8006377065994247e-06,0.0002424691713440889,0.0,0.0,0.0,0.0,0.0,0.0,0.0,0.00025379127069628414,0.0,0.0,-0.000163139898646598
2023-05-10,0.0004015601994467292,0.0011690040094904316,-4.9448545342523856e-05,-0.0020141484552606485,-0.0002577210814034031,-0.0008121465585815744,0.0,-1.4080214841477976e-05,2.8760888093568387e-07,-0.00028947927579400237,-7.40921324937842e-05,-0.0001986538811237159,-0.0015201441372952166,-0.024856403935042567,-0.0018362838878193148,-0.008357829488242006,1.3140194697642822e-05,-0.0055980206559236145,0.0004433475176289054,-0.0025964205993001385,-1.814808205735952e-05,-5.2657291244127476e-05,-0.0012362666923780592,0.0,0.0004547112362236728,6.162820165889664e-06,2.8674545269681654e-05,-2.1448693707731316e-05,0.0005408402029268727,-0.00035210442638939233,0.0020197734063139073,0.00014187621353207368,0.004171054538858635,0.0011389885124237441,0.000437997501961166,-0.0008674259159108937,-0.0013126624416725512,-0.0015922935510780311,0.00015744029122821029,-0.0004448411516915783,3.006110977944433e-05,-0.0023944243542836884,0.005163136029316225,0.0010756171821163568,9.914398448607588e-05,-0.0010636255387772376,-0.00043354275812106834,-0.0048159443217252965,-0.0013758165044611323,-0.0008476886222678307,0.000962028712450232,0.00029990119029035605,0.002039592211606558,-0.0015346479975505568,5.739728727024987e-05,0.0007023143206798868,-0.0007921823062902024,0.001929308341382828,-0.0029770500100256337,-0.00013051641273156378,6.0351955497856555e-05,0.0,0.00208029636448857,-0.0004100810964356643,-0.0002864781377971458,0.0005518382845543199,0.000408831122024406,1.0648505678651764e-05,-0.0004861639388834389,0.0003060511200673865,0.005098452267405971,0.00020997401285100106,-0.00038788802034668926,-0.0011958933471553986,0.00010692779361848363,-0.0024741504607196413,0.0008208476235324998,7.216676875173677e-05,-0.00048535196354114295,1.2958907890440162e-06,-0.006094019252014773,0.002372092032545986,0.001475969867727099,-0.0006611194191544344,-0.000254791394968019,-0.0012361745924906807,-0.0017549292032431496,-0.0007504821910330033,-0.001924954736832589,0.00015657995504202152,0.0012721106727347988,-0.0008528695740674632,-0.0016163896127083686,-0.00041899977122575023,-5.2407299539005824e-05,-0.0007527626750134665,-0.0008339453901178241,-0.00010069897568556454,0.0007275393870179718,0.0,0.0,0.0,0.0,0.0,0.0,0.0,0.00025379127069628414,0.0,0.0,-0.000163139898646598
2023-05-17,0.0004329265441094477,0.000665536825921263,-7.806298691018456e-05,-0.0014290801668349691,-8.648602213411928e-05,0.0006367088506308607,0.0,-4.8058028872851416e-06,2.8760888093568387e-07,-0.0004879209019885175,0.00014970483864831306,-0.0001650757834284476,-0.0009797312633276988,-0.013112383669776882,0.0020050700449492018,-0.010662362729874312,1.3140194697642822e-05,-0.0055980206559236145,0.00030398343460373513,-0.0006640485681463637,-2.4915114098448342e-05,-0.00018861003984371264,-0.0011391702402723345,0.0,-5.9497167517368876e-05,3.549724472824981e-05,2.8674545269681654e-05,-0.0003338508106601615,0.0002932361643026555,0.00015092561028450104,0.0009829537607064904,0.00014187621353207368,0.0039294398551431055,0.001008253604280434,0.0004494445049598577,-0.0006818381535675557,-0.0011058346131106883,-0.001401625965504986,0.00015744029122821029,-0.0004448411516915783,0.00025192205718183703,-0.0031682807425343447,0.004087618821807674,0.0011892507067708634,9.914398448607588e-05,-0.0014057717161365493,-0.00043354275812106834,-0.006190268334190372,-0.0015652786095286325,-0.0005693133961351248,0.0012544852877021057,0.0001846579687849346,0.002039592211606558,-0.001459183268646148,5.739728727024987e-05,0.0006224939978291236,-0.0007921823062902024,0.0006156993528521293,-0.001676380467707257,-0.0002378663617991863,6.45588136984069e-05,0.0,0.00208029636448857,-0.0010395823712367924,4.66747355034116e-05,-0.0005472013399744746,0.00015583216580051607,0.00025300884539158756,-0.0004861639388834389,0.00048176205636525827,0.004383531816238622,8.990581849064902e-05,-0.00016528323465958163,-0.0014240923748148637,0.00012608183620074336,-0.0024741504607196413,0.0006469489499376586,-0.0003395715620317705,-0.0009431379746328973,1.2958907890440162e-06,-0.005762193920930806,0.0015854325724629938,0.0014977213636876735,-0.0006481402958569797,-0.00038017005526779624,-0.0012940323914256003,0.00010282115431799524,-0.0013077968742439476,-0.001924954736832589,0.0007993162785476564,0.0012542861746305668,-0.0007883551445422035,-0.0017634024564465067,-0.00036554985945813417,-0.00018265276430812048,-0.0007527626750134665,-0.00033832204653696987,0.00017983765545618024,0.0010544916596765966,0.0,0.0,0.0,0.0,0.0,0.0,0.0,0.00025379127069628414,0.0,0.0,-0.000163139898646598
2023-05-24,-0.00027873020691958865,-0.000430470312831355,-8.972174095339958e-05,-0.0004812167574732509,-0.00031489450757421917,0.0007293999847773833,0.0,5.380807428410303e-06,2.8760888093568387e-07,-0.00028947927579400237,0.00014970483864831306,-0.000649647877840182,0.00024403115879204169,-0.03403090392278945,-0.002285163627294268,-0.008415305652330524,-4.580079008570616e-06,-0.005143866958631681,-0.0008597319719431409,-0.0028130760726666135,-3.005265660394111e-05,0.00040203574626152287,-0.0011262888634293708,0.0,-5.9497167517368876e-05,3.549724472824981e-05,2.8674545269681654e-05,-0.00016169791450665116,-1.910071732731776e-05,0.00015092561028450104,0.0011248835187927572,0.00030483846448004317,0.0023354829830125315,0.0009658821359622508,-0.0004645888191265413,-0.0006818381535675557,0.0005073102887363424,-0.0008983075592123911,-0.00020432109356538115,-0.0004448411516915783,0.000903932731469132,-0.003083270541354416,0.004867562688145708,0.0012295769828950625,9.914398448607588e-05,-0.0011871513390216686,-0.00037566738034532543,-0.005065249720998937,-0.0011826088237908742,-0.0002755995332453682,0.0009779289956905507,0.00011132868432816315,0.002039592211606558,-0.00151010481962485,5.739728727024987e-05,0.0007637383913846609,-0.0008338847631312607,0.0003527516728457958,-0.002800570523699476,-0.0002378663617991863,-0.00023448171626887243,0.0,0.0020562155762145883,0.0007108609271011877,-5.985861388332594e-05,0.0005566681796190043,-0.000337755151043957,8.963785401081468e-05,-0.00032639806051458617,0.00048176205636525827,0.005831312719856735,0.00020997401285100106,-0.00015147387822144119,-0.0011143688600398424,0.00010890318199420425,-0.00031008653935062574,0.00044975121617575023,0.0004222177630385886,-0.0006638602306983006,1.2958907890440162e-06,-0.00404597180692213,0.0015688757587321613,0.0021688209642240913,-0.00021694421860832857,0.001663715752050497,-0.0008707698948513363,-0.00020796056931298964,-0.0007854785013852399,-0.0019612996615711075,0.0004963589052694978,0.0017123982352346963,-0.000667840289011541,-0.00209267289850934,-0.00041899977122575023,-0.00018265276430812048,-0.0007527626750134665,-0.0008746734496238028,0.0004498179184370642,0.0006095097090708246,0.0,0.0,0.0,0.0,0.0,0.0,0.0,0.00025379127069628414,0.0,0.0,-0.000163139898646598
2023-05-31,0.00019307265984994213,-0.0007083911915433174,-7.167224275070509e-05,-0.00018439874519658245,-0.00031489450757421917,0.0002581193240718918,0.0,-4.8058028872851416e-06,-1.546263396015136e-05,0.00027265662167472464,-7.40921324937842e-05,9.704621973823685e-05,0.0003003156849139193,-0.03340059712480632,0.0011760170341572585,-0.008840369221265229,1.3140194697642822e-05,-0.006023865589517544,9.116595978598014e-05,-0.003648900703695483,-1.814808205735952e-05,0.0005201158625537899,-0.001209105299771335,0.0,-0.00012666970576771528,3.910394344269691e-05,-1.9734460843214722e-05,0.0003778669495316762,1.5930748577650406e-05,-0.0001467982195685744,0.0011572291252505097,0.00039445439437603885,0.00220798392990434,0.001412603027683053,-0.00039683103861158344,-0.0001588749868029291,0.0004546005759310215,-0.0007787098679344438,-0.00020432109356538115,6.453621265766412e-05,0.0009764010372473763,-0.0022635947988556165,0.004494915705259835,0.0006523002281685633,9.914398448607588e-05,-0.001723272904194052,-0.00037566738034532543,-0.004416895955509491,-0.0006529351161106188,-0.0005297912098417645,0.0009930528227312056,0.00023942918458100918,0.0019357235978593446,-0.0013855214988764408,5.739728727024987e-05,0.0009404638901627902,-0.0009153630907900556,-0.00019481822814733734,-0.00206815606992764,-0.00013051641273156378,6.0351955497856555e-05,0.0,0.00208029636448857,0.00029160261462900293,-5.985861388332594e-05,0.0005029196873920452,0.000506727968600857,0.00010490678297448309,-0.00034562772384648415,0.0002710024824733679,0.0064579192028405485,0.00020997401285100106,-0.00038837309264590713,0.0004438707197335953,0.00020359747507397985,-0.00031008653935062574,0.00041207742216331717,0.0007197898830737335,-0.0003823884363216813,-0.0007126970956868035,-0.0044395856114324925,0.0016370997077554375,0.0021688209642240913,-0.00025156920846723435,3.490896137351565e-05,0.0022507580619999345,-0.0012955617460198648,-0.0013427931845961844,-0.001924954736832589,0.001614278012322818,0.001465486354137055,-0.002726151316892932,-0.001907623726972986,-0.0005622253796516748,-4.4549588083178654e-05,-0.0008843926832649408,0.0009171538412161254,-0.00010069897568556454,3.584866298145923e-05,0.0,0.0,0.0,0.0,0.0,0.0,0.0,0.00025379127069628414,0.0,0.0,-0.000163139898646598
2023-06-07,-0.0005558848005804784,-0.0005880383918300626,0.0001963968322838331,-0.0004352095529206675,-0.0006564580109797085,1.392490821610715e-05,0.0,-1.4080214841477976e-05,2.8760888093568387e-07,0.0008387108052190296,-2.0874630715139916e-05,-0.0009368096154163421,0.00011327198512141477,-0.03553576642718851,-0.0024145558823755364,-0.008264812607084837,-4.580079008570616e-06,-0.00447496897792051,0.0008174441177559659,-0.006146821571164602,-5.5616652804657245e-05,0.00028140082136374455,-8.077101027900492e-05,0.0,-0.00014536028860231008,0.0003747260700858114,-1.9734460843214722e-05,0.00032081786648253496,0.00023559926231035043,0.00023933766669832098,0.00039165412053250126,0.0005219111532821451,0.003061158336621676,0.001221700171033839,-0.0005535270865843642,-0.0001588749868029291,0.00019869858911977355,-0.00020611195532793084,-0.00020432109356538115,6.453621265766412e-05,-0.001575261265047196,0.009364535171929714,0.00502695121664477,0.0014511700857228788,9.67184149727231e-05,0.0006181486094326789,-0.0005958584326750811,-0.004812587463044157,-0.001301726097464619,-0.0011848212054033685,0.0008481876337359834,0.0002950536804179121,-0.0009543126978643837,-0.0015228422479928573,2.0074110362865932e-05,0.00047281576466538415,-0.002290665823583142,5.08948443856162e-05,-0.0044241551404833905,-0.00013051641273156378,-0.0002853836114035595,0.0,0.001962968760668834,0.0007010520445754152,4.281917552996568e-05,0.0002367852670222017,0.0006814481059899001,-0.0005773571247567693,0.0005600819618891831,0.0009517688389961684,0.008269164596518514,0.00020997401285100106,-0.00034720000199606,-0.0003791607443104611,-0.00036512525715994736,-0.0004305797896546978,-7.279946029872012e-05,-0.00024779426078835865,-0.0004956132991824464,-0.0006946399395562066,-0.00404597180692213,0.0015688757587321613,0.0021688209642240913,-0.0003362229266629936,-0.0002372486087299014,-0.0008875409098535639,-0.0011053024749307025,-0.0013427931845961844,-0.0019612996615711075,0.001614278012322818,0.0012283246376605488,-0.0032156804472511934,-0.0002680778802842353,0.0009833782385451442,0.00020730253086268354,-0.0006177905723047155,-0.000765300082347014,-0.00010069897568556454,0.0007500968750852403,0.0,0.0,0.0,0.0,0.0,0.0,0.0,0.00025379127069628414,0.0,0.0,-0.000163139898646598
2023-06-14,0.00039883546211675637,-0.00040314993015734806,0.0004267960037332312,-0.00013050020097761674,-0.0006564580109797085,0.000662958654026608,0.0,0.0001067505003387403,-1.546263396015136e-05,0.0010192133156484329,-7.40921324937842e-05,-0.0014071540566620772,-0.0010946476405381445,-0.03490220438738936,0.0021476954207432335,-0.007764765758242695,1.3140194697642822e-05,-0.004896177596372252,0.0003525324986270871,-0.001978193026279526,-5.5616652804657245e-05,-0.0006938337152963469,0.00016960231127322823,0.0,0.00024461235208662294,3.411421601533902e-05,-1.9734460843214722e-05,0.0003009022171392321,0.0005690913860785765,-0.00026858066197934204,0.0011339256861265111,0.0003997678859544631,0.0018849561860675994,0.0013524544010205778,-0.0005808410926321401,-0.0001588749868029291,0.0005617972277675753,-0.00020611195532793084,-0.00020432109356538115,6.453621265766412e-05,-0.0017082459024607966,0.009946346667936094,0.004427400885650703,0.0010491622545599141,9.67184149727231e-05,0.001236619980404756,-0.0005958584326750811,-0.00472031950726203,-0.0011129019263173702,-0.0008451738189332029,0.0008481876337359834,-9.32730002977117e-05,-0.0009543126978643837,-0.0015473854259185644,1.5578764621228006e-05,0.00032012659418477436,-0.0012264923536570644,0.0005984647453787493,-0.004712582451543759,-9.859414173306924e-05,-0.0004557123608744966,0.0,0.001962968760668834,-0.0003906458259102758,-0.0002864781377971458,0.0001743575444420726,0.0002759650267459092,0.0011879723290247899,0.0005600819618891831,0.00048176205636525827,0.006965109926598603,0.00020997401285100106,-0.0008476654792282694,-0.0003532393542154155,-0.0003842792997422071,-0.0004305797896546978,0.00010102132000766874,0.00010638123924031893,0.000543564279935026,-0.0006946399395562066,-0.005561366770154583,0.0014782508745430215,0.002220375563325694,-0.0008986265862325081,-0.0002372486087299014,-0.0008409284392471118,-0.0011053024749307025,-0.0007854785013852399,-0.001924954736832589,0.001614278012322818,0.00048200919331707165,-0.0033388193060568416,-0.00021799875231705746,0.0011094403934946869,0.00016505327216651146,-0.0006177905723047155,0.0009362481896244425,0.00026675856013344014,0.0012468051465373963,0.0,0.0,0.0,0.0,0.0,0.0,0.0,0.00025379127069628414,0.0,0.0,-0.000163139898646598
2023-06-21,0.00039883546211675637,0.0005926476281074944,-0.0001651493526125133,0.0005977493412950132,-0.0002891497145848746,-0.0020255366350023043,0.0,3.500455526260508e-06,2.8760888093568387e-07,-0.0009324146847763658,-9.335279211192786e-05,0.00039099771237646703,-0.00021263485043803137,-0.02899315667532945,0.0029132433771814803,-0.0114672241174053,9.785783718556628e-05,-0.0025853811564275184,0.0007634425423790037,0.003602692121768737,-2.4915114098448342e-05,-0.00023231103825512166,0.0001725137220997014,0.0,5.139395151671672e-05,6.0672847008416846e-05,-1.9734460843214722e-05,-0.0003729958200216321,0.0005977550189816906,0.00016210559023598341,-0.003030170287927975,0.0003997678859544631,-0.0031802460520130643,0.0008270270655750155,-0.002003414335717284,-0.0004035435792730562,-0.0008709053495413912,-0.0004198986112566618,-0.00020432109356538115,-0.0004448411516915783,-0.001939473827907163,0.009814288255771278,0.005176243309209882,0.0011805274470668245,9.67184149727231e-05,0.00027095035971858424,-0.0006847736408695926,-0.005502289515928456,-0.00037693856436530395,-0.0003710856126764769,0.0006843080357311468,-3.280099458836483e-05,-0.0009543126978643837,-0.001110276402971924,1.5578764621228006e-05,0.00027857899875729294,2.3988207341761695e-05,0.000622566442689582,-0.0036196978058975512,-0.0002378663617991863,4.615576415996689e-06,0.0,0.002262452668785385,0.00015353342868908688,0.0016933543525451168,-0.0009143783899713708,-0.001329141492338033,-2.7999084165533498e-05,0.0005600819618891831,0.0009509478144842362,0.007349891335298827,0.00020997401285100106,-0.00047400218027798314,9.708382842468727e-05,0.00019565553086000622,-0.0005838886824040784,-0.0001958569855250019,-0.0003395715620317705,0.0006978917328022856,-9.201429529481133e-05,-0.0020634464139406487,0.0015902340045229842,0.0022421270592862686,-0.0005217322859699886,0.0015197216296504313,-0.000494383600980153,-0.00016753576746523922,-0.0005432330920271683,-0.0009650455070546634,0.0007134299551551309,0.0010580016717155127,-0.002530172675364013,-0.0005296278094806874,0.00012776561934593284,9.240582417166968e-05,-0.0005537703383558719,0.0004919481034145089,0.0004498179184370642,-0.0010646737135009425,0.0,0.0,0.0,0.0,0.0,0.0,0.0,0.00025379127069628414,0.0,0.0,-0.000163139898646598
2023-06-28,0.0004782748022189144,0.0006212739599892246,-6.074488652861095e-05,0.001422633374185053,-0.0003240959667687148,-0.0014017001142286915,0.0,3.500455526260508e-06,2.8760888093568387e-07,-1.910065812714385e-05,-2.0874630715139916e-05,0.0008137481044789812,9.655252115216986e-05,0.009214358296616914,0.0029693108395412683,-0.010115859922542396,9.785783718556628e-05,-0.0011305126808635586,0.00020188343334197554,0.011252125269009445,-1.814808205735952e-05,-9.297985018829136e-05,-0.000373727641323297,0.0,0.00012089781954796812,-0.0004069462229587913,-1.9734460843214722e-05,0.00024623749166367815,0.0005236375143571974,-9.651499860956181e-06,-0.0033688332967884297,0.0003574922781328834,-0.002536927206980003,0.0008525885752926364,-0.0016926303976418883,0.0001303650338946554,-0.0010265797312096676,0.0010663189184227971,-0.00018658745282582485,-0.0004448411516915783,-0.0024745699931330214,0.009618988926450384,0.004469355776789033,0.0009981133221403584,9.67184149727231e-05,0.001113061034015837,-0.0006847736408695926,-0.0062584635247390445,-0.0005648639407853929,-0.00023963922140827945,0.00137603367967291,0.00023299745035960123,-0.0009011089773308438,-0.0011445788127886123,2.9469908381700645e-05,0.0007067022931081076,2.3988207341761695e-05,0.0003798994887092255,-0.0008567771854243258,-9.859414173306924e-05,-5.003355669067034e-05,0.0,0.0010636952172137556,0.0003271108045649322,6.583206701781113e-05,0.00045993741310425306,-0.0007236206715354532,-0.00024151099037281518,0.00043666017375289446,0.0011341142369552506,0.007869230643038615,8.990581849064902e-05,0.00019209626109847837,0.00044900184912909926,0.00019565553086000622,-0.0005838886824040784,-7.22847487829555e-05,0.0007197898830737335,0.00048519065203042063,1.2691648187565272e-05,-0.0010786353739010636,0.0015014877628367381,0.002971841783882749,-0.00023168876353522446,0.0023819633055502296,-0.0008053679475472205,-0.0004883823844998314,-0.0005432330920271683,-8.900793937983612e-05,0.0009130235226040974,0.000704413500399205,-0.00285833571918982,-7.792149049284491e-05,0.0016946065273538882,9.240582417166968e-05,0.0006662001005753928,0.001140058394891974,0.00045398402382020736,0.0012218715392731594,0.0,0.0,0.0,0.0,0.0,0.0,0.0,0.00025379127069628414,0.0,0.0,-9.442793489260877e-05
2023-07-05,-0.000923354969199516,0.0003417741444184125,0.00025626180288058307,0.001089261184862994,-0.0004052746214959658,-4.8921722242036605e-05,0.0,1.3687065841955953e-05,-6.089345458120045e-05,-0.0014185524353068062,-2.0874630715139916e-05,0.0003460681976092394,-0.0002000211031385638,-0.03703596495753987,-0.002830880566794795,-0.009287362724197439,-0.000240291415832872,0.0047748412570190486,0.00046781228375377494,-0.001233965438332629,-5.5616652804657245e-05,0.00011127797102825364,0.0010009501356450946,0.0,6.481242430435828e-06,0.00011896638585800942,2.8674545269681654e-05,-0.00038092824590571224,-1.9071333988633456e-05,1.6950867302179706e-05,-0.003732272320160276,0.00015300868639595792,-0.004853762543258522,0.0005055283780771948,-0.0017750621260762172,-5.522272844868255e-05,-0.000426239749304694,0.0006426881628380727,-0.00020432109356538115,-0.0004448411516915783,-0.0015060841275215202,-0.007334990197074555,0.005057425420794324,0.0016711178820688986,9.67184149727231e-05,-0.0012642571177180495,-0.0011579714936853348,-0.006474394752980831,-0.0015362569435192724,-0.0006442996509966031,-0.0010262875485882211,-0.00027312458091164455,-0.0005814674960359328,-0.0012400466353502202,0.0005644640028345359,0.00037469503747882406,-0.0005183464989316541,0.001029336635813264,-0.0018238134550026858,-0.00024480244103353436,-0.0006715761395602474,0.0,-0.0019690184663276114,0.00011968905542229154,-0.00024215398257392302,0.0002683529619827351,0.0003499457257974865,-0.00034656250792280995,-0.00021162315959982034,0.0009509478144842362,0.005426196743009861,0.00020997401285100106,-9.68889319047351e-05,0.0011652913262452827,-0.0002191934217688771,0.00033959914094739015,-4.514821095146701e-05,-0.00019854131041962124,-0.0009451311600924977,0.0001423805960333002,-0.0040831887862873345,0.0007599885273432026,0.002111915733867772,-0.0008255439453840667,-0.0002372486087299014,-0.0005903475695436658,-0.0012935052326573352,-0.0007854785013852399,-0.00136415008315238,0.0007865910157976536,0.0009838563719552552,-0.0028342224697727567,-0.0008162792505621007,0.0026362170834551505,0.0016794404472811485,0.0001509732222870431,-0.0004203711685712864,0.0002426169767991747,0.0009898929697075918,0.0,0.0,0.0,0.0,0.0,0.0,0.0,0.00025379127069628414,0.0,0.0,-0.000163139898646598
2023-07-12,-0.0009027774689149217,-0.0007357115742173243,0.00037575018759849354,0.0010645776218415795,-0.0002567003078790016,0.0008728441448872517,0.0,1.3687065841955953e-05,2.8760888093568387e-07,-0.0014185524353068062,-2.0874630715139916e-05,-0.0025772735367919903,-0.0003134348262543922,-0.03669931375685119,-0.002640336095460243,-0.00911995053676177,-0.000240291415832872,-0.0017002562434583956,-0.0007645761588892291,-0.0027043217097774833,-3.005265660394111e-05,-0.0007808678190982832,0.0012358755682119334,0.0,-7.818775035196367e-05,6.427954572286395e-05,2.8674545269681654e-05,-0.00038092824590571224,8.24330024461802e-05,1.6950867302179706e-05,-0.004323104967198209,0.00017411666648858284,-0.004972006527583182,0.0005055283780771948,-0.0017751716546678708,0.0001303650338946554,-0.00027165693957505144,0.0006426881628380727,-0.00020432109356538115,-0.0004448411516915783,-0.0014356531047147304,-0.0074377653243207975,0.005931938749036521,0.00154994024983536,9.67184149727231e-05,-0.0010866583717953082,-0.0011579714936853348,-0.005350276346435487,-0.0018609914254084032,-0.0013536251680908247,-0.0011009659795294658,-0.0003346307544841396,-0.0005814674960359328,-0.0012400466353502202,0.0005644640028345359,0.00037469503747882406,-0.0006725538760876557,0.001029336635813264,-0.0024628859124534988,-0.00024480244103353436,-0.00045034549495462324,0.0,-0.002127695028769368,-0.0006148603570020175,-0.00024215398257392302,-0.0004966105020739084,-0.0005708171973854098,-0.0006099616904251605,2.5213521414630633e-05,7.221337310914916e-05,0.0055634001543893785,0.00020997401285100106,-0.00036093904887847745,0.0005302247333726875,-0.0002191934217688771,0.00033959914094739015,9.099877534248877e-05,-0.00025008455220916633,-0.0009305436044974195,0.0001423805960333002,-0.004093916766932631,0.0007599885273432026,0.002111915733867772,3.662071007835374e-05,-0.0002372486087299014,-0.0008100937382379149,-0.0012935052326573352,-0.0007854785013852399,-0.00136415008315238,5.062622121964304e-05,0.0009838563719552552,-0.0028007910160319496,-0.0011202182747638454,0.0022799529978259213,0.0016965715583927602,0.00023845941442987199,-0.0004203711685712864,0.0002426169767991747,0.0009898929697075918,0.0,0.0,0.0,0.0,0.0,0.0,0.0,0.00025379127069628414,0.0,0.0,-0.000163139898646598
2023-07-19,2.3590805631356693e-05,-0.0007083911915433174,0.0001963968322838331,0.0007764583633437812,-0.0002567003078790016,0.00073819470846592,0.0,2.9113570573790378e-05,2.8760888093568387e-07,-0.0005052384086575846,0.00014970483864831306,-0.002253700725318689,0.00013965907512040405,-0.03702796777571281,-0.0025110452955113007,-0.008981912627769572,9.785783718556628e-05,-0.0025216461003565627,0.0004667297089551364,-0.0021763177847171277,-5.5616652804657245e-05,-0.0010444760536352272,0.0012358755682119334,0.0,5.139395151671672e-05,6.427954572286395e-05,2.8674545269681654e-05,0.00041839038781718845,0.00020444242067845002,0.0001072426505460418,-0.004591137957472305,8.433295449955481e-05,-0.005009885172080366,0.0005055283780771948,-0.0007884702152499558,0.00016648739232587144,-1.0384623445169873e-05,0.0021039062059572513,-0.00020432109356538115,-0.0004448411516915783,-0.0014356531047147304,-0.004787131033133918,0.005627756237141195,0.0023022648193379673,9.67184149727231e-05,-0.00024454769749805515,-0.0011579714936853348,-0.006017828392750656,-0.0018627463845039553,-0.0010548561202983766,-0.001133718591074986,-0.0004350958853857748,-0.0005814674960359328,-0.001299382770794914,0.000559968657092898,0.0005451486771452269,-0.0006725538760876557,0.0007312692632832499,-0.004502135797024924,-0.00017249967892157277,-0.0007148868371251871,0.0,-0.002229111175669046,-0.0006148603570020175,2.718296524867726e-05,-0.0005306519059471892,-0.00015801807183824087,-0.000493311220648913,0.0003170830058246639,7.221337310914916e-05,0.0050117387022256855,0.00026593911180781873,-0.00036093904887847745,0.00041218351965146324,-0.0002191934217688771,0.00033959914094739015,5.3324981330055675e-05,0.00010638123924031893,0.00045975846754827565,0.0001423805960333002,0.0013136443739617655,0.0007702245859171745,0.002163470332969375,-0.0003331368494300937,-0.0002372486087299014,-0.0007579323056617432,0.00030263716957032254,-0.0013427931845961844,-0.0013171362042420124,0.0007134299551551309,0.0020649014137952668,-0.00261716903617614,-0.0009414099655456226,0.002247423684964546,0.0012084287861967482,0.0001509732222870431,-7.777483658116723e-05,0.0004171606393144565,0.0007318265442537644,0.0,0.0,0.0,0.0,0.0,0.0,0.0,0.00025379127069628414,0.0,0.0,-0.000163139898646598
2023-07-26,0.0004161080432462932,0.000665536825921263,-0.0002191971250552534,0.0003108857993529838,-0.0003374316431270866,0.0010639101736182783,0.0,0.00010175340913178435,-6.089345458120045e-05,-0.0014185524353068062,0.00014970483864831306,0.00030033986799483426,-0.00014623150417440533,-0.038603762018470565,0.003912898684294189,-0.00899452755113968,9.785783718556628e-05,0.004846931021166074,0.0008480785140960777,-0.0006950247065135475,-5.5616652804657245e-05,-0.00033600608813337925,0.001445204162448503,0.0,-7.818775035196367e-05,6.0672847008416846e-05,2.8674545269681654e-05,-8.057175808654613e-05,-1.9071333988633456e-05,0.00032908104042317853,-0.003919306027090163,0.00015079987492015408,-0.0042599925257732225,0.0007722873746294751,0.0007727012613752365,4.6196227886423575e-06,0.0013361772054358634,0.001019663141027088,-0.00020432109356538115,-0.0004448411516915783,-0.0017089964077447268,-0.005009464093321666,0.004191631363027141,0.0017184241941517208,9.67184149727231e-05,-0.0012642571177180495,-0.0012786857035489425,-0.0062509164005564,-0.002244677707625238,-0.00034553060320415506,-0.001133718591074986,-0.000836070129903861,-0.0005814674960359328,-0.0013620045454250179,0.000559968657092898,0.00046532835429446365,-0.0005183464989316541,0.0002553874408892729,-0.003927642187873905,-0.00024480244103353436,-0.0007148868371251871,0.0,-0.002229111175669046,0.00018166940981181924,2.718296524867726e-05,0.0002814655597206286,-0.0003695968603495394,-0.0005766423491641483,9.96653756957321e-05,0.00011930389607281697,0.004287249088646483,0.00026593911180781873,-0.001482329881732353,0.0008647152599671805,-0.00020003937918661738,5.7048537424632405e-05,-8.28220049639001e-05,-0.0001451391932031863,0.0007087403107831192,0.0001111633892587205,0.000763596405719307,0.0006754111031845,0.0021969939388796875,-0.0012300352471202678,-0.0002372486087299014,-0.0008405639094250974,0.00012282781466740796,-0.0021039890656972776,-0.001280791279503494,0.00018871690106253412,0.0020649014137952668,-0.0027947517322057785,-0.0006499533547544366,0.0032147274138376158,0.0016965715583927602,0.00018629583730337475,-7.378635591082853e-05,0.0004171606393144565,-8.788662907142214e-05,0.0,0.0,0.0,0.0,0.0,0.0,0.0,0.00025379127069628414,0.0,0.0,-0.000163139898646598
2023-08-02,0.0004161080432462932,0.000665536825921263,-9.262582801506765e-05,0.0005723365615220592,-0.00038881469208357683,0.0010639101736182783,0.0,7.894456289656886e-06,-6.089345458120045e-05,-0.0007339477412694933,-0.00016482026723470456,6.147503290982232e-05,-0.000432394227288123,-0.03816915635796042,0.003870073876293836,-0.00035544978573746395,9.785783718556628e-05,0.003698438472756553,0.0010973089925555347,-0.0004479655249618316,-3.005265660394111e-05,-0.00033055378003380353,0.0016761909784330893,0.0,5.4191913618175366e-05,0.00011896638585800942,7.641061323573198e-06,-0.0005530811420592225,0.00013142161511852767,-9.11876885626291e-05,-0.004089576310679088,0.00013153244256006012,-0.004922081945103585,0.0010428966466633828,0.0012501617274347945,3.1962928047181655e-05,0.001413522839622951,0.0014085257475574494,-0.00020432109356538115,0.0005365255056431031,-0.0004569574222547577,-0.0063352875043590495,0.0035055363905029534,0.0006836980408136189,0.00020152569592807808,-0.001329619740801083,-0.0012786857035489425,-0.005591622844680949,-0.001454074314332689,-0.0004336659247406769,-0.00297247303543775,0.0010625061792351584,-0.0016949096030015186,-0.0015462337027434213,-0.000148397835078442,0.0004801413099526272,-0.00028185495292532773,0.0010543547270355793,-0.0018194438772631736,-0.00017249967892157277,-0.0005479537444084363,0.0,-0.002229111175669046,0.00013139631002005364,-0.00017324149922937136,-0.00023701757624738752,-3.2041767483952734e-05,-0.0003102273210704417,9.96653756957321e-05,0.00011930389607281697,0.00500721678483216,3.664936158706688e-05,-0.00042369210190960525,-0.0021894171430275385,-0.00027588919392625876,-0.00013165814584797843,-2.498133876975515e-05,0.0003087973370921782,0.0007087403107831192,7.534205559634559e-05,0.0006135224814926714,0.000776545341074035,0.0021969939388796875,-0.00024985545451634416,-0.00019944332609338856,-0.0010310856224875556,0.0002661442863902485,0.0003620067229912206,-0.001280791279503494,0.0010231399499420499,0.0009343110986858244,0.0008487607014218654,-0.001058343931874499,0.0021004338131421843,0.00046394782642599516,-0.0005980412215277301,-0.001314149938885699,0.0004171606393144565,0.0011128732318342238,0.0,0.0,0.0,0.0,0.0,0.0,0.0,-0.0017971949295563494,0.0,0.0,-0.000163139898646598
2023-08-09,0.00041132209912806767,0.000665536825921263,-0.00016975739207011686,0.0007998715816079022,-0.0003806603551224953,0.0007502197100692774,0.0,7.894456289656886e-06,-6.089345458120045e-05,0.00017936628537972861,-0.00016482026723470456,6.147503290982232e-05,-0.0001011993118707646,-0.03955516664613901,0.0008911002904704461,-0.0008497113073456478,9.785783718556628e-05,0.005769616331828163,0.00022424096204850565,-0.0006494579576674317,-5.5616652804657245e-05,-0.00033055378003380353,0.001445204162448503,0.0,5.139395151671672e-05,6.0672847008416846e-05,5.4642432891536195e-06,0.0003829049730563038,0.00013142161511852767,-9.11876885626291e-05,-0.004050293738171045,0.00013153244256006012,-0.004911956811840147,0.0007722873746294751,0.0006525916532210559,0.00010034085025598559,0.0012648694321172908,0.002492768812487612,-0.00020432109356538115,0.0005365255056431031,-0.0005614798457705512,-0.00602266960675083,0.003601307084162773,0.0006468776824776317,0.00020152569592807808,-0.00048750906650382996,-0.0012786857035489425,-0.005895537874498115,-0.0016453969880527533,-0.0004336659247406769,-0.00297247303543775,0.0010635403470983064,-0.0016949096030015186,-0.0014748911515557307,-0.000148397835078442,0.0005599616328033905,-0.00028185495292532773,0.0015302365494295565,-0.001540151123036243,-0.0003117718989876898,-0.0007691843890140605,0.0,-0.002628139019041957,-0.0002648540776605561,-7.056370981607972e-05,0.00021125754849988328,0.0002881898785189003,-0.00039900329798674903,9.96653756957321e-05,0.00011930389607281697,0.005742730814804427,3.664936158706688e-05,-0.0005571263572750926,-0.0012831141359449917,-0.00029504323650851854,-0.00013165814584797843,-0.00029680102472284445,-0.00019854131041962124,0.0005356039312267701,4.656429592150583e-05,0.0006017348471988951,3.286851956641615e-05,0.0028898450353766793,-0.00029217334047694987,-0.00019944332609338856,-0.0009752810664842088,0.00015981267105932658,-0.002245774576742425,-0.001280791279503494,0.000663047606909819,0.001005441583793208,0.0008121597915300204,-0.0010163538774558233,0.0029312230308841825,0.00046394782642599516,-0.0005235546632811157,-0.0012005730612402908,0.0004171606393144565,0.0007861521201818598,0.0,0.0,0.0,0.0,0.0,0.0,0.0,-0.0017971949295563494,0.0,0.0,-0.000163139898646598
2023-08-16,0.00041132209912806767,0.000665536825921263,4.2287399205880636e-05,0.0011218914791907824,-0.0001674987125598773,0.0004606377372651837,0.0,4.991340726011591e-05,0.00010141251119792493,-0.0007339477412694933,-0.00016482026723470456,0.00016979565303480108,-0.000432394227288123,-0.01896914065799834,0.004197658789289754,-0.0005563635769479836,9.785783718556628e-05,0.005543146209989709,0.0008846404739293194,0.003213915177433536,-1.814808205735952e-05,-0.0005698178103853894,0.001445204162448503,0.0,5.139395151671672e-05,6.0672847008416846e-05,5.4642432891536195e-06,-9.614152350412782e-05,-1.6064172372379683e-05,-9.11876885626291e-05,-0.003709488910260521,0.00013153244256006012,-0.0051935384702774725,0.000845910714707443,0.001518216958063488,0.0002878766740433942,0.0013942010571576253,0.0009456852916211546,-0.00020432109356538115,0.0005365255056431031,-0.0003458473228551919,-0.0064495849448011865,0.003426604751222466,0.0010830509752133373,0.00020152569592807808,-0.001409560188853173,-0.0011803566589451277,-0.006496034875043447,-0.0010817497054631546,-0.00082760883274346,-0.00300413405438048,0.0010635403470983064,-0.0016949096030015186,-0.0018968094597058833,-0.00014390248933680407,0.000247129590018373,0.000973442439552805,0.0006567603024309729,0.001054377232403424,-0.00024480244103353436,-0.0004971536005832563,0.0,-0.002628139019041957,-0.00027294048948435696,0.001796036981350678,-0.0004978522443048042,0.0002881898785189003,-0.00038729936021499273,9.96653756957321e-05,0.00011930389607281697,0.005473596062359427,-0.00020004235610810806,-0.0005683323367458529,-0.001648079543797071,-0.00027786458230197943,-0.00013165814584797843,-0.0005111672878958214,0.000606369457127323,-0.0009287337228276104,7.534205559634559e-05,0.0008300962334834492,-4.851962756409208e-05,0.0014525882432810926,-0.0010202966496692932,0.002134725577331083,-0.0011253342778807154,-0.0007136337262505063,-0.001449582385289095,-0.001280791279503494,0.00040113577742493937,0.000973626067998222,0.00027180714261174305,-0.0010086899050226915,0.000507796591031268,0.00046394782642599516,-0.0006855274136705589,-0.0017522281857692413,0.0003387554304255389,0.0013574853102779473,0.0,0.0,0.0,0.0,0.0,0.0,0.0,-0.0017971949295563494,0.0,0.0,-0.000163139898646598
2023-08-23,-3.1989885504163086e-05,0.0006941631578029932,0.00011517449810103354,0.0015373728993108263,0.0011336463194991128,0.0006922036938561504,0.0,4.991340726011591e-05,0.00010141251119792493,-0.00039481739886074814,-0.00016482026723470456,0.00016812054472406128,4.4012146461857085e-05,-0.018078514658173873,0.00074830946928933,0.0015043699807557613,9.785783718556628e-05,0.005754407323119766,0.0003807414563387066,0.0029383897612309503,-1.814808205735952e-05,-0.0005084768187038045,0.001768900926186805,0.0,4.7858111967596166e-05,-0.0001421947445207867,5.4642432891536195e-06,-0.00022510925968921073,-1.6064172372379683e-05,0.00029953437557523536,-0.004040357224488853,0.00019142416353784005,0.0029826564105380872,0.0011260630542282665,-0.0016522716075182222,0.0002878766740433942,0.0009678260997499046,0.0009456852916211546,-0.00020432109356538115,0.0005365255056431031,0.00021561035798182688,-0.006227105497755375,0.003932003034279493,0.002447236790550311,0.00020152569592807808,-0.001765516275567312,-0.0008723981962831933,-0.0066849691162111195,-0.0004423814692658533,-0.0007725213692872947,-0.003024951035190834,0.00021477567952783597,-0.0017481133235350585,-0.0014419061728551028,-0.00014390248933680407,0.0003883739835739103,0.0013805278863311013,0.0011367524693133933,-0.0012016661861057004,-0.00017249967892157277,-0.00022908518121593407,0.0,-0.002229111175669046,8.458116821942233e-05,-2.797623103325351e-05,0.0005011005442806234,0.0002500760357196395,0.0010134237041109421,0.0003170830058246639,0.00030252401129869525,0.006492330956755387,-0.00020004235610810806,-0.0013158859174858134,-0.0011276676436420545,-0.00029701862488423916,5.8210263421744975e-05,-0.0002995398388158181,0.0007197898830737335,-0.0003523954902034359,0.000278741040762739,0.0010723562054402056,0.0008105863845892887,0.002145439339778085,0.0002160366304967695,-0.0002615406854878493,-0.0006928822326889144,-0.0007136337262505063,-0.001114468033769422,-0.001280791279503494,1.0095955386934716e-05,0.00052765294547977,0.0012718836869788437,-0.0014821932144817483,0.0007343849689938949,0.0004468167153143833,-0.0005746935566976768,-0.0012641845212917509,0.0002591383967696839,0.0006225390487911293,0.0,0.0,0.0,0.0,0.0,0.0,0.0,-0.0017971949295563494,0.0,0.0,-0.000163139898646598
2023-08-30,-1.1037943641717767e-05,0.0005453920860362132,6.302104522767869e-05,0.0015373728993108263,0.000661828270583571,0.001030280799322616,0.0,0.00010035039055288474,0.00010141251119792493,-0.0003034196037719825,-2.0874630715139916e-05,0.00016812054472406128,-0.000432394227288123,-0.010411980053812659,0.0015462871109747397,0.0048040617444825495,9.785783718556628e-05,0.005996323957491667,0.0007570335421941296,0.004188085954427877,-1.814808205735952e-05,-0.0005084768187038045,0.002342107133181384,0.0,0.0004143393202333842,-0.0001310791526435955,1.2245973196332915e-05,-0.00041641366066659687,-1.6064172372379683e-05,0.00029953437557523536,-0.003841040636881006,0.0001881760609952245,0.0025483063912912834,0.001784664069798215,-0.001096830017973578,9.55342988891119e-05,0.0012365373308420831,0.0006223742840423735,-0.00020432109356538115,0.0005365255056431031,4.8499306112351136e-05,-0.005975274343461548,0.002997386941654013,0.0023403641149418834,0.00020152569592807808,-0.001765516275567312,-0.0008723981962831933,-0.006730893595465635,-0.0009289767901157961,-0.0009153993458563403,-0.00290427043505574,0.00017817230422371522,-0.0017481133235350585,-0.0014668199047282752,-0.00013830774544320592,0.00033824257866101834,0.0013248751169573116,0.0006226882958249125,-0.0014366874368892807,6.859513560634771e-05,-0.00022908518121593407,0.0,-0.002229111175669046,5.8106211928872606e-05,4.539861887896385e-06,-0.00023701757624738752,0.0006752204612736702,0.0012678770626874394,0.0003170830058246639,0.00030252401129869525,0.003989183785734442,-0.00020004235610810806,0.0004882282706265479,-0.0016357800308980607,-0.00022116881014459778,5.8210263421744975e-05,-1.2766883885658546e-05,0.000606369457127323,-0.00025616569608854123,0.000278741040762739,0.0007961721041727276,0.0007528717892664078,0.0012601343212132162,-0.00038319074200035395,-0.0002615406854878493,-0.0006928822326889144,-0.00011644884009431691,-0.0002473307751934455,-0.0007117702809270888,1.0095955386934716e-05,0.00026398550708607804,-0.000754265361424876,-0.0008847012276948752,0.00026252855528213873,0.0004468167153143833,-0.00040931559378721546,-0.0016199375745819698,0.00031977194772253955,0.0001826497670425101,0.0,0.0,0.0,0.0,0.0,0.0,0.0,-0.0017971949295563494,0.0,0.0,-0.000163139898646598
2023-09-06,0.0005156528784044112,0.00037989706905131124,-1.4110518827370537e-05,0.0024774284847443487,0.0007505345561424988,0.0007654460281299111,0.0,6.319201789909849e-05,0.000620253061668338,-0.0003034196037719825,-2.0874630715139916e-05,0.00016812054472406128,1.5163332175342195e-05,0.005780728942241416,0.0031956666792257874,0.007936023700992537,9.785783718556628e-05,0.00651752484078813,0.0007570335421941296,0.0033366854338258227,-1.814808205735952e-05,-0.0002448685841668605,0.0029707717852847843,0.0,0.000427203635543641,-0.00017014614037023606,1.2245973196332915e-05,0.0003774979492741495,-0.00016444533176722078,0.0005724773618213827,-0.001341523431699479,0.00016554209742044876,0.0022875258957459994,0.0016417942820868374,-0.0011976388297113196,0.00043853809373691714,0.0007498388128492085,-2.2715887551367445e-06,-0.00020432109356538115,4.836498485577236e-05,-0.0002977438080248091,-0.00041024983201729654,-0.01239525496646636,-0.0009548828564617715,0.00020152569592807808,-0.001648082555897807,-0.000497529388071266,-0.006404040312134006,-0.001143542293029689,-0.0007185135925534847,-0.0009674771064235373,-0.002262772686218238,0.0005373944336429954,-0.0009565481995178602,-0.00013830774544320592,0.0005178967825744243,0.0009629394338451834,-0.0003030759122646257,0.0024818754620256163,6.859513560634771e-05,-0.0005351610991844646,0.0,-0.0012493606992073274,-0.0001613168803460613,1.6377496627797892e-05,0.0003186341649544386,0.0004602071883265437,0.0003245578878370897,0.0002852552432261628,0.00030252401129869525,0.0052530639084363675,0.0003214794826677387,0.0006833106072431003,-0.002782577458338916,0.000611383123540628,-0.00020568613491012475,-0.003032244382654823,0.0007197898830737335,-0.0006528974337442039,0.0003392716642723391,0.00022501639347104196,0.00022084084556686135,0.001998118538116789,-0.000594139251098355,-0.00031153024918794395,-0.0005928633091199717,-0.00022476951799504572,-0.00038923922651805875,-0.0005315788592817203,0.001540998104323938,0.00015498110795897536,-0.0007270651347925905,-0.0004221598192042332,0.0005976410433685968,0.0004810242065392395,-0.00040931559378721546,-0.0013108792998361082,0.0002591383967696839,-0.0007950588272008257,0.0,0.0,0.0,0.0,0.0,0.0,0.0,5.2299192603674995e-05,0.0,0.0,-0.000163139898646598
2023-09-13,-0.000541009940803561,-4.835158962817678e-05,0.00013322399630372804,0.0014510175143466143,0.0013134413436582764,0.0009639390061835074,0.0,-3.571537100308252e-05,0.000620253061668338,-0.0003034196037719825,-2.0874630715139916e-05,0.00021000469451585972,0.0002129430711204274,-0.007722970765695776,-0.0026865135373487833,0.008331501299237641,9.785783718556628e-05,0.006611206981295928,0.0003807414563387066,0.0032078417821385275,-2.4915114098448342e-05,-0.00035411093764360955,0.002732647024993624,0.0,0.00038361938641903563,-0.00017014614037023606,1.2245973196332915e-05,-0.00020519361034590782,-0.00016444533176722078,0.00029953437557523536,-0.001789597780508882,0.00023169264446277885,0.0025243429592959454,0.0016487921775027482,-0.001032499051408292,0.00043853809373691714,0.0011124009533537056,0.0005688631549115049,-0.00020432109356538115,4.836498485577236e-05,-0.0004830309425435543,-0.00033871751020582246,-0.011719149046405872,-0.0009143745968217788,0.00020152569592807808,-0.001648082555897807,-0.00043253780955023076,-0.005974417811738061,-0.0008875481258954448,-0.0001477165369727344,-0.0009326676654297225,-0.0023549578088890226,0.0005373944336429954,-0.000907091289718981,-0.00013450669131796934,0.0005178967825744243,0.0009629394338451834,0.0018640291287972876,0.00247420011923446,5.693137070146483e-05,0.0009816941878497505,0.0,-0.0014376712582983178,-0.0001298761293303101,0.0001446139464999792,-0.0007590790933603691,0.000502822412116364,0.0003245578878370897,0.000253543401481874,0.00030056492922150683,0.005267839307212583,0.0003214794826677387,0.0010939652781308644,-0.002437675321949713,0.000279895708651449,-0.00020568613491012475,-0.0032023750813422597,-0.0003395715620317705,0.0004709725357962511,0.0003392716642723391,0.00038189488119952245,1.8696867812622204e-05,0.0022789906873857567,0.00020016035701748262,-0.00031153024918794395,-0.0005928633091199717,0.0003724153681611437,-0.00038923922651805875,-0.0005679237840202386,0.0012022088051779657,0.00034751806124528386,-0.0007915237334259371,-0.0004796155578097859,0.0006555943521515306,0.0004810242065392395,-0.00040931559378721546,-0.001394762123149268,0.00015215756170888995,-0.0008676850594049328,0.0,0.0,0.0,0.0,0.0,0.0,0.0,5.2299192603674995e-05,0.0,0.0,-0.000163139898646598
2023-09-20,-0.0006576336653249416,-0.00037931926017968875,0.000391029587779198,0.0013454728800832937,0.0013134413436582764,0.0009544012123766403,0.0,-3.571537100308252e-05,0.000620253061668338,0.0002151312506362876,-2.0874630715139916e-05,0.00021000469451585972,-1.6065971462372083e-05,-0.0091155758257387,-0.001713430646732426,0.008451130559788134,9.785783718556628e-05,0.006611206981295928,0.00012808215773159364,0.002374229038369497,-1.814808205735952e-05,-0.00046970718467730885,0.002079423096567048,0.0,-7.656373133684119e-05,-0.00018894085064764866,1.2245973196332915e-05,0.00032081786648253496,-0.00016444533176722078,-0.0001467348787402211,-0.0016065675419086995,0.00017263192644879905,0.004482190794907468,-0.0015409569411523924,0.0031841211794621485,-0.0002646776984652814,0.0009429040222866135,0.0007826498108402359,0.00015744029122821029,-4.161794799499598e-06,4.180115208030694e-06,-0.0004531714394764483,-0.012128225022877876,-0.0008936310954954872,0.00020152569592807808,-0.001066858512646523,-0.0008721718677084318,-0.00573787036056531,-0.0008875481258954448,-0.0001477165369727344,-0.0009326676654297225,-0.002348224576145109,0.0005373944336429954,-0.001307672975110261,-0.00013450669131796934,0.0006659064641869527,0.0007118832071877925,0.002162096501327302,0.0027044064874393193,5.693137070146483e-05,0.0008671018174606733,0.0,-0.0009892679898658926,-0.0001298761293303101,4.902285401181509e-05,0.0003782924996461541,-0.0008511743145060967,-0.00014036433433487283,-0.0002434509221983215,0.00021242100850536267,0.00532512917772663,0.0003214794826677387,0.0010939652781308644,-0.002490269827306063,0.000611383123540628,-0.00020568613491012475,-0.00283127867398551,9.67405181947159e-05,0.00036837459615098484,-9.608276512242583e-05,0.0007652820952844692,7.641146313550314e-05,0.002971841783882749,-0.0005398529344722696,-0.00044335166620883596,-0.0006031692744749014,-0.0004628935250543622,-0.00038923922651805875,-0.0005679237840202386,0.0005867233967525651,0.0006144049014712487,-0.0011083342273545348,-0.0009247117174788478,0.0017641656004085116,0.00048340186338033766,-0.0004456628925134833,-0.0013659335231494137,0.00015215756170888995,-0.0005029154645501913,0.0,0.0,0.0,0.0,0.0,0.0,0.0,5.2299192603674995e-05,0.0,0.0,-0.000163139898646598
2023-09-27,0.0005129100414609547,-7.697792150990693e-05,0.00011576982592060454,0.001391439297822909,0.0013134413436582764,0.0009330290604882742,0.0,-3.571537100308252e-05,0.000620253061668338,-0.0001874068555406487,-2.0874630715139916e-05,0.00021000469451585972,0.00016248317200368893,-0.008764707568844537,-0.0016725380600998935,0.008451130559788134,9.785783718556628e-05,0.00651752484078813,0.0003807414563387066,0.0023061169060359155,-1.814808205735952e-05,-0.00027946455303846885,0.002079423096567048,0.0,-7.656373133684119e-05,9.487820339572502e-06,1.2245973196332915e-05,4.1446334522500354e-05,-1.6064172372379683e-05,-0.0001467348787402211,-0.0018501925181538736,0.00019142416353784005,0.004323448996660756,-0.0015409569411523924,0.003305631878348799,-0.0001708452510788155,0.0010691778731108438,-0.0002342810528757096,0.00015744029122821029,-4.161794799499598e-06,4.180115208030694e-06,0.00025094795913551733,-0.012128225022877876,-0.0005743707955449365,0.00020152569592807808,-0.0018157518823563002,-0.0008721718677084318,-0.005755367829043436,-0.0011002795598231648,-0.0007185135925534847,-0.0009326676654297225,-0.002448689707046744,0.0005373944336429954,-0.0011967526312021326,-0.00013830774544320592,0.00048377740455706354,0.0007118832071877925,0.0018640291287972876,0.0028224710697387395,5.693137070146483e-05,0.0008671018174606733,0.0,-0.0012493606992073274,-0.00015635108562085984,-0.0007672977061074071,0.0003782924996461541,0.0005416531421887204,-0.00014392898925449167,0.0002852552432261628,0.00011577503743566744,0.005452209704969414,0.0003214794826677387,0.0010731218212433416,-0.0028439127785155165,0.000611383123540628,-0.00020568613491012475,-0.00283127867398551,0.000606369457127323,-0.0002827445694109488,-9.608276512242583e-05,0.0005758393988170616,1.8696867812622204e-05,0.0013052674416197969,-0.00044260643002426545,-0.00044335166620883596,-0.0006031692744749014,-0.0004628935250543622,0.00027013774672727934,-0.0005315788592817203,0.0002529790824671119,0.00058298152779522,-0.0012657887897056372,-0.000550038476451378,0.0005018892561153691,0.00048340186338033766,-0.0004456628925134833,-0.0013659335231494137,0.00015215756170888995,-0.0005758931166551578,0.0,0.0,0.0,0.0,0.0,0.0,0.0,5.2299192603674995e-05,0.0,0.0,-0.000163139898646598
2023-10-04,-0.0009094306671274038,-0.00042177228246164885,7.92310242471926e-05,0.0021059227001593316,-9.562870299060274e-05,0.000302908215687202,0.0,0.00020827417958594054,0.00010141251119792493,-0.00019252461821764997,-9.335279211192786e-05,0.00020355249163998574,-0.0010050616601082387,-0.013338054803603857,-0.001521634480021274,0.017466085695463474,0.00010609073013694805,0.00802020906998944,0.00016666220921259515,-0.000902511670067295,-2.4915114098448342e-05,-0.000472956080223968,0.0013527037973473843,0.0,-5.2284003433701284e-05,1.3094519054019608e-05,0.00010996853198758596,0.0002351281016731601,0.0005035717642983627,-0.0008990988548081847,-0.0025757209111984644,0.0003529918053353277,0.0016310682900773008,-0.0018550900514856187,0.0016511976091881297,1.713376476505961e-05,0.0005395206346126834,-0.0008596835582386915,-1.1858825255999748e-05,9.242217421274538e-05,0.0009388894445563921,0.00523008911780726,0.0028988648384201563,-0.0021176670579578015,1.4735009117684694e-05,0.0005405431669515318,-0.0009314055436891453,-0.007236520665362246,-0.002250915703808389,-0.0006314019054380833,0.001229347065622304,-0.00012677784015911904,0.00030327983648980195,-0.0006538338599600734,-0.00013830774544320592,-0.0011738813696581993,0.0004902907699671714,0.0017200699154539419,0.0022977780316686914,0.0002888051900710782,0.0009816941878497505,0.0,-0.0017223826862494778,-0.0006480598458362206,0.0013795750230892877,-0.000264356562739096,-0.0010270078742037026,-0.0005749487306820732,-0.0018921690671324283,8.042708661142517e-05,0.0025848316865051428,0.0003214794826677387,0.001207649879943902,0.005524759511579616,-0.0003399625947363005,-1.5047643498162857e-05,-0.002778268803289581,-0.00017994125466087095,-0.0008064408329327213,9.219976825332079e-05,0.0009661593993110923,-0.00014238562634459075,0.0008423711377686859,0.00010435295400696798,-0.00035592036925932583,-0.0010075220683598263,-5.2097889788498564e-05,0.00012954068346429602,-0.0003853555543064089,-0.00021153085662598383,0.0006607583590802139,-0.0012912720112095478,-0.001349583877485333,-0.00043003999644104833,0.0005624661883385259,-0.00044945385483766365,-0.004205849844653238,-6.298070043917687e-06,-0.002883281730376018,0.0,0.0,0.0,0.0,0.0,0.0,0.0,5.2299192603674995e-05,0.0,0.0,-0.000163139898646598
2023-10-11,-0.0008226604624883929,-0.00042177228246164885,-0.0002327981679827219,0.0026072884479909344,-9.86004566382963e-05,0.0005737383049314616,0.0,-5.024440390602129e-05,0.00010141251119792493,-6.410376715771339e-05,-2.0874630715139916e-05,0.00016387459969291316,-7.951745365555312e-05,-0.01613931131627967,-0.001605372002950238,0.01669302862965502,9.785783718556628e-05,0.007924349226572583,-9.245911923919064e-05,-0.000827398683802666,-1.814808205735952e-05,-0.000282713448585128,0.003033394864309153,0.0,-7.656373133684119e-05,1.3094519054019608e-05,0.00010996853198758596,0.000332539101592796,0.0006712116164654222,0.0015389482976230614,-0.002560068759040005,0.0005583666724489464,0.0024588301459783227,-0.0005297937986752784,0.002661066240068429,-0.00014312438360742193,0.0007895447013675528,-0.00035731055150205524,-1.1858825255999748e-05,9.242217421274538e-05,0.0010342012433931626,0.007138396837190822,0.0035219747415179237,-0.002235734718861227,1.4735009117684694e-05,0.0005496809980209367,-0.0006166455465176997,-0.005883993229210135,-0.0024108848850046454,-0.00026311197853006363,0.0010158112598216244,-2.3632918674994482e-05,0.0006298666035018334,-0.0005831324527357572,-0.000148397835078442,-0.0011738813696581993,0.0004902907699671714,0.002167501585384091,0.0025751742698387455,0.00035500102879428724,0.0008671018174606733,0.0,-0.0020812487875649928,-0.0006480598458362206,3.544811201121708e-05,-0.00023638937024456031,0.0004039274706640387,0.0006612837296935087,0.0006301512717009531,7.885731005146407e-05,0.007655583520373051,0.0003214794826677387,0.001276975901481695,0.008367720289939214,-0.0003399625947363005,-1.5047643498162857e-05,-0.002778268803289581,0.000606369457127323,0.0004876314449980791,-2.6646501063146204e-07,0.0011600839103750769,9.900404940915829e-05,0.0022421270592862686,8.6221131765404e-05,-0.00035592036925932583,-0.0009933966390803237,-0.0001006368913245142,0.00012954068346429602,0.0007352627767123578,-0.0008027386673904803,-0.00025000338548716557,-0.0012912720112095478,-0.0009774680361547704,-0.00025296426240932214,0.0005624661883385259,-0.00044945385483766365,-0.0013702120883344554,-6.298070043917687e-06,-0.001754344101207605,0.0,0.0,0.0,0.0,0.0,0.0,0.0,5.2299192603674995e-05,0.0,0.0,-0.000163139898646598
2023-10-18,0.0004251359905851453,-0.0002741180235452843,0.0002456670946928547,0.002359127365893455,-8.894644664828098e-06,0.00022678335736229502,0.0,1.889635971488476e-06,0.00010141251119792493,-0.00019252461821764997,-7.40921324937842e-05,-0.0003407819132919122,3.130480319504499e-06,-0.013255491650561566,0.0026177895890466285,0.01720233591339068,9.785783718556628e-05,0.006836437081381692,-5.2402722738605594e-05,-0.0011091297412713131,-2.4915114098448342e-05,-0.0007554799716772088,0.0012215565429398605,0.0,-0.00018256024379016388,9.487820339572502e-06,-0.0019883499432350005,0.00023275073549988644,0.0004888654050485994,-0.001469577771730705,-0.002555711099642596,0.0005776341048090403,0.0015618388051395074,-0.001695887973441335,0.002062669271997561,0.0003011989055246802,0.000544922535136129,-0.0004907767568267343,-1.1858825255999748e-05,9.242217421274538e-05,0.00114824741594337,0.0072029356635985,0.002139614872274225,-0.002070433608524547,1.4735009117684694e-05,0.0004163646508435675,-0.0006166455465176997,-0.00661585735320708,-0.002478025261052812,-0.0007185135925534847,0.0010158112598216244,-2.2598750811846278e-05,0.0006298666035018334,-0.000768525637864597,-0.00013830774544320592,-0.0011742266078050454,0.0004902907699671714,0.001691619762990114,0.0022802493952251545,8.224042826138477e-05,0.0009816941878497505,0.0,-0.0020812487875649928,-0.00027596363651459483,0.00032504600801876995,-0.00021745872151014402,-3.731340109276176e-05,-0.0002634563452108237,0.0006301512717009531,0.00011577503743566744,0.007783248575711446,0.0003214794826677387,0.0011868064230563789,0.004831726689614976,-0.0003399625947363005,-1.5047643498162857e-05,-0.002778268803289581,-0.00039297367924820545,-0.0008064408329327213,-2.6646501063146204e-07,0.0007767000917199938,-0.0003512132156933149,0.0014215090116439899,-0.000283932481150299,-0.00035592036925932583,-0.0009933966390803237,-0.0001006368913245142,-0.00018532780406393267,2.8057898264305832e-05,-0.00039583329246250447,0.0008817390574538742,-0.0012912720112095478,-0.0008813743379493828,-0.0004880347829366941,0.0006125731584905251,-0.00044945385483766365,-0.004200839810219371,0.00015215756170888995,-0.00047651519487786217,0.0,0.0,0.0,0.0,0.0,0.0,0.0,5.2299192603674995e-05,0.0,0.0,-0.000163139898646598
2023-10-25,-0.0011078079084870557,-0.0002741180235452843,0.00014319429527950774,-0.0012508496062910985,-9.86004566382963e-05,0.0002924123882386363,0.0,-5.024440390602129e-05,0.00010141251119792493,0.00017560356734646368,-7.40921324937842e-05,0.000133288594566153,-0.00018510627787497678,-0.01508388496341567,-0.002019453873472488,0.0077905088781246,9.785783718556628e-05,0.007812921331724029,-2.7237555139968795e-05,-0.0015958429788794038,-1.814808205735952e-05,-0.00023098734476213644,0.0014013331739858134,0.0,-7.656373133684119e-05,9.487820339572502e-06,0.00010996853198758596,0.0002526663848431894,-0.0015766734128484121,-0.001469577771730705,-0.002895294055977651,2.3503441750483614e-06,0.0028529762135749218,-0.0018088694063526,0.002780119709720539,-0.0001486493258683077,0.0003234094972025197,-0.00019124520586528247,0.00015744029122821029,1.703956131820606e-05,0.0010342012433931626,0.007967111172519432,0.002824988611078927,-0.00515780825326013,1.4735009117684694e-05,-0.0012082159454202624,-0.0006166455465176997,-0.005782376186686491,-0.0019445650861410096,-0.0007177356019739275,0.000863463537511552,0.000825131748895476,0.0006298666035018334,-0.0003208223415022956,-0.00013830774544320592,-0.0011742266078050454,1.0607394517043981e-05,0.0028039419926841986,0.0011833845690963159,0.0018433781789409243,0.0008671018174606733,0.0,-0.0003366379748220764,-0.0007126551479660442,0.0002802900395842416,0.00038338029856590204,0.0009657739684465561,0.0006612837296935087,0.0006301512717009531,0.00011577503743566744,0.005296646765206058,0.0003214794826677387,0.001238464680484438,0.005725633905846922,-0.0005776126989341905,0.0001236155016463238,-0.001455261781023337,0.000606369457127323,-0.00038027228180695507,-2.6646501063146204e-07,-0.002296625770451125,-0.0004884363806233388,0.0011212715172144987,-0.001138504077279696,0.0020403458935596068,-0.0009642245403473816,-0.0006492827759446879,5.825996115780158e-05,0.00022939398777026341,0.0009307587235798695,0.0004903280342225572,-0.0012129862852226678,-0.0007548965918690965,-0.0012678958929310449,0.0006125731584905251,-0.00044945385483766365,-0.0036310073938018096,0.0001711410444118893,0.0018073945314279827,0.0,0.0,0.0,0.0,0.0,0.0,0.0,5.2299192603674995e-05,0.0,0.0,-0.000163139898646598
2023-11-01,0.0010410990368588872,-0.0002741180235452843,-0.00014546456973538906,-0.00040971770636352207,-0.0001793836961679195,-0.00013700390787989828,0.0,4.991340726011591e-05,0.00010141251119792493,-0.0031660352015839047,-7.40921324937842e-05,-5.778226400411201e-05,-0.0012054899594214183,0.029871942788794723,0.0031315112524926162,0.01612137897299361,9.785783718556628e-05,0.007196755873849695,0.0005330737181183583,0.002049804322623304,-1.814808205735952e-05,0.0005270228918320747,0.001498656887847255,0.0,-0.0005650179382547753,-1.9252091366929157e-05,-1.983778099589263e-05,-0.0006832379492137597,-1.9071333988633456e-05,4.100469690039414e-05,-0.002586576297011697,0.0006326070391346202,0.001955302799201668,-0.001695887973441335,0.002884359083728137,4.369304928597457e-05,-0.0007340909199378513,-0.00027500482475826957,-0.000880761997408431,7.612005164109377e-05,-0.0002759677755379213,0.009262574186612194,0.0037570283711430576,0.0018697040251736117,-0.0001701259726489551,-0.0013647583981493067,-0.0012470406759203592,-0.008565677287115754,-0.001741257913918039,-0.0005970033526895064,-0.0010005237790432894,0.0007413362132504284,0.001239207591493435,0.004641651209922357,0.0003108650515553303,0.00033824257866101834,0.00042497434385524376,0.0014731355606298385,0.001247245096878125,-0.00012601016358623432,0.00037729379186976595,0.0,0.00021698370066499197,-0.0014897638277224456,4.289503206473668e-05,0.0005299707389681673,0.0008120734532674088,-0.0007857978909716543,0.0005919097244876843,0.00011577503743566744,0.004576151858326041,8.990581849064902e-05,0.0010436888785870608,6.676866768450738e-05,0.00013229604386943153,-0.00010927550995063837,-0.0019098762135436216,0.000606369457127323,-0.001416219248244876,-2.8968961614351208e-05,-0.0014320620120372351,-0.00023829143019714197,0.0013052674416197969,-0.0001416607553976753,-0.0004267316534285813,-0.0008007965175257193,-0.0006342388986219252,0.0003800826335764034,0.00015074638874119548,0.00020041950316251103,-0.0004499039016800519,-0.0010422453520304586,-0.0007640797400398496,0.00015686217406917765,0.0008343560835684832,0.00043426487513441195,-0.0006110755479167779,-3.613877121424512e-05,0.0012981863881747252,0.0,0.0,0.0,0.0,0.0,0.0,0.0,3.470415738418331e-05,0.0,0.0,0.0019511463154720222
2023-11-08,0.0012845740128625918,0.0006603748886261252,-0.0003394107466433903,-0.0002834280625660885,0.0002569404680358813,-0.00013700390787989828,0.0,4.991340726011591e-05,0.00010141251119792493,-0.003113953542214438,-7.40921324937842e-05,7.198039129979417e-05,3.3420412398556414e-05,0.031231681116329135,0.0030499438210301894,0.016181308471994667,1.3140194697642822e-05,0.007134926703988905,0.0005330737181183583,0.0016332052080807065,-1.814808205735952e-05,0.0007695738202686654,0.001498656887847255,0.0,0.00020704518802457412,6.162820165889664e-06,-1.983778099589263e-05,0.00044893612743207123,-0.00016745249338347457,-0.00042556813778632584,-0.002328883989276563,0.0006326070391346202,0.0020767783704481583,-0.0016759387030459217,0.0017946685891720203,4.369304928597457e-05,-0.0007340909199378513,-0.00040847103008294865,-0.000880761997408431,7.612005164109377e-05,-6.0067299401173476e-05,0.009031629089557174,0.004392219397203702,0.001702532388234392,-0.0001701259726489551,-0.001128315557798908,-0.0012470406759203592,-0.007243047387555457,-0.0016553222498335925,-0.0004785459567864601,-0.0010005237790432894,-4.52894302497099e-05,0.001239207591493435,0.004641651209922357,0.0003108650515553303,0.00033824257866101834,0.00042497434385524376,0.0014731355606298385,0.0012774305145168197,-5.3707401474272724e-05,0.00037729379186976595,0.0,0.00021698370066499197,-0.0003437012317108599,0.0003324929280722896,0.00021888150812751742,0.0008120734532674088,-0.0001293921765512788,0.0005919097244876843,0.00011577503743566744,0.00457344451801987,8.990581849064902e-05,0.0004277955395121278,-5.4590161404722355e-05,0.00013229604386943153,-0.00010927550995063837,-0.002357360563731886,0.000606369457127323,-0.001010680752917565,8.894326504726531e-05,-0.002174928801943537,-0.00011083447374723178,0.0013052674416197969,-0.000876313664530515,-0.0004267316534285813,-0.0007677133219938156,-0.0006342388986219252,0.0001785305441397504,8.726013006702108e-05,0.00020041950316251103,0.000380503447671613,-0.0008877824007263545,-0.0009192420586823938,0.0004084802718660282,0.0008422137950243104,0.0003612433895755801,0.0010742009682095542,-3.613877121424512e-05,0.0002081445784018893,0.0,0.0,0.0,0.0,0.0,0.0,0.0,3.470415738418331e-05,0.0,0.0,0.0019511463154720222
2023-11-15,0.0009159646229824961,0.0004722316019332372,0.00045949200700096495,-0.0005482460045382811,1.048287850148892e-05,0.0007570454786481252,0.0,-2.0794089745058442e-05,0.00010141251119792493,-0.003113953542214438,-7.40921324937842e-05,0.00024867024802474754,-0.00011609612506035782,0.029131875914010164,-0.0023099034588062606,0.016158622261815588,9.785783718556628e-05,0.007196755873849695,0.0001567816322629353,0.0021556448915220922,-1.814808205735952e-05,-0.0014007221297915374,0.002023046900876551,0.0,0.00021371840571466098,6.162820165889664e-06,-1.983778099589263e-05,0.0002171809700823048,-1.9071333988633456e-05,0.00010418247950337274,-0.002680151632029198,0.0006326070391346202,0.001820721334167893,-0.0018088694063526,0.002508217531162652,4.369304928597457e-05,-0.0007554779744909237,-0.00040847103008294865,-0.000880761997408431,7.612005164109377e-05,-0.00017411347195138093,0.00827492609319974,0.0046719159262047375,0.0016115173167501236,-0.0001701259726489551,-0.0010059717416267086,-0.0012470406759203592,-0.007210165500288926,-0.0017682529224757376,-0.000691613002439032,-0.002238874304706391,0.0005508926351414009,0.001239207591493435,0.004641651209922357,0.0003108650515553303,0.00033824257866101834,0.00042497434385524376,0.0008525876503970466,0.0010636232901692977,-5.3707401474272724e-05,0.0011363655812687166,0.0,0.00021698370066499197,-0.0003916216993900011,-0.0007734255280544856,0.00031064166966272974,0.0006103593860985268,-0.0001293921765512788,0.0005919097244876843,0.00011577503743566744,0.004908625207556426,8.990581849064902e-05,0.0013798467305265864,6.676866768450738e-05,0.00013229604386943153,-0.00010927550995063837,-0.002080006912231058,0.000606369457127323,-0.00038027228180695507,0.0003483312588903634,-0.0014320620120372351,-2.4839912626240683e-05,0.0013052674416197969,-0.0007446387230460878,-0.0004267316534285813,-0.00110754973193874,-0.0007903116790949586,0.0003800826335764034,0.00015074638874119548,0.00020041950316251103,0.0002125169643863033,-0.0008833088129469676,-0.0008146142120524117,0.0004084802718660282,0.0008422137950243104,0.00038593545344989467,0.001150248477830782,-3.613877121424512e-05,0.0013544487521563934,0.0,0.0,0.0,0.0,0.0,0.0,0.0,3.470415738418331e-05,0.0,0.0,0.0019511463154720222
2023-11-22,0.0011594395989862007,-0.00016527689269875097,0.00045949200700096495,-0.00068284768924917,1.048287850148892e-05,0.0009994583851529108,0.0,4.991340726011591e-05,0.00010141251119792493,-0.0031660352015839047,-7.40921324937842e-05,0.00012909066038708524,1.0741739652941201e-05,0.031590872977772716,0.0020113503447336148,0.016695618347123055,9.785783718556628e-05,0.007264525548683825,9.156006816371347e-05,0.003849343899459783,-2.4915114098448342e-05,-0.0013677132094463888,0.0031570658129356412,0.0,-2.1533747628391177e-05,3.549724472824981e-05,-1.983778099589263e-05,-0.00045935281207403215,0.00014856851817842605,0.00010418247950337274,-0.0014774656214011704,0.0006293589365920046,0.0018836618508599498,0.0005047113390394284,0.0030967595764244123,0.00022928081162931253,0.000589215013191066,-0.0005715917471962458,-0.000880761997408431,0.0001448252649500573,0.00018680987841046757,0.007782089904072261,0.004341023742174435,0.0013756336136473092,-0.0001701259726489551,-0.0009968339105573037,-0.0012470406759203592,-0.007800128495809435,-0.001741257913918039,-0.0001208159468582817,-0.002238874304706391,0.0005395407890098045,0.001239207591493435,0.004572663662806284,0.00031466610568056685,0.00033824257866101834,0.00042497434385524376,-0.0008545280653382048,0.0005706841597759455,-5.3707401474272724e-05,0.0009816941878497505,0.0,0.0006085365849044899,-0.0003480298894672223,4.289503206473668e-05,-0.0004234507514473305,-0.0006700190588920015,-5.0402828219115885e-05,0.0005919097244876843,0.00011577503743566744,0.004295540873543779,0.0003214794826677387,0.0014984972324810649,7.237052225562876e-05,0.0002720790412198388,-0.0001847332957394374,-0.0021151737523312686,-0.0003395715620317705,0.0004173459581200433,0.0003483312588903634,-0.0005995359785397932,-0.0004377776693683348,0.0020949947629804585,-0.00083842232300118,-0.0004267316534285813,-0.001055420327472733,-0.0007903116790949586,0.0003800826335764034,8.726013006702108e-05,0.00012725844251998837,1.998001109999474e-05,-0.0008643014588237404,-0.0008001602999427774,-0.00011854957704138429,0.0007772085860264415,0.00038593545344989467,0.0006248044581001559,-3.613877121424512e-05,0.0011975663385761426,0.0,0.0,0.0,0.0,0.0,0.0,0.0,3.470415738418331e-05,0.0,0.0,0.0019511463154720222
2023-11-29,-0.0012812694058765765,-0.00016527689269875097,1.8188901579041854e-05,0.0004457090883829553,1.048287850148892e-05,0.0006677833926315924,0.0,7.959820472319377e-06,0.00010141251119792493,-0.0007084195606794211,5.533218418290741e-05,0.00018306633804128698,0.0005240496834644048,0.03094390244936002,-0.0030504740577094935,0.016699545925163314,9.785783718556628e-05,0.006405780219827581,0.00019344784909380896,0.0015808979249311548,-2.4915114098448342e-05,-0.0015909647614303773,0.0030168443581323427,0.0,-3.397208735947399e-06,9.487820339572502e-06,-1.983778099589263e-05,0.000342199203200617,-0.00016444533176722078,-0.0007513454491986311,-0.0015753233065691997,0.000678834425510551,0.0026953205947312054,0.0005117092344553393,0.0028055207590702473,0.00020708488641880474,0.0006429585915301832,-0.00040847103008294865,-0.000880761997408431,0.0001448252649500573,0.00020559191659912205,0.007696273423852028,0.0047075747883679455,0.0010274649648079103,-0.0001701259726489551,-0.000842845031990539,-0.0012470406759203592,-0.008227318086626556,-0.0011568581998461119,-0.0001208159468582817,-0.0021884255610687526,0.0005395407890098045,0.001239207591493435,0.003455301952582907,0.00031466610568056685,0.00027681850795624425,0.00042497434385524376,0.0003644790173746342,0.0012672566984667291,-5.3707401474272724e-05,0.0009816941878497505,0.0,0.0006085365849044899,-0.0003916216993900011,4.289503206473668e-05,0.00023118006474281722,-0.0010130452162671355,-7.198217133384723e-05,0.0005919097244876843,0.00011734481399562853,0.004354028712512749,0.0003214794826677387,0.0015726907546422181,-0.0035544544262939106,0.0002720790412198388,-0.0001847332957394374,-0.002080006912231058,-0.0003395715620317705,0.0004173459581200433,-0.00017779025159033438,-0.0015889121515046067,-0.00040486539766538626,0.0020949947629804585,0.0005449180984838854,-0.0004267316534285813,-0.001055420327472733,-0.0005499398977462116,9.95777156228557e-05,0.0002252604359715337,-0.0001436158236647933,0.00022373755942028153,-0.0009728128790445569,-0.0008506947719553395,0.0008314275809376249,0.0007772085860264415,0.00038376460024605927,0.001167278303753187,2.4494779738610566e-05,0.0016762839203695624,0.0,0.0,0.0,0.0,0.0,0.0,0.0,3.470415738418331e-05,0.0,0.0,0.0019511463154720222
2023-12-06,-0.0012074932529347,-0.00045515446261807323,0.00044689995699119447,-0.0017702889268495733,0.0004274295195389727,7.680820562594764e-05,0.0,5.502447094718138e-05,0.00010141251119792493,0.0008576459629216669,-7.40921324937842e-05,5.352137705342298e-05,0.0001185420100419815,0.031044514313657408,0.003938033700446201,0.015421281001870246,9.785783718556628e-05,0.006744310522093455,-0.000717775346510424,0.002343050696502104,-2.4915114098448342e-05,0.0007922212254903853,0.0024538284474649283,0.0,9.358858567903138e-05,3.910394344269691e-05,-1.983778099589263e-05,0.0007889802973904722,-0.0005818363727882115,-0.00037402407845768684,-0.0006052393389778031,0.0001934004968399541,0.0019166847219734525,0.000764077188169743,0.003053553306975686,0.0006308804688911994,0.0008833554141519192,0.000770490342244092,5.874815483556555e-06,0.00022148743054577137,-1.6356932206706986e-05,-0.0013327350803888443,0.004577491528470672,0.0018458232306570463,-0.0001701259726489551,0.004568402364556679,0.0014784605720304796,-0.008295909233212733,-0.001218634200437951,-0.0001208159468582817,9.426436793769037e-05,-0.0005519958954748021,0.0013596190827720352,0.00041278271604704424,0.00031466610568056685,0.0001686294051855554,0.0003785902149977096,0.0014544915122305627,0.0007979691864718041,-0.00019297962154038976,0.0009816941878497505,0.0,0.0004465694999602674,-0.0003437012317108599,0.0003324929280722896,3.883613714545761e-05,0.00017139307397099363,0.0009899646549752037,-0.0004669342755515409,6.329006916509718e-05,0.005275745908388747,0.0003214794826677387,0.0004938735446544715,-0.0028655271691505183,-0.0018399420766673212,-0.000325364451733815,-0.0020575829962425083,-0.00039297367924820545,0.0004963772109426328,6.641669776563746e-05,-0.0013330036367193681,-0.0004940744205907184,0.00239523225740995,0.00024285600731980292,-0.0004267316534285813,-0.0016103012948610652,-1.7041436532463363e-05,-1.700592014318913e-05,0.00010744499907720172,0.0001980043832293326,0.00020353180441029766,-0.0009554447156419473,-0.0008441954982204523,0.0002606718503098945,0.0015584657887129296,0.00020310596063053516,0.0003400956991132904,-1.1997187879979695e-05,0.0014938300282080247,0.0,0.0,0.0,0.0,0.0,0.0,0.0,3.470415738418331e-05,0.0,0.0,-9.442793489260877e-05
2023-12-13,0.0007142907561428752,-0.00045515446261807323,8.546572501223843e-05,-0.0011608987437495195,1.048287850148892e-05,0.0008533509539622728,0.0,7.959820472319377e-06,0.00010141251119792493,0.0008576459629216669,0.0001671541832325824,0.0001320717435562731,0.00020183286255459043,0.032332366449924294,-0.0021262397969064747,0.01435637156955845,9.785783718556628e-05,0.006439367268455601,9.185949896122934e-05,0.0026026180471388307,-1.814808205735952e-05,0.0008148311542232199,0.0023668064141078022,0.0,-2.1533747628391177e-05,3.910394344269691e-05,-1.983778099589263e-05,0.0005769848464693735,-0.00016444533176722078,-0.0003021001201622771,-0.0005817957886117436,0.00022681143451721864,0.0018167005956602226,0.0007511258131902405,0.004093613861178404,2.1497124075466773e-05,0.0008211840005814815,0.0010263671799125049,5.874815483556555e-06,0.00022148743054577137,7.414335016669285e-05,-0.001589962689908233,0.0052856961950297045,0.0015969854775942389,-0.0001701259726489551,0.004568402364556679,0.0016346649944100377,-0.008119231296280135,-0.0012354643015195595,-0.000691613002439032,9.426436793769037e-05,-0.0007537913197154261,0.0013596190827720352,2.318618708384645e-05,0.0003108650515553303,0.00031161061101457805,0.0003785902149977096,0.0014533839301412899,0.0010837779751325068,-5.3707401474272724e-05,0.0008671018174606733,0.0,0.00047065028823424954,-0.00034085110950041365,4.289503206473668e-05,0.00032354579274095963,0.00028864726583660615,0.0009899646549752037,-0.00034562772384648415,6.329006916509718e-05,0.005063393615693647,0.0003214794826677387,0.0006064643431324359,-0.0037337065247868427,-0.0018399420766673212,-0.000325364451733815,-0.0020575829962425083,0.000606369457127323,-0.0009135070464425441,3.7638938090797704e-05,-0.0009546557184897046,-0.00040486539766538626,0.0011212715172144987,0.00037492408855575225,-0.0004267316534285813,-0.0016103012948610652,-0.0002551654435917799,5.049173410696554e-05,0.00023959482012802738,-0.0004773601379502465,-0.0005798821968633142,-0.0010254770792745994,-0.0009379189939158144,0.000698622014016561,0.0015413346776013178,0.0002775925188771494,0.00022651882146788204,4.863636307287599e-05,0.0016672657727667675,0.0,0.0,0.0,0.0,0.0,0.0,0.0,3.470415738418331e-05,0.0,0.0,-9.442793489260877e-05
2023-12-20,0.00022028894622702996,-0.00014991320123210395,0.0003980496099088386,-3.483318627058157e-05,0.0002726624299594291,0.0008831500398318134,0.0,0.00012829843430793282,0.00010141251119792493,0.0005129422643771668,0.00012177301596936398,9.809473936173187e-05,0.0004943509675775634,0.030724764034090603,-0.001815712207035865,0.018172429440000328,9.785783718556628e-05,0.006496661059075117,9.185949896122934e-05,0.0024324914813476273,-2.4915114098448342e-05,0.00021962759909585478,0.0023402078870861645,0.0,-3.397208735947399e-06,9.487820339572502e-06,-1.983778099589263e-05,-0.001069929272585167,-0.00016444533176722078,0.00022914102633290383,-0.00039070146167850275,0.00022681143451721864,0.0010223486398123632,0.0017900418107349512,0.0035500709865002172,2.1497124075466773e-05,-0.005596970154923626,0.00025106248559670453,-0.00020728462428884064,0.00022148743054577137,4.749258932662654e-05,-0.0013449722065134106,0.0052856961950297045,0.0018443456525206999,-0.0001701259726489551,0.0025984444230950465,0.0016346649944100377,-0.008640821173349956,-0.0013695896337738319,-0.0001208159468582817,6.789278898859159e-06,-0.0007537913197154261,0.001176097341972675,0.0005840032236101286,0.00031466610568056685,0.00031161061101457805,0.0003785902149977096,0.0014533839301412899,-0.0007625916341194079,-5.3707401474272724e-05,0.0009816941878497505,0.0,0.00047065028823424954,-0.0003673260657909634,-0.0007734255280544856,-0.0010675998135733858,0.00026506448458287705,0.00038448856718838474,-0.00034562772384648415,6.451314238507244e-05,0.004961571788078044,0.0003214794826677387,0.00047219210684837647,-0.003353893405068703,-0.0015288911163283906,-0.0002499066659450159,-0.0018511448346070374,-0.0003395715620317705,0.00013367891891687643,-3.444050568238367e-05,-0.000939841433169286,-0.0002980323551000287,0.002548574188928409,0.0005404840258270826,-0.00038770003853173514,-0.0010402140612376454,-0.0002551654435917799,0.0006458834069493075,0.0002289344131183216,0.0005245613371432537,-0.000424062628915904,-0.0011110615191655324,-0.0012147461271868835,0.00044484440510899785,0.0015255092337945267,-0.000162301798182761,0.00022651882146788204,4.863636307287599e-05,0.0016400194952905904,0.0,0.0,0.0,0.0,0.0,0.0,0.0,3.470415738418331e-05,0.0,0.0,-0.000163139898646598
2023-12-27,-0.0006631156584411537,-0.0002479341220364162,0.00015164583593499015,-0.0006202975296503438,0.0001665508484673373,0.0009646022721237883,0.0,-2.9584967929739418e-05,0.00010141251119792493,0.0008576459629216669,5.533218418290741e-05,0.0001320717435562731,-0.0011494305073775826,0.03104975946720618,-0.0029062114231595297,0.01653594927417168,0.00010609073013694805,0.006257323416779991,8.962803445484841e-05,0.0002555243964658119,-2.4915114098448342e-05,0.00040585544942833954,0.0023402078870861645,0.0,-3.397208735947399e-06,0.0001232881652193952,-1.983778099589263e-05,0.0004264781278132497,-1.6064172372379683e-05,-0.0003061889896231708,-0.0006139873542498747,-0.00011300160792447671,0.0010734848237252544,0.0017900418107349512,0.004574576126706507,0.00024320724485002077,-0.006196417996164012,0.0002530260416809046,-0.00020728462428884064,0.00022148743054577137,0.00017461500760239778,0.00015209956509979345,0.004951518219746204,0.0018845731805754197,-0.0001701259726489551,0.002474722799053895,0.0016346649944100377,-0.008719087213273304,-0.001554634127576803,7.223525086268195e-05,-0.0009582443746428503,-0.0016522339402487963,0.001176097341972675,0.0006777772720060394,0.00031466610568056685,0.00031161061101457805,0.0003785902149977096,0.0003851946370892361,-0.0007625916341194079,-0.00027064824717396366,0.0009816941878497505,0.0,0.000533632918579165,-0.0003673260657909634,-0.0007453874882378207,-0.0010596612148815212,-0.0006308725282333863,0.0008924437820086733,0.0005061537812643504,-0.00036287416494891044,0.00033081328085927356,0.0003214794826677387,0.00018356272505258475,-0.003799745750192152,-0.0015288911163283906,-0.0002499066659450159,-0.001723581732461419,-0.0002993901233097341,0.00013367891891687643,-3.444050568238367e-05,0.0007865326888259862,7.385538851730145e-05,0.00198129240193936,-0.0007574375571767391,-0.00038770003853173514,-1.7314889252404e-05,-0.0002481440959993283,0.00039632441606575567,0.0001659203319429948,0.0004514002765007311,0.0014109467394761996,-0.0011110615191655324,-0.0012995044727586351,0.0006415671878610505,0.0015255092337945267,-0.000162301798182761,0.00022651882146788204,-0.00037737425508054917,0.0003965321279186605,0.0,0.0,0.0,0.0,0.0,0.0,0.0,3.470415738418331e-05,0.0,0.0,-0.000163139898646598
2024-01-03,-0.00034544254059698087,-0.0005410603205184689,0.0001962549262022755,-0.00101405883648729,-0.00030869643597694575,0.0011478944820011397,0.0,-7.743387395256651e-05,0.0002444279103021901,-0.00042236274837942394,5.7592021287484145e-06,-0.0012058864481239023,-0.0008580884184348416,0.032524001823033194,-0.0027912256779561813,0.010454653206036299,-0.00029668672440587627,-0.003485522278000258,-0.0005798815029913208,-0.003909276419610629,-2.885426728384883e-05,0.0009163093545504777,-0.0005042609007334305,0.0,9.358858567903138e-05,2.5524748177836425e-05,4.1212657552892335e-05,0.0005028851826499883,-8.948114072555604e-05,0.0002884714633983977,0.0008878368048160811,0.00013079683434298443,0.003774558853244337,0.0012541275335147422,0.005761278967277012,0.00027092811232141435,-0.006748943216134651,-0.0004388347686290566,-0.0003852941726557514,0.00015843522531844807,0.0006271391107877098,-0.0010422586554931026,0.0043274613773483005,0.0019186537484454569,0.0003616600739188456,-0.0021178083299747434,0.0015505946061061793,0.008267750636465438,-0.001111938581158139,-0.0006973184923704882,-0.0003408657368230767,-0.0015379881636377823,0.001176097341972675,-0.0011538871727682575,0.00033666208621310853,0.00039890665738544185,-0.0017746053094906023,0.0003819928337437215,0.0015983620479740218,-0.00025982444303869695,0.00044660506871675655,0.0,0.0005441245810917115,-0.0004300411808180515,0.0001805811171199845,-0.0006568695335107191,0.0003748473260649724,0.0006796533086807661,0.00010010928942792084,-2.07991805063842e-06,-0.0008922857210358242,-0.00020004235610810806,-0.0015849818191788695,-0.00111176469193958,-2.3862943272445595e-05,-8.968051774308847e-05,0.00017945050665961232,-0.0001629128814882945,-0.0001352131027533639,-3.444050568238367e-05,0.0009891612896977917,-0.00011956410278626074,-0.0002949847698793545,-0.0005382423893784152,-0.0002593623735324927,-0.001581143243068604,6.0130007272098365e-05,2.8978970393823286e-05,0.00016224635479620693,0.0018368969390479585,0.003100951753130734,0.0014042800732100417,-0.0012485966665518413,-0.0007928594114270122,0.0015340130488927706,-0.00024019356895039345,0.00024053695029995406,-0.00037737425508054917,0.0009346459118574966,0.0,0.0,0.0,0.0,0.0,0.0,0.0,0.0001893442962300525,0.0,0.0,-0.000163139898646598
2024-01-10,-0.00024454805903479564,-0.0003203906097784409,6.51581121782481e-05,-0.0012505786243066687,-0.0008193040491379488,0.0014617118828834056,0.0,-6.01892728648599e-05,0.0002444279103021901,1.9312104258090836e-05,-0.00021803776901334882,-0.0012685277646316585,-0.0008535220761530268,-0.0357991134224252,-0.002437342858728539,0.0005335218507805952,-0.00029668672440587627,-0.004447721457052925,-0.00062816538543023,-0.004559238619748265,0.0017513828374453205,0.0011657994182849715,0.0020313118977702315,0.0,-6.444149573087002e-05,-0.00012643734593454655,2.8674545269681654e-05,8.603125624055154e-05,-8.948114072555604e-05,-0.0003450921890117631,0.002076623625467512,0.0003382824838576622,0.004846035496588267,0.0009162579592564674,0.004756717395286127,8.418658993819119e-05,-0.004985764061954087,-0.0008719249499214918,-0.0003852941726557514,3.4191096817082724e-05,0.0008197978655709295,-0.0007750191220354262,0.00563007396942611,0.0010108376341558243,9.67184149727231e-05,-0.0005491512310762629,0.0021300616871508644,0.004179171092311032,-0.0018793440508016246,-0.0023472831169903505,-0.0006220608293934874,-0.0007162193695706111,0.0013006321501151518,-0.001231025112624631,0.0003023269694285511,0.00030605490738926306,-0.0024873798309819222,0.00040368951023912004,0.000629000033515277,-7.68829087509978e-05,0.0007153916555859378,0.0,0.0008859914239269252,-0.0006163881458007704,-1.5080366042498773e-05,0.000546750485634572,0.00014480511916256233,0.0006796533086807661,0.0004157085731581468,-0.0009092461611447921,-0.0011900056651987956,3.664936158706688e-05,-0.0009008328857413942,-0.00027328760770417115,0.0006786478675337603,-0.00045748689630225974,-0.0004157598690974127,-0.00032684054482346174,1.7603828712363747e-05,0.0003222765141975418,0.0008294519845909181,-0.00020746018147299418,-0.0003194613148217517,-0.0008990199042865764,-0.00032188303611227107,-0.0011322383533351028,0.0003346541003901899,0.00039064201152024745,0.00044186722461870133,0.0003534019144382078,0.0014002424379783492,0.001324083287060703,-0.0012525019063817987,-0.0009496860985260288,0.0015340130488927706,-0.00024019356895039345,9.473427208767482e-05,-0.0001523227815183529,-0.0003802985822684202,0.0,0.0,0.0,0.0,0.0,0.0,0.0,0.00025379127069628414,0.0,0.0,-0.000163139898646598
2024-01-17,0.00027627968715860794,-0.0006148967922745914,0.00015466641669388683,-0.0019350073995270346,-0.00033499825029594194,0.0010047793826289404,0.0,1.4956696127998856e-05,0.0002444279103021901,0.0005800010906821058,-0.00016482026723470456,0.00023182782340248046,-3.4850640621888226e-05,-0.008644515127833386,0.0044552731989019765,0.006951282350851963,0.00010609073013694805,-0.0034995435347518243,0.0002861854347178129,-0.0070379344212724996,-0.00030522260550653175,0.00043224065803992395,0.003040894898403714,0.0,-5.9497167517368876e-05,6.95072473837021e-05,4.1212657552892335e-05,-0.0001807232033059671,2.6362816822737083e-05,2.170847435532393e-06,0.0022138424430899984,0.00021247817889308927,0.004636316513031648,0.0017830439153190402,0.006430423324435991,0.00029567396326379445,-0.004576411984652322,-0.0004257803580870803,-0.0003852941726557514,0.0002334607329907973,0.001015072567401983,-0.0012580642806698543,0.004469010665871249,0.0014798926600750023,9.67184149727231e-05,-0.0014871794754315634,0.0011870074236962952,0.006363586713081344,-0.0020292343509846988,-0.0010430880435390434,-0.0004843225229229104,-0.0013707457165563865,0.0013006321501151518,-0.0011771183421338811,0.0003130880634617823,0.0003190863345346786,-0.0022528654370961732,0.000411125832973592,0.0013283032474026455,-7.68829087509978e-05,0.0007993214195664237,0.0,0.0006311879997106092,8.033443094013886e-05,0.0001450961572498001,0.0005080074863117931,-1.8992501099651794e-05,0.0005981716105609244,0.00036561756622739564,0.0003230880147284263,-0.0009181809055962491,-0.00020004235610810806,-0.0008515082397351331,-0.0011873029903718185,0.0003866830377135649,-0.00045748689630225974,0.0002148178696990067,5.244346935333625e-05,0.0007506728821809302,0.00035105427387238154,0.0008851866310259438,0.00019192518489283695,-0.00027489061039349656,-0.001185826156418332,-0.0003392636872180639,-0.001303677961343191,0.000108669008808114,2.8978970393823286e-05,0.0003261861082204912,0.0007441646080183486,0.002596404542193001,0.0013931603356449921,-0.001192004133561987,-0.0004487255900181681,0.0015168819377811586,-0.00031468012719700777,9.473427208767482e-05,-0.00035315379775803887,0.0007211028853644785,0.0,0.0,0.0,0.0,0.0,0.0,0.0,0.00025379127069628414,0.0,0.0,-0.000163139898646598
2024-01-24,0.00035093308314254043,0.0019869005396348136,0.00027049999816564487,-0.0015991128589612639,-0.00033499825029594194,0.001060781041530339,0.0,1.4956696127998856e-05,0.0002444279103021901,8.28170795072368e-05,-0.00016482026723470456,-0.0002655725639334691,-0.00013426425764739532,0.029312733526947736,0.004027774555707017,0.010451914487958024,0.00010609073013694805,-0.0035181408971476473,0.00032624183121839794,-0.006561782899111288,-0.00030522260550653175,0.000431300234794467,0.003662608625294452,0.0,3.8001349518276966e-06,0.00014768011744192502,4.1212657552892335e-05,-0.0003157645238626138,-8.437178738039558e-05,0.00019817968015453565,0.001297710254006048,0.00018984421531831352,0.0029850504466542582,0.0017830439153190402,0.002180012984735697,0.00029567396326379445,-0.00810445090105848,-0.000558432459907004,-0.0003852941726557514,0.0002334607329907973,0.0004903442837854704,-0.0011309040755996015,0.004545064866355474,0.00023167081143901828,0.0003616600739188456,-0.001849263355231707,8.82010449323954e-05,0.007391507814678428,-0.0014548657531986376,-0.0008530276570568446,-0.00047130565113620636,-0.001635704828352236,0.0012162407227232603,-0.0010493880814977708,0.0003130880634617823,0.0003190863345346786,-0.0017951569005072395,-0.0011133466554421486,0.0026749004326406143,-0.0001110772678532648,0.0007993214195664237,0.0,0.0006311879997106092,1.632000502096572e-05,4.964360245244611e-05,0.00026924678502624036,-1.984982068812242e-05,-4.182763405518815e-05,0.00036561756622739564,0.0005393731660682197,-0.0005008484302256116,-0.00020004235610810806,-0.0015887378179417996,-0.0017212144418566888,0.0003866830377135649,-0.0022676738770238524,0.00015202674474834617,-2.911424666777295e-06,-0.0005302394991234655,-3.0123587022494568e-05,0.0008400811637338624,0.00016396990854940192,-0.0004698497646118926,0.00014044776972135412,-0.0002593623735324927,-0.0016475070488015423,0.000108669008808114,0.000343847457922052,0.00014305119973950027,0.0007620077458157835,0.002380289316255218,0.0012967633916219276,-0.0013986165543482068,-0.0007893356050252128,0.0015168819377811586,-0.00031468012719700777,0.0005762055512571116,-5.906754606235523e-05,0.0006566285068696884,0.0,0.0,0.0,0.0,0.0,0.0,0.0,0.0001893442962300525,0.0,0.0,-0.000163139898646598
2024-01-31,-0.0002829852958813545,-0.00012182607998112265,3.029324069305189e-05,-0.0012217789684667614,-3.785779129344895e-05,0.001131828890327555,0.0,8.562559226563097e-05,0.0002444279103021901,8.28170795072368e-05,-0.00021803776901334882,0.00043672255078000245,-0.00013884040946850616,0.013433616319539906,-0.003106741907954795,0.010110381377341373,0.00010609073013694805,-0.003184955681553343,0.00021504123041471247,-0.007241656827687203,-0.00030522260550653175,0.00020602226969894692,0.003469187749044981,0.0,3.8001349518276966e-06,0.00014768011744192502,4.1212657552892335e-05,0.00010356953941058084,-6.665826651437841e-05,-0.0003450921890117631,0.0011005296615977267,-3.970083206578231e-05,0.0037713682900492604,0.0017900418107349512,0.0017905274969750226,0.0006658490672825303,-0.00861249837777256,-0.0014585481293032242,-0.0003852941726557514,0.0002334607329907973,0.000704940137407321,-0.0019853680391444285,0.004369010031757657,0.0017774280997400074,9.67184149727231e-05,-0.0017648684404307214,0.0001696938637279205,0.008797694143422798,-0.001485684336005362,-0.0008530276570568446,-0.0005159599066692987,-0.0014047882421258466,0.0016871893654130958,-0.0010829595011159878,0.0003130880634617823,0.0004330260354028027,-0.0022528654370961732,-0.0011308175803280691,0.002835718311787786,-6.043466454105109e-05,0.0007993214195664237,0.0,0.0006311879997106092,0.00015884921694263294,4.964360245244611e-05,-0.000622970701347722,0.0001291388040212534,-4.182763405518815e-05,0.0011538938882524464,0.0005393731660682197,-0.0003843360016449733,-0.00020004235610810806,-0.0012161235904773644,-0.0010882985798547574,0.00036752899513130515,-0.002392183209161598,0.00023981459967568365,1.5352182883694105e-05,0.00037688908212247726,-0.0004891912519274944,0.0009933215501569258,-0.0007234362161970775,-0.0005339509651111159,-0.0004834930349952174,-0.0003392636872180639,-0.0015917024927981954,-1.002008894001173e-05,0.000343847457922052,0.00016224635479620693,0.0014203027920608607,0.002220629006521493,0.001417069045780057,-0.0010234647460151153,-0.0009277583768987651,0.0014610785460570388,-0.00015270737680756456,0.000464786410380693,-9.548063969270061e-05,7.433193016991726e-05,0.0,0.0,0.0,0.0,0.0,0.0,0.0,0.0001893442962300525,0.0,0.0,-0.000163139898646598
2024-02-07,-0.0007230172854624182,-0.0005907125386006482,-0.0002119226138866287,-0.000646400647205195,0.0005450340363266607,0.0009707951186368779,0.0,0.0001563330892708053,0.0002444279103021901,8.293960880136494e-05,-0.00021803776901334882,-0.0007203217522902887,-0.00017976186799706806,0.014747360582150447,-0.0011868487458814574,0.007076413201982818,0.00010609073013694805,-0.003210087723455307,-0.0015463787625646266,-0.006675313994863896,-0.00030522260550653175,0.001002969805968011,0.003572682052290354,0.0,-0.0002566350770058714,-0.0003096302342102646,4.1212657552892335e-05,-9.177676412415381e-05,-8.07716877364815e-05,-0.00023886990747027151,0.0028076907464086283,3.434795280974251e-05,0.004605153912426835,0.0015436273365841391,0.0019777096269900647,0.0006043211843702845,-0.003622437857204965,-0.0005845569751988974,-0.00028411996564706984,0.00015679856739508316,0.0010523143897009594,0.010501928776764953,0.0036960654544711527,0.0019181730886876037,9.67184149727231e-05,-0.001319108603101101,0.0001696938637279205,0.007622799868780471,0.0014011336871296515,-0.0015743088304825772,0.0006444685799211906,-0.00011517009184625338,0.0015987121009233831,0.00602553903663974,-0.0003381387971307016,0.00048142004567227226,-0.0026782509477076264,-0.001044944686578187,0.004647246064764076,-2.7843560933342172e-05,0.0007613139209652153,0.0,0.0002835650165069427,0.0006036759393555195,4.964360245244611e-05,-0.00042200821027155654,-0.00019372778832236768,0.00025854691888388485,-0.0010820650136643003,6.783206731035102e-05,-0.00014409807561812879,0.0003214794826677387,-0.00014846633031767175,-0.000578809511343454,0.0004148789309405947,0.0015949980218560708,0.0004104173639399531,5.244346935333625e-05,-0.0003008213580767309,0.0002592522003085283,0.0006693357337038996,-0.0005400452616396401,-0.0005339509651111159,-0.0005125905748840456,0.0017921032419253781,-0.0015498888890913116,0.0005888126281992315,0.00035487465686005526,-5.188862560784915e-05,0.0020630391155664956,0.002838425196620052,0.0015914214976283443,-0.0007217043532891308,-0.00041280897307868623,0.0002616059681263014,3.1116692862459346e-05,0.00046824034849684036,0.00013306364734334654,7.433193016991726e-05,0.0,0.0,0.0,0.0,0.0,0.0,0.0,0.00018492081849067537,0.0,0.0,-0.0006922022781658486
2024-02-14,0.0007146308936365818,-0.0006898585001213133,3.029324069305189e-05,-0.0006235859476698753,0.0005887180637580578,0.001287019375605805,0.0,8.562559226563097e-05,0.0002444279103021901,-4.92496780050988e-06,-0.00021803776901334882,-0.001017017834907181,0.00042229704752006067,0.006810965255015195,-0.0017150922815946745,0.0057795172869988705,0.00010609073013694805,-0.003451642311125296,0.0006687420266590048,-0.0069299702137914565,-0.00030522260550653175,0.001002969805968011,0.0034324605974870555,0.0,-2.1533747628391177e-05,6.95072473837021e-05,4.1212657552892335e-05,-9.804050905932334e-05,-0.00017906082825875814,-0.00023886990747027151,0.003495020624191123,0.00012123700638280374,0.004669349943300724,0.0015506252320000502,0.0016410603702904727,0.0006658490672825303,-0.001961247481321986,-0.0005845569751988974,-0.00028411996564706984,0.00015679856739508316,0.0005407483420553374,0.010640271410426045,0.00378782509402884,0.0014814138251379742,9.67184149727231e-05,-0.001319108603101101,0.0001696938637279205,0.0061281639946557396,0.0007715367303133819,-0.0017018794116096313,0.0008630789335945333,-0.00010675485521330409,0.0014948434871761697,0.005948401096783367,-0.0003381387971307016,0.0005204493765053874,-0.002641832749300937,-0.0010344688051952505,0.004840253807170613,7.32508468885119e-05,0.0007613139209652153,0.0,0.00035667985681190093,0.0005772009830649699,4.964360245244611e-05,0.000546750485634572,-2.535580004379176e-06,8.118650647851615e-08,-0.0006552225540784174,0.0003480134780885821,-0.0009617357700449391,0.0003214794826677387,-0.00016282433836950863,-0.00023267039045583553,0.00046252680994697597,0.0015949980218560708,0.0002560561044323684,-2.911424666777295e-06,0.0001255566262035952,0.0002592522003085283,0.0005160953472808362,2.6554722489284203e-05,-0.0004698497646118926,-0.000283034628401051,0.0017921032419253781,0.0008630081144633087,0.0005888126281992315,0.00035487465686005526,1.1700060149144793e-05,0.0014203027920608607,0.0029403935942552096,0.0016400850833216268,-0.0005582616848574961,-0.000653179372993797,0.0002107096071219486,3.1116692862459346e-05,9.543574089732367e-05,8.158691718252694e-05,-8.255048341033372e-05,0.0,0.0,0.0,0.0,0.0,0.0,0.0,0.00025379127069628414,0.0,0.0,-0.0006922022781658486
2024-02-21,0.0009125406837076528,-0.00010560923938106738,0.00015466641669388683,-0.0006235859476698753,0.0005365502157228623,0.0009983385677155747,0.0,8.562559226563097e-05,-0.0004578533879997023,0.0006207137675314687,-0.00016482026723470456,-0.0007915708424127102,-0.0002753438952662648,0.007256870067798154,-0.002082455442958247,0.005856824537874986,0.00010609073013694805,-0.004021176737829131,0.0008587200192751358,-0.007266793617758607,8.270791453251578e-05,0.0013874407099160094,0.0034324605974870555,0.0,-3.397208735947399e-06,0.00014768011744192502,4.1212657552892335e-05,0.0009749539218766264,0.00029753801049725765,-3.078071443239703e-05,0.002300533005159578,0.0005919872503929121,0.004276963340026448,0.0017320605804931216,-0.001657100141174606,0.00047353746894294557,-0.0016058421521666078,-0.0005102545161297474,-0.00028411996564706984,-3.0655470460429833e-05,0.000602314560173429,0.01002751566500506,0.003942875006848985,0.0014347317883774623,9.67184149727231e-05,-0.001371945066244675,0.0001696938637279205,0.006722698249083262,0.0007715367303133819,-0.0017018794116096313,0.0008781431469772362,-0.00010675485521330409,0.0014948434871761697,0.004812464814675167,-0.0003381387971307016,0.0004863299984880266,-0.0026533313878180672,-0.0010344688051952505,0.0032867225125288346,-0.00012204819459468193,0.0006285354815702677,0.0,0.0003474613906682008,0.0005772009830649699,4.964360245244611e-05,-0.0004010928749026199,-0.00021412764034975547,-0.0003176309744657947,-0.0006552225540784174,0.0005353538725411924,-0.00044276212264221537,0.0003214794826677387,0.00012349600852562558,3.197054011176085e-05,0.0003941582209655603,0.0015949980218560708,0.0001867629239808941,-1.4634888073633995e-05,0.00021815552142649707,0.0002592522003085283,0.0003535921700683557,0.00032274077859403095,-0.00027489061039349656,-0.0011333766363485881,0.0017921032419253781,0.0008630081144633087,0.00019452761441745325,-0.0004245865045667714,0.0002575029619019747,0.00014726323066027773,0.0031000539039889347,0.0015992578875378626,-0.0009222298997883623,-0.0010118712090757178,0.0002107096071219486,3.1116692862459346e-05,-0.0016889440323090473,0.00019348507507251103,0.0009322705509401731,0.0,0.0,0.0,0.0,0.0,0.0,0.0,0.00025379127069628414,0.0,0.0,-0.0006922022781658486
2024-02-28,-0.00115900414288787,-0.0007493068430169333,7.45659832277072e-05,-0.0005313417170091612,0.00038177282492352207,0.0005580712815589048,0.0,-6.731262781953355e-05,-0.0004578533879997023,0.0006207137675314687,-0.00016482026723470456,-0.0017916489911368322,-0.0008535220761530268,-0.021441850861938744,-0.002888681701092744,0.0005517381075877306,-0.00029668672440587627,-0.002529487703449856,-0.00141454625139326,-0.007260896375102918,-0.00030522260550653175,0.001194467539796543,0.001994584746212306,0.0,-4.630495683842625e-05,4.349782299502479e-05,2.8674545269681654e-05,0.0007224286137605936,0.00017774671771252665,0.0006884315261292067,0.004178942394526038,0.00032169981424124913,0.004526030329474633,0.00047757932037842805,-0.00232284971978394,0.0004432666757396797,-0.003364273325089369,-0.0012235605984849917,-0.00028411996564706984,-3.0655470460429833e-05,0.000602314560173429,0.00860762396495019,0.004353007646893695,0.0009783094794202968,9.67184149727231e-05,-0.001015988979530536,0.0001696938637279205,0.005233958679512981,0.00018503406439246422,-0.0023472831169903505,0.0013959044127580802,-8.522911391747377e-05,0.0014948434871761697,0.004673133936786598,-0.0003488998911639328,0.00023018156089280425,-0.0026533313878180672,-0.0010107494777401964,0.002656186402315729,1.1637316834881082e-05,0.0007613139209652153,0.0,0.000320508530864694,0.0006809037134127179,-0.0002486956701233288,0.000546750485634572,-6.688436469515796e-05,-0.0003176309744657947,-0.0010820650136643003,0.00034399418456155476,-0.0012539663499281936,0.0003214794826677387,-0.0009375827930137691,-0.0004375685033976705,0.0003941582209655603,0.0015949980218560708,0.00015815033342301472,-2.911424666777295e-06,-0.0005801326508968831,0.0002592522003085283,0.0004273391898132022,3.840911187845452e-06,-0.0003194613148217517,-0.0012294988948675016,0.0017071494944388354,0.0008843945110748899,0.00019452761441745325,-0.0004245865045667714,0.0007349447505485892,-0.00011835006244541383,0.002929984751301225,0.0013900885464851374,-0.0009706804778568727,-0.0011486520189579418,0.00026795529485504647,-0.00015955149561962506,-0.001281029012304943,-0.00016048685431709747,0.0007547603116076863,0.0,0.0,0.0,0.0,0.0,0.0,0.0,0.00025379127069628414,0.0,0.0,-0.0006922022781658486
2024-03-06,0.0007321043259519996,-0.0007493068430169333,0.00014881105519107656,-0.0010286594633259253,0.0003606292595394805,0.00047095784108810426,0.0,-2.9650332112401913e-05,-1.546263396015136e-05,1.2952706763959309e-05,-2.5179241842179648e-05,-0.0007345734225511439,-0.0006770320326921313,-0.008504364526394026,0.0028055441250218775,-0.004908045246654893,-0.00029668672440587627,-0.003880676208368873,0.0004332853013616468,-0.0057907328348624386,-0.00030522260550653175,0.0007942274359222494,0.0030567357400664704,0.0,-5.9497167517368876e-05,6.95072473837021e-05,2.8674545269681654e-05,-9.177676412415381e-05,0.000317223751498851,0.0006114299391650471,0.004723044070707126,0.0005408753881296854,0.004815242174060525,0.0017250626850772105,-0.0009854873050531574,0.0005881660322906901,-0.002087974001031369,-0.0011977015979994334,-0.00028411996564706984,-3.3592470707235166e-05,0.00040548877083264377,0.012407056321064161,0.003953932954328675,-2.631982254489969e-05,-0.00019981584173846132,-0.0010313588637094076,-0.00016062171446234113,0.0036452067606560657,0.0038915594854716687,-0.0013819772877931913,-0.002505808900939488,-0.0006101627661289026,0.0020489489336671866,0.0011169910426749924,4.3395977439570634e-05,0.00019115223005968912,-0.0017161771839878544,-0.0010438806344615457,0.0007091558320769167,0.00038260336345092265,0.0007613139209652153,0.0,0.0003936233711696523,0.0007539256836987488,0.00022511436763294058,0.0005029196873920452,0.0003344290745633208,0.0003808136077651286,-0.001443498876103468,0.00035599904830201605,-0.000554075278881206,0.0003214794826677387,-0.0003541658244188063,-0.000730676202165526,0.00037864389212248506,0.0012871131059050145,-0.0001902039990364623,-2.911424666777295e-06,0.00043473731785219675,-0.0004891912519274944,0.00030432644231714027,2.8705172402214833e-05,-0.00035731121588989095,-0.000863427366585986,-0.00032716671346593476,-0.0009230546312235522,-4.530768933260393e-05,-0.0005708092705194958,0.00025450937793169867,6.335932813957283e-05,0.0031201712543828678,-0.0001604485985322947,0.000789803778379698,-0.00048618357746254816,-5.593950654780757e-05,-0.0005221187797026941,-0.0016611712381159275,-0.00011923293615252848,0.0009142350525993266,0.0,0.0,0.0,0.0,0.0,0.0,0.0,0.00025379127069628414,0.0,0.0,-0.0006922022781658486
2024-03-13,0.0007832623095293339,0.0005440258108396756,2.6592489068564325e-07,7.981587612174986e-07,-9.771735973633814e-06,-0.001177175689986896,0.0,-2.9650332112401913e-05,2.8760888093568387e-07,-7.49118698379155e-05,-2.5179241842179648e-05,-0.0007345734225511439,-0.0001215380434770959,0.008344167930782435,0.003174255586431015,0.00024115535458616534,0.00010609073013694805,-0.0038105353169678967,0.0005314882817051632,-0.006226870122471729,-0.00030522260550653175,0.0008505115473717973,0.0036213114289287834,0.0,-2.1533747628391177e-05,0.00017368954183060234,2.8674545269681654e-05,-0.00017984368903814062,0.000317223751498851,0.00041548853988305947,0.0034133388634274473,0.0005668569104152457,0.0052968176235444735,0.0016440388800188243,-0.0010511361792092083,0.0005881660322906901,-0.004249568765571419,-0.0007659154934217668,-0.00028411996564706984,-3.0655470460429833e-05,0.00020094231590903652,0.011599811090314511,0.004062107887074097,0.0004453646592764265,-0.00019981584173846132,-0.0010433636016838712,-7.912889566681603e-05,0.004984341202033343,0.003285092887869594,-0.0013866483064849185,-0.0023002761036931036,-0.0005837332859890158,0.0020489489336671866,0.0010652057289094108,4.3395977439570634e-05,0.0003456036972274615,-0.001634698856329059,-0.0011550308070184807,0.0023000931210566742,0.00036884158378038977,0.0007613139209652153,0.0,0.00035667985681190093,0.0004929623629968177,0.00025919896986839695,-0.0005934368024999795,0.0005393693478778999,8.118650647851615e-08,-0.0006552225540784174,0.0005373619878092374,-0.000754894920352511,0.0003214794826677387,2.8912520758827144e-05,-0.0003949440749357196,0.00044701248110390075,0.0012871131059050145,-0.00016484983410221818,1.5352182883694105e-05,0.00043473731785219675,-0.0004891912519274944,0.0003535921700683557,-0.00036174234691126775,-0.0006153881776322251,-0.001847440578981545,0.0017921032419253781,-0.0012198433747943336,9.32901388730971e-05,-0.0005708092705194958,-0.0006917831943037316,0.0002470344355972244,0.0015258432050790013,9.558563273810453e-05,0.0006668397274899943,-0.000920915691806803,-5.593950654780757e-05,-0.0005221187797026941,-0.0005446015933056843,-0.0005092924653211636,-0.0005581915289663633,0.0,0.0,0.0,0.0,0.0,0.0,0.0,0.00025379127069628414,0.0,0.0,-0.0006922022781658486
2024-03-20,0.0009531667784211086,0.0014448048059144953,-9.461541455789635e-05,-0.0012567582204134323,3.15244831184187e-05,-0.002076008144962274,0.0,1.0541916742592618e-05,2.8760888093568387e-07,0.0007085783441333435,0.0002117964584419362,-0.0006719321060433877,-0.0001215380434770959,0.02839323658960387,0.002916898576683116,5.6248617742808384e-05,0.00010609073013694805,-0.0038105353169678967,0.0005314882817051632,-0.00604202298298808,-0.00030522260550653175,0.0008505115473717973,0.002125365423824108,0.0,3.8001349518276966e-06,0.00014768011744192502,2.8674545269681654e-05,0.0010183717625215911,0.000317223751498851,5.6997446068567944e-05,0.004498135008608366,0.0005668569104152457,0.00406624207567593,0.001477742162699032,-0.004093917557221077,0.0005881660322906901,-0.0038042802702775596,-0.0006916130343526169,-0.00028411996564706984,-3.0655470460429833e-05,0.00046147501800746,0.011896575890280415,0.004142205275946587,0.0008941198135551429,-0.0007618204327023194,-0.0008509801739788217,-0.00016062171446234113,0.004746917126402393,0.002361228359465414,-0.0012590777253578644,-0.0019928787990955888,-0.0005837332859890158,0.0015780002909773511,0.001142343668765784,4.3395977439570634e-05,0.0004587709289936612,-0.0018370756985291827,-0.0011260618077451193,0.004806741326040609,0.00015969195992061034,2.2421315662646203e-06,0.0,0.00035667985681190093,0.00045264235535384504,0.0001565211804551053,0.0002743345839459883,9.734428416874978e-05,0.0002041174779095418,-0.001443498876103468,0.0005352599894598839,-0.0007091974133851145,0.0003214794826677387,-0.00039519892916921925,-0.0006987553469616484,0.00044701248110390075,0.0016415588105089549,-1.0488574594633482e-05,1.5352182883694105e-05,-0.00018702803681983006,0.00011706508885433255,0.0003535921700683557,-0.00036629796256852496,-0.0006153881776322251,-0.0010239744570358703,0.0011483848181359135,-0.0009976899756699636,-4.530768933260393e-05,-0.00036356017151366077,-0.0001445528907557732,0.0002470344355972244,0.000991529319370829,0.00024650205170936715,0.0009994779709106192,-0.001086498315892356,-0.00010604647669980682,-0.0003197953563686564,4.152171484066256e-06,0.0006603324265716601,-0.0011286340834914949,0.0,0.0,0.0,0.0,0.0,0.0,0.0,0.00018492081849067537,0.0,0.0,-0.0006922022781658486
2024-03-27,0.0007538188399520175,0.0005440258108396756,-0.00020036142018060627,-0.0012567582204134323,3.1573708182915e-05,-0.001506117799316965,0.0,2.072852705828806e-05,-1.546263396015136e-05,1.2952706763959309e-05,0.0002117964584419362,-0.0009732897249589525,0.00012238417064347292,0.029942735675176677,-0.0009809925883456454,0.0001239037817513508,0.00010609073013694805,-0.003502134870382481,0.0001726102241894652,-0.006538160974703908,-0.00030522260550653175,0.001150002236066656,0.0025623522009962318,0.0,3.8001349518276966e-06,0.00014768011744192502,2.8674545269681654e-05,6.0155843330451787e-05,0.0001287120793980514,5.6997446068567944e-05,0.004144382580227381,0.0009579658497902034,0.004249935801845846,0.000895394758851093,-0.002733000743122516,0.0005881660322906901,-0.0026180109308630217,-0.001157354088675454,-0.00028411996564706984,-3.0655470460429833e-05,0.00034742884545725243,0.014152291026826212,0.004103818982485485,0.001219974602206962,-0.0007618204327023194,-0.0010433636016838712,-0.00016062171446234113,0.005670501984740664,0.0026105513879449748,-0.0014408627359719904,-0.0019928787990955888,-0.000479554196641743,0.0015780002909773511,0.001142343668765784,4.3395977439570634e-05,0.0004587709289936612,-0.00125846864739892,-0.0006726055107343967,0.0048499244395548355,2.8783765513008125e-05,0.00027150589537430807,0.0,0.0004992144693905055,0.0005234302978056927,0.0001565211804551053,0.0002972500468195785,0.0006052679512894422,0.0002041174779095418,0.0004195457468522284,0.0005352599894598839,-0.0010398094928299032,8.990581849064902e-05,-0.0007122161800303111,-0.0005586916851855722,0.00044701248110390075,0.0016415588105089549,-3.5842739528877575e-05,-2.911424666777295e-06,-0.00019567115325841309,0.00011706508885433255,-0.001185587736910624,7.41160077364379e-05,-0.000551286977133002,-0.0009019854640939124,-0.00018170653715774882,-0.0009976899756699636,-4.530768933260393e-05,-0.00036356017151366077,-0.0003409929163177985,0.0002470344355972244,0.0012412261394931785,0.00013952952322461037,0.0009236182854134748,-0.0007386207923525108,-5.593950654780757e-05,-0.0003197953563686564,-0.0007297896115531757,0.0004915079972538815,-0.0010046025664464625,0.0,0.0,0.0,0.0,0.0,0.0,0.0,0.00018492081849067537,0.0,0.0,-0.0006922022781658486
2024-04-03,-0.0004261657585719266,-0.0008648932233662472,-0.00029420257345730717,-0.001396022640835387,0.00028266571428132406,0.0009651043545090864,0.0,5.380807428410303e-06,2.8760888093568387e-07,0.00020100885243061015,-2.0874630715139916e-05,-0.0009990425959296606,-0.00039454662994943394,-0.02530265279814248,-0.002551998132793511,-0.009075699933321774,-0.0002852202072016247,-0.0006446593897835081,-0.001005504627788768,-0.0054175925978747945,5.399269715212895e-05,0.0008814555744003568,0.002374754584747548,0.0,-0.00034230916808258865,-0.0015262550785550989,2.8674545269681654e-05,-0.0002636255975479872,-1.7869533511865797e-05,0.0005751970072100859,0.005199365271806624,0.0013088180694274959,0.005387011141295903,0.00020487232840229246,-0.0009545653105209372,0.0005881660322906901,-0.005975586193291894,-0.002373485522899244,-0.0006967899888035931,-3.3592470707235166e-05,0.00031211064461301275,0.005127363302702999,0.006104137400911487,0.0004784813455011801,9.67184149727231e-05,-0.001072951931956076,-6.714041756391713e-05,-0.00577876337536085,-0.0009267389769536359,0.005706496868805383,0.0011543108194157269,-0.0010989548416540746,0.0020489489336671866,0.0011957704881190114,2.2537541746207483e-05,0.0007545029511496273,-0.0015743736287641228,-0.000523831336360239,0.0026569342632711507,-0.0002760350110862541,0.000285978610478759,0.0,0.0006428613647800097,0.00016927970512437901,4.281917552996568e-05,0.000546750485634572,0.00032650601272126226,0.0004657316788985163,0.0006190113779226881,-0.0002808822931679399,-0.0015600891035949696,0.00020997401285100106,-0.0004033095041838917,-0.00027600260417623884,0.00037864389212248506,0.0014543668658616932,0.0006644171149270673,0.00047343611401905476,-0.0003142171088554476,-0.0003132248163758275,-0.0018515359143976304,-0.00041900108893691725,-0.00023520255101667516,-0.00044600009420159395,-0.0001771355585932751,-0.0010546462573935871,0.00060190463703376,-0.00036356017151366077,-0.00016183205189763597,-1.8578857508467165e-05,0.001492124509719953,-7.358670479227119e-05,0.0018656531569586558,-0.0008084460328782947,-4.103401702528441e-05,-0.0005179605239805428,-0.0027462577274297594,-0.0008356801508686436,-0.00047587489933195417,0.0,0.0,0.0,0.0,0.0,0.0,0.0,0.00010896384111997321,0.0,0.0,-0.0006922022781658486
2024-04-10,-0.000564376201598574,-0.0004609592905085334,0.00020606850597985288,-0.0009883641357875095,0.00020976951936564162,0.001151161110440464,0.0,-1.4080214841477976e-05,2.8760888093568387e-07,0.00020100885243061015,-0.00026413104130827383,-0.0006264301391273802,-0.00039454662994943394,-0.03210165085744128,-0.002734717785558975,-0.005163155528169985,-0.0002852202072016247,-0.0006446593897835081,-0.0008894730112476573,-0.0026788772688029695,0.0013634973707027163,0.0010574492508591386,0.0024312431127178806,0.0,-6.444149573087002e-05,0.0003495504678056444,2.8674545269681654e-05,9.326389191806274e-05,1.837839251501968e-05,0.00027235212802431897,0.0046146923045059145,0.0013088180694274959,0.005941615561634642,0.0003741750812188392,-7.419205215348788e-05,0.000371153716704201,-0.005975586193291894,-0.002373485522899244,-0.0006967899888035931,-3.4247231269036676e-05,0.00031942813695954133,0.004701120965393036,0.005407806035054301,0.00032015750125586847,9.67184149727231e-05,-0.0009322653973632283,-0.0018484587168261417,-0.0047592279862412505,-0.0006781944481128101,0.005706496868805383,0.0010022410390769531,-0.0010979206737909263,0.0020489489336671866,0.0011957704881190114,2.2537541746207483e-05,0.0006221254467872832,-0.0019957904645769116,-0.000523831336360239,0.0019572246259902406,-0.0002760350110862541,0.0008513585147541888,0.0,0.0006520798309237099,0.00025578383498581567,1.3581622009594399e-05,-0.001023098700491308,0.00034122294836736263,0.0005410293156811548,0.0007296706832356903,0.0002938340844271755,-0.0015735533799965955,0.00020997401285100106,0.00019613908454636003,0.00013398680557468855,0.0004990038750551138,0.0014543668658616932,0.0007762816465814741,0.00021158306579985788,0.00031619136225516224,-0.0003132248163758275,-0.0018515359143976304,-0.00041900108893691725,-0.00023520255101667516,-0.0010237041510319366,-0.0001771355585932751,-0.0007515955166116051,-0.0005314122975740082,-0.0006058055808717324,-0.00016183205189763597,-0.00011097512182782504,-0.0001212160948846948,-5.144629818239895e-05,0.0017688574665983173,-0.0010146090767079283,-4.103401702528441e-05,-0.0005179605239805428,-0.002569784362037743,-0.0008356801508686436,0.00019061791367138383,0.0,0.0,0.0,0.0,0.0,0.0,0.0,0.00010896384111997321,0.0,0.0,-0.0006922022781658486
2024-04-17,-0.0005370590388729889,-0.0004609592905085334,0.00020606850597985288,-0.001132661190284559,0.00020976951936564162,0.0009186972791552634,0.0,3.411066178074632e-05,2.8760888093568387e-07,-0.0001716517527183322,-0.00026413104130827383,-0.000690640716637568,-0.00010332359332641011,-0.03121379336742816,-0.0025747907196322344,-0.005157158682952238,0.00014809186952971187,-0.0006139297719046058,0.00010729910776572074,-0.002996666751251049,0.0016014138833660189,0.0015443917199957627,0.002435181729300133,0.0,-5.9497167517368876e-05,0.0003495504678056444,2.8674545269681654e-05,-8.819928002584308e-05,-8.437178738039558e-05,0.00027235212802431897,0.004550576989164428,0.001402392605485576,0.00593024924996482,0.0003741750812188392,-0.00019115391453488955,-0.0006068601049706184,-0.007753647743939095,-0.0027096880642022043,-0.0006967899888035931,-0.00035530997272035006,0.00021967587562550907,0.005999938722028857,0.00536116089667946,0.0003008389676998007,9.67184149727231e-05,-0.0013801544213274518,-0.0012710807241435313,-0.005033090812353924,-0.0005768696089292057,0.0057323604723021684,0.0010022410390769531,-0.0010979206737909263,0.0020489489336671866,0.0010804741609862396,2.2537541746207483e-05,0.000735292678553483,-0.0019957904645769116,-0.000523831336360239,0.002324962101140265,-0.0004254083966506448,0.0002792005408628538,0.0,0.0008034353672509159,0.00022930887869526594,1.1595114476215572e-05,0.000546750485634572,0.0003177885544313767,0.0005410293156811548,0.000482716005892269,0.0002938340844271755,-0.0014919433401562616,0.00020997401285100106,0.00019613908454636003,-0.00022706654536774705,0.0004990038750551138,0.0014543668658616932,0.0007762816465814741,3.097176875551656e-05,-0.0003932868583112081,-0.0003132248163758275,-0.0018504805082075971,-0.0008551327387110461,-0.00029930375151589834,-0.0022671556058470525,-0.0001771355585932751,-0.0010871578132123998,-0.0010850073753222043,-0.0006058055808717324,0.00048491376378366236,-0.0007797602428818274,-9.165529811216541e-05,-7.27726505667528e-05,0.001827737809464909,-0.0011625675724386165,-2.3902905913672544e-05,-0.0003272923354984584,-0.0038073327799805603,-0.00012305943447047264,3.373550009113285e-05,0.0,0.0,0.0,0.0,0.0,0.0,0.0,0.00010896384111997321,0.0,0.0,-0.0006922022781658486
2024-04-24,0.0003049620568545371,5.185391884466572e-05,-0.00016010671476732297,-0.001132661190284559,0.00027986235012928627,0.0005150235559578534,0.0,0.0001067505003387403,2.8760888093568387e-07,0.0003426661469381278,-0.00026413104130827383,-0.0004044540299032119,-0.0003046496309018788,-0.033230131326775936,0.0038916946447387396,-0.005153491844431093,0.00014809186952971187,-0.0006433719573244409,0.0004446037951594097,-0.0033316856857904067,0.0013634973707027163,0.0012449010313009038,0.0011499876809517833,0.0,8.82210732437553e-05,9.228811780459845e-05,2.8674545269681654e-05,0.00040451261024348345,-8.437178738039558e-05,0.0005452951142704662,0.005434426648073697,0.00148355915196292,0.005859907258043346,0.0017977357876604399,-0.0010162632262000668,-0.0006068601049706184,-0.007692925542301341,-0.0022538878316212966,-0.0006967899888035931,-0.00035530997272035006,0.00039528826629380817,0.006077107460538734,0.004880793315900075,-7.049345673890907e-05,9.67184149727231e-05,-0.0014199159435209553,-0.0012710807241435313,-0.005304685085831287,-0.0005656052921163236,0.0057323604723021684,0.0011559741427278256,-0.0013722167484285933,0.0020489489336671866,0.0010508304101101904,2.2537541746207483e-05,0.0004083794986630821,-0.001616076085605181,-0.0004997296390494065,0.0017085223298958633,-0.00030001036212230867,-0.0005509044018909491,0.0,0.0007942169011072157,0.00014507025862711388,1.3581622009594399e-05,0.0005080074863117931,0.00030169674636664596,0.00044350844271462446,0.000482716005892269,0.00077275553644715,-0.0014218341276886395,0.00020997401285100106,0.0007576236212364793,-0.0004594289589667907,0.00043063528607369816,0.0014543668658616932,0.0006401346602875183,-3.4539672015580975e-06,-0.00028595890250576815,-0.0004604134922526546,-0.0018965146269088688,-0.0009559936814741578,-0.00029930375151589834,-0.0014795735861804602,0.0012765332077259437,-0.0011173591389826002,-0.0010850073753222043,-0.0006058055808717324,-0.00012548712715911765,-0.0007797602428818274,-0.0001212160948846948,-0.00021214088327509454,0.00169831814586866,-0.0011020925504186554,-4.103401702528441e-05,-0.00041343412859702594,-0.0023483332079489217,5.999992383315149e-05,5.4416754564137304e-05,0.0,0.0,0.0,0.0,0.0,0.0,0.0,0.00010896384111997321,0.0,0.0,-0.0006922022781658486
2024-05-01,0.0003400125551147329,0.0010867727629421688,-0.00013031400012073204,-0.0007995602970450032,-4.877864530108812e-05,0.00016286009187596937,0.0,-4.8058028872851416e-06,2.8760888093568387e-07,0.0006207251901574414,-0.0003484622127890483,-0.0003892830977220031,-0.00019542195081303663,-0.0060050382203058715,0.0038620261693122584,-0.008515683593361446,8.830215743477417e-05,-0.004927293234227067,0.0004613668923044536,-0.005480382276862937,5.399269715212895e-05,0.0019610394591244944,0.0016550201260531947,0.0,-3.397208735947399e-06,9.228811780459845e-05,2.8674545269681654e-05,-7.403020386083354e-05,0.00010413988472040402,0.00011329629189602767,0.005265423082458527,0.0013575292664677666,0.004913525575628965,0.0015488666834815729,-0.0031640402007129037,-0.0013663127919596532,-0.008008962619394194,-0.002182817937326199,-0.0006967899888035931,0.0005494437473500969,0.00022593610169003225,-0.0028101521071217032,0.004823044364388426,0.00010289444494190764,9.67184149727231e-05,-0.001072951931956076,-4.417292082783112e-06,-0.007232760137038617,-0.001889194293357077,-0.0018722289472631896,0.0011491701414205165,-0.0001509324659785872,0.0020489489336671866,-0.001796040876838078,6.521504307030007e-05,0.0005481017200890869,-0.0016490839873614742,-0.0008561986284161612,0.0010086159385411203,-0.00030001036212230867,-2.9200860117695612e-05,0.0,0.0005682053693656936,-3.0714553426818984e-05,0.00011812846386295311,0.0005119628547114038,0.00011518706414191252,0.00017490604184284474,-0.00034562772384648415,0.00077275553644715,-0.0019020908538969776,8.990581849064902e-05,-0.0006895902130055372,-0.0007716694012032359,0.0004946664026165122,0.0014543668658616932,0.0001851840732084753,0.00025839908101763876,0.0007862393277602174,-0.0007170597355069309,-0.0017167652721018793,2.5790583555788007e-05,-0.0005339509651111159,-0.0006968656476262127,-0.0003899455158425625,-0.0010691921604298687,-0.0008645796885819251,-0.0005432330920271683,-0.00027966066675372877,-0.0008457609000779988,-0.0003418556942789821,-0.0011424608440183375,-0.002527360510449376,-0.0006323580603583083,-4.103401702528441e-05,-0.0006085384417629045,-0.0017504526112631406,-0.0001968922618217792,-0.0009857391669760166,0.0,0.0,0.0,0.0,0.0,0.0,0.0,0.00025379127069628414,0.0,0.0,-0.0006922022781658486
2024-05-08,-0.0005765180293420358,0.0003425174348121332,-0.00014970056282590218,-0.0012820269194688018,-0.0003731223082544681,0.00037455082993838264,0.0,5.380807428410303e-06,2.8760888093568387e-07,0.0006207251901574414,-0.00026413104130827383,-0.0006754697844563593,-0.0006459341881869448,-0.03221004419531462,-0.0025817597384927195,-0.005233409035946523,-0.00025050637531976393,-0.0037562279595137697,0.00017784775157765915,-0.005254515942797054,0.0016014138833660189,0.0020098015360610452,0.001877574244558134,0.0,1.4765546339031976e-05,-0.00022819266895174198,2.8674545269681654e-05,-0.00016169791450665116,0.00010413988472040402,-6.288480340640734e-05,0.005162489997102194,0.001276362719990423,0.005740552440452789,0.0003741750812188392,-7.419205215348788e-05,-0.0013663127919596532,-0.007432970292608522,-0.002373485522899244,-0.0006967899888035931,0.0005494437473500969,0.0005451199196583366,-0.002840837822732798,0.00449763369980354,0.0003857178842261139,9.67184149727231e-05,-0.0009322653973632283,-0.0016297943309937725,-0.006596695392598529,-0.0022660381063777206,-0.0019695531688934515,0.0009837828257794543,-0.00021037030382478587,0.0020489489336671866,-0.0017663971259620288,5.445394903706888e-05,0.0007329166068701376,-0.0013862731793940226,-0.0007695444088931926,-0.0008554246379724746,-0.00030001036212230867,-0.001123062375782284,0.0,0.0007321830088696934,-5.257725679155904e-05,-0.00031571569131751706,0.0005309229491853833,0.00028407208868045216,0.0001748105396299865,-0.0004861639388834389,0.00021309383005354047,-0.002226703249384852,0.00020997401285100106,-0.0003536927808222899,-0.000927324785892598,0.0005275037539854657,0.0014543668658616932,0.0004332734844452903,-7.027483428265016e-05,0.00017132309250931252,-0.0003933749518157,-0.002188839196742566,-0.00041900108893691725,-0.0005134370760648627,-0.0012974239944131276,-0.0001771355585932751,-0.0012167863381986224,-0.0010850073753222043,-0.0007854785013852399,0.00023356044583792952,-0.0007533646357586408,-0.0006368950038843932,-0.00108479763233531,-0.002511818581130336,-0.0007911367029936117,-4.103401702528441e-05,-0.00034273853267459203,-0.0019210438912965362,3.094859493021249e-05,0.0005795744847508633,0.0,0.0,0.0,0.0,0.0,0.0,0.0,0.00025379127069628414,0.0,0.0,-0.0006922022781658486
2024-05-15,-0.00021592711521064648,-1.847364117230825e-05,-7.256899877085296e-05,-0.0012820269194688018,-0.0003731223082544681,0.0015514630507054287,0.0,-4.8058028872851416e-06,2.8760888093568387e-07,0.0013163508275268257,-0.00026413104130827383,-0.0004044540299032119,-0.0003696726318877702,-0.0321773460070325,0.0013255430288021753,-0.006448721239995242,0.00010609073013694805,-0.0041964013489981244,6.911976999108492e-05,-0.00530819245475367,0.0013634973707027163,0.0017103108473661864,0.0013849131135186224,0.0,-4.1360628624925094e-05,-2.4692774360900743e-05,2.8674545269681654e-05,0.0001315397584397707,-8.437178738039558e-05,-6.288480340640734e-05,0.004673853477819144,0.0013575292664677666,0.006108785438519152,0.0017977357876604399,-0.0009125574231482984,-0.0006046611757809985,-0.009178850249139319,-0.0022991830638300938,-0.0006967899888035931,0.0005500985079118984,0.0003240262736730378,-0.0022638444536485117,0.004902347951836885,5.4802595108858746e-05,9.67184149727231e-05,-0.000739881969658179,-0.0016297943309937725,-0.006217018351424557,-0.0021521473819065373,-0.0019702712889164663,0.0009837828257794543,-0.00021140447168793407,0.0020489489336671866,-0.001796040876838078,5.445394903706888e-05,0.0007329166068701376,-0.0013862731793940226,-0.0007695444088931926,-0.0017968712691461854,-0.00030001036212230867,-0.0005509044018909491,0.0,0.0007321830088696934,-5.9800928055354886e-05,-0.00031571569131751706,-0.0009076701005444574,0.0004065368584693746,0.00017490604184284474,-0.0004861639388834389,-0.0007359970396194078,-0.0020582724720668083,0.00020997401285100106,-0.0003536927808222899,-0.0003913502857330152,0.0005275037539854657,0.0014543668658616932,0.0004332734844452903,-0.0002347990315293099,-0.0007423014662373046,-0.0010272178028516749,-0.0017635044415817344,-0.0008548594435846228,-0.0005775382765640858,-0.0008998843908828893,-0.0001771355585932751,-0.0012503964557492079,-0.0010850073753222043,-0.0007854785013852399,0.00023356044583792952,-0.0007533646357586408,-0.0006368950038843932,-0.0015735396132300046,-0.002548647544467091,-0.0011670555514572871,-2.3902905913672544e-05,-0.0004589223437499327,-0.0019210438912965362,3.094859493021249e-05,0.00044882787115114867,0.0,0.0,0.0,0.0,0.0,0.0,0.0,0.00025379127069628414,0.0,0.0,-0.0006922022781658486
2024-05-22,0.00021203673731566572,-0.0005127015593796178,-3.720140018658486e-05,-0.0011988781332117817,-0.00024616898217261554,0.0006267214924502716,0.0,3.500455526260508e-06,2.8760888093568387e-07,0.0011179092013323105,-0.00014931000800515236,-0.00047533108327188684,-0.0011851852409498161,-0.03273970651342254,0.002483593679337375,-0.0073786354636855645,0.00010609073013694805,-0.004057966858453031,0.00017784775157765915,-0.005752865734863471,0.0013634973707027163,0.0022225850113948026,0.0013849131135186224,0.0,-5.9497167517368876e-05,0.00011829754219327576,2.8674545269681654e-05,1.676124669496033e-05,3.252827750671377e-05,-0.0001436437304318848,-8.011173670371518e-05,0.0013575292664677666,0.0030986929861771297,0.0015658954573575402,-0.0012635338101419482,-0.000792684376282336,0.0006922335389584137,-0.0022991830638300938,-0.00010314688655669961,0.0005500985079118984,0.0002624600555549462,-0.0019177706932330207,0.004781168960259637,0.0003263117283299198,9.67184149727231e-05,-0.0005987651640814258,-0.0016297943309937725,-0.005533976208174217,-0.0021842091910507,-0.0019702712889164663,0.0010455906767478716,-0.00021140447168793407,0.0014970799582867257,-0.001676685275950196,5.445394903706888e-05,0.0007329166068701376,-0.0019853142770740522,-0.0001588940844759995,-0.0038887064528044498,-0.00025473631076786666,-0.0005509044018909491,0.0,0.0007321830088696934,-0.00017713588450268377,1.3581622009594399e-05,-0.000916713267863816,-0.0008873774425086285,-0.0002577905134279023,-0.0004861639388834389,0.0007744319732085723,-0.0018281279424982202,0.00020997401285100106,-0.0003587079783251002,-0.0006241021688111981,0.0005275037539854657,0.00014609185885224325,0.00010102132000766874,0.00021158306579985788,-0.0005170338965235391,-7.885424465082847e-05,-0.0017635044415817344,-0.000588340883498044,-0.0004836759402511813,-0.0008670486916719651,-0.00019270148363728526,-0.0012503964557492079,0.00024504942335667893,-0.0007854785013852399,0.00023356044583792952,-0.00046715865714909573,-0.0007152557176736616,-0.000900681581682747,-0.0024768150182710867,-0.0017210658576582623,-2.3902905913672544e-05,-0.00034273853267459203,-0.001466679301530985,-3.188804567665857e-05,0.00023912503763006492,0.0,0.0,0.0,0.0,0.0,0.0,0.0,0.00025379127069628414,0.0,0.0,-0.0006922022781658486
2024-05-29,0.00024539094637510595,0.0014018000063712717,0.0001942553396629629,0.00032188487570270293,-0.00017327278725693315,0.001462261012502524,0.0,-2.9263916364129364e-05,2.8760888093568387e-07,0.00039746648091212194,-0.0004080766778278385,-0.00047533108327188684,0.00021136656490321508,-0.025225151827138907,0.0025607800368578023,-0.007845957988829075,0.00010609073013694805,-0.0040874090438728665,0.000515152438971348,-0.006678393181345282,0.0003697639367433476,0.0022225850113948026,0.0013849131135186224,0.0,-4.1360628624925094e-05,9.228811780459845e-05,2.8674545269681654e-05,-0.000153765488622571,3.252827750671377e-05,3.163953990433597e-05,0.000980848882315675,0.0013575292664677666,0.003837568819118112,0.0014580064177901696,-0.002083451495859178,-0.000792684376282336,0.0008394486517785971,-0.002373485522899244,-0.00010314688655669961,0.0005500985079118984,0.00022593610169003225,-0.001519382536621666,0.0047421373621279895,0.0009637031113368589,9.67184149727231e-05,-0.0009803061453939792,-4.417292082783112e-06,-0.005038908055244603,-0.0016178760757532213,-0.0019702712889164663,0.0010128380652023516,0.0006503553961531101,0.0014970799582867257,-0.001676685275950196,5.445394903706888e-05,0.0009618794779100814,-0.0015638974412612633,-0.0001588940844759995,-0.0026425450451373162,-0.00025473631076786666,-0.00016463891841526945,0.0,0.0002186926054252324,-0.00017713588450268377,0.000357596847484783,0.0005080074863117931,-6.71808131840557e-05,-0.0005374148623368699,-0.00034562772384648415,0.0007744319732085723,-0.00025466772970736585,0.00020997401285100106,-0.0009187422177492501,-0.0006968633251629655,0.0002350691825580086,0.00014609185885224325,-0.0001858344408598219,-0.0001401219091207269,-0.0005170338965235391,-0.00017467054476262285,-0.0017183989742896532,-0.0003953031746988774,-0.0003175094973805506,-0.0009738832498997189,-0.0001620015928439731,-0.000947345714967226,0.00024504942335667893,-0.0005432330920271683,0.00026990537057644786,-0.00037482348211067044,-0.00017923199489767723,0.0016645012469732779,-0.0020966103527180835,-0.001166194958105211,-2.659621379990393e-05,-0.00041683934111804403,0.0011724936803011688,-3.188804567665857e-05,0.00025021690463339753,0.0,0.0,0.0,0.0,0.0,0.0,0.0,0.00025379127069628414,0.0,0.0,-0.0006922022781658486
2024-06-05,0.0002406050022568804,0.00010425033611926519,-0.0001651493526125133,0.0005091846964826782,-0.0003845169391617352,-0.0022465837708567768,0.0,1.3687065841955953e-05,2.8760888093568387e-07,-0.0005308435124421317,-0.000293255644524717,0.0004320700209601326,0.0002054628747639974,-0.026708490959992323,-0.0012613843598726208,-0.00982627549680401,0.00010609073013694805,-0.00348665538450336,0.0005954192154889648,-0.00687529941567662,0.0003697639367433476,0.0010138746578016195,0.0027887099882452767,0.0,5.139395151671672e-05,-0.00019144403699021686,2.8674545269681654e-05,-2.1448693707731316e-05,-0.00022599759374491575,0.0004654437930483055,0.0004449421392693199,0.00044256469630698316,0.0031628302433531503,0.0002037484641651153,-0.0008728245553190211,-0.0013460348532993527,0.0009563752492335865,-0.002373485522899244,-0.00010314688655669961,0.0001904696713913581,-0.0013720673280239167,-0.0020171572797302107,0.0041068968118437715,0.0007740275255332092,9.67184149727231e-05,-0.0012410940489144076,-0.0014735899086142144,-0.005208223889356672,-0.001654787057357582,-0.0016342601965926744,0.0010771445722796077,0.0024750325435236907,-0.0024704358000762353,0.004589836031664554,-0.00019195441246435725,0.00036587504512815673,-0.001251129510221762,-0.00040035100912471364,-0.0013981011310240457,-0.0003932349116030373,-0.00016463891841526945,0.0,-0.00018703696358266843,6.474792713384829e-05,-0.00017724194176378725,-0.000743132405384378,-0.0007553811222777093,-0.000502452558195904,-0.0008205232949945209,-0.001807486328318668,-0.0006448453685708993,0.00020997401285100106,-0.0008880453137832924,-0.0006968698727114567,0.00026257176329819447,0.00015531454592840593,-2.230080810587837e-05,-0.0001401219091207269,0.0001577342200575495,4.656429592150583e-05,-0.0019274351104841938,0.0004927597864532518,-0.0002886377572465623,-0.001261721101212254,-0.0001620015928439731,-0.001160301705355896,-0.0009680226483599227,-0.00045958281491900797,-0.00011132961532341466,-0.0011816216817580035,0.0001256744831650776,0.0009932580738558948,5.0560102817756645e-05,-0.0014377195236652566,-6.794047384563233e-05,-0.00015068450433712336,-0.002590028895088731,-3.188804567665857e-05,0.0002779330210023437,0.0,0.0,0.0,0.0,0.0,0.0,0.0,0.00025379127069628414,0.0,0.0,-0.0006922022781658486
2024-06-12,0.0002406050022568804,0.0010153913784880383,-0.00019002990345701502,0.0017701781914096128,-0.0001845662284782767,-0.0018943108764172465,0.0,3.500455526260508e-06,2.8760888093568387e-07,-0.0005308435124421317,-0.0004080766778278385,0.0002375287111550118,-7.612558456208425e-05,-0.008297734639441107,0.0025535413219877736,-0.005238628693058745,0.00010609073013694805,-0.0023903753655301805,0.0004140267370868804,-0.00719031705472506,5.399269715212895e-05,0.001320075604306716,0.0029664165354903274,0.0,0.00020531875783989572,0.0006960501027006628,2.8674545269681654e-05,0.0001230888078949333,-0.00022599759374491575,-0.00017300952048782088,0.0008096958925900723,0.00044256469630698316,0.0026803362301932735,0.001459463871486235,-0.0033425819024110446,-0.000792684376282336,0.001114751947840771,-0.002182817937326199,-0.00010314688655669961,0.0001904696713913581,-0.0027441320284339993,-0.0018251921783167516,0.004506102456943193,0.0013431334139167945,9.67184149727231e-05,-0.001381780583507255,-4.417292082783112e-06,-0.004326850778962722,-0.0014271872178576771,-0.001044096624657626,0.0013722116641715172,0.002046002486818856,-0.002523639520609775,0.003935871825274654,-0.00015067388027466678,0.00023165425851615794,-0.001251129510221762,0.002295079903933042,0.0011919279882495353,-0.00032703907287982825,-0.00029726927948501783,0.0,-0.00030416887152733967,0.00017875037037655195,-1.5078910938109589e-05,0.00038586014113369584,-0.00010004904118182456,-0.0005504249009276799,-0.0008205232949945209,-0.0005763242561972499,-0.00029029279262218023,8.990581849064902e-05,-0.0016191199464708366,-9.147314635399179e-05,0.00025422322514026833,0.00015531454592840593,3.950305378749586e-05,0.00025839908101763876,-1.768674060903031e-05,-0.00012783562895718624,-0.0014392527755900802,0.0005176240476676212,-0.00029303295243815334,-0.0009009307464105579,-0.0002873802531437503,-0.0010919780761289976,0.00015877169425731558,-0.00021733740556093632,-0.0002859965483925638,-0.0003134533092310842,-0.0017819555072222948,0.0009292814798284995,-8.171071545386274e-05,-0.0006202130767955628,-0.0001580046954814518,0.00019671978596173454,-0.002438892714093062,-0.000230242708522081,0.0013978924226218535,0.0,0.0,0.0,0.0,0.0,0.0,0.0,0.00025379127069628414,0.0,0.0,-0.0006922022781658486
2024-06-19,0.00032004434235903843,0.0010153913784880383,-0.00011289833940196582,0.0016282180920368327,-0.0001845662284782767,-0.0012730801258242482,0.0,9.595638978948837e-05,-6.089345458120045e-05,-0.0005308435124421317,-0.00016836685562608602,3.4097644516644206e-05,0.0005332230539727087,0.028209857890300245,0.0029632509175992324,0.00040391631489370035,0.00010609073013694805,0.006414321592125484,0.0004140267370868804,-0.006250666843412586,0.0003697639367433476,0.001320075604306716,0.0015393223660187096,0.0,0.00012089781954796812,0.0006960501027006628,2.8674545269681654e-05,0.0001230888078949333,0.00039049003946723456,-0.00013068598405127272,0.0007228737458160074,0.0004189073427452685,0.0028728003911427965,-0.0013022898494487356,-0.0028687593970757636,-0.0008129623149426365,0.0011690876527301818,-0.002384566329787552,-0.00010314688655669961,0.0001247014583291999,-0.002859068811960608,-0.002097036173943138,0.0038758262004662983,0.0015623884908060476,0.0003616600739188456,-0.001188835997850022,-4.417292082783112e-06,-0.006263540507280673,-0.0012040716792330187,-0.0010675641895252013,0.0010349174371567778,-0.00042320138899093484,-0.0028653898630004978,0.004000967038099129,-0.000174247903025993,0.00023165425851615794,-0.0006392135964768262,0.0021943196275577715,0.0035404220707654123,-0.0002553092746594727,-0.00037395944494090263,0.0,-0.00035101460308666814,0.00028485169380944406,-0.00018923318431885526,-0.0002957321718911484,9.878424534876986e-05,-0.0005504249009276799,-0.0008205232949945209,-0.0005735078044838923,-0.001552143967087182,0.0003214794826677387,-0.002421143014856963,-3.6376456687751105e-05,0.0002105803693469813,-0.00011925469952331359,0.00010349111096508031,-0.0001401219091207269,-0.00020513222343957662,-9.39165616837343e-05,-0.000863087412422657,0.0005136696538636991,-0.0002739221859275805,-0.0004142538091693974,-0.0004267316534285813,-0.0011557811489475245,0.00015820003427913346,0.00025569308026029123,-9.176255328826436e-05,-0.0004356049721432981,-0.001589885934726052,0.001516351298364062,8.733757681291871e-05,-0.0008243910670297277,-0.00014310645663558234,-6.86488385052381e-05,-0.002602020554147592,0.00013241467204307462,0.0010095150192934825,0.0,0.0,0.0,0.0,0.0,0.0,0.0,0.00018492081849067537,0.0,0.0,-0.0006922022781658486
2024-06-26,2.2492067826074138e-05,0.00194199175713392,-0.00019002990345701502,0.001799796764246691,-0.00016322717605871955,-0.0008600041960327135,0.0,1.3687065841955953e-05,-6.089345458120045e-05,-0.0006109891874743156,-0.0004080766778278385,0.00022863895432176503,0.0008663179967275747,0.01074283436237858,-0.0017328124143296294,0.00037375960722317006,0.00010609073013694805,0.006324415893099625,0.00045804037410501216,-0.006141224845102113,0.0003697639367433476,0.0013426855330395506,0.0010444357372605471,0.0,0.00012089781954796812,-0.0007598564943507057,2.8674545269681654e-05,1.4036721053153287e-05,0.00039049003946723456,-0.0001734367648996798,-0.0022764748698012273,9.063024614610247e-06,-0.005993062508511205,0.0008059919468557551,-0.003134653243005015,-0.0013460348532993527,0.0011864624617281304,-0.0019931277345338655,-0.00010314688655669961,0.00019340667163816343,-0.0022981338709599335,-0.002033055564133266,0.003927912847772364,0.0009602297786132236,9.67184149727231e-05,-0.0014116429194948148,-0.00019166154488110959,-0.006300111307104575,-0.0014038545924612096,-0.0008105865329250098,0.0010349174371567778,-0.0004071820839941662,-0.0024704358000762353,0.004870586373527184,-0.00015067388027466678,0.0003114745813669212,-0.0010969221330657602,0.002914111219002451,0.005421549086542533,-0.00032150511338268175,-0.00037395944494090263,0.0,-0.001820025645401803,0.0002823695181229924,0.00013611300040405146,-0.00025670369940479997,-0.00011386514847548868,-0.0006945886661074776,0.0012483138638282039,0.00021758671852832028,-0.001153578429763797,0.0003214794826677387,-0.002843715191256936,-0.00047034195646532327,-0.00030941888356419614,-3.4553863341317476e-05,-0.00019092734761451085,-0.0001401219091207269,4.901458481730797e-06,4.656429592150583e-05,0.0004160144535634372,0.0006601447553320163,-0.00029303295243815334,-0.0028704156381058423,-0.00037481155009326045,-0.0010478471884781708,-0.0008645796885819251,-0.0007746520887718807,-0.00019112155920210947,-0.001149448025724339,-0.0022850041203068007,4.124570376536348e-05,0.0008389214295831044,-0.000292626203091184,-0.00012504814056304888,0.0002712063442083488,-0.002749300299359892,0.00012344640530486116,0.00020896767035972564,0.0,0.0,0.0,0.0,0.0,0.0,0.0,0.00018492081849067537,0.0,0.0,-0.0006922022781658486
2024-07-03,9.49817970049332e-05,0.0017932206853671399,-3.484416484916858e-05,0.0006749505845246332,0.0006361830311364783,-0.0013756602134642958,0.0,0.0007468322414000773,-6.089345458120045e-05,-0.0008904431282297322,-0.0004080766778278385,4.4259228099483594e-05,0.0007316855045176327,0.026431802890243543,0.0024558907161446064,0.006430041582543098,0.00010609073013694805,0.005490604146834272,0.0008846404739293194,-0.006285275969852557,5.399269715212895e-05,0.0005186265676645394,0.0014802828118224926,0.0,1.2189204111284841e-05,-0.00031904896787967295,4.1212657552892335e-05,-0.00033715168846792823,-0.00022299043212866196,-0.0004205467193512117,-0.0010935592695179865,-4.25895135507613e-05,-0.007348145725810726,0.0016117136453940623,-0.003191194034207975,-0.0014399191368617652,0.0007943345525214104,-0.0019931277345338655,-0.00010314688655669961,0.00019340667163816343,0.0001552999848205576,-0.005097873496541852,0.003848688027747431,0.0033062421153762034,0.0003616600739188456,-0.0021988335495805606,-0.0005665303530930369,-0.00621127705324402,-0.0009860036454979709,-0.0010810784269696069,-0.000398976369176456,0.000393048821580658,-0.0027689962541526934,-0.0020221613269708863,-0.00033312542749248394,-0.00021137158857398834,-0.0006445168357027906,0.0024774558254273306,0.0055090272523331775,-0.00032921481184797625,-0.0005665330432930613,0.0,-0.001820025645401803,-3.6682723594995546e-05,0.00013611300040405146,-0.00012985129129651187,2.2301432557903818e-05,-0.0006294355298164899,0.0003170830058246639,0.0002249010931632934,-0.0011906623581973412,0.0003214794826677387,-0.001734010233105833,-0.0023686840547240697,-0.0002902648409819364,-0.00010803443999825,-0.0009400517512960509,0.00025839908101763876,-0.00028414617183526573,-0.0005495790668279268,0.0005672863235564887,0.0006613354647387585,-4.248987741895324e-05,-0.00011917640214653401,-0.0002949102364076892,-0.0012257656279961774,-0.0009342443896313893,-0.00028482172102802807,-0.00037399795439344203,-0.00010429619816641332,-0.0018437890232387494,0.006784332764672541,0.0021363240125921597,-0.0009755448242657178,-0.00014040668114963386,-0.0009541286965467771,-0.0022948508804055217,1.0322699237786271e-05,0.0004763291219686732,0.0,0.0,0.0,0.0,0.0,0.0,0.0,0.00011244412367954868,0.0,0.0,-0.0006922022781658486
2024-07-10,-0.00013026318078099603,0.0009380016911753889,-3.484416484916858e-05,0.0007385352387484321,0.0018860929099683114,-0.0014781511277093945,0.0,-0.0005006035352325047,2.8760888093568387e-07,-0.0001948174908603478,-0.0004080766778278385,0.0007066989090143253,-0.0009311109100022787,0.02789119317507395,-0.00228374572643612,0.005057250491309453,0.00010609073013694805,-0.005204765100838279,-0.00048619497989187913,-0.006531424183549614,5.399269715212895e-05,0.000541236496397374,0.0018115021743277625,0.0,-0.0001175955093123572,0.00010103515279455457,4.1212657552892335e-05,0.0006554703305054991,0.0006337141204864978,0.0008859754764082479,-0.0016883157333550712,-4.483854499519479e-05,-0.006266961675215828,0.0009226495381460824,-0.0032190173634896856,-0.0014399191368617652,0.0005463608612058283,-0.0006064244356592393,-0.00020432109356538115,0.00019340667163816343,0.0004349087553437191,-0.006670530141595046,0.004146855737022037,0.003378868423459445,0.0003616600739188456,-0.0020064501218755113,-0.0005665303530930369,-0.00674616964643917,-0.001284588730611366,-0.0017398697950401945,4.941036428184875e-05,0.0004830217831574802,-0.0027689962541526934,-0.0020692514747403554,-0.00033312542749248394,-0.0001315512657232251,-0.0007245689462753855,0.002493348322494646,0.0052418790510564,-0.0003954106505711853,-0.0005665330432930613,0.0,-0.002810916049373718,0.00010165039875490304,0.0005419015083609967,-0.000757632010119576,0.00013131490005725244,-8.86877314357626e-05,-0.0003849090753536312,0.000784562799556903,-0.0017861602527171414,0.0003214794826677387,-0.001839309366821955,-0.0012582962798752535,-0.00030941888356419614,-0.00010803443999825,-0.0011295988816696922,0.00047343611401905476,7.510884273154823e-06,-0.0005495790668279268,0.0004983023049163655,0.00027187202027844075,-0.00020865632028958393,-0.002210776406822014,-0.0002949102364076892,0.0003511363215989665,-0.0009342443896313893,-0.0007356749734692274,0.00025639002317269527,-0.00019199242275921028,-0.00181422822646622,0.005313221844759003,0.002710980635062798,-0.0015237035806692876,-0.00014040668114963386,-0.001557481468385929,-0.0021391358962960937,1.0322699237786271e-05,0.00014445952684752366,0.0,0.0,0.0,0.0,0.0,0.0,0.0,0.00011244412367954868,0.0,0.0,-0.000163139898646598
2024-07-17,0.0007506712090329321,-0.0004216726844172955,9.248867455895717e-05,0.0009953041885838161,0.0018860929099683114,-0.000993768795090312,0.0,-0.0005006035352325047,2.8760888093568387e-07,-0.0005667865188855472,-0.00016836685562608602,0.0007445816557974753,-0.00020562989349419636,0.029775195360289067,-0.0027946706979050245,0.005505741342870756,0.00010609073013694805,-0.0046581468939266325,0.00019997448369375433,-0.00760356524771571,5.399269715212895e-05,0.0003171693459165551,0.0019042121220814784,0.0,-0.00012426872700244408,0.00010103515279455457,4.1212657552892335e-05,-0.00020048420707530253,0.0006337141204864978,-0.0007227575569939576,-0.0019027947800755295,0.00011685432714005677,-0.00707649932979033,0.000606682876412019,-0.003735096683963156,-0.0014399191368617652,0.0006945062428067647,-0.001072165489982076,-0.00020432109356538115,0.00019340667163816343,0.0004349087553437191,-0.007110673732723348,0.0036581601617444053,0.003389869328075037,0.0003616600739188456,-0.0021988335495805606,-0.0005665303530930369,-0.006149973618326263,-0.0010200199068262194,-0.0019216548056543205,0.0001196422207793036,0.0002839068444407158,-0.0027689962541526934,-0.0020692514747403554,-0.00033312542749248394,-0.0001315512657232251,-0.0010605927154665024,0.0027914156950246604,0.005355930381590052,0.00018930078730983472,-0.00029846462392573906,0.0,-0.0016529552982265812,0.0003872477031597411,0.00013412649287067264,-0.0007878314189106029,0.00032332601994973905,0.0014757787940002018,2.5213521414630633e-05,0.0007872018810363634,-0.0015434733712722767,0.0003214794826677387,-0.002364821666903311,-0.0016694888090673734,-0.00030941888356419614,-0.00010803443999825,-0.0011295988816696922,0.00025839908101763876,0.00040424262192881755,-0.00037361263127625994,-0.001113065302409563,0.0002488779573854218,-4.248987741895324e-05,-0.001004742338199018,0.002514503618943526,0.0003511363215989665,-0.0006030790901022207,-0.0007356749734692274,-0.0003046479915792802,0.00010747355007056095,-0.0018633611204126599,0.0055143816754063876,0.002432593840309165,-0.00046251806500054746,-0.00015753779226124578,-0.0015458262335339757,-0.0026378156974694337,0.0001248127153192385,0.00035729967464243794,0.0,0.0,0.0,0.0,0.0,0.0,0.0,0.00011244412367954868,0.0,0.0,-0.000163139898646598
2024-07-24,-0.0007523716058350713,-0.0005127015593796178,0.00019703620322029795,0.0016653470927375348,0.001313231743344773,-0.0012048929366677476,0.0,-0.0005006035352325047,2.8760888093568387e-07,-0.0005667865188855472,-0.0004080766778278385,9.661576169528387e-05,-0.00045609781643398474,0.02066226312305198,-0.002262496207223633,0.00026549181350718774,0.0001921744854557317,-0.0050188350718046795,-0.0007941022721129391,-0.00624706586189248,5.399269715212895e-05,-8.34127058740814e-05,0.0025911047582792618,0.0,-0.00015842602025671992,-1.1716404900512025e-05,2.8674545269681654e-05,1.8547620488182492e-05,-0.0006403814731496527,-0.0001734367648996798,-0.002296308558807554,0.0003636498984756705,-0.006428375182556809,0.001309533415068808,-0.0017613783254673701,-0.0014399191368617652,0.002251635273710487,-0.001072165489982076,-0.00020432109356538115,0.00023106762951590734,-0.0016462404736636215,-0.0067421855521565864,0.004501206274870854,0.0026749809329051906,9.67184149727231e-05,-0.0018667493635066584,-0.0005665303530930369,-0.004443563162039786,-0.00048766840111461745,-0.0009234600053230836,-0.0003912558220605623,0.00027139006016708615,-0.002078963210017211,-0.0019508758522113353,-0.000335348439398936,4.5174233054904075e-05,-0.000858215873266379,0.0027873053505362167,0.005813983404702577,0.00019730029378794918,-2.9200860117695612e-05,0.0,-0.0016529552982265812,0.00041372265945029086,0.0005419015083609967,7.363554645125539e-05,0.0003498053871591725,-0.00018180867065541889,2.5213521414630633e-05,0.0007835003450891287,-0.0021165884950016304,8.990581849064902e-05,-0.0033453998141330203,-0.0015054382127559337,-0.00015848751010816032,5.7048537424632405e-05,-0.0011582114722275714,0.00047343611401905476,-0.0001695198100950142,-0.0004007978808374744,-0.0033558673785210086,4.124290884033506e-05,0.00024633291265615945,-0.0010193561454586236,0.0027861734641577403,0.008167980976226,-0.00026752735231906665,-0.0010220264396223473,-0.00020054429193437233,0.00010747355007056095,-0.00181422822646622,0.002468485147790987,0.002942163643025126,-0.00012364994896478138,-7.234159535275095e-05,-0.0015458262335339757,-0.0025240074581370994,7.454737846574987e-05,0.0003511729226723539,0.0,0.0,0.0,0.0,0.0,0.0,0.0,0.00011244412367954868,0.0,0.0,-0.000163139898646598
2024-07-31,0.0007335405267260744,-0.0005880383918300626,0.00015536748322674573,0.0017927698014781818,0.0007159273577373739,-0.0015125780903659481,0.0,-3.571537100308252e-05,-1.546263396015136e-05,-0.00035615382343572835,-0.00026413104130827383,-0.00011515966550994618,-0.00020383203684775996,0.000597610130577842,-0.0019881859182607387,0.0004680155145618903,0.00010609073013694805,-0.005814046514519992,-0.0007934957467315657,-0.006687923197091854,5.399269715212895e-05,-8.34127058740814e-05,0.002196074029285809,0.0,-0.00039035770707537457,0.0003650887799117305,2.8674545269681654e-05,5.3649888963028854e-05,-0.0003897822734929786,0.00027198895270562655,-0.003220342366256811,0.00015712280806499552,-0.005333993204961142,0.0018717598622720144,-0.0015723057100822165,-0.0010802228451195174,0.0018810174324815766,0.0008800900344166848,-0.00020432109356538115,0.00019340667163816343,0.0010220248904768295,-0.006306414432319551,0.004227558924307155,0.0029200832858490107,9.67184149727231e-05,-0.001724457760398487,-0.0005665303530930369,-0.004432311906227518,-0.0014726425259883394,-0.0010838346837116286,-0.0016912878414067543,-0.00038149826016390065,-0.0022779623356608833,-0.0012340959066766003,-0.000335348439398936,0.00014566666331241988,-0.0009396942009251741,0.0033480549522381495,0.0058991287903022984,0.00012923413281342642,0.00034592184776116927,0.0,-0.0017700872061712526,-7.092598029936122e-05,-0.0003869918377395959,0.00012677689367926025,0.0003498053871591725,0.0011048145346555093,2.5213521414630633e-05,0.00030644798285933895,-0.002600090267114931,8.990581849064902e-05,-0.0031877173954042055,-0.0007743202782963796,-0.00013368913265500757,5.7048537424632405e-05,-0.0006037011525202775,0.00047343611401905476,-0.0011496605217994672,-0.0004007978808374744,-0.0017398821243252355,4.124290884033506e-05,0.00024633291265615945,-0.0010014581421204265,-0.00037481155009326045,-0.0007058040079639484,-0.0001697073968346634,-0.00048300066564854814,-0.000538316618468019,-0.00020709406069835168,-0.002560053769459658,-0.00030109703425141166,0.0032711741091969383,4.484293309346002e-05,-0.0002802698647941726,-0.0011954717061000305,-0.0010477236115290273,5.770819817495364e-05,3.1096094589731815e-05,0.0,0.0,0.0,0.0,0.0,0.0,0.0,0.0002140068443999946,0.0,0.0,-0.000163139898646598
2024-08-07,0.0006749187419370142,0.0006103022344881024,-9.068949130882964e-05,0.0021133306065126297,0.0007211805305747485,-0.0008090491995788111,0.0,0.00010035039055288474,0.00020388371343421722,0.00015231730289756604,-0.00026413104130827383,-0.0003937152657671998,0.00023798895828425185,0.024516808363789434,0.003177458153105781,0.011540177438026515,0.00010609073013694805,-0.0057442741491064075,-0.0006795306121343864,-0.007563663915621044,0.0003697639367433476,0.0008376878452505042,0.0032943011148869,0.0,0.00018054383341214753,-0.00048398942403551,-3.943894483585746e-06,-0.0005510890822035814,-1.7296537693388598e-06,-0.0001734367648996798,-0.0020898359283604306,0.00011685432714005677,-0.006027530511023511,0.0018448126964606903,-0.0014468564131682616,-0.0010802228451195174,0.001020385247252741,0.0007572080635317568,-0.00020432109356538115,-3.0655470460429833e-05,-0.0005207097477334646,-0.007035255801377661,-0.008740897266910939,0.003497799527456534,0.00020152569592807808,-0.0015354509199116512,-0.0005665303530930369,-0.006017848120308545,-0.0012268367459192157,-0.0017143451860301639,-0.0023221701990008455,-0.00013779537113357322,-0.0015344310613160483,-0.0012422483378079791,-7.795488964366847e-05,0.0003214705597851366,-0.0010243853178338112,0.002775523197957345,0.006588401821339567,0.0011501341113140428,0.0012975672355122786,0.0,-0.0010822903520321056,-0.00012404920230157303,0.00010967993619059388,0.00015957324607880467,4.573879704200781e-05,0.0017511546621193403,2.5213521414630633e-05,0.0002192895093445202,-0.000765335651053141,8.990581849064902e-05,0.0018443140862280673,-0.0015513006684706072,0.00032391201364000957,-0.00022480864534094635,-0.0005908338729189845,-0.0001401219091207269,-0.0005192520506888572,-0.0004007978808374744,-0.0009855354202045871,0.00022135318855025587,0.0007538637547295161,-5.329375500605134e-05,-0.00037481155009326045,-0.001186018192830211,-0.000646703745269625,0.00015328325529517567,-0.0003046479915792802,-3.275834439202985e-05,-0.002829100860208208,-0.000257600632007103,0.0019871407406236,0.00034342016304256983,1.6579860796412413e-07,-0.0005699499860115944,-0.001218622129701949,-0.00010074743357785399,0.0026814874489851717,0.0,0.0,0.0,0.0,0.0,0.0,0.0,-0.002122928688485704,0.0,0.0,-0.000163139898646598
2024-08-14,0.0006749187419370142,0.0014375320995601215,-4.9448545342523856e-05,0.001898966401258674,0.0005771857212271161,-0.0002358333293786839,0.0,0.00010035039055288474,0.00020388371343421722,0.00015231730289756604,-0.00026413104130827383,-0.0003937152657671998,-0.00018162679634804336,0.028891436394321776,0.0003790651065147437,0.011517195900035682,0.00010609073013694805,-0.005780745190537823,-0.0006795306121343864,-0.007365686992779715,0.0003697639367433476,0.0008376878452505042,0.0032943011148869,0.0,-3.302698677521088e-05,-0.0004685463849196234,-3.943894483585746e-06,-0.0004144216008109558,-0.0003050617150923853,-0.0001734367648996798,-0.0021403573084867525,0.00011685432714005677,-0.006217285972598924,0.0018448126964606903,-0.0011506410164944937,-0.0010599449064592169,0.0016366338409098582,0.0012354727183200007,-0.00020432109356538115,-3.0655470460429833e-05,-0.00073095453500714,-0.007018201084879207,-0.009227540276806936,0.003335515872680027,0.00037121612315527987,-0.0015060120743680095,-0.0005665303530930369,-0.006227382839293791,-0.0012734031369767513,-0.0011435481304494137,-0.0021132668843223713,-0.00013779537113357322,-0.0020254649798078584,-0.0012422483378079791,-7.415383551843193e-05,0.0003214705597851366,-0.0005666767812448771,0.0027914156950246604,0.005661524343084953,0.0011501341113140428,0.0012975672355122786,0.0,-0.0010822903520321056,-6.568969068600667e-05,0.00010967993619059388,-0.00010893595592757524,-0.0006617690456190479,0.0006865327019343008,2.5213521414630633e-05,0.0002192895093445202,-0.0008877342774666891,8.990581849064902e-05,0.0018443140862280673,-0.0015788062649453294,0.00032391201364000957,-0.000196418981131012,-0.0005908338729189845,-0.0001401219091207269,0.000427465239850565,-0.00037361263127625994,-0.0009855354202045871,0.001310010328990579,0.0022572736481441813,-0.0014626849832088695,-0.0002949102364076892,-0.0007658360386461023,-0.0008369960941251682,0.00015328325529517567,-0.0003046479915792802,-0.0003451415433605846,-0.002829100860208208,-0.0003100969994016165,0.002027852655416329,-0.000341832578819156,1.6579860796412413e-07,-0.0005699499860115944,-0.0014171779892413609,-9.177916683964052e-05,0.0025808673993865886,0.0,0.0,0.0,0.0,0.0,0.0,0.0,-0.002122928688485704,0.0,0.0,-0.000163139898646598
2024-08-21,0.000695163415072945,-0.00024491675970364865,-7.806298691018456e-05,0.0017658677565140985,0.0013282056976792365,-0.00046689195072049277,0.0,-2.0794089745058442e-05,0.00020388371343421722,0.00025918883105089177,-2.4421219106521387e-05,6.038815996837003e-05,-7.239911625920117e-05,-0.00785052247004382,-0.0033577398723753913,0.01136637023429132,0.00010609073013694805,-0.005236447743250045,-0.0006622358256849677,-0.007412711100823959,0.0003697639367433476,0.0005210527030203626,0.0028917103919036376,0.0,5.4191913618175366e-05,0.00020176668332303537,-3.943894483585746e-06,-0.0004144216008109558,0.00034284744779648736,-0.00047884760932258665,-0.0023652984975180502,0.00023964849261755124,0.002895757393458636,0.0018106596304058534,0.0034015038317233752,-0.0007851318473435099,0.0019794676825449563,0.0010272582483060637,-0.00020432109356538115,-3.0655470460429833e-05,-0.0002439802118839225,-0.005590086261127282,-0.010149155236830874,0.003241635790004896,0.00020152569592807808,-0.0015060120743680095,-0.0007539285799318761,-0.004240044537644376,-0.001946030200025747,-0.0017549103691244688,-0.0030788832413063344,-0.0006803108580766153,-0.0015344310613160483,-0.0008449204344128732,-5.215785498589023e-05,0.00020830332801893695,-0.0002375854920837843,0.0033521652967265928,0.004816011330773317,0.0012487398015022225,0.0010283034717042353,0.0,-0.0010822903520321056,-0.00021565614764278404,-0.000680466252179511,8.267871377061401e-05,0.0004467425800788865,7.769977358555742e-05,2.5213521414630633e-05,0.0007209690136044599,-0.0005746187555737581,0.0003214794826677387,0.0015005454529138855,-0.0008884044592040309,0.00032391201364000957,5.8210263421744975e-05,-0.00037330084045943167,-0.0001401219091207269,-9.42042800474018e-05,-0.0005767643163891412,0.00011463877427187469,0.0004003274651999774,-0.00013003525759892697,-0.00043964583888203774,-0.00031153024918794395,-0.0004556619778695306,-0.00017356007239399717,-0.00023080276458442228,-0.000642420318112927,0.00011453391889204223,-0.002243838906343285,-0.0010995862596039443,0.0016565763701295905,-0.0006033017240983057,1.6579860796412413e-07,-0.0008597596014884609,-0.0014940027271182733,-0.0007220210739108444,0.0006548677462530337,0.0,0.0,0.0,0.0,0.0,0.0,0.0,-0.0023941474060491102,0.0,0.0,-0.000163139898646598
2024-08-28,0.000695163415072945,0.0006103022344881024,-0.00019002990345701502,0.0017593151878001376,0.0008996304018727706,0.00012093891766094991,0.0,-2.0794089745058442e-05,0.00020388371343421722,0.0002708196277702004,-0.00026413104130827383,-0.00029246256587495947,-0.00017259562916325703,-0.008219973555505732,-0.0018884131266664532,0.01142485127099746,0.00010609073013694805,-0.005751303005117988,-0.0006622358256849677,-0.007665569422679612,5.399269715212895e-05,0.0010360826385684837,0.0025025074864359923,0.0,5.4191913618175366e-05,-0.00041025284607003077,-3.943894483585746e-06,-0.00039940987915719353,0.00034284744779648736,-0.00017663677167984078,-0.001550094749574105,0.00019938001169261243,0.003296655506570492,0.0018106596304058534,0.003960672860400267,-5.5949953557741004e-05,0.0024311170238398936,0.0009815311084723293,-0.00020432109356538115,-3.0655470460429833e-05,-0.00015856425122706276,-0.005999705810358588,-0.01014576684421594,0.0035106495208265007,0.00020152569592807808,-0.0013290545648309495,-0.0007539285799318761,-0.004456734081237524,-0.0017419186791601047,-0.0017549103691244688,-0.0030788832413063344,-0.0005865789599188935,-0.0009818437993272993,-0.00086946361233858,-5.215785498589023e-05,0.00020830332801893695,-0.0002375854920837843,0.0033521652967265928,0.00507055899365611,0.0012487398015022225,0.0020521351332242685,0.0,-0.0010822903520321056,-0.00033195836907046287,0.0001358543079397112,-0.00021649808129213052,-0.0006461585766573423,-0.0001095674704703975,2.5213521414630633e-05,0.00019513287158489368,-0.0007762754962807674,0.0006130050385078724,0.0012142251060187513,-0.0013069632095125269,0.00032391201364000957,5.8210263421744975e-05,-0.00037330084045943167,0.00047343611401905476,-9.42042800474018e-05,0.0003948759458755912,0.00030592735778233035,0.00013692029661779747,-0.0002956873429387222,-0.0005234859019235087,-0.00031153024918794395,-0.0006713483989774909,4.395738849380387e-06,-0.00023080276458442228,-0.000642420318112927,1.8502340787365592e-05,-0.002194706012396845,-0.0010232837984505431,0.001958423098834585,-6.509434494032866e-05,1.6579860796412413e-07,-0.000772273409345632,-0.0014940027271182733,-0.0002238474588525698,0.0004918585807026987,0.0,0.0,0.0,0.0,0.0,0.0,0.0,-0.0023941474060491102,0.0,0.0,-0.000163139898646598
2024-09-04,0.0010602314917018615,4.612907382796514e-05,-0.00024228091666756249,0.0021705260616236345,0.002576881304289788,-0.00018565864574883524,0.0,9.595638978948837e-05,0.00020388371343421722,-0.00020101523860473523,-0.00026413104130827383,-0.0009888865278174625,-0.0007291569343307131,0.030120429547870378,0.003318489068871372,0.01108291738237112,0.00010609073013694805,-0.006085444771846622,-0.0010772835723075588,-0.005458445234019315,5.399269715212895e-05,0.0017282196862379658,0.0032904344639022327,0.0,0.00021008802109303263,9.228811780459845e-05,6.354355207613197e-05,4.059818620511855e-05,-0.0003050617150923853,-0.00044455275053956677,-0.0015690649533866552,0.0001767460481178367,0.00443111778599792,0.0016640196806694493,0.004194513834850255,0.00031229577532273606,0.0025558757606027865,0.0008528129994914457,-0.00020432109356538115,-0.0008359070177946383,0.00026215510948935733,-0.004598946030969365,-0.01042589232532046,-0.003911306688528562,0.00037121612315527987,-0.0015344744302000946,-0.0001235334505292168,-0.005749150452691745,-0.000509665550652752,-0.0017397112522492078,0.0011576094926675413,-0.001993398100786097,0.0010898798370695497,-0.001795940581861345,-7.573187773721644e-05,0.0005049943338907244,0.0002485513922162803,0.003336899536429365,0.004194308566162301,0.0021485486309387974,0.000792189690010755,0.0,-0.0010822903520321056,-0.0004985538398326274,0.000285333893660697,-0.00017914396714832054,-0.00011275717110988091,-9.55721866863825e-05,0.0001868768567641881,0.0007547945779785032,-0.0006759700643361254,0.00015257865839202002,-0.00023654431942324026,0.009788415596100199,-4.1391691114910035e-05,-0.00037993323822199546,0.002668580411556528,0.00047343611401905476,-2.787474672090131e-05,-5.82454108295618e-05,-0.002294279056052774,0.00018567229127169327,-0.0002765765764281494,0.00010000130335353094,0.0013613428988958004,-0.000587060916211057,-0.00026511063999775324,-0.00011257212988655409,-0.0004148007645592207,-0.000243830334537177,-0.002409641458888191,-0.0013959800749736388,0.0005312119102961082,-0.0006472973022205802,2.250875859521748e-05,-0.0007774994592872302,-0.0021996497224130167,-0.0005413547456564518,-0.00022880472557918242,0.0,0.0,0.0,0.0,0.0,0.0,0.0,0.0001893442962300525,0.0,0.0,-0.000163139898646598
2024-09-11,0.0010602314917018615,-0.0003821195848515229,-0.00020744556417578124,0.0020441362322125753,0.0016701142389483525,-0.00027892306948659837,0.0,2.5248892784314013e-05,0.00020388371343421722,0.0006759448460963859,-0.0003484622127890483,-0.00017394897437717687,-0.00017259562916325703,0.025466174828668715,-0.0018875710247326094,0.011508260828028754,0.00010609073013694805,-0.006085444771846622,-0.0006622358256849677,-0.005359697573914823,5.399269715212895e-05,0.0017319378919970312,0.0031540796600836012,0.0,0.00021008802109303263,9.228811780459845e-05,6.354355207613197e-05,1.6635913113706492e-05,0.00034284744779648736,-0.0007027383526651723,-0.0025374827172250426,0.0001767460481178367,0.0037619158615468393,0.0016510683056899468,0.004038262396780918,0.0005881660322906901,0.0027493545779781357,0.0009111586243405472,-0.00018658745282582485,-0.0008359070177946383,0.0002371761588291725,-0.004569250255652889,-0.01209388307054734,-0.0038823774286779415,0.00037121612315527987,-0.0015344744302000946,-0.0001235334505292168,-0.005681574563017717,-0.0004958004534516239,-0.0017397112522492078,0.0011576094926675413,-0.002558036304951476,0.0010898798370695497,-0.001820081947708079,-7.573187773721644e-05,0.0005049943338907244,0.0001343051675769621,0.00335279203349668,0.004194308566162301,0.0017937150810261003,0.000792189690010755,0.0,-0.0010822903520321056,-0.00039198754264134977,0.000285333893660697,-2.6633114796562475e-05,0.00014401606593899904,0.0011601917888673504,0.0001868768567641881,0.0007547945779785032,-0.00069273454839902,0.00015257865839202002,-2.1092232572995727e-05,0.008308705888612305,-4.1391691114910035e-05,-0.00037993323822199546,0.0026796511221385457,0.00047343611401905476,0.0003776637486064099,-8.702317050440156e-05,-0.002294279056052774,0.00013692029661779747,-0.0002765765764281494,-0.0009416311384899581,-0.00024623283183173255,-0.000587060916211057,-0.0001723867826280279,-0.00023080276458442228,-0.0004148007645592207,-0.0004609953615517242,-0.002520361814453451,-0.0014455474415922792,0.00043379719862241515,-0.0002558056915352357,2.250875859521748e-05,-0.00026311858398070544,-0.0020255569119470487,-0.0006046348854015335,-0.0014643268623085398,0.0,0.0,0.0,0.0,0.0,0.0,0.0,0.0001893442962300525,0.0,0.0,-9.442793489260877e-05
2024-09-18,-0.0017553927637790725,0.0004730994093402281,-0.00012021994284724892,0.0008064024942053826,0.001774073718634294,-0.0003186715639149735,0.0,-7.515479106075857e-06,0.00020388371343421722,-0.0007981389958512513,-0.0003484622127890483,-0.00017394897437717687,7.068675215936808e-05,0.015065929117842476,-0.001984839740007353,0.011438107459149343,0.00010609073013694805,-0.005968314250977281,-0.0006622358256849677,-0.006456449176959525,5.399269715212895e-05,0.0011508555093771955,0.0031501410435013488,0.0,0.0003364768365620485,-0.00022819266895174198,6.354355207613197e-05,0.00019086211271081353,0.00034284744779648736,0.0016852274999858768,-0.0020954359449043545,0.0020424959506128598,0.004464370085030787,0.0011790213594558168,0.002401727492970588,0.0005881660322906901,0.0021110708853698578,0.0008528129994914457,-0.00020432109356538115,-0.0008359070177946383,0.0005994117799944513,-0.005210863203735009,-0.010689296710742858,-0.003917192105647048,0.00020152569592807808,-0.0015344744302000946,-0.0001235334505292168,-0.005104432465975228,-0.000643372116109343,-0.0016920096063564928,0.0012219302165277916,-0.002558036304951476,0.0012838086544196842,-0.001636711189387227,-7.795488964366847e-05,0.0005049943338907244,0.000255268537445269,0.003913541635198613,0.0037202399479276844,0.0016951093908379204,0.000792189690010755,0.0,-0.0010822903520321056,-0.00038572905432973995,-0.0006511382815959161,0.00022219233254816648,0.00017464144868843765,-0.001048375746538787,0.0001868768567641881,0.00015843575903105658,-0.0007431835746815819,0.00015257865839202002,-4.531125276680526e-05,0.009551835330870891,-4.1391691114910035e-05,-0.00020568613491012475,0.002211624088124014,0.00025839908101763876,-0.0001960986834174218,7.988367042924103e-05,-0.0032714443380067043,0.0004003274651999774,0.0012835504023782213,-0.0007979932738811034,-0.0002772497637687157,-0.00047740358536052855,-0.0001723867826280279,-0.000403597066809589,7.798951661977525e-05,-0.00040414484584292765,-0.0021092605044380785,-0.0013335513962089022,0.0006959441410600742,-0.00017026627406351046,5.377647483605617e-06,-0.0006913576661886626,-0.0001485474350594913,-0.0006279871916816838,-0.0012911640900751824,0.0,0.0,0.0,0.0,0.0,0.0,0.0,0.0001893442962300525,0.0,0.0,-0.000163139898646598
2024-09-25,0.0010602314917018615,0.0004730994093402281,-0.00010169955855307132,0.0020035885119014797,0.002535013698958619,-0.00026830106883190093,0.0,-7.515479106075857e-06,0.00020388371343421722,0.0006759448460963859,-0.0003484622127890483,-8.49570971170664e-05,-2.912668974116157e-05,0.00809748406038818,-0.0022985846023988654,0.01222203941283552,0.00010609073013694805,-0.006114886957266457,-0.0006795306121343864,-0.0056958856830541015,5.399269715212895e-05,0.001136734336869666,0.0030945828020754844,0.0,0.00027115852427049087,-0.00022819266895174198,6.354355207613197e-05,1.6635913113706492e-05,-0.0003050617150923853,-0.0007027383526651723,-0.0018103741545345217,0.0001767460481178367,0.0034605627386211824,0.00167101757608536,0.00343437285011449,0.0005881660322906901,0.0009642500707662994,0.0008528129994914457,-0.00020432109356538115,-0.0008359070177946383,0.00046461015941026235,-0.004561665178877298,-0.010416593703206752,-0.002895054949797484,0.00020152569592807808,-0.001510602529559858,-0.0001235334505292168,-0.005481714693611836,-0.0009059774715421578,-0.001725031718811051,0.0012835007721153588,-0.0024347771243032955,0.0012838086544196842,-0.0018438585056996513,-7.573187773721644e-05,0.0005049943338907244,0.00027699215979970433,0.003913541635198613,0.004931372882101931,0.0017937150810261003,0.000792189690010755,0.0,-0.0011479445523076496,-0.0006775848470461879,0.0001651822785233062,-0.00042717361696422855,0.00014401606593899904,0.000343878320244548,0.0001868768567641881,0.00016130730721085037,-0.0005149301376223205,0.00015257865839202002,0.0002652281143221385,0.007690213033371675,-9.762877149117026e-05,-0.00020568613491012475,0.00239905209185181,2.7054016689886956e-05,0.0003776637486064099,7.988367042924103e-05,-0.002249173588760693,-0.0002483473990518431,-0.0002739221859275805,-0.00025775269328728927,-0.00031153024918794395,-0.0005525185572021385,-0.0003109846108337289,-0.00011257212988655409,0.00010014342770566417,-0.0004609953615517242,-0.0022169246474164,-0.0012572489350555008,0.0011580432729037518,0.00017270639357486585,2.250875859521748e-05,-0.0006913576661886626,-0.00244266451477495,-7.964800951730142e-05,-0.001198500760240802,0.0,0.0,0.0,0.0,0.0,0.0,0.0,0.00027126604461879904,0.0,0.0,-0.000163139898646598
2024-10-02,0.0010632036765271333,0.0009659908202951207,-7.721070259490497e-05,-0.0002839123134332335,0.003965241017098155,-0.0007565866358615068,0.0,1.889635971488476e-06,-1.546263396015136e-05,-0.003119145321822474,-0.000293255644524717,-0.0007299590016751992,0.0003556064971934263,0.02739624704730643,0.004320736424456367,0.008209372613162017,0.00010609073013694805,-0.004818660019944642,-0.0004912742984727344,-0.0064519033347504515,0.0003697639367433476,0.0012073716003576933,0.0031570658129356412,0.0,0.00021008802109303263,-0.0005197314115884677,4.1212657552892335e-05,0.0004046701384697247,-0.0003050617150923853,0.00014354230827084112,-0.00236621793216895,0.0008018088421008185,0.0050347261091929696,0.0018470888246478888,0.00306188011766136,0.0005578952390874242,0.000588688844688244,0.0007634622259766965,-0.00018658745282582485,-0.0003477464970073076,0.0007778679774788422,0.008714803474395459,0.006827398352102518,-0.0026437548974233413,-0.00019247468549624783,-0.0017768613819714749,-0.00045252077991239257,-0.006253485630258876,-0.0006765451329163835,-0.0015886731062545784,0.0003615542496678213,-0.00023037368247713345,0.0009974076672107117,-0.0005175690192512571,-5.215785498589023e-05,-0.0009176747500204846,-0.0007427482355797264,0.0035826126089623187,0.002313987034981527,0.0009671925770263436,0.0009847632883629137,0.0,-0.0007907297581022415,-0.0005352644944722847,-0.00022469821993855463,-5.085201532482861e-05,-0.0009058149237304474,-0.0004780526582646252,0.0006330972983776008,0.00015843575903105658,-0.0008263428615242208,0.00015257865839202002,8.395349310190599e-05,-0.0015065615654251132,0.0008357399941037581,-0.00037022303179566846,0.0009801317894997969,-0.0001401219091207269,9.06516701381624e-05,-5.82454108295618e-05,-0.0025538801288180024,-0.00019636294455504865,-0.00029303295243815334,-0.001035160471591227,-0.00027738771382886866,-0.0011188168593815636,-0.0001983404554492554,-4.341935273931944e-05,-2.966708335270069e-05,-0.00044902797052904576,5.1889536387229505e-05,0.0014476851679425453,-0.00100233921966184,-8.513222367551227e-05,-0.0008160202047954232,-0.0003656013442418586,-0.001721820394966613,-1.8168537405949852e-05,-8.336051115405123e-05,0.0,0.0,0.0,0.0,0.0,0.0,0.0,0.0001893442962300525,0.0,0.0,-9.442793489260877e-05
2024-10-09,0.0015653567631764731,0.0010867727629421688,-7.045754557829758e-05,-2.9399152760424598e-05,0.004401565181301956,-0.0011466767012415623,0.0,5.324630945659223e-06,-1.546263396015136e-05,-0.001998100101573538,-0.0004080766778278385,-0.00018651535249178245,-0.0017614566891484516,0.027653862862077303,0.0029859099334889456,-0.011594884142973287,-0.00029668672440587627,-0.00476665819366281,-7.622655185014327e-05,-0.0056758506828287454,5.399269715212895e-05,0.0018025751554850583,0.0030999277749072162,0.0,-9.616321913620175e-05,9.228811780459845e-05,2.8674545269681654e-05,-0.0008656922409005754,0.00034284744779648736,2.5269068635218695e-05,-0.001654522805140926,0.0008018088421008185,0.004833679084291328,0.001867038095043302,0.0035755314926239888,0.0005578952390874242,0.0003594904379812087,0.0009175055406923304,-3.017812035906441e-05,-0.00036755738625895854,0.00013571947370897192,0.00717084638317224,0.006633630135696803,-0.0021084032863766316,-0.00019247468549624783,-0.0011486692852408584,-0.00045252077991239257,-0.0067975750429428005,-0.0009692920370992349,-0.0016464918929179962,6.390676259145374e-05,8.731939599580312e-06,0.0009974076672107117,-0.0005369172058808664,-5.215785498589023e-05,-0.0020338581819549545,-0.00030750290796010876,0.002481447492435101,0.0019117694291881952,0.0010657982672145235,0.000792189690010755,0.0,-0.0007907297581022415,-0.0005855375942640503,0.00010509262844976624,-4.082801257151041e-05,-0.00023684900228805426,0.00036561936977339644,0.0006330972983776008,0.0007547945779785032,-0.000754490016683262,0.00015257865839202002,-0.0007760748162523477,-0.0016304268683736932,0.0008357399941037581,-0.00037022303179566846,0.0011612374433217277,-7.419258634827977e-05,-3.735094465348555e-05,-8.702317050440156e-05,-0.0026031458565692178,0.0005179313703263631,-0.00045919939530878406,-0.0009064359849867434,-0.00027738771382886866,-0.0010974304627699824,-0.0003886328043047985,-0.0006651349889657552,-4.642271916657011e-05,-0.00039217745482024923,0.0001909352221585253,0.0007885417513474973,-0.0016868907253867213,-0.0005598041352694752,-0.0011362333950306037,-0.0006986490348845804,-0.0018002124208978607,0.00046790982906973644,-7.74348127238872e-05,0.0,0.0,0.0,0.0,0.0,0.0,0.0,0.00018492081849067537,0.0,0.0,-0.00022155383821705112
2024-10-16,-0.001383351899223906,-0.00011653102107567959,-7.045754557829758e-05,-0.0004934885554553443,0.005065274665853428,-0.0006063846973241515,0.0,-5.024440390602129e-05,0.00010141251119792493,-0.001980481533302622,-0.0004080766778278385,-5.648914668549473e-05,0.0004570083250425976,0.028944455536332757,-0.0032807126958773703,0.008301398289048599,-0.00029668672440587627,0.008326605072484068,-0.0004912742984727344,0.0030839251117452207,5.399269715212895e-05,-8.759760974894943e-05,0.0029597063201039176,0.0,-0.00011429975802864552,3.549724472824981e-05,0.0003586885266554637,0.00016255045625307798,-0.00021939883782753837,0.0002243012352963186,-0.002528303761977959,0.0008669379379685522,0.0037816763875996233,0.001874035990459213,0.002924849666525518,0.0005881660322906901,0.0008397848514162858,0.00045570559032593645,-3.017812035906441e-05,-0.00010871517984014324,0.0006440078782457345,0.007392155032759111,0.005627118754600859,-0.004345175731702873,-0.00019247468549624783,-0.0017319906625574831,-0.0009456328759008754,-0.007004293774971455,-0.0011419526210946324,-0.0006990620885287683,0.00039924504153465744,-3.993010436810592e-05,0.0009974076672107117,-0.0010792470461065953,-7.573187773721644e-05,-0.0008293122250564266,0.00046450330099178137,0.0035985051060296335,0.0036131517742897658,0.0014206318171272206,0.0020521351332242685,0.0,-0.0007907297581022415,-0.0007981648321996073,7.705458863310143e-05,-0.00022889904352740387,5.282849060920375e-05,2.826174373341042e-05,0.0006330972983776008,0.00011834727238523752,-0.00039073344989635334,0.0006130050385078724,2.02710414715368e-05,-0.0012015577362172523,0.0008044973969904281,-0.00037022303179566846,0.0009343745536364923,0.0003259520848994868,-0.00023267840090888966,-0.00017779025159033438,-0.000970392572091666,-2.6645795853529644e-06,-0.0002312105221278435,-0.0008320327148958786,0.0013613428988958004,0.0004108763584872872,-0.000304584423929251,-0.0006651349889657552,-1.5818095981355124e-05,-0.0005113783075216271,0.0001909352221585253,0.0009489950707592307,-0.0012792435509385864,0.00031139397166136907,-0.0008160202047954232,-0.0007143681581152417,-0.0025878000290531673,-7.63698546589009e-05,-0.0003341287362394025,0.0,0.0,0.0,0.0,0.0,0.0,0.0,0.0001893442962300525,0.0,0.0,-0.00022155383821705112
2024-10-23,-0.001215667830396351,-0.00042177228246164885,0.0001330086121954761,-0.000823490920795401,0.003539324037584023,-0.0011265741251118002,0.0,-5.024440390602129e-05,-6.089345458120045e-05,-0.0032998119670693223,-0.0004080766778278385,0.0003122829352133431,-0.0008836969628050886,0.02830558326695041,-0.003657873974886066,0.008881894021889308,-0.00029668672440587627,0.006633447274934335,8.672757945721046e-05,0.001498279780147369,-1.814808205735952e-05,5.861563221530122e-05,0.003250752668198991,0.0,-0.00041982336310838976,3.910394344269691e-05,-1.983778099589263e-05,0.0001695760309182434,-5.56141580794755e-05,0.0002243012352963186,-0.0005725007790717402,0.001339754854544523,0.004457485685089058,0.0018540867200637994,0.0028129467365024955,0.0005881660322906901,-0.004941532398456943,0.0004964156750955,-3.836714241438324e-05,-0.00010871517984014324,0.000599614038197374,0.008743231801514735,0.006615303312588011,-0.004164963301488501,-0.00019247468549624783,-0.0015091837409126905,-0.0009456328759008754,-0.006958698762778217,-0.0002175728804354688,-0.0006990620885287683,1.8545046115769643e-05,-0.00024172552860872985,0.001085080957862606,-0.0004910432821381709,-7.573187773721644e-05,-0.0009176747500204846,-2.1126191109709818e-05,0.003614095227589653,0.005053333739089775,0.001000382388789764,0.0013244352879339145,0.0,-0.0010260324315739112,-0.00016758048670727964,-4.309702650428936e-05,-1.2109016002049663e-05,0.0006647445255606801,-0.00011868827031086375,0.00043666017375289446,7.476362910983786e-05,-0.0009955817936325763,0.0006130050385078724,-0.00045036557180717983,-0.0009370308051923701,0.001305342607319346,-0.00029476524600686944,0.0009801317894997969,0.0002673316361625805,0.0003641395408314605,0.0007790628473776527,-0.0013279414004644648,0.00017250762871662742,-0.0004271381008121556,-0.0005108533642613903,-0.0002949102364076892,-0.0011039176270279663,-0.000304584423929251,-4.341935273931944e-05,-8.861631055879693e-06,-0.0005113783075216271,0.0001678586169662338,0.0008881011343787667,-0.0011225599591021315,0.00014172646933889295,-0.000765913234643424,-0.0006986490348845804,-0.00161819557241459,0.000300180778524746,-0.0003916748267427468,0.0,0.0,0.0,0.0,0.0,0.0,0.0,0.0001893442962300525,0.0,0.0,-0.00022155383821705112
2024-10-30,0.0005723227969169834,-0.00042177228246164885,0.0002258689527491407,-0.00217002839289032,0.002157136627917547,3.677311337399118e-05,0.0,-5.024440390602129e-05,0.00010141251119792493,-0.0032998119670693223,-0.0003484622127890483,-1.992101801488782e-06,-0.00038614074956469784,0.02583134761431559,-0.0029752873737206244,0.009147214112190476,-0.00029668672440587627,0.007670942430935154,8.672757945721046e-05,0.001732085931576296,-1.814808205735952e-05,0.0002515436569581384,0.003144985253532137,0.0,-0.00011429975802864552,3.910394344269691e-05,0.00010996853198758596,6.776417500925147e-05,-5.56141580794755e-05,-0.0006499619709603268,-0.00041570435523420693,0.0013482394879036107,0.0028675256209820576,0.0018540867200637994,0.003586353261120503,0.0005881660322906901,-0.005897552763884537,0.0004964156750955,-3.836714241438324e-05,-0.00010871517984014324,0.000599614038197374,0.006746549376583436,0.004827197002306589,-0.003712861376464117,-0.00019247468549624783,-0.0015091837409126905,-0.0009456328759008754,-0.007161370222217453,-0.0009158515225384345,-0.000593122577923206,0.0008104586078931669,-0.00014410919371537863,0.001085080957862606,-0.0004716950955085616,-7.573187773721644e-05,-0.0006161746107113355,0.00028656576920263005,0.0031666635576595038,0.005035805102646239,0.001000382388789764,0.0013244352879339145,0.0,0.00016216446775597042,0.0007171555179411489,9.209685583015217e-05,-7.02121708230177e-06,1.9924234760825682e-05,-0.00011868827031086375,-0.0006557275292983488,7.476362910983786e-05,-0.0008789122676639324,0.0006130050385078724,0.0006041038834903403,0.0010929160655905636,0.0011451858119517042,-0.00029476524600686944,0.0009801317894997969,0.0005210283483371572,0.0003641395408314605,0.0009550292829293195,0.0009272703272546871,-0.0002671069547836135,-0.0004912393013113788,-0.000946747828956066,-0.00018311767826604324,-0.0011039176270279663,-0.00016710193359233854,-4.341935273931944e-05,-3.553078749268811e-05,-0.0005113783075216271,-0.0004074704478821819,-0.0007659160926102248,-0.0007972497270196834,-8.684260117572845e-05,-0.0008160202047954232,-0.0006589975980180882,-0.0026393089022369105,0.00016714146851663095,-0.0015558395953066365,0.0,0.0,0.0,0.0,0.0,0.0,0.0,0.0001893442962300525,0.0,0.0,-0.00022155383821705112
2024-11-06,0.0014724195447878648,0.0004159134894449857,-4.511873043967996e-05,-0.0008041682130258343,0.004010385002704074,-0.0004590976073026931,0.0,0.00010035039055288474,0.00010141251119792493,-0.002802604270240736,-0.00041797667126676187,-5.778226400411201e-05,-0.0012752394050960269,0.03124524734568252,0.0038473389961499274,0.02167999266403422,0.00010609073013694805,0.007637189790239432,0.0002038236809275478,0.0018253368913961276,-1.814808205735952e-05,0.0007565439478731521,0.003629820090318779,0.0,-3.397208735947399e-06,9.487820339572502e-06,0.00010996853198758596,0.00014436902933833803,-6.89207949186385e-05,-0.00035341304769044254,0.00017577674550450675,0.0007849759845996718,0.003954641836066413,0.0018470888246478888,0.0040179754929961925,0.0005881660322906901,-0.004113615867155223,0.0005416900289275799,0.0010195992440612267,0.00020528238228377063,0.0002898576825913721,0.010364857866658405,0.005188680419712297,0.0020183726977834405,-0.0001701259726489551,-0.0015760539472316273,-0.0011141148981677962,-0.007343229792728038,-0.001150002403739679,-0.0007037331072204954,-0.0007052877292694745,-0.0002014345806080082,0.001677777143967017,0.004077963213045775,6.521504307030007e-05,0.00040942216559167584,0.0015496766247880185,0.003598202730522338,0.0038982835823810525,0.001000382388789764,0.002083507077332865,0.0,-0.00012715751331376584,0.00028491770234984466,0.00039002898858625566,-7.94680721289001e-05,-0.00021935221570755194,-0.000236647873958104,0.00043666017375289446,0.00010981226670385643,-0.0005112397731363024,0.0006130050385078724,3.586733507494864e-05,0.002219468890601333,-0.0005009486364015214,9.694668547336908e-06,0.0008554670442135853,0.0005210283483371572,0.0005890095166147591,0.000837117056267703,-0.0008643381616122379,-0.00023017144197054923,-0.0004912393013113788,-0.00029566799563363424,-0.00018311767826604324,-0.0012152759380155776,-0.0007416499831408542,2.6918470783965592e-05,8.726013006702108e-05,-0.00018456792980781555,-0.001722442117980089,-0.0009077041820017682,-0.00047656550233410343,-0.00037412897596153874,-0.0009024631559084854,-0.00021043476571618882,-0.0008477052048767627,-0.00011622344687172394,-0.0015700926794342317,0.0,0.0,0.0,0.0,0.0,0.0,0.0,0.0001893442962300525,0.0,0.0,0.003348660610466567
2024-11-13,0.0014724195447878648,0.0004159134894449857,-0.0002475390178885046,-0.0007310357318751036,0.003539324037584023,-0.0007878609848034246,0.0,2.964289354771039e-05,0.00010141251119792493,-0.0026438506491300554,-0.0003484622127890483,0.0002550667208808176,-0.0012715469271772678,0.030516106735097446,-0.002119390796340921,0.02149927449486054,0.00010609073013694805,0.007699018960100222,0.00027074676686011457,0.0018608841854146527,-2.4915114098448342e-05,0.00082466233669566,0.0034895986355154805,0.0,-3.397208735947399e-06,9.487820339572502e-06,0.00010996853198758596,0.000375503564585653,-6.89207949186385e-05,0.0006000221526932408,0.00025866978333884973,0.0011338580032387118,0.003616229073641181,0.0018540867200637994,0.003890712341428765,0.0003425665685260019,-0.004031610611847727,-3.692496311249446e-05,0.0010195992440612267,0.00020528238228377063,0.00017581151004116469,0.010335783637722274,0.004865070924258754,0.002048739818004141,-0.0001701259726489551,-0.002245937577241165,-0.0011141148981677962,-0.007090012351741688,-0.001348868740466271,-0.0007037331072204954,-0.0007052877292694745,-0.0002014345806080082,0.001677777143967017,0.004465494542093359,6.521504307030007e-05,0.00036679134548849333,0.0015496766247880185,0.003614095227589653,0.0038982835823810525,0.001000382388789764,0.0021980994477219422,0.0,0.0006165573332594368,0.00028321536687978265,-0.0004262915715329666,-3.5637273886373255e-05,-1.9840161781968708e-05,-0.000236647873958104,0.0005600819618891831,0.00010981226670385643,-0.0004983339405000705,0.0006130050385078724,0.00010519335661274176,0.0025229908284587223,-0.0005009486364015214,9.694668547336908e-06,0.0009805897015277801,-0.0002993901233097341,0.0009945480119420704,0.0009550292829293195,-0.000747276064600559,-0.000278923436624445,-0.0004912393013113788,-0.0008422832399454737,-0.00018311767826604324,-0.0012152759380155776,-0.00032752785220595786,0.00020149699614073187,8.726013006702108e-05,-6.706651840874373e-05,-0.0010884914003198647,-0.0010013315488962976,-0.00043585358754137443,-0.000765393273920062,-0.0009024631559084854,-0.00019597005913219177,-0.0008477052048767627,-0.00011622344687172394,-0.001142742896588999,0.0,0.0,0.0,0.0,0.0,0.0,0.0,0.0001893442962300525,0.0,0.0,0.003348660610466567
2024-11-20,-0.0008651719515673162,-0.00042177228246164885,-3.406211163150562e-05,-0.0010055936755981962,0.0033538467789973703,-0.0002363276894040936,0.0,2.964289354771039e-05,0.00010141251119792493,-0.0018388381150198148,-0.0003484622127890483,0.0001882525818682874,0.0005030467323950036,0.029253540382989503,-0.003268108625406457,0.02061572006928434,-0.00029668672440587627,0.00802020906998944,-0.0008570500686759816,0.0003645523260818813,-2.4915114098448342e-05,0.0009973140458387315,0.0030168443581323427,0.0,-2.1533747628391177e-05,3.910394344269691e-05,0.00010996853198758596,-0.0007344640730277024,-0.00021939883782753837,0.0006631999352962193,-0.0014632798567795525,0.0008492203382402971,0.003371354766352885,0.0018540867200637994,0.004520510990020107,0.00031229577532273606,-0.0006559909969807576,-0.0010791447005685318,0.0007493092103628836,0.00020528238228377063,0.0001701267482303066,0.008519364944549081,0.004658388035756107,0.0011234389173260771,-0.0001701259726489551,-0.0020124265785140486,-0.0011141148981677962,-0.007281283725385857,-0.0014093002287249347,-0.0005366940816781022,-0.0010888583606775296,-0.00021278642673960458,0.0015901038533151226,0.004326163664204791,8.878906582162629e-05,0.00036679134548849333,0.0015496766247880185,0.0035985051060296335,0.003109246183770449,0.0010657982672145235,0.0021980994477219422,0.0,0.0004652017969322307,0.00016739989019722918,-0.0004262915715329666,-0.00017868030177519057,-0.0003095176546792267,0.0004544054498309732,0.0006978429206371892,6.429252755470617e-05,-0.000208555360206801,0.0006130050385078724,0.00019586405429403053,0.0022346202286934293,-0.0010017938467304392,9.694668547336908e-06,0.0013837893895203859,-0.0002993901233097341,-1.7256221326573766e-06,-8.702317050440156e-05,0.0010984726800389274,0.00023262918549109328,-0.0002503212886384163,8.368050855578541e-05,-0.00018311767826604324,-0.0007737073872198876,-0.00013725403862369957,0.00020149699614073187,5.138738282735039e-05,-5.509912738606533e-05,-0.0010534213014068538,-0.001182129180773929,-0.00043585358754137443,-0.0006929189713500122,-0.0009024631559084854,-0.000207625293984145,-0.00040521558168388227,-0.00011262405721613732,-0.00106757022265369,0.0,0.0,0.0,0.0,0.0,0.0,0.0,0.0001893442962300525,0.0,0.0,0.003348660610466567
2024-11-27,-0.001194522326439117,-0.000644682699255002,-0.00012366328340038295,-0.0007106777340017556,0.002407983533534695,0.00026842956137604357,0.0,2.964289354771039e-05,-6.089345458120045e-05,-0.0012498422640800852,-0.00014066655005240706,0.0003482918479605355,-0.001626452927763812,0.011600428779031075,-0.003318826891374969,0.011513498516388962,-0.00029668672440587627,0.007862055775015815,-0.0008570500686759816,-0.004106789970610244,-2.4915114098448342e-05,0.000945236706284495,0.0029597063201039176,0.0,9.358858567903138e-05,3.910394344269691e-05,0.00010996853198758596,-0.0007344640730277024,-0.0003050617150923853,-0.0007698667761150693,-0.002395486188473902,0.0008492203382402971,0.004332412853676276,0.001874035990459213,0.003818615316643369,0.00031229577532273606,0.00033919784639321096,-0.0010791447005685318,0.0009186083268470936,-0.00011268689474457885,-4.0126646694738e-05,0.009261309464163538,0.006717541299866028,0.0018755824509585624,-4.4155683794608806e-05,-0.0020579090576727235,-0.0012703193205473543,-0.005885935213556241,-0.001003068261798074,-0.0006973184923704882,-0.0013800239974684676,-1.099100249898065e-05,0.001457445903653226,0.004306815477575181,8.878906582162629e-05,0.0003948468385159088,0.0007718534306292704,0.004159254707731566,0.00434134447059779,0.0014206318171272206,0.0021980994477219422,0.0,0.000754523778001967,0.00016739989019722918,0.00012013489564681698,9.709165494133955e-05,0.000125813395945389,0.0005770676704154471,0.0005573067056002344,6.429252755470617e-05,-0.0007898433263673478,0.0006130050385078724,0.00019586405429403053,0.0010864620448543534,0.0007523530119464342,0.0004246140838578692,0.001444153482536457,-0.0003688305203535307,-1.7256221326573766e-06,-3.6165318584735907e-06,0.0010984726800389274,-0.00024627121416352486,-0.00045919939530878406,-0.0005471992286245346,-0.00024172447311258643,-0.0013166677419137176,-0.00013725403862369957,0.0001339993418905772,0.00023452229130834136,-0.00032969793983670867,-0.001133407069393303,-0.0011058267196205284,-0.001067900899209305,-0.0010370719918862408,-0.0009024631559084854,-0.000207625293984145,-0.003386414366420093,-0.0002560471574396295,-0.0009681373180942591,0.0,0.0,0.0,0.0,0.0,0.0,0.0,0.0001893442962300525,0.0,0.0,0.003348660610466567
2024-12-04,-0.0003504640685867589,-0.0006293190077883551,0.0005423636236480168,-0.002771269769180742,0.0014010819271979818,0.00012756738921231896,0.0,2.964289354771039e-05,0.00010141251119792493,0.0016140314516695448,-0.0005619223077863266,0.00042061504073603526,0.0005081582481727769,-0.008641830033884568,-0.003656548893647475,0.021226772975305768,0.00010609073013694805,0.008442958315152502,-0.0004268818451323917,-0.004187262958829244,-1.814808205735952e-05,0.0006734033381983239,0.0017490313037993171,0.0,-4.1360628624925094e-05,1.3094519054019608e-05,0.00010996853198758596,0.0004473102095352648,-0.00014127703534432242,-0.00187138239244745,-0.0026552465502165555,0.0014239171049562486,0.0019854513270378335,0.0014320161980352843,0.005321044885193758,0.00031229577532273606,0.0006058911073657727,0.00030178664253366843,0.000162284147950317,-0.00028287813850356005,7.234438642165196e-05,-0.0006685776149564776,0.004679030967845344,0.0018728370890902961,0.00039574814864898393,0.004127804345333501,0.001955051745000629,-0.004509051840288976,0.00024895473125664445,-0.0006873099776240584,-0.0023680070441758037,-0.0012702805856547514,0.0016757826679231487,-0.00040756526856154245,8.878906582162629e-05,0.000727113011224259,8.650516108749236e-05,0.004162507147910095,0.00234708641482723,0.0021485486309387974,0.002083507077332865,0.0,0.000945817761013655,0.001271725318120985,0.00021935014638162968,0.00013628069108929754,-0.000392573357516133,0.0009441537706308694,-0.0003196867496834432,6.429252755470617e-05,-0.0006943162977712108,0.0006130050385078724,-0.0018957769437129906,0.005498304663345361,0.001726302845680022,0.0007341970785636148,0.0007206745187267787,0.00045347534445530917,-5.069698410171581e-05,6.153395903495399e-05,0.0010132575352935996,3.271816791157268e-05,-0.00029303295243815334,-0.000521501561094214,0.0010381964761655004,-0.0012294112175469233,-0.00018180483093210804,-0.0008796088510531334,0.00023452229130834136,-0.0005430741172792593,-0.0018481922343701138,0.0013183186755630343,0.001044176294115436,-0.0005028179787531725,-0.000920014055815985,-0.0010006178009445625,-0.004278500037236871,-0.00151743388392767,-0.0012656921747098801,0.0,0.0,0.0,0.0,0.0,0.0,0.0,0.00027126604461879904,0.0,0.0,-0.00022155383821705112
2024-12-11,0.00025845010043085235,-0.0003240777464023858,0.0005423636236480168,-0.002358420950133081,-0.0007629220316753942,1.3922884618450313e-05,0.0,0.00010035039055288474,-6.089345458120045e-05,0.0016140314516695448,-0.000492407849308613,0.00010206516809857422,0.0007486515028171535,0.008782602767182287,0.0029306159737099114,0.02106518176596569,0.00010609073013694805,0.008350483206019527,0.00022873859017688735,-0.004307352673855693,-1.814808205735952e-05,0.000605284949375816,0.002223491141538435,0.0,3.8001349518276966e-06,9.487820339572502e-06,0.00010996853198758596,0.00044853280245685213,2.6362816822737083e-05,0.0004104847077406702,-0.0015697971827347782,0.0014705359421217248,0.002822101645264787,0.0012847339155970493,0.005302164076720245,0.0005881660322906901,0.00038888738675262453,0.00020371609810166514,0.000162284147950317,-0.00028287813850356005,0.00011512856635108906,-0.00012818185613112433,0.0049575765535795615,0.0015681940289991973,0.00039574814864898393,0.0043259862096222635,0.001955051745000629,-0.005035642638727947,-0.0006769085254229493,-0.0008383481236186878,-0.0018665027895080038,-0.0019159239462501658,0.0016757826679231487,-0.0005834134138734288,6.521504307030007e-05,0.000727113011224259,-0.0003306055654737008,0.0033885579529861045,0.0031512482166227212,0.0017937150810261003,0.0013244352879339145,0.0,0.0006760482327426223,0.0007034351171177039,-0.0005545022035632036,-0.0003541791562048179,0.00023819996329156563,0.0009441537706308694,0.0005128650920954933,9.934116514872474e-05,-0.0011901769399412234,0.0006130050385078724,-0.003115105118755627,0.006413167476183721,0.001726302845680022,0.0007341970785636148,5.840303346154941e-05,0.00045347534445530917,-0.00033939060849772694,6.153395903495399e-05,0.0008600171488705362,4.751484251933045e-05,-0.0002739221859275805,0.00020738674014473386,-0.00024172447311258643,-0.0007084849241994139,-8.908097356238274e-05,-0.00010014768962630676,0.0002708672160468597,-0.00017986789008125464,-0.0023024196933214354,0.0012967239023968262,0.001059342596068012,9.293223580730098e-05,-0.000920014055815985,-0.0010006178009445625,-0.001032260403802325,-0.0001500704154472668,-0.0010139136601631862,0.0,0.0,0.0,0.0,0.0,0.0,0.0,0.00027126604461879904,0.0,0.0,-0.00022155383821705112
2024-12-18,-0.00035525001270498446,-0.0003240777464023858,0.0005423636236480168,-0.0026404565182608967,-0.0008150406546460931,1.9255499864590815e-05,0.0,2.964289354771039e-05,-6.089345458120045e-05,0.00023379047602151322,-0.0005619223077863266,0.0004584977875191852,0.0005081582481727769,-0.005706821325164833,-0.0025426601514385336,0.020310386850096777,0.00010609073013694805,0.008350483206019527,0.00021292142442231777,-0.004122357344948121,-1.814808205735952e-05,0.0006734033381983239,0.0017490313037993171,0.0,8.82210732437553e-05,9.487820339572502e-06,0.00010996853198758596,-0.001016860605603511,-0.00014127703534432242,-0.0007600520547500255,-0.002608532298690391,0.00011878520799626498,0.003239652444055621,0.0014320161980352843,0.005023319965434805,0.0005881660322906901,0.0004776082539965372,-0.0016767543270363088,-0.00014772922053779702,-0.00028287813850356005,7.234438642165196e-05,-0.00027818851330396245,0.004841886695333332,0.0017676054415487917,0.00039574814864898393,0.003746060683597785,0.001955051745000629,-0.0050512865266052805,-0.0007854133253306803,-0.0008383481236186878,-0.002291908141421233,-0.0013707457165563865,0.0015895521281455638,-0.0007422409942685741,6.521504307030007e-05,0.000727113011224259,-0.0003306055654737008,0.0038644397753800812,0.0025034232629601964,0.0008408812635000067,0.002083507077332865,0.0,0.0006760482327426223,0.0004991812187458363,-0.000589987163433388,0.00013628069108929754,0.00015546619665994605,0.0003434803399100232,0.0005128650920954933,9.934116514872474e-05,-0.0007217390337917407,0.0006130050385078724,-0.0018957769437129906,0.0064045463323704095,0.001726302845680022,0.0007341970785636148,0.00011423251032426998,0.00045347534445530917,0.00029101786261288284,-0.00017467054476262285,0.0010132575352935996,-1.2371521345653572e-06,-0.0002739221859275805,-0.0006605412589139668,-0.00024172447311258643,-0.0007084849241994139,-8.908097356238274e-05,-0.0008796088510531334,0.00023452229130834136,-0.0005755077049360232,-0.0027997401021068527,0.0012967239023968262,0.0010379330246348697,-0.00037302989397182146,-0.000920014055815985,-0.0007972165727114014,-0.0019021974956796102,-0.0001500704154472668,-0.0011905195007745715,0.0,0.0,0.0,0.0,0.0,0.0,0.0,0.00027126604461879904,0.0,0.0,-0.0002759251107194886
2024-12-25,0.00033420256752677023,-0.00048164582540109334,-4.511873043967996e-05,-0.0027745352155849746,-0.0008587739071419866,3.989089945529861e-05,0.0,4.991340726011591e-05,0.00010141251119792493,0.0007769358007605282,-0.0005619223077863266,0.00014564880263425557,-0.0005843144322266918,0.009081251756007425,0.0027549895696450436,0.021836495395985242,0.00010609073013694805,0.009646236058350462,0.00021515288892869867,-0.004470274916867617,-1.814808205735952e-05,-0.00039050065754218574,0.0024193526872787847,0.0,-1.0070426426034274e-05,0.0003235410434169671,0.00010996853198758596,0.0004012119933563649,-0.00014127703534432242,-0.0016542808303404376,-0.0011792343007074864,7.532344198117301e-05,0.0020012703426089203,0.0008960126085653606,0.005047081709425462,0.0005881660322906901,0.0006603543861353189,-0.0015198723172006063,-0.00014772922053779702,-0.00028287813850356005,0.00022295173001419809,-0.0019301994660116592,0.004580743888519353,0.0015226980123140392,0.00039574814864898393,0.0027665462823625517,0.001955051745000629,-0.00422604837241836,-0.0005909728613385027,-0.0007906464777259729,-0.0025039484787400795,-0.0013043231112242113,0.0015895521281455638,-0.0007667841721942809,6.299203116384804e-05,0.000727113011224259,-0.0012577583582085172,0.003686625325516118,0.002704617641813396,0.0008084714120350359,0.002083507077332865,0.0,0.0010533651126627156,0.0006166990308984518,0.0002548351062518141,0.00010038849153863526,0.0003661918639672511,-0.00037355121758812744,-0.0003389164130153412,0.00023917601340469157,-0.0007547726437130939,0.0006130050385078724,-0.0019314425613312005,0.005916099098593652,0.004266887244676786,0.0005955339334191282,0.00011423251032426998,0.00045347534445530917,-0.0002827445694109488,1.2958907890440162e-06,0.000977079245882215,4.751484251933045e-05,0.001120552707538995,-0.0010585249768292678,0.0012651847225911908,-0.0011708832638995985,0.0003879153748725789,-0.0008796088510531334,0.0002708672160468597,0.00035829769437547323,-0.0025312122456359466,0.0015203511029400168,0.0008639984287952114,-4.815936920253333e-05,-0.0009371451669275969,-0.0007855613378594482,-0.0022380022561918037,-0.00019283454069284707,-0.001332278644015219,0.0,0.0,0.0,0.0,0.0,0.0,0.0,0.00027126604461879904,0.0,0.0,-0.0002759251107194886
2025-01-01,-0.0005258903339998687,-0.0006538082737621064,0.00037858325558327816,-0.0012972617589854436,-0.000260023303084875,0.00011210026754992812,0.0,-8.4926997673726e-07,0.0002444279103021901,0.0003393334836291523,-0.000492407849308613,-0.0009568669066293187,-0.0012804570529128994,-0.03967843730865186,-0.002455168784094018,0.0006657222844674779,-0.00029668672440587627,-0.0005746176044104398,-0.000821241955466521,-0.003806678393755363,-3.388815050567607e-05,-0.0002757076402677558,0.0019708847532176467,0.0,-6.444149573087002e-05,6.95072473837021e-05,2.8674545269681654e-05,-7.55443196399718e-05,-0.000191014860499054,0.00014845004979834774,-0.0001061851101515808,0.0001197889855887142,0.003564103657978529,-0.00022207568183753713,0.002619187962922434,0.00047353746894294557,0.0002954926633524515,-0.002188460160257858,-4.3549864675977635e-05,7.269967302155524e-05,-2.7399130392058885e-05,-0.002060647112379329,0.005656131984303601,-0.00013058755166641276,-4.3269157099401734e-05,-0.0006081366282720526,0.0021300616871508644,0.004671120035882011,-0.0003800684842213228,-0.0009176242864137843,-0.0004019986105172368,-0.0006167884065321241,0.0011905841625483326,-0.0009295949332226462,2.0074110362865932e-05,0.00016094521530213749,-0.002499802528239396,0.0023833308834189525,0.0022488258360582342,0.00031598638618392553,0.00011659317526942776,0.0,0.0008547928799441406,0.0018521070984569787,-0.0002107204698501078,0.00016774754766548568,0.0002706426983659127,-0.00010204589945585068,-0.00044436458427639803,0.0002933554070660982,-0.0012344713660488928,3.664936158706688e-05,-0.000714596189556278,-0.001041248486652413,0.0004060033542514402,0.00029693629145092115,-0.0007045995039184893,-0.00039256822606017247,-0.0011767528868940412,1.2958907890440162e-06,-0.0022856636944219846,1.9375006975130285e-05,0.0011468401867362412,-0.0005630555561629498,-0.00022782757402844316,-0.0011896948551781855,-0.00020919578811883492,-0.0014461349724166031,0.00047220330555281724,-0.00022358598272306047,-0.0004790747990515341,0.001395054508666403,-0.0004258026914653127,-0.0005827418217841114,-0.0007866441274044192,-0.00041673637593077876,-0.00011628433178534922,-5.99931326914864e-05,-0.001061541166494904,0.0,0.0,0.0,0.0,0.0,0.0,0.0,0.00025379127069628414,0.0,0.0,-0.0006922022781658486
2025-01-08,-0.0008346977362509506,-0.0006538082737621064,0.00037858325558327816,-0.0015988768090415193,-0.0008519172798539094,6.712430251399425e-05,0.0,0.000119981445203481,0.0002444279103021901,0.0003393334836291523,-0.0005619223077863266,-0.0006415326502384366,0.0005092774073069994,-0.03805571166781452,0.004259151574269765,-0.0053179164995675425,0.00010609073013694805,-0.003451379938477353,-0.000821241955466521,-0.0036680323044565,-6.711098616649349e-05,-0.00017134985457170138,-0.0006049197882975794,0.0,-6.444149573087002e-05,6.95072473837021e-05,2.8674545269681654e-05,-5.4406077375081616e-05,-0.000191014860499054,-0.001172327011620242,-2.309160010297793e-05,7.95205046637754e-05,0.003837159628877909,0.0006203588355691242,0.003178456470288138,0.00024329096676918062,0.0006314477777997471,-0.0019781961121963874,-4.3549864675977635e-05,6.97626727747499e-05,8.664704215814855e-05,-0.0017718066458418153,0.005609710551351768,-0.0005105790003559143,-4.3269157099401734e-05,-0.0006505277779658465,0.0020592250267386573,0.005528003681072847,-0.0009950683160304858,-0.0009222953051055114,-0.0004019986105172368,-0.0006167884065321241,0.0011905841625483326,-0.0011427073053409632,2.0074110362865932e-05,0.00016094521530213749,-0.002499802528239396,0.0007006113442090736,0.0005345885144588569,0.00031598638618392553,0.00039122377707172365,0.0,0.0008033011000743732,0.0013430821994965827,-0.0002107204698501078,0.00014398949617029148,0.00015731640450759084,-0.00010204589945585068,-0.0004669342755515409,0.0002933554070660982,-0.001118455950407266,3.664936158706688e-05,-0.0006286460643637789,-0.0009681543401973065,0.00047019781386879245,0.00029693629145092115,-0.0007045995039184893,0.0002399652233754463,-0.0009098668955441504,-0.0001458927850877831,-0.001337445104493107,0.00018813909232892414,0.0013130066296068717,-0.0005864634974150965,-0.00022782757402844316,-0.0012110812517897667,-0.00015007501927492362,0.00026770992665230196,0.00047220330555281724,0.0001546015568334056,-0.0009492871032911119,0.001243462044637659,-0.0006231026705004818,-0.0005154612289178702,-0.0007695130162928073,-0.00041539197688651735,-0.0006695918654872702,-0.0003237335212189264,-0.0014333241970501869,0.0,0.0,0.0,0.0,0.0,0.0,0.0,0.00025379127069628414,0.0,0.0,-0.0006922022781658486
2025-01-15,0.0004092505037113447,0.0003363368318141916,-0.0002045172793285763,-0.0012622176338870773,0.00017137719640214987,0.00027845456848086473,0.0,8.142005397079515e-05,0.0002444279103021901,0.0010349591209985367,-0.000492407849308613,-2.4369984885575055e-05,0.0006116428641985651,-0.01848994933040455,0.0036492141447276604,0.0006708343645091955,0.00010609073013694805,-0.0011179427136681838,0.0003115853223793915,-0.0068998713436168166,-1.981260561229901e-05,-0.00024508515600596897,-0.0006049197882975794,0.0,-5.9497167517368876e-05,0.00017368954183060234,2.8674545269681654e-05,6.32361152182282e-05,9.215913762838695e-06,-5.619901059380903e-05,-0.0007928379821244267,-0.0002410928299713317,0.0032550960428577185,0.00028308851659086023,0.004068122736177333,0.00021302017356591475,0.0008915516449017822,-0.001532051520361976,-4.3549864675977635e-05,7.269967302155524e-05,0.0004160176537390903,-0.0021563418376945864,0.005241495216072518,-0.00020717252135409606,-4.3269157099401734e-05,-0.0010660020074252808,0.0014797579456939725,0.006703878069853401,-0.0007434607679591338,-0.0008045444896651916,-0.00020101184006371414,-0.0008910844811697911,0.0011905841625483326,-0.00034148702445346976,2.0074110362865932e-05,0.0002135023968137183,-0.002228869935946958,-0.0008663690741065383,0.00252414741083534,0.00031598638618392553,0.0004216874478330155,0.0,0.0008273818883483552,0.001760314097473092,-0.00026018317980873906,0.00018333756971709267,0.00032967389823005137,-6.983969466539946e-05,-0.0004861639388834389,0.0004806019184374,-0.0010191428169878682,-0.00020004235610810806,-0.0017638165267637464,-0.0004480429719720306,0.00012418301494728515,0.00029693629145092115,-0.000408545948185812,0.00025544725595795054,-0.0009720671268617189,-0.0001458927850877831,-0.0008061950650243496,0.0002655997784108319,0.0013130066296068717,0.0007418079316069908,-0.00023311125138210685,0.00013395356225009395,-0.0002479605221408429,0.0005654238587712159,0.0005638671224649671,-0.00019439566921026905,-0.002601173442040335,0.001623823892518545,-0.00041897309140796914,-0.0014497607464942367,-0.0007695130162928073,-0.00041539197688651735,-0.0005981519630412918,-0.00047619945608120195,-0.0010964069575070002,0.0,0.0,0.0,0.0,0.0,0.0,0.0,0.00025379127069628414,0.0,0.0,-0.0006922022781658486
2025-01-22,0.0003330836571922675,0.0007883652581813615,0.0001146744113492769,-0.0005090980014538782,0.00019915203605514148,0.00012223477396617846,0.0,8.142005397079515e-05,-0.0004867196702229569,0.0008365174948040214,-0.000492407849308613,-0.0002656837983070926,-0.0003325518266291537,0.031889772812133205,0.004026941911887962,0.010293886108772153,0.00010609073013694805,0.005688301249945982,0.00030935385787301053,-0.0005867902587907751,-2.885426728384883e-05,6.646008466992467e-05,-5.96997278635205e-05,0.0,3.8001349518276966e-06,4.253771628284311e-05,4.1212657552892335e-05,6.32361152182282e-05,9.487879102768562e-05,0.00029196261467750485,-0.0004388730064987817,-0.0004457453125216038,0.002513969268134975,-0.0012460055363861984,-0.001989147975185006,0.00021302017356591475,0.00106848683846931,-0.001384245670234074,-0.00014472407168465918,3.994459712591724e-06,0.0009082158694453256,-0.0011873928740678288,0.004697730002130873,0.0018355159365443042,0.0001985401375827283,-0.0018803893846967292,0.0003809515669300729,0.00902052099988054,-0.0001623638664266591,-7.390454489099351e-05,-0.00016960581868156744,-0.001635704828352236,0.0011777657601956715,-6.756454533033988e-05,2.9469908381700645e-05,0.00022807772388948533,-0.0015996782535838308,-0.0011615122951091224,0.005536842891481561,0.00041459207637210534,0.00044660506871675655,0.0,0.0005335315718033404,0.0011035854747804964,1.8419541398695997e-05,-3.574021365176252e-05,-0.0003427078188822822,-0.0003720173538504549,0.00036561756622739564,5.296862184473922e-05,-0.0005421540267515293,-0.00020004235610810806,-0.0025168174517941197,-0.0030473803922512286,3.855824251855007e-05,0.0006685156045710187,-0.00015847340994375186,-0.00029215305003386764,0.0005266238720534292,-0.0001170694160738946,0.0006528697042095203,0.00010604920320523042,0.002094275953304955,-0.0013065412936188498,-0.0001866014302876928,0.0005550593927691734,-0.0002479605221408429,0.0005654238587712159,0.00014305119973950027,-0.00029071478285273535,-0.002655054414849579,0.0011461097855662318,-5.834036938492771e-05,-0.0007946963846760871,-0.0007546147774469378,-0.0007533761242586967,-0.00040469241507278003,-0.0002900122306121294,-0.0010237318755288805,0.0,0.0,0.0,0.0,0.0,0.0,0.0,0.0001893442962300525,0.0,0.0,-0.000163139898646598
2025-01-29,0.0005966289336677558,0.0005494368050107012,-0.0002036520365378824,-0.00046504385967070517,-0.0008541304812357556,-0.0012897490177394796,0.0,7.3177518471212e-05,-0.0004867196702229569,-0.0006618786253993999,-0.0003484622127890483,-8.550342720442262e-05,0.0006573352851143344,0.03252576788095792,0.0036473210514711735,0.018453402183347987,0.00010609073013694805,0.00495806022801564,0.00029446525118785637,0.0006855459140676279,-1.981260561229901e-05,8.228734541680468e-05,-0.00011683776589194552,0.0,3.8001349518276966e-06,0.00013817820780332704,4.1212657552892335e-05,-7.72030556521667e-05,-5.260699646322173e-05,0.00029196261467750485,-0.0011566189351122228,-0.00041257478883878447,0.0008856562971739267,-0.0012460055363861984,-0.002154655641320064,0.00024329096676918062,0.0010103265591589366,-0.000558432459907004,-6.346676639276317e-05,1.5494636923615565e-05,0.000976127979423701,-0.001361571079663668,0.004317779387733265,0.001276395962728614,0.0001985401375827283,-0.0020727728124017787,0.0003809515669300729,0.009156746233911692,-0.0004454805383886882,-0.0006447016004717439,-1.716860102650862e-05,-0.001433909404111612,0.0011777657601956715,-0.00048199454155247845,2.5668854256464095e-05,0.00020991364058712815,-0.0015996782535838308,-0.0011615122951091224,0.0030114882705012517,0.00041459207637210534,0.0004216874478330155,0.0,0.0010533651126627156,0.0006166990308984518,0.00025618914075220864,-5.587442919353762e-05,0.00023819996329156563,-8.098392020917711e-05,5.830993482087998e-05,-0.00018334712775564964,-0.0005887276151210035,-0.00020004235610810806,-0.0011045633873867228,-0.002554822232068804,0.0007774437811303433,0.0006685156045710187,-0.00015847340994375186,0.0005116760417786081,-0.0006971629189993354,-8.124808241151968e-05,0.0006410820699157439,0.00018370494806538493,0.001141550522615636,-0.001321714864018972,-0.0001866014302876928,-0.0007271745367476997,-0.0002479605221408429,0.0005654238587712159,0.00017658073895270062,-0.00020897613988556595,-0.00155831402335437,-0.0010490247792403493,-0.00012200354802349825,-0.0006154241000177605,-0.0007546147774469378,-0.0006569523346951277,0.0006384065659911506,-0.0002900122306121294,-0.001205253638130667,0.0,0.0,0.0,0.0,0.0,0.0,0.0,0.0001893442962300525,0.0,0.0,-0.000163139898646598
2025-02-05,0.0005760709327219137,0.0006313710485653522,-0.0001705789002356238,-0.001021897192299358,-0.0006882385029795316,-0.0015774194517335265,0.0,2.47002146603765e-06,0.0002444279103021901,-0.0005511790465126314,-0.00041797667126676187,0.00029198653146589906,-0.0010121612145098495,0.030068716644327368,-0.003446457714358763,0.016608424506492445,0.00010609073013694805,-0.001746733611338435,-0.0009526741589242627,0.014831264447438866,-1.981260561229901e-05,4.093421826786488e-05,-0.0019246643751177407,0.0,5.767329444151083e-05,1.0564828839896092e-05,4.1212657552892335e-05,-0.00021432669819819745,-0.00048330467432337545,-0.00126609455046383,-0.0007914034004510196,0.00022317104592406504,0.0003477800711584359,-0.0015143682528499633,-0.001939249060516006,0.00024329096676918062,9.593484379859326e-05,-0.0007107714268954179,-6.346676639276317e-05,1.5494636923615565e-05,0.0007066793686088875,0.007454564651443961,0.0037985555854296075,0.0022337894147255576,-0.0007618204327023194,-0.00207703774998945,0.0007429885406108327,0.008342382157340756,-0.0006918890208590124,-0.0006447016004717439,0.001566595484208788,-0.00026912904334847705,0.001294471364009133,0.0034453693680322525,2.5668854256464095e-05,0.0006078951865989302,-0.002550899877545273,-0.0008941950829031448,0.0016138401030897616,0.00031598638618392553,0.00038367994923180725,0.0,0.0002120088023904688,-0.0009333694915402844,-0.0005881694591836784,-1.2043630951010778e-05,-0.00025974042558579165,-0.000377652563405447,-0.0005350809974510088,0.00014919835879953491,-0.0010125521123511415,0.0003214794826677387,8.052530261599681e-05,-0.0023258349296064744,-0.0001503060847630214,0.00039003619533116234,-0.0002015262251535882,-0.00015505234920781103,-0.0008032764394789553,-5.9575442761439814e-05,0.0002528487560964766,-0.0001947543051866962,0.0009342021481763284,-0.0012362506622003544,-0.0001866014302876928,-0.0020334330775665173,-8.310648042359685e-05,0.00033750872585905985,1.9788104680943422e-05,-0.00015212562417676943,-0.0022342921259482515,-0.0010418965394974563,-0.001068171015677717,6.813867206684478e-06,0.00020265568342928885,-0.0001512711905056013,-0.0020447047948461737,-0.00047154182382935534,-0.0016736539912474576,0.0,0.0,0.0,0.0,0.0,0.0,0.0,0.0001893442962300525,0.0,0.0,-0.000163139898646598
2025-02-12,0.0005760709327219137,0.0007304370578772292,-0.0001106777060840827,-0.0007142420011513935,-0.000643094517373612,-0.0013603230903579018,0.0,2.47002146603765e-06,0.0002444279103021901,-0.0005511790465126314,-0.00041797667126676187,0.000379426654801996,0.0003565209562452007,0.005185521989271178,-0.003554894363730875,0.01885775158480777,0.00010609073013694805,-0.0011016996482708674,0.0009949642725525358,0.014735010389662363,-2.885426728384883e-05,-0.00033664867303708537,-0.0007060618952670082,0.0,-0.0002566350770058714,-0.00025959757932636485,4.1212657552892335e-05,-0.00021432669819819745,-6.591363330238474e-05,-0.0014096071153429871,-0.0017412164138433683,-8.284799075190006e-05,0.0006677462796873738,-0.0015143682528499633,-0.001912101402537375,0.00021302017356591475,0.00047605464331845304,-0.0007107714268954179,-6.346676639276317e-05,1.5494636923615565e-05,0.0006813850158969381,0.007058766775464886,0.0036046451379170767,0.0026343273931508137,-0.00019981584173846132,-0.00207703774998945,0.0007429885406108327,0.007982943823836514,-0.0005647714411155351,-0.0006300220670335871,0.0017091069351275595,-0.00023701816722659257,0.0014884001813592674,0.0028574749522992425,2.5668854256464095e-05,0.0006691068700003619,-0.0031164222520223984,-0.0008837192015202084,0.00047682627219799544,0.00041459207637210534,0.0004085975701155483,0.0,0.00035852253022754444,-0.0010088970341157722,0.00022815110093554384,-0.00042903234720508286,0.0005961191519748131,-0.0004005440614909643,-0.001443498876103468,0.0001520699069793287,-0.0004657735095481112,0.0003214794826677387,8.052530261599681e-05,-0.0028310508451557755,0.00029758604479247905,0.00011946925488994198,-0.00011877139191306403,-0.00029215305003386764,-0.000778656050957285,-6.863503737946409e-05,0.0002528487560964766,4.311588346656563e-06,0.0011003685910469592,-0.001336790909228388,-0.000245208225134236,-0.0016391514932795781,-0.0001314316690596111,0.00033750872585905985,8.337679043793736e-05,-0.00015212562417676943,-0.002132323728313094,-0.0008791096448783783,-0.0010840541455072062,8.797922363609196e-05,0.00012250164487116462,-0.0001512711905056013,-0.0002565694506102502,-0.000555316167604761,-0.0016736539912474576,0.0,0.0,0.0,0.0,0.0,0.0,0.0,0.00027126604461879904,0.0,0.0,-0.000163139898646598
2025-02-19,-8.572338424275939e-05,-4.863372348176494e-05,-5.0174911474037194e-05,0.0001953977846142723,-0.000643094517373612,-0.0012441433548432833,0.0,2.47002146603765e-06,-0.0004578533879997023,0.00025159143632140567,-0.00041797667126676187,0.000379426654801996,0.00018422276066341897,-0.007479441297914222,-0.0020767710519722293,0.011350504855379808,-0.00029668672440587627,-0.001943633318837212,0.0001626937937702755,0.01606531149052119,-1.981260561229901e-05,0.00017655530062726332,-0.0004369881525379867,0.0,-3.397208735947399e-06,4.253771628284311e-05,4.1212657552892335e-05,9.431272400684283e-05,-6.591363330238474e-05,-0.0014096071153429871,-0.0024680739893156852,-0.00026104482705141665,0.0016639390444287629,-0.0015143682528499633,-0.0016249925016829116,0.00021302017356591475,0.0006371434604333655,-0.0006230530853039353,-0.00014472407168465918,3.994459712591724e-06,0.0005524052623922878,0.008568283055999841,0.0037412400423575422,0.0032759294498830352,-0.00019981584173846132,-0.00207703774998945,0.0008991929629903906,0.006313549628984584,-9.115468508874866e-05,-0.0006253510483418599,0.0019688665505363506,0.0003487083925571267,0.0014884001813592674,0.003212265941514498,2.5668854256464095e-05,0.0006078951865989302,-0.003127920890539528,-0.0004362875315900593,0.0008616236079256955,0.00041459207637210534,0.00038367994923180725,0.0,0.00031537915834420083,-0.0011247125107983257,-0.0007383404623384055,0.00015192001121629696,0.0004697534109269113,-0.00013750870317120532,1.0468730154221588e-05,4.90195294237228e-05,-0.0006102127430353338,0.0003214794826677387,0.00034070737708395726,-0.0022375981211169307,-3.498329503413556e-05,0.00011946925488994198,-0.0001441255568473081,0.00017189748910369983,-0.0006806361831010522,-6.863503737946409e-05,0.0002486884956373426,-8.005898876712738e-05,0.0011003685910469592,-0.0006669376590284937,-0.000245208225134236,-0.0013651668527146028,-0.0001314316690596111,0.00033750872585905985,0.00010257194549464404,-6.980714929146509e-05,-0.002294898291449327,-0.0009475757161222612,-0.0010742724245306587,-0.00017267808764506054,0.00012250164487116462,-0.0001512711905056013,-5.545456622973204e-05,-0.000555316167604761,-0.0015340069388173588,0.0,0.0,0.0,0.0,0.0,0.0,0.0,0.00027126604461879904,0.0,0.0,-0.000163139898646598
2025-02-26,-3.456878366751037e-05,-4.863372348176494e-05,0.00015706079780860248,0.0001048471059753321,-0.0007189473120927713,-0.0016201772282332175,0.0,-1.7487334931385866e-05,-0.0004578533879997023,0.0002720730670676259,-0.00041797667126676187,0.00044654229424376235,-0.0009661135645369972,-0.007366619797072087,-0.0012308362272474556,0.01148954682117033,-0.00029668672440587627,-0.0025605907527397114,0.0001626937937702755,0.0164869503580495,-1.981260561229901e-05,0.00015543112398232396,-0.000354352605487842,0.0,-4.1360628624925094e-05,4.253771628284311e-05,4.1212657552892335e-05,0.0005343678905388201,-6.591363330238474e-05,-0.001614256175735144,-0.00023588221210663128,-0.00026104482705141665,0.00343614117972547,-0.001025025998693541,-0.00228008106677455,0.0004432666757396797,0.0004102014329944892,-0.000549354869541415,-0.00014472407168465918,3.994459712591724e-06,0.0004811643004237501,0.009267844561107309,0.0033220489761814913,0.003175396516994088,-0.00019981584173846132,-0.0015211127123330376,0.0008991929629903906,0.0072817708142452415,3.564108475452476e-05,-0.0007312905589474223,0.001806426058701936,0.00022060789230428065,0.0014884001813592674,0.0037667575940831433,2.5668854256464095e-05,0.0005692987004077249,-0.003127920890539528,-0.0004362875315900593,0.0017566472786873489,0.00041459207637210534,0.00038367994923180725,0.0,0.0003061606922005007,0.00021272552070574987,7.59935902474379e-05,-0.00042909773225612176,8.308071780969951e-05,-0.000262845047854145,1.0468730154221588e-05,3.692395129920978e-05,-0.0008192100063538828,0.0003214794826677387,0.00034070737708395726,-0.002547218331251166,3.0968218295069716e-05,0.00011946925488994198,-0.0001441255568473081,-0.00015505234920781103,-0.0006806361831010522,-6.863503737946409e-05,0.00012809849010064956,-0.0004207704385735492,0.0009342021481763284,-0.0010809835157223468,-0.000245208225134236,-0.0013651668527146028,-0.0003557094725221737,-2.0328950440307754e-05,0.0001655860266699708,-0.0007132132016020094,-0.0022247222961081993,-0.0010152167693534097,-0.001003553832221832,0.00028480140999913436,0.00012250164487116462,-0.0001512711905056013,-0.0010786671178328597,-0.000555316167604761,-0.0008879126201417697,0.0,0.0,0.0,0.0,0.0,0.0,0.0,0.00027126604461879904,0.0,0.0,-0.000163139898646598
2025-03-05,0.0002176332069678821,-4.863372348176494e-05,0.0005632944574855437,0.00012058889720251381,-0.0008792617272675617,-0.0011987711962660132,0.0,-1.7487334931385866e-05,-1.546263396015136e-05,0.0009676987044370102,-0.0003356411207251829,0.0006518783111032538,0.00045801047879228166,-0.024951956934341622,-0.00339779374453921,0.010961585009109742,0.00010609073013694805,-0.0022748701789717424,-0.00034694283674658444,0.015284821253886848,-1.981260561229901e-05,0.0007613873974792557,-0.0002483961987591798,0.0,-4.1360628624925094e-05,4.253771628284311e-05,4.1212657552892335e-05,-0.000217271608128123,0.00035580615372418157,-4.556763774057524e-07,-0.0014118562726934175,-0.00015505829879308892,0.004544110598232811,-0.001004846064701081,-0.001812698192852023,0.0005881660322906901,0.0003725337290353296,-0.0001851766330913514,-0.00014472407168465918,6.7014786190366e-06,0.0005326388026998259,0.005631670273528096,0.0034864153271459237,0.002410992873336305,9.67184149727231e-05,-0.001923950612224886,-0.0008723981962831933,0.007195941467993107,0.001047277724743704,-0.0005500823665751092,0.0015061351533809384,0.00019166879043515538,0.0017948959770976605,0.0037032991853171173,4.1892267192452745e-05,0.00047571039425784443,-0.00223820566669033,-0.0005057694776980238,-0.0019728763555899335,0.00041459207637210534,0.00038367994923180725,0.0,0.00037983630096330196,-0.001608423582195429,-1.1531228993591642e-06,0.00016774754766548568,0.00046930808463224125,-0.00030816913898599964,0.00023555076804951416,3.692395129920978e-05,-0.0007129108882048981,0.0003214794826677387,0.00016447391104617198,-0.0006176553716219379,-0.00028792620831019275,0.0002867230148466208,0.00046254326711901977,0.0005116760417786081,-0.0003747828263588056,-0.00018684984620835865,-0.0006946290214858936,-0.00020067160243915437,0.0003498907775405933,-0.0007308505996245752,-0.00017746519304707217,-0.0016710408909845498,-0.00021583009786447878,8.559744215647365e-05,0.0003210578046824133,-0.0005434712020397011,-0.0017139315879177255,-4.0498343673631766e-05,-0.0017235988767530328,-0.0005544277065838831,-4.96696431878294e-05,-0.0004226705934672787,-0.0007129301173092006,-0.0008130324210510676,-0.0007487783356223334,0.0,0.0,0.0,0.0,0.0,0.0,0.0,0.00027126604461879904,0.0,0.0,-0.000163139898646598
2025-03-12,0.00018626686230516362,0.0008134745748320758,0.0008617392106118033,0.0001528061483959963,-0.00013274732456416825,-0.001195492465242806,0.0,-0.0004372464935416227,-1.546263396015136e-05,0.00034543073203237653,-0.0004051555792028965,0.0003009051023572106,0.00046294265868835786,-0.007211753198316724,0.0028591851087973897,0.012732411739799072,0.00010609073013694805,-0.002474664450356018,0.0006693815811881328,0.015236358639487047,-1.981260561229901e-05,0.0011490896820910512,-0.0013907495311125135,0.0,0.0002375956217730644,4.253771628284311e-05,4.1212657552892335e-05,7.122863848703354e-05,3.932152275043133e-05,-0.0009538908767610891,-0.0014574255267926356,-0.00026104482705141665,0.004388793429187508,-0.0007733540330629814,-0.002114329072435193,0.0005881660322906901,0.0005857918838947375,-0.00025427547517306847,-0.00014472407168465918,1.4002939426137749e-05,0.0006466849752500333,0.006342287662614745,0.003994250437743307,0.0023395105070967643,9.67184149727231e-05,-0.001923950612224886,-0.0008723981962831933,0.007311148060198136,0.002410858764045863,-0.00039072952336635864,0.001293229048943423,0.00033112113681959784,0.0017948959770976605,0.004299371529042837,5.128342194354764e-05,0.0005369220776592762,-0.00223820566669033,-0.0004415890163679111,-0.002656513842567248,0.00041459207637210534,-1.503779510851787e-05,0.0,0.0003061606922005007,-0.0014669611699573513,-0.0004001826158978965,0.00017191149776668322,-0.00035251493078979025,0.00025605458213188634,4.2296492752722756e-05,4.90195294237228e-05,-0.0007748681350635123,0.0003214794826677387,0.00013339285289715172,-0.0003458301858220312,-0.0002840113571114121,0.0002867230148466208,0.00020933199673204075,0.0005116760417786081,-0.0002470416542151154,0.0003392716642723391,-1.312759520696884e-05,-9.135349410661991e-05,0.0009543226779244023,-0.0004687537752101448,-0.00018956216679920127,-0.0016205883941559616,-0.00021583009786447878,8.559744215647365e-05,0.00014639087161326413,-0.0004899498671060429,-0.0014774433411673762,0.0005793070280421827,-0.0017002202114689124,-0.0004821934974315662,3.0484395370294855e-05,-0.0003330135481206144,-0.001066141896152441,-0.0009731136511593057,-0.0013826306008945073,0.0,0.0,0.0,0.0,0.0,0.0,0.0,0.00027126604461879904,0.0,0.0,-0.000163139898646598
2025-03-19,0.00021284726284965657,0.0006736121309732925,0.0004930915064094943,-0.0008446207862092539,-0.00013269809949967195,-0.0009388568607477725,0.0,1.0712556965620802e-05,-1.546263396015136e-05,0.00048270576251744463,-0.0004051555792028965,0.0004685625696915416,-6.191388937299016e-05,-0.011410476076960585,-0.0022006226369511105,0.009608945634973115,0.00010609073013694805,-0.002474664450356018,6.080601284017996e-05,0.016012184643197726,-2.885426728384883e-05,0.001015708842933569,-0.00037476775658627467,0.0,8.82210732437553e-05,0.00013817820780332704,4.1212657552892335e-05,0.00046704911212793127,3.932152275043133e-05,-0.0009538908767610891,-0.0010304219711285286,-0.00025256019369232914,0.005423955091411355,-0.0009601745359104307,-0.002111560576063771,0.00031229577532273606,0.0006015408379000625,0.0006194233743583551,-0.00014472407168465918,6.7014786190366e-06,0.00042554500371817523,0.004820600047505881,0.004209344976987795,0.002085833226654477,9.67184149727231e-05,-0.001948632919216568,-0.0008723981962831933,0.007659670671515592,0.000784455396581275,-0.00037382246865762594,0.001293229048943423,0.0002269420474723251,0.0017948959770976605,0.004323512894889571,4.3395977439570634e-05,0.00047571039425784443,-0.00223820566669033,-0.0008367162327867064,-0.002544085391546427,0.00041459207637210534,0.0004085975701155483,0.0,0.00038756853641965433,-0.0005689518045217426,-2.5710591383995193e-05,-0.0004200545649367631,5.02124898119306e-05,0.00012326022280872702,-0.0010500912102985205,-0.00019939179830117908,-0.0006843824635646701,0.0003214794826677387,0.0003321437559868276,-0.0003813394854366923,-0.00028792620831019275,0.0002867230148466208,0.00018397783179779667,-0.00029215305003386764,1.1688177492246389e-05,-0.00018684984620835865,-1.312759520696884e-05,-2.0623637547908047e-05,-0.0003126477346489529,-0.0011671122889349002,-0.00017746519304707217,-0.0016710408909845498,-0.0001309834942268433,8.559744215647365e-05,0.00014639087161326413,-0.0003263061750251539,-0.0014774433411673762,8.724531854074314e-05,-0.0017530416049182204,0.000172090231026296,-4.96696431878294e-05,-0.0004226705934672787,-0.001066141896152441,-0.0010041037628724585,-0.0008879126201417697,0.0,0.0,0.0,0.0,0.0,0.0,0.0,0.00027126604461879904,0.0,0.0,-0.000163139898646598
2025-03-26,-0.0003246714800423716,-0.00014333547582353544,0.00041595994235444516,-0.00019931000697780805,-0.0002874754902990123,-0.001451464049048467,0.0,-5.57508008771755e-05,-1.546263396015136e-05,0.00048270576251744463,2.4454753049557004e-05,0.0004014469302497752,6.756844500283038e-05,-0.02090945685883892,-0.002737023455587706,0.011028703020265002,-0.00029668672440587627,-0.002669792190594366,0.00018397079775432263,0.013323097091707715,-2.885426728384883e-05,0.0007613873974792557,-0.0002483961987591798,0.0,-4.1360628624925094e-05,0.00013817820780332704,4.1212657552892335e-05,0.0005739810584486957,3.932152275043133e-05,-0.0002861592666911122,0.00029973998042402483,0.0006385445878435928,0.003475022446538723,-0.001004846064701081,-0.002128569107285137,0.0005578952390874242,0.00047737637213106463,0.0006659576995568064,-0.00014472407168465918,6.7014786190366e-06,0.00040147416684994236,0.004699683883115322,0.003439770188771083,0.002430743378357637,9.67184149727231e-05,-0.001948632919216568,-0.0008723981962831933,0.008613445599795294,0.0011923963376922492,-0.001323956419995071,0.0012232657609231865,8.748970108788263e-05,0.0017948959770976605,0.0039445805398275816,-9.300361239845698e-05,0.0006194301053206168,-0.00223820566669033,-0.0009532011476281728,-0.0016084725527588687,0.0004958709922587802,0.0004085975701155483,0.0,0.0003754896071800528,-0.0005689518045217426,-0.0004930055831858331,-0.0005127368497430353,-0.0002267230392794533,-0.00030816913898599964,-0.00046301106507477114,-0.00019939179830117908,-0.0007689087809055564,0.0003214794826677387,0.0001853173679336948,-0.0002478766520953198,-0.0003111727059679403,0.0002867230148466208,0.00018397783179779667,2.1764900722237942e-05,0.00014066547356460555,-0.00018684984620835865,0.00039423657438255265,0.0003000572575935548,-9.236645846499808e-05,-0.0003767222235806938,-0.00017746519304707217,-0.0016496544943729685,-0.00021583009786447878,8.559744215647365e-05,0.00019937593299991602,-0.0005315038110170226,-0.0009410418733985552,0.0001919587338071961,-0.0015025468801830892,-0.00036646868055022544,-8.262619810623232e-05,-0.0003351844013244498,-0.0006771655496270948,-0.0009731136511593057,-0.00023639028934577028,0.0,0.0,0.0,0.0,0.0,0.0,0.0,0.00027126604461879904,0.0,0.0,-0.000163139898646598
2025-04-02,0.00028469685378306364,0.0005764803199583824,7.006209196222137e-05,0.0010739374315469213,-0.00039210269034682416,-0.0010386816756398393,0.0,8.765013137594272e-05,2.8760888093568387e-07,0.0005178612083649968,1.1633660985691645e-05,0.0002190141992411789,3.161110623617729e-05,-0.008642390243977506,0.0025668157699230954,0.005333328988750736,-0.0011257023160942147,-0.0023705554601664825,0.00045535589326072966,0.017918484183793954,-2.4915114098448342e-05,0.0025291202074305104,-0.0009379204981544258,0.0,-4.1360628624925094e-05,0.0001232881652193952,4.1212657552892335e-05,-4.228580095728531e-05,-5.260699646322173e-05,-0.0002861592666911122,0.00030194331866516505,0.0007187706391071863,0.003650674604552942,0.00020783936263335049,-0.0021932820173393244,0.0004432666757396797,0.0010228425721861556,0.00046545568977963633,0.00015744029122821029,0.00013364434366938075,0.00020187027117859427,-0.000307784747851992,0.004552123220993437,0.0004435641176605798,9.67184149727231e-05,-0.0012889106270344087,-0.000993112406146801,-0.007175570891989401,0.001090488073386264,0.0008829350314032665,0.0006573386248136336,-0.0005758995942649245,0.0014794418843170972,0.00011306240002693867,1.1840505776686383e-05,0.0006469245174320453,-0.0015160062704202668,-0.000867955933626814,-0.0013951980755997433,0.00019262892861523036,0.0005752779297975524,0.0,0.0009008094661126276,0.000915820004792165,7.798009778081672e-05,-0.0005472013399744746,-0.0005056708570710152,-0.0008016003548680266,-0.000680428695203703,-0.0003489454381905379,-0.0014745034238100438,-0.00020004235610810806,-0.00032735410612762207,-0.0006812614625681336,-0.00023637034210380353,0.00014609185885224325,0.0003284040384261452,-0.0002993901233097341,-0.00016488149581914426,-2.923312205097883e-05,0.0001933656546441233,0.0002241355062811135,-0.00015231814462025872,-0.0013325107217974695,0.003085228909562817,0.0015997309116996038,0.0012045164102566829,-0.0007471445144812943,8.243889718967485e-05,-0.0007132132016020094,-0.0009930315119220082,-0.0006523452248005734,-0.001655926528659412,-0.00038490961025958365,8.672112246730317e-05,3.490124906646038e-05,-0.002763629366849145,-0.0019773533063170367,-0.0006720690817569911,0.0,0.0,0.0,0.0,0.0,0.0,0.0,0.00010896384111997321,0.0,0.0,-0.000163139898646598
2025-04-09,0.0005534432789902277,0.0004187448333501708,-7.0694720928278525e-06,0.0017868147187369723,-0.00034695870474090465,-0.0008254660248145484,0.0,8.765013137594272e-05,2.8760888093568387e-07,-0.0004153229786119188,-0.00014931000800515236,-0.00012671449171670868,-0.0013708396405153528,0.026934863414806245,0.0041817901543330805,0.00893629834224877,0.0006960528123310512,-0.0018571273245927525,-4.847556507754823e-05,0.017208313800089713,-1.814808205735952e-05,0.0025088927251609647,-0.0014269778228275314,0.0,-3.397208735947399e-06,0.0001232881652193952,4.1212657552892335e-05,-0.0002825283681771679,9.487879102768562e-05,9.07659265659957e-05,0.00030881135830898484,0.0008268683555362051,0.0038669861799024894,0.00020783936263335049,-0.0024249937713029103,-0.0002023571188793959,0.0007595512420620367,0.00029210281948201364,0.00015744029122821029,-5.1742224096753355e-05,-0.00018874529120912358,-0.0001309224417449055,0.0037600964188268626,0.0005510453682096108,0.0003616600739188456,-0.0011621392696598899,-0.000993112406146801,-0.0078268632987362,0.0006437129253874345,0.0010315800180965096,0.0005190415661287615,-0.000575297548979413,0.0016175100372789126,-0.00016315496057307374,4.3395977439570634e-05,0.0005159871142382383,-0.0021315145044497534,-0.0008640505285969022,-0.0013129713291884374,-0.0002570199275125574,0.00046068555940847523,0.0,0.0005439765192226971,-0.00021738249019599899,0.0010207931696235878,-0.00020584287676243303,-0.0007623780990964693,-0.0008016003548680266,-0.000680428695203703,-0.00035231693537286194,-0.001316488997293239,-0.00020004235610810806,-0.0005562435516313129,-0.0010182688633592722,-0.0002568533705079696,-0.00012847738659947625,0.0002477705034252195,0.0002673316361625805,0.00023198020857388528,-3.221415177207481e-05,0.0002125524700409078,-0.00014811207167028507,-0.0004788141775195835,-0.0011501191220329623,0.0031327501583939873,0.001986816629741539,0.0007808450984763275,-0.0007471445144812943,-0.0001638818942123965,0.00021737656509171043,-0.0011572637547977412,-0.00043009142609857863,-0.0013850957224396652,-0.0002648710155461647,8.672112246730317e-05,-0.0006085295289063168,-0.002801099647743507,-0.001840757794902231,-0.00018250253066901253,0.0,0.0,0.0,0.0,0.0,0.0,0.0,8.773324410239233e-05,0.0,0.0,-0.000163139898646598
2025-04-16,-0.0007950801180383126,-0.00011653102107567959,0.00010150388242919802,0.0008106469483095323,-0.00039205346528232787,-0.0017699759441060978,0.0,-2.518387899119914e-06,2.8760888093568387e-07,0.0008623283466855993,-0.00026413104130827383,-0.0010813004687487118,-0.0014849274004321577,0.028417983309484515,-0.0021093508685877025,0.009134129967380805,-0.0011257023160942147,-0.0026764984529336453,-0.0007974756056049672,0.017487174799046552,-1.814808205735952e-05,0.002477027786991123,-0.0014235108854682363,0.0,-0.00021800600518549813,9.487820339572502e-06,4.1212657552892335e-05,-0.00028028891115779506,0.00019179798776368333,0.00017152485359147316,0.000436100817216731,3.3265468899523404e-05,0.00411223190299477,-0.0004962831851535083,-0.0017516829467656122,-0.0009315390126651648,0.0007493026481020579,0.000278921190576478,0.00015744029122821029,-5.1742224096753355e-05,-6.74643118529368e-05,0.001970391734272786,0.003986300730420423,-0.00039569368437076397,0.0003616600739188456,-0.0011119531174973488,-0.0008723981962831933,-0.006622324326598238,0.00040737207545937814,0.0007684334889571764,0.0006193450651748752,-0.00020524090200192596,0.001380392942186851,0.00038436987094875254,5.128342194354764e-05,0.0006469245174320453,-0.002118239239854432,-0.0004177264407560258,-0.001391828036039228,-0.00032703907287982825,0.00022227403145455278,0.0,0.0006644442902292384,-0.00018459865220330374,0.0010207931696235878,0.0005397853047785536,0.00017845217407181946,0.0008375145774371944,0.00023555076804951416,0.00011502946795777732,-0.0008227042577227515,-0.0005554665921082677,0.0004887819719060518,-0.0013075179102447145,-0.00023637034210380353,-0.00012847738659947625,0.0003728931607394144,0.0002673316361625805,3.98797632616903e-05,0.0002895072536460306,-0.001027148263609569,-0.0012432068268115265,0.0007881562350537716,-0.000198190157513202,0.001009542366310813,0.0015651885526906852,0.0007808450984763275,-0.0007471445144812943,-0.00036347265966505543,0.000205409174069032,0.00030111348422711385,-0.0004322550159298533,-0.0013924647452863005,-0.00019641589282946094,0.00021696658723641783,-0.0005024518339017136,-0.002339444754984195,-0.001840757794902231,0.0003451261007751836,0.0,0.0,0.0,0.0,0.0,0.0,0.0,8.773324410239233e-05,0.0,0.0,-0.000163139898646598
2025-04-23,-0.00040026937050602823,-0.0005128011574239711,-0.00017862709906150053,-0.00019488891543857398,-0.0006678007704543948,-0.0004996500084745846,0.0,-1.4080214841477976e-05,2.8760888093568387e-07,0.0008512644186134989,-2.4421219106521387e-05,-0.000714113526921068,0.0005511155132476705,-0.031991557634366424,-0.002124835225702315,-0.007505241297143393,-0.0002852202072016247,-0.0012499270570701184,-0.0010041815959141468,0.0026637419976616875,-5.5616652804657245e-05,0.001159407055157,-0.000974931813021889,0.0,0.00012804431463794375,9.76951888033677e-06,2.8674545269681654e-05,0.00029940758404905154,6.63286089577436e-06,-0.000700825927941906,0.003352880973318784,-0.00043751388013130074,0.00340746035261186,-0.001618802048259469,-0.0011111553714896632,-0.0009315390126651648,0.00048235958393849784,0.0007242889765703905,0.00015744029122821029,4.026989039848752e-07,0.00010574121689561143,0.002482238010797229,0.004482374659579336,0.0007330754209803016,9.67184149727231e-05,-0.0008073827026898919,-0.0008013757845665191,-0.00540510463681915,0.0010901579780033348,0.004381381582270046,0.0004099029771502423,0.00017985882869349474,0.0014970799582867257,0.0006320974964001887,4.1892267192452745e-05,0.0002450808619839904,-0.0021289577485173045,-0.0007240096299682944,-0.0006784438869801443,-0.00032703907287982825,-3.7421399374013535e-05,0.0,0.0009051561598958768,0.0031905646108254145,-0.00035785056493303226,0.0005998918328625768,0.0003933213064167189,0.0006798152543278761,0.00019436385060388536,7.835736104893388e-05,-0.0007428472200686769,1.5784335201292704e-05,-0.0004633013939240573,-0.0003394926260748126,-0.0002333475028525783,0.0002199699546202261,0.0004227582017908859,-0.0001049577544811499,-0.0005067310013616674,1.2958907890440162e-06,-0.0021944583114557573,0.000314145790784385,0.0003498907775405933,-0.0006156681045386274,-7.921688306595316e-05,-0.0008187402896961202,0.00013754633909578617,-0.0017505858049404596,-0.00016183205189763597,-0.00042169982061456636,-0.0005297589398658898,-0.0008029483238291877,-0.0013108616263098165,-0.00026427554132337573,-3.224248081912736e-05,-0.0009434308634955509,-0.0026526234054010034,-0.0007487351839139337,0.000996332062788333,0.0,0.0,0.0,0.0,0.0,0.0,0.0,0.00010896384111997321,0.0,0.0,-0.000163139898646598
2025-04-30,0.00044506837185290943,-0.0005128011574239711,-0.00022602258677802007,-0.0001164466308325426,-0.0002624631282840261,-0.0011266660790108423,0.0,0.0001067505003387403,2.8760888093568387e-07,0.0008512644186134989,-0.00026413104130827383,0.00023050316345626338,2.8911323502993228e-05,-0.022306737701504542,0.0017179598722861069,-0.003390838471539039,0.00014809186952971187,-0.0015180970779978607,0.0009450599527446562,0.017301534778793287,-1.814808205735952e-05,0.0012123961699717814,-0.0010688540023999912,0.0,-0.0005963081404536661,-1.5645392652482052e-05,2.8674545269681654e-05,-0.00013499202970437417,5.93778476667597e-05,-0.00017300952048782088,0.0021216728180081627,-0.0003443309597897288,0.0021247100542060512,-0.0013580372503881764,-0.0002766175677539418,-0.00026540610233673396,0.0007035470605886888,0.00048252444543541795,0.00015744029122821029,4.026989039848752e-07,-0.00026833924451254306,0.002411209155981834,0.005130780237523112,-0.0013018285172743812,9.67184149727231e-05,-0.0007494675946018074,-0.0008723981962831933,-0.005551271453667362,0.0016329791077662383,0.004903354727071132,0.000585214683969237,0.00030795932894634077,0.0014970799582867257,0.00029545570006266747,-9.300361239845698e-05,0.0007117376901035445,-0.0017075409127045155,-0.0005411195230265747,-0.0013255759627104097,-0.00032703907287982825,-0.0001209836055111028,0.0,0.0009128883953522292,0.0014874763437561053,-0.00035785056493303226,-0.000911625468944068,0.0003032887457370336,2.524855906241832e-05,4.2296492752722756e-05,7.835736104893388e-05,-0.0007312523962238215,-0.0005554665921082677,-0.00020650334947996867,0.0008592369675146269,-0.0002801033699114041,0.0002199699546202261,0.00017474668384252328,0.00019032407413318724,4.6278491008775596e-05,0.0002606838846321421,-0.0028422579107539696,0.00023787581410921938,-0.00010382911759653217,-0.000778250165333417,-7.921688306595316e-05,-0.0013777761170460227,0.0007808450984763275,-0.0009543936134871295,-0.00012548712715911765,-0.00042169982061456636,5.304450379738367e-05,-0.0005511591275857738,-0.0013638064105468079,-0.0003982551059746078,-0.00012230670245494684,-0.0005024518339017136,-0.0022834762658281963,-0.0014113489515307671,-0.00015976407014286052,0.0,0.0,0.0,0.0,0.0,0.0,0.0,0.00010896384111997321,0.0,0.0,-0.000163139898646598
2025-05-07,0.0007178964960691944,0.000516765754154483,0.0003452512148159392,0.001009673569987376,-0.0005796880171215197,-0.0013790991929605145,0.0,6.818910910605444e-05,2.8760888093568387e-07,0.0007871011748373902,-0.00014931000800515236,2.7072096817895783e-05,0.00039302739641213305,0.028318310172064418,0.004048385159301275,0.007683061032091378,0.00010609073013694805,-0.0019931447384544452,0.0005693834756088591,0.017991516538036354,-2.4915114098448342e-05,0.002364974953991125,-0.001391443369365023,0.0,-0.0005583447205646884,-1.9252091366929157e-05,4.1212657552892335e-05,-3.7138290037490602e-06,5.93778476667597e-05,-3.25147424191428e-05,0.0004823658107486954,7.157825782675005e-05,0.0020998055504176053,-0.001287126660801426,0.0002450533110930043,-3.560402450941089e-05,0.0009586432234066708,0.0003372668154255795,0.0001751739319677666,1.1638301503571368e-05,-0.0006539869528749214,-0.0029502765726230795,0.004237592855101458,0.0007629074255336616,0.0003616600739188456,-0.0007810602830723287,-0.00028887663801707513,-0.007299203209068949,-0.0013483075546351605,-0.0003354801623839118,0.0005754622658243903,0.00024403544210835416,0.0020267738092538965,-0.0012512767096461402,1.1840505776686383e-05,0.0001535892844238536,-0.0016742958771512311,-0.001386344678070664,-0.0017777717401264576,-0.00032703907287982825,-0.00020470495010963653,0.0,0.0005428057675074877,0.0005153451680726892,-0.0006887586686693707,-0.0005414409335638685,-0.0007048386332593048,-1.470583260028008e-05,-0.0004960308772034056,0.00011340599864295245,-0.0006291718636734103,0.0003214794826677387,0.0008524950531120624,-0.0004379998812477124,-0.00036715503648850246,0.0001654286564259832,-0.0019914820006658894,-0.0002993901233097341,-0.00016242086942845572,0.0002298399611710752,-0.0005731915651889942,9.692199035867443e-05,-0.00019350007618893565,-0.0010945073422085334,-0.00023342004546869733,-0.001597653087250943,-0.0004147926609057843,-0.0009543936134871295,-0.00015524881196243877,-0.00028822934880786674,-0.00039615186767238806,-0.0006332332656341715,-0.0020779065103012757,0.00012513150396449826,-0.0002578187470980705,-6.963640909743577e-05,-0.00176666918462356,-0.0003318407113810048,4.095675427153689e-05,0.0,0.0,0.0,0.0,0.0,0.0,0.0,3.470415738418331e-05,0.0,0.0,-9.442793489260877e-05
2025-05-14,0.0003479404358405065,0.000665536825921263,-0.00012148621131734085,0.0014535075404409374,-0.0005796387920570233,-0.002141425475607098,0.0,1.6942634370768367e-05,2.8760888093568387e-07,0.000528116507460829,1.1633660985691645e-05,-2.6172663824144125e-05,-0.0010799617765292432,0.02767097527522418,-0.003072289545207932,-0.0009237489440017479,-0.00029668672440587627,-0.0014637310297661193,-4.5002402525408445e-05,0.016231824065429945,-2.4915114098448342e-05,0.0020752842215974736,-0.0014064739233305664,0.0,3.8001349518276966e-06,9.487820339572502e-06,2.8674545269681654e-05,0.0003414814856581474,0.00020686363515766705,-6.127831040493677e-05,0.0005210384275092401,0.00019338141839085675,0.0026267045505012623,-0.0015554893772651908,0.00019597346237224203,0.00029633250648833213,0.0007546756820021963,0.0003372668154255795,0.0001751739319677666,1.1638301503571368e-05,-0.00017240623008564536,-0.0025995526464873313,0.005043739077048417,0.001013978787078334,0.0003616600739188456,-0.0007135425203026904,-0.00028887663801707513,-0.00866281288549166,-0.0010054589971732223,-0.0006588924928509727,0.0005821095028302239,0.0002813456399444439,0.0022638909043459585,-0.0012721054453081223,1.1840505776686383e-05,0.00023340960727461678,-0.0012390505495316134,-0.0007494389430158527,-0.001836596540821842,-0.00032703907287982825,-0.00020470495010963653,0.0,0.0005428057675074877,0.0014542104171311918,-0.0006887586686693707,-0.0006726970699599079,-0.0004948157265252836,-0.0007045408111421994,-0.0004960308772034056,0.00011497577520291354,-0.0007733749706069829,0.0003214794826677387,0.00019569260858162007,-0.00037953972859743225,-0.0003863090790707622,0.0001654286564259832,-0.0013987252308695396,-0.00017994125466087095,-0.0002904234842201037,-5.312814299513511e-05,-0.0005586205026301865,-0.00019686406632418087,-0.0003596665190595664,-0.0008987659379111908,-0.00023342004546869733,-0.0015204621346360146,-1.4967985961494124e-05,-0.0009543936134871295,0.0005186383376545157,-0.00019848815957583158,-0.0003394462675477107,-0.0008254587723932318,-0.0020881572729960474,3.621313236263393e-05,-0.0002578187470980705,-6.472837004563852e-05,-0.00176666918462356,-0.0006184962638045106,-0.000484992507038737,0.0,0.0,0.0,0.0,0.0,0.0,0.0,0.00011244412367954868,0.0,0.0,-9.442793489260877e-05
2025-05-21,-0.000818474209498368,-0.0005128011574239711,-0.00012148621131734085,0.000981438311216627,-0.0007344161828563637,-0.00192884017570029,0.0,5.380807428410303e-06,2.8760888093568387e-07,0.000528116507460829,1.1633660985691645e-05,0.0008253371450266144,-0.0015625888237395587,-0.019099376728765237,-0.002791491641665068,-0.0017717995952196862,-0.00029668672440587627,-0.0016931547922232589,0.00036997665765210806,0.016478647514810197,-2.4915114098448342e-05,0.0018209627761431603,-0.0010190423608052188,0.0,-4.630495683842625e-05,1.3094519054019608e-05,2.8674545269681654e-05,-0.00034394631660512285,0.000804097556151938,0.0004330529738704916,-8.56834108083392e-05,0.00015972763277027072,0.004286707180379473,-0.0013428105172976878,-0.00021100507918871418,-0.0005037234225964174,0.0008115727985368856,0.00042604408836906797,0.0001751739319677666,1.1638301503571368e-05,0.0002182093323020725,-0.0018946405739265991,0.004653621873527748,0.001067430637035047,9.67184149727231e-05,-0.0008062573253329235,-0.00028887663801707513,-0.007425676262663337,-0.00024828345038011495,-0.0004033104215926592,0.0009194037298449634,-0.00011327906549261982,0.0021258227513841427,-0.0012857285303605327,-9.300361239845698e-05,0.00023340960727461678,-0.0018045729240087386,-0.0011908907506388048,-0.0029317496069862707,-0.00032703907287982825,-0.00020470495010963653,0.0,0.0009151585541010716,0.002110939039823787,-2.855325160592081e-05,-0.0010389262369404966,-0.0006630497930062867,-0.0007045408111421994,0.0003069577457648061,7.992713760889498e-05,-0.0013023335909559514,0.0003214794826677387,-0.0008336449669306682,-0.00045000544561802746,-0.0003863090790707622,-6.309887738805065e-05,-0.0008763181917981018,-0.00017994125466087095,-9.76648542507936e-05,-2.923312205097883e-05,-0.0011532451772824962,6.911172875542552e-05,-0.0002699955604671629,-0.0010662523503262053,-0.0002304685348489336,-0.001485919775627096,-0.0008014288225955646,-0.0009543936134871295,-0.00014767454006193298,-0.0001780450769183313,-0.0005579544512049115,-0.0008085044169071595,-0.002560701738283795,5.029319703552543e-05,-0.0002578187470980705,-6.472837004563852e-05,-0.0015028152929156319,-0.000761919364028003,-0.000390014475956535,0.0,0.0,0.0,0.0,0.0,0.0,0.0,0.0002140068443999946,0.0,0.0,-9.442793489260877e-05
2025-05-28,0.0004491500708620303,-0.0001789335641562717,-4.435464726229163e-05,0.000981438311216627,-0.0002501155931294649,-0.0006961363253281515,0.0,-4.8058028872851416e-06,2.8760888093568387e-07,0.0002575010433649591,1.1633660985691645e-05,0.00017725840281422348,0.00022938086896275278,-0.01740950108013702,-0.0011142339593570292,-0.00043284918304538415,0.00010609073013694805,-0.002163537818618172,0.00033128968333001455,0.017190656081287184,-1.814808205735952e-05,0.0020752842215974736,-0.000944241207697599,0.0,1.9709874552533132e-05,0.0001247176024401725,2.8674545269681654e-05,-0.00039444345301976966,9.487879102768562e-05,0.0004330529738704916,0.0004879809321695323,-2.6668689620497937e-05,0.004357884580543739,-0.0011556690595043633,-8.155788611227135e-06,-0.0005037234225964174,0.0009630450998279826,0.0004717712282028024,0.0001751739319677666,1.1638301503571368e-05,0.00045801632134857546,-0.002282615411550724,0.004519860538109972,0.0008603709630759091,9.67184149727231e-05,-0.0009832148348699835,-0.00028887663801707513,-0.006833362663759022,-0.0003596652658266506,-0.00011116381426921624,0.0007021719765105538,-0.00011327906549261982,0.0021258227513841427,-0.0008152040674587405,2.2537541746207483e-05,0.00023340960727461678,-0.000103563726650219,-0.0010744058357973383,-0.002459795592031196,-0.0003932349116030373,-0.0003192973204987138,0.0,0.0008996387143974182,0.002110939039823787,7.798009778081672e-05,-0.00048786614597448797,-0.0006320317728561627,-0.0007046363133550576,4.8442996500913275e-05,0.000298142197673928,-0.0012340723010300298,0.0003214794826677387,-0.0007713939417468686,-0.0010256440339357722,-0.0003863090790707622,-6.309887738805065e-05,-0.000802101892688122,0.0005210283483371572,-0.00029585470793431286,8.898168677791573e-05,-0.0007746540362912218,0.00033901005199875436,3.4366914673739855e-06,-0.0011725868396244964,0.0009620211174796432,-0.001574576082050924,-0.0004147926609057843,-0.0009543936134871295,-0.00011132961532341466,0.0002311532686639381,-0.0009620772124712151,-0.0009837999741796042,-0.002424157221410691,-9.803687356165798e-05,-0.0002578187470980705,-6.546517654874506e-05,-0.002044335969518955,-0.0015592623646965452,-0.000390014475956535,0.0,0.0,0.0,0.0,0.0,0.0,0.0,0.0002140068443999946,0.0,0.0,-9.442793489260877e-05
2025-06-04,0.0005175090183811102,0.0008200853253759255,7.006209196222137e-05,0.00247701532339293,0.0022796244676115264,-0.0006927896911191485,0.0,-2.426682515717342e-05,-6.089345458120045e-05,-0.0002957081879560202,-0.0003484622127890483,0.00017029056291314077,0.00019883467409796996,0.03129477910275672,0.0023358258701847386,-0.0013719676339849457,0.00010609073013694805,0.0052640290715209774,0.00044951895758270626,0.014841051029118743,-1.814808205735952e-05,0.002174732322352285,-0.0002285449251165641,0.0,-3.302698677521088e-05,6.0672847008416846e-05,-1.9734460843214722e-05,-2.9178544527067057e-05,-0.00012831832941662819,0.001072768747534642,0.0007219967235527402,0.0003222481004829035,0.003117521998082862,-0.000845757091867537,0.00042368960624571844,0.0005578952390874242,0.000825777866313281,0.00038299395525931396,-0.00012699043094510287,1.1638301503571368e-05,-0.003114839626190563,-0.0017960223127022675,0.003752326673651444,0.0017113505514682454,0.0003616600739188456,-0.0018127046163354935,4.011069136610065e-05,-0.0024470373323691244,-0.0011781983621917346,-0.000885676660625608,0.0006023883510025997,0.001078396997411198,-0.003372395164620558,-0.0010019575587920959,-0.000174247903025993,0.00038634504241088856,-0.0009076427261247456,-0.001141700580299196,-0.0012218230550908441,-0.00026340338175651924,-0.0003192973204987138,0.0,0.0006015108955756676,0.0010870015070366297,0.00012756189144985154,0.00017705794253643835,-0.00017784327065359414,-0.00014548863171425349,0.0016927162053997228,0.00011497577520291354,-0.0008482336710074015,0.0003214794826677387,0.0002841816103815911,0.0035108260959508114,-0.0010135141097307428,-0.0001673236295786185,-0.00044874538870905937,0.00019032407413318724,-0.00013456765278341393,1.3682170728129858e-05,-0.00046309546670226446,0.00012972275501285768,-0.00021908843999921337,-0.0012013469856077012,0.00047815715566445273,-0.00027083973608114985,-0.0001148099853890279,-0.0006651349889657552,-9.176255328826436e-05,0.00037499518034449507,-0.0007588467340644079,-0.0009054552941032835,-0.0012271879619072195,0.00012276759015122937,-0.00014310645663558234,0.00034678516530863224,9.888881220696964e-05,-0.0008410523507067591,-0.0010034517834642315,0.0,0.0,0.0,0.0,0.0,0.0,0.0,0.00011244412367954868,0.0,0.0,-9.442793489260877e-05
2025-06-11,-0.0009256631395254058,0.00049042153758275,0.00014026504303827074,0.0024176743991736996,3.428419361377052e-05,-0.0010973794894301415,0.0,-1.4080214841477976e-05,-6.089345458120045e-05,-2.5092723860150365e-05,-2.0874630715139916e-05,0.0005155628839066525,-0.0014489512555571342,0.03313412327268841,-0.0013248965641082413,-0.0013169832299544666,-0.00029668672440587627,0.005202199901660187,-0.0004150529257927212,0.01483172627937046,-1.814808205735952e-05,0.0020752842215974736,-0.0015157860680391289,0.0,0.00020727766681457563,0.00011896638585800942,-1.9734460843214722e-05,-0.00034394631660512285,0.00035580615372418157,0.0009264895451718267,0.0007675659776519585,4.322054089851608e-05,0.0032274679554143986,-0.0013531211863813777,3.92058440433085e-05,0.0005881660322906901,0.0005497529194886814,0.0003260971022127959,2.941890152165756e-05,1.1638301503571368e-05,-0.0024809733156087987,-0.0024726044594192468,0.0036653301820490395,0.0021357778429215665,0.0003616600739188456,-0.0016357471067984335,4.011069136610065e-05,-0.0016749493305806802,-0.0011634211425543223,-0.000881005641933881,0.0007810265604192887,0.001078396997411198,-0.003372395164620558,-0.0010019575587920959,-0.000174247903025993,0.0004661653652616518,-0.0009076427261247456,-0.0011428081623884687,0.0004138012293521963,-0.00026340338175651924,-0.0003192973204987138,0.0,0.00021043019929263952,0.0014542104171311918,0.00015679944497022283,0.00023553029671695674,0.00012169022139292521,-5.6712654797946166e-05,0.0014969551238593777,0.00011497577520291354,-0.0012415647710846153,0.0003214794826677387,0.00023569904573132085,0.0031451841819921697,-0.0011725357818614768,-0.0001673236295786185,-0.0004213216267977932,0.0002673316361625805,0.00027097084254389727,7.500254620503216e-05,-0.0009774800277231595,-0.0002245461453442551,-0.0003852548828698441,-0.0005787120085071608,-0.00013095537195265808,-0.001563758049900599,-0.0001148099853890279,-0.001000249340485428,-0.0001281074780267827,0.00036302778932181665,0.0005802296828215305,-0.0008504848998452565,-0.0011221878817530293,0.00023249238878381357,-0.00029658973515602133,-5.032236457866099e-05,0.0005614491442626673,-0.0002163582126630259,7.596265083896333e-05,0.0,0.0,0.0,0.0,0.0,0.0,0.0,0.00011244412367954868,0.0,0.0,-0.00022155383821705112
2025-06-18,-0.0006232622226750955,-0.0005870641810529867,-0.0005201111576069808,0.00039569709827950425,-0.000851997941470614,0.0003314970637647035,0.0,3.411066178074632e-05,2.8760888093568387e-07,-2.5092723860150365e-05,-2.0874630715139916e-05,0.00034033367898977636,0.00021672237421328197,-0.03775490047872804,-0.0027561160037510007,-0.008493766579981257,-0.00029668672440587627,-0.0022332608159394223,-0.0007002281086404911,0.01414044789424855,-3.005265660394111e-05,0.0013002664398429863,-0.001783612399517281,0.0,4.924758540467421e-05,0.00012257308457245652,-1.9734460843214722e-05,-0.00034394631660512285,-0.0002921030091646911,0.0015425755488150815,0.0013270656488940898,0.0008519944838193906,0.0034207606914250176,-0.0014164338573756559,-0.0010328691948672832,0.0005881660322906901,0.0006415554703375452,0.0004839732172380014,2.941890152165756e-05,5.339521788519642e-06,-0.0006467828584517493,-0.002661526940471089,0.0037596010154776136,0.002126586872050152,9.67184149727231e-05,-0.001233938107360103,-3.357918909495779e-05,-0.0005710902049528099,-0.0002924672773777946,-0.0009773385073201207,0.00044169946512912715,1.583559630329083e-05,-0.0031472629807979494,-0.0014935034192754618,-0.00018500899705922418,0.00013037600662215814,-0.001478730735813148,-0.00037665990266192166,-0.0014376420060661134,-0.00018212446586984447,-0.00027779241383381207,0.0,0.0007971791296242247,0.002110939039823787,-0.000328613011412661,0.0004402179559058404,8.426234818182975e-05,-0.0005500120101200833,-0.000593699754279987,7.992713760889498e-05,-0.0015148563081822475,0.00026593911180781873,-0.0004973622453258296,0.0016679362382339032,-0.0012149737858463236,-0.0004305797896546978,-0.00032052456664429776,0.00022345622830201238,-0.0003533140499438817,-0.00012916566088906425,-0.001531076614164593,7.903420281878861e-05,-0.00026267575145218344,0.0004268564905796099,-0.00017218151569340845,-0.0014785168598969848,0.0005645991364479692,-0.001796441531938758,-0.00014767454006193298,9.741449621612498e-05,0.0006733041327878514,-0.0010803330602525765,-0.0014825181226361095,0.0003332704394834588,-0.00020652551352020183,3.7163827564167886e-05,-4.904172920560316e-05,-9.559966180728565e-05,0.0006646715310142764,0.0,0.0,0.0,0.0,0.0,0.0,0.0,0.0002140068443999946,0.0,0.0,-0.00022155383821705112
2025-06-25,0.00046812707160063713,-0.0003798438404713297,9.867653352988206e-05,0.0023835112786778174,0.001457588668318077,-0.0010246792123044454,0.0,-2.9263916364129364e-05,-6.089345458120045e-05,-0.0002957081879560202,-2.0874630715139916e-05,0.00010317492347137437,0.0001853317690780186,0.01352889242689504,0.0036962287378197634,-0.0007467518623591602,0.00010609073013694805,0.0052640290715209774,0.0003816872512534403,0.015920244676085868,-1.814808205735952e-05,0.001976264217277785,-0.0006819639764681102,0.0,-4.0224330462985975e-05,0.00017447319188823956,-1.9734460843214722e-05,-9.759913332657778e-05,-0.00012831832941662819,0.0015389482976230614,-0.0008470993202050895,0.0003820910540711852,0.004340143190968234,-0.0008907141762112317,0.0035139760634381946,0.0005578952390874242,-7.855871892622593e-05,0.0006042829079456558,2.709382885757683e-05,8.93128259712649e-06,-0.0025237211516116855,-0.003898172602687641,0.003004417068567111,0.0023959868715396804,9.67184149727231e-05,-0.0018127046163354935,-0.00033453178827106507,-0.0025276695410139625,-0.0010831027403995102,-0.0008379750147328931,0.0006238908942533929,-0.000591747197454764,-0.0031472629807979494,-0.0010019575587920959,-0.00017647091493244504,0.00038634504241088856,-0.0012683551937223007,-0.00013054421567522704,0.0013687820487037555,-0.00018212446586984447,0.00012029519278026678,0.0,0.0006270538334745538,0.0012009423427685776,0.0011829547453448763,-0.0005883523972667342,-0.00030355498669707256,-0.0005769179935089802,-0.0005807254042920862,-0.0003402750500032127,-0.0008719343909040005,8.990581849064902e-05,-0.000112780327706331,0.0024277067590432137,-0.0011533817392792168,-0.0006599473981643751,-0.00044874538870905937,0.0005210283483371572,-0.0004268582904306265,0.00010891808047234553,-0.0009114707522127126,4.535217789907376e-05,0.0010085375806393165,-0.00048190173758519677,0.0016107814145590953,-0.00027083973608114985,0.0006311646443366301,-0.001000249340485428,-9.176255328826436e-05,0.0002821250893511665,0.001046316430992505,-0.0011816576060743916,-0.0008063707854443371,0.0005279000997213091,-0.0002636331802376184,-7.188456462339528e-05,0.00043647121855266665,-0.0013221208710039326,0.00010234602743172968,0.0,0.0,0.0,0.0,0.0,0.0,0.0,0.00011244412367954868,0.0,0.0,-0.00022155383821705112
2025-07-02,0.0009465205079494583,0.000665536825921263,0.0003553452720894223,0.0014022595445984348,0.004132922067462551,-0.0016007335759052658,0.0,0.00010035039055288474,-6.089345458120045e-05,0.0002370317699861039,7.215543304941129e-05,-6.684386404845621e-05,-0.0012249957845457409,0.028908731983583395,0.0032417048348402826,-0.0011888251064330084,8.830215743477417e-05,0.006154597196674381,0.0005133204439382121,0.015352429517079427,-1.814808205735952e-05,0.0012822024938933141,0.00048518105312199574,0.0,0.00017503094354388407,3.411421601533902e-05,8.504476553380969e-07,-5.0278324226090646e-05,9.487879102768562e-05,2.9236344812046987e-05,-0.00020295127037227935,8.439321780011391e-05,0.004017848170971686,-0.0009553781797974031,0.0036725592586750767,0.0006289148077414115,-0.000669696009595704,0.0006042829079456558,-3.017812035906441e-05,8.93128259712649e-06,0.0003616887985639902,-0.005199255855306443,0.005845763094064256,0.0008574795164621185,0.0003616600739188456,-0.0008560866071672737,-0.0012470406759203592,-0.007189967279734679,-0.0004317067584895845,-0.0008265395397723256,-0.0006503683618189839,0.00024486101333764005,-0.0028050850953061394,-0.000817321183774148,-0.00017647091493244504,0.0002873686778065043,0.0003873941375153503,0.000855855515734183,0.0024959217443620355,-0.00047340705163810825,2.171083990901077e-06,0.0,-0.0005611430658553278,0.0013030675647347503,-7.398552985238283e-05,-6.0882407619318274e-05,0.00032493920719002046,0.0011985893914057482,-0.0001653163668454443,0.00010981299093376745,-0.0013385268064664264,8.990581849064902e-05,-0.001085516009210316,-0.001457172154735976,-0.001556355028895809,-0.0002921410196052038,-0.0013245089317595598,0.0002673316361625805,6.698767118289416e-05,-0.00011422463743316187,-0.001680782426740751,0.00026238387033599044,0.0011504349242947528,-6.1530859521053034e-06,-0.0003149390952869352,0.0004147440209939999,-0.00021210393634576427,-0.0006192792619674565,-0.00031098387321811525,0.00014319566340551782,0.0005603470012213609,0.00116960972078724,-0.0021270137053506183,-0.0001522296769454524,-0.00012728101282879128,-3.782028349652258e-05,-0.0016573206314111025,-0.00031389763162932707,-0.0003914941967127285,0.0,0.0,0.0,0.0,0.0,0.0,0.0,0.00011244412367954868,0.0,0.0,-0.00022155383821705112
2025-07-09,0.0009293898256426006,0.0006941631578029932,0.0003452512148159392,0.00021093886912603197,0.0025722346382768945,-0.0014582194402719827,0.0,-3.2355916687416504e-05,-6.089345458120045e-05,0.0003284295650748696,-0.00016482026723470456,0.00017599558816362837,-0.00015057873968582475,0.028104670458238154,-0.0020997439356396047,-0.0015559001737633622,0.00010609073013694805,0.005538374622814954,0.00011990828689125392,0.015547751720207587,-2.4915114098448342e-05,-0.00040756767047181263,0.00037350193482048387,0.0,0.00017503094354388407,-0.0001421947445207867,8.504476553380969e-07,-1.9264331888036954e-05,-5.260699646322173e-05,7.814607754595431e-05,-0.00020102782212325868,8.439321780011391e-05,0.003948706459409683,-0.001223740896261168,0.003632952405389335,0.0006289148077414115,-0.000669998205756914,0.0006042829079456558,-3.017812035906441e-05,8.93128259712649e-06,0.0004949068091258771,-0.005597358463388354,0.005522153598610712,0.000751836244350471,0.0003616600739188456,-0.0008560866071672737,-0.0012470406759203592,-0.007283542452223664,-0.00030029867648498923,-0.0008379750147328931,-0.0008235066091196346,0.00024486101333764005,-0.0028050850953061394,-0.000817321183774148,-0.00017647091493244504,0.0003671890006572675,0.0003317413681415605,0.0008717480128014982,0.0019735016547975078,0.00026349613251115824,-0.0001513049649873439,0.0,-0.0005611430658553278,0.0009485105055541232,-7.398552985238283e-05,-9.717784989692136e-05,0.00025298931627942915,0.0011985893914057482,-0.0001653163668454443,0.00029707237011649713,-0.0010084117015024265,8.990581849064902e-05,-0.00019473995220070607,-0.002058812972137977,-0.0015755090714780688,-0.0002921410196052038,-0.0014946396304469963,-0.0002993901233097341,-0.0003297440664727685,-0.00011422463743316187,-0.0008505810055459961,7.46232485900983e-05,0.0001608539668172804,-0.0002918406061486119,-0.0003149390952869352,-0.001101624273184713,-0.00021210393634576427,-0.0006192792619674565,-0.0003473287979566336,0.00014319566340551782,0.0005047864909512507,0.001110924989485345,-0.0017969307925330324,-0.0001522296769454524,-0.00012728101282879128,-3.782028349652258e-05,-0.0016573206314111025,-4.6342645228709516e-05,0.00032153022422518464,0.0,0.0,0.0,0.0,0.0,0.0,0.0,0.00011244412367954868,0.0,0.0,-0.00022155383821705112
2025-07-16,0.0005153850016875401,0.0005933108930934959,0.00026811965076089,0.0008691489548296662,0.003043295603396946,-0.0018775552660733083,0.0,4.991340726011591e-05,-6.089345458120045e-05,0.0003284295650748696,7.215543304941129e-05,7.54537602710638e-05,-0.001862796539009353,0.02836136651820353,0.0030296122529638236,-0.0011437563009618593,0.00010609073013694805,0.00581524134728774,0.000496200372746677,0.01447665746460398,-1.814808205735952e-05,-0.0003074620313217319,0.00039247110536828005,0.0,0.00015299407010692026,-0.0001421947445207867,8.504476553380969e-07,-8.202936790899611e-05,-5.260699646322173e-05,2.9236344812046987e-05,-0.000246597076222477,6.568960908638077e-05,0.003995351088414761,-0.0009553781797974031,0.003913790603660841,0.0006289148077414115,-0.0007422214948894048,0.0006563129943715913,-3.017812035906441e-05,8.93128259712649e-06,0.0004888112168397618,-0.005756581398210417,0.005845763094064256,0.0010634626380252772,0.0003616600739188456,-0.0008560866071672737,-0.0012470406759203592,-0.007278850929261934,-0.00037459526194478105,-0.0007320355041273307,-0.0008235066091196346,0.00024486101333764005,-0.0028050850953061394,-0.0008068061401088444,-0.00017647091493244504,0.0003671890006572675,0.0003317413681415605,-0.00022865831793768653,0.0013313150978059816,0.00036210182269933805,-0.0005351610991844646,0.0,-0.0005611430658553278,0.001216331478515498,0.00015254307730331966,-0.00012985129129651187,0.00019394944014817353,0.0011985893914057482,-0.0001653163668454443,0.00029994391829629095,-0.0009092421908946508,0.0003214794826677387,-0.0003281742075661934,-0.0017198297674189086,-0.0015755090714780688,-0.0002921410196052038,-0.0013245089317595598,0.0002673316361625805,-0.0009024116919635994,-0.00011422463743316187,0.00034630977229215844,1.5239085754195531e-05,-5.312476053350324e-06,-0.0006334410662868494,-0.0003149390952869352,-0.0008271723002639461,-0.00021210393634576427,-0.0006192792619674565,-0.00037399795439344203,5.5499438812720866e-05,-2.258627769862777e-05,0.001110924989485345,-0.002081821733630258,-0.0002722312604432781,-0.00011014990171717942,-0.00012530647563935147,-0.0017371864152551139,-3.5785199831292325e-06,-0.0005100384541585967,0.0,0.0,0.0,0.0,0.0,0.0,0.0,0.00011244412367954868,0.0,0.0,-0.00022155383821705112
2025-07-23,0.0009091405139067564,0.0006941631578029932,0.0003452512148159392,0.0010794087853432783,0.0025722346382768945,-0.0016255233328347463,0.0,-2.0794089745058442e-05,0.00010141251119792493,0.0001177968696250508,7.215543304941129e-05,0.000379426654801996,-0.00028762823706532164,0.007002807866902907,-0.0037046855937288596,-0.0005992535684543808,0.00010609073013694805,0.004846907090264444,0.00012808215773159364,0.014480391649550731,-1.814808205735952e-05,-0.00044745240621321577,0.0022397763833487037,0.0,0.00018054383341214753,-0.0001310791526435955,8.504476553380969e-07,-0.00012659949981843807,-5.260699646322173e-05,0.0005235676290874753,-0.001033633772153175,-0.0005338472763376578,0.00362663436539254,-0.0018351407810902054,0.003369941144122756,0.0006289148077414115,-0.009727102863242397,-0.00039089431229123565,-0.0007979641958122747,8.93128259712649e-06,0.0017593506648845448,-0.006175923398513341,0.0051281299233688895,0.0012059508015555942,9.67184149727231e-05,-0.0014930905953600322,-0.0012470406759203592,-0.00808738707595188,-8.907228276317671e-05,-0.0007203987757957877,-0.0014790827206430514,0.0003461913066766288,-0.0026581293067789156,-0.0008412579608232365,-0.000174247903025993,0.0003671890006572675,-2.1480186653941643e-05,0.0004421525866152492,0.002521896040614111,0.00023049010555136948,0.0008671018174606733,0.0,-0.001071936562268189,-0.00026504285908526153,-7.398552985238283e-05,8.267871377061401e-05,0.00018789815264912442,0.0014530427499822452,0.0003328507141044985,0.0002929786891748709,-0.0009803202575616671,0.0003214794826677387,-0.00012212264576108957,-0.0016890892939625047,5.753580437043004e-05,-0.0006599473981643751,-0.0009722325913755586,0.0005210283483371572,0.000758420270663861,9.938633081114787e-05,-0.001133544366854018,-0.0015065540602846425,-0.000353961743287519,-0.0013172410545507292,-0.0003735458901334784,-0.0010670819141757944,-0.00014907696837909078,-0.0006192792619674565,-0.0004517675907390343,5.5499438812720866e-05,0.00046473655695058156,0.0011238104297869873,-0.0020489131070905915,-0.00027064136194890006,-0.00011014990171717942,-0.00015766654380992574,-0.0018551216324624864,-0.0005589155572603478,-0.000507926363348048,0.0,0.0,0.0,0.0,0.0,0.0,0.0,0.0002140068443999946,0.0,0.0,-0.000163139898646598
2025-07-30,0.0009027910048263281,0.000516765754154483,4.935042955584316e-05,0.0010542356332050589,0.003043295603396946,-0.0016668825840294272,0.0,4.991340726011591e-05,0.00010141251119792493,-8.39296250577709e-06,-2.0874630715139916e-05,0.00010317492347137437,1.2095342389841412e-05,0.02311079187231956,0.003233905602093577,0.009357064374289402,0.00010609073013694805,0.008182290075342203,0.0005953149584913329,0.014735653161166313,-1.814808205735952e-05,-0.00034800430545840457,0.002117137790331176,0.0,-3.302698677521088e-05,6.0672847008416846e-05,0.00010996853198758596,-0.00013721230123645334,-6.89207949186385e-05,0.0015389482976230614,0.0007036931912176999,-0.0006655012058835354,0.0023998714467129323,-0.0017221593481789401,0.003676465764892922,0.000339965812818308,-0.010533211028030742,-0.0006116712475904323,-0.0007979641958122747,8.93128259712649e-06,0.0006789357723921666,-0.005970681414046757,0.005047128441364095,0.0005919958618154305,9.67184149727231e-05,-0.001634649786321269,-0.002496072092810576,-0.00889215637355748,-0.001593008920754678,-0.00043482605353046893,-0.0007042190071874952,0.00020755081550155024,-0.0026750896124728965,-0.0008872878988020781,-0.000174247903025993,0.00038634504241088856,-0.0006022795885684737,-0.0004744354567680687,0.004465426129386714,0.00038819084055770754,0.0008671018174606733,0.0,-0.001071936562268189,-0.00011303736280644002,-0.0007551122076371635,0.00037683300994402285,3.675432373493839e-05,0.00013900275442769823,-0.00029981009757842745,0.00010981226670385643,-0.0010149500357042038,0.0003214794826677387,0.001398312899704146,0.004562129330950853,-0.0005657612390895428,-0.00022020854167528932,-0.002087396400243346,0.00019032407413318724,0.00012765779363226574,-0.0004267351796695499,-0.0008775512227719635,-0.0014578020656307467,-0.000353961743287519,-0.000913042384852629,-0.0003735458901334784,-0.0010825813586560734,-0.0002567993249734889,-0.0004153678395133304,-0.00011399526420538758,0.00012831541037078707,0.00011854374409396887,-0.0008878159457598013,-0.0017014109010498083,0.00023297599385862377,-0.00011014990171717942,5.54056589670011e-06,-0.0005044807151261279,-0.0005589155572603478,0.000244245459479327,0.0,0.0,0.0,0.0,0.0,0.0,0.0,3.470415738418331e-05,0.0,0.0,-0.000163139898646598
2025-08-06,0.0008169242551847552,0.0005202827693854988,-0.00012747346085441444,0.0015240192718323521,0.004132922067462551,-0.0008837061950204622,0.0,4.991340726011591e-05,0.00010141251119792493,-0.00011725990321164771,-2.0874630715139916e-05,4.9092372265675e-05,0.00013297947799069943,0.03225229015767161,0.005213234316186652,0.018438699784229233,0.00010609073013694805,0.006732123863176331,0.000530093394392111,0.015283784514535336,-1.814808205735952e-05,-0.001427807130072698,0.0017742300067216698,0.0,-4.0224330462985975e-05,-0.00011563611352770888,7.86102027074176e-05,0.00013236748416778235,0.00011202569408758401,0.0009264895451718267,-0.0004015435375859436,-0.0006758763102779999,0.0024634547484178554,-0.0017221593481789401,0.002703891911183895,0.0004708469745378544,-0.007939992454127603,-0.0006338546437368397,-0.00020728462428884064,1.5494636923615565e-05,-0.0016184571257476519,-0.004631790246095183,0.0024832501080251975,0.003399367566171628,0.00037121612315527987,-0.001412587147322099,-0.0005431845383252561,-0.007315695067431206,-0.001468862209601512,-0.0006033014289578155,-0.00156879654270676,-0.0013334442732099766,-0.0032416703194255523,-0.0007102802914877322,0.0002259860714107467,0.00038634504241088856,0.000353519641197637,0.0002495772901028888,0.003990321083746193,0.001629662369273289,0.0008671018174606733,0.0,-0.0010775295628228257,0.0013030675647347503,0.0003324929280722896,0.0008221572494309005,-0.0007947757788068297,-0.00044494168682078034,-4.995982425026288e-05,0.000294548465734832,-0.000383610243747159,0.0003214794826677387,-0.0003726927151482206,0.00705578419837041,-0.0007030619222818613,-0.00038052556073796576,-0.000706438540963853,0.00019032407413318724,-0.0003883428253204084,-5.473235041957392e-05,-0.0003719913984805436,-0.0004357386641186979,-0.0004912393013113788,5.3353967038660536e-05,-0.0003149390952869352,0.0004625501078484555,-0.0002553120435594371,-0.0006651349889657552,-0.00017748152287956197,5.44202582992395e-05,-0.0006203553145079139,-0.0007245043698396854,0.0002603387228246369,0.00011824554796946286,-0.0004488824838818069,-0.00042401651227474095,-0.0016095276179481982,-0.00012883690461334954,-0.00012533809697263095,0.0,0.0,0.0,0.0,0.0,0.0,0.0,-0.002122928688485704,0.0,0.0,-0.000163139898646598
2025-08-13,-0.000950074280147284,0.0003908041727942713,-2.7781134499206054e-05,0.0014908183876911083,0.001190047228610418,-0.0015305153744387984,0.0,2.964289354771039e-05,-6.089345458120045e-05,0.0006855105796223893,0.00021610106956897592,0.00040006558101171813,-0.000893189356279684,0.03296165528416107,-0.0037555859744085813,0.009530422519677416,-0.00029668672440587627,0.006520061357423905,-0.0003784480001089746,0.015090777383322299,-1.814808205735952e-05,-0.000435711801500039,0.0020111446757960475,0.0,-4.0224330462985975e-05,6.0672847008416846e-05,7.86102027074176e-05,0.0007615916230220045,0.00042851032506133424,0.0008775798124379194,-0.00067921981103023,-0.0005329651696212682,0.002657740583536498,-0.0018351407810902054,0.0032959168743653695,0.0005011177677411203,-0.007970388232254363,-0.0005755090188877381,-0.0007802305550727184,3.994459712591724e-06,-0.001737764452072059,-0.006043419819358855,0.0024553763527008043,0.004377310908335988,0.00037121612315527987,-0.001412587147322099,-0.0005431845383252561,-0.00800174683174701,-0.000969063249220007,-0.0005986304102660884,-0.0017112691592295884,-0.0015352396974506006,-0.0032416703194255523,-0.0007237107146205505,0.0002259860714107467,0.0004661653652616518,0.000141218821516014,0.00026546978717020397,0.004461151832888591,0.001274828819360592,0.0011363655812687166,0.0,-0.0012306131247099461,-0.000380858335767815,6.12083524820587e-05,-0.00012204855366546872,0.0004160295015832624,-1.092890957252517e-05,0.0001868768567641881,0.00010981226670385643,-0.0008911081901698299,8.990581849064902e-05,-0.0003769346379055142,0.0067152549317933295,-0.0009598660690620111,-0.00038052556073796576,-0.0008765692396512896,0.0002673316361625805,0.000758420270663861,0.0004504751688380635,-0.0013704540713462138,-0.0008613722546362532,-0.0004271381008121556,1.0876534093823091e-05,-0.0003149390952869352,-0.0010042250237848123,-0.0002553120435594371,-0.0006651349889657552,0.0004964056267373925,0.00018462672606305494,1.8969876165985007e-05,-0.0006264597975655583,4.807633217681011e-05,-0.00020247726795212718,-0.0004488824838818069,3.836286249768036e-05,-5.0289163974778436e-05,-0.00012883690461334954,-0.0009208815033105651,0.0,0.0,0.0,0.0,0.0,0.0,0.0,-0.002122928688485704,0.0,0.0,-9.442793489260877e-05
2025-08-20,-0.00104783915159102,-0.0004064085909950019,-2.7781134499206054e-05,0.0014502706673800126,0.001190047228610418,-0.0015305153744387984,0.0,2.964289354771039e-05,-6.089345458120045e-05,-1.0115057746994964e-05,0.00021610106956897592,0.0003530652667966072,-0.0009286567305123019,-0.00668468317713844,-0.0035831981934025337,0.010148612388749841,-0.00029668672440587627,0.006727937890713247,-0.0007504361314273669,0.01532435878408985,-2.4915114098448342e-05,-0.00039516952736336637,0.0016164791483076432,0.0,-7.818775035196367e-05,6.427954572286395e-05,7.86102027074176e-05,-5.887749979791253e-05,0.00011202569408758401,0.001490038564889154,-0.003112286180457216,0.0002284002529589857,0.0037580387498266656,-0.0018351407810902054,0.0032959168743653695,0.0005011177677411203,0.0008438140923425816,-0.0005517409335248848,0.0001751739319677666,3.994459712591724e-06,-0.0015696004515998346,-0.005531865988360392,0.0026014894516674155,0.003502712920714069,0.00020152569592807808,-0.0016049705750271483,-0.0005431845383252561,-0.004681670628171353,-0.0006859701948549229,-0.0007425320934623078,-0.0024166933521493923,-0.0012713147535178995,-0.0023108643777557418,-0.0004559687431470572,0.0002259860714107467,0.0004661653652616518,-0.0004243035529611113,0.0004339832105584346,0.002448307096842033,0.0013402446977853516,0.001250957951657794,0.0,-0.0012306131247099461,-0.000380858335767815,1.162655881302389e-05,5.780801000206665e-05,0.00047343896930868444,-1.092890957252517e-05,0.0001868768567641881,8.172885823125786e-05,-0.0004876430229685543,8.990581849064902e-05,7.159113441140307e-05,0.005883241136177117,-0.0009598660690620111,-0.0006192864729273086,-0.000606028044946168,-0.0002993901233097341,0.00029101786261288284,-0.0006675313974750741,-0.0013704540713462138,-0.0010555763104117492,-0.0003973769649984742,0.00014158634468845648,-0.0003735458901334784,-0.0008066893639886451,-0.0002553120435594371,-0.0006651349889657552,-0.00048811251547755264,-0.00015416257308291723,-2.464227528371733e-05,-0.0008339808545022068,0.0002620988029561123,-1.0349044711655079e-05,-0.0004660135949934188,3.619200929384497e-05,-0.00037229589188163997,-0.0002686606151812551,-0.0008564071248157752,0.0,0.0,0.0,0.0,0.0,0.0,0.0,-0.0023941474060491102,0.0,0.0,-9.442793489260877e-05
2025-08-27,0.00067103403919213,-0.0004064085909950019,0.00013021588433405134,0.0014407228404530806,0.0010352698378110778,-0.001310436537932945,0.0,2.964289354771039e-05,-6.089345458120045e-05,-1.0115057746994964e-05,-2.0874630715139916e-05,0.0003530652667966072,-0.000254786423320872,-0.015546742994826633,-0.0020698554856605537,0.010209513593520793,0.00010609073013694805,0.006883747574949686,2.6194376801498098e-05,0.015637336282948427,-1.814808205735952e-05,-0.00039516952736336637,0.0013894309489053097,0.0,5.139395151671672e-05,6.427954572286395e-05,7.86102027074176e-05,-2.4787643909446134e-05,0.00011202569408758401,0.0015389482976230614,-0.003112286180457216,8.548911230225409e-05,0.0036079029048237676,-0.0017889201359571867,0.0034097152480286955,0.0005011177677411203,0.0012397874265948025,-0.0006100865583739864,0.00015744029122821029,3.994459712591724e-06,-0.0015696004515998346,-0.004753580447023137,0.0016215722517307356,0.0032686097735104293,0.00020152569592807808,-0.0016049705750271483,-0.0005431845383252561,-0.004700267330560919,-0.0015557696805413722,-0.00068573366379505,-0.0024166933521493923,-0.0012702805856547514,-0.0023108643777557418,-0.0004425383200142389,0.0002495600941620729,0.0004273904112354888,-0.0004243035529611113,0.0004339832105584346,0.0023127138780990753,0.0013402446977853516,0.0008235616341193518,0.0,-0.001904286497047829,-0.0008816617077240473,-0.0008046940013061983,7.872334537100328e-05,0.00035184443046728614,-1.092890957252517e-05,-4.995982425026288e-05,8.172885823125786e-05,-0.00045191389435506176,0.00015257865839202002,9.58101546052126e-05,0.005858527551249571,-0.0009598660690620111,-0.0006192864729273086,-0.000606028044946168,0.00019032407413318724,-5.069698410171581e-05,-0.0006675313974750741,-0.0017193003568265345,-0.001490287511126827,-0.0002503212886384163,-0.0007230683745540006,-0.00028611459318396827,-0.0008280757606002265,-0.0005936230166132032,-0.0006651349889657552,-0.00136415008315238,-0.00015416257308291723,-8.020278555382753e-05,-0.0008858221672785781,0.00043235367722211857,0.00017372189330509615,-0.0004488824838818069,-0.0004037023077660655,-0.00037229589188163997,-0.0005722007988072672,0.00048769142910579,0.0,0.0,0.0,0.0,0.0,0.0,0.0,-0.0023941474060491102,0.0,0.0,-0.000163139898646598
2025-09-03,-0.0014383643482518708,-7.697792150990693e-05,0.0001821838301395869,0.00030252393829514657,0.0012756582555618493,-0.001580935970451463,0.0,-0.00045547452961331933,0.000620253061668338,0.00015123022023138502,-9.335279211192786e-05,2.7072096817895783e-05,2.0784344267029905e-05,0.012686184127942448,0.00450150983592621,0.008646412752442517,0.00010609073013694805,0.006510588082247756,0.00012808215773159364,0.013555389193534712,-2.4915114098448342e-05,0.0006212796230355922,0.0021581490827163926,0.0,0.00021008802109303263,9.487820339572502e-06,1.2245973196332915e-05,-5.4406077375081616e-05,-5.260699646322173e-05,0.0005223960620411855,-0.0016251342898847478,7.32302531219429e-05,0.004832169544945683,-0.0014542468829787324,0.0031083358039331152,0.0004432666757396797,0.0008768533229166789,-0.0005533256227413307,0.0001751739319677666,-1.3235181500678315e-05,-0.00026298242737377074,-0.006865577712543873,-0.011509428324375902,-0.002443021739884792,0.00020152569592807808,-0.001769410759240552,-0.0008721718677084318,-0.006615543780593864,-0.0005138753514964088,-0.0006039037236989279,0.000988563394674494,-0.002480427398185621,0.0012642031206262475,-0.000806685956341462,-0.0005091768336947625,0.0004359362445032971,0.0003819640027611117,0.00012780068667950562,0.0021670415493959525,0.001145462746141324,0.000938154004508429,0.0,-0.0008261312420586168,0.0013030675647347503,-7.921359586036623e-05,-0.0001769140505199154,-0.000575586386723223,-0.00024056727836657956,-0.0002434509221983215,0.00011834727238523752,-0.00025900596464598297,0.00015257865839202002,0.001017439472387442,-0.003459132920174978,0.000562687793658742,0.00034254645257174304,-0.0017185847101538513,-0.0002993901233097341,-8.714203854911612e-05,-0.0001299554128563664,-0.0037150874734258946,0.00011585607067598274,-0.00018189895508015434,-0.00017017227642180223,-0.0003213199654870183,-0.000864419423843612,-0.0004407844787818827,-0.0004577744054596833,-0.00026049296192384643,-0.0006334176630795727,3.2977968587093133e-06,-0.0026228336827780483,-0.0016376600187788216,0.00021656660792906344,2.4886415436315643e-05,-0.00046863432517773874,-0.0006296020878713474,0.0002948048258743835,-0.001485104630719582,0.0,0.0,0.0,0.0,0.0,0.0,0.0,3.470415738418331e-05,0.0,0.0,-9.442793489260877e-05
2025-09-10,-0.0017105366598476534,-0.0003822191828958762,0.00016919521229693494,7.149586104983178e-05,0.0005472727535426156,-0.0004734564279225953,0.0,-3.571537100308252e-05,0.000620253061668338,0.00015123022023138502,0.00014970483864831306,0.00032368574913338015,-0.0009753662345790247,0.005158324444161643,-0.0015224360610922266,0.00842152505798661,0.00010609073013694805,0.0066392835104609966,-0.0008161484619078343,0.0047560693004027165,-2.4915114098448342e-05,0.0003246389428336161,0.0023417923647470118,0.0,8.551141111007032e-05,1.3094519054019608e-05,1.2245973196332915e-05,-2.4787643909446134e-05,-0.00048330467432337545,0.0006627691450652448,-0.0014183724404990014,-0.0001512826592899803,0.004847306587931012,-0.001946514080962398,0.0025287423380397573,0.00021302017356591475,0.000991387198338071,-0.001453441292137551,0.0001751739319677666,-1.3235181500678315e-05,-0.00023471913411086064,-0.007414206948426031,-0.012870389762577164,-0.002649098879097178,0.00020152569592807808,-0.0018180426698269545,-0.0008721718677084318,-0.006924254271395518,-0.0006085338326997952,-0.0009541207321048196,0.0012410949843065767,-0.0026036865788338017,0.000937616353614216,-0.0010195831606018746,-0.0005091768336947625,0.0006262410109630536,0.0003819640027611117,0.0007044427854487533,0.0027220061523213703,0.001145462746141324,0.0021980994477219422,0.0,-0.0009848078045003737,0.0005981409929026937,-0.0008955341559795884,0.0001690509853201616,0.0001121720242794146,-5.880651181114735e-05,-6.614241183870536e-06,8.329863479121895e-05,-0.0002501274809815195,0.0006130050385078724,0.0009867425684214844,-0.0032110206389703933,0.000611383123540628,0.00034254645257174304,-0.00283127867398551,-0.00017994125466087095,-0.00021514465334076407,2.3831195884488154e-05,-0.0010061643340754183,-0.00012919029667716268,-0.00034806539795078506,-0.00026073234498888843,-0.0003213199654870183,-0.001171864522543391,-0.00010515451871663235,-0.0002358615657987354,-0.00035737613601238594,-5.444137739058572e-05,0.0007177822357714034,-0.0024852452206144556,-0.001166019078761518,0.0002390145382758994,2.4886415436315643e-05,-0.00022967894496137958,-0.0006296020878713474,-2.655320806988159e-05,-0.0013697696338903602,0.0,0.0,0.0,0.0,0.0,0.0,0.0,5.2299192603674995e-05,0.0,0.0,-9.442793489260877e-05
2025-09-17,-0.0017105366598476534,-0.0003822191828958762,0.00016919521229693494,0.00016195346019916924,0.000261069939968382,0.000966501964865696,0.0,-3.571537100308252e-05,0.000620253061668338,0.0008468558576007694,0.00021610106956897592,0.0007134759237239804,-0.0006849457511770324,-0.006893099523403457,-0.0014865605741939973,0.005327809333083696,-0.00029668672440587627,0.0066392835104609966,0.00019997448369375433,0.002088705190108262,-2.4915114098448342e-05,0.0003246389428336161,0.002079423096567048,0.0,6.737487221762654e-05,3.910394344269691e-05,1.2245973196332915e-05,7.616382075873418e-05,0.000804097556151938,0.0005235676290874753,-0.002063523109305516,-2.9890897765571817e-06,0.004355543148173815,-0.001946514080962398,0.0025287423380397573,0.00021302017356591475,0.000991387198338071,-0.0016962303078477932,0.00015744029122821029,-1.3235181500678315e-05,-0.0005008931780348228,-0.007311049107699637,-0.012600812978877291,-0.0016932625248125843,0.00020152569592807808,-0.0015770273315355028,-0.0008721718677084318,-0.006667566809978221,-0.0005867171971764231,-0.0010075726852088705,0.0014221533181951935,-0.0026899868154032546,0.000937616353614216,-0.001024402650911197,-0.0005091768336947625,0.0006262410109630536,0.0004251667462057538,0.0019044704133799797,0.0032738651536646296,0.001145462746141324,0.0021980994477219422,0.0,-0.0009848078045003737,0.0009485105055541232,4.902285401181509e-05,-0.0004322614158839765,-0.000169436046869284,3.871436115538301e-05,-6.614241183870536e-06,8.329863479121895e-05,-0.0007937573132144,0.0006130050385078724,0.00047300934986122347,-0.0024716350950050397,0.000611383123540628,0.00034254645257174304,-0.002231230384220322,-0.00017994125466087095,-0.00021514465334076407,9.219976825332079e-05,-0.0020915692735204335,-0.00012919029667716268,-0.00034806539795078506,-0.0010409217229380742,-0.0003213199654870183,-0.0010469981802764628,-0.00010515451871663235,-0.0002358615657987354,-0.00035737613601238594,-0.0005940194226690788,0.0009549005370353539,-0.0022560221864246863,-0.0007272485762940557,0.0006273922190556338,2.4886415436315643e-05,-0.000775839895300467,-0.0006296020878713474,-2.655320806988159e-05,-0.002293039063399725,0.0,0.0,0.0,0.0,0.0,0.0,0.0,0.0002140068443999946,0.0,0.0,-0.000163139898646598
2025-09-24,-0.0006446926931438682,-0.0005805157631141792,0.00016919521229693494,-0.0005873619014107261,0.000261069939968382,0.0009267534704373208,0.0,-3.571537100308252e-05,0.000620253061668338,-0.00021428243666726693,0.00021610106956897592,0.00020769480583110946,0.0004470579703487579,-0.007941850915058571,-0.0019471484137763113,0.0015925371457977896,0.00010609073013694805,0.005833960040325348,0.00012808215773159364,0.0015222058227353417,-1.814808205735952e-05,0.0003044114605640705,0.002079423096567048,0.0,-9.470027022928496e-05,3.910394344269691e-05,5.4642432891536195e-06,0.00032377132359943575,-5.260699646322173e-05,0.00046782429487107204,-0.001964864977272899,0.0016044691279013378,0.004915694568748421,-0.001946514080962398,0.0035534364987305192,0.00021302017356591475,0.0012212435616881254,-0.001259496480385309,0.00015744029122821029,-0.00019862174926681242,-0.00025930282878174147,-0.007680532563202578,-0.012266245913432804,-0.0007595378552239491,0.00020152569592807808,-0.0022484128059828416,-0.0008721718677084318,-0.0063132856855656365,-0.001448238687601426,-0.0005047723270305072,0.0014221533181951935,-0.0019037426484823739,0.000937616353614216,-0.0007301115486822164,-0.0001431533581817663,0.0006262410109630536,0.0004251667462057538,0.0019044704133799797,0.0029180573440353266,0.001145462746141324,0.002083507077332865,0.0,-0.001333621550853353,-0.00041547671839006436,0.00033149441174732026,0.0001690509853201616,-6.097297517679423e-05,3.871436115538301e-05,-0.0002434509221983215,8.329863479121895e-05,-0.00019967523269494937,0.0006130050385078724,0.000289146187718577,-0.0022976645924094874,0.000611383123540628,0.00034254645257174304,-0.002231230384220322,0.0005210283483371572,-5.6499933852673985e-05,9.219976825332079e-05,0.0014522541373743181,-0.0015859648989042894,-0.00016613551319549427,-0.0010400556300712133,-0.0002771464636591981,-0.00078846620135334,-0.00010515451871663235,0.0004235154074466027,0.0007870193011280286,-0.00010554240227314935,0.0010178606616569174,-0.0018535695739924406,-0.001017613690671592,0.00012112118336838219,2.4886415436315643e-05,-0.0007068038633647963,-0.0006296020878713474,-2.655320806988159e-05,-0.0024415695974342433,0.0,0.0,0.0,0.0,0.0,0.0,0.0,0.0002140068443999946,0.0,0.0,-0.000163139898646598
2025-10-01,-0.0006738571920775243,-0.00042177228246164885,1.8346734342234296e-05,-0.0012677369842773387,1.1773457667996983e-05,0.0004315978250842846,0.0,-5.024440390602129e-05,0.00010141251119792493,-0.00011392122057724634,7.215543304941129e-05,0.00017371780163656823,-0.001434196002977924,-0.018689594417444638,-0.0024388367649065172,0.0047611799127613786,0.00010609073013694805,0.005558987253576005,9.202478611504769e-05,-0.0001128927681444935,-1.814808205735952e-05,-0.0005206320492759139,0.002839135199882492,0.0,-9.470027022928496e-05,3.910394344269691e-05,1.2245973196332915e-05,0.00030820155818185406,-5.260699646322173e-05,-0.0002513879456905317,-0.0025652559599617293,0.000632040427034666,0.004486692982271638,-0.0008891302933522651,0.0031002843448501623,0.00024329096676918062,0.0006966777571620758,-0.0012011508555362074,0.0001751739319677666,-0.00017742039314910677,0.0007699043279819672,0.000321722672280797,0.0011283350333252582,-0.004714699135422383,1.4735009117684694e-05,-0.002073587384371226,-0.0008931845482262425,-0.006705621846163803,-0.0013222344021610805,-0.000911496572908568,0.001156445204081057,-0.0005459424005745829,0.0013424735939498939,0.001410497534348571,-8.649297177044764e-05,-0.0013695030112669624,0.0005619306413123012,0.0027624224669631097,0.0023561612184495604,0.0012487398015022225,0.002083507077332865,0.0,-0.001904286497047829,-0.0007472580469386715,-0.00024160897319820126,0.00016774754766548568,0.00035507025876836554,-0.0001942168079697711,0.00016048673646904265,8.329863479121895e-05,-0.0012783741014419743,0.0006130050385078724,0.00016872380803641812,-0.001863817839314092,-0.0003684812990883207,0.0005331849439837049,-0.0019717823518889217,0.0002673316361625805,-0.0005962271325835585,-9.608276512242583e-05,0.0011773935357152058,-0.001723505091314955,-0.00044096427645144427,-0.0011973380904335014,-0.00028611459318396827,-0.0012782299097965275,-0.0001658524189902536,0.0002829183441836194,-0.0002885515668011369,-2.511352897646988e-05,0.0018116955485300327,0.0007886886065194281,-0.001659605038931097,-0.0005378248458393754,1.5064037453833617e-05,-0.00034101035474833785,-0.0014729653444333168,-2.655320806988159e-05,-0.002408956885996112,0.0,0.0,0.0,0.0,0.0,0.0,0.0,0.0002140068443999946,0.0,0.0,-9.442793489260877e-05
2025-10-08,0.0005129100414609547,-0.00011653102107567959,-2.3241775166154372e-05,-0.0006080782188803538,0.000166501623402841,0.000562781403015368,0.0,3.465400786187835e-05,-6.089345458120045e-05,-0.0006282391202337064,7.215543304941129e-05,-6.912165057551636e-05,-5.2356585345774656e-05,-0.010551679447140066,0.003318825638290414,0.008738923628111359,0.00010609073013694805,0.005426942021924196,0.0006104893100339288,-7.89506795562098e-05,-1.814808205735952e-05,-0.00025362914671082443,0.0014406411338439432,0.0,-9.470027022928496e-05,3.549724472824981e-05,1.2245973196332915e-05,-0.0007654780653657561,9.487879102768562e-05,0.00046782429487107204,-0.00260441850177912,0.0008320450240822707,0.004656373976031639,-0.00210144511325134,0.0038265847033752552,0.00024329096676918062,0.0009127471614881117,-0.0016569510881171148,0.0001751739319677666,-0.00017742039314910677,0.0010549437238347448,0.00048418555577496217,0.002116816474146223,-0.004724982256287583,1.4735009117684694e-05,-0.0020338258621777224,-0.0007369801258466846,-0.005768575987571523,-0.0007673063496837903,-0.0007737132010803239,0.0009902006472967098,-0.00015015409465290772,0.0013424735939498939,0.0015498284122371397,-7.573187773721644e-05,-0.0013695030112669624,-8.561550598893954e-05,0.0013881473064033104,0.0023386325820060234,0.0012487398015022225,0.002083507077332865,0.0,-0.002132130170454714,0.0016508443213535196,-8.143244990590243e-05,0.00012900454834270674,0.00012574233772016426,-0.0001942168079697711,0.0002852552432261628,0.00011834727238523752,-0.0007126004006756802,0.0006130050385078724,0.0003094048615880562,-0.002684692241479142,-0.0003684812990883207,0.0005331849439837049,-0.0024016999429666733,0.0005210283483371572,0.00029101786261288284,-9.608276512242583e-05,0.0009228594483655778,0.00037427621162976205,-0.0002312105221278435,-0.00014011315515357443,-0.00028611459318396827,-0.0009751791690145454,-0.0001658524189902536,0.0002829183441836194,2.8057898264305832e-05,-2.9813568703030795e-05,0.0020721452918584134,0.0006076691204508224,-0.0012181617607591136,-0.0004127814377972275,1.5064037453833617e-05,-0.00034101035474833785,-0.0010650503244292126,-2.655320806988159e-05,-0.0022695545226139972,0.0,0.0,0.0,0.0,0.0,0.0,0.0,5.2299192603674995e-05,0.0,0.0,-9.442793489260877e-05
2025-10-15,0.0004792965969827129,0.000516765754154483,-0.00011204605508668625,-0.0006568775242264485,0.000166501623402841,0.0005856522599769705,0.0,3.465400786187835e-05,-6.089345458120045e-05,-0.00011392122057724634,7.215543304941129e-05,7.317597374400366e-05,-0.00014808136041466545,0.004825276374007862,0.00319914616418327,0.00830859306902388,0.00010609073013694805,0.005426942021924196,0.0007209761705775835,0.001996884362101961,-1.814808205735952e-05,0.0004038595613188817,0.0018313680447500948,0.0,-9.616321913620175e-05,9.487820339572502e-06,1.2245973196332915e-05,0.00032751043790098906,-6.591363330238474e-05,0.00046782429487107204,-0.0016764916634403337,0.0006957022398987556,0.004699316307608892,-0.00210144511325134,0.004049026357557969,0.00021302017356591475,0.0009127471614881117,-0.0014028992479975606,0.0001751739319677666,-0.00017742039314910677,0.001153492465400047,0.00017323887108339762,0.0021983947512046512,-0.005043403404231987,1.4735009117684694e-05,-0.002122219294957628,-0.0007369801258466846,-0.0068554906847038445,-0.00040973470711056534,-0.0007737132010803239,0.0010021813006408586,-0.0006829463103519422,0.0013424735939498939,0.0015498284122371397,-7.573187773721644e-05,-0.0009669289901984606,-8.561550598893954e-05,0.0013881473064033104,0.0032524860194902043,0.0012487398015022225,0.002083507077332865,0.0,-0.001656888897594527,0.0009712862361861432,0.00015254307730331966,0.00014907729509003938,4.878656347960597e-05,-0.00040838815071254903,0.0002852552432261628,0.00011834727238523752,-0.0010770056540786836,0.0006130050385078724,-0.0005529220046275312,-0.0027756344348305335,-0.0003684812990883207,0.0005331849439837049,-0.0024016999429666733,0.00019032407413318724,-0.00033974461441871237,-9.608276512242583e-05,0.0009228594483655778,7.904641783973909e-05,-0.0002312105221278435,-0.00022141748325649866,-0.0003735458901334784,-0.0007594927479065849,-0.00010515451871663235,0.0002829183441836194,8.337679043793736e-05,-0.0001021440213949484,0.0021665287901560058,0.0006235328774877299,-0.0012066801464316553,-0.0001480478119021371,1.5064037453833617e-05,-0.00034101035474833785,-0.0009851845405852012,-2.655320806988159e-05,-0.0023109336792200346,0.0,0.0,0.0,0.0,0.0,0.0,0.0,5.2299192603674995e-05,0.0,0.0,-9.442793489260877e-05
2025-10-22,0.0006028542578362582,0.00031789256864067346,-9.573108688908255e-05,-0.0012012997036975122,-9.562870299060274e-05,0.0003013285755688664,0.0,-1.7480032015631413e-05,-6.089345458120045e-05,-2.6056643975371532e-05,-0.00016482026723470456,0.00017371780163656823,-0.0014749248041370224,0.005114197020819971,-0.0019349413974732803,0.008247112595453123,0.00010609073013694805,0.006178514440768723,0.00034468408472216054,0.001685235989759306,-1.814808205735952e-05,0.0004946540922029105,0.0020072060592137946,0.0,0.00021008802109303263,0.0001232881652193952,1.2245973196332915e-05,0.00046406081768738896,-6.591363330238474e-05,-0.0002024782129566244,-0.002012356710906004,0.0005954980413621496,0.0043035309465182,-0.0018550900514856187,0.0030885764165173493,0.00024329096676918062,0.0006754518831757608,-0.0005027835786013404,0.0001751739319677666,-0.00017742039314910677,0.0010796126284001546,0.0005594876907873254,0.0022291454601515094,-0.005024928014642719,1.4735009117684694e-05,-0.002122219294957628,-0.0007369801258466846,-0.006830794409972969,-0.0003168901917796504,-0.0007737132010803239,0.000981364319830505,-0.00037360603046824713,0.0013424735939498939,0.0007837237174621071,-7.573187773721644e-05,-0.0009669289901984606,-8.561550598893954e-05,0.0018640291287972876,0.002896986668625501,0.0012487398015022225,0.002083507077332865,0.0,-0.001656888897594527,0.00026635966435408653,-0.0002555867232866481,0.00022088889489349056,8.571258736331171e-05,0.00044350594726896673,0.0002852552432261628,-0.00033847332938084974,-0.00070688988957957,0.0006130050385078724,-2.682807800038925e-05,-0.0019173672981453694,-0.0003684812990883207,0.0005331849439837049,-0.002778268803289581,0.0002673316361625805,-0.00033974461441871237,-9.608276512242583e-05,0.0009110718140718015,-2.169642705886875e-05,-0.0003973769649984742,-0.00047187216001695837,-0.0003735458901334784,-0.0005676962315228857,-0.00010515451871663235,0.00012954068346429602,0.00010257194549464404,-0.00025804964284135116,0.0015713069801346312,0.0012350638444003229,-0.0016770798311920479,-0.00041030120227291203,-2.067073657778247e-06,-0.00034101035474833785,-0.0014729653444333168,-2.655320806988159e-05,-0.0017143988166341017,0.0,0.0,0.0,0.0,0.0,0.0,0.0,5.2299192603674995e-05,0.0,0.0,-9.442793489260877e-05
2025-10-29,-0.0006343373902246678,-0.00040118627415473395,-0.00011204605508668625,-0.0014319208611427044,1.1773457667996983e-05,0.0003959694462303818,0.0,-1.7480032015631413e-05,-6.089345458120045e-05,-0.00011392122057724634,-2.0874630715139916e-05,0.00013462482582434862,0.0001644527235809591,-0.014530812591160647,-0.003207492140459489,0.008874390306834524,-0.00029668672440587627,0.0069732528968551154,-0.0015157225819337453,-0.00023317858585501544,-2.4915114098448342e-05,-0.0003530772474656357,0.0013894309489053097,0.0,0.00016650377196842723,8.942957213299335e-05,1.2245973196332915e-05,0.00039773437653928164,-0.00021939883782753837,0.0005167340276049794,-0.002177414946115013,0.0002676917468649231,0.003990001918904194,-0.002214426546162606,0.0031302717242029056,0.0003425665685260019,0.0010403067118314666,-0.0005071648636705674,0.0001751739319677666,-0.00017742039314910677,0.000760229584131521,-0.00010886830397481162,0.0011433812599562269,-0.0051562531233916966,1.4735009117684694e-05,-0.002073587384371226,-0.0008931845482262425,-0.006404384983413738,-0.0018163950629637418,-0.0008976473937695386,0.0009902006472967098,-0.0008245678908061321,0.0013424735939498939,0.0012298141552582204,-7.573187773721644e-05,-0.0007509493284308885,-8.561550598893954e-05,0.0018640291287972876,0.002350917299918701,0.0012487398015022225,0.0021980994477219422,0.0,-0.0031230205744266284,0.0014121027388554457,5.3761432428539105e-05,-0.00042400993333637383,0.00023791713226799563,-0.00040838815071254903,-0.0005572730529890871,-0.00025334526130368,-0.0008472719037430801,0.0006130050385078724,0.0006790945006529543,-0.00036524921637000275,-0.00033582087700002514,0.0005331849439837049,-0.00257183064165411,-0.0002993901233097341,-0.0002816497628779481,-9.608276512242583e-05,0.0012924138022266031,0.0003341082389737991,-0.0002312105221278435,-0.0015733684622128,-0.00028611459318396827,-0.0013210754676116897,-9.969672778151873e-05,0.0002829183441836194,0.00019937593299991602,-1.6394041956080495e-05,0.002016584781588303,-0.0011024620262643319,-0.0012686962327716758,-0.0001480478119021371,1.5064037453833617e-05,-0.00026311858398070544,-0.0010650503244292126,-2.655320806988159e-05,-0.0017368019654347114,0.0,0.0,0.0,0.0,0.0,0.0,0.0,5.2299192603674995e-05,0.0,0.0,-9.442793489260877e-05
2025-11-05,-0.0008495314389227768,-0.0004960353060906645,-0.00023331828355234883,-0.0015982577608863588,0.000166501623402841,0.0009804643117323432,0.0,4.991340726011591e-05,0.00010141251119792493,0.00013103128504533644,-2.0874630715139916e-05,3.2875580377520754e-05,0.0007401336761713221,0.01334997570779105,0.004067701021724118,0.013258117025413388,0.00010609073013694805,0.007174619849657967,0.00023689064796426478,0.00019424289325261577,-1.814808205735952e-05,0.00010212598452932165,0.002023272600744826,0.0,-3.397208735947399e-06,1.3094519054019608e-05,-1.983778099589263e-05,0.0003385092969415212,2.526245976468929e-05,-3.078071443239703e-05,-0.0015115630247360381,0.0007822273302248699,0.004296235647391071,-0.00210144511325134,0.004031866023512575,0.00031229577532273606,0.0005438031915371425,-0.000828168809105262,-0.0008890807161104671,0.0001323784525708844,0.00044443234385044695,0.010363982762426912,0.0036198597935902304,-0.0022148255343959014,-4.4155683794608806e-05,-0.0022553607179304777,-0.0008197235400337988,-0.0034650164822756743,-0.0013885953411590577,-0.00039522530461615394,-0.0011184901235048146,-0.00043088748151611823,0.0017840326706652573,0.004851215240422736,8.878906582162629e-05,0.0004320114799738806,-9.70335294774933e-05,0.0021209364888362366,0.0029186387613427526,0.0010657982672145235,0.002083507077332865,0.0,-0.0003582003001626189,-0.00016645649441811191,0.000315774999454426,9.24498928467707e-05,-0.0005494621014166403,-4.638937744285106e-05,-0.0007962637443353035,8.172885823125786e-05,-0.0009462881136202547,0.0006130050385078724,0.0003991096036129833,8.782813204633174e-06,5.5198199301036e-05,0.00028595093871338256,-0.0011712653229749488,0.00019032407413318724,0.00012627699265899058,-6.730500544758609e-05,0.0011026329404980617,2.1678626091446487e-05,-0.0002503212886384163,-0.00010760453796543822,-0.00037829530211491,-0.0017762628660576523,0.00010562096312350229,6.168270405410584e-05,0.00016224635479620693,-0.0001474343024244906,0.0019340977645519266,-0.0010240072437927685,-0.002084456765884078,-0.0005789655350426833,-3.148505376447558e-05,-0.0006730173502147825,-0.0008250127227941972,-0.00041858127579287347,-0.0012622165273175113,0.0,0.0,0.0,0.0,0.0,0.0,0.0,3.470415738418331e-05,0.0,0.0,0.001283856695910058
2025-11-12,0.0006722149954615993,-0.00019079404470469518,0.00037182433359109267,-0.002086984327139054,0.000166501623402841,0.0007009034966101766,0.0,0.00010035039055288474,0.00010141251119792493,0.00021889586164721125,3.81517265697115e-05,3.2875580377520754e-05,0.0007401336761713221,0.031450239623047695,0.00240411005809068,0.01746120601453425,0.00010609073013694805,0.007174619849657967,0.0002823157014622709,0.0003870533852865217,-2.4915114098448342e-05,0.00010514468351847012,0.0021290400154116798,0.0,-2.1533747628391177e-05,3.549724472824981e-05,-1.983778099589263e-05,0.00030495272868061047,3.85690966038523e-05,-0.0007397997778208348,-0.0001437534990285854,0.0007822273302248699,0.0033048180323268753,-0.00210144511325134,0.00339558399311576,0.0003425665685260019,0.0008241088531608687,-0.000828168809105262,-0.000807823410818571,0.0001365771689748071,0.0003799419670880151,0.011038232390999353,0.003986948994096745,-0.0021284335115003953,-0.0001701259726489551,-0.002240737327605929,-0.0008197235400337988,-0.0029868245920638232,-0.0013145441694975733,-0.00039522530461615394,-0.001068041379867176,-0.0003233426258730471,0.001519222693347234,0.004851215240422736,8.878906582162629e-05,0.00044658680704964766,0.00045606614774215773,0.0020201762124609658,0.0027695707298169697,0.0001791602884116389,0.0021980994477219422,0.0,-3.893367473235211e-05,-0.0001970354940245821,7.093307188140149e-05,-8.740667082076466e-05,0.0006070905613296846,0.00043186391678232935,-0.0007962637443353035,0.00011677749582527642,-0.0002804739023631538,0.0006130050385078724,0.0010012543953606104,-0.00044925801989958856,0.00029284830349892604,-6.576311724146213e-05,-0.0012590531779022862,-0.0002993901233097341,-1.7256221326573766e-06,-1.112707661953e-05,0.0009131902440306541,2.1678626091446487e-05,-0.0002503212886384163,0.00030369477174673344,-0.0001866014302876928,-0.0017762628660576523,0.00010562096312350229,6.168270405410584e-05,8.773230756586872e-05,2.532974591061414e-05,0.000705266045723292,-0.0009945276803397611,-0.000632936314274674,-0.0006013379536491136,1.8621916387523668e-05,-0.0005985307919681681,-0.0018788974084030113,0.00011686989215361061,-0.0014310697136995323,0.0,0.0,0.0,0.0,0.0,0.0,0.0,3.470415738418331e-05,0.0,0.0,0.001283856695910058
2025-11-19,-0.0008813954783198989,-0.00019079404470469518,0.0005423636236480168,-0.0015446557921762537,0.0001665508484673373,0.0006345617034710681,0.0,2.964289354771039e-05,0.00010141251119792493,0.00013103128504533644,0.00021610106956897592,0.0005436465781378484,0.000803462031150016,0.017713612075339065,-0.0021971916231316524,0.017588583849171766,0.00010609073013694805,0.007174619849657967,0.0005367995593362303,0.00041686912167495055,-1.814808205735952e-05,-1.697955929786196e-05,0.0022601872698192033,0.0,-2.1533747628391177e-05,3.549724472824981e-05,-1.983778099589263e-05,0.00034043814344149505,3.85690966038523e-05,-7.969044716630436e-05,-0.0004736094743472393,0.0007315157761298648,0.0032655802242986024,-0.002214426546162606,0.0017889509139533025,0.0005881660322906901,0.000882872454539887,-0.000828168809105262,-0.000807823410818571,0.0001365771689748071,0.00019757899121361017,0.00978527393808016,0.004321368215837404,-0.0028942772675380206,-4.4155683794608806e-05,-0.0022067288073440755,-0.0008197235400337988,-0.004204306213601378,-0.0013006790722964452,-0.00039522530461615394,-0.001068041379867176,-0.0003233426258730471,0.001457445903653226,0.004807725687946392,8.878906582162629e-05,0.00044658680704964766,-0.00010945622673496749,0.002036068709528281,0.0012926355685404453,0.0010657982672145235,0.002083507077332865,0.0,0.0005622465592622459,0.00016739989019722918,0.0003605309678889544,-0.0004605645888323099,0.0001033955716677989,-0.000214655538650481,-0.001443498876103468,0.00011834727238523752,-0.0003564157193708049,0.0006130050385078724,0.0010586377856056125,-0.00016279060816332336,0.00029284830349892604,8.331417119157748e-05,-0.00123162941599102,0.0005210283483371572,-1.7256221326573766e-06,-3.6165318584735907e-06,0.0011026329404980617,-2.7073368562449318e-05,-0.0002503212886384163,0.00016671336079534507,-0.000245208225134236,-0.0017762628660576523,-0.0003085011678113941,6.168270405410584e-05,5.138738282735039e-05,-0.00017986789008125464,0.0013115100961206558,-0.0009945276803397611,-0.0021263493314168306,-0.0003167121446719084,-3.148505376447558e-05,-0.0005985307919681681,-0.0013781466957875882,-2.655320806988159e-05,-0.001531875907514336,0.0,0.0,0.0,0.0,0.0,0.0,0.0,3.470415738418331e-05,0.0,0.0,0.001283856695910058
2025-11-26,-0.0010617638054798099,-0.0006354827432302091,0.00031094004368613436,-0.0016013852629380206,0.0001665508484673373,0.0005805683533086563,0.0,2.964289354771039e-05,0.00010141251119792493,-0.0002783118351813753,3.81517265697115e-05,0.00045376080031125216,-0.0011823870688980071,-0.009269928920952323,-0.0035892250947999983,0.008598790805684655,-0.00029668672440587627,0.006683843877568667,-0.0017601078989114296,-0.0027712087344137827,-1.814808205735952e-05,0.00012118573278674163,0.0018694603589130515,0.0,-6.444149573087002e-05,3.910394344269691e-05,-1.983778099589263e-05,0.00039773437653928164,-0.00045928750282383314,-0.0010879614030921488,-0.0022066734520096313,0.00034645470870191643,0.004213086083934207,-0.0021696569210158494,0.0024185804142056104,0.0003425665685260019,0.00021623601887244066,-0.0006585147844441256,-0.0008890807161104671,-0.00018139210805354238,0.00018985963776714705,0.008948700141956811,0.0047554505503424145,-0.0023134550243571255,-4.4155683794608806e-05,-0.002286219806764604,-0.0008197235400337988,-0.0032743718970521035,-0.0006806983702668637,-0.0007690421823885969,-0.0017846123685713428,-8.853884392611132e-05,0.0017840326706652573,0.004615398236048185,6.521504307030007e-05,0.00044658680704964766,-0.00010945622673496749,0.0015210605562543968,0.0024064103502566356,0.0010657982672145235,0.002083507077332865,0.0,0.0005266980404169512,0.000939943989572378,0.0002802900395842416,0.00016774754766548568,1.594327348596698e-05,0.00043186391678232935,-0.001870341335689351,8.172885823125786e-05,-0.0009835526883563872,0.0006130050385078724,0.0011427859678740922,-7.047717306455053e-06,5.5198199301036e-05,0.0004246140838578692,-0.0017765360653851008,0.0006685123774567252,0.00036378553491047517,-9.608276512242583e-05,0.0010984726800389274,-2.818627827202341e-05,-0.00044008862879821125,0.0002610320753490124,-0.00023311125138210685,-0.0014110473819877196,0.00010562096312350229,6.168270405410584e-05,0.0003453812632771979,4.380707758251424e-05,0.0023831810688122747,-0.001062437281927702,-0.0022059706896726725,-0.0008870215486345271,-3.148505376447558e-05,-0.0005985307919681681,-0.0011205224102021991,-2.655320806988159e-05,-0.0017045160242755144,0.0,0.0,0.0,0.0,0.0,0.0,0.0,5.2299192603674995e-05,0.0,0.0,0.001283856695910058
2025-12-03,0.0004957462533013884,-0.00010116732960903256,-0.0002475390178885046,-0.0014413542848434246,-0.00044034702445956177,-0.0005638669278085689,0.0,6.319201789909849e-05,-6.089345458120045e-05,0.0004981709897806084,3.81517265697115e-05,0.000140139748871286,-0.0007000744085345514,0.031064566074852702,0.0037482182721400538,0.012323218145774865,0.00010609073013694805,0.0070385350751045435,5.5193282130355656e-05,5.775699727325963e-05,-1.814808205735952e-05,-0.00022871189970581732,0.0010874649111392034,0.0,-3.397208735947399e-06,9.487820339572502e-06,-1.983778099589263e-05,0.00046122123894065155,-5.56141580794755e-05,-7.754175613836214e-05,0.0004265311054887886,0.0016598982622881044,0.0037671493994474096,-0.0020566754881045845,0.003309677885682873,0.0003425665685260019,-0.0010937489500005134,0.0003113716665300061,0.0001751739319677666,0.0001323784525708844,0.00019527529868514226,-0.0024320363470957114,0.005043136001106679,0.0019639686347830304,-0.0001701259726489551,0.004985074468404838,0.0014784605720304796,-0.006006216356620568,-0.0008401101241873114,-0.0005462634506107833,-0.00023894058269037117,-0.001349973385106537,0.0020267738092538965,-0.0011594830112814389,6.521504307030007e-05,0.00024707828204509997,0.0001646485246425804,0.0014544915122305627,0.004836301499212613,0.0010657982672145235,0.0008671018174606733,0.0,0.0007014022173854506,0.0006166990308984518,-0.0007270741678204987,-7.94680721289001e-05,0.00025366898566671196,-0.00037355121758812744,-0.0004861639388834389,6.551560077468143e-05,-0.0004111914428215828,0.0003214794826677387,2.8303140268136085e-05,-0.0011787957162965987,-0.0004898589090827855,-0.00012154717247289531,-0.002561538683935653,0.00019032407413318724,0.0002556604084239137,-8.124808241151968e-05,0.0007406851950796781,0.0002813811801449891,-0.00021908843999921337,-0.0011062822681331126,-0.0003149390952869352,-0.0016378451277595542,6.107017081509385e-05,0.00028730331452787324,0.00017658073895270062,2.532974591061414e-05,0.0015382887536511264,-0.0011257834338269956,-0.00047223932573351845,0.00029206910679959277,-8.851002477084044e-05,-0.0005711463207382714,-0.001638282386801773,-6.05182812423815e-05,-0.0018340799987367714,0.0,0.0,0.0,0.0,0.0,0.0,0.0,3.470415738418331e-05,0.0,0.0,-9.442793489260877e-05
2025-12-10,-0.0005596465645317719,-0.0006293190077883551,0.00031094004368613436,-0.001126316133529045,0.0006129847178958316,0.0005805683533086563,0.0,-7.515479106075857e-06,-6.089345458120045e-05,-0.0005421820317869932,0.00021610106956897592,0.0006977192268571628,-0.0013312379354249715,0.03028063396086421,-0.0035029441482497853,0.009497852023547127,-0.00029668672440587627,0.005197289468390412,-0.00028007488471156426,-0.002520880551382126,-2.4915114098448342e-05,-0.00020965215144839737,0.0012711801587674087,0.0,0.00011172512457147516,1.3094519054019608e-05,4.1212657552892335e-05,-0.0009273277872460835,0.00034284744779648736,0.00015440973650560335,0.0009197516647830991,0.0015453207781334962,0.0037032167491675796,-0.0021696569210158494,0.003108892361737182,0.0005881660322906901,-0.0018907049333300027,-0.0001497105652682798,0.0001751739319677666,-0.00018139210805354238,4.9264647941976373e-05,-0.0012917253604907274,0.005375902589782166,0.0022462032033262395,-0.0001701259726489551,0.004557848327510448,0.0014784605720304796,-0.006931338991902236,-0.0005398393118327001,-0.0005415924319190562,-0.00022893730851101523,-0.001349973385106537,0.0020267738092538965,-0.0008291996532343737,6.521504307030007e-05,0.0002897091021482825,0.0001646485246425804,0.0014533839301412899,0.004799180751338019,0.00011296444968842986,0.0009816941878497505,0.0,0.0006773214291114685,0.000899331576408629,0.000315774999454426,-0.00014721344519900243,0.00028816414404583585,-0.0001761788126820217,-0.0004669342755515409,3.0466963180662865e-05,-0.0006662516716540167,0.0003214794826677387,-2.0179424382134223e-05,-0.0013908245020582807,-0.0004898589090827855,-0.00012154717247289531,-0.002561538683935653,-0.00017994125466087095,-0.0005163454401120564,-5.0030875636939985e-05,0.0007727032240319284,-0.00024627121416352486,-0.00039193243103410614,-0.0012287599345729371,-0.0003149390952869352,-0.0016868356033064448,-0.0003530519601198025,0.00028730331452787324,0.00016224635479620693,-0.0003621315274934727,0.001408508952994418,-0.0009530503778416578,-0.000666698165147341,0.0006197933147325394,-7.137891365922858e-05,-0.0005189827436117742,-0.002611844301231081,-6.05182812423815e-05,-0.0017946239226497994,0.0,0.0,0.0,0.0,0.0,0.0,0.0,3.470415738418331e-05,0.0,0.0,-9.442793489260877e-05
2025-12-17,-0.00045875208296958665,-0.0004609592905085334,-0.00029420257345730717,-0.0017112255062016457,-0.0005038667406340444,0.0007108201329864942,0.0,-7.515479106075857e-06,-6.089345458120045e-05,9.63292952021864e-07,-7.40921324937842e-05,-0.0007240938274966674,-0.0011823870688980071,-0.019716915024094717,-0.0030065453333522596,0.0011064477726181333,-0.00029668672440587627,0.005222199300806306,-0.0005892630824100741,-0.004877466112749925,-1.814808205735952e-05,-0.0003178114681301018,0.0021563087208822784,0.0,-4.630495683842625e-05,0.0003235410434169671,2.8674545269681654e-05,0.0005041621142337984,-5.323321469867057e-05,-0.0007746819715688469,-0.0011242619239795477,0.0016557795573872774,0.0054336303549448635,-0.0008443606682055093,0.003078904982384438,0.0005881660322906901,-0.0005774583701723693,-6.485175130448227e-05,0.0001751739319677666,-0.00018139210805354238,4.182790452668436e-05,-0.0018422545400485779,0.006683086044345106,0.0018440574409077707,-4.4155683794608806e-05,0.004528981638994804,0.0014784605720304796,-0.005061134759024922,-0.0005222644384767258,-0.0014246191217066858,-0.0003356739811306999,-0.0007336633207428165,0.002039592211606558,-0.0012311185661084971,5.445394903706888e-05,0.00027513377507251544,-0.0011236085250030448,0.0018007812060323518,0.0026733444384958137,0.0010657982672145235,0.0008671018174606733,0.0,0.0010341543760013989,0.0010360240759224562,0.00017375669019750406,0.00016774754766548568,0.00022633670506855174,-0.0004057574223785787,-0.0004669342755515409,0.00024204756158448536,-0.0014081445918312243,0.0003214794826677387,0.0001223807904439149,1.669993375044915e-06,-0.0004898589090827855,-0.00041220874052894145,-0.0012158417701976809,0.0006685123774567252,-0.0001288247245325803,-7.885424465082847e-05,0.0009142082822337233,-0.00021231589411738682,-0.0004355197424870762,-0.0011973380904335014,-0.00028611459318396827,-0.0007635522688532592,-0.0003530519601198025,0.00028730331452787324,0.00044218525078246993,-0.00022159167794794928,0.002142908656730761,-0.0010123984835089866,-0.0005899382538171831,0.000773723476862273,-7.137891365922858e-05,-0.0005189827436117742,-0.0016859387201977971,-0.00020394138146587372,-0.0014818030120246476,0.0,0.0,0.0,0.0,0.0,0.0,0.0,0.0002140068443999946,0.0,0.0,-9.442793489260877e-05
2025-12-24,0.0005596563667911951,-0.0003240777464023858,7.991700965422553e-05,-0.0014318064579164926,-0.0003928226023305974,0.0002518328638042788,0.0,9.595638978948837e-05,-6.089345458120045e-05,-0.0002929813728695536,-2.0874630715139916e-05,0.00013443886111875463,0.0001909639983039646,0.03076943823250039,0.003702927732541789,0.009730004231754956,0.00010609073013694805,0.004933029057713741,0.0004938707356217467,-0.002777870956539958,-1.814808205735952e-05,-0.0002777705402709053,0.0007999895671842849,0.0,-1.0070426426034274e-05,9.487820339572502e-06,4.1212657552892335e-05,0.0003077209599348442,2.6362816822737083e-05,0.00020331946923951067,-0.00016356403199695025,0.00040134979136322523,0.0031772415865518205,-0.0020566754881045845,0.002797256148590554,0.0005881660322906901,0.0008938562832524992,-0.0007076314978348547,0.0001751739319677666,-0.00018139210805354238,0.00023455178246072154,-0.002052233900690804,0.00495756916418138,0.0021487316159131665,-0.0001701259726489551,0.00477508155750143,0.0014784605720304796,-0.006271851310522391,-0.0010435887730752252,-0.0006522029612163456,-0.00030823546168318216,-0.001108185404499311,0.0020267738092538965,-0.0013669951354490252,6.521504307030007e-05,0.00016725795919433673,9.806270554037585e-05,0.0014544915122305627,0.004247987151974827,0.00036210182269933805,0.00010803002806172252,0.0,0.0007014022173854506,-0.00013224077254042084,-0.0007270741678204987,-5.859178737380707e-05,0.0003876618393838094,-0.00037355121758812744,-0.0004861639388834389,6.551560077468143e-05,-0.0008219941713732546,0.0003214794826677387,-0.00034088733064405045,-0.000866375371550453,-0.00047070486650052586,3.2702175536899753e-06,-0.0023914079852482163,0.0005210283483371572,-0.0007449291038250382,-0.0003737156593281709,-0.0007218225417465515,4.751484251933045e-05,-0.00022576598816347545,-0.0006433232910622928,-0.0003149390952869352,-0.0017640265559213727,-0.00046440411672249026,0.00028730331452787324,0.00020606528091482703,-0.0003621315274934727,0.0012585649444267152,-0.0015070304494913215,-0.0006317921602562683,0.00016752072173942343,-8.851002477084044e-05,-0.0005941144642180022,-0.0020703236246277577,0.00036468089735826434,-0.0011558167219114378,0.0,0.0,0.0,0.0,0.0,0.0,0.0,3.470415738418331e-05,0.0,0.0,-9.442793489260877e-05
2025-12-31,0.0007009079035752062,-4.853401524131301e-05,0.00043989082423466985,-0.0014617756651759816,0.00033020097982261617,-0.001279578731204494,0.0,2.9113570573790378e-05,2.8760888093568387e-07,-0.00035806129517112714,-2.0874630715139916e-05,0.000391683648506655,0.0002683485571961453,-0.02956965434494795,-0.0018732843783894736,0.0011142330978827703,-0.00029668672440587627,0.0014064951157853115,-0.0007411362650807016,-0.004425754174309771,-2.4915114098448342e-05,0.000329442311426209,0.0023872955368668645,0.0,-4.630495683842625e-05,9.228811780459845e-05,-1.9734460843214722e-05,0.0007431843965788569,-0.0003050617150923853,-0.0008471248323195698,-0.0014685150950064672,0.0005186661138646808,0.0035300357704614533,-0.0008443606682055093,0.0030896072660153754,0.0005881660322906901,0.0009586760737127789,-0.0010838549156693433,0.0001751739319677666,3.994459712591724e-06,-2.7455990009276876e-05,-0.0013367120762350078,0.006637455772116475,0.0013910123795912086,-4.4155683794608806e-05,0.004562653071538833,0.001762409106512848,-0.004374291294265251,-0.0011518174141464535,-0.0014246191217066858,-0.000420392670308443,-0.0007346974886059646,0.002132064381465396,-0.0010193441954575331,5.445394903706888e-05,0.0002110932451791357,-0.0013649132800042266,0.0018007812060323518,0.0014138862849657615,0.00045360671898246705,0.0011477040168104441,0.0,0.0010341543760013989,0.002817970688029812,-5.277191695819844e-05,-0.00042400993333637383,0.00017878637992414909,0.0003434803399100232,-0.00021249770586930628,0.0007547945779785032,-0.0012049278804904928,0.00026593911180781873,0.00022240371594766574,0.0029748908419314473,-0.0008551626138377051,-0.00018284113201926422,-0.0014210909950326395,-0.000267583917315364,-0.0003332670298748961,-0.00017467054476262285,0.001079692265144027,0.0002825873230517308,-0.00022817136804776853,-0.0008628846371007328,-0.00016073593288419108,-0.0012636144010627856,-0.0005309696246111513,0.00028730331452787324,0.00044218525078246993,-0.00017388903394358662,0.001958488648044544,-0.0013661775210039493,-7.642186784317572e-05,0.0004730885618035015,-7.137891365922858e-05,-0.0005151917812875938,-0.0032647876286062624,0.0003637804532393709,-0.0004906750407958759,0.0,0.0,0.0,0.0,0.0,0.0,0.0,0.0002140068443999946,0.0,0.0,-9.442793489260877e-05
2026-01-07,0.0001853921132522764,-0.0005884644858849496,0.0001614452663732045,-0.0021774698421445824,-0.00010205318319202563,-0.001221731661619838,0.0,7.3177518471212e-05,0.0002444279103021901,0.00021314365149832442,-7.40921324937842e-05,7.883466362172536e-05,0.00015491335213362343,0.0058397652082017425,0.0038183970784954778,0.006130572791759,0.00010609073013694805,-0.0038262122651309015,-0.0005697094353742913,0.0003988380495767075,-1.981260561229901e-05,-0.0002506158814066281,-0.0016214299424171454,0.0,-2.1533747628391177e-05,4.2585207042535236e-05,4.6452593146179385e-05,1.967728302989788e-05,-0.0002327054746667014,-0.0012520239256916864,-0.0019152566041894996,8.067758443627474e-05,0.0013657380858306037,-0.001289894319723047,0.004268529906854597,0.00031229577532273606,0.0008590584487125217,-0.0005000868350579024,-0.00012699043094510287,3.994459712591724e-06,0.0011692296282961895,-0.0023413647711213134,0.003664900635857315,0.0009111611607998539,-0.00019981584173846132,-0.001720255985606272,0.0016037254988916932,0.008141575496383023,-0.0012859819675387605,-0.0006807980268814726,-1.2680006268864707e-06,0.00031075441426084796,0.0012830563324071707,-0.00140132967356501,5.146588891424234e-05,0.0003807899407000143,-0.001175448497936109,0.0007553023791546883,0.0016598305194760162,0.0005060969726552343,0.0004216874478330155,0.0,0.0004464681531844427,-0.0004918447483552495,8.924639229872351e-05,0.0003938825216977612,-0.00018852198076244243,9.679842185594992e-07,-0.0003196867496834432,-3.827636291728814e-05,-0.0006285275927878491,-0.00020004235610810806,0.0009746466918245711,0.0032595716039767087,0.0010554964048141613,-2.1161901104435572e-05,-0.002415351706530948,0.00017189748910369983,-7.112212194676009e-05,-0.00011661633587257251,0.0008851866310259438,0.00024356107178049083,-0.00019701727494110923,0.0006326464960534144,-0.000245208225134236,-0.0005465832710736515,1.2744982179079589e-05,0.00022523403047286888,0.0003261861082204912,-0.00011199313898147117,0.000979300087401817,-0.0009568584532897781,-0.0004480276550817916,0.000340736799000261,-5.201819266923644e-05,-0.00025139914205941227,-0.0011752513286027054,-0.00018705675026336747,-0.0011728197837267815,0.0,0.0,0.0,0.0,0.0,0.0,0.0,0.0002140068443999946,0.0,0.0,-9.442793489260877e-05
2026-01-14,0.0001853921132522764,0.0007144085655201988,-9.133524177127476e-05,-0.001176514357412954,-0.00010205318319202563,-0.0014659530241488991,0.0,7.3177518471212e-05,0.0002444279103021901,0.0007103276626731935,-2.0874630715139916e-05,-6.348315175664339e-05,5.411138677126966e-05,0.033643255203736976,0.0031600081347641948,0.010884315493829948,0.00010609073013694805,-0.0037967700797110664,0.000160809967489004,0.002721006674359825,-2.885426728384883e-05,-0.0002460014778690069,-0.0016214299424171454,0.0,-2.1533747628391177e-05,6.854714067152042e-05,4.6452593146179385e-05,-5.0572565815850177e-05,0.00011202569408758401,-0.0004703941918163504,-0.0008637665374818728,-0.00023993575019883235,0.00196629731050242,-0.001289894319723047,0.004173456111032183,0.0003425665685260019,0.0007544629108225378,-0.0004841300008378539,-0.00014472407168465918,3.994459712591724e-06,0.001007942676771062,-0.0028663056194980032,0.0038249033981608647,0.0013097470697162284,-0.0007618204327023194,-0.0015636355621158056,0.0016037254988916932,0.009876078980861435,-0.0007708376459942863,-0.0005462634506107833,0.0011959493067537062,-1.1579464365782565e-05,0.0012702379300545096,-0.001251741270068538,2.7891866162916132e-05,0.00033815912059683177,-0.0006531288669036257,0.0007541161861936748,0.0036667854066279237,0.0005060969726552343,0.00044660506871675655,0.0,0.00047054894145842483,-0.0008294484493323462,8.924639229872351e-05,-0.0004872730362402436,0.00010817441322218674,0.000206944323506903,-0.0003389164130153412,4.896583666885902e-05,-0.0006972106171682957,-0.00020004235610810806,0.0005696758429749582,0.005264002096291521,0.0010554964048141613,0.00024940503933678477,-0.0024979171088133217,2.1764900722237942e-05,-0.00014089831181583062,-0.00014584717574873436,0.0008400811637338624,0.0003668739746315873,-0.0002076257808676793,-5.5617365189467174e-05,-0.0001866014302876928,0.0004525764879717498,5.723634586627969e-06,0.00022523403047286888,0.00014305119973950027,-4.903012795864649e-05,0.0009696009020996053,-0.0011958081866923027,-9.95945426169484e-05,-0.0006410707269284433,-5.201819266923644e-05,-0.0006884839873872789,-0.0004574515799458452,-4.3633650039875254e-05,-0.0012167275867453582,0.0,0.0,0.0,0.0,0.0,0.0,0.0,3.470415738418331e-05,0.0,0.0,-0.000163139898646598
2026-01-21,0.000291512001894103,0.0005745461216614155,0.0006394145363220412,-0.00040892143114282264,0.0005654110707023709,-0.0011961028772470201,0.0,2.7851598865508634e-05,0.0002444279103021901,-9.244282016084352e-05,-2.0874630715139916e-05,2.8912206566920114e-07,-0.00016019485879853427,0.03243179809955547,0.00274251767310236,0.01313257163995459,0.00010609073013694805,-0.0016243808678155702,0.0003536384633234157,0.006442710144432504,-2.885426728384883e-05,-0.00019542608944519006,-0.0003492193534601238,0.0,3.8001349518276966e-06,0.00013817820780332704,4.6452593146179385e-05,-5.0572565815850177e-05,-5.56141580794755e-05,0.0008707462109554234,-0.0008320489247329141,-0.0002518865355287404,0.0026517780727392842,-0.0011269147164142466,0.0014164674557188427,0.00031229577532273606,0.0009136287502608026,-0.0004887725694624172,-0.00014472407168465918,1.1295920519692873e-05,0.0006992794967449234,-0.001975216467670675,0.003948691058642405,0.001287682574941719,-0.0007618204327023194,-0.0015636355621158056,0.0008661433186928067,0.009460668066360915,-0.0009002241581947302,-0.00039522530461615394,0.000621916350234547,-1.1579464365782565e-05,0.0015073550251465712,-0.0007606535775991574,5.146588891424234e-05,0.0004933902518130608,-0.0006531288669036257,-0.0015735474397743686,0.002637284544123885,0.0005060969726552343,0.00044660506871675655,0.0,0.00047054894145842483,0.0005145491960154008,0.00015679944497022283,-0.0004234507514473305,-6.897901147282884e-05,0.00016986823207152234,-0.00015213662589842554,-0.00018734991293152986,-0.0006683039296628782,-0.00020004235610810806,0.0008559961898700924,0.007204619961755265,0.0010746504473964213,0.00024940503933678477,-0.0024979171088133217,-0.00029215305003386764,9.005446696040166e-05,-5.312814299513511e-05,0.0006984541619651841,0.00017055128542594692,-0.00019701727494110923,-0.00046898222156208005,-0.0001866014302876928,-2.937024113158132e-05,-0.00015367925823994006,0.00022523403047286888,0.00014305119973950027,-7.989678002933516e-05,0.0005096704309724867,-0.0011964652925379189,-0.00045638090399058095,-0.00043320480525504024,0.00010146508585120251,-0.00023802057614532364,0.001246794773318402,-0.000428777698583775,9.51900273704298e-05,0.0,0.0,0.0,0.0,0.0,0.0,0.0,3.470415738418331e-05,0.0,0.0,-0.000163139898646598
2026-01-28,0.000291512001894103,0.0005745461216614155,-1.4203677716225546e-05,-0.00031409765898071423,0.0005654602957668672,-0.0012712920476893412,0.0,-1.9213051609353364e-05,-0.0004578533879997023,-1.0115057746994964e-05,-2.0874630715139916e-05,9.513006220570241e-05,0.00012808387446297596,0.023547926199910196,-0.0032178603104848743,0.010724976615777551,0.00010609073013694805,-0.0021644731090995706,0.00011538491399099785,0.0030285333259566644,-1.981260561229901e-05,-0.00030768275195773283,-0.00036424990742566724,0.0,3.8001349518276966e-06,0.00013817820780332704,4.6452593146179385e-05,-0.0001908146793632515,0.00011202569408758401,0.0014832049634066582,-0.0010820070986527256,-0.00019966726927389363,0.001985915692434088,-0.0015582570361868122,0.0008936825321626369,0.00031229577532273606,0.0009636951893746035,-0.000558432459907004,-0.00014472407168465918,3.994459712591724e-06,0.0010820803691329523,-0.0014888593275898246,0.003962455086358555,0.0011981060030871633,-0.00019981584173846132,-0.0017560189898208549,0.0002462273951646794,0.009192038081338068,-0.0010121640938220307,-0.00039522530461615394,0.000621916350234547,-1.1579464365782565e-05,0.0013692868721847558,-0.0007409298899827731,5.146588891424234e-05,0.00033815912059683177,-0.001230149879897881,8.972897262471053e-05,0.003711056910071274,0.0005060969726552343,0.0004216874478330155,0.0,0.00047054894145842483,0.0005518239138418497,-0.0006595211151489994,-0.0005687877650991883,-0.00025292316916231963,-1.2235243870915026e-05,-0.00015213662589842554,-0.00018734991293152986,-0.0008485986749027164,-0.00020004235610810806,0.0008559961898700924,0.006130121768660977,0.0010554964048141613,-0.00022379866862624062,-0.0024704933469020555,0.0005116760417786081,9.005446696040166e-05,8.898168677791573e-05,0.0008851866310259438,0.00021661721976833344,-0.00019701727494110923,-0.0012545685473184863,-0.00022260271599137233,2.6434314871765513e-05,-0.00015367925823994006,0.00022523403047286888,0.00014305119973950027,-0.00018966012079392068,0.0013651349279399957,-0.005176504164646091,-0.0003998113107755883,-0.00032584925624224966,0.00010146508585120251,-0.0005675581562251241,0.0010411538535970032,-0.00020394138146587372,-0.0013220061308913521,0.0,0.0,0.0,0.0,0.0,0.0,0.0,3.470415738418331e-05,0.0,0.0,-0.000163139898646598
2026-02-04,0.000511969780053971,0.00012759369628397032,0.00029555595359285857,0.00023005394265272354,-0.00041668224433518883,-0.0013897288572595385,0.0,2.7851598865508634e-05,-0.0004578533879997023,-0.0010417568043987434,3.105910541226903e-05,0.0002585603430151009,4.819661385080837e-05,0.03139394795138309,0.004140237423935448,0.015083994539541902,0.00010609073013694805,-0.002635366742683988,-0.0013443200575957903,0.012838235048959368,-2.885426728384883e-05,-1.275345176626313e-06,-0.0006910313413014648,0.0,5.767329444151083e-05,-0.00034479160322162564,-0.0007451694027806749,-0.0002634435747597314,-0.00048330467432337545,-0.0004019920276579097,-0.0018623456576227317,9.563637959874987e-06,0.0021934838066955814,-0.0010605544522188546,0.001898362053004213,0.00021302017356591475,0.0008728302416110633,-0.0001564158023731836,-6.346676639276317e-05,1.5494636923615565e-05,0.0011706262329690014,0.005615193215222379,0.003734249791761823,0.0013578561162096872,0.0003616600739188456,-0.0016895225759538156,-8.275993421849633e-05,0.009409124872911814,-0.00011746585727055516,-0.00030061565486662827,0.0007843473208386894,-0.0002647770825693988,0.0010717492682971938,0.00395534309066781,-0.0003145647743793754,0.0002620452307561782,-0.0013270977401975874,-0.0009554974075480724,0.00028759470503938436,-0.00013833383511658106,0.0004085975701155483,0.0,0.0006590732618985771,-0.0015918963319900517,-0.0003268893739192656,-0.00047138011474001597,-5.266691075960346e-05,0.0002379657599767227,-0.0017298051206523963,-0.0005265723780157409,-0.0004398851067448388,0.0003214794826677387,0.0006794271511867946,-0.001239155536062353,0.0011998230816509465,1.215376939490131e-05,-0.002306959714148112,-0.00029215305003386764,-1.4268786552843832e-05,-4.499972435347056e-05,0.0006028238285576972,0.00017742178893637476,-0.00017536260175999663,-0.0013485358337041327,-0.00013999408214395966,-0.000794915558347818,-8.19911425548083e-05,6.168270405410584e-05,5.331764389414377e-05,-0.00023255449747344888,-0.00010789143384140056,-0.004907600284485959,-0.0004999936913617643,0.0006882115063665172,0.000534514637487594,-0.00020304428850638771,0.000844529057551037,-7.809195020803313e-05,-0.0004345912289663626,0.0,0.0,0.0,0.0,0.0,0.0,0.0,3.470415738418331e-05,0.0,0.0,-0.000163139898646598
2026-02-11,-0.0003737709303810357,-5.964029321669419e-05,0.00038678952406763934,3.1637005525735e-05,-0.00010090381427686846,0.0014619660435352076,0.0,-1.0970516109770213e-05,0.0002444279103021901,-0.0002594679523109265,0.00014970483864831306,0.0003243814264278357,-0.0008823244470776324,0.005756705618916829,-0.003081063467812243,0.008731103004557237,-0.00029668672440587627,-0.0038584393256831987,-0.0013443200575957903,0.0008221900644804164,-1.981260561229901e-05,0.00010746320663987456,-0.00074713875508721,0.0,-0.00014151274369844888,-0.00012032795049695597,4.1212657552892335e-05,-0.00018662417895335382,-0.00048330467432337545,5.9511068811465064e-05,-0.0026804000033200832,0.00011052650107225618,0.0022747786733229216,-0.0014918967719914204,0.0009251947195120177,0.00021302017356591475,0.0004824978622999619,0.00016689520520559744,-0.00014472407168465918,3.994459712591724e-06,0.0013835595430171964,0.006505456014963617,0.004275041204645681,0.0026766246509637433,9.67184149727231e-05,-0.0013215980883618129,-0.00010738587980779174,0.010150301633934466,-0.0010814028879688954,-0.0012767954044645552,0.001142999517234992,-0.0006354714432460943,0.0010099724786031858,0.004918304397846764,-0.0003145647743793754,0.0006230087955070743,-0.001881121476157583,0.0002946186754343946,0.0014730892043815064,0.0003113150210112067,0.00038367994923180725,0.0,7.625709069428643e-05,-0.0018732357043465399,-0.0006314830753323346,-0.0007590790933603691,0.00011570980242834011,-2.86867842651041e-05,-0.0011911829425565205,9.015294865373841e-05,-0.001473121111277986,0.0003214794826677387,-6.667316712344478e-05,-0.0007596721823957733,0.00034579067662432954,0.0002867230148466208,-0.0028518663635421927,-0.00015505234920781103,0.0001469078023543179,9.219976825332079e-05,0.0008143006814482095,0.00040665674984496366,-0.0002050818741971395,-0.0010646966505800809,-0.00019860087699050284,-0.0012476299563693757,2.425282592518733e-05,6.168270405410584e-05,0.00012255903211800135,-0.00029071478285273535,0.002209451866828569,-0.004567386051294629,-0.00017794049297283217,0.0010386111424093686,0.000534514637487594,-0.0002666881341005073,-2.8365787544160118e-05,-2.655320806988159e-05,-0.0011642411712475293,0.0,0.0,0.0,0.0,0.0,0.0,0.0,5.2299192603674995e-05,0.0,0.0,-0.000163139898646598
2026-02-18,0.00021568537968945766,-0.0004314138997086334,0.00017002964988452958,0.00014538418042561027,-0.00010090381427686846,0.0007579027240785483,0.0,0.00014691288612790203,0.0002444279103021901,0.0006538460743382952,0.00014970483864831306,0.00020839048312556503,0.00016908999339549193,-0.010207219933732192,-0.002849093956707271,0.008806241163026444,0.00010609073013694805,-0.004121476371750076,0.0004073991282813365,0.0005981508657659966,-2.885426728384883e-05,-0.000437668305341864,-0.00021700457059390247,0.0,-5.9497167517368876e-05,2.5524748177836425e-05,4.1212657552892335e-05,0.00045293102840791584,-6.591363330238474e-05,5.9511068811465064e-05,-0.00322479043379029,4.548070790395771e-05,0.002922082835788474,-0.0013289171686826197,0.0015952517359980566,0.00021302017356591475,0.0005847594366244395,0.0013810713931156672,-0.00014472407168465918,3.994459712591724e-06,0.000950779386123347,0.007338530967302716,0.0041109007165138645,0.0025149460941414664,9.67184149727231e-05,-0.0004794874140645599,-0.00015747153780252925,0.009074896825287287,-0.0018354375994693993,-0.0014325045691509118,0.0014827343457410492,-0.0006046694349416905,0.0010099724786031858,0.004918304397846764,-0.0003381387971307016,0.0004949808173191172,-0.0018686987789001087,-0.00034182173186571264,0.0005765074957248243,0.0003113150210112067,0.0004085975701155483,0.0,0.00023077977521839834,-0.002844476772351893,0.00014935252491670323,-0.0007590790933603691,0.00010929994936736877,-5.748514096611008e-05,-0.0006552225540784174,2.3890694077383333e-05,-0.00047598965702070695,0.0003214794826677387,5.827833942140045e-05,-0.0005354294182800502,0.00034579067662432954,0.0002867230148466208,-0.0028518663635421927,-0.00029215305003386764,-8.404497642191436e-05,9.219976825332079e-05,0.0006652205554842801,0.0002889584037414132,-0.00015625183524942387,-0.0012015685145806694,-0.00030375710716344884,-0.0012690163529809572,2.4406852098908803e-05,6.168270405410584e-05,0.00010336387706129466,-0.00015017493330721197,0.002871872732894924,-0.003712912962167828,-0.00014091663354001,0.0015331326509415808,0.000534514637487594,-1.3195096335346518e-06,-2.8365787544160118e-05,-0.00041858127579287347,-0.00018347380216398744,0.0,0.0,0.0,0.0,0.0,0.0,0.0,5.2299192603674995e-05,0.0,0.0,-0.000163139898646598
2026-02-25,0.00024303743842509415,0.0005745461216614155,-2.1728133862136253e-05,0.00044279973779888553,-0.000427670007423082,-0.0017095346461276845,0.0,-0.0002681584805282391,0.0002444279103021901,-0.00023898632156470637,0.00014970483864831306,-2.743204113464138e-05,-0.000273186557119517,0.03126018705448326,0.0036377049886660217,0.008647648050583715,0.00010609073013694805,-0.0020153652855604805,0.0009631967697837791,0.0037168660764436597,-2.885426728384883e-05,0.0004923001610065568,-0.0007672318662744046,0.0,-3.397208735947399e-06,0.00013817820780332704,4.1212657552892335e-05,-0.00012032587750425376,-6.591363330238474e-05,0.00039699117931964645,0.0020793032790984234,0.0005875746460361834,0.002315560253034908,-0.0015165914445442108,0.0018686741343788118,0.0004432666757396797,0.0008538504679977183,0.0002063268396812977,-0.00014472407168465918,3.994459712591724e-06,0.0007734639447514285,0.005821134471845394,0.0037318585273103874,0.001758265394352678,0.0003616600739188456,-0.0011856088062378312,-1.776835569746108e-05,0.01043043130686101,0.0002312920407354128,-0.0001273973878519758,0.0011556949386301502,-0.0005920087209926135,0.0010717492682971938,0.004146059501005632,-0.0003145647743793754,0.00038642420162714555,-0.0016913612421285014,-0.0017160435783163564,0.0012278613629563974,-5.7054919229906263e-05,0.0004085975701155483,0.0,0.0002008637108690121,-0.0017624704639737526,0.00015679944497022283,0.00036781087792939584,0.00023353144980367292,-0.0004265131259066559,-0.001334674502810802,-0.00019072141011385385,-0.0009329197101930925,0.0003214794826677387,0.00011085012489564557,-0.001085771217396229,3.379387133205409e-05,1.215376939490131e-05,-0.0023343834760593783,-0.00029215305003386764,-1.4268786552843832e-05,-4.499972435347056e-05,0.0007445423690295103,0.00025402587857597993,-0.00017536260175999663,-0.0012819536462196713,0.000873475436018169,-0.0007045315279909962,-0.0007515054963548556,6.168270405410584e-05,1.9788104680943422e-05,-0.0008233974734915449,0.002679767750189823,-0.004827606290745645,0.0014114082951569742,0.0012497695765102139,0.0005793299889822427,7.537994146102219e-05,0.0005573297126802255,-7.412654610895698e-05,0.00020838856461674919,0.0,0.0,0.0,0.0,0.0,0.0,0.0,3.470415738418331e-05,0.0,0.0,-0.000163139898646598
2026-03-04,0.0005065827149005825,0.0005745461216614155,0.000624178747390502,-0.00013155030949032882,-0.000427670007423082,-0.0020265016467476827,0.0,-0.0002681584805282391,0.0002444279103021901,-0.0005422095581868479,-8.053538651274557e-06,2.717753933101992e-07,0.0006230905579722107,0.032817650901580245,0.004310137512930298,0.011482584904742304,0.00010609073013694805,-0.001712543671319707,0.0004568472195999246,0.013847960128331706,-1.981260561229901e-05,-0.0002351574630247469,-0.0007672318662744046,0.0,-2.1533747628391177e-05,0.00016418763219200436,4.1212657552892335e-05,0.0001180718563284767,2.2174619690532946e-05,0.00025420312823593824,0.0014023466380171969,0.0007187191010557496,0.003245599562877822,-0.0015165914445442108,0.0018108849779052436,0.00047353746894294557,0.0009496039977036781,0.00011056561120311925,-0.00014472407168465918,1.1295920519692873e-05,0.00021745389834821441,0.006035606154828705,0.0034899997080152043,0.0020507295491557806,0.0003616600739188456,-0.001786094301833976,-0.00043253780955023076,0.008798435490834153,0.001997425736609263,-0.00022954065177834945,0.0013593769350618112,-0.0005527355568964575,0.001073810516006529,0.0005000731256247891,0.0002597135261681686,0.0009531635894820674,-0.0006528274517721832,-0.0019027509607839074,0.00047866293709758327,-3.505677975568244e-05,0.00038367994923180725,0.0,0.0003802252069262705,-0.002100074164950849,0.00010195384872748337,0.00047976935178829246,0.0003535951383311319,0.00033558213515611125,-0.001334674502810802,-0.00019072141011385385,-0.0011675001642165693,0.0003214794826677387,-0.0002530986693770057,-0.0012774186971393825,8.48616895708529e-05,-0.00012847738659947625,-0.002306959714148112,0.0005116760417786081,-0.00019044097065656012,-8.098016648240252e-05,0.0004032906991450996,0.00025402587857597993,-0.0001401960624916286,0.00031422795290122585,0.0010322277615896433,9.334551988230521e-05,-0.0007515054963548556,0.00022523403047286888,5.331764389414377e-05,-0.0008695397541733621,0.0012831845702779643,0.0006803310015315405,0.0013494436019068148,0.00047190953014975923,0.0007618870324418614,0.0009874760154824614,-0.0010078747384957044,0.0004512275644550937,-0.0002992077709627709,0.0,0.0,0.0,0.0,0.0,0.0,0.0,3.470415738418331e-05,0.0,0.0,-0.000163139898646598
2026-03-11,-0.0005488101029325778,-0.0004314138997086334,-3.9084228560727284e-05,-0.00013155030949032882,-5.7219786845471356e-05,0.0002724457908113096,0.0,6.394251919023995e-05,0.0002444279103021901,0.0003312695890465173,-8.053538651274557e-06,0.0007768129175261922,-0.00017289172612063941,0.03274682567409563,-0.002724711619456033,0.009715786832716006,-0.000502569502273942,-0.0035850598968622605,-0.0001682621601319586,0.002561481641825129,-2.885426728384883e-05,0.0003601192575202688,-0.000782262420239948,0.0,9.358858567903138e-05,2.5524748177836425e-05,4.1212657552892335e-05,-0.00028734642770309154,0.0007313933848147854,0.00025420312823593824,0.001235209419419701,0.0011906432539830862,0.0034452987922996823,-0.0008098677516470885,0.0015689747668738694,0.00047353746894294557,0.0006986062407319186,-8.10564378208303e-05,-0.00014472407168465918,0.0001309373247629359,1.0911900237633765e-05,0.0050878417053691295,0.0034845003273157957,0.0026270450831805425,0.0003616600739188456,-0.0017351217845794971,-0.00043253780955023076,0.009498304353459466,0.001980414623604581,-0.0002467065209791284,0.0005139989780380845,-0.0005640874030280539,0.0009699419022593156,0.0009147394713807302,0.0002912689978310529,0.0004088939008877213,-0.0006528274517721832,-0.00019592736528164205,0.0005220862348652223,4.622213613099236e-05,0.0004085975701155483,0.0,0.0003071103666213122,-0.0020627994471244,0.00010195384872748337,-0.000525771106248925,0.0004006380391844871,-0.00022489625945648102,-0.001761516962396685,2.051919689505935e-05,-0.0015775068617035087,0.0003214794826677387,-0.0001443016145009619,-0.0008520781492117176,0.00013355701945273876,-0.00012847738659947625,-0.002306959714148112,2.1764900722237942e-05,0.0001571572085254557,-1.112707661953e-05,0.0005527990177369974,0.00040665674984496366,-0.00028906299338878863,2.778487139943627e-05,0.0020792804775787784,0.003815256187230531,0.00029377454363311315,-8.963445705535982e-05,5.89703463610074e-05,-0.0008353648645142233,0.0030601417937300888,0.0002499206230067348,-0.0004458748268938906,-0.00027934968550028254,0.001101160322133226,0.00027250511206531084,-0.0007331340387830935,-4.998496277469158e-05,-0.00017955588536930508,0.0,0.0,0.0,0.0,0.0,0.0,0.0,3.470415738418331e-05,0.0,0.0,-0.000163139898646598
