,∆ Salmon (NOK/KG) 1w,∆ Salmon (NOK/KG) 2w,∆ Salmon (NOK/KG) 1m,∆ Salmon (NOK/KG) 3m,∆ Salmon (NOK/KG) 6m,∆ Salmon (NOK/KG) 12m,Acc 1w,Acc 1m,RVol 4w,RVol 13w,RVol 52w,Spread (FP - SSB),∆ Spread (FP - SSB),FWD 1m,∆ FWD 1m,FWD 3m,∆ FWD 3m,FWD 6m,∆ FWD 6m,FWD 12m,∆ FWD 12m,FWD Slope,FWD Curvature,∆ Export Volume 1w,∆ Export Volume 2w,∆ Export Volume 1m,∆ Chilean Exports 1w,∆ Chilean Exports 2w,∆ Chilean Exports 1m,∆ Chilean Exports 3m,∆ Total Biomass Monthly,∆YOY Total Biomass Monthly,Avg Weight (KG) Monthly,YOY Avg Weight (KG) Monthly,Harvest Intensity 1m Monthly,Harvest Intensity 3m Monthly,Loss Rate 1m Monthly,Loss Rate 3m Monthly,Loss Rate 6m Monthly,Smolt Release 2m Monthly,Smolt Release 3m Monthly,Smolt Release 4m Monthly,Smolt Release 5m Monthly,Smolt Release 6m Monthly,Smolt Release 7m Monthly,Smolt Release 8m Monthly,Smolt Release 9m Monthly,Smolt Release 10m Monthly,Smolt Release 11m Monthly,Smolt Release 12m Monthly,Smolt Release 13m Monthly,Smolt Release 14m Monthly,Smolt Release 15m Monthly,Smolt Release 16m Monthly,Smolt Release 17m Monthly,Smolt Release 18m Monthly,ISA Outbreak,ISA Outbreak 1m,ISA Outbreak 3m,Lice Outbreak,Lice Outbreak 1m,Lice Outbreak 3m,Sea Temp,Sea Temp 12m Avg,∆ EURNOK,∆ EURNOK 1w,∆ EURNOK 2w,∆ EURNOK 1m,∆ EURNOK 3m,∆ EURNOK 6m,∆ EURNOK 12m,CPI NO Monthly,NIBOR 3m,∆ Shrimp Price (Global) 1m Monthly,∆ Shrimp Price (Global) 3m Monthly,∆ Shrimp Price (Global) 6m Monthly,∆ Shrimp Price (Global) 12m Monthly,∆ Broiler Price (EU) 1w,∆ Broiler Price (EU) 2w,∆ Broiler Price (EU) 1m,∆ Broiler Price (EU) 3m,∆ Broiler Price (EU) 6m,∆ Broiler Price (EU) 12m,∆ Pig Price (EU),∆ Pig Price (EU) 1w,∆ Pig Price (EU) 2w,∆ Pig Price (EU) 1m,∆ Pig Price (EU) 3m,∆ Pig Price (EU) 6m,∆ Pig Price (EU) 12m,Meat CPI (EU) Monthly,∆ Fishmeal 1m Monthly,∆ Fishmeal 3m Monthly,∆ Fishmeal 6m Monthly,∆ Fishmeal 12m Monthly,Brent FWD Slope,Brent FWD Curvature,Soybean FWD Slope,Soybean FWD Curvature,Month_01,Month_02,Month_03,Month_04,Month_05,Month_06,Month_07,Month_08,Month_09,Month_10,Month_11
2022-01-05,-0.0003645112598346618,0.0015729687085616253,0.0,0.0010198139161970066,0.00015896794994849743,-0.0002406583941444778,0.0005021059549628636,5.4707340259767034e-05,0.00030978677467460424,0.00039062072429988466,-0.0008345583179317504,-0.0001219427258194272,0.0,0.021712281790676503,0.005386824936053296,5.163247584602836e-05,0.0007686645222090468,9.268768606237605e-05,-0.0003242940685693556,-0.0006105458004743457,0.00014396246465810236,0.0007048957887272826,-6.621611692163285e-05,0.0005549143683305994,-8.592724947268591e-05,-0.002310796957502596,3.9990148082464193e-05,0.0001270803715736999,0.0002714677246149148,-1.5349121551358976e-06,0.0005459191838936162,-1.9466774217974547e-05,0.00047801651582597113,0.0006690037504553757,0.0032930142473912697,0.0,0.0007972530912945768,0.0002806362645322057,-8.144730395465511e-05,0.0,-0.000567708492055482,0.0013133217383874212,-0.000612627859273741,0.0003147568405531006,-0.0001010298344442356,-0.00046999303526090757,-2.5470249871980056e-05,0.00029680544588786784,7.529381242504378e-05,-0.0008118723032181218,-0.00031977300573795804,0.0004573962609342024,-0.00016524568883937647,-0.0003074685565400057,-0.0005982972384103946,3.570114031673016e-05,-9.771636980407543e-05,-0.00014172254269883368,0.0007625402972943725,0.0,-0.0004452748711334625,0.0,-0.00018587208521647804,-0.00021328685673234498,-0.0005101717593092947,-0.0007276784222016116,-0.00046823685906314735,-0.00016864380523608558,-0.0001298950655126478,-0.00014424301444730366,-6.063525694025571e-05,0.0007468453264332422,3.564214122547179e-07,0.006737985318232768,0.0,0.0,-0.0002953560477207874,-0.0005360315573703823,-0.002666669760016234,-0.0004262562604008748,-0.00021353005393379975,0.0,-0.00020280273584355853,0.0,-0.0007427228799810924,-0.00031142800755011617,-0.00018660751964866414,-0.000564834660807312,3.338042661549808e-05,-5.373868269618977e-05,-0.0002391398274520358,0.0,-0.0004046562715599563,-0.00080622723620208,-0.00034538527031422145,-0.00048409122714245336,3.511979167995083e-05,3.3079368976202454e-06,-6.206356928517676e-05,0.0,0.0,0.0,0.0,0.0,0.0,0.0,0.0,6.487233898330825e-05,0.0,0.0
2022-01-12,0.00010478873158383943,0.0009438281450366049,0.0,0.0010198139161970066,-0.00025309491433358013,-0.0002406583941444778,0.00038061239016452916,5.4707340259767034e-05,0.0003441934879486327,0.00039062072429988466,-0.0008345583179317504,-1.784050081101855e-05,0.0,0.020692863066932042,-0.0030084206488956437,5.163247584602836e-05,-0.0005371819684117159,9.268768606237605e-05,-0.0003242940685693556,-0.0006105458004743457,0.00014396246465810236,0.0008074170389678007,-6.621611692163285e-05,0.0005549143683305994,-8.592724947268591e-05,-0.002310796957502596,3.9990148082464193e-05,-8.934902637793361e-05,-9.48311783508562e-06,-1.5349121551358976e-06,0.0005459191838936162,-1.9466774217974547e-05,0.00047801651582597113,0.0006136988209202133,0.002839592338861364,0.0,0.0007972530912945768,0.0002806362645322057,-8.144730395465511e-05,0.0,-0.0002739505681148017,0.0013682478613784505,-0.0006432707181214713,0.00031384861613100286,-0.0001010298344442356,-0.00046999303526090757,-2.133930994331201e-05,0.00022287186961238322,5.2144199752770505e-05,-0.0008118723032181218,-0.00043552020223623866,0.0004573962609342024,-0.00016524568883937647,-0.0003074685565400057,-0.0005387384408044078,3.570114031673016e-05,-9.771636980407543e-05,-0.00014172254269883368,0.0007625402972943725,0.0,-0.00041602915522284006,0.0,-0.00018587208521647804,-0.00021328685673234498,-0.0004403540793652626,0.00018719261734981234,-0.0001967482899348035,-0.0001341421007972637,-0.0001298950655126478,-0.00014424301444730366,1.8861057815815653e-05,0.0007468453264332422,3.564214122547179e-07,0.006502119669989046,0.0,0.0,-0.0002953560477207874,0.004063644067664937,0.003921718498119537,-0.0004262562604008748,-0.00021353005393379975,0.0,-0.00020280273584355853,0.0,-0.00044262311355042916,-0.00031142800755011617,-0.00018660751964866414,-0.000564834660807312,3.338042661549808e-05,-5.373868269618977e-05,-0.00028138534954202444,0.0,-0.0004046562715599563,-0.0005254525992758656,-7.345442066383357e-05,-0.00041404636688503873,9.648607183447469e-05,3.3079368976202454e-06,0.0004151256540341653,0.0,0.0,0.0,0.0,0.0,0.0,0.0,0.0,6.487233898330825e-05,0.0,0.0
2022-01-19,0.00010478873158383943,-0.002124200745372366,0.0,0.0008846874143215288,-0.00025309491433358013,-0.0002406583941444778,0.00038061239016452916,5.4707340259767034e-05,0.00033075953814455314,0.00039062072429988466,-0.0009164825510232491,-1.784050081101855e-05,0.0,-0.021605937513695002,-0.004157127275444351,5.163247584602836e-05,-0.0005371819684117159,-0.0007903698776221276,-0.0003242940685693556,-0.0004045840379184274,0.0004752844657020768,0.000810343864274061,-6.621611692163285e-05,-0.003913399749661751,-5.04488151841496e-06,-0.002310796957502596,-0.0002746666756106609,-8.934902637793361e-05,-5.996834256863408e-06,5.903218878230977e-05,0.000413734176528586,-7.055974594911019e-06,0.0004451101647787998,0.0006136988209202133,0.0032952586664104157,0.0,0.0008873589104525246,0.0002460448804359873,-8.144730395465511e-05,0.0,-0.000567708492055482,0.0014199151183925344,-0.0005955511851740476,0.0003039896672664135,-0.0001010298344442356,-0.00046999303526090757,-2.133930994331201e-05,0.00033692229596507083,5.2144199752770505e-05,-0.0005590250226914133,-0.00043552020223623866,0.0005017741182432352,1.3465142392380084e-05,-0.0005909261462278781,-0.0008216929401173959,-0.00016006396649642033,-9.771636980407543e-05,-0.00014172254269883368,0.0007625402972943725,0.0,-0.0005507119131718362,0.0,-0.00018587208521647804,-0.00021328685673234498,0.0008971894351808805,-0.0011981453207963887,-0.0001967482899348035,-0.00016864380523608558,-0.0001298950655126478,-0.00011267847809038791,1.8861057815815653e-05,0.0005160903409805731,3.564214122547179e-07,0.006156958961030885,0.0,0.0,-0.0002953560477207874,0.00013100594660922488,0.012925348670283516,-6.97046964537842e-05,-0.00021353005393379975,0.0,-0.00020280273584355853,0.0,-0.00044262311355042916,-0.00039032821791039953,-9.843851452229865e-05,-0.00017823832338986656,3.338042661549808e-05,-2.752126252466333e-05,-0.00010761181426947717,0.0,-0.0004046562715599563,-0.0008052020806022348,-9.074942599225888e-06,-0.0002677278717705624,3.511979167995083e-05,3.3079368976202454e-06,0.0004395822014830241,0.0,0.0,0.0,0.0,0.0,0.0,0.0,0.0,6.487233898330825e-05,0.0,0.0
2022-01-26,0.00010478873158383943,-0.002124200745372366,0.0,0.0008887449117552683,-7.076793847299769e-05,-0.0002406583941444778,-0.0007379808782128332,5.4707340259767034e-05,0.0003441934879486327,0.00036001579869056924,-0.0008345583179317504,-1.784050081101855e-05,0.0,-0.014120199065791362,0.0009432122835189079,5.163247584602836e-05,0.000255023180057858,-0.0007903698776221276,-7.023273191612238e-05,-0.0005400592655911897,-4.9266453801968814e-05,0.0007789555516662938,-6.621611692163285e-05,0.0005549143683305994,0.00014396867458819833,-0.002310796957502596,3.9990148082464193e-05,-8.934902637793361e-05,-0.0003469518056758858,5.903218878230977e-05,0.0035622323400956047,-7.055974594911019e-06,0.0004451101647787998,0.0006136988209202133,-0.00012775275504314473,0.0,0.0008873589104525246,0.00026696410192298287,-8.144730395465511e-05,0.0,-0.0002739505681148017,0.0012244689695385324,-0.000456110025993251,0.0003039896672664135,-0.0001010298344442356,-0.00046999303526090757,-2.133930994331201e-05,0.0004942359690878317,7.529381242504378e-05,-0.0008118723032181218,-0.0003227384885973409,0.0004488831691420523,-0.00016524568883937647,-0.0004160145205950236,-0.0006586769635289793,3.570114031673016e-05,-9.771636980407543e-05,-0.00014172254269883368,0.0007625402972943725,0.0,-0.00041602915522284006,0.0,-0.00018587208521647804,-0.00021328685673234498,0.0008971894351808805,0.0004990066185540083,-0.0001967482899348035,-0.0001341421007972637,0.0003282920063702741,-0.00011267847809038791,1.8861057815815653e-05,0.0005160903409805731,3.564214122547179e-07,0.006066707131430084,0.0,0.0,-0.0002953560477207874,0.00019803721436865366,0.0026232083871913676,0.0011883449023747188,-0.00021353005393379975,0.0,-0.00020280273584355853,0.0,-0.00044262311355042916,-0.00039032821791039953,-9.843851452229865e-05,-0.00017823832338986656,3.338042661549808e-05,-2.752126252466333e-05,-0.00010761181426947717,0.0,-0.0004046562715599563,-0.0007339904891919754,-0.00034538527031422145,-0.0002677278717705624,-0.00033652098893326014,3.3079368976202454e-06,0.0005402713650497631,0.0,0.0,0.0,0.0,0.0,0.0,0.0,0.0,6.487233898330825e-05,0.0,0.0
2022-02-02,0.00019731152978006686,0.0009438281450366049,0.0,0.0010198139161970066,-0.00017168057373517803,-0.00015342755410635014,0.0005021059549628636,5.4707340259767034e-05,0.00030978677467460424,0.00036001579869056924,-0.0008345583179317504,2.6356496935034607e-06,0.0,0.007030040129423693,0.005446212005762406,5.163247584602836e-05,-0.0005371819684117159,-0.00040300406082644457,-0.0002576538083906183,-0.00039735107685594245,-4.9266453801968814e-05,0.0007789555516662938,-6.621611692163285e-05,0.00036953100268348954,-8.592724947268591e-05,-0.0006485860013564418,-0.0002746666756106609,-8.934902637793361e-05,-5.996834256863408e-06,-1.5349121551358976e-06,0.0034389345104524696,-1.9466774217974547e-05,0.0009172416776230478,0.0006113675393678106,-0.0001759034690466598,0.0,0.0008239504948944578,0.0002728078918599734,-8.144730395465511e-05,0.0,-0.0001087267669479629,0.0015797470654461759,-0.0004990676097798453,0.0003039896672664135,0.0001953632814181039,-0.00030477802788297616,-2.133930994331201e-05,0.001453481562645726,-0.00038364346076313633,-0.0006776562275737155,0.00022713571595381197,0.0009686915466298475,-0.00016524568883937647,-0.00044552213394053364,-0.0005342598662029546,3.570114031673016e-05,-9.771636980407543e-05,-0.00014172254269883368,0.0007625402972943725,0.0,0.00045568148119992245,0.0,-0.00018587208521647804,-0.00021328685673234498,-0.0004403540793652626,0.0017671514056781892,0.0005138525328204299,0.00013505608083496108,1.2131469380131493e-05,-0.00014424301444730366,-6.063525694025571e-05,0.0007468453264332422,3.601740816298503e-05,-0.0006854007592729077,0.0,0.0,-0.00026586174914787,0.0006746867231937723,0.008680453872820529,0.0011883449023747188,-0.00021353005393379975,0.0,9.486132638870426e-05,0.0,-0.00044262311355042916,-0.00039032821791039953,-9.843851452229865e-05,-0.000564834660807312,3.338042661549808e-05,-5.373868269618977e-05,-0.00010761181426947717,0.0,-0.0004046562715599563,-0.0007350156447918204,-7.345442066383357e-05,-0.00041404636688503873,-0.00033652098893326014,3.3079368976202454e-06,0.0004151256540341653,0.0,0.0,0.0,0.0,0.0,0.0,0.0,0.0,6.487233898330825e-05,0.0,0.0
2022-02-09,0.00010478873158383943,0.0007586522146338281,0.0,0.0008887449117552683,-0.00017168057373517803,-0.00014952724254212746,0.00038061239016452916,-0.00014118914582192396,0.0003441934879486327,0.00036001579869056924,-0.0008345583179317504,-1.784050081101855e-05,0.0,-0.01042719029863037,-0.002896515034132015,5.163247584602836e-05,-0.0005371819684117159,-0.00046676533213028303,-0.0002576538083906183,-0.0003985691778606922,-4.9266453801968814e-05,0.000881476801906812,-6.621611692163285e-05,0.00040753184097739036,-8.592724947268591e-05,0.002266652005966282,3.9990148082464193e-05,0.0001270803715736999,0.0002714677246149148,5.903218878230977e-05,0.0035728423076662494,-7.055974594911019e-06,0.0008843353265758763,0.0006113675393678106,-0.0001759034690466598,0.0,0.0008207901839228222,0.0002728078918599734,-8.144730395465511e-05,0.0,-0.0001087267669479629,0.001646025451515528,-0.00048675288484098127,0.0003039896672664135,0.0001953632814181039,-0.00030477802788297616,-2.133930994331201e-05,0.0017047261392021539,-0.0004067930734354096,-0.0006776562275737155,0.00020341359702537927,0.0010417786235981234,-0.00016524568883937647,-0.0005540680979955516,-0.0006662635658547084,3.570114031673016e-05,-9.771636980407543e-05,-0.00014172254269883368,0.0007625402972943725,0.0,0.00045568148119992245,0.0,-0.00018587208521647804,-0.00021328685673234498,0.0008971894351808805,-0.0007276784222016116,-0.0001967482899348035,-0.00019266194575860688,-4.800049892532344e-06,-0.00014424301444730366,1.8861057815815653e-05,0.0007468453264332422,3.601740816298503e-05,-0.0006738052536000174,0.0,0.0,-0.00026586174914787,0.00019803721436865366,0.005754959959470579,0.0011883449023747188,-0.00021353005393379975,0.0,-0.00020280273584355853,0.0,-0.00044262311355042916,-0.00039032821791039953,-9.843851452229865e-05,-0.00017823832338986656,3.338042661549808e-05,-2.752126252466333e-05,-2.8492058026275046e-05,0.0,-0.0004046562715599563,-0.0007339904891919754,-0.0002072918121313443,-0.0002677278717705624,-0.00033652098893326014,3.3079368976202454e-06,0.0004151256540341653,0.0,0.0,0.0,0.0,0.0,0.0,0.0,0.0,6.487233898330825e-05,0.0,0.0
2022-02-16,0.00010478873158383943,-0.002124200745372366,0.0,0.0008887449117552683,-0.00017168057373517803,-0.0002638542843839642,0.00038061239016452916,-0.00014118914582192396,0.0003441934879486327,0.00036001579869056924,-0.000848215334990454,-1.784050081101855e-05,0.0,-0.027998869714236367,-0.0041509449462736065,5.163247584602836e-05,-0.0005371819684117159,-0.0004978828530421539,-0.0002576538083906183,-0.0009368663575790501,-0.0001761913278347524,0.0008844036272130722,-6.621611692163285e-05,0.00036953100268348954,-5.04488151841496e-06,-0.0014984736274865464,3.9990148082464193e-05,-8.934902637793361e-05,0.0002714677246149148,5.903218878230977e-05,0.003618283167593088,-7.055974594911019e-06,0.0006830441129295889,0.000666672468902973,-0.00031520477728449157,0.0,0.00091089600308077,0.0002501788627915584,-8.144730395465511e-05,0.0,-0.0001087267669479629,0.001646025451515528,-0.00045134807683242157,0.0003039896672664135,0.0001953632814181039,-0.00030477802788297616,-2.133930994331201e-05,0.0018187765655548415,-0.0004067930734354096,-0.0008118723032181218,0.00022713571595381197,0.0009686915466298475,-0.00016524568883937647,-0.000728979723628406,-0.0010202199631466474,-0.00016006396649642033,-9.771636980407543e-05,-0.00014172254269883368,0.0007625402972943725,0.0,0.00045568148119992245,0.0,0.0004034068582017059,-0.00021328685673234498,-0.0004403540793652626,0.0017671514056781892,0.0001440115233260727,8.67530637757568e-05,-4.800049892532344e-06,-0.00011267847809038791,1.8861057815815653e-05,0.0005160903409805731,3.601740816298503e-05,-0.0006861394504183975,0.0,0.0,-0.00026586174914787,0.00019803721436865366,0.001966749077353924,0.0011883449023747188,-0.00021353005393379975,0.0,9.486132638870426e-05,0.0,-3.453841505158548e-05,-0.00039032821791039953,0.0004930267973108349,-0.000564834660807312,3.338042661549808e-05,-2.752126252466333e-05,-0.00011311314442747952,0.0,-0.0004046562715599563,-0.0007339904891919754,-0.00034538527031422145,-0.0002677278717705624,-0.00033652098893326014,3.3079368976202454e-06,6.30821417304211e-05,0.0,0.0,0.0,0.0,0.0,0.0,0.0,0.0,6.487233898330825e-05,0.0,0.0
2022-02-23,0.00010478873158383943,-0.002124200745372366,0.0,0.0008846874143215288,-0.0003532007351576445,-0.0002638542843839642,0.00038061239016452916,-0.00014118914582192396,0.00033075953814455314,0.00036001579869056924,-0.0009301395680819528,-1.784050081101855e-05,0.0,-0.03464966715476351,-0.004143310783990778,-0.000938573944331678,-0.0005371819684117159,-0.0004978828530421539,-0.0002576538083906183,-0.0016149309656233585,0.0012126074247531752,0.0006192474953325756,-6.621611692163285e-05,0.00040753184097739036,-5.04488151841496e-06,-0.0006485860013564418,1.599503246197973e-05,0.0001270803715736999,0.00026785120630532227,5.903218878230977e-05,0.0034843753703793084,-7.055974594911019e-06,0.0008843353265758763,0.0006113675393678106,-0.0009741456918993174,0.0,0.00091089600308077,0.0002501788627915584,-8.144730395465511e-05,0.0,-0.0001087267669479629,0.001646025451515528,-0.00045134807683242157,0.0003039896672664135,0.0001953632814181039,-0.00030477802788297616,-2.133930994331201e-05,0.001539333260488392,-0.0004067930734354096,-0.0005118553352863672,0.00022713571595381197,0.0006889542286642686,-0.00016524568883937647,-0.000728979723628406,-0.001308893392330117,-0.00016006396649642033,-9.771636980407543e-05,-0.00014172254269883368,0.0007625402972943725,0.0,0.00045568148119992245,0.0,0.0004034068582017059,-0.00021328685673234498,-0.00042644677452663963,0.00018719261734981234,0.0005138525328204299,8.67530637757568e-05,1.2131469380131493e-05,-0.00011267847809038791,1.8861057815815653e-05,0.0005160903409805731,3.601740816298503e-05,-0.0006738052536000174,0.0,0.0,-0.00026586174914787,0.0034812918633414193,0.012257525115694792,0.0011883449023747188,-0.00021353005393379975,0.0,-0.00020280273584355853,0.0,-3.453841505158548e-05,-0.00039032821791039953,0.0004930267973108349,-0.000564834660807312,3.338042661549808e-05,-2.752126252466333e-05,-3.39933881842774e-05,0.0,-0.0004046562715599563,-0.000453215852265761,0.00012476244886828482,-0.0002677278717705624,-0.000924538180861683,3.3079368976202454e-06,0.0005402713650497631,0.0,0.0,0.0,0.0,0.0,0.0,0.0,0.0,6.487233898330825e-05,0.0,0.0
2022-03-02,0.00010478873158383943,-0.002124200745372366,0.0,0.0008887449117552683,-0.0003532007351576445,-0.0003510851244220919,-0.0009851546268384763,-0.00014118914582192396,0.0003441934879486327,0.00036001579869056924,-0.0008335038265878661,-1.784050081101855e-05,0.0,-0.035893062318471655,-0.0031784962871682213,-0.000938573944331678,0.00021675778956198796,-0.0004978828530421539,-5.132570308620487e-05,-0.001698943979661353,-0.0001761913278347524,0.0006192474953325756,-6.621611692163285e-05,0.00040753184097739036,-5.04488151841496e-06,-0.00044296978753566015,3.9990148082464193e-05,-8.934902637793361e-05,-0.0002169437223537761,5.903218878230977e-05,0.00292165378244305,-7.055974594911019e-06,0.0008843353265758763,0.0006113675393678106,-0.0009281993825725644,0.0,0.0008660510980974892,0.0002501788627915584,-8.144730395465511e-05,0.0,-0.0001087267669479629,0.001646025451515528,0.0014456754111726324,0.0003039896672664135,-1.4552872991083393e-05,-0.00030477802788297616,-2.133930994331201e-05,0.0018187765655548415,-4.288103387416073e-05,-0.0006233558376224241,0.00011688877553567666,0.0006432514587142425,-0.00016524568883937647,-0.0004945128899619206,0.0010548773916274749,-0.00016006396649642033,-9.771636980407543e-05,-0.00014172254269883368,0.0007625402972943725,0.0,0.0005521680070263161,0.0,0.0004034068582017059,-0.00021328685673234498,-0.00042644677452663963,-0.0007276784222016116,-0.0001967482899348035,-0.0001572318598961098,-4.800049892532344e-06,-0.00011267847809038791,1.8861057815815653e-05,0.0005160903409805731,3.601740816298503e-05,-0.0008572043189359595,0.0,0.0,-0.00026586174914787,-0.00046900028961095356,0.008928173086376529,0.0015110986893192382,-0.00021353005393379975,0.0,-0.00020280273584355853,0.0,-0.0003346381814822486,0.000939452959334532,0.0004930267973108349,-0.000564834660807312,6.272987869776822e-05,-2.752126252466333e-05,-0.00011311314442747952,0.0,0.0004241769857452765,-0.000525497576919527,-6.663431778438354e-05,-0.0002677278717705624,-0.00033652098893326014,3.3079368976202454e-06,0.0005402713650497631,0.0,0.0,0.0,0.0,0.0,0.0,0.0,0.0,6.487233898330825e-05,0.0,0.0
2022-03-09,-0.0003645112598346618,0.0015729687085616253,0.0,-1.4378849166340763e-06,-0.0003532007351576445,-0.0003510851244220919,-0.0007379808782128332,5.4707340259767034e-05,0.00030978677467460424,0.00039062072429988466,-0.0008335038265878661,2.6356496935034607e-06,0.0,-0.03242713791248033,0.005648622249617561,5.163247584602836e-05,0.0007303991317131767,-0.0004978828530421539,0.0003241728920523206,-0.001059706098722836,-0.0001761913278347524,0.0009366743629205295,-6.621611692163285e-05,0.00040753184097739036,-5.04488151841496e-06,-0.0015431986710733453,3.9990148082464193e-05,6.0211556162066525e-05,-0.00022043000593199828,5.903218878230977e-05,0.00292165378244305,-7.055974594911019e-06,0.0006830441129295889,0.0006113675393678106,-0.0009281993825725644,0.0,0.0009543837834199193,0.0002501788627915584,-2.344747424088986e-05,0.0,-0.0001087267669479629,0.0017755947711385598,0.0014456754111726324,0.00030489789168851127,-1.4552872991083393e-05,-0.00030477802788297616,-2.5470249871980056e-05,0.0017786597154776386,-1.9731421201887446e-05,-0.0008762031181491326,0.00023263597203395726,0.0009229887766798215,-7.750426300366599e-05,-0.0004945128899619206,0.0016016340178647182,-0.00016006396649642033,-9.771636980407543e-05,-0.00014172254269883368,0.0007625402972943725,0.0,0.0005521680070263161,0.0,0.0004034068582017059,-0.00021328685673234498,-0.0004962644544706719,-0.0019377749228663423,-0.00046823685906314735,-0.0001572318598961098,-4.800049892532344e-06,-0.00014424301444730366,-6.063525694025571e-05,0.0007468453264332422,3.601740816298503e-05,-0.00088113402142723,0.0,0.0,-0.00026586174914787,-0.0004244056533412765,-0.0024258507469206866,-0.0005495695981028745,6.630877830106905e-05,0.0,-0.00020280273584355853,0.0,-0.0003346381814822486,0.0005722860450482962,0.0004930267973108349,-0.0016404462717312276,6.272987869776822e-05,0.00016760448877519964,-0.00014998737858069303,0.0,0.0004241769857452765,-0.0005967091683297865,-0.00020472777596726064,-0.00048409122714245336,-0.00033652098893326014,3.3079368976202454e-06,0.0005402713650497631,0.0,0.0,0.0,0.0,0.0,0.0,0.0,0.0,4.573726428754741e-05,0.0,0.0
2022-03-16,-0.0003645112598346618,0.0015729687085616253,0.0,-1.4378849166340763e-06,-0.00017168057373517803,-0.0002406583941444778,0.0005021059549628636,5.4707340259767034e-05,0.00030978677467460424,0.00036001579869056924,-0.0008198468095291624,2.6356496935034607e-06,0.0,-0.014038308790498541,0.005921085602988559,5.163247584602836e-05,0.00021675778956198796,-0.0004978828530421539,-5.132570308620487e-05,-0.0010064660872189286,-4.9266453801968814e-05,0.0011507628499950158,7.576997264942186e-06,0.00040753184097739036,-8.592724947268591e-05,-0.0015431986710733453,1.599503246197973e-05,0.0001270803715736999,0.0003979895243588022,5.903218878230977e-05,0.0027355091602151486,-7.055974594911019e-06,0.0006830441129295889,0.000666672468902973,-0.0007888980743347326,0.0,0.000779105589911177,0.00025913572925075057,-8.144730395465511e-05,0.0,4.3650471236005353e-05,0.0017755947711385598,0.001686116854571422,0.0003039896672664135,-1.4552872991083393e-05,-0.00030477802788297616,-2.5470249871980056e-05,0.0017786597154776386,-1.9731421201887446e-05,-0.0007647026158130757,0.00023263597203395726,0.0009686915466298475,-0.00016524568883937647,-0.0004945128899619206,0.0020067643714296157,3.570114031673016e-05,-9.771636980407543e-05,-0.00014172254269883368,0.0007625402972943725,0.0,0.0005521680070263161,0.0,0.0004034068582017059,-0.00021328685673234498,-0.0005101717593092947,0.00018719261734981234,-0.00046823685906314735,0.00021897151192721984,-4.800049892532344e-06,-0.00014424301444730366,-6.063525694025571e-05,0.0007468453264332422,3.601740816298503e-05,-0.00088113402142723,0.0,0.0,-0.00026586174914787,0.0034812918633414193,-0.0024115490462752447,0.0008618408481177964,-0.00021353005393379975,0.0,-0.00020280273584355853,0.0,-3.453841505158548e-05,0.00045998606357153,0.0004930267973108349,-0.0016404462717312276,-0.0015570861731769071,0.00016760448877519964,-7.086762233749088e-05,0.0,0.0004241769857452765,-0.0003159345314035721,-7.089038449974992e-05,-0.00048409122714245336,-0.000924538180861683,3.3079368976202454e-06,6.30821417304211e-05,0.0,0.0,0.0,0.0,0.0,0.0,0.0,0.0,6.487233898330825e-05,0.0,0.0
2022-03-23,-0.0003645112598346618,0.0009438281450366049,0.0,0.00019975093776104078,-0.00017168057373517803,-0.0002406583941444778,0.0005021059549628636,5.4707340259767034e-05,-0.0006489783840335479,0.00036001579869056924,-0.0009017710426206613,2.6356496935034607e-06,0.0,0.011617696111378422,0.005523104469790262,5.163247584602836e-05,0.00021675778956198796,-0.00040300406082644457,0.0003241728920523206,-0.00039735107685594245,-4.9266453801968814e-05,0.0011507628499950158,7.576997264942186e-06,0.00040753184097739036,-8.592724947268591e-05,-0.0023555220010893947,3.9990148082464193e-05,-8.934902637793361e-05,-0.000738338198152683,-1.5349121551358976e-06,0.0028762129225162114,-1.9466774217974547e-05,0.0004820037039404011,0.0006113675393678106,-0.0007888980743347326,0.0,-0.0019122689678390565,0.0002728078918599734,-8.144730395465511e-05,0.0,4.3650471236005353e-05,0.0015797470654461759,0.0017294880983888023,0.0003039896672664135,-1.4552872991083393e-05,-0.00030477802788297616,-2.133930994331201e-05,0.0017329248677121758,-1.9731421201887446e-05,-0.0006233558376224241,0.00011688877553567666,0.0009315018684719716,-0.00016524568883937647,-0.0003956510603991891,0.001917701620128473,3.570114031673016e-05,-9.771636980407543e-05,-0.00014172254269883368,0.0007625402972943725,0.0,0.0005521680070263161,0.0,0.0004034068582017059,-0.00021328685673234498,-0.0004719914583377472,-0.0007247142808317314,-0.0001967482899348035,0.00021897151192721984,-4.800049892532344e-06,-0.00014424301444730366,-6.063525694025571e-05,0.0007468453264332422,3.601740816298503e-05,-0.0009391722591148609,0.0,0.0,-0.00026586174914787,0.0034812918633414193,0.012971429669584023,0.0015110986893192382,-0.0001933095942615457,0.0,-0.00020280273584355853,0.0,-3.453841505158548e-05,0.00045998606357153,0.0009346190179013605,-0.0002756287326191129,-0.0015570861731769071,0.00032726857761979566,0.0003417124861583201,0.0,-2.5690299830041552e-05,4.68396515540743e-05,0.0002654199432152456,-0.0003765042362384144,-0.000924538180861683,3.3079368976202454e-06,0.0004151256540341653,0.0,0.0,0.0,0.0,0.0,0.0,0.0,0.0,4.573726428754741e-05,0.0,0.0
2022-03-30,0.00010478873158383943,-0.00090662596593864,0.0,0.00012963111952510423,-0.00017168057373517803,-0.0002406583941444778,0.00038061239016452916,5.4707340259767034e-05,0.0003441934879486327,0.00039062072429988466,-0.0008198468095291624,-1.784050081101855e-05,0.0,0.007046798549862238,-0.0031209691788082273,5.163247584602836e-05,-0.00048492324672824944,-0.00040300406082644457,-0.0003053870397394381,-0.0010064660872189286,-4.9266453801968814e-05,0.001253284100235534,7.576997264942186e-06,0.00040753184097739036,-8.592724947268591e-05,-0.0015431986710733453,3.9990148082464193e-05,6.0211556162066525e-05,-0.00022043000593199828,-1.5349121551358976e-06,0.0029845005750278168,-1.9466774217974547e-05,0.0007159504639767601,0.0006113675393678106,-0.0007888980743347326,0.0,-0.0019122689678390565,0.0002728078918599734,-2.344747424088986e-05,0.0,4.3650471236005353e-05,0.0015797470654461759,0.0017893693517204083,0.0003039896672664135,-1.4552872991083393e-05,-0.00030477802788297616,-2.133930994331201e-05,0.0018187765655548415,-4.288103387416073e-05,-0.0008762031181491326,0.00011688877553567666,0.0009686915466298475,-7.750426300366599e-05,-0.00035862199342199017,0.001825032343153184,3.570114031673016e-05,-9.771636980407543e-05,-0.00014172254269883368,0.0007625402972943725,0.0,0.0005521680070263161,0.0,-0.00018587208521647804,-0.00021328685673234498,-0.0004403540793652626,-0.0019377749228663423,-0.00046823685906314735,0.00021897151192721984,-4.800049892532344e-06,-0.00014424301444730366,-0.0001442180884209318,0.0005160903409805731,3.601740816298503e-05,-0.0009275767534419705,0.0,0.0,-0.00026586174914787,-0.0004244056533412765,0.002761544641332327,-0.0005495695981028745,-0.0001933095942615457,0.0,-0.00020280273584355853,0.0,-0.0007427228799810924,9.281914928529427e-05,0.0004930267973108349,-0.0016404462717312276,-0.0015570861731769071,0.00032726857761979566,-0.00014998737858069303,0.0,0.0004241769857452765,-0.0005977343239296316,-0.00020472777596726064,-0.00016014088086652346,-0.00033652098893326014,3.3079368976202454e-06,0.0004151256540341653,0.0,0.0,0.0,0.0,0.0,0.0,0.0,0.0,6.487233898330825e-05,0.0,0.0
2022-04-06,0.00010478873158383943,-0.002787234451385356,0.0,-1.4378849166340763e-06,-0.00017168057373517803,-0.0002406583941444778,-0.0004897794325303992,5.4707340259767034e-05,0.0003441934879486327,9.05153180794223e-05,-0.0008198468095291624,-1.784050081101855e-05,0.0,-0.013785224497334662,-0.0031844787776097575,-0.000938573944331678,-0.00048492324672824944,-0.0004978828530421539,-5.132570308620487e-05,-0.0010105097837412322,-4.9266453801968814e-05,0.0013586530654433973,7.576997264942186e-06,0.00040753184097739036,-8.592724947268591e-05,-0.0006485860013564418,1.599503246197973e-05,0.0001270803715736999,0.0002714677246149148,5.903218878230977e-05,0.003376087717867703,-7.055974594911019e-06,0.0008843353265758763,0.0006113675393678106,-0.0008003009513455694,0.0,-0.0019122689678390565,0.00025913572925075057,-8.144730395465511e-05,0.0,0.00033543985680561857,0.0017755947711385598,0.0005151703172455394,0.0003039896672664135,-1.4552872991083393e-05,-0.0003343244675201862,-4.734223736209845e-05,-0.0009746340217394219,-0.00012421984372712428,0.001175653084011181,0.00022713571595381197,0.0006432514587142425,-0.00016524568883937647,-0.0004671679574770081,6.682382786162046e-05,3.570114031673016e-05,-9.771636980407543e-05,-0.00014172254269883368,0.0007625402972943725,0.0,0.00045568148119992245,0.0,0.0004034068582017059,-0.00021328685673234498,-0.0005101717593092947,-0.00035311638475632185,-0.00046823685906314735,0.00021897151192721984,-0.0001298950655126478,-0.0002441898590450799,1.8861057815815653e-05,0.0005160903409805731,3.601740816298503e-05,-0.0009399109502603506,0.0,0.0,-0.00026586174914787,0.004063644067664937,-0.0023938947145664847,0.0011883449023747188,-0.0001933095942615457,0.0,-0.00020280273584355853,0.0,-3.453841505158548e-05,-0.0003601368991367173,0.0004930267973108349,-0.0016404462717312276,-0.0010767774107224932,0.00016760448877519964,-7.086762233749088e-05,0.0,-0.0004046562715599563,-0.000453215852265761,-0.0002115478788467107,-0.00016014088086652346,9.648607183447469e-05,3.3079368976202454e-06,0.0005402713650497631,0.0,0.0,0.0,0.0,0.0,0.0,0.0,0.0,6.487233898330825e-05,0.0,0.0
2022-04-13,0.00010478873158383943,-0.002124200745372366,0.0,-1.4378849166340763e-06,-0.0003532007351576445,-0.0002638542843839642,0.00038061239016452916,-0.00014118914582192396,0.0003441934879486327,7.23955823573728e-05,-0.0008335038265878661,-1.784050081101855e-05,0.0,-0.03480477543099085,-0.004149293274432315,-0.000938573944331678,-0.00048492324672824944,-0.0004978828530421539,-0.0003053870397394381,-0.0016353343802816332,0.0012126074247531752,0.0007246164605404387,7.576997264942186e-06,0.0005549143683305994,-5.04488151841496e-06,-0.0014984736274865464,1.599503246197973e-05,0.0001270803715736999,-0.00034346552209766354,5.903218878230977e-05,0.0035366121953934303,-7.055974594911019e-06,0.0006790569248151588,0.0006113675393678106,-0.0009396022595834012,0.0,-0.0021946010653347385,0.0002501788627915584,-8.144730395465511e-05,0.0,0.00021822046039415927,0.001646025451515528,0.0005505751252540991,0.0003039896672664135,-1.4552872991083393e-05,-0.0003343244675201862,-4.734223736209845e-05,-0.0010203688695048848,-0.00012421984372712428,0.0013098691596555873,0.00022713571595381197,0.0006889542286642686,-0.00016524568883937647,-0.0006420795831098625,-0.0006556118596545952,-0.00016006396649642033,-9.771636980407543e-05,-0.00014172254269883368,0.0007625402972943725,0.0,-0.00041602915522284006,0.0,0.0004034068582017059,-0.00021328685673234498,-0.00042644677452663963,0.00018422847597993208,0.0001440115233260727,0.00025440159778971694,-0.0001298950655126478,-0.00011267847809038791,1.8861057815815653e-05,0.0005160903409805731,3.601740816298503e-05,-0.0009275767534419705,0.0,0.0,-0.00026586174914787,-0.0005360315573703823,0.007891644645524477,0.0011883449023747188,-0.0001933095942615457,0.0,-0.00020280273584355853,0.0,-0.0003346381814822486,-0.0003601368991367173,0.0004930267973108349,-0.0016404462717312276,-0.0010767774107224932,0.00016760448877519964,-3.39933881842774e-05,0.0,-0.0004046562715599563,-0.0007339904891919754,-0.0002072918121313443,-0.00016014088086652346,3.511979167995083e-05,3.3079368976202454e-06,0.0005402713650497631,0.0,0.0,0.0,0.0,0.0,0.0,0.0,0.0,6.487233898330825e-05,0.0,0.0
2022-04-20,0.00010478873158383943,-0.002124200745372366,0.0,-1.4378849166340763e-06,-2.2552211473969097e-05,-0.0003510851244220919,-0.0004897794325303992,-0.00014118914582192396,0.0003441934879486327,0.00010300050796668828,-0.0008335038265878661,-1.784050081101855e-05,0.0,-0.035314711167132855,-0.0028052658674637804,-0.000938573944331678,-0.00048492324672824944,-0.0004978828530421539,-0.0003053870397394381,-0.001059759487367442,-0.0001761913278347524,0.0006505566976014274,7.576997264942186e-06,-0.0004763902115963382,-5.04488151841496e-06,-5.214024870582717e-05,3.9990148082464193e-05,0.0001270803715736999,0.0002714677246149148,5.903218878230977e-05,0.0035112517436073805,-7.055974594911019e-06,0.0008803481384614465,0.0006113675393678106,0.003447390914717655,0.0,-0.0021946010653347385,0.0002501788627915584,-8.144730395465511e-05,0.0,0.00021822046039415927,0.0019710409199925616,0.0005505751252540991,0.0003039896672664135,-1.4552872991083393e-05,-0.0003343244675201862,-4.734223736209845e-05,-0.0009419367188083529,-0.00012421984372712428,0.0010641525816751241,0.00022713571595381197,0.0006710630618777594,-0.00016524568883937647,-0.0004671679574770081,-0.0007196492318620352,-0.00016006396649642033,-9.771636980407543e-05,-0.00014172254269883368,0.0007625402972943725,0.0,-0.0005507119131718362,0.0,-0.00018587208521647804,-0.00021328685673234498,-0.0004962644544706719,-0.0007643785787340169,-0.0001967482899348035,0.00025440159778971694,-0.0001298950655126478,-0.00011267847809038791,1.8861057815815653e-05,0.0005160903409805731,3.601740816298503e-05,-0.0010458996827840546,0.0,0.0,-0.00026586174914787,0.00013100594660922488,-0.0015120827291126332,-0.0004262562604008748,-0.0001933095942615457,0.0,-0.00020280273584355853,0.0,-0.00044262311355042916,-0.0002812366887764339,0.0004930267973108349,-0.0016404462717312276,-0.0010767774107224932,0.00016760448877519964,-3.39933881842774e-05,0.0,-0.0004046562715599563,-0.0008052020806022348,-0.00034538527031422145,-0.00016014088086652346,3.511979167995083e-05,3.3079368976202454e-06,0.0005402713650497631,0.0,0.0,0.0,0.0,0.0,0.0,0.0,0.0,6.487233898330825e-05,0.0,0.0
2022-04-27,0.00010478873158383943,-0.002124200745372366,0.0,-0.00022608865777044808,-2.2552211473969097e-05,-0.0003510851244220919,0.0005021059549628636,-0.00014118914582192396,0.00033075953814455314,7.23955823573728e-05,-0.0009154280596793648,-1.784050081101855e-05,0.0,-0.03544032819035965,0.0011696271893736772,-0.000938573944331678,0.00021675778956198796,-0.0004978828530421539,-0.0003053870397394381,-0.0016538110813737559,-0.0001761913278347524,0.0005480354473609093,7.576997264942186e-06,0.0005549143683305994,-5.04488151841496e-06,-0.002310796957502596,-0.0002746666756106609,-8.934902637793361e-05,0.00026785120630532227,5.903218878230977e-05,0.0033773439463936007,-7.055974594911019e-06,0.0004451101647787998,0.0006113675393678106,0.003447390914717655,0.0,-0.0021946010653347385,0.00024204268775463366,-5.053280848767778e-05,0.0,6.584322221019102e-05,0.00184147160036953,0.000490693871922493,0.0003039896672664135,-1.4552872991083393e-05,-0.0003343244675201862,-4.734223736209845e-05,-0.0010209894488748875,-0.000101070231054851,0.0008985445176169955,0.00022713571595381197,0.0006889542286642686,-0.00016524568883937647,-0.0004671679574770081,-0.0006556118596545952,-0.00016006396649642033,-9.771636980407543e-05,-0.00014172254269883368,0.0007625402972943725,0.0,-0.00041602915522284006,0.0,-0.00018587208521647804,-0.00021328685673234498,0.001761560634303161,0.00018422847597993208,-0.0001967482899348035,-0.0001572318598961098,-0.0001298950655126478,-0.00011267847809038791,1.8861057815815653e-05,0.0005160903409805731,3.601740816298503e-05,-0.0010335654859656746,0.0,0.0,-0.00026586174914787,0.0006076554554343436,0.01139537846724746,0.0015110986893192382,-0.0001933095942615457,0.0,-0.00020280273584355853,0.0,-0.00044262311355042916,0.00045998606357153,0.0004930267973108349,-0.0012538499343137822,-0.0015570861731769071,0.00016760448877519964,-0.00011311314442747952,0.0,-0.0004046562715599563,-0.0007339904891919754,0.00012476244886828482,-0.00016014088086652346,3.511979167995083e-05,3.3079368976202454e-06,0.0005402713650497631,0.0,0.0,0.0,0.0,0.0,0.0,0.0,0.0,6.487233898330825e-05,0.0,0.0
2022-05-04,0.00010478873158383943,-0.002124200745372366,0.0,-5.495382350373585e-06,-2.2552211473969097e-05,-0.0002638542843839642,0.00038061239016452916,-0.00014118914582192396,0.00033075953814455314,7.23955823573728e-05,-0.0008778600828608734,-1.784050081101855e-05,0.0,-0.03546601548816154,-0.004156927436715143,-0.000938573944331678,-0.00048492324672824944,-0.0004978828530421539,-3.5924717373850885e-06,-0.0016256516090396157,-0.0001761913278347524,0.0005451877323935643,7.576997264942186e-06,-0.00030284299313027756,-5.04488151841496e-06,-0.002310796957502596,3.9990148082464193e-05,-8.934902637793361e-05,0.00026785120630532227,5.903218878230977e-05,0.0031417240155770967,-7.055974594911019e-06,0.0004451101647787998,0.0006113675393678106,0.003447390914717655,0.0,-0.0021497561603514574,0.0002501788627915584,-8.144730395465511e-05,0.0,6.584322221019102e-05,0.0008211479576335256,0.0005505751252540991,0.0003039896672664135,0.0001953632814181039,-0.00046999303526090757,-4.734223736209845e-05,-0.0019376517861311472,-0.00048813188328837315,-0.0006233558376224241,0.00011688877553567666,0.0006889542286642686,-0.00016524568883937647,-0.0007016347911434935,-0.001308893392330117,-0.00016006396649642033,-9.771636980407543e-05,-0.00014172254269883368,0.0007625402972943725,0.0,-0.0005507119131718362,0.0,-0.00018587208521647804,-0.00021328685673234498,-0.00042644677452663963,0.0019449634472756255,0.0005138525328204299,8.67530637757568e-05,-0.0001298950655126478,-0.00011267847809038791,1.8861057815815653e-05,0.0005160903409805731,3.601740816298503e-05,-0.0010335654859656746,0.0,0.0,-0.00026586174914787,0.004063644067664937,0.012401166137306869,0.0011883449023747188,-0.0001933095942615457,0.0,9.486132638870426e-05,0.0,-0.00044262311355042916,-0.0003601368991367173,0.0004930267973108349,-0.0016404462717312276,-0.0010767774107224932,0.00016760448877519964,-0.00011311314442747952,0.0,-0.0004046562715599563,-0.000453215852265761,0.00012476244886828482,-0.00016014088086652346,9.648607183447469e-05,3.3079368976202454e-06,0.0005402713650497631,0.0,0.0,0.0,0.0,0.0,0.0,0.0,0.0,6.487233898330825e-05,0.0,0.0
2022-05-11,0.00019731152978006686,-0.002124200745372366,0.0,-0.00022608865777044808,-2.2552211473969097e-05,-0.0002638542843839642,-0.0012333560725209104,5.4707340259767034e-05,0.0002963528248705247,7.23955823573728e-05,-0.0008778600828608734,2.6356496935034607e-06,0.0,-0.03570823823584272,0.00619360228462615,-0.000938573944331678,0.0007303991317131767,-0.0004978828530421539,-0.0002576538083906183,-0.0016973683216356457,-0.0001761913278347524,0.000442666482153046,7.576997264942186e-06,6.640216443062816e-05,8.452556204438607e-06,-0.002310796957502596,3.9990148082464193e-05,-8.934902637793361e-05,-5.996834256863408e-06,5.903218878230977e-05,0.003250011668088702,-7.055974594911019e-06,0.0004451101647787998,0.0006113675393678106,0.003447390914717655,0.0,-0.002146595849379822,0.00024204268775463366,-5.053280848767778e-05,0.0,6.584322221019102e-05,0.0008211479576335256,0.000490693871922493,0.00030489789168851127,0.0001953632814181039,-0.00046999303526090757,-5.14731772907665e-05,-0.0019709696684322192,-0.0004649822706160999,-0.0006233558376224241,0.00011688877553567666,0.0006432514587142425,-0.00016524568883937647,-0.000526723165510639,-0.001308385395090428,-0.00016006396649642033,-9.771636980407543e-05,-0.00014172254269883368,0.0007625402972943725,0.0,-0.0005507119131718362,0.0,-0.00018587208521647804,-0.00021328685673234498,0.001761560634303161,-0.0007247142808317314,0.0005138525328204299,8.67530637757568e-05,-0.0001298950655126478,-0.00011267847809038791,-6.063525694025571e-05,0.0005160903409805731,3.601740816298503e-05,-0.001045160991638565,0.0,0.0,-0.00026586174914787,0.0034812918633414193,0.011881699729274855,0.0011883449023747188,-0.0001933095942615457,0.0,-0.00020280273584355853,0.0,-0.00044262311355042916,-0.0003601368991367173,0.0004930267973108349,-0.0012538499343137822,-0.0010767774107224932,0.00016760448877519964,-0.00011311314442747952,0.0,-0.0004046562715599563,-0.000453215852265761,0.00012476244886828482,-0.0002301857411239381,-0.000924538180861683,3.3079368976202454e-06,0.0005402713650497631,0.0,0.0,0.0,0.0,0.0,0.0,0.0,0.0,6.487233898330825e-05,0.0,0.0
2022-05-18,-0.0003645112598346618,0.0015729687085616253,0.0,-5.495382350373585e-06,0.00015896794994849743,-0.00015342755410635014,-0.0012333560725209104,5.4707340259767034e-05,0.0002963528248705247,-0.0004641702264811153,-0.0008642030658021697,2.6356496935034607e-06,0.0,-0.020745813605788192,0.005573488986082103,-0.000938573944331678,0.0007303991317131767,-0.0004978828530421539,0.0003719061234011404,-0.0017484913501834016,-0.0001761913278347524,0.0010796299123622646,7.576997264942186e-06,0.0005169135300366986,-8.592724947268591e-05,-0.002310796957502596,3.9990148082464193e-05,-8.934902637793361e-05,0.00026785120630532227,5.903218878230977e-05,0.0031417240155770967,-7.055974594911019e-06,0.0004451101647787998,0.000666672468902973,0.003447390914717655,0.0,-0.002146595849379822,0.00025913572925075057,-8.144730395465511e-05,0.0,6.584322221019102e-05,0.0008211479576335256,0.000490693871922493,0.00030489789168851127,0.0001953632814181039,-0.00046999303526090757,-5.14731772907665e-05,-0.0019232078472410984,-0.0004649822706160999,-0.0006233558376224241,0.00023263597203395726,0.0006432514587142425,-0.00016524568883937647,-0.000526723165510639,-0.0007781055861701668,-6.246146250259502e-05,-9.771636980407543e-05,-0.00014172254269883368,0.0007625402972943725,0.0,-0.00041602915522284006,0.0,-0.00018587208521647804,-0.00021328685673234498,0.0008971894351808805,0.0017701155470480692,0.0005138525328204299,0.00013505608083496108,0.0003282920063702741,-0.00014424301444730366,-6.063525694025571e-05,0.0007468453264332422,3.601740816298503e-05,-0.001045160991638565,0.0,0.0,0.00022701196022333536,0.0034812918633414193,0.012401166137306869,0.0011883449023747188,-0.0001933095942615457,0.0,9.486132638870426e-05,0.0,-0.00044262311355042916,-0.0003601368991367173,0.0004930267973108349,-0.0012538499343137822,-0.0010767774107224932,0.00016760448877519964,-0.00011311314442747952,0.0,-0.0004046562715599563,-0.000453215852265761,0.00012476244886828482,-0.0003765042362384144,-0.000924538180861683,3.3079368976202454e-06,6.30821417304211e-05,0.0,0.0,0.0,0.0,0.0,0.0,0.0,0.0,4.573726428754741e-05,0.0,0.0
2022-05-25,-0.0003645112598346618,0.0015729687085616253,0.0,0.00019975093776104078,-0.00017168057373517803,-6.229640250399978e-05,0.0005021059549628636,5.4707340259767034e-05,0.0002963528248705247,7.23955823573728e-05,-0.0008642030658021697,2.6356496935034607e-06,0.0,0.0065220309791887586,0.005390868971714799,-0.000938573944331678,0.0007303991317131767,-0.00037188653991457364,0.0003719061234011404,-0.0017986278590528888,-4.9266453801968814e-05,0.0011507628499950158,7.576997264942186e-06,-0.00214359754033286,0.00014396867458819833,0.002266652005966282,3.9990148082464193e-05,-8.934902637793361e-05,0.00026785120630532227,-1.5349121551358976e-06,0.0003332992985786557,-1.9466774217974547e-05,0.00047274590449150047,0.000666672468902973,-0.0008443833835244249,0.0,0.0008239504948944578,0.0002728078918599734,-8.144730395465511e-05,0.0,6.584322221019102e-05,0.0005657239594850031,0.0003544571993896877,0.00030489789168851127,0.0001953632814181039,-0.00046999303526090757,-4.734223736209845e-05,-0.0019559051501721676,-0.0004649822706160999,-0.0006233558376224241,0.0003848044678781016,0.0007692294847837012,-7.42762834433304e-05,-0.00048255120091773255,-0.0005423544657683724,3.570114031673016e-05,-9.771636980407543e-05,-0.00014172254269883368,0.0007625402972943725,0.0,-0.0005507119131718362,0.0,-0.00018587208521647804,-0.00021328685673234498,-0.0004719914583377472,0.0019449634472756255,0.0005138525328204299,0.00013505608083496108,0.0003282920063702741,-0.00014424301444730366,-6.063525694025571e-05,0.0007468453264332422,3.601740816298503e-05,-0.0008687998246088499,0.0,0.0,9.53690256338045e-05,0.0017520020698382171,0.01259530986145153,0.0011883449023747188,-0.00021353005393379975,0.0,9.486132638870426e-05,0.0,-0.00044262311355042916,-0.0003601368991367173,-9.843851452229865e-05,-0.0002756287326191129,-0.0010767774107224932,0.00032726857761979566,-0.00011311314442747952,0.0,-0.0004046562715599563,-0.0007350156447918204,0.00012476244886828482,-0.00048409122714245336,-0.000924538180861683,3.3079368976202454e-06,-0.00016275273285191574,0.0,0.0,0.0,0.0,0.0,0.0,0.0,0.0,4.573726428754741e-05,0.0,0.0
2022-06-01,0.00010478873158383943,0.0009438281450366049,0.0,-0.0004592615118907733,-0.0003532007351576445,-0.0003510851244220919,0.00038061239016452916,5.4707340259767034e-05,0.0003441934879486327,7.23955823573728e-05,-0.000848215334990454,-1.784050081101855e-05,0.0,-0.03464695147759636,-0.004163109765885888,-0.000938573944331678,-0.0005371819684117159,-0.0007903698776221276,-0.0003242940685693556,-0.0010913659065002006,-0.0001761913278347524,0.0006192474953325756,7.576997264942186e-06,0.0005549143683305994,-5.04488151841496e-06,-0.00039824474394886125,1.599503246197973e-05,0.0001270803715736999,0.0004967479440921217,5.903218878230977e-05,0.0003531200138033196,-7.055974594911019e-06,0.000485053900135113,0.000666672468902973,-0.0010296310010890096,0.0,0.0008873589104525246,0.0002580072354637907,-8.144730395465511e-05,0.0,6.584322221019102e-05,-0.00034310394306231356,-0.0005955511851740476,0.0003039896672664135,-0.0001010298344442356,-0.00030477802788297616,-4.734223736209845e-05,-0.0009726070483137641,-0.0003931066496614419,-0.0007647026158130757,0.00019846625363304432,0.0006889542286642686,-7.750426300366599e-05,-0.0010986089217920611,-0.0009378253007474815,-0.00016006396649642033,-9.771636980407543e-05,-0.00014172254269883368,0.0007625402972943725,0.0,-0.00031954262939644644,0.0,-0.0005229147240515932,-0.00021328685673234498,-0.00042644677452663963,-0.0011614451642639836,-0.0001967482899348035,8.67530637757568e-05,0.0003282920063702741,-0.00014424301444730366,1.8861057815815653e-05,0.0007468453264332422,3.601740816298503e-05,0.006222821468434705,0.0,0.0,6.587472706088714e-05,-0.00041503392629933176,0.002146978355959995,0.0010802303427180462,-0.00021353005393379975,0.0,-0.00020280273584355853,0.0,-0.0007427228799810924,-0.0003601368991367173,-9.843851452229865e-05,-0.0016404462717312276,-0.0010767774107224932,0.00016760448877519964,-3.39933881842774e-05,0.0,0.0004241769857452765,0.0013933384514934143,-0.00034538527031422145,-0.00041404636688503873,-0.00033652098893326014,3.3079368976202454e-06,-0.0007127103928944258,0.0,0.0,0.0,0.0,0.0,0.0,0.0,0.0,6.487233898330825e-05,0.0,0.0
2022-06-08,0.00010478873158383943,0.0007586522146338281,0.0,-1.4378849166340763e-06,-0.0003532007351576445,-0.0003510851244220919,-0.0007379808782128332,5.4707340259767034e-05,0.0003441934879486327,7.23955823573728e-05,-0.000848215334990454,-1.784050081101855e-05,0.0,-0.03430769022748291,0.0008833473445491064,-0.000938573944331678,0.000255023180057858,-0.0007903698776221276,-7.023273191612238e-05,-0.0011323096165621433,-0.0001761913278347524,0.00014491894676333538,7.576997264942186e-06,6.640216443062816e-05,-5.04488151841496e-06,-0.0006485860013564418,3.9990148082464193e-05,-8.934902637793361e-05,0.0002157971016421213,5.903218878230977e-05,0.0003787401585054945,-7.055974594911019e-06,0.000485053900135113,0.000666672468902973,-0.0010296310010890096,0.0,0.0008873589104525246,0.0002580072354637907,-8.144730395465511e-05,0.0,6.584322221019102e-05,-0.00039803006605334287,-0.0005649083263263173,0.0003039896672664135,-0.0001010298344442356,-0.00030477802788297616,-4.734223736209845e-05,-0.0009601900828493731,-0.00036995703698916864,-0.0008118723032181218,0.00019846625363304432,0.0006432514587142425,-7.750426300366599e-05,-0.0009236972961592067,-0.0009537967444062393,-0.00016006396649642033,-9.771636980407543e-05,-0.00014172254269883368,0.0007625402972943725,0.0,-0.0004542253873454426,0.0,-0.0005229147240515932,-0.00021328685673234498,-0.0004962644544706719,-0.0011614451642639836,-0.00046823685906314735,8.67530637757568e-05,0.0003282920063702741,-0.00014424301444730366,1.8861057815815653e-05,0.0007468453264332422,3.601740816298503e-05,0.006222821468434705,0.0,0.0,6.587472706088714e-05,-0.00041503392629933176,-0.0024810387846318106,0.0010802303427180462,-0.00021353005393379975,0.0,-0.00020280273584355853,0.0,-0.0007427228799810924,-0.0003601368991367173,-9.843851452229865e-05,-0.0016404462717312276,-0.0010767774107224932,0.00016760448877519964,-0.00014998737858069303,0.0,0.0004241769857452765,0.0013933384514934143,-0.00034538527031422145,-0.0002677278717705624,-0.00033652098893326014,3.3079368976202454e-06,-0.0007127103928944258,0.0,0.0,0.0,0.0,0.0,0.0,0.0,0.0,6.487233898330825e-05,0.0,0.0
2022-06-15,0.00010478873158383943,-0.00090662596593864,0.0,-0.00022203116033670857,-0.0003532007351576445,-0.0002599539728197415,0.00038061239016452916,5.4707340259767034e-05,0.0003441934879486327,0.00010300050796668828,-0.000848215334990454,-1.784050081101855e-05,0.0,-0.03592502067314486,-0.004163109765885888,-0.000938573944331678,-0.0005371819684117159,-0.0007592523567102568,-0.0003242940685693556,-0.0010913659065002006,-0.0001761913278347524,0.0002474401970038536,7.576997264942186e-06,-0.0023171447587989205,8.452556204438607e-06,0.002266652005966282,3.9990148082464193e-05,-8.934902637793361e-05,-0.00012167158619867885,5.903218878230977e-05,0.0005392646360312219,-7.055974594911019e-06,0.000485053900135113,0.000666672468902973,-0.0010296310010890096,0.0,0.0008873589104525246,0.00024987106042686596,-5.053280848767778e-05,0.0,6.584322221019102e-05,-0.00039803006605334287,-0.0005955511851740476,0.0003039896672664135,-0.0001010298344442356,-0.00030477802788297616,-4.734223736209845e-05,-0.0008128217741956139,-0.0003931066496614419,-0.0008118723032181218,0.00017474413470461162,0.0007692294847837012,-7.42762834433304e-05,-0.0010986089217920611,-0.0013437420473701046,-0.00016006396649642033,-9.771636980407543e-05,-0.00014172254269883368,0.0007625402972943725,0.0,-0.0004542253873454426,0.0,-0.0005229147240515932,-0.00021328685673234498,0.0023988963126493974,0.0001475283194475269,-0.00046823685906314735,-0.0001572318598961098,0.0003282920063702741,-0.00014424301444730366,1.8861057815815653e-05,0.0005160903409805731,3.601740816298503e-05,0.006222821468434705,0.0,0.0,6.587472706088714e-05,0.0002520035776802754,-0.002286152935615929,-0.0005013714075741784,-0.00021353005393379975,0.0,-0.00020280273584355853,0.0,-0.00044262311355042916,-2.641980786895431e-05,0.0004930267973108349,-0.0012538499343137822,-0.0010767774107224932,0.00016760448877519964,-0.00014998737858069303,0.0,0.0004241769857452765,0.001478439610268523,-0.00034538527031422145,-0.0002677278717705624,-0.00033652098893326014,3.3079368976202454e-06,-3.760702183631788e-05,0.0,0.0,0.0,0.0,0.0,0.0,0.0,0.0,6.487233898330825e-05,0.0,0.0
2022-06-22,0.00010478873158383943,-0.002124200745372366,0.0,-5.495382350373585e-06,-0.0003532007351576445,-0.0002638542843839642,-0.0004897794325303992,-0.00014118914582192396,-0.0006975337287285035,7.23955823573728e-05,-0.0009301395680819528,-1.784050081101855e-05,0.0,-0.03640816462734291,-0.0033920244061964987,-0.000938573944331678,0.000255023180057858,-0.0007903698776221276,7.653678348456946e-05,-0.0017407744949665734,-0.0001761913278347524,-0.002002917812417409,7.576997264942186e-06,0.0005169135300366986,-5.04488151841496e-06,-0.002310796957502596,-5.175593862063764e-05,-8.934902637793361e-05,-0.00011818530262045667,5.903218878230977e-05,-0.0008559709823565643,-7.055974594911019e-06,4.9815926452466294e-05,0.0006113675393678106,-0.0010575493435777074,0.0,-0.0020911902344364027,0.0002580072354637907,-8.144730395465511e-05,0.0,6.584322221019102e-05,-0.00034310394306231356,-0.0005649083263263173,0.0003039896672664135,-0.0001010298344442356,-0.00030477802788297616,-4.734223736209845e-05,-0.0008585566219610767,-0.0003931066496614419,-0.0005590250226914133,0.00019846625363304432,0.0006432514587142425,-0.00016524568883937647,-0.0008963523636742941,-0.0012270067271706398,-0.00016006396649642033,-9.771636980407543e-05,-0.00014172254269883368,0.0008535234587299184,0.0,-0.00031954262939644644,0.0,-0.0005229147240515932,-0.00021328685673234498,0.0008600072108454948,0.0017701155470480692,0.0005138525328204299,8.67530637757568e-05,0.0003282920063702741,-0.00011267847809038791,1.8861057815815653e-05,0.0005160903409805731,3.601740816298503e-05,0.006081598026439009,0.0,0.0,6.587472706088714e-05,0.002751521149563726,0.01230486239748163,0.0014029841296625658,-0.0001933095942615457,0.0,9.486132638870426e-05,0.0,-0.00044262311355042916,0.00045998606357153,0.0004930267973108349,-0.0012538499343137822,-0.0015570861731769071,0.00016760448877519964,-0.00011311314442747952,0.0,0.00038085346686379026,0.0008903760113303137,9.622701513569349e-05,-0.00016014088086652346,-0.000924538180861683,3.3079368976202454e-06,0.0005402713650497631,0.0,0.0,0.0,0.0,0.0,0.0,0.0,0.0,6.487233898330825e-05,0.0,0.0
2022-06-29,0.00019731152978006686,0.0009438281450366049,0.0,-5.495382350373585e-06,-0.0003532007351576445,-0.0001727231327816138,0.0005021059549628636,-0.00014118914582192396,-0.0006489783840335479,7.23955823573728e-05,-0.0009301395680819528,2.6356496935034607e-06,0.0,-0.03612034981617872,0.006515533710254326,-0.000938573944331678,0.000255023180057858,-0.0004978828530421539,7.653678348456946e-05,-0.0017879072156366316,-0.0001761913278347524,0.00014491894676333538,7.576997264942186e-06,-0.0009748288563420829,-5.04488151841496e-06,0.001919908744274102,-5.175593862063764e-05,-8.934902637793361e-05,-0.0014006636870163578,5.903218878230977e-05,-0.0008559709823565643,-7.055974594911019e-06,0.000485053900135113,0.0006113675393678106,-0.0010296310010890096,0.0,-0.0020911902344364027,0.0002501788627915584,-8.144730395465511e-05,0.0,6.584322221019102e-05,-0.00034310394306231356,-0.0005649083263263173,0.0003039896672664135,-0.0001010298344442356,-0.00030477802788297616,-5.14731772907665e-05,-0.001005924930614836,-0.0004649822706160999,-0.0005590250226914133,0.00017474413470461162,0.0007620413056325444,-7.42762834433304e-05,-0.0009748507330411911,-0.0012791966779229756,-0.00016006396649642033,-9.771636980407543e-05,-0.00014172254269883368,0.0008535234587299184,0.0,-0.0004542253873454426,0.0,-0.0005229147240515932,-0.00021328685673234498,-0.00042644677452663963,0.00125889972261653,0.0005138525328204299,8.67530637757568e-05,0.0003282920063702741,-0.00014424301444730366,-6.063525694025571e-05,0.0007468453264332422,3.601740816298503e-05,0.0005002982260565895,0.0,0.0,9.53690256338045e-05,-0.00041503392629933176,0.01243672267431064,0.0014029841296625658,-0.0001933095942615457,0.0,9.486132638870426e-05,0.0,-0.0007427228799810924,0.0003407471064172814,0.0004930267973108349,-0.0016404462717312276,-0.0010767774107224932,0.00016760448877519964,-0.00011311314442747952,0.0,-2.5690299830041552e-05,0.0009248422900436519,-9.074942599225888e-06,-0.0003765042362384144,-0.00033652098893326014,3.3079368976202454e-06,0.0005402713650497631,0.0,0.0,0.0,0.0,0.0,0.0,0.0,0.0,6.487233898330825e-05,0.0,0.0
2022-07-06,-0.00019358560854845842,0.0015729687085616253,0.0,0.0004309212847811291,-0.0003532007351576445,-0.0002599539728197415,-0.0004897794325303992,-0.00014118914582192396,0.0003441934879486327,7.23955823573728e-05,-0.000848215334990454,-1.784050081101855e-05,0.0,-0.03633876365909303,-0.003533509464388546,-0.000938573944331678,0.0007686645222090468,-0.0004978828530421539,0.000452035378623095,-0.0011446059180041078,-0.0001761913278347524,0.0002474401970038536,7.576997264942186e-06,6.640216443062816e-05,8.452556204438607e-06,0.001919908744274102,-5.175593862063764e-05,-8.934902637793361e-05,-0.0003469518056758858,5.903218878230977e-05,-0.0008834032352493606,-7.055974594911019e-06,0.000485053900135113,0.0006136988209202133,-0.0010296310010890096,0.0,-0.0020911902344364027,0.0002501788627915584,-8.144730395465511e-05,0.0,6.584322221019102e-05,-0.00039803006605334287,-0.0005649083263263173,0.00030489789168851127,-0.0001010298344442356,-0.00030477802788297616,-4.734223736209845e-05,-0.0009268722005483013,-0.00048813188328837315,-0.0008118723032181218,-0.00043780826134160014,0.0007163385356825184,-7.750426300366599e-05,-0.000526723165510639,-0.0013432340501304157,-0.00016006396649642033,-9.771636980407543e-05,-0.00014172254269883368,0.0008535234587299184,0.0,-0.0005507119131718362,0.0,-0.0005229147240515932,-0.00021328685673234498,-0.0004962644544706719,-0.0011614451642639836,-0.0001967482899348035,8.67530637757568e-05,0.0003282920063702741,-0.00014424301444730366,1.8861057815815653e-05,0.0007468453264332422,3.601740816298503e-05,0.0004995595349110997,0.0,0.0,9.53690256338045e-05,-0.00046900028961095356,-0.0025176270416258054,0.0010802303427180462,-0.0001933095942615457,0.0,-0.00020280273584355853,0.0,-0.0007427228799810924,-0.0003601368991367173,0.0004930267973108349,-0.000564834660807312,-0.0010767774107224932,0.00016760448877519964,-0.00011311314442747952,0.0,-0.0004046562715599563,-5.4527618982070584e-05,-0.00034538527031422145,-0.0003064593759809998,-0.00033652098893326014,3.3079368976202454e-06,0.0005402713650497631,0.0,0.0,0.0,0.0,0.0,0.0,0.0,0.0,4.573726428754741e-05,0.0,0.0
2022-07-13,-0.0003645112598346618,0.0015729687085616253,0.0,-0.0005523045416791535,-0.0003532007351576445,-0.0003510851244220919,0.0005021059549628636,5.4707340259767034e-05,-0.0006835089974491372,0.00010300050796668828,-0.000848215334990454,-1.784050081101855e-05,0.0,-0.036453346437063314,0.0033703820023004024,-0.000938573944331678,0.000255023180057858,-9.659456744500388e-05,7.653678348456946e-05,-0.0010790696050582361,-0.0001761913278347524,0.00014491894676333538,7.576997264942186e-06,0.0005549143683305994,8.452556204438607e-06,-0.0006485860013564418,0.0001734749054236258,0.0001270803715736999,0.0002714677246149148,5.903218878230977e-05,-0.0008203218978125148,-7.055974594911019e-06,0.000485053900135113,0.0006136988209202133,-0.0010296310010890096,0.0,-0.0020880299234647673,0.0002501788627915584,-8.144730395465511e-05,0.0,6.584322221019102e-05,-0.00039803006605334287,-0.0005649083263263173,0.0003039896672664135,-0.0001010298344442356,-0.00030477802788297616,-4.734223736209845e-05,-0.0009601900828493731,-0.0004649822706160999,-0.0007003718008820649,-0.00041408614241316745,0.0006889542286642686,-0.00016524568883937647,-0.000563752232487838,-0.0013356474478046867,-0.00016006396649642033,-9.771636980407543e-05,-0.00014172254269883368,0.0008535234587299184,0.0,-0.00041602915522284006,0.0,-0.0005229147240515932,-0.00021328685673234498,-0.0005279018334431564,-0.0003560805261262021,-0.00046823685906314735,8.67530637757568e-05,0.0003282920063702741,-0.00014424301444730366,-6.063525694025571e-05,0.0007468453264332422,3.601740816298503e-05,0.00045782975799761675,0.0,0.0,9.53690256338045e-05,-0.00046900028961095356,-0.002508534468438635,-2.1506505925088248e-05,-0.0001933095942615457,0.0,-0.00020280273584355853,0.0,-0.0007427228799810924,-0.0003601368991367173,0.0004930267973108349,-0.0006683868261420704,-0.0010767774107224932,0.00016760448877519964,-7.086762233749088e-05,0.0,-0.00044797979044144254,3.057353979303836e-05,-0.00034538527031422145,-0.0003064593759809998,-0.00033652098893326014,3.3079368976202454e-06,0.0005402713650497631,0.0,0.0,0.0,0.0,0.0,0.0,0.0,0.0,6.487233898330825e-05,0.0,0.0
2022-07-20,-0.00019358560854845842,0.0009438281450366049,0.0,-0.0005523045416791535,-0.0003532007351576445,-0.0002599539728197415,0.00038061239016452916,5.4707340259767034e-05,-0.0007320643421440926,0.00010300050796668828,-0.00038252302204401306,-1.784050081101855e-05,0.0,-0.03633800280328303,-0.0026884513207661763,-0.000938573944331678,0.000255023180057858,-6.547704653313302e-05,7.653678348456946e-05,-0.0011006020482195325,-0.0001761913278347524,-0.0011310271414699648,7.576997264942186e-06,0.0005549143683305994,-5.04488151841496e-06,0.002266652005966282,-5.175593862063764e-05,0.0001270803715736999,0.0002714677246149148,5.903218878230977e-05,-0.0017193622226070254,-7.055974594911019e-06,0.000485053900135113,0.0006136988209202133,-0.0010296310010890096,0.0,0.0008873589104525246,0.0002501788627915584,-8.144730395465511e-05,0.0,6.584322221019102e-05,-0.00039803006605334287,-0.0005649083263263173,0.0003039896672664135,-0.0001010298344442356,-0.00030477802788297616,-4.734223736209845e-05,-0.0009601900828493731,-0.00048813188328837315,-0.0008118723032181218,-0.0005535554578398807,0.0007620413056325444,-0.00016524568883937647,-0.0005910971649727505,-0.0013432340501304157,-0.00016006396649642033,-9.771636980407543e-05,-0.00014172254269883368,0.0008535234587299184,0.0,-0.00041602915522284006,0.0,-0.0005229147240515932,-0.00021328685673234498,-0.0005279018334431564,-0.0007276784222016116,-0.00046823685906314735,-0.0001572318598961098,0.0003282920063702741,-0.00014424301444730366,1.8861057815815653e-05,0.0007468453264332422,3.601740816298503e-05,0.0004429388629886922,0.0,0.0,9.53690256338045e-05,0.00019803721436865366,-0.002508534468438635,-0.00037805806987217886,-0.00021353005393379975,0.0,-0.00020280273584355853,0.0,-0.00044262311355042916,-0.0002812366887764339,-9.843851452229865e-05,-0.0006683868261420704,-0.0010767774107224932,0.00016760448877519964,-7.086762233749088e-05,0.0,-0.00044797979044144254,3.057353979303836e-05,-0.00037392070404681274,-0.00041404636688503873,-0.00033652098893326014,3.3079368976202454e-06,0.0005402713650497631,0.0,0.0,0.0,0.0,0.0,0.0,0.0,0.0,6.487233898330825e-05,0.0,0.0
2022-07-27,-0.0003645112598346618,0.0015729687085616253,0.0,-0.0005523045416791535,-7.076793847299769e-05,-0.0002599539728197415,-0.0012333560725209104,5.4707340259767034e-05,0.00030978677467460424,0.00010300050796668828,-0.000848215334990454,2.6356496935034607e-06,0.0,-0.02937821373522826,0.005615760829170185,5.163247584602836e-05,0.0007686645222090468,3.511334878566703e-05,0.000452035378623095,-0.000524412707203907,-0.0001761913278347524,-0.0012736028002220932,-8.504526240478221e-05,6.640216443062816e-05,8.452556204438607e-06,0.002266652005966282,-5.175593862063764e-05,-8.934902637793361e-05,0.0002714677246149148,5.903218878230977e-05,-0.0017193622226070254,-7.055974594911019e-06,0.000485053900135113,0.0003130796095625389,-0.0009979957525633554,0.0,0.0008873589104525246,0.0002501788627915584,-8.144730395465511e-05,0.0,0.00021822046039415927,-0.00034310394306231356,-0.0005649083263263173,0.00030489789168851127,-0.0001010298344442356,-0.00030477802788297616,-5.14731772907665e-05,-0.001005924930614836,-0.0004649822706160999,-0.0006776562275737155,-0.00043780826134160014,0.0009960758536480974,-0.00016524568883937647,-0.0005910971649727505,-0.0009459199003128994,-0.00016006396649642033,-9.771636980407543e-05,-0.00014172254269883368,0.0008535234587299184,0.0,-0.0005507119131718362,0.0,-0.00014868854175970576,-0.00021328685673234498,-0.0004719914583377472,-0.0007276784222016116,-0.00046823685906314735,0.00025440159778971694,0.0003282920063702741,-0.00014424301444730366,-6.063525694025571e-05,0.0007468453264332422,3.601740816298503e-05,0.000443677554134182,0.0,0.0,9.53690256338045e-05,-1.275502435842059e-05,0.005898600981082656,-0.00037805806987217886,-0.00021353005393379975,0.0,-0.00020280273584355853,0.0,0.0006372604432717238,-0.0002812366887764339,-9.843851452229865e-05,-0.0006683868261420704,-0.0019464707597110613,0.00016760448877519964,-0.00014998737858069303,0.0,-0.0004046562715599563,3.057353979303836e-05,-0.00023582724586393563,-0.00048409122714245336,-0.00033652098893326014,3.3079368976202454e-06,0.0005402713650497631,0.0,0.0,0.0,0.0,0.0,0.0,0.0,0.0,4.573726428754741e-05,0.0,0.0
2022-08-03,-0.0003645112598346618,0.0015729687085616253,0.0,0.0010865180942761842,-7.076793847299769e-05,-0.00014952724254212746,0.00045183969671681585,5.4707340259767034e-05,0.00030978677467460424,0.00010300050796668828,-0.000782278832710671,-0.0001219427258194272,0.0,0.02917412108456499,0.005241795509342247,5.163247584602836e-05,0.0007686645222090468,0.0007483960042658922,0.0004709424074530125,-0.0006112326171081406,0.00014396246465810236,0.0007789555516662938,-8.504526240478221e-05,0.0005549143683305994,0.00014396867458819833,0.0019299971083060199,-5.175593862063764e-05,-8.934902637793361e-05,0.0004967479440921217,-1.5349121551358976e-06,-0.0017434976594588342,-1.9466774217974547e-05,0.00047274590449150047,0.0006136988209202133,-0.0006821697366563161,0.0,0.000779105589911177,0.0002728078918599734,-8.144730395465511e-05,0.0,0.00021822046039415927,-0.0021397518262476368,-0.000612627859273741,0.0003147568405531006,-1.4552872991083393e-05,-0.00030477802788297616,-5.14731772907665e-05,-0.002325878165172401,-0.0004649822706160999,-0.0008118723032181218,-0.00043780826134160014,0.0010045889454402474,-7.750426300366599e-05,-0.0010452036293103794,-0.0005245051728163354,3.570114031673016e-05,-9.771636980407543e-05,-0.00014172254269883368,0.0008535234587299184,0.0,-0.000348788345307069,0.0,-0.0008477753995040233,-0.00021328685673234498,-0.0005418091382817793,-0.0019803880275114046,-0.00046823685906314735,0.00021897151192721984,-0.0001298950655126478,-0.00014424301444730366,-6.063525694025571e-05,0.0007468453264332422,3.601740816298503e-05,-0.0007394647330047707,0.0,0.0,9.53690256338045e-05,-0.0003704392900296547,-0.002850494648490164,-0.00037805806987217886,-0.00021353005393379975,0.0,-0.00020280273584355853,0.0,-0.0007427228799810924,-0.0002812366887764339,-0.00018660751964866414,-0.0006683868261420704,-0.0019464707597110613,0.00032726857761979566,0.0003048382520051066,0.0,0.0004241769857452765,0.0008065323219729241,-0.00034538527031422145,-0.00048409122714245336,-0.00033652098893326014,3.3079368976202454e-06,0.0004151256540341653,0.0,0.0,0.0,0.0,0.0,0.0,0.0,0.0,4.573726428754741e-05,0.0,0.0
2022-08-10,0.00010478873158383943,0.0015729687085616253,0.0,0.0010865180942761842,-7.076793847299769e-05,-0.00014952724254212746,0.00038061239016452916,5.4707340259767034e-05,0.0003441934879486327,0.00010300050796668828,-0.000782278832710671,-1.784050081101855e-05,0.0,0.009121851455042029,-0.0036663997308171025,5.163247584602836e-05,-0.0005371819684117159,0.0007483960042658922,-0.00044293333422697174,-0.0005927559160160179,-4.9266453801968814e-05,-0.0004969905365670063,-8.504526240478221e-05,0.00040753184097739036,-8.592724947268591e-05,0.0019299971083060199,-0.00011718680264901484,0.0001270803715736999,0.0004967479440921217,-1.5349121551358976e-06,-0.0018255130774595164,-1.9466774217974547e-05,0.00047274590449150047,0.0006136988209202133,-0.0007783477845610086,0.0,0.0008642779642619715,0.0002728078918599734,-8.144730395465511e-05,0.0,0.00021822046039415927,-0.0019572018356219297,-0.0006432707181214713,0.0003039896672664135,-1.4552872991083393e-05,-0.00030477802788297616,-4.734223736209845e-05,-0.0020386646676494413,-0.00048813188328837315,-0.0008118723032181218,-0.00043780826134160014,0.0010045889454402474,-0.00016524568883937647,-0.0010452036293103794,-0.0005245051728163354,3.570114031673016e-05,-9.771636980407543e-05,-0.00014172254269883368,0.0008535234587299184,0.0,-0.00025607356973831414,0.0,-0.0005229147240515932,-0.00021328685673234498,-0.0005418091382817793,-0.0007276784222016116,-0.00046823685906314735,0.00021897151192721984,-0.0001298950655126478,-0.00014424301444730366,-0.0001442180884209318,0.0007468453264332422,3.601740816298503e-05,-0.0007278692273318803,0.0,0.0,9.53690256338045e-05,-0.00041503392629933176,-0.002850494648490164,-0.00037805806987217886,6.630877830106905e-05,0.0,-0.00020280273584355853,0.0,-0.0007427228799810924,-0.0002812366887764339,-9.843851452229865e-05,-0.0006683868261420704,-0.0019464707597110613,0.00032726857761979566,0.0003839580082483087,0.0,0.0004241769857452765,0.0008065323219729241,-0.00037392070404681274,-0.00041404636688503873,-0.00033652098893326014,3.3079368976202454e-06,0.0004151256540341653,0.0,0.0,0.0,0.0,0.0,0.0,0.0,0.0,6.487233898330825e-05,0.0,0.0
2022-08-17,0.00010478873158383943,0.0009438281450366049,0.0,-0.0006204412136753452,-7.076793847299769e-05,-0.00014952724254212746,-0.0003137202107153361,5.4707340259767034e-05,0.0003441934879486327,0.00012112024368873776,-0.000782278832710671,-1.784050081101855e-05,0.0,-0.0034633017507019505,-0.0036663997308171025,5.163247584602836e-05,-0.0005371819684117159,0.0008156113414018405,-0.00044293333422697174,-0.0006459959275199251,-4.9266453801968814e-05,-0.0013614700677210985,-8.504526240478221e-05,0.00040753184097739036,-8.592724947268591e-05,0.0019299971083060199,-5.175593862063764e-05,-8.934902637793361e-05,-0.00012167158619867885,5.903218878230977e-05,-0.0018885944148963622,-7.055974594911019e-06,0.000489041088249543,0.0006136988209202133,-0.0008062661270497062,0.0,0.0008642779642619715,0.0002728078918599734,-8.144730395465511e-05,0.0,0.00033543985680561857,-0.0019572018356219297,-0.0006432707181214713,0.0003039896672664135,-1.4552872991083393e-05,-0.00030477802788297616,-4.734223736209845e-05,-0.0020386646676494413,-0.00048813188328837315,-0.0008118723032181218,-0.0005535554578398807,0.0009960758536480974,-0.00016524568883937647,-0.0010452036293103794,-0.000600348344353989,3.570114031673016e-05,-9.771636980407543e-05,-0.00014172254269883368,-9.319509785077175e-05,0.0,0.0005521680070263161,0.0,-0.0005229147240515932,-0.00021328685673234498,0.0007957343762643638,-0.0007276784222016116,-0.00046823685906314735,0.00021897151192721984,-0.0001298950655126478,-0.00014424301444730366,-0.0001442180884209318,0.0007468453264332422,3.601740816298503e-05,-0.0007278692273318803,0.0,0.0,9.53690256338045e-05,-0.00048206519405876054,-0.002652637732227653,-0.0005013714075741784,6.630877830106905e-05,0.0,-0.00020280273584355853,0.0,-0.0007427228799810924,-2.641980786895431e-05,-9.843851452229865e-05,-0.00028179048872462487,-0.0019464707597110613,0.00032726857761979566,-0.00014998737858069303,0.0,0.0004241769857452765,0.0007232129094085399,-0.00037392070404681274,-0.00041404636688503873,3.511979167995083e-05,3.3079368976202454e-06,0.0004151256540341653,0.0,0.0,0.0,0.0,0.0,0.0,0.0,0.0,6.487233898330825e-05,0.0,0.0
2022-08-24,-0.0003645112598346618,0.0015729687085616253,0.0,-0.0005760949594143157,0.0007328450546939577,-0.00014952724254212746,-0.0007882471364588808,-0.00014118914582192396,0.00030978677467460424,0.00012112024368873776,-0.000782278832710671,-0.0001219427258194272,0.0,0.021811228716213868,0.00455334365065762,5.163247584602836e-05,0.0007686645222090468,0.0007483960042658922,0.0004709424074530125,-0.0005442848374912269,0.00014396246465810236,-0.0012691184857350016,-8.504526240478221e-05,0.00045215337122754773,0.00014396867458819833,0.0019299971083060199,-5.175593862063764e-05,-8.934902637793361e-05,0.00028225437016254586,-1.5349121551358976e-06,-0.005040410303735086,-1.9466774217974547e-05,0.00047673309260593043,0.0006136988209202133,-0.0008062661270497062,0.0,0.0008611176532903359,0.0002728078918599734,-8.144730395465511e-05,0.0,0.00033543985680561857,-0.0020848257032566077,-0.000612627859273741,0.0003147568405531006,-1.4552872991083393e-05,-0.00030477802788297616,-4.734223736209845e-05,-0.002117717397715976,-0.0004649822706160999,-0.0005590250226914133,-0.00043780826134160014,0.0009622886154981359,-0.00016524568883937647,-0.0010452036293103794,-0.0004163724494219774,3.570114031673016e-05,-9.771636980407543e-05,-0.00014172254269883368,-9.319509785077175e-05,0.0,0.0009213732673168259,0.0,-0.0005229147240515932,-0.00021328685673234498,-0.0004719914583377472,0.0012985640205188157,-0.0001967482899348035,0.00021897151192721984,-0.0001298950655126478,-0.00014424301444730366,-6.063525694025571e-05,0.0007468453264332422,3.601740816298503e-05,-0.0007271305361863906,0.0,0.0,9.53690256338045e-05,0.002751521149563726,0.01010823695651903,-0.00037805806987217886,6.630877830106905e-05,0.0,9.486132638870426e-05,0.0,-0.00044262311355042916,-0.0002812366887764339,-0.00018660751964866414,-0.0006683868261420704,-0.0019464707597110613,0.00032726857761979566,0.0003417124861583201,0.0,0.0004241769857452765,0.00022025046924543929,-0.00010198985439642491,-0.00048409122714245336,-0.000924538180861683,3.3079368976202454e-06,0.0004151256540341653,0.0,0.0,0.0,0.0,0.0,0.0,0.0,0.0,4.573726428754741e-05,0.0,0.0
2022-08-31,-0.00019358560854845842,0.00165281193874084,0.0,0.0012074109155216835,0.0007328450546939577,-0.00014952724254212746,0.00014686691496590366,-0.00014118914582192396,0.0003441934879486327,0.00012112024368873776,-0.000782278832710671,0.0008254205041897918,0.0,-0.0006911388948589967,-0.003677244446442601,5.163247584602836e-05,0.0007686645222090468,0.001973973430914765,0.0004709424074530125,0.005319270242906877,-4.9266453801968814e-05,-0.0013614700677210985,-8.504526240478221e-05,-0.0005890776495451633,0.00014396867458819833,0.002347619032576592,-0.00011718680264901484,0.0001270803715736999,0.000559718929034324,-1.5349121551358976e-06,-0.004772085285485374,-7.055974594911019e-06,0.00047673309260593043,0.0006136988209202133,-0.0008062661270497062,0.0,0.0008611176532903359,0.0002646717168230487,-5.053280848767778e-05,0.0,0.00033543985680561857,-0.0019572018356219297,-0.000612627859273741,0.00030489789168851127,-1.4552872991083393e-05,-0.00030477802788297616,-4.734223736209845e-05,-0.0020386646676494413,-0.00048813188328837315,-0.0008118723032181218,-0.00043780826134160014,0.001045181063606038,1.3465142392380084e-05,-0.0010452036293103794,-0.0005245051728163354,3.570114031673016e-05,-9.771636980407543e-05,-0.00014172254269883368,-9.319509785077175e-05,0.0,0.0009506189832274484,0.0,-0.0005229147240515932,-0.00021328685673234498,0.0027459272546778725,-0.0019744750793987474,-0.00046823685906314735,0.00021897151192721984,-0.0001298950655126478,-0.00014424301444730366,-0.0001442180884209318,0.000699768541792863,3.601740816298503e-05,-0.0007278692273318803,0.0,0.0,9.53690256338045e-05,-0.0003704392900296547,-0.0017203011955908105,-0.0005013714075741784,6.630877830106905e-05,0.0,-0.00020280273584355853,0.0,-0.0007427228799810924,9.281914928529427e-05,0.0004930267973108349,-0.00028179048872462487,-0.0024267795221654754,0.00032726857761979566,-7.086762233749088e-05,0.0,0.0004241769857452765,0.0007232129094085399,-0.00037392070404681274,-0.00041404636688503873,-0.00033652098893326014,3.3079368976202454e-06,0.0004151256540341653,0.0,0.0,0.0,0.0,0.0,0.0,0.0,0.0,4.573726428754741e-05,0.0,0.0
2022-09-07,-0.0003645112598346618,0.00165281193874084,0.0,0.0010095845563595587,0.0007328450546939577,-6.229640250399978e-05,0.00011667695374918838,5.4707340259767034e-05,-0.00040923062282075505,0.0001236510194153781,-0.0005841194642250907,-0.0001219427258194272,0.0,0.03815418291430507,0.005244484889360234,0.0016976773730254793,0.0007686645222090468,0.0019067580937788167,0.0005951729382115834,0.01690160763923581,0.00018022780812045047,-0.0010267156719051289,-8.504526240478221e-05,0.0004318706491893771,0.00014396867458819833,0.0023342601092735385,-5.175593862063764e-05,-8.934902637793361e-05,-0.0005024325379258207,-1.5349121551358976e-06,-0.004345121155542078,-1.9466774217974547e-05,0.00047673309260593043,0.0006136988209202133,-0.000762516396420831,0.0,0.0008642779642619715,0.0002728078918599734,-8.144730395465511e-05,0.0,0.00018306261862165033,-0.00044339678629259503,-0.0005632096937340796,0.0003147568405531006,-1.4552872991083393e-05,-0.0002082120521357803,-5.14731772907665e-05,-0.002250273142103634,-0.0004649822706160999,-0.0008118723032181218,-0.00043780826134160014,-0.0046736383021793535,-0.00016524568883937647,-0.0009306787684482846,-0.0008675022378591116,3.570114031673016e-05,-0.0001014223162527924,-0.00014172254269883368,-9.319509785077175e-05,0.0,0.0008248867414904324,0.0,-0.0008477753995040233,-0.0003396538180840155,-0.0005418091382817793,0.0018228106165145185,0.0004837209190914252,0.00013505608083496108,-0.0001298950655126478,-0.00014424301444730366,-6.063525694025571e-05,0.0007361161289542666,3.564214122547179e-07,-0.0007394647330047707,0.0,0.0,7.862568274302313e-05,0.0034812918633414193,-0.001822474293211163,0.0015110986893192382,6.630877830106905e-05,0.0,5.2080369700615285e-05,0.0,-0.00044262311355042916,0.0007939044800666221,0.0009346190179013605,-0.0006683868261420704,-0.0024267795221654754,0.00032726857761979566,0.0003417124861583201,0.0,-0.00022722316539809797,-0.0005375604204299904,-0.000240083312579302,-0.00048409122714245336,-0.000924538180861683,3.3079368976202454e-06,0.0004151256540341653,0.0,0.0,0.0,0.0,0.0,0.0,0.0,0.0,-0.0005438576517101092,0.0,0.0
2022-09-14,0.00010478873158383943,0.000838495444813043,0.0,0.001587771464134529,0.0007328450546939577,-6.229640250399978e-05,-4.816611049146045e-06,5.4707340259767034e-05,0.0003441934879486327,0.0001236510194153781,-0.000782278832710671,-1.784050081101855e-05,0.0,0.03823174397648789,-0.0036994001992369818,0.0016976773730254793,-0.0005371819684117159,0.0019067580937788167,-0.0005653713118192086,0.0071613893796255565,0.00014396246465810236,-0.0011190672538912258,-8.504526240478221e-05,0.00039764264154119953,0.00014396867458819833,0.0023342601092735385,-5.175593862063764e-05,-8.934902637793361e-05,-0.0004349804483112448,-1.5349121551358976e-06,-0.004521149312918698,-1.9466774217974547e-05,0.00047673309260593043,0.0006136988209202133,-0.000762516396420831,0.0,0.0008642779642619715,0.0002728078918599734,-8.144730395465511e-05,0.0,0.00018306261862165033,-0.0003884706633015657,-0.0005938525525818098,0.00031384861613100286,-1.4552872991083393e-05,-0.00046999303526090757,-4.734223736209845e-05,-0.0022626901075680256,-0.00048813188328837315,-0.0006776562275737155,-0.0005535554578398807,-0.0046736383021793535,-0.00016524568883937647,-0.0009306787684482846,-0.0008470522195989006,3.570114031673016e-05,-0.0001014223162527924,-0.00014172254269883368,-9.319509785077175e-05,0.0,0.00042643576528929994,0.0,-0.0008477753995040233,-0.0003396538180840155,-0.0004719914583377472,0.00023692354544638133,0.0004837209190914252,0.00013505608083496108,-0.0001298950655126478,-0.00014424301444730366,1.8861057815815653e-05,0.000699768541792863,3.564214122547179e-07,-0.0007155350305135003,0.0,0.0,7.862568274302313e-05,-0.00046900028961095356,0.008747263150518544,0.0015110986893192382,6.630877830106905e-05,0.0,-0.00020280273584355853,0.0,-0.0007427228799810924,0.0007939044800666221,0.0009346190179013605,-0.0002756287326191129,-0.0024267795221654754,0.00032726857761979566,0.0003417124861583201,0.0,-0.0004046562715599563,-0.0008183350573562048,-0.00023582724586393563,-0.0002677278717705624,-0.00033652098893326014,3.3079368976202454e-06,0.0004151256540341653,0.0,0.0,0.0,0.0,0.0,0.0,0.0,0.0,-0.0007713910853651563,0.0,0.0
2022-09-21,0.00010478873158383943,-0.002305227792598973,0.0,0.002343870286096005,-0.00015406811092430673,-6.229640250399978e-05,0.00014243956708553222,-0.00014118914582192396,0.00033075953814455314,0.0001236510194153781,-0.0008642030658021697,-1.784050081101855e-05,0.0,0.0373217591093467,-0.0036994001992369818,0.0016976773730254793,0.000255023180057858,0.0019067580937788167,-0.0005653713118192086,0.005819391743100934,0.00014396246465810236,-0.0010131806093349042,-8.504526240478221e-05,0.00039764264154119953,-8.592724947268591e-05,0.0023342601092735385,-5.175593862063764e-05,-8.934902637793361e-05,-0.00034346552209766354,-1.5349121551358976e-06,-0.0017570479724266154,-1.9466774217974547e-05,0.00047673309260593043,0.0006136988209202133,0.002753532589201971,0.0,0.0008611176532903359,0.0002646717168230487,-8.144730395465511e-05,0.0,0.00018306261862165033,-0.00019302451444756362,-0.0005632096937340796,0.00031384861613100286,-1.4552872991083393e-05,-0.00046999303526090757,-4.734223736209845e-05,-0.0021915474013530357,-0.00048813188328837315,-0.0005590250226914133,-0.0005535554578398807,-0.004677040742187268,-0.00016524568883937647,-0.0009306787684482846,-0.0008029568684119827,3.570114031673016e-05,-0.0001014223162527924,-0.00014172254269883368,-9.319509785077175e-05,0.0,0.00042643576528929994,0.0,-0.0008477753995040233,-0.0003396538180840155,0.0015203412748570659,0.0002398876868162616,0.0004837209190914252,0.00013505608083496108,-0.0001298950655126478,-0.00011267847809038791,1.8861057815815653e-05,0.00046901355634019386,3.564214122547179e-07,-0.0006252832009126992,0.0,0.0,7.862568274302313e-05,0.0034812918633414193,0.014512864154513309,0.0015110986893192382,6.630877830106905e-05,0.0,-0.00020280273584355853,0.0,-0.00044262311355042916,0.0007939044800666221,0.0009346190179013605,-0.00028179048872462487,-0.0024267795221654754,0.00032726857761979566,0.0003417124861583201,0.0,-0.0004046562715599563,-0.0005375604204299904,9.622701513569349e-05,-0.0002677278717705624,-0.000924538180861683,3.3079368976202454e-06,0.0004151256540341653,0.0,0.0,0.0,0.0,0.0,0.0,0.0,0.0,-0.0007713910853651563,0.0,0.0
2022-09-28,0.00010478873158383943,0.000838495444813043,0.0,0.003042950015116475,0.0005505180788333752,-6.229640250399978e-05,-4.816611049146045e-06,-0.00014118914582192396,0.00033075953814455314,0.00010553128369332861,-0.0008642030658021697,-1.784050081101855e-05,0.0,0.033261455295693985,-0.0037070343615198103,0.0016976773730254793,0.000255023180057858,0.0019220863527281773,-0.0005653713118192086,0.005500885873933695,0.00014396246465810236,-0.0010131806093349042,-8.504526240478221e-05,0.0003596418032472987,0.00014396867458819833,0.00203396262744259,-5.175593862063764e-05,-8.934902637793361e-05,-0.00034346552209766354,-1.5349121551358976e-06,-0.0017176985192125576,-1.9466774217974547e-05,0.00047673309260593043,0.0006136988209202133,0.002753532589201971,0.0,0.0008611176532903359,0.0002646717168230487,-5.053280848767778e-05,0.0,6.584322221019102e-05,-0.00019302451444756362,-0.0005632096937340796,0.00031384861613100286,-1.4552872991083393e-05,-0.00046999303526090757,-4.734223736209845e-05,-0.0023055978277057233,-0.00048813188328837315,-0.0005590250226914133,-0.0005535554578398807,-0.005252637820132148,-0.00016524568883937647,-0.0009306787684482846,-0.0008029568684119827,3.570114031673016e-05,-0.0001014223162527924,-0.00014172254269883368,-9.319509785077175e-05,0.0,0.00042643576528929994,0.0,-0.0008477753995040233,-0.0003396538180840155,0.002108591576331636,0.0018228106165145185,0.0004837209190914252,0.00013505608083496108,-0.0001298950655126478,-0.00014424301444730366,1.8861057815815653e-05,0.000699768541792863,3.564214122547179e-07,-0.0006252832009126992,0.0,0.0,7.862568274302313e-05,0.0034812918633414193,0.01400059664523892,0.0015110986893192382,6.630877830106905e-05,0.0,9.486132638870426e-05,0.0,-0.00044262311355042916,0.0007939044800666221,0.0009346190179013605,0.00011096760479833263,-0.0024267795221654754,0.00032726857761979566,0.0003417124861583201,0.0,-0.0004046562715599563,-0.0005375604204299904,9.622701513569349e-05,-0.0002677278717705624,-0.000924538180861683,3.3079368976202454e-06,0.0004151256540341653,0.0,0.0,0.0,0.0,0.0,0.0,0.0,0.0,-0.0007713910853651563,0.0,0.0
2022-10-05,0.00019731152978006686,0.000838495444813043,0.0,-0.0006570859947646809,0.0005505180788333752,-6.229640250399978e-05,0.0002180942215181904,-0.00014118914582192396,-0.0006489783840335479,0.00036001579869056924,-0.0007183231825376689,2.6356496935034607e-06,0.0,0.036600968779425806,0.006461884505194292,0.0016976773730254793,0.0007686645222090468,0.002016489814019848,0.000452035378623095,0.016997185860690156,0.00018022780812045047,-0.0009208290273488072,0.0007432188295859134,0.00044175984862556794,0.00014396867458819833,0.0020473215507456435,-5.175593862063764e-05,-8.934902637793361e-05,-5.996834256863408e-06,-1.5349121551358976e-06,-0.0016332566400641172,-1.9466774217974547e-05,0.00047673309260593043,0.0006690037504553757,0.002753532589201971,0.0,0.0007492478753396603,0.0002806362645322057,-8.144730395465511e-05,0.0,-0.0002739505681148017,0.0017898043433554462,-0.000612627859273741,-0.0005430263346576732,-1.4552872991083393e-05,-0.0002082120521357803,-5.14731772907665e-05,-0.001410088520369425,-0.00036995703698916864,-0.0005590250226914133,-0.0004592423211646713,0.0008828559836264602,-0.00016524568883937647,-0.00040405283155083553,-0.0004163724494219774,3.570114031673016e-05,-0.0001014223162527924,-0.00014172254269883368,-9.319509785077175e-05,0.0,0.0008248867414904324,0.0,-0.0008477753995040233,-0.0003396538180840155,-0.0004719914583377472,0.0018228106165145185,0.0004837209190914252,0.00019357592579630426,-0.0001298950655126478,0.0009371526614163188,-6.063525694025571e-05,0.0007361161289542666,3.601740816298503e-05,0.006581870981228147,0.0,0.0,6.587472706088714e-05,0.0034812918633414193,0.013089011696143373,0.0010802303427180462,-0.00021353005393379975,0.0,5.2080369700615285e-05,0.0,-0.00044262311355042916,-0.00039032821791039953,0.0009346190179013605,-0.0006683868261420704,6.574428380420072e-05,0.00032726857761979566,0.0003417124861583201,0.0,-0.00044797979044144254,0.0001419024497799143,0.0004134160994704081,-0.00033777273202797704,-0.000924538180861683,3.3079368976202454e-06,-6.206356928517676e-05,0.0,0.0,0.0,0.0,0.0,0.0,0.0,0.0,4.573726428754741e-05,0.0,0.0
2022-10-12,0.00010478873158383943,-0.002305227792598973,0.0,-0.0006530284973309413,0.0005505180788333752,-6.229640250399978e-05,9.660065671985598e-05,-0.00014118914582192396,-0.0007320643421440926,0.00036001579869056924,-0.0008345583179317504,-1.784050081101855e-05,0.0,0.03551024848098269,-0.0037390765141195334,0.0016976773730254793,-0.0005371819684117159,0.002016489814019848,-0.0004618403630568892,0.006643182260851651,-0.000662001137424116,-0.0010131806093349042,0.0007432188295859134,0.00040753184097739036,-8.592724947268591e-05,0.0020473215507456435,-0.00011718680264901484,-8.934902637793361e-05,0.0002714677246149148,-1.5349121551358976e-06,-0.0016939666349897696,-1.9466774217974547e-05,0.00047673309260593043,0.0003130796095625389,0.002753532589201971,0.0,0.0007492478753396603,0.0002806362645322057,-8.144730395465511e-05,0.0,-0.0002739505681148017,0.0017898043433554462,-0.0006432707181214713,-0.0005439345590797709,-1.4552872991083393e-05,-0.00046999303526090757,-4.734223736209845e-05,-0.0012627202117156658,-0.0003931066496614419,-0.0008118723032181218,-0.0004592423211646713,0.0008828559836264602,-0.00016524568883937647,-0.00040405283155083553,-0.0005090417263972665,3.570114031673016e-05,-0.0001014223162527924,-0.00014172254269883368,-9.319509785077175e-05,0.0,0.00042643576528929994,0.0,-0.00047354921721213595,-0.0003396538180840155,0.000865552056208396,-0.0003986936307712644,0.0004837209190914252,0.00019357592579630426,-0.0001298950655126478,0.0009687171977732345,1.8861057815815653e-05,0.00046901355634019386,3.601740816298503e-05,0.006502119669989046,0.0,0.0,6.587472706088714e-05,-0.0003784786225769479,0.0026713772959127274,0.0010802303427180462,-0.00021353005393379975,0.0,-0.00020280273584355853,0.0,0.0006384745826021405,-0.00039032821791039953,0.0009346190179013605,-0.00028179048872462487,6.574428380420072e-05,0.00032726857761979566,0.0003417124861583201,0.0,-0.00044797979044144254,-0.0001388721871463001,-5.673161971209812e-05,-0.0002677278717705624,-0.00033652098893326014,3.3079368976202454e-06,0.0004151256540341653,0.0,0.0,0.0,0.0,0.0,0.0,0.0,0.0,6.487233898330825e-05,0.0,0.0
2022-10-19,0.00010478873158383943,-0.002305227792598973,0.0,-0.0006530284973309413,0.0005505180788333752,-0.00015342755410635014,0.00024385683485453422,-0.00014118914582192396,-0.0007320643421440926,0.00036001579869056924,-0.0008345583179317504,-1.784050081101855e-05,0.0,0.036098722316165496,-0.0032324464149747875,5.163247584602836e-05,-0.0005371819684117159,0.002016489814019848,-0.0004618403630568892,0.004509237165096133,0.00014396246465810236,-0.0010131806093349042,0.0007432188295859134,0.00040753184097739036,-8.592724947268591e-05,-0.0007860873021769169,-5.175593862063764e-05,-8.934902637793361e-05,-0.0003469518056758858,-1.5349121551358976e-06,-0.0018829946232186761,-1.9466774217974547e-05,0.00047673309260593043,0.00010892280718593551,0.002753532589201971,0.0,0.0007492478753396603,0.0002806362645322057,-8.144730395465511e-05,0.0,-0.0002739505681148017,0.001919373662978478,-0.0006432707181214713,-0.0005439345590797709,-1.4552872991083393e-05,-0.00046999303526090757,-4.734223736209845e-05,-0.0010340200864864325,-0.0003931066496614419,-0.0008118723032181218,-0.0004250787913570782,0.0008097689066581843,-0.00016524568883937647,-0.00040405283155083553,-0.0005169185704906064,3.570114031673016e-05,-9.771636980407543e-05,-0.00014172254269883368,-9.319509785077175e-05,0.0,0.00042643576528929994,0.0,-0.0008477753995040233,-0.0003396538180840155,-0.0005418091382817793,0.0013482949486153845,0.0004837209190914252,0.00019357592579630426,0.0003282920063702741,0.0009687171977732345,1.8861057815815653e-05,0.00046901355634019386,3.601740816298503e-05,0.006658234006993667,0.0,0.0,6.587472706088714e-05,-0.00046900028961095356,-0.0026567525341163584,0.0010802303427180462,-0.00021353005393379975,0.0,9.486132638870426e-05,0.0,-0.0007427228799810924,-0.00039032821791039953,-0.00018660751964866414,-0.0006683868261420704,6.574428380420072e-05,0.00032726857761979566,0.0003417124861583201,0.0,-0.00044797979044144254,-0.0001388721871463001,-5.673161971209812e-05,-0.0002677278717705624,-0.00033652098893326014,3.3079368976202454e-06,0.0004151256540341653,0.0,0.0,0.0,0.0,0.0,0.0,0.0,0.0,6.487233898330825e-05,0.0,0.0
2022-10-26,0.00010478873158383943,-0.000826782735759425,0.0,-0.0006530284973309413,0.0005505180788333752,-0.0002406583941444778,-0.00019229803644586023,5.4707340259767034e-05,7.542532200014205e-06,-0.00010362821681283025,-0.0008345583179317504,-1.784050081101855e-05,0.0,0.03646852740860428,-0.003615985033580784,0.0016976773730254793,0.000255023180057858,0.002016489814019848,7.653678348456946e-05,0.004602409763764724,0.00014396246465810236,-0.0010131806093349042,0.0007432188295859134,0.00040753184097739036,-8.592724947268591e-05,-0.0007860873021769169,-5.175593862063764e-05,-8.934902637793361e-05,-0.0004109176117122394,-1.5349121551358976e-06,-0.0014210602687018009,-1.9466774217974547e-05,0.00047673309260593043,0.0003130796095625389,0.002753532589201971,0.0,-0.0017950303088072707,0.0002806362645322057,-8.144730395465511e-05,0.0,-0.0006690998485381067,0.001919373662978478,-0.000612627859273741,-0.0005439345590797709,-1.4552872991083393e-05,-0.00046999303526090757,-4.734223736209845e-05,-0.0010340200864864325,-0.0003931066496614419,-0.0008118723032181218,-0.00043552020223623866,0.0007640661367081582,-0.00016524568883937647,-0.00037670789906592305,-0.0005164105732509175,3.570114031673016e-05,-0.0001014223162527924,-0.00014172254269883368,-9.319509785077175e-05,0.0,0.00042643576528929994,0.0,-0.00047354921721213595,-0.0003396538180840155,-0.0005418091382817793,-0.0007702915268466739,-0.00018023511297851486,0.00019357592579630426,0.0003282920063702741,0.0009371526614163188,1.8861057815815653e-05,0.00046901355634019386,3.601740816298503e-05,0.0066731249020025914,0.0,0.0,6.587472706088714e-05,-0.0003784786225769479,-0.0026567525341163584,-0.00037805806987217886,6.002959673926003e-05,0.0,-0.00020280273584355853,0.0,0.0006384745826021405,-0.00031142800755011617,-0.00018660751964866414,-0.0006683868261420704,6.574428380420072e-05,0.00032726857761979566,0.0003417124861583201,0.0,-0.00018389964651661174,-5.3771028371191095e-05,-5.673161971209812e-05,-0.00016014088086652346,-0.00033652098893326014,3.3079368976202454e-06,0.0004151256540341653,0.0,0.0,0.0,0.0,0.0,0.0,0.0,0.0,6.487233898330825e-05,0.0,0.0
2022-11-02,0.00010478873158383943,0.0010236713752158197,0.0,-0.0006530284973309413,0.0005505180788333752,-0.0002406583941444778,0.0002180942215181904,5.4707340259767034e-05,0.0003441934879486327,0.00012112024368873776,-0.0008345583179317504,-1.784050081101855e-05,0.0,0.036689745456892,0.0010921302686542806,0.0016976773730254793,0.0007303991317131767,0.002016489814019848,7.653678348456946e-05,0.0067353630551412625,0.00014396246465810236,-0.0009208290273488072,0.0007432188295859134,0.00040753184097739036,-8.592724947268591e-05,-0.00244829825832307,0.0001734749054236258,0.0001270803715736999,8.92753018982338e-05,-1.5349121551358976e-06,-0.0012320322804728944,-1.9466774217974547e-05,4.1495118923283664e-05,0.0003130796095625389,0.002753532589201971,0.0,-0.0018537030419240018,0.0002728078918599734,-8.144730395465511e-05,0.0,0.00018306261862165033,0.001919373662978478,0.0003544571993896877,0.0003147568405531006,-1.4552872991083393e-05,-0.00046999303526090757,-2.133930994331201e-05,-0.0002920125702766116,-0.0004649822706160999,-0.0007003718008820649,-0.00043552020223623866,0.0008097689066581843,-0.00016524568883937647,-0.00045520626843282007,-0.0005164105732509175,3.570114031673016e-05,-0.0001014223162527924,-0.00014172254269883368,-9.319509785077175e-05,0.0,0.00042643576528929994,0.0,-0.00047354921721213595,-0.0003396538180840155,-0.0005418091382817793,-0.0007702915268466739,-0.00045172368210685875,-0.00019266194575860688,0.0003282920063702741,-0.00014424301444730366,1.8861057815815653e-05,0.000699768541792863,3.601740816298503e-05,0.003212585465464752,0.0,0.0,9.53690256338045e-05,-0.0003245122592653261,-0.002651543406658087,-0.00037805806987217886,-0.0001933095942615457,0.0,-0.00020280273584355853,0.0,0.0006384745826021405,-0.00031142800755011617,-0.00018660751964866414,-0.0006683868261420704,6.574428380420072e-05,0.00032726857761979566,0.0003839580082483087,0.0,-0.0004046562715599563,0.0007232129094085399,-0.00037392070404681274,-0.0003064593759809998,-0.00033652098893326014,3.3079368976202454e-06,0.0004151256540341653,0.0,0.0,0.0,0.0,0.0,0.0,0.0,0.0,6.487233898330825e-05,0.0,0.0
2022-11-09,-0.00019358560854845842,0.0010236713752158197,0.0,-0.0005321356760854421,0.0005505180788333752,-0.0002406583941444778,0.0002180942215181904,5.4707340259767034e-05,-0.0007320643421440926,0.00012112024368873776,-0.0006363989494461701,-1.784050081101855e-05,0.0,0.036701698628041644,0.0007172397584465142,0.0016976773730254793,0.00021675778956198796,0.002016489814019848,7.653678348456946e-05,0.016561025710247132,0.00018022780812045047,-0.0009208290273488072,0.0007432188295859134,0.0004351391566693114,-8.592724947268591e-05,-0.00244829825832307,-5.175593862063764e-05,0.0001270803715736999,-0.0002481933859425664,-1.5349121551358976e-06,-0.0012951136179097402,-1.9466774217974547e-05,4.1495118923283664e-05,0.0006136988209202133,0.002753532589201971,0.0,-0.0018537030419240018,0.0002646717168230487,-8.144730395465511e-05,0.0,0.00018306261862165033,0.001919373662978478,0.0003544571993896877,0.00031384861613100286,-1.4552872991083393e-05,-0.0002082120521357803,-2.133930994331201e-05,-0.0002920125702766116,-0.0004649822706160999,-0.0008118723032181218,-0.00043552020223623866,0.0008097689066581843,-0.00016524568883937647,-0.00045520626843282007,-0.0005164105732509175,3.570114031673016e-05,-0.0001014223162527924,-0.00014172254269883368,-9.319509785077175e-05,0.0,0.00042643576528929994,0.0,-0.0008477753995040233,-0.0003396538180840155,0.002505711125924269,-0.0007702915268466739,-0.00045172368210685875,-0.00019266194575860688,0.0003282920063702741,-0.00014424301444730366,1.8861057815815653e-05,0.0007361161289542666,3.601740816298503e-05,0.003212585465464752,0.0,0.0,9.53690256338045e-05,-0.00041503392629933176,-0.002461866685100477,-0.00037805806987217886,-0.0001933095942615457,0.0,-0.0002455836925316475,0.0,-0.0007427228799810924,-0.00031142800755011617,-0.00018660751964866414,-0.00028179048872462487,6.574428380420072e-05,0.00032726857761979566,0.0003839580082483087,0.0,-0.00044797979044144254,0.0007232129094085399,-0.00037392070404681274,-0.0003064593759809998,-0.00033652098893326014,3.3079368976202454e-06,0.0004151256540341653,0.0,0.0,0.0,0.0,0.0,0.0,0.0,0.0,6.487233898330825e-05,0.0,0.0
2022-11-16,0.00019731152978006686,0.0010236713752158197,0.0,-7.484158955597093e-05,0.0005505180788333752,-0.00015342755410635014,0.0002180942215181904,5.4707340259767034e-05,-0.0007320643421440926,0.00012112024368873776,-0.0006363989494461701,-1.784050081101855e-05,0.0,0.036774566437285695,0.0026341650125283693,0.0016976773730254793,0.00021675778956198796,0.002016489814019848,7.653678348456946e-05,0.016561025710247132,0.00018022780812045047,-0.0009208290273488072,0.0007432188295859134,0.00039713831837541057,-8.592724947268591e-05,-0.0016359749283070214,-5.175593862063764e-05,-8.934902637793361e-05,0.0003702261443482342,-1.5349121551358976e-06,-0.0013473504429238623,-1.9466774217974547e-05,0.0002754418789596429,0.0006690037504553757,0.002753532589201971,0.0,-0.0018537030419240018,0.0002728078918599734,-8.144730395465511e-05,0.0,0.00018306261862165033,0.001919373662978478,0.0003544571993896877,0.00031384861613100286,-1.4552872991083393e-05,-0.0002082120521357803,-2.133930994331201e-05,-0.00033774741804207454,-0.0004649822706160999,-0.0008118723032181218,-0.00043552020223623866,0.0008097689066581843,-0.00016524568883937647,-0.00045520626843282007,-0.0004728232193036885,3.570114031673016e-05,-0.0001014223162527924,-0.00014172254269883368,-9.319509785077175e-05,0.0,0.00042643576528929994,0.0,-0.0008477753995040233,-0.0003396538180840155,-0.0004719914583377472,0.0018228106165145185,0.0004837209190914252,-0.00019266194575860688,0.0003282920063702741,-0.00014424301444730366,1.8861057815815653e-05,0.0007361161289542666,3.601740816298503e-05,0.003212585465464752,0.0,0.0,9.53690256338045e-05,0.002751521149563726,-0.0003458688296452857,-0.00037805806987217886,-0.0001933095942615457,0.0,5.2080369700615285e-05,0.0,-0.00044262311355042916,-0.00031142800755011617,-0.00018660751964866414,-0.0002756287326191129,6.574428380420072e-05,0.00032726857761979566,0.0003417124861583201,0.0,-0.00044797979044144254,0.00022025046924543929,-0.000240083312579302,-0.0003064593759809998,-0.000924538180861683,3.3079368976202454e-06,-6.206356928517676e-05,0.0,0.0,0.0,0.0,0.0,0.0,0.0,0.0,6.487233898330825e-05,0.0,0.0
2022-11-23,0.00010478873158383943,-0.000826782735759425,0.0,-0.0004553695079305553,0.0005505180788333752,-0.00015342755410635014,9.660065671985598e-05,5.4707340259767034e-05,0.00033075953814455314,9.05153180794223e-05,-0.0009164825510232491,-1.784050081101855e-05,0.0,0.03730355853576154,-0.0037072342002490185,0.0016976773730254793,-0.00048492324672824944,0.002016489814019848,-0.0004618403630568892,0.0042761756914245115,0.00014396246465810236,-0.0010131806093349042,0.0007432188295859134,0.00040753184097739036,-8.592724947268591e-05,-0.0016359749283070214,-0.00011718680264901484,-8.934902637793361e-05,0.00036660962603864166,-1.5349121551358976e-06,-0.0007459634406367978,-1.9466774217974547e-05,0.0002754418789596429,0.0006690037504553757,0.002753532589201971,0.0,-0.0018537030419240018,0.0002728078918599734,-8.144730395465511e-05,0.0,0.00018306261862165033,0.0017898043433554462,0.0004143384527212937,0.00031384861613100286,-1.4552872991083393e-05,-0.00046999303526090757,-2.133930994331201e-05,-0.00023074269027944654,-0.00048813188328837315,-0.0005590250226914133,-0.00043552020223623866,0.0008097689066581843,-0.00016524568883937647,-0.00045520626843282007,-0.00040827784985655955,3.570114031673016e-05,-0.0001014223162527924,-0.00014172254269883368,-9.319509785077175e-05,0.0,0.00042643576528929994,0.0,-0.0008477753995040233,-0.0003396538180840155,-0.0004719914583377472,-0.00039572948940138416,0.0004837209190914252,-0.00019266194575860688,0.0003282920063702741,-0.00014424301444730366,1.8861057815815653e-05,0.00046901355634019386,3.601740816298503e-05,0.003056471128460131,0.0,0.0,9.53690256338045e-05,0.003333873353887244,0.013053455159139603,0.0010802303427180462,-0.0001933095942615457,0.0,-0.00020280273584355853,0.0,-0.00044262311355042916,-0.00039032821791039953,-0.00018660751964866414,-0.0006683868261420704,6.574428380420072e-05,0.00032726857761979566,0.0003417124861583201,0.0,-0.0004046562715599563,0.00013514931047033026,9.622701513569349e-05,-0.00016014088086652346,9.648607183447469e-05,3.3079368976202454e-06,-6.206356928517676e-05,0.0,0.0,0.0,0.0,0.0,0.0,0.0,0.0,6.487233898330825e-05,0.0,0.0
2022-11-30,0.00010478873158383943,-0.002124200745372366,0.0,0.0010157564187632672,-0.00025309491433358013,-0.0002406583941444778,0.00038061239016452916,5.4707340259767034e-05,0.00033075953814455314,9.05153180794223e-05,-0.0009164825510232491,-1.784050081101855e-05,0.0,0.011119839859501407,-0.004155402127893026,5.163247584602836e-05,-0.00048492324672824944,0.0007483960042658922,-0.00044293333422697174,-0.00040704656015513126,0.0005064122220056251,0.0008074170389678007,0.0007432188295859134,0.00040753184097739036,-8.592724947268591e-05,-0.0023007085934706774,-5.175593862063764e-05,-8.934902637793361e-05,9.2761585476456e-05,-1.5349121551358976e-06,-0.001069062661948879,-1.9466774217974547e-05,4.1495118923283664e-05,0.0006690037504553757,0.002689298086063612,0.0,-0.0019122689678390565,0.0002728078918599734,-8.144730395465511e-05,0.0,0.00018306261862165033,0.0017751932143001779,0.0004143384527212937,0.0003039896672664135,-1.4552872991083393e-05,-0.00046999303526090757,-2.133930994331201e-05,2.315292494244136e-05,-0.00048813188328837315,-0.0005590250226914133,-0.00043552020223623866,0.0009315018684719716,-0.00016524568883937647,-0.0005930888270884756,-0.0004518652038037885,3.570114031673016e-05,-9.771636980407543e-05,-0.00014172254269883368,-9.319509785077175e-05,0.0,0.00045568148119992245,0.0,-0.0005229147240515932,-0.00021328685673234498,-0.0004403540793652626,-0.0007276784222016116,-0.00046823685906314735,-0.00019266194575860688,0.0003282920063702741,-0.00011267847809038791,1.8861057815815653e-05,0.0005160903409805731,3.601740816298503e-05,-0.0010752952628791574,0.0,0.0,9.53690256338045e-05,-0.00048206519405876054,0.013107711649645106,0.0010802303427180462,-0.0001933095942615457,0.0,-0.00020280273584355853,0.0,-0.0007427228799810924,-0.00039032821791039953,0.0009346190179013605,-0.000564834660807312,6.574428380420072e-05,0.00032726857761979566,0.0003048382520051066,0.0,-0.0004046562715599563,0.0006381117506334309,-9.074942599225888e-06,-0.00016014088086652346,3.511979167995083e-05,3.3079368976202454e-06,-0.0004602888311012624,0.0,0.0,0.0,0.0,0.0,0.0,0.0,0.0,6.487233898330825e-05,0.0,0.0
2022-12-07,0.00019731152978006686,-0.002124200745372366,0.0,0.0010450437796821269,-0.00025309491433358013,-0.0002406583941444778,-0.0006660764637397093,-0.00014118914582192396,0.00030978677467460424,9.05153180794223e-05,-0.0008198468095291624,2.6356496935034607e-06,0.0,0.03929340413608002,0.006119598313059513,5.163247584602836e-05,0.00021675778956198796,-6.321950926215213e-05,-0.00044293333422697174,-0.0006126627834304972,0.00014396246465810236,0.0008363429935673949,-6.621611692163285e-05,0.00039764264154119953,-8.592724947268591e-05,-0.0023446364481261193,-5.175593862063764e-05,-8.934902637793361e-05,-9.48311783508562e-06,-1.5349121551358976e-06,-0.0007618496898330631,-1.9466774217974547e-05,4.1495118923283664e-05,0.0006690037504553757,0.0024512102713975833,0.0,-0.001915429278810692,0.00032838159799220663,-5.053280848767778e-05,0.0,0.00018306261862165033,0.001919373662978478,0.0009203383620319983,0.00031384861613100286,-1.4552872991083393e-05,-1.9956110373266973e-06,-2.5470249871980056e-05,0.0003187725045624756,-0.00038364346076313633,-0.0008762031181491326,-0.00043552020223623866,-0.004476894133953083,-0.00016524568883937647,-0.00041817720145562116,0.0026076975234711414,3.570114031673016e-05,-9.771636980407543e-05,-0.00014172254269883368,-9.319509785077175e-05,0.0,0.00042643576528929994,0.0,-0.0008477753995040233,-0.0003396538180840155,0.002436078536984784,-0.000781774707866587,-0.00045172368210685875,-0.00019266194575860688,0.0003282920063702741,-0.00011267847809038791,-6.063525694025571e-05,0.0005160903409805731,3.564214122547179e-07,-0.001099224965370428,0.0,0.0,9.53690256338045e-05,-0.0005360315573703823,-0.0024308975739346706,0.0011883449023747188,-0.0001933095942615457,0.0,-0.00020280273584355853,0.0,-0.0007427228799810924,-0.00039032821791039953,0.0009346190179013605,-0.00017823832338986656,3.338042661549808e-05,0.00032726857761979566,0.0003048382520051066,0.0,-0.0004046562715599563,-0.0006098421450837564,-0.00034538527031422145,-0.0002301857411239381,3.511979167995083e-05,3.3079368976202454e-06,-0.0004602888311012624,0.0,0.0,0.0,0.0,0.0,0.0,0.0,0.0,6.487233898330825e-05,0.0,0.0
2022-12-14,-0.0003645112598346618,0.0009438281450366049,0.0,0.0012656370551022012,-0.00015406811092430673,-0.00015342755410635014,-0.0005949724253417254,-0.00014118914582192396,0.00030978677467460424,9.05153180794223e-05,-0.0008198468095291624,2.6356496935034607e-06,0.0,0.03940326941225709,0.00443185778721317,5.163247584602836e-05,0.00021675778956198796,0.0007483960042658922,9.544381231448697e-05,-0.0006637858119782532,0.00014396246465810236,0.0008363429935673949,-6.621611692163285e-05,0.0003596418032472987,-8.592724947268591e-05,-0.0023345480840942017,0.0001734749054236258,0.0001270803715736999,0.0002714677246149148,-1.5349121551358976e-06,-0.00047050337000547487,-1.9466774217974547e-05,4.1495118923283664e-05,0.0006690037504553757,0.0024512102713975833,0.0,-0.001915429278810692,0.00033651777302913137,-8.144730395465511e-05,0.0,0.00018306261862165033,0.0017898043433554462,0.0009203383620319983,0.00031384861613100286,-1.4552872991083393e-05,-1.9956110373266973e-06,-2.133930994331201e-05,0.0001589872304443251,-0.00038364346076313633,-0.0007647026158130757,-0.00043552020223623866,-0.004476894133953083,-0.00016524568883937647,-0.00041817720145562116,0.002441211923322595,3.570114031673016e-05,-9.771636980407543e-05,-0.00014172254269883368,-9.319509785077175e-05,0.0,0.00042643576528929994,0.0,-5.3736294605866586e-05,-0.0003396538180840155,-0.0004403540793652626,0.0018152423272656862,0.0004837209190914252,0.00013505608083496108,0.0003282920063702741,-0.00014424301444730366,-6.063525694025571e-05,0.0007468453264332422,3.564214122547179e-07,-0.0010868907685520478,0.0,0.0,9.53690256338045e-05,0.004063644067664937,0.0026408356513759217,0.0015110986893192382,-0.0001933095942615457,0.0,9.486132638870426e-05,0.0,-0.00044262311355042916,0.000939452959334532,0.0009346190179013605,-0.000564834660807312,6.272987869776822e-05,0.00032726857761979566,0.0004208322424015222,0.0,-0.0004046562715599563,-0.00032906750815754203,-0.0002115478788467107,-0.0003064593759809998,9.648607183447469e-05,3.3079368976202454e-06,-0.0004602888311012624,0.0,0.0,0.0,0.0,0.0,0.0,0.0,0.0,6.487233898330825e-05,0.0,0.0
2022-12-21,0.00010478873158383943,0.0009438281450366049,0.0,0.0012656370551022012,0.0005505180788333752,-0.00015342755410635014,0.0003504224289478139,-0.00014118914582192396,0.0003441934879486327,0.00012112024368873776,-0.0008198468095291624,-1.784050081101855e-05,0.0,0.03915786708381087,-0.00031464087306028236,5.163247584602836e-05,0.00021675778956198796,0.0007483960042658922,-5.132570308620487e-05,-0.0006105458004743457,0.00014396246465810236,0.0008363429935673949,-6.621611692163285e-05,0.00039764264154119953,-8.592724947268591e-05,-0.001522224754078152,3.9990148082464193e-05,0.0001270803715736999,0.0002714677246149148,-1.5349121551358976e-06,0.0007011264334197381,-1.9466774217974547e-05,0.0002754418789596429,0.00010892280718593551,0.0024512102713975833,0.0,1.864639593534988e-05,0.00033651777302913137,-8.144730395465511e-05,0.0,0.00018306261862165033,0.0017898043433554462,0.0009203383620319983,0.00031384861613100286,-1.4552872991083393e-05,-1.9956110373266973e-06,-2.133930994331201e-05,0.0001589872304443251,-0.0004067930734354096,-0.0008762031181491326,-0.0004250787913570782,-0.0047224809028813,-7.750426300366599e-05,-0.00044552213394053364,0.0023937096776042856,3.570114031673016e-05,-9.771636980407543e-05,-0.00014172254269883368,-0.0001841782592863177,0.0,0.00042643576528929994,0.0,-5.3736294605866586e-05,-0.0003396538180840155,-0.0004403540793652626,-0.0012155414499289588,0.0004837209190914252,-0.00019266194575860688,0.0003282920063702741,-0.00014424301444730366,1.8861057815815653e-05,0.0007468453264332422,3.564214122547179e-07,-0.0010752952628791574,0.0,0.0,9.53690256338045e-05,-0.0005360315573703823,0.0026408356513759217,-0.0004262562604008748,-0.00021353005393379975,0.0,-0.00020280273584355853,0.0,-0.0007427228799810924,-0.00031142800755011617,0.0009346190179013605,-0.000564834660807312,3.338042661549808e-05,0.00032726857761979566,0.0004208322424015222,0.0,-0.0004046562715599563,-0.000681053736494016,-0.00034538527031422145,-0.00041404636688503873,3.511979167995083e-05,3.3079368976202454e-06,0.0004151256540341653,0.0,0.0,0.0,0.0,0.0,0.0,0.0,0.0,6.487233898330825e-05,0.0,0.0
2022-12-28,-0.0003645112598346618,0.0009438281450366049,0.0,0.0012656370551022012,0.0005505180788333752,-0.0002406583941444778,0.0003504224289478139,5.4707340259767034e-05,-0.0006835089974491372,0.00012112024368873776,-0.0008198468095291624,-1.784050081101855e-05,0.0,0.03914971058278954,0.002638261370058665,5.163247584602836e-05,0.00021675778956198796,0.0007483960042658922,-5.132570308620487e-05,-0.0006413188030084328,0.00014396246465810236,0.0008363429935673949,-6.621611692163285e-05,0.00039764264154119953,0.00014396867458819833,-8.635166542296039e-05,3.9990148082464193e-05,-8.934902637793361e-05,0.0002714677246149148,-1.5349121551358976e-06,0.0007011264334197381,-1.9466774217974547e-05,0.00047673309260593043,0.00010892280718593551,0.0024512102713975833,0.0,2.1806706906985464e-05,0.00033651777302913137,-8.144730395465511e-05,0.0,0.00018306261862165033,0.001919373662978478,0.0009203383620319983,0.00031384861613100286,-1.4552872991083393e-05,-1.9956110373266973e-06,-2.133930994331201e-05,0.00020472207820978802,-0.00038364346076313633,-0.0008762031181491326,-0.0004250787913570782,-0.004705129589843311,-0.00016524568883937647,-0.00044552213394053364,0.002611104418002533,3.570114031673016e-05,-9.771636980407543e-05,-0.00014172254269883368,0.0007625402972943725,0.0,0.00042643576528929994,0.0,-5.3736294605866586e-05,-0.0003396538180840155,0.0008273717552368484,0.0005441333987716249,-0.00045172368210685875,0.00013505608083496108,0.0003282920063702741,-0.00014424301444730366,1.8861057815815653e-05,0.0007468453264332422,3.564214122547179e-07,-0.0010876294596975375,0.0,0.0,9.53690256338045e-05,0.00013100594660922488,-0.0026166908497633817,-0.0004262562604008748,-0.00021353005393379975,0.0,-0.00020280273584355853,0.0,-0.00044262311355042916,-0.00031142800755011617,0.0009346190179013605,-0.00017823832338986656,3.338042661549808e-05,0.00032726857761979566,0.0003048382520051066,0.0,-0.00044797979044144254,-0.0005977343239296316,-0.00034538527031422145,-0.00041404636688503873,3.511979167995083e-05,3.3079368976202454e-06,0.0004151256540341653,0.0,0.0,0.0,0.0,0.0,0.0,0.0,0.0,6.487233898330825e-05,0.0,0.0
2023-01-04,0.00010478873158383943,-0.002124200745372366,0.0,0.0007992206407769322,-0.00025309491433358013,-0.00015342755410635014,0.0003303461319184815,5.4707340259767034e-05,0.0003441934879486327,0.000393151500026525,-0.0008345583179317504,-1.784050081101855e-05,0.0,0.03117114650471324,-0.004249034069583661,5.163247584602836e-05,-0.00048492324672824944,-1.715775229294529e-06,-0.0003053870397394381,-0.0004207582797136462,0.00014396246465810236,0.0008074170389678007,-6.621611692163285e-05,0.00040753184097739036,-8.592724947268591e-05,-0.002310796957502596,-0.0002746666756106609,0.0001270803715736999,0.00026785120630532227,-1.5349121551358976e-06,0.00039392022533801216,-1.9466774217974547e-05,-0.00014517555650600715,0.00010892280718593551,0.0024512102713975833,0.0,0.00015182398624106076,0.0002646717168230487,-5.053280848767778e-05,0.0,-0.0002739505681148017,0.0017898043433554462,0.0004143384527212937,0.00031384861613100286,-0.0001010298344442356,-0.00046999303526090757,-2.133930994331201e-05,0.000749177663015849,-0.0004067930734354096,-0.0005590250226914133,-0.0004250787913570782,0.0009315018684719716,-0.00016524568883937647,-0.0006204337595733881,-0.0005342598662029546,3.570114031673016e-05,-9.771636980407543e-05,-0.00014172254269883368,0.0007625402972943725,0.0,0.00042643576528929994,0.0,-5.3736294605866586e-05,-0.00021328685673234498,0.0017987428586385469,0.0005517016880204576,0.0005138525328204299,0.00019357592579630426,-4.800049892532344e-06,-0.00011267847809038791,1.8861057815815653e-05,0.0005160903409805731,3.601740816298503e-05,-0.0010752952628791574,0.0,0.0,-7.600713685129269e-06,0.0006076554554343436,0.009459527324390194,0.0011883449023747188,6.630877830106905e-05,0.0,-0.00020280273584355853,0.0,-0.00044262311355042916,-0.00039032821791039953,0.0009346190179013605,-0.00017823832338986656,3.338042661549808e-05,0.00032726857761979566,0.0004208322424015222,0.0,-0.0004046562715599563,-0.0007350156447918204,-7.345442066383357e-05,-0.0002677278717705624,3.511979167995083e-05,3.3079368976202454e-06,0.0004151256540341653,0.0,0.0,0.0,0.0,0.0,0.0,0.0,0.0,6.487233898330825e-05,0.0,0.0
2023-01-11,0.00010478873158383943,-0.002124200745372366,0.0,0.0010157564187632672,-0.00025309491433358013,-0.00015342755410635014,-0.0009851546268384763,5.4707340259767034e-05,0.00033075953814455314,-0.00010109744108618992,-0.0009164825510232491,-1.784050081101855e-05,0.0,0.020128344963271858,-0.0029050066626151276,5.163247584602836e-05,-0.00048492324672824944,-1.715775229294529e-06,-0.0003053870397394381,-0.0004924749923096762,0.00014396246465810236,0.0008074170389678007,-6.621611692163285e-05,0.00036953100268348954,-8.592724947268591e-05,-0.002310796957502596,3.9990148082464193e-05,-8.934902637793361e-05,0.00026785120630532227,-1.5349121551358976e-06,0.0005459191838936162,-1.9466774217974547e-05,-0.0001491627446204371,0.00010892280718593551,0.002689298086063612,0.0,6.665161189026634e-05,0.0002728078918599734,-8.144730395465511e-05,0.0,-0.0006690998485381067,0.0017751932143001779,0.0004143384527212937,0.00031384861613100286,-0.0001010298344442356,-0.00046999303526090757,-2.133930994331201e-05,0.0007236299731712872,-0.0004067930734354096,-0.0005590250226914133,-0.0004250787913570782,0.0008857990985219455,-0.00016524568883937647,-0.00044552213394053364,-0.0005342598662029546,3.570114031673016e-05,-9.771636980407543e-05,-0.00014172254269883368,0.0007625402972943725,0.0,-0.0003525600955647077,0.0,-0.00018587208521647804,-0.00021328685673234498,0.0008971894351808805,0.0017671514056781892,0.0005138525328204299,0.00019357592579630426,1.2131469380131493e-05,-0.00011267847809038791,1.8861057815815653e-05,0.0005160903409805731,3.601740816298503e-05,-0.0010752952628791574,0.0,0.0,-7.600713685129269e-06,0.0013562364175987197,0.013114910548402733,0.0011883449023747188,-0.00021353005393379975,0.0,9.486132638870426e-05,0.0,-0.00044262311355042916,-0.00039032821791039953,0.0009346190179013605,-0.00017823832338986656,3.338042661549808e-05,0.00032726857761979566,0.0003417124861583201,0.0,-0.0004046562715599563,-0.0007350156447918204,0.00012476244886828482,-0.0002677278717705624,9.648607183447469e-05,3.3079368976202454e-06,0.0004151256540341653,0.0,0.0,0.0,0.0,0.0,0.0,0.0,0.0,6.487233898330825e-05,0.0,0.0
2023-01-18,0.00010478873158383943,-0.002124200745372366,0.0,0.0008887449117552683,-0.00025309491433358013,-0.00015342755410635014,0.00038061239016452916,-0.00014118914582192396,0.0003441934879486327,0.000393151500026525,-0.0008345583179317504,-1.784050081101855e-05,0.0,-0.014039550837332384,-0.0041509449462736065,5.163247584602836e-05,-0.00048492324672824944,-0.0004978828530421539,-0.0003053870397394381,-0.0005409460708344671,0.0006022093397348604,0.0011792243372965227,-6.621611692163285e-05,0.00045215337122754773,-8.592724947268591e-05,-0.002310796957502596,3.9990148082464193e-05,-8.934902637793361e-05,-9.48311783508562e-06,5.903218878230977e-05,0.0005476419737423662,-7.055974594911019e-06,-0.00013685474897682452,0.00010892280718593551,0.002689298086063612,0.0,6.349130091863076e-05,0.00025913572925075057,-8.144730395465511e-05,0.0,-0.0002739505681148017,0.00184147160036953,0.0003709672089039134,0.0003039896672664135,-0.0001010298344442356,-0.00046999303526090757,-2.133930994331201e-05,0.0007236299731712872,-0.0004067930734354096,-0.0008762031181491326,-0.0004250787913570782,0.0009686915466298475,-0.00016524568883937647,-0.000728979723628406,-0.0006586769635289793,3.570114031673016e-05,-9.771636980407543e-05,-0.00014172254269883368,0.0007625402972943725,0.0,4.5890880636424713e-05,0.0,-0.00018587208521647804,-0.00021328685673234498,-0.0004403540793652626,0.0004990066185540083,0.0005138525328204299,0.00019357592579630426,1.2131469380131493e-05,-0.00011267847809038791,1.8861057815815653e-05,0.0005160903409805731,3.601740816298503e-05,-0.0010335654859656746,0.0,0.0,-7.600713685129269e-06,-0.0005360315573703823,0.002611427642408299,0.0011883449023747188,-0.00021353005393379975,0.0,-0.00020280273584355853,0.0,-0.0007427228799810924,-0.00039032821791039953,0.0004930267973108349,-0.000564834660807312,3.338042661549808e-05,0.00016760448877519964,-0.00011311314442747952,0.0,-0.0004046562715599563,-0.0007339904891919754,-0.00034538527031422145,-0.0002677278717705624,3.511979167995083e-05,3.3079368976202454e-06,0.0005402713650497631,0.0,0.0,0.0,0.0,0.0,0.0,0.0,0.0,6.487233898330825e-05,0.0,0.0
2023-01-25,-0.0003645112598346618,0.0009438281450366049,0.0,0.0010198139161970066,-0.00017168057373517803,-0.0002406583941444778,-0.0012333560725209104,-0.00014118914582192396,0.00030978677467460424,0.000393151500026525,-0.0008345583179317504,-0.0001219427258194272,0.0,0.016297297008048568,0.005166242986140898,5.163247584602836e-05,0.0007303991317131767,-1.715775229294529e-06,0.0003241728920523206,-0.0006139122760334922,0.00014396246465810236,0.0007789555516662938,-6.621611692163285e-05,0.00040753184097739036,0.00014396867458819833,-0.002310796957502596,-0.0002746666756106609,0.0001270803715736999,0.0002714677246149148,-1.5349121551358976e-06,0.0015888571631515148,-1.9466774217974547e-05,-0.0001491627446204371,0.00010892280718593551,0.0015082565085935639,0.0,-0.001870584373827411,0.0002728078918599734,-8.144730395465511e-05,0.0,-0.0002739505681148017,0.0019047625339232096,0.0004986603077313137,0.0003147568405531006,-0.0001010298344442356,-0.00046999303526090757,-2.5470249871980056e-05,0.0006508158201630149,-0.00038364346076313633,-0.0008118723032181218,-0.0004250787913570782,0.0008857990985219455,-0.00016524568883937647,-0.00041817720145562116,-0.0005982972384103946,3.570114031673016e-05,-9.771636980407543e-05,-0.00014172254269883368,0.0007625402972943725,0.0,-0.0003525600955647077,0.0,-0.00018587208521647804,-0.00021328685673234498,0.0008273717552368484,-0.0007276784222016116,-0.0001967482899348035,0.00019357592579630426,1.2131469380131493e-05,-0.00014424301444730366,-6.063525694025571e-05,0.0007468453264332422,3.601740816298503e-05,-0.001099224965370428,0.0,0.0,-7.600713685129269e-06,0.00013100594660922488,-0.0026624035960082434,0.0011883449023747188,-0.0001933095942615457,0.0,-0.00020280273584355853,0.0,-0.00044262311355042916,-0.00039032821791039953,0.0009346190179013605,-0.00017823832338986656,3.338042661549808e-05,0.00032726857761979566,0.0004208322424015222,0.0,-0.0004046562715599563,-0.0007350156447918204,-0.00034538527031422145,-0.0003765042362384144,3.511979167995083e-05,3.3079368976202454e-06,0.0004151256540341653,0.0,0.0,0.0,0.0,0.0,0.0,0.0,0.0,4.573726428754741e-05,0.0,0.0
2023-02-01,-0.0003645112598346618,0.0015729687085616253,0.0,0.0003754542584302988,-0.00017168057373517803,-0.00015342755410635014,0.00045183969671681585,5.4707340259767034e-05,0.00030978677467460424,0.000393151500026525,-0.0008345583179317504,-0.0001219427258194272,0.0,0.03923940900290165,0.005301660448312049,5.163247584602836e-05,0.000255023180057858,-1.715775229294529e-06,-0.0002576538083906183,-0.0003905261572211516,0.00014396246465810236,0.0009104027565064062,7.576997264942186e-06,0.0004141525329336469,0.00014396867458819833,-0.002310796957502596,3.9990148082464193e-05,-8.934902637793361e-05,-9.48311783508562e-06,-1.5349121551358976e-06,0.0018276046711799378,-1.9466774217974547e-05,-0.0001491627446204371,0.00010892280718593551,0.0012815715709383723,0.0,-0.0018674240628557756,0.0002728078918599734,-8.144730395465511e-05,0.0,-0.0001087267669479629,0.0017898043433554462,-0.0004684247509321149,0.00031384861613100286,0.0001953632814181039,-0.00030477802788297616,-2.5470249871980056e-05,0.0019623486219675604,-1.9731421201887446e-05,-0.0008762031181491326,-0.00030933159485879757,0.0008063664666502697,-0.00016524568883937647,-0.00035862199342199017,-0.0005828337919913258,3.570114031673016e-05,-9.771636980407543e-05,-0.00014172254269883368,0.0007625402972943725,0.0,1.66451647258022e-05,0.0,-5.3736294605866586e-05,-0.0003396538180840155,0.0008971894351808805,0.0018198464751446384,0.0004837209190914252,0.00013505608083496108,1.2131469380131493e-05,0.0009371526614163188,-6.063525694025571e-05,0.0007468453264332422,3.601740816298503e-05,-0.0010868907685520478,0.0,0.0,-7.600713685129269e-06,0.00013100594660922488,0.0048821783146164475,0.0015110986893192382,-0.0001933095942615457,0.0,9.486132638870426e-05,0.0,-0.00044262311355042916,0.00045998606357153,0.0009346190179013605,-0.0012538499343137822,-0.0015570861731769071,0.00032726857761979566,0.0003417124861583201,0.0,-0.0004046562715599563,-0.0007350156447918204,0.00010989727220337033,-0.0003765042362384144,3.511979167995083e-05,3.3079368976202454e-06,0.0004151256540341653,0.0,0.0,0.0,0.0,0.0,0.0,0.0,0.0,6.487233898330825e-05,0.0,0.0
2023-02-08,0.00010478873158383943,0.0009438281450366049,0.0,-9.501965332870977e-05,-0.00017168057373517803,-6.229640250399978e-05,0.0003303461319184815,5.4707340259767034e-05,0.00033075953814455314,0.000393151500026525,-0.0009164825510232491,-1.784050081101855e-05,0.0,0.031848968036281795,-0.003381451229870876,5.163247584602836e-05,-0.0005371819684117159,-0.00037188653991457364,-0.0002576538083906183,-0.00043237736019245346,0.00014396246465810236,0.001253284100235534,7.576997264942186e-06,0.00040753184097739036,0.00014396867458819833,0.002266652005966282,3.9990148082464193e-05,-8.934902637793361e-05,-0.00034346552209766354,-1.5349121551358976e-06,0.0018667830244644605,-1.9466774217974547e-05,0.00028607522906220963,0.00010892280718593551,0.0012815715709383723,0.0,-0.0018674240628557756,0.0002646717168230487,-5.053280848767778e-05,0.0,-0.0001087267669479629,0.0017898043433554462,-0.0004990676097798453,0.00031384861613100286,0.0001953632814181039,-0.00030477802788297616,-2.133930994331201e-05,0.0019341498934575389,-4.288103387416073e-05,-0.0006233558376224241,-0.00044880091028551083,0.0010045889454402474,-0.00016524568883937647,-0.00035862199342199017,-0.0004982591145814545,3.570114031673016e-05,-9.771636980407543e-05,-0.00014172254269883368,0.0007625402972943725,0.0,-0.0003818058114753302,0.0,-5.3736294605866586e-05,-0.00021328685673234498,0.0017987428586385469,0.001351259089985265,0.0005138525328204299,0.00013505608083496108,1.2131469380131493e-05,0.0009371526614163188,1.8861057815815653e-05,0.0007468453264332422,3.601740816298503e-05,-0.0010335654859656746,0.0,0.0,-7.600713685129269e-06,0.004063644067664937,0.01259544414037072,0.0015110986893192382,-0.0001933095942615457,0.0,9.486132638870426e-05,0.0,-0.00044262311355042916,0.00045998606357153,0.0009346190179013605,-0.0012538499343137822,-0.0015570861731769071,0.00032726857761979566,0.0003417124861583201,0.0,-0.0004046562715599563,-0.00045424100786560604,0.00044195153320299944,-0.0003064593759809998,9.648607183447469e-05,3.3079368976202454e-06,0.0004151256540341653,0.0,0.0,0.0,0.0,0.0,0.0,0.0,0.0,6.487233898330825e-05,0.0,0.0
2023-02-15,0.00010478873158383943,-0.002124200745372366,0.0,0.00012557362209136472,-0.00017168057373517803,-6.229640250399978e-05,-0.0005400456907764467,5.4707340259767034e-05,0.00033075953814455314,0.000393151500026525,-0.0009164825510232491,-1.784050081101855e-05,0.0,0.02663286166351373,-0.0029050066626151276,5.163247584602836e-05,-0.0005371819684117159,-0.00040300406082644457,-0.0002576538083906183,-0.00045297104424072766,0.00014396246465810236,0.001253284100235534,7.576997264942186e-06,0.0005169135300366986,-8.592724947268591e-05,0.001919908744274102,3.9990148082464193e-05,-8.934902637793361e-05,-5.996834256863408e-06,-1.5349121551358976e-06,0.0018326373607921622,-1.9466774217974547e-05,0.00028607522906220963,0.00010892280718593551,0.0012815715709383723,0.0,-0.0018674240628557756,0.0002728078918599734,-8.144730395465511e-05,0.0,-0.0001087267669479629,0.0017898043433554462,-0.0004990676097798453,0.00031384861613100286,0.0001953632814181039,-0.00030477802788297616,-2.133930994331201e-05,0.001539333260488392,-4.288103387416073e-05,-0.0006233558376224241,-0.00044880091028551083,0.0009588861754902214,-0.00016524568883937647,-0.00035862199342199017,-0.0005423544657683724,3.570114031673016e-05,-9.771636980407543e-05,-0.00014172254269883368,0.0007625402972943725,0.0,-0.0004452748711334625,0.0,-5.3736294605866586e-05,-0.00021328685673234498,-0.0004403540793652626,0.0017671514056781892,0.0005138525328204299,0.00013505608083496108,1.2131469380131493e-05,0.0009687171977732345,1.8861057815815653e-05,0.0005160903409805731,3.601740816298503e-05,-0.0010335654859656746,0.0,0.0,-7.600713685129269e-06,0.00013100594660922488,0.013107711649645106,0.0015110986893192382,-0.0001933095942615457,0.0,9.486132638870426e-05,0.0,-0.00044262311355042916,0.00045998606357153,0.0009346190179013605,-0.0016404462717312276,-0.0015570861731769071,0.00032726857761979566,0.0003417124861583201,0.0,-0.0004046562715599563,-0.0007350156447918204,0.00030811414173548875,-0.00016014088086652346,3.511979167995083e-05,3.3079368976202454e-06,0.0004151256540341653,0.0,0.0,0.0,0.0,0.0,0.0,0.0,0.0,6.487233898330825e-05,0.0,0.0
2023-02-22,0.00010478873158383943,-0.002124200745372366,0.0,-1.4378849166340763e-06,-0.00017168057373517803,-0.00015342755410635014,0.00038061239016452916,4.2786912725955965e-05,0.0003441934879486327,0.000393151500026525,-0.000848215334990454,-1.784050081101855e-05,0.0,-0.023875810892575563,-0.004143310783990778,5.163247584602836e-05,-0.0005371819684117159,-0.0004978828530421539,-0.0002576538083906183,-0.0004479391383368849,0.0004752844657020768,0.0008844036272130722,7.576997264942186e-06,0.0005549143683305994,-5.04488151841496e-06,-0.0006485860013564418,-0.0002746666756106609,-8.934902637793361e-05,-0.0003469518056758858,5.903218878230977e-05,0.0035366121953934303,-7.055974594911019e-06,0.0012977166595420785,0.0006136988209202133,-0.0009281993825725644,0.0,-0.002693177627117235,0.00025913572925075057,-8.144730395465511e-05,0.0,-0.0001087267669479629,0.0017755947711385598,-0.00045134807683242157,0.0003039896672664135,0.0001953632814181039,-0.00030477802788297616,-2.133930994331201e-05,0.001539333260488392,-4.288103387416073e-05,-0.0008118723032181218,-0.0003227384885973409,0.0009686915466298475,-7.750426300366599e-05,-0.0006420795831098625,-0.0008862383095645248,-0.00016006396649642033,-9.771636980407543e-05,-0.00014172254269883368,0.0007625402972943725,0.0,-0.00041602915522284006,0.0,-0.00018587208521647804,-0.00021328685673234498,0.0008971894351808805,-0.0011614451642639836,0.0001440115233260727,0.00013505608083496108,1.2131469380131493e-05,0.0009687171977732345,1.8861057815815653e-05,0.0005160903409805731,3.601740816298503e-05,-0.0009399109502603506,0.0,0.0,0.00023520770804311895,-0.0005360315573703823,0.0003521329017776906,0.0015110986893192382,-0.0001933095942615457,0.0,-0.00020280273584355853,0.0,-0.0007427228799810924,0.00045998606357153,0.0004930267973108349,-0.0012538499343137822,-0.0015570861731769071,0.00016760448877519964,-0.00011311314442747952,0.0,-0.0004046562715599563,-0.0007339904891919754,-2.8196185979506778e-05,-0.00016014088086652346,3.511979167995083e-05,3.3079368976202454e-06,0.0005402713650497631,0.0,0.0,0.0,0.0,0.0,0.0,0.0,0.0,6.487233898330825e-05,0.0,0.0
2023-03-01,0.00010478873158383943,-0.002124200745372366,0.0,-1.4378849166340763e-06,-0.0003532007351576445,-0.0003510851244220919,0.00038061239016452916,-0.00011042481011597728,0.0003441934879486327,0.00010553128369332861,-0.0008335038265878661,-1.784050081101855e-05,0.0,-0.03507283670810724,-0.004110512682950752,5.163247584602836e-05,-0.00048492324672824944,-0.0004978828530421539,-0.0003053870397394381,-0.0009481305880233311,0.0012126074247531752,0.0006192474953325756,7.576997264942186e-06,0.0005549143683305994,-5.04488151841496e-06,-0.0023555220010893947,3.9990148082464193e-05,-8.934902637793361e-05,-0.00012167158619867885,5.903218878230977e-05,0.003291181510473334,-7.055974594911019e-06,0.0008624786858594318,0.0006113675393678106,-0.0009396022595834012,0.0,-0.002653653174849113,0.0002501788627915584,-8.144730395465511e-05,0.0,6.584322221019102e-05,0.001646025451515528,0.0015055566645042384,0.0003039896672664135,-0.0001010298344442356,-0.00030477802788297616,-2.133930994331201e-05,0.0005032323993321248,0.0007111376442409649,-0.0008762031181491326,0.00022713571595381197,0.0009686915466298475,-0.00016524568883937647,-0.0006420795831098625,0.0011994993949170322,-0.00016006396649642033,-9.771636980407543e-05,-0.00014172254269883368,0.0007625402972943725,0.0,-0.00031954262939644644,0.0,0.0004034068582017059,-0.00021328685673234498,0.0008600072108454948,0.0004914383293051757,-0.00046823685906314735,8.67530637757568e-05,1.2131469380131493e-05,0.0009747051247819798,1.8861057815815653e-05,0.0005160903409805731,3.601740816298503e-05,-0.0009275767534419705,0.0,0.0,0.00023520770804311895,0.00013100594660922488,0.0025674009171876653,0.0014029841296625658,-0.0001933095942615457,0.0,-0.00020280273584355853,0.0,-3.453841505158548e-05,0.00045998606357153,0.0004930267973108349,-0.0012538499343137822,-0.0015570861731769071,0.00016760448877519964,-0.00014998737858069303,0.0,0.0010048365422884063,0.00015355518483569258,0.00011246130836745397,-0.00016014088086652346,3.511979167995083e-05,3.3079368976202454e-06,0.0005402713650497631,0.0,0.0,0.0,0.0,0.0,0.0,0.0,0.0,6.487233898330825e-05,0.0,0.0
2023-03-08,0.00010478873158383943,-0.002124200745372366,0.0,-0.00022608865777044808,-0.0003532007351576445,-0.0002638542843839642,-0.0004897794325303992,-0.00011042481011597728,0.00033075953814455314,0.00010553128369332861,-0.0009154280596793648,-1.784050081101855e-05,0.0,-0.03611337572079253,-0.003145698186128195,-0.000938573944331678,-0.00048492324672824944,-0.0004978828530421539,-0.0003053870397394381,-0.001679435207571547,-0.0001761913278347524,0.0006192474953325756,7.576997264942186e-06,0.0005549143683305994,-5.04488151841496e-06,-0.0023555220010893947,3.9990148082464193e-05,-8.934902637793361e-05,-0.00011818530262045667,5.903218878230977e-05,0.003291181510473334,-7.055974594911019e-06,0.0008624786858594318,0.0006113675393678106,-0.0009396022595834012,0.0,-0.002653653174849113,0.00024204268775463366,-5.053280848767778e-05,0.0,6.584322221019102e-05,0.001646025451515528,0.0015055566645042384,0.0003039896672664135,-0.0001010298344442356,-0.00030477802788297616,-2.133930994331201e-05,0.0005032323993321248,0.0007111376442409649,-0.0006233558376224241,0.00022713571595381197,0.0006432514587142425,-0.00016524568883937647,-0.0004671679574770081,0.0012480733207054034,-0.00016006396649642033,-9.771636980407543e-05,-0.00014172254269883368,0.0007625402972943725,0.0,-0.00031954262939644644,0.0,-0.00018587208521647804,-0.00021328685673234498,0.001761560634303161,0.0012880315899001025,0.0005138525328204299,8.67530637757568e-05,1.2131469380131493e-05,0.0009747051247819798,1.8861057815815653e-05,0.0005160903409805731,3.601740816298503e-05,-0.0009275767534419705,0.0,0.0,0.00023520770804311895,0.0013562364175987197,0.011559021291840294,0.0014029841296625658,-0.0001933095942615457,0.0,9.486132638870426e-05,0.0,-0.00044262311355042916,0.00045998606357153,0.0004930267973108349,-0.0012538499343137822,-0.0015570861731769071,0.00016760448877519964,-0.00011311314442747952,0.0,0.0010048365422884063,0.00015355518483569258,0.0005826090275499602,-0.00016014088086652346,9.648607183447469e-05,3.3079368976202454e-06,0.0005402713650497631,0.0,0.0,0.0,0.0,0.0,0.0,0.0,0.0,6.487233898330825e-05,0.0,0.0
2023-03-15,0.00019731152978006686,-0.002124200745372366,0.0,-0.00022608865777044808,-0.0003532007351576445,-0.0002638542843839642,-0.0007379808782128332,-0.00011042481011597728,0.0002963528248705247,0.00010553128369332861,-0.0009154280596793648,2.6356496935034607e-06,0.0,-0.03466295330314487,0.006205694949392948,5.163247584602836e-05,0.0007303991317131767,-0.0004978828530421539,-0.0003053870397394381,-0.0016979119086636696,-0.0001761913278347524,0.0005167262450920572,7.576997264942186e-06,0.0005169135300366986,-5.04488151841496e-06,-0.0023555220010893947,1.599503246197973e-05,0.0001270803715736999,0.0004931314257825292,5.903218878230977e-05,0.0031050368882454323,-7.055974594911019e-06,0.0008624786858594318,0.0006113675393678106,-0.0009396022595834012,0.0,-0.002653653174849113,0.00024204268775463366,-5.053280848767778e-05,0.0,6.584322221019102e-05,0.001646025451515528,0.0014456754111726324,0.00030489789168851127,-0.0001010298344442356,-0.00030477802788297616,-2.5470249871980056e-05,0.0005314311278421466,0.0006460827193873801,-0.0005118553352863672,0.00022713571595381197,0.0009229887766798215,-0.00016524568883937647,-0.0004671679574770081,0.0016735113780510797,-0.00016006396649642033,-9.771636980407543e-05,-0.00014172254269883368,0.0007625402972943725,0.0,-0.00031954262939644644,0.0,0.0004034068582017059,-0.00021328685673234498,0.001761560634303161,0.001762547257799237,0.0005138525328204299,8.67530637757568e-05,1.2131469380131493e-05,0.0009747051247819798,-6.063525694025571e-05,0.0005160903409805731,3.601740816298503e-05,-0.0009391722591148609,0.0,0.0,0.00023520770804311895,0.004063644067664937,0.011566220190597921,0.0014029841296625658,-0.0001933095942615457,0.0,9.486132638870426e-05,0.0,-3.453841505158548e-05,0.00045998606357153,0.0004930267973108349,-0.0012538499343137822,-0.0015570861731769071,0.00016760448877519964,-3.39933881842774e-05,0.0,0.0010048365422884063,0.000434329821761907,0.0005826090275499602,-0.0002301857411239381,9.648607183447469e-05,3.3079368976202454e-06,0.0005402713650497631,0.0,0.0,0.0,0.0,0.0,0.0,0.0,0.0,6.487233898330825e-05,0.0,0.0
2023-03-22,0.00010478873158383943,0.0007586522146338281,0.0,-5.495382350373585e-06,-0.0003532007351576445,-0.0002638542843839642,0.00038061239016452916,-0.00014118914582192396,0.00033075953814455314,0.00010553128369332861,-0.0009154280596793648,-1.784050081101855e-05,0.0,-0.03607423936276816,-0.0032429298432379663,-0.000938573944331678,-0.00048492324672824944,-0.0004978828530421539,-0.0003053870397394381,-0.0016773182246153954,-0.0001761913278347524,0.0006192474953325756,7.576997264942186e-06,0.00036953100268348954,-5.04488151841496e-06,-0.0023555220010893947,3.9990148082464193e-05,-8.934902637793361e-05,-0.00011818530262045667,5.903218878230977e-05,0.003291181510473334,-7.055974594911019e-06,0.0008624786858594318,0.0006113675393678106,-0.0009396022595834012,0.0,-0.0021497561603514574,0.0002501788627915584,-8.144730395465511e-05,0.0,6.584322221019102e-05,0.001646025451515528,0.0015055566645042384,0.0003039896672664135,-0.0001010298344442356,-0.00030477802788297616,-2.133930994331201e-05,0.00038918197297943725,0.0007111376442409649,-0.0006233558376224241,0.00022713571595381197,0.0006889542286642686,-0.00016524568883937647,-0.0004671679574770081,0.0012921686718923213,-0.00016006396649642033,-9.771636980407543e-05,-0.00014172254269883368,0.0007625402972943725,0.0,-0.00025607356973831414,0.0,0.0004034068582017059,-0.00021328685673234498,-0.00042644677452663963,0.001762547257799237,0.0005138525328204299,8.67530637757568e-05,1.2131469380131493e-05,0.000943140588425064,1.8861057815815653e-05,0.0007468453264332422,3.601740816298503e-05,-0.0009275767534419705,0.0,0.0,0.00023520770804311895,0.004063644067664937,0.012071288801114681,0.0014029841296625658,-0.0001933095942615457,0.0,9.486132638870426e-05,0.0,-3.453841505158548e-05,0.0003407471064172814,0.0004930267973108349,-0.0016404462717312276,-0.0010767774107224932,0.00016760448877519964,-0.00011311314442747952,0.0,0.0010048365422884063,0.000434329821761907,0.0005826090275499602,-0.00016014088086652346,9.648607183447469e-05,3.3079368976202454e-06,0.0005402713650497631,0.0,0.0,0.0,0.0,0.0,0.0,0.0,0.0,6.487233898330825e-05,0.0,0.0
2023-03-29,-0.0003645112598346618,0.0009438281450366049,0.0,-5.495382350373585e-06,-0.00017168057373517803,-0.0002638542843839642,-0.0012333560725209104,5.4707340259767034e-05,0.0002963528248705247,0.00010553128369332861,-0.0009154280596793648,2.6356496935034607e-06,0.0,-0.02844328173278095,0.005678380300872976,5.163247584602836e-05,0.0007303991317131767,-0.0007903698776221276,0.0003052658632224031,-0.0017490349372114254,-0.0001761913278347524,0.001153689675301276,7.576997264942186e-06,0.00040753184097739036,-5.04488151841496e-06,-0.0023555220010893947,3.9990148082464193e-05,6.0211556162066525e-05,-0.0008094515003939868,5.903218878230977e-05,0.0031828938579617286,-7.055974594911019e-06,0.0008624786858594318,0.0006113675393678106,-0.0009855485689101542,0.0,-0.0020880299234647673,0.0002580072354637907,-2.344747424088986e-05,0.0,6.584322221019102e-05,0.001646025451515528,0.0014456754111726324,0.00030489789168851127,-0.0001010298344442356,-0.00030477802788297616,-2.5470249871980056e-05,0.0004173807014894589,0.0007411079530143114,-0.0006233558376224241,0.00022713571595381197,0.0009229887766798215,-0.00016524568883937647,-0.00038866958811011114,0.0016294160268641618,-0.00016006396649642033,-9.771636980407543e-05,-0.00014172254269883368,0.0007625402972943725,0.0,-0.00025607356973831414,0.0,-0.00018587208521647804,-0.00021328685673234498,-0.0004403540793652626,-0.0003636488153750347,0.0005138525328204299,8.67530637757568e-05,1.2131469380131493e-05,0.000943140588425064,-6.063525694025571e-05,0.0007468453264332422,3.601740816298503e-05,0.006161349337678109,0.0,0.0,0.00020571340947020156,0.00013100594660922488,0.011939428524285676,0.0010802303427180462,-0.0001933095942615457,0.0,-0.00020280273584355853,0.0,-0.00044262311355042916,-0.0003601368991367173,0.0004930267973108349,-0.0016404462717312276,-0.0010767774107224932,0.00016760448877519964,-0.00011311314442747952,0.0,0.0005982927755945744,0.00015355518483569258,0.00044877163608244945,-0.0003765042362384144,3.511979167995083e-05,3.3079368976202454e-06,0.0005402713650497631,0.0,0.0,0.0,0.0,0.0,0.0,0.0,0.0,4.573726428754741e-05,0.0,0.0
2023-04-05,-0.0003645112598346618,0.0015729687085616253,0.0,-1.4378849166340763e-06,-0.00017168057373517803,-0.00014952724254212746,0.0005021059549628636,5.4707340259767034e-05,0.00030978677467460424,0.00010553128369332861,-0.000848215334990454,-1.784050081101855e-05,0.0,-0.02449058523016999,0.003299463276306823,-0.000938573944331678,-0.00048492324672824944,-0.0007903698776221276,0.0003052658632224031,-0.0005595761009551316,-0.0001761913278347524,0.0006690190561225864,7.576997264942186e-06,-0.0023171447587989205,8.452556204438607e-06,0.0011209735172353563,3.9990148082464193e-05,6.0211556162066525e-05,-0.00140414997059458,-0.0005388795518842278,0.0035622323400956047,-7.055974594911019e-06,0.0012977166595420785,0.0006113675393678106,-0.0009855485689101542,0.0,-0.0021328748284480483,0.00026696410192298287,-2.344747424088986e-05,0.0,6.584322221019102e-05,0.0017755947711385598,0.0005505751252540991,0.0003039896672664135,-1.4552872991083393e-05,-0.00016910946014225478,-4.734223736209845e-05,-0.001005924930614836,-6.044997427919763e-06,0.0009102511105483042,0.0003428829124520926,0.0007692294847837012,-7.42762834433304e-05,-0.00038866958811011114,-0.0008043516444050477,-0.00016006396649642033,-9.771636980407543e-05,-0.00014172254269883368,0.0007625402972943725,0.0,-0.0004542253873454426,0.0,-0.00018587208521647804,-0.00021328685673234498,0.0008971894351808805,-0.0007643785787340169,-0.00046823685906314735,0.00013505608083496108,0.0003282920063702741,0.000943140588425064,-6.063525694025571e-05,0.0007468453264332422,3.601740816298503e-05,0.00623771236344363,0.0,0.0,0.00020571340947020156,0.00013100594660922488,-0.00038718240992140836,0.0010802303427180462,-0.0001933095942615457,0.0,-0.00020280273584355853,0.0,-0.00044262311355042916,-0.0003601368991367173,0.0004930267973108349,-0.0012538499343137822,-0.0010767774107224932,0.00016760448877519964,-0.00014998737858069303,0.0,0.0005982927755945744,-6.265892382247609e-05,-2.8196185979506778e-05,-0.0003064593759809998,3.511979167995083e-05,3.3079368976202454e-06,0.0004395822014830241,0.0,0.0,0.0,0.0,0.0,0.0,0.0,0.0,4.573726428754741e-05,0.0,0.0
2023-04-12,0.00010478873158383943,0.0009438281450366049,0.0,-1.4378849166340763e-06,-0.00017168057373517803,-6.229640250399978e-05,0.00038061239016452916,5.4707340259767034e-05,0.0003441934879486327,0.00010553128369332861,-0.000848215334990454,-1.784050081101855e-05,0.0,-0.026411757102853817,-0.002923948178309953,-0.000938573944331678,-0.00048492324672824944,-0.0007592523567102568,-0.0003242940685693556,-0.0005595761009551316,-0.0001761913278347524,0.0007715403063631046,7.576997264942186e-06,-0.00030284299313027756,8.452556204438607e-06,0.002266652005966282,3.9990148082464193e-05,-8.934902637793361e-05,-0.00140414997059458,-0.0005388795518842278,0.00367051999260721,-7.055974594911019e-06,0.0012977166595420785,0.0006113675393678106,-0.0009855485689101542,0.0,-0.0021328748284480483,0.0002580072354637907,-8.144730395465511e-05,0.0,6.584322221019102e-05,0.001646025451515528,0.0005505751252540991,0.0003039896672664135,-1.4552872991083393e-05,-0.00016910946014225478,-4.734223736209845e-05,-0.0009726070483137641,-2.9194610100193048e-05,0.0009102511105483042,0.00020341359702537927,0.0007620413056325444,-0.00016524568883937647,-0.00038866958811011114,-0.0007969827975513967,-0.00016006396649642033,-9.771636980407543e-05,-0.00014172254269883368,0.0007625402972943725,0.0,-0.0004542253873454426,0.0,-0.00018587208521647804,-0.00021328685673234498,0.0008971894351808805,0.0019419993059057454,0.0001440115233260727,8.67530637757568e-05,0.0003282920063702741,0.000943140588425064,1.8861057815815653e-05,0.0007468453264332422,3.601740816298503e-05,0.006081598026439009,0.0,0.0,0.00020571340947020156,0.00013100594660922488,0.002548143570991186,0.0010802303427180462,-0.0001933095942615457,0.0,9.486132638870426e-05,0.0,-0.00044262311355042916,-0.0003601368991367173,0.0004930267973108349,-0.0012538499343137822,-0.0010767774107224932,0.00016760448877519964,-0.00011311314442747952,0.0,0.0005982927755945744,-6.265892382247609e-05,-2.8196185979506778e-05,-0.0003064593759809998,3.511979167995083e-05,3.3079368976202454e-06,0.0005402713650497631,0.0,0.0,0.0,0.0,0.0,0.0,0.0,0.0,6.487233898330825e-05,0.0,0.0
2023-04-19,0.00010478873158383943,-0.002124200745372366,0.0,-5.495382350373585e-06,-0.0003532007351576445,-0.0002638542843839642,0.00038061239016452916,5.4707340259767034e-05,0.00033075953814455314,0.00010553128369332861,-0.0009301395680819528,-1.784050081101855e-05,0.0,-0.03592493194985408,-0.004170743928168716,-0.000938573944331678,-0.00048492324672824944,-0.0007903698776221276,-0.0003242940685693556,-0.0016261951960676395,-0.0001761913278347524,0.0001345768761538859,7.576997264942186e-06,0.0005549143683305994,-5.04488151841496e-06,-0.002310796957502596,3.9990148082464193e-05,-8.934902637793361e-05,-0.0014006636870163578,5.903218878230977e-05,0.00367051999260721,-7.055974594911019e-06,0.0008624786858594318,-2.463138755335638e-05,-0.0009855485689101542,0.0,-0.0021328748284480483,0.0002580072354637907,-8.144730395465511e-05,0.0,6.584322221019102e-05,0.001646025451515528,0.0005505751252540991,0.0003039896672664135,-1.4552872991083393e-05,-0.00016910946014225478,-4.734223736209845e-05,-0.0008585566219610767,-2.9194610100193048e-05,0.0007446430464901756,0.00022713571595381197,0.0006889542286642686,-0.00016524568883937647,-0.0005635812137429656,-0.0012270067271706398,-0.00016006396649642033,-9.771636980407543e-05,-0.00014172254269883368,0.0007625402972943725,0.0,-0.00031954262939644644,0.0,-0.00018587208521647804,-0.00021328685673234498,0.0008600072108454948,0.0012985640205188157,0.0005138525328204299,8.67530637757568e-05,0.0003282920063702741,0.0009747051247819798,1.8861057815815653e-05,0.0005160903409805731,3.601740816298503e-05,0.006081598026439009,0.0,0.0,0.00020571340947020156,0.004063644067664937,0.011768586800935215,0.0010802303427180462,-0.0001933095942615457,0.0,9.486132638870426e-05,0.0,-0.0008122029037214169,-0.0003601368991367173,0.0004930267973108349,-0.0012538499343137822,-0.0010767774107224932,0.00016760448877519964,-0.00011311314442747952,0.0,0.0005982927755945744,0.0002181157131037383,0.00044195153320299944,-0.00016014088086652346,9.648607183447469e-05,3.3079368976202454e-06,0.0005402713650497631,0.0,0.0,0.0,0.0,0.0,0.0,0.0,0.0,6.487233898330825e-05,0.0,0.0
2023-04-26,0.00019731152978006686,-0.002124200745372366,0.0,-0.00022608865777044808,-0.0003532007351576445,-0.0001727231327816138,-0.0007379808782128332,5.4707340259767034e-05,0.0002963528248705247,0.00010553128369332861,-0.0009301395680819528,2.6356496935034607e-06,0.0,-0.03257457111293123,0.005820506423965687,-0.000938573944331678,-0.00048492324672824944,-0.0007903698776221276,-0.0003242940685693556,-0.001712510669402538,-0.0001761913278347524,0.0010420433281283928,7.576997264942186e-06,-0.0037398525311956904,-5.04488151841496e-06,0.001919908744274102,1.599503246197973e-05,0.0001270803715736999,0.0004931314257825292,5.903218878230977e-05,0.0034843753703793084,-7.055974594911019e-06,0.0012977166595420785,0.0006113675393678106,-0.0009855485689101542,0.0,-0.0021328748284480483,0.00022895183893987037,-5.053280848767778e-05,0.0,6.584322221019102e-05,0.001646025451515528,0.0005505751252540991,0.0003039896672664135,-1.4552872991083393e-05,-0.00016910946014225478,-4.734223736209845e-05,-0.0008918745042621483,-6.044997427919763e-06,0.0010100450199530524,0.00020341359702537927,0.0007235267148336752,-7.42762834433304e-05,-0.00038866958811011114,-0.0008537586205772992,-0.00016006396649642033,-9.771636980407543e-05,-0.00014172254269883368,0.0007625402972943725,0.0,-0.0004542253873454426,0.0,-0.00018587208521647804,-0.00021328685673234498,0.001761560634303161,0.0019449634472756255,0.0005138525328204299,8.67530637757568e-05,0.0003282920063702741,0.0009747051247819798,-6.063525694025571e-05,0.0005160903409805731,3.601740816298503e-05,0.006161349337678109,0.0,0.0,0.00020571340947020156,0.004063644067664937,0.011263518190418455,0.0010802303427180462,-0.0001933095942615457,0.0,9.486132638870426e-05,0.0,-0.00044262311355042916,-0.0003601368991367173,0.0004930267973108349,-0.0012538499343137822,-0.0010767774107224932,0.00016760448877519964,-3.39933881842774e-05,0.0,0.0010048365422884063,0.0006866118745535004,0.00044195153320299944,-0.0002301857411239381,9.648607183447469e-05,3.3079368976202454e-06,0.0004395822014830241,0.0,0.0,0.0,0.0,0.0,0.0,0.0,0.0,6.487233898330825e-05,0.0,0.0
2023-05-03,-0.0003645112598346618,0.0010465389813849911,0.0,-5.495382350373585e-06,-0.00017168057373517803,-0.0002638542843839642,-0.0012333560725209104,-0.00014118914582192396,0.0002963528248705247,0.000393151500026525,-0.0008778600828608734,-1.784050081101855e-05,0.0,-0.027381652133852342,0.00303318225210657,-0.000938573944331678,0.0007303991317131767,-0.0004978828530421539,0.0003719061234011404,-0.00047257596222038804,-0.0001761913278347524,0.0007818823769725541,7.576997264942186e-06,0.0005169135300366986,8.452556204438607e-06,-0.0006485860013564418,3.9990148082464193e-05,0.0001270803715736999,0.0004931314257825292,5.903218878230977e-05,0.0032487554395628044,-7.055974594911019e-06,0.0008803481384614465,0.0006113675393678106,-0.0009396022595834012,0.0,-0.0021497561603514574,0.0002501788627915584,-8.144730395465511e-05,0.0,-0.0002739505681148017,0.001407737066378717,0.000490693871922493,0.00030489789168851127,0.0001953632814181039,-0.00046999303526090757,-4.734223736209845e-05,-0.0019559051501721676,-0.0004649822706160999,-0.0005590250226914133,0.000299227158963751,0.0006432514587142425,-0.00016524568883937647,-0.000526723165510639,-0.0006962189210106898,-0.00016006396649642033,-9.771636980407543e-05,-0.00014172254269883368,0.0007625402972943725,0.0,-0.00031954262939644644,0.0,-0.00018587208521647804,-0.00021328685673234498,0.0008971894351808805,0.0017701155470480692,0.0005138525328204299,0.00014527290873709997,0.0003282920063702741,0.0009371526614163188,-6.063525694025571e-05,0.0007468453264332422,3.601740816298503e-05,-0.0009275767534419705,0.0,0.0,-0.0002826050920386514,0.004063644067664937,0.012920766824258072,0.0010802303427180462,-0.0001933095942615457,0.0,9.486132638870426e-05,0.0,-0.00044262311355042916,-0.0003601368991367173,0.0004930267973108349,-0.0012538499343137822,-0.0010767774107224932,0.00016760448877519964,-3.39933881842774e-05,0.0,0.0007660333884711763,0.0006866118745535004,0.00044195153320299944,-0.0003064593759809998,9.648607183447469e-05,3.3079368976202454e-06,0.0005402713650497631,0.0,0.0,0.0,0.0,0.0,0.0,0.0,0.0,4.573726428754741e-05,0.0,0.0
2023-05-10,0.00010478873158383943,0.0011734589726961773,0.0,-5.495382350373585e-06,-0.00017168057373517803,-0.0002638542843839642,0.00038061239016452916,-0.00014118914582192396,0.00033075953814455314,0.000393151500026525,-0.0008778600828608734,-1.784050081101855e-05,0.0,-0.028207127862867436,-0.00291013168685638,-0.000938573944331678,-0.00048492324672824944,-0.0004978828530421539,-3.5924717373850885e-06,-0.00041933595071648076,-0.0001761913278347524,0.0008844036272130722,7.576997264942186e-06,2.840132613672734e-05,8.452556204438607e-06,-0.0006485860013564418,3.9990148082464193e-05,-8.934902637793361e-05,0.0004931314257825292,5.903218878230977e-05,0.0032487554395628044,-7.055974594911019e-06,0.0008803481384614465,0.0006113675393678106,-0.0009396022595834012,0.0,-0.0021497561603514574,0.0002501788627915584,-8.144730395465511e-05,0.0,-0.0002739505681148017,0.001407737066378717,0.0005505751252540991,0.0003039896672664135,0.0001953632814181039,-0.00046999303526090757,-4.734223736209845e-05,-0.0019225872678710957,-0.00048813188328837315,-0.0005590250226914133,-8.724621675180257e-05,0.0006889542286642686,-0.00016524568883937647,-0.000526723165510639,-0.0008897593721987993,-0.00016006396649642033,-9.771636980407543e-05,-0.00014172254269883368,0.0007625402972943725,0.0,-0.0004542253873454426,0.0,-0.00018587208521647804,-0.00021328685673234498,-0.0004403540793652626,0.0017671514056781892,0.0005138525328204299,0.00014527290873709997,0.0003282920063702741,0.0009371526614163188,1.8861057815815653e-05,0.0007468453264332422,3.601740816298503e-05,-0.0009275767534419705,0.0,0.0,-0.0002826050920386514,0.0006076554554343436,0.012920766824258072,0.0010802303427180462,-0.0001933095942615457,0.0,9.486132638870426e-05,0.0,-0.00044262311355042916,-0.0003601368991367173,-9.843851452229865e-05,-0.0016404462717312276,-0.0010767774107224932,0.00016760448877519964,-0.00011311314442747952,0.0,0.0007660333884711763,0.00040583723762728605,0.00044195153320299944,-0.0003064593759809998,3.511979167995083e-05,3.3079368976202454e-06,0.0005402713650497631,0.0,0.0,0.0,0.0,0.0,0.0,0.0,0.0,6.487233898330825e-05,0.0,0.0
2023-05-17,-0.0003645112598346618,0.0011734589726961773,0.0,-0.00022203116033670857,-0.00017168057373517803,-0.00014952724254212746,-0.0007379808782128332,5.4707340259767034e-05,0.00030978677467460424,0.000393151500026525,0.0007508706032946783,2.6356496935034607e-06,0.0,-0.01390918647890037,0.004548133601867889,-0.000938573944331678,0.0007303991317131767,-0.00046676533213028303,0.0003719061234011404,-0.0006142961965025055,-4.9266453801968814e-05,-0.00040463895458090935,7.576997264942186e-06,0.0005549143683305994,-8.592724947268591e-05,0.002266652005966282,3.9990148082464193e-05,-8.934902637793361e-05,0.0004967479440921217,5.903218878230977e-05,0.0032487554395628044,-7.055974594911019e-06,0.0008803481384614465,0.0008306141432411834,-0.0008003009513455694,0.0,-0.0018674240628557756,0.00025099955421382583,-8.144730395465511e-05,0.0,-0.0002739505681148017,0.0015373063860017488,0.00045528906391393344,0.00030489789168851127,0.0001953632814181039,-0.00046999303526090757,-4.734223736209845e-05,-0.0019559051501721676,-0.0004649822706160999,-0.0008118723032181218,-0.00011096833568023526,0.0007163385356825184,-7.750426300366599e-05,-0.000526723165510639,-0.000600348344353989,3.570114031673016e-05,-9.771636980407543e-05,-0.00014172254269883368,0.0007625402972943725,0.0,-0.00031954262939644644,0.0,-0.00018587208521647804,-0.00021328685673234498,0.0015585267298849435,-0.0019377749228663423,-0.00046823685906314735,0.00019357592579630426,0.0003282920063702741,0.0009371526614163188,-6.063525694025571e-05,0.0007468453264332422,3.601740816298503e-05,-0.000951506455933241,0.0,0.0,-0.0002826050920386514,-0.0004914369211007053,-0.001035834715815738,0.0010802303427180462,-0.0001933095942615457,0.0,-0.00020280273584355853,0.0,-0.0007427228799810924,-0.0003601368991367173,0.0004930267973108349,-0.0012538499343137822,-0.0010767774107224932,0.00016760448877519964,-0.00014998737858069303,0.0,0.0007660333884711763,0.00040583723762728605,-5.673161971209812e-05,-0.0003064593759809998,3.511979167995083e-05,3.3079368976202454e-06,0.0005402713650497631,0.0,0.0,0.0,0.0,0.0,0.0,0.0,0.0,4.573726428754741e-05,0.0,0.0
2023-05-24,0.00010478873158383943,0.0010465389813849911,0.0,-0.0004592615118907733,-0.00017168057373517803,-0.0003510851244220919,0.00038061239016452916,5.4707340259767034e-05,0.0003441934879486327,0.000393151500026525,0.0007372135862359746,-1.784050081101855e-05,0.0,-0.02978650587408575,-0.0034495797484237188,-0.000938573944331678,-0.00048492324672824944,-0.0004978828530421539,-0.0002576538083906183,-0.0006151830017457829,-0.0001761913278347524,-0.0013659543822081902,7.576997264942186e-06,-0.00214359754033286,-5.04488151841496e-06,-0.00039824474394886125,3.9990148082464193e-05,0.0001270803715736999,0.0004967479440921217,5.903218878230977e-05,0.0004870278110170997,-7.055974594911019e-06,0.000485053900135113,0.0008306141432411834,-0.0010116030342509543,0.0,0.0009140563140524056,0.0002501788627915584,-8.144730395465511e-05,0.0,-0.0002739505681148017,0.0015373063860017488,0.00040637201691247305,0.0003039896672664135,0.0001953632814181039,-0.00046999303526090757,-4.734223736209845e-05,-0.0019225872678710957,-0.00048813188328837315,-0.0008118723032181218,0.0004751177737363281,0.0006961424078154254,-7.42762834433304e-05,-0.0005540680979955516,-0.0009543047416459282,-0.00016006396649642033,-9.771636980407543e-05,-0.00014172254269883368,0.0007625402972943725,0.0,-0.0004542253873454426,0.0,-0.00018587208521647804,-0.00021328685673234498,0.0008600072108454948,0.0019449634472756255,-0.00046823685906314735,0.00014527290873709997,0.0003282920063702741,0.0009371526614163188,1.8861057815815653e-05,0.0007468453264332422,3.601740816298503e-05,-0.0008695385157543396,0.0,0.0,7.862568274302313e-05,0.0023343542741617353,-0.0005235672065413504,0.0010802303427180462,-0.00021353005393379975,0.0,9.486132638870426e-05,0.0,-0.00044262311355042916,-0.0003601368991367173,0.0004930267973108349,-0.0012538499343137822,-0.0010767774107224932,0.00016760448877519964,-7.086762233749088e-05,0.0,0.0007660333884711763,0.00040583723762728605,7.71057717554126e-05,-0.00041404636688503873,9.648607183447469e-05,3.3079368976202454e-06,0.0004395822014830241,0.0,0.0,0.0,0.0,0.0,0.0,0.0,0.0,6.487233898330825e-05,0.0,0.0
2023-05-31,0.00010478873158383943,-0.0008039151295902537,0.0,2.182486866207738e-05,-0.00017168057373517803,-0.0002638542843839642,-0.0007379808782128332,5.4707340259767034e-05,0.00033075953814455314,-0.00010109744108618992,0.000776550900664043,-1.784050081101855e-05,0.0,-0.028724832035847324,0.0009241673545251044,-0.000938573944331678,0.00021675778956198796,-0.0004978828530421539,-3.5924717373850885e-06,-0.000535938920686905,-0.0001761913278347524,-0.0012736028002220932,7.576997264942186e-06,0.0005549143683305994,-5.04488151841496e-06,-0.002310796957502596,3.9990148082464193e-05,-8.934902637793361e-05,-0.00011818530262045667,5.903218878230977e-05,0.0004309769835196166,-7.055974594911019e-06,4.9815926452466294e-05,0.0008306141432411834,-0.0010575493435777074,0.0,0.0009140563140524056,0.0002501788627915584,-8.144730395465511e-05,0.0,-0.0006690998485381067,0.001407737066378717,0.000346490763580867,0.0003039896672664135,0.0001953632814181039,-0.00046999303526090757,-4.734223736209845e-05,-0.0018418547238194798,-0.0004649822706160999,-0.0005590250226914133,0.0004751177737363281,0.0006432514587142425,-0.00016524568883937647,-0.0005910971649727505,-0.0008456640210118813,-0.00016006396649642033,-9.771636980407543e-05,-0.00014172254269883368,0.0007625402972943725,0.0,-0.00031954262939644644,0.0,-0.00018587208521647804,-0.00021328685673234498,0.000865552056208396,0.0005019707599238886,0.0005138525328204299,-9.871201493476661e-05,0.0003282920063702741,0.0009371526614163188,1.8861057815815653e-05,0.0005160903409805731,3.601740816298503e-05,-0.0006738052536000174,0.0,0.0,7.862568274302313e-05,0.004063644067664937,0.012989307438160517,0.0010802303427180462,-0.00021353005393379975,0.0,-0.00020280273584355853,0.0,-0.00044262311355042916,-0.0003601368991367173,0.0004930267973108349,0.00011096760479833263,-0.0010767774107224932,0.00016760448877519964,-0.00011311314442747952,0.0,0.0007660333884711763,0.0006866118745535004,0.0004134160994704081,-0.0002677278717705624,9.648607183447469e-05,3.3079368976202454e-06,0.0005402713650497631,0.0,0.0,0.0,0.0,0.0,0.0,0.0,0.0,6.487233898330825e-05,0.0,0.0
2023-06-07,0.00010478873158383943,-0.0016581297088087083,0.0,2.182486866207738e-05,-0.0003532007351576445,-0.0002638542843839642,0.00038061239016452916,5.4707340259767034e-05,0.00033075953814455314,0.0001236510194153781,0.0007242714154429636,-1.784050081101855e-05,0.0,-0.035747250060921366,-0.0026641575648811045,-0.000938573944331678,-0.0005371819684117159,-0.0004978828530421539,0.0003241728920523206,-0.000386204294331643,-0.0001761913278347524,-0.002002917812417409,7.576997264942186e-06,-0.003913399749661751,-5.04488151841496e-06,-0.002310796957502596,3.9990148082464193e-05,-8.934902637793361e-05,-0.00011818530262045667,5.903218878230977e-05,0.0004035447306268203,-7.055974594911019e-06,-0.00013685474897682452,0.0008306141432411834,-0.0010575493435777074,0.0,0.0009140563140524056,0.0002292596413045628,-8.144730395465511e-05,0.0,0.00018306261862165033,0.001646025451515528,-0.0005955511851740476,0.0003039896672664135,-0.0001010298344442356,-0.00030477802788297616,-4.734223736209845e-05,-0.0008585566219610767,-0.00048813188328837315,-0.0005590250226914133,0.00011435400231491423,0.0006961424078154254,-7.42762834433304e-05,-0.000766008790605605,-0.0012711020783575577,-0.00016006396649642033,-9.771636980407543e-05,-0.00014172254269883368,0.0007625402972943725,0.0,-0.0004542253873454426,0.0,-0.00018587208521647804,-0.00021328685673234498,-0.00045808415349912426,0.00046230646202160305,0.0005138525328204299,-0.0001572318598961098,0.0003282920063702741,0.000943140588425064,1.8861057815815653e-05,0.0005160903409805731,3.601740816298503e-05,-0.0006738052536000174,0.0,0.0,-7.600713685129269e-06,-0.00048206519405876054,0.012989307438160517,0.0010802303427180462,-0.00021353005393379975,0.0,-0.00020280273584355853,0.0,-0.0007427228799810924,-0.0003601368991367173,-9.843851452229865e-05,-0.0002756287326191129,-0.0010767774107224932,0.00016760448877519964,-0.00011311314442747952,0.0,0.0010048365422884063,0.0013933384514934143,0.00027957870800289736,-0.0002677278717705624,3.511979167995083e-05,3.3079368976202454e-06,0.0004395822014830241,0.0,0.0,0.0,0.0,0.0,0.0,0.0,0.0,4.573726428754741e-05,0.0,0.0
2023-06-14,-0.00019358560854845842,0.0007586522146338281,0.0,-0.0005523045416791535,-0.0003532007351576445,-0.0001727231327816138,-0.0007379808782128332,-0.00014118914582192396,-0.00037482390954672666,0.0001236510194153781,0.0006849341010148952,-1.784050081101855e-05,0.0,-0.036687186754107565,0.0005827708300291445,-0.000938573944331678,0.000255023180057858,-0.0004978828530421539,-5.132570308620487e-05,-0.000676179070925556,-0.0001761913278347524,-0.0019105662304313119,7.576997264942186e-06,0.0005549143683305994,8.452556204438607e-06,0.001919908744274102,3.9990148082464193e-05,-8.934902637793361e-05,-0.00012167158619867885,-0.0005388795518842278,0.0004035447306268203,-7.055974594911019e-06,0.00029838322470582214,0.0008306141432411834,-0.0010575493435777074,0.0,0.00091089600308077,0.0002501788627915584,-8.144730395465511e-05,0.0,0.00018306261862165033,0.0017755947711385598,-0.0005649083263263173,0.0003039896672664135,-0.0001010298344442356,-0.00030477802788297616,-4.734223736209845e-05,-0.0009601900828493731,-0.0004649822706160999,-0.0008118723032181218,9.063188338648154e-05,0.0007163385356825184,-0.00016524568883937647,-0.0005910971649727505,-0.0013432340501304157,-0.00016006396649642033,-9.771636980407543e-05,-0.00014172254269883368,0.0007625402972943725,0.0,-0.00031954262939644644,0.0,-0.0005229147240515932,-0.00021328685673234498,-0.0005279018334431564,-0.0007276784222016116,0.0001440115233260727,8.67530637757568e-05,0.0003282920063702741,0.000943140588425064,1.8861057815815653e-05,0.0007468453264332422,3.601740816298503e-05,-0.0006861394504183975,0.0,0.0,-7.600713685129269e-06,-0.00048206519405876054,-0.0026625144735434344,0.0010802303427180462,-0.00021353005393379975,0.0,-0.00020280273584355853,0.0,-0.0007427228799810924,-0.0003601368991367173,0.0004930267973108349,-0.0006683868261420704,-0.0010767774107224932,0.00016760448877519964,-0.00011311314442747952,0.0,0.00096151302340692,0.0013933384514934143,-5.673161971209812e-05,-0.0002677278717705624,3.511979167995083e-05,3.3079368976202454e-06,0.0005402713650497631,0.0,0.0,0.0,0.0,0.0,0.0,0.0,0.0,6.487233898330825e-05,0.0,0.0
2023-06-21,-0.0003645112598346618,0.0015729687085616253,0.0,0.00014677518734131616,-0.00017168057373517803,-0.0002599539728197415,-0.0012333560725209104,5.4707340259767034e-05,0.00030978677467460424,0.0001361362093026441,-0.000848215334990454,-0.0001219427258194272,0.0,-0.02958946201252627,0.00514547290959577,-0.000938573944331678,0.0007686645222090468,3.995827873796146e-06,0.0004709424074530125,-0.0006854196302983465,-0.0001761913278347524,-0.0012736028002220932,7.576997264942186e-06,-0.0023171447587989205,8.452556204438607e-06,0.0014112119500761164,-0.00011718680264901484,-8.934902637793361e-05,-0.00012167158619867885,5.903218878230977e-05,-0.0007680850727983927,-7.055974594911019e-06,-0.002013870104830128,0.000666672468902973,-0.0010575493435777074,0.0,-0.002146595849379822,0.00024204268775463366,-5.053280848767778e-05,0.0,6.584322221019102e-05,0.0017755947711385598,-0.0005649083263263173,0.00030489789168851127,-0.0001010298344442356,-0.00030477802788297616,-5.14731772907665e-05,-0.0011220023303931811,-0.0004649822706160999,-0.0008118723032181218,0.00020637907988476213,0.0007235267148336752,1.3465142392380084e-05,-0.000563752232487838,-0.0009618913439716571,-0.00016006396649642033,-9.771636980407543e-05,-0.00014172254269883368,0.0008535234587299184,0.0,-0.0003524870093755575,0.0,-0.0005229147240515932,-0.00021328685673234498,0.0027459272546778725,-0.0019744750793987474,-0.00046823685906314735,-0.0001572318598961098,-0.0001298950655126478,0.000943140588425064,-6.063525694025571e-05,0.0007468453264332422,3.601740816298503e-05,-0.0008098371675107817,0.0,0.0,-7.600713685129269e-06,-0.00043747055778908345,-0.002416897462209786,-0.00037805806987217886,-0.0001933095942615457,0.0,-0.00020280273584355853,0.0,-0.0007427228799810924,-0.0002812366887764339,0.0004930267973108349,0.00011096760479833263,-0.0010767774107224932,0.00016760448877519964,-0.00014998737858069303,0.0,0.0010048365422884063,0.001478439610268523,-5.673161971209812e-05,-0.0003765042362384144,3.511979167995083e-05,3.3079368976202454e-06,-0.0008133995564611649,0.0,0.0,0.0,0.0,0.0,0.0,0.0,0.0,4.573726428754741e-05,0.0,0.0
2023-06-28,-0.0003645112598346618,0.0015729687085616253,0.0,2.0919483606547543e-06,-0.00017168057373517803,-0.00014952724254212746,0.0005021059549628636,5.4707340259767034e-05,0.00030978677467460424,0.0001361362093026441,-0.0008345583179317504,2.6356496935034607e-06,0.0,0.009456029397646054,0.005844184537851667,5.163247584602836e-05,0.0007686645222090468,-3.210198835028124e-05,0.0004709424074530125,0.0013268776659778787,-4.9266453801968814e-05,-0.0012691184857350016,7.576997264942186e-06,0.0005169135300366986,0.00014396867458819833,0.0017579552117682963,-0.00011718680264901484,0.0001270803715736999,0.0004967479440921217,-1.5349121551358976e-06,-0.0006442591544004472,-1.9466774217974547e-05,-0.002026178100473741,0.0006113675393678106,-0.0009182480353398755,0.0,-0.0018674240628557756,0.0002728078918599734,-8.144730395465511e-05,0.0,6.584322221019102e-05,0.0017093163850692076,-0.000612627859273741,0.00030489789168851127,-0.0001010298344442356,-0.00030477802788297616,-5.14731772907665e-05,-0.0009601900828493731,-0.0004649822706160999,-0.0008118723032181218,0.00020637907988476213,0.0010045889454402474,-0.00016524568883937647,-0.00045520626843282007,-0.0005250131700560242,3.570114031673016e-05,-9.771636980407543e-05,-0.00014172254269883368,0.0008535234587299184,0.0,-0.00021780425142656136,0.0,-0.0005229147240515932,-0.00021328685673234498,-0.0005418091382817793,0.0017671514056781892,-0.00046823685906314735,-0.00019266194575860688,0.0003282920063702741,0.000943140588425064,-6.063525694025571e-05,0.0007468453264332422,3.601740816298503e-05,-0.0008098371675107817,0.0,0.0,-7.600713685129269e-06,0.00018497230992084668,-0.0026738299630066397,-0.00037805806987217886,-0.0001933095942615457,0.0,9.486132638870426e-05,0.0,-0.00044262311355042916,-0.0002812366887764339,-9.843851452229865e-05,-0.0002756287326191129,-0.0010767774107224932,0.00032726857761979566,0.0003839580082483087,0.0,0.0010048365422884063,0.0014807182515790876,-5.673161971209812e-05,-0.0003765042362384144,3.511979167995083e-05,3.3079368976202454e-06,0.0004151256540341653,0.0,0.0,0.0,0.0,0.0,0.0,0.0,0.0,4.573726428754741e-05,0.0,0.0
2023-07-05,0.00010478873158383943,0.0009438281450366049,0.0,-0.0005523045416791535,-0.0002522880998954642,-0.0001727231327816138,0.00038061239016452916,5.4707340259767034e-05,0.0003441934879486327,0.0001361362093026441,-0.000848215334990454,-1.784050081101855e-05,0.0,-0.03526928814706323,-0.002656523402598276,5.163247584602836e-05,-0.00048492324672824944,3.995827873796146e-06,9.544381231448697e-05,-0.0005999911981438014,0.0017226177313943874,-0.002002917812417409,-8.504526240478221e-05,0.0005549143683305994,-5.04488151841496e-06,0.0006122767230373708,-5.175593862063764e-05,-8.934902637793361e-05,0.0004967479440921217,5.903218878230977e-05,-0.0006147045436698738,-7.055974594911019e-06,-0.002013870104830128,0.0006136988209202133,-0.000945567435287538,0.0,-0.002146595849379822,0.0002501788627915584,-8.144730395465511e-05,0.0,6.584322221019102e-05,-0.0018972239863274095,0.0015975972609346915,0.0003039896672664135,-0.0001010298344442356,-0.00030477802788297616,-4.734223736209845e-05,-0.0009268722005483013,-0.00048813188328837315,-0.0008118723032181218,-0.0005298333389114481,0.0010417786235981234,-0.00016524568883937647,-0.0008531887189827873,-0.0013356474478046867,-0.00016006396649642033,-9.771636980407543e-05,-0.00014172254269883368,0.0008535234587299184,0.0,-0.00021780425142656136,0.0,-0.0005229147240515932,-0.00021328685673234498,-0.0005279018334431564,0.00018422847597993208,0.0005138525328204299,-0.0001572318598961098,0.0003282920063702741,-7.43132282455256e-05,1.8861057815815653e-05,0.0007468453264332422,3.601740816298503e-05,-0.0007982416618378913,0.0,0.0,-7.600713685129269e-06,-0.00041552359657522254,-0.0024923293180720216,-0.00037805806987217886,-0.0001933095942615457,0.0,-0.00020280273584355853,0.0,-0.0007427228799810924,-0.0002812366887764339,-9.843851452229865e-05,-0.0006683868261420704,-0.0019464707597110613,0.00016760448877519964,-0.00011311314442747952,0.0,0.0010048365422884063,0.001478439610268523,0.00040454394836622186,-0.0003064593759809998,3.511979167995083e-05,3.3079368976202454e-06,0.0005402713650497631,0.0,0.0,0.0,0.0,0.0,0.0,0.0,0.0,6.487233898330825e-05,0.0,0.0
2023-07-12,0.00010478873158383943,-0.002124200745372366,0.0,-0.0005523045416791535,-0.0002522880998954642,-0.0002599539728197415,0.00038061239016452916,5.4707340259767034e-05,0.0003441934879486327,0.0001361362093026441,-0.000848215334990454,-1.784050081101855e-05,0.0,-0.03668584613760126,-0.0034419455861408902,-0.000938573944331678,-0.00048492324672824944,3.995827873796146e-06,-0.00044293333422697174,-0.0005625798891545606,-0.0001761913278347524,-0.002002917812417409,-8.504526240478221e-05,0.0005549143683305994,-5.04488151841496e-06,0.0014112119500761164,0.0001734749054236258,0.0001270803715736999,0.0004967479440921217,5.903218878230977e-05,-0.0006754145385955261,-7.055974594911019e-06,-0.002013870104830128,0.0003130796095625389,-0.000945567435287538,0.0,-0.002146595849379822,0.0002501788627915584,-8.144730395465511e-05,0.0,0.00021822046039415927,-0.0018972239863274095,0.0015975972609346915,0.0003039896672664135,-0.0001010298344442356,-0.00030477802788297616,-4.734223736209845e-05,-0.0008128217741956139,-0.00048813188328837315,-0.0007003718008820649,-0.0005535554578398807,0.0007620413056325444,-7.750426300366599e-05,-0.0006782770933499328,-0.0013432340501304157,-0.00016006396649642033,-9.771636980407543e-05,-0.00014172254269883368,0.0008535234587299184,0.0,-0.00021780425142656136,0.0,-0.00014868854175970576,-0.00021328685673234498,-0.0005279018334431564,-0.0011614451642639836,-0.00046823685906314735,0.00025440159778971694,0.0003282920063702741,-4.274869188860983e-05,1.8861057815815653e-05,0.0005160903409805731,3.601740816298503e-05,-0.0007982416618378913,0.0,0.0,-7.600713685129269e-06,-0.0003250019295412169,-0.0024923293180720216,-0.00037805806987217886,-0.0001933095942615457,0.0,-0.00020280273584355853,0.0,0.0006384745826021405,-0.0002812366887764339,-9.843851452229865e-05,-0.0006683868261420704,-0.0019464707597110613,0.00016760448877519964,-7.086762233749088e-05,0.0,0.0010048365422884063,0.001478439610268523,0.00040454394836622186,-0.00016014088086652346,3.511979167995083e-05,3.3079368976202454e-06,0.0005402713650497631,0.0,0.0,0.0,0.0,0.0,0.0,0.0,0.0,6.487233898330825e-05,0.0,0.0
2023-07-19,0.00010478873158383943,-0.002124200745372366,0.0,-0.0005523045416791535,-0.0002522880998954642,-0.0003510851244220919,-5.362456123000469e-05,-0.00014118914582192396,0.0003441934879486327,0.0001361362093026441,-0.000848215334990454,-1.784050081101855e-05,0.0,-0.03686156083483061,-0.004309528425853676,-0.000938573944331678,-0.00048492324672824944,3.995827873796146e-06,-0.00044293333422697174,-0.0006158199006584679,-0.0001761913278347524,-0.002002917812417409,-8.504526240478221e-05,-0.0009748288563420829,8.452556204438607e-06,-0.000906941538146847,-5.175593862063764e-05,0.0001270803715736999,0.0004967479440921217,5.903218878230977e-05,-0.000790732701046494,-7.055974594911019e-06,-0.002013870104830128,0.0003130796095625389,-0.000945567435287538,0.0,-0.0020910834272347264,0.0002501788627915584,-8.144730395465511e-05,0.0,0.00021822046039415927,-0.0018972239863274095,0.0015975972609346915,0.0003039896672664135,-0.0001010298344442356,-0.00030477802788297616,-4.734223736209845e-05,-0.0009746340217394219,-0.00048813188328837315,-0.0008118723032181218,-0.0005298333389114481,0.0006889542286642686,1.3465142392380084e-05,-0.0008531887189827873,-0.0013351394505649978,-0.00016006396649642033,-9.771636980407543e-05,-0.00014172254269883368,0.0008535234587299184,0.0,-0.0003524870093755575,0.0,-0.00014868854175970576,-0.00021328685673234498,-0.0005279018334431564,-0.0019744750793987474,-0.00046823685906314735,0.00025440159778971694,-0.0001298950655126478,-1.6326334287637887e-05,1.8861057815815653e-05,0.0005160903409805731,3.601740816298503e-05,-0.0007982416618378913,0.0,0.0,-7.600713685129269e-06,-0.0002804072932715398,-0.0024923293180720216,-0.00037805806987217886,6.002959673926003e-05,0.0,-0.00020280273584355853,0.0,0.0006384745826021405,-0.0002812366887764339,-9.843851452229865e-05,-0.0006683868261420704,-0.0019464707597110613,0.00016760448877519964,-7.086762233749088e-05,0.0,0.0010048365422884063,0.001478439610268523,0.0011951728974961015,-0.00016014088086652346,3.511979167995083e-05,3.3079368976202454e-06,0.0005402713650497631,0.0,0.0,0.0,0.0,0.0,0.0,0.0,0.0,6.487233898330825e-05,0.0,0.0
2023-07-26,-0.0003645112598346618,0.0015729687085616253,0.0,-0.0005523045416791535,-0.0002522880998954642,-0.0003510851244220919,-0.0012333560725209104,-0.00014118914582192396,0.00030978677467460424,0.0001361362093026441,-0.000848215334990454,-0.0001219427258194272,0.0,-0.03650484755220975,0.00514547290959577,5.163247584602836e-05,0.0007303991317131767,3.995827873796146e-06,0.0004709424074530125,-0.0006854196302983465,-0.0001761913278347524,-0.0019105662304313119,-8.504526240478221e-05,0.0005549143683305994,-5.04488151841496e-06,-0.000906941538146847,-5.175593862063764e-05,-8.934902637793361e-05,0.0004967479440921217,5.903218878230977e-05,-0.0006147045436698738,-7.055974594911019e-06,-0.002013870104830128,0.0006136988209202133,-0.000945567435287538,0.0,0.0009960683774315644,0.0002501788627915584,-8.144730395465511e-05,0.0,0.00021822046039415927,-0.0018972239863274095,0.0015377160076030854,0.00030489789168851127,-0.0001010298344442356,-0.00030477802788297616,-5.14731772907665e-05,-0.0011220023303931811,-0.0004649822706160999,-0.0008118723032181218,-0.00041408614241316745,0.0009229887766798215,-0.00016524568883937647,-0.0007056220258348454,-0.0013356474478046867,-0.00016006396649642033,-9.771636980407543e-05,-0.00014172254269883368,0.0008535234587299184,0.0,-0.00021780425142656136,0.0,-0.0005229147240515932,-0.00021328685673234498,-0.0005279018334431564,-0.0003560805261262021,-0.00046823685906314735,0.00025440159778971694,-0.0001298950655126478,-4.789087064455365e-05,-6.063525694025571e-05,0.0007468453264332422,3.601740816298503e-05,-0.0007394647330047707,0.0,0.0,-7.600713685129269e-06,-0.00041552359657522254,-0.0024923293180720216,-0.00037805806987217886,6.630877830106905e-05,0.0,-0.00020280273584355853,0.0,-0.0007427228799810924,-0.0002812366887764339,-9.843851452229865e-05,-0.0006683868261420704,-0.0019464707597110613,0.00016760448877519964,-0.00014998737858069303,0.0,0.0010048365422884063,0.001478439610268523,0.0011951728974961015,-0.00048409122714245336,3.511979167995083e-05,3.3079368976202454e-06,0.0005402713650497631,0.0,0.0,0.0,0.0,0.0,0.0,0.0,0.0,4.573726428754741e-05,0.0,0.0
2023-08-02,-0.0003645112598346618,0.0015729687085616253,0.0,-0.0005523045416791535,-0.0002522880998954642,-0.0002599539728197415,0.0005021059549628636,-0.00014118914582192396,0.00030978677467460424,0.0001361362093026441,-0.0007959358497693747,-0.0001219427258194272,0.0,-0.0328830786198637,0.004974944239130714,5.163247584602836e-05,0.0007686645222090468,0.0008156113414018405,0.0004709424074530125,-0.0006224968475524216,-0.0001761913278347524,-0.0014906181126028396,-8.504526240478221e-05,0.0005549143683305994,-5.04488151841496e-06,0.0006223650870692884,0.0001734749054236258,-8.934902637793361e-05,0.0004967479440921217,5.903218878230977e-05,-0.0008203218978125148,-7.055974594911019e-06,-0.002013870104830128,0.0006136988209202133,-0.000899621125960785,0.0,0.0009512234724482836,0.0002501788627915584,-8.144730395465511e-05,0.0,0.00021822046039415927,-0.0018972239863274095,-0.0004965802409704242,0.00030489789168851127,-1.4552872991083393e-05,-0.00030477802788297616,-4.734223736209845e-05,-0.002071982549950513,-0.0004649822706160999,-0.0007003718008820649,-0.00041408614241316745,0.0010417786235981234,-0.00016524568883937647,-0.0011537495933653973,-0.0009537967444062393,-0.00016006396649642033,-9.771636980407543e-05,-0.00014172254269883368,0.0008535234587299184,0.0,-0.00021780425142656136,0.0,-0.0005229147240515932,-0.00021328685673234498,0.0007585521519289781,-0.0007276784222016116,-0.0001967482899348035,0.00025440159778971694,-0.0001298950655126478,-4.789087064455365e-05,-6.063525694025571e-05,0.0007468453264332422,3.601740816298503e-05,-0.0009228637983407129,0.0,0.0,-7.600713685129269e-06,0.0002515139074043847,-0.0024923293180720216,-0.00037805806987217886,6.630877830106905e-05,0.0,-0.00020280273584355853,0.0,-0.00044262311355042916,-0.0002812366887764339,-9.843851452229865e-05,-0.00028179048872462487,-0.0019464707597110613,0.00016760448877519964,-0.00011311314442747952,0.0,0.0010048365422884063,0.001478439610268523,0.0015868737824604406,-0.00048409122714245336,3.511979167995083e-05,3.3079368976202454e-06,0.0005402713650497631,0.0,0.0,0.0,0.0,0.0,0.0,0.0,0.0,4.573726428754741e-05,0.0,0.0
2023-08-09,0.00010478873158383943,0.0015729687085616253,0.0,-0.0005523045416791535,-0.0002522880998954642,-0.0001727231327816138,0.0005021059549628636,5.4707340259767034e-05,0.0003441934879486327,0.0001361362093026441,-0.0007959358497693747,0.0008254205041897918,0.0,-0.03308579681991583,0.0016941821688354285,5.163247584602836e-05,0.000255023180057858,0.0008156113414018405,9.544381231448697e-05,-0.0006224968475524216,-0.0001761913278347524,-0.0014906181126028396,0.0007432188295859134,-0.0004763902115963382,8.452556204438607e-06,0.0014213003141080342,-5.175593862063764e-05,0.0001270803715736999,0.0004967479440921217,5.903218878230977e-05,-0.0009356400602634827,-7.055974594911019e-06,-0.002013870104830128,0.0006136988209202133,-0.000899621125960785,0.0,0.0009543837834199193,0.0002501788627915584,-8.144730395465511e-05,0.0,0.00021822046039415927,-0.0018972239863274095,-0.0004965802409704242,0.0003039896672664135,-1.4552872991083393e-05,-0.00030477802788297616,-4.734223736209845e-05,-0.002071982549950513,-0.0004649822706160999,-0.0008118723032181218,-0.00043780826134160014,0.0010417786235981234,-0.00016524568883937647,-0.0011537495933653973,-0.000962399341211346,-0.00016006396649642033,-9.771636980407543e-05,-0.00014172254269883368,0.0008535234587299184,0.0,-0.0003524870093755575,0.0,-0.0005229147240515932,-0.00021328685673234498,-0.0005279018334431564,0.00046230646202160305,0.0001440115233260727,0.00025440159778971694,-0.0001298950655126478,-4.789087064455365e-05,1.8861057815815653e-05,0.0007468453264332422,3.601740816298503e-05,-0.0009112682926678225,0.0,0.0,-7.600713685129269e-06,-0.00041552359657522254,-0.0024923293180720216,-0.00037805806987217886,6.630877830106905e-05,0.0,-0.00020280273584355853,0.0,-0.0007427228799810924,-0.00031142800755011617,-9.843851452229865e-05,-0.0006683868261420704,6.574428380420072e-05,0.00016760448877519964,-3.39933881842774e-05,0.0,0.0010048365422884063,0.001478439610268523,0.0015868737824604406,-0.00041404636688503873,3.511979167995083e-05,3.3079368976202454e-06,0.0005402713650497631,0.0,0.0,0.0,0.0,0.0,0.0,0.0,0.0,6.487233898330825e-05,0.0,0.0
2023-08-16,-0.0003645112598346618,0.0015729687085616253,0.0,-0.00043141172043365423,-7.076793847299769e-05,-0.00014952724254212746,-0.0007379808782128332,5.4707340259767034e-05,-2.6864181074014214e-05,0.0001361362093026441,-0.000782278832710671,-0.0001219427258194272,0.0,-0.016355600572015686,0.00514547290959577,5.163247584602836e-05,0.0007686645222090468,0.0019893016898641256,0.0004709424074530125,-0.0006757368590563289,-4.9266453801968814e-05,-0.0012691184857350016,0.0007432188295859134,0.0005549143683305994,0.00014396867458819833,0.0006223650870692884,-5.175593862063764e-05,-8.934902637793361e-05,-0.00012167158619867885,5.903218878230977e-05,-0.0008834032352493606,-7.055974594911019e-06,-0.002013870104830128,0.0006136988209202133,-0.0007603198177229532,0.0,0.0009543837834199193,0.00025099955421382583,-5.053280848767778e-05,0.0,6.584322221019102e-05,-0.0018972239863274095,-0.0005319850489789839,0.00030489789168851127,-1.4552872991083393e-05,-0.00030477802788297616,-5.14731772907665e-05,-0.002071982549950513,-0.0004649822706160999,-0.0008118723032181218,-0.00041408614241316745,0.0009960758536480974,-0.00016524568883937647,-0.0011537495933653973,-0.0007602562932181297,3.570114031673016e-05,-9.771636980407543e-05,-0.00014172254269883368,0.0008535234587299184,0.0,-0.00021780425142656136,0.0,-0.0005229147240515932,-0.00021328685673234498,0.0027459272546778725,-0.0007247142808317314,-0.0001967482899348035,-0.00019266194575860688,-0.0001298950655126478,-4.789087064455365e-05,-6.063525694025571e-05,0.000699768541792863,3.601740816298503e-05,-0.0009228637983407129,0.0,0.0,-7.600713685129269e-06,0.0028179705980889494,-0.002316954297159853,-0.00037805806987217886,6.630877830106905e-05,0.0,-0.00020280273584355853,0.0,-0.00044262311355042916,-0.00031142800755011617,-9.843851452229865e-05,-0.00028179048872462487,6.574428380420072e-05,0.00016760448877519964,-0.00011311314442747952,0.0,0.0010048365422884063,0.0009754771701054226,0.001138266820646119,-0.00048409122714245336,9.648607183447469e-05,3.3079368976202454e-06,0.0005402713650497631,0.0,0.0,0.0,0.0,0.0,0.0,0.0,0.0,4.573726428754741e-05,0.0,0.0
2023-08-23,0.00010478873158383943,0.0015729687085616253,0.0,-0.000556362039112893,0.0007328450546939577,-6.229640250399978e-05,0.0005021059549628636,5.4707340259767034e-05,-0.0006975337287285035,0.00010553128369332861,-0.0008642030658021697,0.0008254205041897918,0.0,-0.016074164883072475,0.0016683223454064503,5.163247584602836e-05,0.000255023180057858,0.001973973430914765,9.544381231448697e-05,-0.0005023090564316006,-4.9266453801968814e-05,-0.0012691184857350016,0.0007432188295859134,0.0005169135300366986,0.00014396867458819833,0.0022302945901369682,-5.175593862063764e-05,-8.934902637793361e-05,0.0005561024107247315,5.903218878230977e-05,-0.005348120081983467,-7.055974594911019e-06,0.00029838322470582214,0.0006136988209202133,-0.0007603198177229532,0.0,0.0008642779642619715,0.00025913572925075057,-8.144730395465511e-05,0.0,6.584322221019102e-05,-0.00184229786333638,-0.0005319850489789839,0.0003039896672664135,-1.4552872991083393e-05,-0.00030477802788297616,-4.734223736209845e-05,-0.002117717397715976,-0.0004649822706160999,-0.0005590250226914133,-0.00043780826134160014,0.001045181063606038,-0.00016524568883937647,-0.0011537495933653973,-0.000492215620959631,3.570114031673016e-05,-9.771636980407543e-05,-0.00014172254269883368,0.0008535234587299184,0.0,-0.00031954262939644644,0.0,-0.0005229147240515932,-0.00021328685673234498,-0.0004719914583377472,0.0017701155470480692,0.0005138525328204299,0.00013505608083496108,-0.0001298950655126478,-4.789087064455365e-05,1.8861057815815653e-05,0.000699768541792863,3.601740816298503e-05,-0.0008989340958494424,0.0,0.0,-7.600713685129269e-06,0.0028179705980889494,0.01215771610676912,0.0010802303427180462,6.630877830106905e-05,0.0,9.486132638870426e-05,0.0,-0.00044262311355042916,-0.00039032821791039953,-9.843851452229865e-05,-0.0006683868261420704,6.574428380420072e-05,0.00016760448877519964,-0.00011311314442747952,0.0,0.00096151302340692,0.0008903760113303137,0.0003791232599884973,-0.00041404636688503873,9.648607183447469e-05,3.3079368976202454e-06,0.0005402713650497631,0.0,0.0,0.0,0.0,0.0,0.0,0.0,0.0,6.487233898330825e-05,0.0,0.0
2023-08-30,-0.00019358560854845842,0.0009438281450366049,0.0,-0.000556362039112893,0.0007328450546939577,-6.229640250399978e-05,0.0005021059549628636,5.4707340259767034e-05,-0.0006975337287285035,0.00010553128369332861,-0.0008642030658021697,0.0008254205041897918,0.0,-0.0159960718510757,0.0013026116824060515,5.163247584602836e-05,0.000255023180057858,0.001973973430914765,9.544381231448697e-05,4.155230591355381e-05,-4.9266453801968814e-05,-0.0012691184857350016,0.0007432188295859134,6.640216443062816e-05,0.00014396867458819833,0.0022302945901369682,-5.175593862063764e-05,-8.934902637793361e-05,-0.0002097002288340379,5.903218878230977e-05,-0.005450369168125129,-7.055974594911019e-06,0.00029838322470582214,0.0006136988209202133,-0.0007603198177229532,0.0,0.0008642779642619715,0.00025913572925075057,-8.144730395465511e-05,0.0,6.584322221019102e-05,-0.00184229786333638,-0.0005319850489789839,0.0003039896672664135,-1.4552872991083393e-05,-0.00030477802788297616,-4.734223736209845e-05,-0.002117717397715976,-0.0004649822706160999,-0.0005590250226914133,-0.0005535554578398807,0.001045181063606038,-0.00016524568883937647,-0.0011537495933653973,-0.00053580297490686,3.570114031673016e-05,-9.771636980407543e-05,-0.00014172254269883368,0.0008535234587299184,0.0,-0.0004542253873454426,0.0,-0.0005229147240515932,-0.00021328685673234498,0.000865552056208396,-0.0007276784222016116,0.0005138525328204299,0.00013505608083496108,-0.0001298950655126478,-4.789087064455365e-05,1.8861057815815653e-05,0.000699768541792863,3.601740816298503e-05,-0.0008989340958494424,0.0,0.0,-7.600713685129269e-06,0.0002515139074043847,0.012150517208011493,0.0010802303427180462,6.630877830106905e-05,0.0,-0.00020280273584355853,0.0,-0.00044262311355042916,-0.00039032821791039953,-9.843851452229865e-05,-0.00028179048872462487,6.574428380420072e-05,0.00016760448877519964,-0.00011311314442747952,0.0,0.00096151302340692,0.0013933384514934143,0.0008277302218028191,-0.00041404636688503873,3.511979167995083e-05,3.3079368976202454e-06,0.0005402713650497631,0.0,0.0,0.0,0.0,0.0,0.0,0.0,0.0,6.487233898330825e-05,0.0,0.0
2023-09-06,0.00019731152978006686,0.0009438281450366049,0.0,0.0010865180942761842,0.0007328450546939577,-6.229640250399978e-05,0.00040068868719386156,5.4707340259767034e-05,-0.0006835089974491372,0.00010553128369332861,-0.000782278832710671,-0.0001219427258194272,0.0,0.008143743356121794,0.0049758507617761825,5.163247584602836e-05,0.0007686645222090468,0.0019067580937788167,2.073906607106989e-05,-9.903889986554185e-05,-4.9266453801968814e-05,-0.0012691184857350016,0.0007432188295859134,0.0005450251688944085,0.00014396867458819833,0.0022169356668339146,-5.175593862063764e-05,-8.934902637793361e-05,-0.0009044527101857902,-1.5349121551358976e-06,-0.005337102788208969,-1.9466774217974547e-05,0.00028607522906220963,0.0006136988209202133,-0.0008127481349987707,0.0,0.0009091228692452523,0.0002728078918599734,-8.144730395465511e-05,0.0,6.584322221019102e-05,-0.0004030817923568339,-0.0004948816083781864,0.00030489789168851127,0.0001953632814181039,-0.00046999303526090757,-4.734223736209845e-05,-0.002117717397715976,-0.0004649822706160999,-0.0008118723032181218,-0.0005535554578398807,-0.005252637820132148,-0.00016524568883937647,-0.00048255120091773255,-0.0008137394802277947,3.570114031673016e-05,-9.771636980407543e-05,-0.00014172254269883368,0.0008535234587299184,0.0,-0.00031954262939644644,0.0,-0.0005229147240515932,-0.00021328685673234498,-0.0004719914583377472,0.0004990066185540083,0.0001440115233260727,0.00013505608083496108,-0.0001298950655126478,-4.789087064455365e-05,-6.063525694025571e-05,0.000699768541792863,3.564214122547179e-07,-0.0009228637983407129,0.0,0.0,-7.600713685129269e-06,0.0002515139074043847,0.0021487823864353543,0.0010802303427180462,6.630877830106905e-05,0.0,-0.00020280273584355853,0.0,-0.00044262311355042916,-5.6409801415307484e-05,-9.843851452229865e-05,-0.0006683868261420704,6.574428380420072e-05,0.00032726857761979566,0.0003417124861583201,0.0,0.0005549692567130882,0.001395617092803979,0.0015868737824604406,-0.00041404636688503873,3.511979167995083e-05,3.3079368976202454e-06,0.0004151256540341653,0.0,0.0,0.0,0.0,0.0,0.0,0.0,0.0,-0.0007713910853651563,0.0,0.0
2023-09-13,0.00010478873158383943,0.0007586522146338281,0.0,0.0010865180942761842,0.0007328450546939577,-0.00014952724254212746,0.0002791951223955272,-0.00014118914582192396,-0.0007320643421440926,0.00010553128369332861,-0.000782278832710671,0.0008254205041897918,0.0,0.002538787042524665,-0.0031417107823188263,5.163247584602836e-05,-0.0005371819684117159,0.0019067580937788167,-0.0005176380804703888,-0.00021561355005501702,-4.9266453801968814e-05,-0.0013614700677210985,0.0007432188295859134,0.0005450251688944085,0.00014396867458819833,0.0022169356668339146,-5.175593862063764e-05,-8.934902637793361e-05,-0.00021318651241226009,-1.5349121551358976e-06,-0.00551313094558559,-1.9466774217974547e-05,0.00028607522906220963,0.0006136988209202133,-0.0008127481349987707,0.0,0.0009059625582736167,0.0002728078918599734,-8.144730395465511e-05,0.0,6.584322221019102e-05,-0.00045800791534786323,-0.0005255244672259167,0.0003039896672664135,0.0001953632814181039,-0.00046999303526090757,-4.734223736209845e-05,-0.0020386646676494413,-0.00048813188328837315,-0.0008118723032181218,-0.0005535554578398807,-0.005418274925158381,-0.00016524568883937647,-0.00048255120091773255,-0.0008292029266468635,3.570114031673016e-05,-9.771636980407543e-05,-0.00014172254269883368,0.0008535234587299184,0.0,-0.00031954262939644644,0.0,-0.0005229147240515932,-0.00021328685673234498,-0.0005418091382817793,-0.0007276784222016116,-0.0001967482899348035,0.00013505608083496108,-0.0001298950655126478,-4.789087064455365e-05,1.8861057815815653e-05,0.000699768541792863,3.564214122547179e-07,-0.0009112682926678225,0.0,0.0,-7.600713685129269e-06,-0.00041552359657522254,-0.0026780258661209012,0.0010802303427180462,6.630877830106905e-05,0.0,-0.00020280273584355853,0.0,-0.0007427228799810924,-5.6409801415307484e-05,-9.843851452229865e-05,-0.0006683868261420704,6.574428380420072e-05,0.00032726857761979566,-0.00011311314442747952,0.0,0.00096151302340692,0.001395617092803979,0.0015868737824604406,-0.0002677278717705624,3.511979167995083e-05,3.3079368976202454e-06,0.0004151256540341653,0.0,0.0,0.0,0.0,0.0,0.0,0.0,0.0,-0.0007713910853651563,0.0,0.0
2023-09-20,0.00010478873158383943,-0.002124200745372366,0.0,-0.0005523045416791535,0.0005505180788333752,-0.00014952724254212746,0.0002791951223955272,-0.00014118914582192396,-0.0007320643421440926,0.00015425594502469357,-0.000782278832710671,-1.784050081101855e-05,0.0,-0.00500650752802119,-0.0031006838433261393,5.163247584602836e-05,-0.0005371819684117159,0.001973973430914765,-0.0005176380804703888,-0.0005917772336629405,-4.9266453801968814e-05,-0.0012555834231647767,0.0007432188295859134,0.0005450251688944085,-8.592724947268591e-05,0.0022169356668339146,-5.175593862063764e-05,-8.934902637793361e-05,-0.00140414997059458,5.903218878230977e-05,-0.0020864541964185548,-7.055974594911019e-06,0.00029838322470582214,-2.230010600095373e-05,0.002841326151070247,0.0,0.0009059625582736167,0.0002728078918599734,-8.144730395465511e-05,0.0,0.00018306261862165033,-0.00026256176649386113,-0.0005255244672259167,0.0003039896672664135,0.0001953632814181039,-0.00046999303526090757,-4.734223736209845e-05,-0.0018919169383656844,-0.00048813188328837315,-0.0008118723032181218,-0.0005535554578398807,-0.005418274925158381,-0.00016524568883937647,-0.00048255120091773255,-0.0009055540954242058,3.570114031673016e-05,-9.771636980407543e-05,-0.00014172254269883368,0.0008535234587299184,0.0,-0.00031954262939644644,0.0,-0.0005229147240515932,-0.00021328685673234498,-0.0005418091382817793,-0.0003560805261262021,-0.00046823685906314735,-0.00019266194575860688,-0.0001298950655126478,-1.6326334287637887e-05,1.8861057815815653e-05,0.00046901355634019386,3.564214122547179e-07,-0.0010172570251915265,0.0,0.0,-7.600713685129269e-06,-0.00034849232881579376,-0.0025118401461757347,-0.00037805806987217886,6.630877830106905e-05,0.0,-0.00020280273584355853,0.0,-0.00111230267015208,2.249040894497588e-05,-9.843851452229865e-05,-0.0006683868261420704,6.574428380420072e-05,0.00032726857761979566,-0.00014998737858069303,0.0,0.0005549692567130882,0.0010122220901293256,0.0015868737824604406,-0.0002677278717705624,-0.00033652098893326014,3.3079368976202454e-06,0.0004151256540341653,0.0,0.0,0.0,0.0,0.0,0.0,0.0,0.0,-0.0007713910853651563,0.0,0.0
2023-09-27,0.00010478873158383943,-0.000122840899607573,0.0,-0.0005523045416791535,0.0005505180788333752,-0.00014952724254212746,-0.0001550418289990067,-0.00014118914582192396,-0.0007320643421440926,0.00015425594502469357,-0.000782278832710671,-1.784050081101855e-05,0.0,-0.01016565054625745,-0.0031006838433261393,5.163247584602836e-05,0.000255023180057858,0.0019893016898641256,-0.0005176380804703888,-0.0005463975810644454,-4.9266453801968814e-05,-0.0012555834231647767,0.0007432188295859134,0.0005450251688944085,-8.592724947268591e-05,0.0019166381850029663,0.0001734749054236258,-8.934902637793361e-05,-0.00012167158619867885,5.903218878230977e-05,-0.0019711360339675866,-7.055974594911019e-06,0.00029838322470582214,0.00026424051970085164,0.002841326151070247,0.0,0.0009059625582736167,0.0002728078918599734,-8.144730395465511e-05,0.0,0.00018306261862165033,-0.00014765779420831146,-0.0004825668834393224,0.00038227729236176694,0.0001953632814181039,-0.00046999303526090757,-4.734223736209845e-05,-0.002051702212483835,-0.00048813188328837315,-0.0007003718008820649,-0.0005535554578398807,-0.005418274925158381,-0.00016524568883937647,-0.0005910971649727505,-0.000889582651765448,3.570114031673016e-05,-9.771636980407543e-05,-0.00014172254269883368,0.0008535234587299184,0.0,-0.00031954262939644644,0.0,-0.00014868854175970576,-0.00021328685673234498,-0.00031656066457496284,-0.00035311638475632185,-0.0001967482899348035,-0.00019266194575860688,-0.0001298950655126478,-4.789087064455365e-05,1.8861057815815653e-05,0.00046901355634019386,3.564214122547179e-07,-0.0010049228283731464,0.0,0.0,-7.600713685129269e-06,0.0010792734386244705,0.004501622689755484,-0.00037805806987217886,6.630877830106905e-05,0.0,-0.00020280273584355853,0.0,0.0008548404901602157,2.249040894497588e-05,-9.843851452229865e-05,0.00032935178069261854,6.574428380420072e-05,0.00016760448877519964,-0.00011311314442747952,0.0,0.00096151302340692,0.0014807182515790876,0.0008055097704486987,-0.0002677278717705624,-0.000924538180861683,3.3079368976202454e-06,0.0004151256540341653,0.0,0.0,0.0,0.0,0.0,0.0,0.0,0.0,-0.0007713910853651563,0.0,0.0
2023-10-04,0.00010478873158383943,-0.002124200745372366,0.0,-0.00043141172043365423,0.0005505180788333752,-0.0002406583941444778,0.00038061239016452916,-0.00014118914582192396,-0.0007320643421440926,-7.049251547687444e-05,-0.0008345583179317504,-1.784050081101855e-05,0.0,-0.014561176865832508,-0.0031024089908774644,0.0016976773730254793,0.0007686645222090468,0.002083705151155796,-0.0004618403630568892,-0.0005697923598024022,-4.9266453801968814e-05,-0.0012555834231647767,0.0007432188295859134,0.00040753184097739036,-8.592724947268591e-05,-0.00038815637991694357,-5.175593862063764e-05,-8.934902637793361e-05,-0.0002481933859425664,5.903218878230977e-05,-0.002199720576334714,-7.055974594911019e-06,0.0003023704128202522,3.300482353420871e-05,0.002991620403867999,0.0,0.0008344202496904547,0.000272500089495281,-5.053280848767778e-05,0.0,-0.000962857772478787,0.0019710409199925616,-0.0005319850489789839,-0.0011081693268566806,-1.4552872991083393e-05,-0.00030477802788297616,-4.734223736209845e-05,-0.0009419367188083529,-0.0003931066496614419,-0.0008118723032181218,-0.00043552020223623866,0.0009720939866377621,-7.750426300366599e-05,-0.0005125987956058535,-0.0005922537447885711,3.570114031673016e-05,-0.0001014223162527924,-0.00014172254269883368,0.0008535234587299184,0.0,0.00045568148119992245,0.0,-0.0005229147240515932,-0.00021328685673234498,0.0023120509212865704,-0.0019377749228663423,-0.00046823685906314735,-0.00016864380523608558,-0.0001298950655126478,-2.2314261296383134e-05,1.8861057815815653e-05,0.00046901355634019386,3.601740816298503e-05,0.006658234006993667,0.0,0.0,-3.709501225804664e-05,-0.0003038976925461167,-0.0022395116191638734,-0.00037805806987217886,6.630877830106905e-05,0.0,-0.00020280273584355853,0.0,-0.00111230267015208,-0.00031142800755011617,-9.843851452229865e-05,-2.5147440502990064e-05,6.574428380420072e-05,0.00016760448877519964,-0.00014998737858069303,0.0,-0.00044797979044144254,0.001478439610268523,0.0015868737824604406,-0.0002677278717705624,-0.00033652098893326014,3.3079368976202454e-06,-0.0004602888311012624,0.0,0.0,0.0,0.0,0.0,0.0,0.0,0.0,6.487233898330825e-05,0.0,0.0
2023-10-11,0.00010478873158383943,-0.002124200745372366,0.0,-0.0005523045416791535,0.0005505180788333752,-0.00015342755410635014,-0.0004897794325303992,-0.00014118914582192396,-0.0007320643421440926,-7.049251547687444e-05,-0.0008345583179317504,-1.784050081101855e-05,0.0,-0.016192168907657182,-0.0030128114960505216,5.163247584602836e-05,-0.0005371819684117159,0.002083705151155796,-0.0004618403630568892,-0.0005922593687722224,-4.9266453801968814e-05,-0.0012555834231647767,0.0007432188295859134,0.00036953100268348954,-8.592724947268591e-05,-0.0006384976373245241,0.0001734749054236258,0.0001270803715736999,0.0003702261443482342,5.903218878230977e-05,-0.002136639238897868,-7.055974594911019e-06,0.0003023704128202522,3.300482353420871e-05,0.002991620403867999,0.0,0.0008344202496904547,0.00026696410192298287,-8.144730395465511e-05,0.0,-0.0006690998485381067,0.0019710409199925616,-0.0005626279078267141,-0.0011090775512787785,-1.4552872991083393e-05,-0.00030477802788297616,-4.734223736209845e-05,-0.0009419367188083529,-0.0003931066496614419,-0.0007003718008820649,-0.00043552020223623866,0.000926391216687736,-0.00016524568883937647,-0.0005125987956058535,-0.0005927617420282599,3.570114031673016e-05,-9.771636980407543e-05,-0.00014172254269883368,0.0008535234587299184,0.0,0.00045568148119992245,0.0,-0.0005229147240515932,-0.00021328685673234498,-0.00038637834451899503,0.0017671514056781892,0.0005138525328204299,0.00019357592579630426,-0.0001298950655126478,-2.2314261296383134e-05,1.8861057815815653e-05,0.00046901355634019386,3.601740816298503e-05,0.006658234006993667,0.0,0.0,-3.709501225804664e-05,0.0003185451751638134,-0.002420095767534313,-0.00037805806987217886,6.630877830106905e-05,0.0,9.486132638870426e-05,0.0,-0.0008122029037214169,-0.00031142800755011617,-9.843851452229865e-05,0.00017756334923365073,6.574428380420072e-05,0.00016760448877519964,-3.39933881842774e-05,0.0,-0.00044797979044144254,0.001478439610268523,0.0015868737824604406,-0.0002677278717705624,-0.00033652098893326014,3.3079368976202454e-06,6.30821417304211e-05,0.0,0.0,0.0,0.0,0.0,0.0,0.0,0.0,6.487233898330825e-05,0.0,0.0
2023-10-18,0.00019731152978006686,0.0007586522146338281,0.0,-0.0005523045416791535,0.0005505180788333752,-0.00015342755410635014,0.0005021059549628636,5.4707340259767034e-05,-0.0007320643421440926,-7.049251547687444e-05,-0.0008345583179317504,-1.784050081101855e-05,0.0,-0.010913273601189075,0.0027280259409800263,0.0016976773730254793,0.000255023180057858,0.002083705151155796,7.653678348456946e-05,-0.0006209153883501581,-4.9266453801968814e-05,-0.0011632318411786797,0.0007432188295859134,0.00040753184097739036,-8.592724947268591e-05,-0.00038815637991694357,-5.175593862063764e-05,-8.934902637793361e-05,0.0003702261443482342,5.903218878230977e-05,-0.0019626628640560563,-7.055974594911019e-06,0.0003023704128202522,-2.230010600095373e-05,0.002991620403867999,0.0,0.0008375805606620903,0.0002806362645322057,-8.144730395465511e-05,0.0,-0.0006690998485381067,0.0019710409199925616,-0.0005319850489789839,-0.0006734214153314872,-1.4552872991083393e-05,-0.00030477802788297616,-4.734223736209845e-05,-0.0009274927799183038,-0.00036995703698916864,-0.0008118723032181218,-0.00043552020223623866,0.0009720939866377621,-0.00016524568883937647,-0.0005125987956058535,-0.0005922537447885711,3.570114031673016e-05,-0.0001014223162527924,-0.00014172254269883368,0.0008535234587299184,0.0,0.00045568148119992245,0.0,-0.0005229147240515932,-0.00021328685673234498,0.0007957343762643638,-0.0007276784222016116,0.0005138525328204299,-0.0001341421007972637,0.0003282920063702741,-5.3878797653298896e-05,1.8861057815815653e-05,0.000699768541792863,3.601740816298503e-05,0.006658234006993667,0.0,0.0,-3.709501225804664e-05,-0.00034849232881579376,-0.002420095767534313,-0.00037805806987217886,6.630877830106905e-05,0.0,-0.00020280273584355853,0.0,-0.00111230267015208,-0.00031142800755011617,-9.843851452229865e-05,8.036484085905199e-05,6.574428380420072e-05,0.00016760448877519964,-0.00011311314442747952,0.0,-0.00044797979044144254,0.001478439610268523,0.0015868737824604406,-0.0002677278717705624,-0.00033652098893326014,3.3079368976202454e-06,0.0004151256540341653,0.0,0.0,0.0,0.0,0.0,0.0,0.0,0.0,6.487233898330825e-05,0.0,0.0
2023-10-25,0.00010478873158383943,0.0007586522146338281,0.0,-0.00043546921786739374,0.0005505180788333752,-0.00015342755410635014,0.00038061239016452916,5.4707340259767034e-05,-0.0006975337287285035,-7.049251547687444e-05,-0.0009164825510232491,-1.784050081101855e-05,0.0,-0.01577808490692289,-0.003110043153160293,5.163247584602836e-05,-0.0005371819684117159,0.002083705151155796,-0.0004618403630568892,-0.00046995459469524993,-4.9266453801968814e-05,-0.0012555834231647767,0.0007432188295859134,0.00036953100268348954,-8.592724947268591e-05,-0.0014883852634546286,-5.175593862063764e-05,6.0211556162066525e-05,-0.00024470710236434415,5.903218878230977e-05,-0.0017551071393514608,-7.055974594911019e-06,0.00010107919917396463,-2.230010600095373e-05,0.002991620403867999,0.0,-0.0018537030419240018,0.00025882792688605813,7.467021226087472e-06,0.0,-0.0006690998485381067,0.00184147160036953,-0.0005626279078267141,-0.0006734214153314872,-1.4552872991083393e-05,-0.00030477802788297616,-4.734223736209845e-05,-0.0009399097453826951,-0.0003931066496614419,-0.0005590250226914133,-0.00043552020223623866,0.0009720939866377621,-0.00016524568883937647,-0.000485253863120941,-0.000484121021394213,3.570114031673016e-05,-9.771636980407543e-05,-0.00014172254269883368,0.0008535234587299184,0.0,0.00045568148119992245,0.0,-0.0005229147240515932,-0.00021328685673234498,0.002108591576331636,0.0017701155470480692,0.0005138525328204299,0.00019357592579630426,0.0003282920063702741,-5.3878797653298896e-05,1.8861057815815653e-05,0.000699768541792863,3.601740816298503e-05,0.0065170105649979704,0.0,0.0,-3.709501225804664e-05,0.0022356183937654313,0.011102568935162791,-2.1506505925088248e-05,-0.0001933095942615457,0.0,9.486132638870426e-05,0.0,-0.0008122029037214169,-0.00039032821791039953,-9.843851452229865e-05,8.036484085905199e-05,6.574428380420072e-05,0.00016760448877519964,-0.00011311314442747952,0.0,-0.00044797979044144254,0.0009754771701054226,0.0008055097704486987,-0.00016014088086652346,-0.000924538180861683,3.3079368976202454e-06,0.0005402713650497631,0.0,0.0,0.0,0.0,0.0,0.0,0.0,0.0,6.487233898330825e-05,0.0,0.0
2023-11-01,-0.0003645112598346618,0.0009438281450366049,0.0,-0.0006570859947646809,0.0005505180788333752,-0.00015342755410635014,-0.0007882471364588808,5.4707340259767034e-05,-0.0006489783840335479,0.0001236510194153781,-0.0009164825510232491,2.6356496935034607e-06,0.0,0.036681295319747384,0.0055237258286080955,0.0016976773730254793,0.0007303991317131767,0.0019220863527281773,9.544381231448697e-05,-0.0005435980208574321,0.00014396246465810236,-0.00023629590369004806,0.0007432188295859134,0.00036953100268348954,-8.592724947268591e-05,-0.0006384976373245241,0.0001734749054236258,0.0001270803715736999,0.00036660962603864166,-1.5349121551358976e-06,-0.0015270746096602045,-1.9466774217974547e-05,0.0002900624171766396,-2.230010600095373e-05,0.0026015045241953353,0.0,-0.0019122689678390565,0.0002728078918599734,-8.144730395465511e-05,0.0,0.00018306261862165033,0.0017898043433554462,0.0004227852847455808,0.0003147568405531006,-1.4552872991083393e-05,-0.00046999303526090757,-5.14731772907665e-05,-0.0012271232429056545,-0.0004649822706160999,-0.00044752452035535644,-0.00043552020223623866,0.0007640661367081582,-0.00016524568883937647,-0.00045520626843282007,-0.00040827784985655955,3.570114031673016e-05,-0.0001014223162527924,-0.00014172254269883368,0.0008535234587299184,0.0,0.00042643576528929994,0.0,-0.0008477753995040233,-0.0003396538180840155,-0.0004719914583377472,0.0018228106165145185,0.0004837209190914252,0.00013505608083496108,0.0003282920063702741,-5.3878797653298896e-05,-6.063525694025571e-05,0.000699768541792863,3.601740816298503e-05,-0.0007072511410916005,0.0,0.0,-7.600713685129269e-06,0.0028179705980889494,0.012208218809301705,0.0010802303427180462,-0.0001933095942615457,0.0,9.486132638870426e-05,0.0,-0.0008122029037214169,-0.00039032821791039953,0.0009346190179013605,-0.0006683868261420704,6.574428380420072e-05,0.00032726857761979566,0.0004208322424015222,0.0,-0.00044797979044144254,0.0008926546526408783,0.0003791232599884973,-0.0003765042362384144,9.648607183447469e-05,3.3079368976202454e-06,0.0004151256540341653,0.0,0.0,0.0,0.0,0.0,0.0,0.0,0.0,6.487233898330825e-05,0.0,0.0
2023-11-08,-0.0003645112598346618,0.0015729687085616253,0.0,-0.0006570859947646809,0.0005505180788333752,-0.00015342755410635014,0.00045183969671681585,5.4707340259767034e-05,-0.0006489783840335479,0.0001236510194153781,-0.0009164825510232491,-1.784050081101855e-05,0.0,0.03733141384562233,0.0026130341118941174,0.0016976773730254793,0.00021675778956198796,0.0019220863527281773,9.544381231448697e-05,-0.0005211310118876119,0.00014396246465810236,-0.00023629590369004806,0.0007432188295859134,0.00045215337122754773,0.00014396867458819833,-4.205188467390944e-05,-5.175593862063764e-05,-8.934902637793361e-05,-0.0008998850950230687,1.4011555244740402e-05,-0.0016425638720407073,-1.9466774217974547e-05,0.0002900624171766396,-2.230010600095373e-05,0.0026015045241953353,0.0,-0.0019122689678390565,0.0002728078918599734,-8.144730395465511e-05,0.0,0.00018306261862165033,0.0017898043433554462,0.0004227852847455808,0.00031384861613100286,-1.4552872991083393e-05,-0.00046999303526090757,-4.734223736209845e-05,-0.0012271232429056545,-0.0004649822706160999,-0.0005590250226914133,-0.00031977300573795804,0.0008375805098217011,-0.00016524568883937647,-0.00045520626843282007,-0.0004523732010434774,3.570114031673016e-05,-0.0001014223162527924,-0.00014172254269883368,0.0008535234587299184,0.0,0.0008248867414904324,0.0,-0.0008477753995040233,-0.0003396538180840155,0.000865552056208396,-0.0003986936307712644,0.0004837209190914252,0.00013505608083496108,0.0003282920063702741,-5.3878797653298896e-05,1.8861057815815653e-05,0.000699768541792863,3.601740816298503e-05,-0.0006956556354187102,0.0,0.0,-7.600713685129269e-06,0.00014571906294767086,0.012201019910544078,0.0010802303427180462,-0.0001933095942615457,0.0,-0.00020280273584355853,0.0,-0.0008122029037214169,-0.00039032821791039953,-0.00018660751964866414,-0.00028179048872462487,6.574428380420072e-05,0.00032726857761979566,0.0003417124861583201,0.0,-0.00022722316539809797,0.0009271209313542165,0.0003791232599884973,-0.0003064593759809998,3.511979167995083e-05,3.3079368976202454e-06,0.0004151256540341653,0.0,0.0,0.0,0.0,0.0,0.0,0.0,0.0,6.487233898330825e-05,0.0,0.0
2023-11-15,0.00010478873158383943,0.0009438281450366049,0.0,-0.0004513120104968157,0.0005505180788333752,-0.00015342755410635014,0.0003303461319184815,5.4707340259767034e-05,-0.0007320643421440926,0.0001236510194153781,-0.0008345583179317504,0.0008254205041897918,0.0,0.03665287411515937,-0.0027210784625818873,0.0016976773730254793,0.00021675778956198796,0.0019220863527281773,9.544381231448697e-05,8.305825452096713e-05,0.00014396246465810236,-0.0010131806093349042,0.0007432188295859134,0.00036953100268348954,-8.592724947268591e-05,-0.0023007085934706774,0.0001734749054236258,-8.934902637793361e-05,0.0003702261443482342,-1.5349121551358976e-06,-0.0015270746096602045,-1.9466774217974547e-05,-0.00014517555650600715,-2.230010600095373e-05,0.002753532589201971,0.0,-0.0019122689678390565,0.0002728078918599734,-8.144730395465511e-05,0.0,0.00018306261862165033,0.0017898043433554462,0.0004227852847455808,0.00031384861613100286,-1.4552872991083393e-05,-0.00046999303526090757,-4.734223736209845e-05,-0.001193805360604583,-0.00048813188328837315,-0.0007003718008820649,-0.00043552020223623866,0.0008097689066581843,-0.00016524568883937647,-0.00045520626843282007,-0.0005009471268318486,3.570114031673016e-05,-0.0001014223162527924,-0.00014172254269883368,0.0008535234587299184,0.0,0.00042643576528929994,0.0,-0.0008477753995040233,-0.0003396538180840155,-0.0004719914583377472,0.0018198464751446384,0.0004837209190914252,0.00013505608083496108,0.0003282920063702741,-5.3878797653298896e-05,1.8861057815815653e-05,0.000699768541792863,3.601740816298503e-05,-0.0006956556354187102,0.0,0.0,-7.600713685129269e-06,0.0002515139074043847,0.004566427092933511,0.0010802303427180462,-0.0001933095942615457,0.0,9.486132638870426e-05,0.0,-0.0008122029037214169,-0.00039032821791039953,0.0009346190179013605,-0.0006683868261420704,6.574428380420072e-05,0.00032726857761979566,0.0003417124861583201,0.0,-0.00044797979044144254,0.001395617092803979,0.0012541167322630204,-0.0003064593759809998,3.511979167995083e-05,3.3079368976202454e-06,0.0004151256540341653,0.0,0.0,0.0,0.0,0.0,0.0,0.0,0.0,6.487233898330825e-05,0.0,0.0
2023-11-22,0.00010478873158383943,0.0009438281450366049,0.0,-0.0004513120104968157,0.0005505180788333752,-0.0002406583941444778,0.00045183969671681585,5.4707340259767034e-05,-0.0007320643421440926,0.0001236510194153781,8.959175564750733e-06,0.0008254205041897918,0.0,0.03710212919446694,0.0015101392963655727,0.0016976773730254793,0.00021675778956198796,0.0019220863527281773,9.544381231448697e-05,-5.74438787564006e-05,0.00014396246465810236,-0.0009208290273488072,0.0007432188295859134,0.00040753184097739036,-8.592724947268591e-05,-0.0014883852634546286,-0.00011718680264901484,0.0001270803715736999,0.0003702261443482342,-1.5349121551358976e-06,-0.0007914388865990839,-1.9466774217974547e-05,0.0006254456170468744,-2.230010600095373e-05,0.002753532589201971,0.0,0.000779105589911177,0.0002728078918599734,-8.144730395465511e-05,0.0,0.00018306261862165033,0.001919373662978478,0.0004227852847455808,0.00031384861613100286,-1.4552872991083393e-05,-0.00046999303526090757,-4.734223736209845e-05,-0.0011813883951401916,-0.0004649822706160999,-0.0008118723032181218,-0.00043552020223623866,0.0008097689066581843,-7.750426300366599e-05,-0.00048255120091773255,-0.0005164105732509175,3.570114031673016e-05,-0.0001014223162527924,-0.00014172254269883368,0.0008535234587299184,0.0,0.00042643576528929994,0.0,-0.0008477753995040233,-0.0003396538180840155,-0.0005418091382817793,-0.0019803880275114046,-0.00045172368210685875,0.00013505608083496108,0.0003282920063702741,-5.3878797653298896e-05,1.8861057815815653e-05,0.000699768541792863,3.601740816298503e-05,-0.0006376173977310792,0.0,0.0,0.00023520770804311895,-0.00037092896030554545,-0.002567128044815821,0.0010802303427180462,-0.00021353005393379975,0.0,-0.00020280273584355853,0.0,-0.00111230267015208,-0.00039032821791039953,-0.00018660751964866414,-0.0006683868261420704,6.574428380420072e-05,0.00032726857761979566,0.0003839580082483087,0.0,-0.00044797979044144254,0.001395617092803979,0.0015868737824604406,-0.00041404636688503873,3.511979167995083e-05,3.3079368976202454e-06,0.0004151256540341653,0.0,0.0,0.0,0.0,0.0,0.0,0.0,0.0,6.487233898330825e-05,0.0,0.0
2023-11-29,0.00010478873158383943,0.0007586522146338281,0.0,0.000245903778804757,0.0005505180788333752,-0.0002406583941444778,0.0003303461319184815,5.4707340259767034e-05,-0.0007320643421440926,0.00015425594502469357,0.0006985911180735989,0.0008254205041897918,0.0,0.036944940426770066,-0.0030683430719405974,0.0016976773730254793,-0.00048492324672824944,0.0019220863527281773,-0.00044293333422697174,-0.0005828285400094324,0.00014396246465810236,-0.0010131806093349042,0.0007432188295859134,0.00040753184097739036,-8.592724947268591e-05,-0.0006384976373245241,-5.175593862063764e-05,-8.934902637793361e-05,-0.00031215919197891996,-1.5349121551358976e-06,-0.0009781404564688928,-1.9466774217974547e-05,0.000826736830693162,0.00019694649787241905,0.002603238336404219,0.0,0.000779105589911177,0.0002728078918599734,-8.144730395465511e-05,0.0,0.00018306261862165033,0.001919373662978478,0.00048266653807718684,0.00031384861613100286,-1.4552872991083393e-05,-0.00046999303526090757,-4.734223736209845e-05,-0.0011480705128391199,-0.00048813188328837315,-0.0008118723032181218,-0.00043552020223623866,0.0008097689066581843,-0.00016524568883937647,-0.00044552213394053364,-0.0005164105732509175,3.570114031673016e-05,-0.0001014223162527924,-0.00014172254269883368,0.0008535234587299184,0.0,0.00042643576528929994,0.0,-5.3736294605866586e-05,-0.0003396538180840155,-0.0005101717593092947,-0.0007702915268466739,-0.00045172368210685875,-0.00019266194575860688,0.0003282920063702741,-5.3878797653298896e-05,1.8861057815815653e-05,0.000699768541792863,3.601740816298503e-05,-0.0010172570251915265,0.0,0.0,0.00023520770804311895,-0.00041552359657522254,-0.0025814297454612627,-0.00037805806987217886,-0.00021353005393379975,0.0,-0.00020280273584355853,0.0,-0.00111230267015208,-0.00031142800755011617,-0.00018660751964866414,-0.000564834660807312,6.574428380420072e-05,0.00032726857761979566,0.0003048382520051066,0.0,-0.00022722316539809797,0.0014807182515790876,0.0015868737824604406,-0.0002677278717705624,3.511979167995083e-05,3.3079368976202454e-06,0.0004151256540341653,0.0,0.0,0.0,0.0,0.0,0.0,0.0,0.0,6.487233898330825e-05,0.0,0.0
2023-12-06,0.00019731152978006686,-0.002124200745372366,0.0,0.0012656370551022012,0.0005505180788333752,-0.0002406583941444778,0.0003504224289478139,-0.00014118914582192396,-0.0006835089974491372,0.00015425594502469357,0.0007655821116972662,2.6356496935034607e-06,0.0,0.03913044008252703,0.006381664799717887,0.0016976773730254793,-0.00048492324672824944,0.0019220863527281773,-0.00044293333422697174,-0.0005404994413117817,0.00014396246465810236,0.0008363429935673949,0.0007432188295859134,0.00039764264154119953,-8.592724947268591e-05,-0.0023345480840942017,-5.175593862063764e-05,6.0211556162066525e-05,-0.00012167158619867885,1.4011555244740402e-05,-0.0007096128648189409,9.801525072177173e-05,0.0003875116688960853,0.00019694649787241905,0.0024512102713975833,0.0,0.0008611176532903359,0.00033651777302913137,-2.344747424088986e-05,0.0,0.00018306261862165033,0.001919373662978478,0.0018814099481508615,0.00031384861613100286,-1.4552872991083393e-05,0.0020579339742318615,-5.14731772907665e-05,-0.0021791304358886442,-0.0004649822706160999,-0.0010067344129510072,-0.00043552020223623866,-0.0047224809028813,-0.00016524568883937647,-0.00044552213394053364,0.0022322161180979684,3.570114031673016e-05,-0.0001014223162527924,-0.00014172254269883368,0.0008535234587299184,0.0,-0.00028531928564893666,0.0,-5.3736294605866586e-05,-0.0003396538180840155,0.0008273717552368484,-0.000406261920020097,-0.00018023511297851486,-0.00019266194575860688,-0.0001298950655126478,-2.2314261296383134e-05,-6.063525694025571e-05,0.00046901355634019386,3.564214122547179e-07,-0.001028852530864417,0.0,0.0,0.00023520770804311895,-0.00041552359657522254,-0.0025305078717581296,-0.00037805806987217886,6.630877830106905e-05,0.0,-0.00020280273584355853,0.0,-0.00111230267015208,-0.00031142800755011617,-0.00018660751964866414,-0.00017823832338986656,6.574428380420072e-05,0.00032726857761979566,0.0003417124861583201,0.0,0.00038085346686379026,0.0012284361987874941,0.001223708331228693,-0.00033777273202797704,3.511979167995083e-05,3.3079368976202454e-06,0.0004151256540341653,0.0,0.0,0.0,0.0,0.0,0.0,0.0,0.0,6.487233898330825e-05,0.0,0.0
2023-12-13,0.00010478873158383943,-0.002124200745372366,0.0,0.0007506500386761203,-0.00015406811092430673,-0.00015342755410635014,-0.00034677097965929134,-0.00014118914582192396,-0.0007320643421440926,0.00015425594502469357,0.0007655821116972662,-1.784050081101855e-05,0.0,0.03821191725858796,-0.002936848976485643,0.0016976773730254793,-0.00048492324672824944,0.0019220863527281773,9.544381231448697e-05,-0.0005937394528156889,0.00014396246465810236,0.0009388642438079131,0.0007432188295859134,0.0005070243306005077,-8.592724947268591e-05,-0.0023345480840942017,-0.00011718680264901484,-8.934902637793361e-05,-0.000812937783972209,-1.5349121551358976e-06,-0.00041826654499135276,9.801525072177173e-05,0.0003875116688960853,0.00019694649787241905,0.0024512102713975833,0.0,0.0007759452789395414,0.00033651777302913137,-8.144730395465511e-05,0.0,0.00018306261862165033,0.001919373662978478,0.0018814099481508615,0.00031384861613100286,-1.4552872991083393e-05,0.0020579339742318615,-4.734223736209845e-05,-0.001984000306043764,-0.00048813188328837315,-0.0010067344129510072,-0.00043552020223623866,-0.004476894133953083,-0.00016524568883937647,-0.00044552213394053364,0.0022322161180979684,3.570114031673016e-05,-0.0001014223162527924,-0.00014172254269883368,0.0008535234587299184,0.0,-0.000348788345307069,0.0,-5.3736294605866586e-05,-0.0003396538180840155,-0.0005101717593092947,0.0018122781858958058,0.0004837209190914252,-0.00019266194575860688,0.0003282920063702741,-2.2314261296383134e-05,1.8861057815815653e-05,0.00046901355634019386,3.564214122547179e-07,-0.0010172570251915265,0.0,0.0,0.00023520770804311895,0.0002515139074043847,-0.0025305078717581296,-0.00037805806987217886,-0.00021353005393379975,0.0,9.486132638870426e-05,0.0,-0.0008122029037214169,-0.00031142800755011617,-0.00018660751964866414,-0.000564834660807312,6.574428380420072e-05,0.00032726857761979566,0.0003417124861583201,0.0,-2.5690299830041552e-05,0.0012284361987874941,0.001223708331228693,-0.0002677278717705624,3.511979167995083e-05,3.3079368976202454e-06,0.0004151256540341653,0.0,0.0,0.0,0.0,0.0,0.0,0.0,0.0,6.487233898330825e-05,0.0,0.0
2023-12-20,0.00010478873158383943,0.0009438281450366049,0.0,0.000245903778804757,-0.00025309491433358013,-0.00015342755410635014,0.00022892886414947945,-0.00011042481011597728,-0.0007320643421440926,0.00015425594502469357,0.0007655821116972662,-1.784050081101855e-05,0.0,0.03829712973163797,-0.0030264464713125852,0.0016976773730254793,0.00021675778956198796,0.0019220863527281773,-0.0003053870397394381,-0.0005916224698595374,0.00014396246465810236,0.0009388642438079131,0.0007432188295859134,0.0005450251688944085,-8.592724947268591e-05,-0.0023345480840942017,1.599503246197973e-05,0.0001270803715736999,-0.00012167158619867885,-1.5349121551358976e-06,0.0006654341594381013,9.801525072177173e-05,-0.0001491627446204371,0.0005323262134359117,0.002300214863972669,0.0,-0.002960104917317636,0.00033651777302913137,-8.144730395465511e-05,0.0,0.00018306261862165033,0.001919373662978478,0.0012654578044333964,0.00039213624122635634,0.00027500472278085743,0.0020579339742318615,-4.734223736209845e-05,-0.002098050732396452,-0.00048813188328837315,-0.0008952339106149504,-0.00043552020223623866,-0.0047258833428892155,-0.00016524568883937647,-0.00041817720145562116,0.0022288092235665767,3.570114031673016e-05,-0.0001014223162527924,-0.00014172254269883368,0.0007625402972943725,0.0,-0.000348788345307069,0.0,0.0003204898876860208,-0.0003396538180840155,-0.0003547409655465104,-0.000781774707866587,0.00016052470028236134,-0.00019266194575860688,0.0003282920063702741,-5.3878797653298896e-05,1.8861057815815653e-05,0.000699768541792863,3.564214122547179e-07,-0.0010876294596975375,0.0,0.0,-7.600713685129269e-06,-0.0003250019295412169,-0.0025305078717581296,-0.00037805806987217886,6.002959673926003e-05,0.0,-0.00020280273584355853,0.0,0.0006384745826021405,-0.00031142800755011617,-0.00018660751964866414,0.0004329039460273769,6.574428380420072e-05,0.00032726857761979566,0.0004208322424015222,0.0,0.00038085346686379026,0.0012284361987874941,0.001223708331228693,-0.0003064593759809998,3.511979167995083e-05,3.3079368976202454e-06,0.0004151256540341653,0.0,0.0,0.0,0.0,0.0,0.0,0.0,0.0,6.487233898330825e-05,0.0,0.0
2023-12-27,0.00010478873158383943,0.0007586522146338281,0.0,0.0007506500386761203,-0.00025309491433358013,-0.0002406583941444778,0.00022892886414947945,-0.00011042481011597728,-0.0007320643421440926,0.00015425594502469357,0.0007655821116972662,0.0008254205041897918,0.0,0.038569194975346194,-0.002908107920519236,0.0016976773730254793,-0.00048492324672824944,0.0019220863527281773,-0.0003053870397394381,-0.0005731457687674148,0.00014396246465810236,0.0009388642438079131,0.0007432188295859134,-0.0005989668489813541,0.00014396867458819833,-0.0006723371279480476,3.9990148082464193e-05,-8.934902637793361e-05,-0.00012167158619867885,-1.5349121551358976e-06,0.000799341956651881,9.801525072177173e-05,0.00028607522906220963,0.000832945424793586,0.002300214863972669,0.0,-0.002960104917317636,0.00033651777302913137,-8.144730395465511e-05,0.0,0.00033543985680561857,0.001919373662978478,0.0013253390577650024,0.00039213624122635634,0.00027500472278085743,0.0020579339742318615,-4.734223736209845e-05,-0.0022598629799402605,-0.00048813188328837315,-0.0010067344129510072,-0.00043552020223623866,-0.0047258833428892155,1.3465142392380084e-05,-0.00041817720145562116,0.0022288092235665767,3.570114031673016e-05,-0.0001014223162527924,-0.00014172254269883368,0.0007625402972943725,0.0,0.00011313169055219576,0.0,-5.3736294605866586e-05,-0.0003396538180840155,-0.0003547409655465104,-0.002028571365063723,-0.00045172368210685875,0.00021897151192721984,-0.0001298950655126478,-5.3878797653298896e-05,1.8861057815815653e-05,0.000699768541792863,3.564214122547179e-07,-0.0010876294596975375,0.0,0.0,-7.600713685129269e-06,-0.00037092896030554545,-0.0025305078717581296,-0.00037805806987217886,6.002959673926003e-05,0.0,-0.00020280273584355853,0.0,-0.0007427228799810924,-0.00031142800755011617,-0.00018660751964866414,0.0004329039460273769,6.574428380420072e-05,0.00032726857761979566,0.0003048382520051066,0.0,0.00038085346686379026,0.0012284361987874941,0.001223708331228693,-0.00016014088086652346,3.511979167995083e-05,3.3079368976202454e-06,0.0004151256540341653,0.0,0.0,0.0,0.0,0.0,0.0,0.0,0.0,6.487233898330825e-05,0.0,0.0
2024-01-03,0.00010478873158383943,-0.002124200745372366,0.0,0.0012656370551022012,-0.00025309491433358013,-0.0002406583941444778,0.0003303461319184815,-0.00011042481011597728,0.0003441934879486327,-7.049251547687444e-05,0.0006985911180735989,-1.784050081101855e-05,0.0,0.036951356295938834,-0.004241399907300833,5.163247584602836e-05,-0.0005371819684117159,-1.715775229294529e-06,-0.0003053870397394381,-0.0005317055114616766,-0.0012678085617945636,0.0009388642438079131,-6.621611692163285e-05,0.0005549143683305994,-8.592724947268591e-05,-0.002310796957502596,3.9990148082464193e-05,-8.934902637793361e-05,0.0002714677246149148,-1.5349121551358976e-06,0.0011788515387152923,-1.9466774217974547e-05,-0.0001491627446204371,0.000832945424793586,0.0022521718600961287,0.0,-0.0038484251732539276,0.0002728078918599734,-8.144730395465511e-05,0.0,-0.000962857772478787,0.001919373662978478,-0.000430739524423952,0.00031384861613100286,-0.0007446373995918678,-0.00046999303526090757,-2.133930994331201e-05,0.0023466298946858313,-0.0004067930734354096,-0.0008762031181491326,-0.00043552020223623866,0.0008063664666502697,-0.00016524568883937647,-0.0005930888270884756,-0.0005982972384103946,3.570114031673016e-05,-9.771636980407543e-05,-0.00014172254269883368,0.0007625402972943725,0.0,-0.0004452748711334625,0.0,-5.3736294605866586e-05,-0.0003396538180840155,0.0008273717552368484,-0.0007702915268466739,-0.00045172368210685875,-0.00016864380523608558,-4.800049892532344e-06,-2.2314261296383134e-05,1.8861057815815653e-05,0.0005160903409805731,3.601740816298503e-05,-0.0010876294596975375,0.0,0.0,-7.600713685129269e-06,-0.00046948995988684434,-0.0025619189173575496,-0.0004262562604008748,6.002959673926003e-05,0.0,-0.00020280273584355853,0.0,-0.0007427228799810924,-0.00031142800755011617,-0.00018660751964866414,-0.00017823832338986656,3.338042661549808e-05,0.00032726857761979566,0.0003048382520051066,0.0,-0.0004046562715599563,-0.00080622723620208,0.001615409216193032,-0.00016014088086652346,3.511979167995083e-05,3.3079368976202454e-06,0.0004151256540341653,0.0,0.0,0.0,0.0,0.0,0.0,0.0,0.0,6.487233898330825e-05,0.0,0.0
2024-01-10,0.00010478873158383943,-0.002124200745372366,0.0,0.0008887449117552683,-2.2552211473969097e-05,-0.0003510851244220919,0.00038061239016452916,-0.00011042481011597728,0.0003441934879486327,0.0004237564256358405,-0.000848215334990454,-1.784050081101855e-05,0.0,-0.030118844356898964,-0.0024979399230182064,5.163247584602836e-05,-0.0005371819684117159,-0.0004978828530421539,-0.0003053870397394381,0.0003341529426554922,0.0017226177313943874,0.0025000626890657406,0.0007432188295859134,0.0005549143683305994,-5.04488151841496e-06,-0.002310796957502596,3.9990148082464193e-05,-8.934902637793361e-05,0.0002714677246149148,-0.0005388795518842278,0.001185607018176267,-7.055974594911019e-06,-0.00013685474897682452,0.0006690037504553757,0.003399347910841115,0.0,-0.004127596959777974,0.0002501788627915584,-8.144730395465511e-05,0.0,-0.000567708492055482,0.0019710409199925616,-0.0003830199914765284,0.00038227729236176694,-0.0007446373995918678,-0.00046999303526090757,-2.133930994331201e-05,0.0018377628353639967,-0.0004067930734354096,-0.0008762031181491326,-0.00043552020223623866,0.0009686915466298475,-0.00016524568883937647,-0.0007016347911434935,-0.0010361914068054052,-0.00016006396649642033,-9.771636980407543e-05,-0.00014172254269883368,0.0007625402972943725,0.0,-0.00041602915522284006,0.0,-0.00018587208521647804,-0.00021328685673234498,7.086425924603522e-05,0.0004990066185540083,-0.0001967482899348035,-0.00013321371937358848,-4.800049892532344e-06,-2.2314261296383134e-05,1.8861057815815653e-05,0.0005160903409805731,3.601740816298503e-05,-0.0010458996827840546,0.0,0.0,-7.600713685129269e-06,0.00019754754409276288,-0.0023164642064681887,-0.0004262562604008748,6.002959673926003e-05,0.0,-0.00020280273584355853,0.0,-0.00044262311355042916,-0.00031142800755011617,-9.843851452229865e-05,0.0004329039460273769,6.574428380420072e-05,0.00016760448877519964,-0.00011311314442747952,0.0,-0.0007462956250409918,-0.0008052020806022348,0.001615409216193032,-0.00016014088086652346,3.511979167995083e-05,3.3079368976202454e-06,6.30821417304211e-05,0.0,0.0,0.0,0.0,0.0,0.0,0.0,0.0,6.487233898330825e-05,0.0,0.0
2024-01-17,-0.0003645112598346618,-0.0016581297088087083,0.0,0.0008887449117552683,-0.00025309491433358013,-0.00015342755410635014,-0.0012333560725209104,-0.00011042481011597728,0.00030978677467460424,0.0004237564256358405,-0.0008345583179317504,2.6356496935034607e-06,0.0,-0.00391651918086449,0.005628896743432484,5.163247584602836e-05,0.0007686645222090468,-0.0004978828530421539,0.0003241728920523206,0.00026243623005946205,0.0005064122220056251,0.0013324302408838002,0.0007432188295859134,-0.0023171447587989205,-8.592724947268591e-05,-0.002310796957502596,1.599503246197973e-05,0.0001270803715736999,0.0002714677246149148,5.903218878230977e-05,0.0008979707085240429,-7.055974594911019e-06,-0.00013685474897682452,0.0006136988209202133,0.002490259674762157,0.0,-0.0038484251732539276,0.0002728078918599734,-8.144730395465511e-05,0.0,-0.000567708492055482,0.0019047625339232096,-0.00040009666557622175,0.00030489789168851127,-0.0007446373995918678,-0.00046999303526090757,-2.5470249871980056e-05,0.0018202267161085556,-0.00038364346076313633,-0.0007647026158130757,-0.00043552020223623866,0.0009301769558309783,-7.42762834433304e-05,-0.00041817720145562116,-0.0006746484071877371,3.570114031673016e-05,-9.771636980407543e-05,-0.00014172254269883368,0.0007625402972943725,0.0,-0.0005507119131718362,0.0,0.0004034068582017059,-0.00021328685673234498,0.0008971894351808805,0.00046230646202160305,0.0005138525328204299,-0.00016864380523608558,-4.800049892532344e-06,-5.3878797653298896e-05,-6.063525694025571e-05,0.0005160903409805731,3.601740816298503e-05,-0.001057495188456945,0.0,0.0,-7.600713685129269e-06,-0.00046948995988684434,0.0006474520065351697,-0.0004262562604008748,6.002959673926003e-05,0.0,-0.00020280273584355853,0.0,-0.0003346381814822486,-0.00031142800755011617,-9.843851452229865e-05,-0.00017823832338986656,6.574428380420072e-05,0.00032726857761979566,-3.39933881842774e-05,0.0,-0.0007462956250409918,-0.00080622723620208,0.001615409216193032,-0.0002301857411239381,3.511979167995083e-05,3.3079368976202454e-06,0.0003144364904674263,0.0,0.0,0.0,0.0,0.0,0.0,0.0,0.0,4.573726428754741e-05,0.0,0.0
2024-01-24,-0.0003645112598346618,0.0015729687085616253,0.0,0.0012656370551022012,-0.00017168057373517803,-0.00015342755410635014,0.00045183969671681585,4.2786912725955965e-05,0.00030978677467460424,0.0004237564256358405,-0.0008345583179317504,2.6356496935034607e-06,0.0,0.03725442471482233,0.005771948367886463,5.163247584602836e-05,0.0007686645222090468,-1.715775229294529e-06,0.0003241728920523206,0.00035333097265014,-0.0007577982551533513,0.0011661299103342018,0.0007432188295859134,-0.003913399749661751,0.00014396867458819833,-0.002310796957502596,3.9990148082464193e-05,-8.934902637793361e-05,0.0002714677246149148,-1.5349121551358976e-06,0.0034726840737185744,-1.9466774217974547e-05,-0.0001491627446204371,0.0006136988209202133,-0.0006927200264300401,0.0,-0.00388794962552205,0.00025188867037297786,-8.144730395465511e-05,0.0,-0.0002739505681148017,0.0017239275141244757,-0.00040009666557622175,0.0003930444656484541,-0.0007446373995918678,-0.00046999303526090757,-2.5470249871980056e-05,0.002287526774799473,-0.00038364346076313633,-0.0008762031181491326,-0.00020699129209906028,0.0008135546458014266,-7.42762834433304e-05,-0.00041817720145562116,-0.0005988052356500835,3.570114031673016e-05,-9.771636980407543e-05,-0.00014172254269883368,0.0007625402972943725,0.0,-0.0005799576290824587,0.0,0.0005355426488123174,-0.0003396538180840155,-0.0003547409655465104,0.0005150015314880523,0.0004837209190914252,0.00019357592579630426,-4.800049892532344e-06,-5.3878797653298896e-05,-6.063525694025571e-05,0.0007468453264332422,3.601740816298503e-05,-0.0009932362328467239,0.0,0.0,-7.600713685129269e-06,-0.00046948995988684434,-0.0023813861918962065,-0.0004262562604008748,6.002959673926003e-05,0.0,-0.00020280273584355853,0.0,-0.0003346381814822486,-0.00031142800755011617,-0.00018660751964866414,0.0004329039460273769,6.574428380420072e-05,0.00032726857761979566,0.0003417124861583201,0.0,-0.0007462956250409918,-0.00080622723620208,0.001615409216193032,-0.0003765042362384144,3.511979167995083e-05,3.3079368976202454e-06,0.0003144364904674263,0.0,0.0,0.0,0.0,0.0,0.0,0.0,0.0,4.573726428754741e-05,0.0,0.0
2024-01-31,0.00010478873158383943,0.0009438281450366049,0.0,0.0010198139161970066,-0.00017168057373517803,-0.00015342755410635014,0.00038061239016452916,4.2786912725955965e-05,0.0003441934879486327,0.000393151500026525,-0.0008345583179317504,-1.784050081101855e-05,0.0,0.010749399105607705,-0.00328781928818024,5.163247584602836e-05,-0.0005371819684117159,-0.00040300406082644457,-0.0003053870397394381,0.00035563343194704384,0.0005064122220056251,0.0015090112540633296,0.0007432188295859134,0.0005549143683305994,0.00014396867458819833,-0.002310796957502596,3.9990148082464193e-05,6.0211556162066525e-05,-0.0003469518056758858,-1.5349121551358976e-06,0.0036250791326803713,-1.9466774217974547e-05,-0.0001491627446204371,0.0006136988209202133,-0.0007888980743347326,0.0,-0.00388794962552205,0.0002728078918599734,-2.344747424088986e-05,0.0,-0.0002739505681148017,0.0017093163850692076,-0.000430739524423952,0.00038227729236176694,-0.0007446373995918678,-0.00046999303526090757,-2.133930994331201e-05,0.0017504609869676167,-0.0004067930734354096,-0.0008762031181491326,-0.0003227384885973409,0.0009315018684719716,-0.00016524568883937647,-0.00041817720145562116,-0.0005982972384103946,3.570114031673016e-05,-9.771636980407543e-05,-0.00014172254269883368,0.0007625402972943725,0.0,-0.00041602915522284006,0.0,0.0004034068582017059,-0.00021328685673234498,-0.0003547409655465104,-0.0007276784222016116,0.0001440115233260727,0.00019357592579630426,-4.800049892532344e-06,-5.3878797653298896e-05,1.8861057815815653e-05,0.0007468453264332422,3.601740816298503e-05,-0.0009399109502603506,0.0,0.0,-7.600713685129269e-06,0.00019754754409276288,-0.0023956878925416483,0.0005390870611732769,6.002959673926003e-05,0.0,-0.00020280273584355853,0.0,-3.453841505158548e-05,-0.00039032821791039953,-0.00018660751964866414,0.0004329039460273769,6.574428380420072e-05,0.00032726857761979566,0.0003417124861583201,0.0,-0.0007462956250409918,-0.00080622723620208,0.001615409216193032,-0.0003064593759809998,3.511979167995083e-05,3.3079368976202454e-06,0.0004151256540341653,0.0,0.0,0.0,0.0,0.0,0.0,0.0,0.0,6.487233898330825e-05,0.0,0.0
2024-02-07,0.00010478873158383943,-0.0027285699401312646,0.0,0.0010198139161970066,-0.00017168057373517803,-0.00014952724254212746,0.0005021059549628636,4.2786912725955965e-05,0.0003441934879486327,0.0004237564256358405,-0.0008345583179317504,-1.784050081101855e-05,0.0,0.01390588648293758,-0.000228643093652475,5.163247584602836e-05,-0.0005371819684117159,-0.00037188653991457364,-0.0002576538083906183,0.00037791017152686467,-0.0007577982551533513,0.0014064900038228115,0.0007432188295859134,0.0005549143683305994,-8.592724947268591e-05,0.002266652005966282,3.9990148082464193e-05,-8.934902637793361e-05,-0.0004109176117122394,-1.5349121551358976e-06,0.0036672124548431974,-1.9466774217974547e-05,0.00047274590449150047,0.0006136988209202133,-0.0007888980743347326,0.0,-0.00388794962552205,0.0002728078918599734,-8.144730395465511e-05,0.0,-0.0002739505681148017,0.0017093163850692076,-0.000430739524423952,0.00031384861613100286,-0.0004482442837295283,-0.00030477802788297616,-2.133930994331201e-05,0.0021766170045860924,-4.288103387416073e-05,-0.0008762031181491326,-0.00034646060752577354,0.0010045889454402474,-0.00016524568883937647,-0.00035862199342199017,-0.0006063918379758126,3.570114031673016e-05,-9.771636980407543e-05,-0.00014172254269883368,-0.0001841782592863177,0.0,-0.00041602915522284006,0.0,0.0004034068582017059,-0.00021328685673234498,-0.0005101717593092947,-0.0007276784222016116,-0.00046823685906314735,0.00019357592579630426,-4.800049892532344e-06,-2.2314261296383134e-05,1.8861057815815653e-05,0.0005160903409805731,3.601740816298503e-05,-0.0009399109502603506,0.0,0.0,7.862568274302313e-05,-0.00046948995988684434,-0.0024490776980403777,-0.0004262562604008748,6.002959673926003e-05,0.0,-0.00020280273584355853,0.0,-0.0003346381814822486,-0.00031142800755011617,-0.00018660751964866414,-0.000564834660807312,6.574428380420072e-05,-5.373868269618977e-05,0.0003048382520051066,0.0,-0.0005255389999976473,-0.0008895466487664643,0.001615409216193032,-0.00016014088086652346,3.511979167995083e-05,3.3079368976202454e-06,0.0004151256540341653,0.0,0.0,0.0,0.0,0.0,0.0,0.0,0.0,6.487233898330825e-05,0.0,0.0
2024-02-14,0.00010478873158383943,-0.0027285699401312646,0.0,0.0010198139161970066,-0.00017168057373517803,-0.00014952724254212746,-0.0004897794325303992,4.2786912725955965e-05,0.0003441934879486327,0.000393151500026525,-0.0008345583179317504,-1.784050081101855e-05,0.0,0.010800127843564508,-0.0028113747209244917,5.163247584602836e-05,-0.0005371819684117159,-0.00040300406082644457,-0.0002576538083906183,0.0003246701600229573,0.0005064122220056251,0.0015090112540633296,0.0007432188295859134,0.0005549143683305994,-8.592724947268591e-05,0.001919908744274102,-0.0002746666756106609,-8.934902637793361e-05,-0.0002410458897376162,-1.5349121551358976e-06,0.0034911713354665915,-1.9466774217974547e-05,0.00047274590449150047,0.0006136988209202133,-0.0007888980743347326,0.0,-0.00388794962552205,0.0002728078918599734,-8.144730395465511e-05,0.0,-0.0002739505681148017,0.0015797470654461759,-0.000430739524423952,0.0003039896672664135,-0.0004482442837295283,-0.00030477802788297616,-2.133930994331201e-05,0.00242694349896774,-4.288103387416073e-05,-0.0008762031181491326,-0.00034646060752577354,0.0009588861754902214,-0.00016524568883937647,-0.00035862199342199017,-0.0005909283915567436,3.570114031673016e-05,-9.771636980407543e-05,-0.00014172254269883368,-0.0001841782592863177,0.0,-0.00041602915522284006,0.0,0.0004034068582017059,-0.00021328685673234498,-0.0004403540793652626,0.00018422847597993208,-0.0001967482899348035,0.00019357592579630426,-4.800049892532344e-06,-2.2314261296383134e-05,1.8861057815815653e-05,0.0005160903409805731,3.601740816298503e-05,-0.0009275767534419705,0.0,0.0,7.862568274302313e-05,0.00019754754409276288,0.0033574590358234,0.0008618408481177964,6.002959673926003e-05,0.0,-0.00020280273584355853,0.0,-3.453841505158548e-05,0.00031055578764359917,-0.00018660751964866414,-0.000564834660807312,6.574428380420072e-05,0.00032726857761979566,0.0003417124861583201,0.0,-0.0005255389999976473,-0.0005969589016192324,0.001615409216193032,-0.00016014088086652346,3.511979167995083e-05,3.3079368976202454e-06,0.0004151256540341653,0.0,0.0,0.0,0.0,0.0,0.0,0.0,0.0,6.487233898330825e-05,0.0,0.0
2024-02-21,0.00010478873158383943,0.0012470094020918952,0.0,0.0010198139161970066,-0.00017168057373517803,-0.0002406583941444778,0.00038061239016452916,4.2786912725955965e-05,-0.0007320643421440926,0.0004237564256358405,-0.0008345583179317504,-1.784050081101855e-05,0.0,0.010906467394329133,-0.002934466201463241,5.163247584602836e-05,-0.0005371819684117159,-0.00040300406082644457,-0.0002576538083906183,0.000358125217039733,0.0005064122220056251,0.0015090112540633296,0.0007432188295859134,-0.0032636258388227587,-8.592724947268591e-05,-0.0006485860013564418,1.599503246197973e-05,0.0001270803715736999,0.0002714677246149148,-1.5349121551358976e-06,0.0034389345104524696,-1.9466774217974547e-05,0.00047274590449150047,0.0006136988209202133,-0.0007888980743347326,0.0,-0.00388794962552205,0.00025188867037297786,-8.144730395465511e-05,0.0,-0.0002739505681148017,0.0017093163850692076,-0.000430739524423952,0.0003039896672664135,-0.0004482442837295283,-0.00030477802788297616,-2.133930994331201e-05,0.003127094231940349,-4.288103387416073e-05,-0.0007647026158130757,-0.0003227384885973409,0.0009386900476231284,-7.42762834433304e-05,-0.00035862199342199017,-0.0005982972384103946,3.570114031673016e-05,-9.771636980407543e-05,-0.00014172254269883368,-0.0001841782592863177,0.0,-0.0005507119131718362,0.0,0.0004034068582017059,-0.00021328685673234498,-0.0005101717593092947,-0.0007643785787340169,-0.0001967482899348035,-0.0001341421007972637,-4.800049892532344e-06,-5.3878797653298896e-05,1.8861057815815653e-05,0.0007468453264332422,3.601740816298503e-05,-0.0009399109502603506,0.0,0.0,7.862568274302313e-05,-0.00040245869212741556,-0.0024399851248532076,-0.0005495695981028745,6.002959673926003e-05,0.0,-6.100956970597145e-05,0.0,-0.0003346381814822486,-5.661112664263658e-05,0.0009346190179013605,-0.000564834660807312,6.574428380420072e-05,-5.373868269618977e-05,0.0004208322424015222,0.0,-0.0007896191439224781,-0.0008895466487664643,0.001615409216193032,-0.00016014088086652346,-0.00033652098893326014,3.3079368976202454e-06,0.0003144364904674263,0.0,0.0,0.0,0.0,0.0,0.0,0.0,0.0,6.487233898330825e-05,0.0,0.0
2024-02-28,0.00010478873158383943,-0.0027285699401312646,0.0,0.0008887449117552683,-0.00017168057373517803,-0.0002406583941444778,0.00038061239016452916,-0.00011042481011597728,-0.0007320643421440926,0.0004237564256358405,0.0006849341010148952,-1.784050081101855e-05,0.0,-0.023526889161737972,-0.004169170607419757,5.163247584602836e-05,-0.0005371819684117159,-0.0004978828530421539,-0.0002576538083906183,0.0004369655060524021,0.0017226177313943874,0.0015119380793695899,0.0007432188295859134,0.0005549143683305994,-5.04488151841496e-06,-0.002310796957502596,1.599503246197973e-05,0.0001270803715736999,0.0002714677246149148,5.903218878230977e-05,0.0034843753703793084,-7.055974594911019e-06,4.9815926452466294e-05,0.000832945424793586,-0.0009281993825725644,0.0,-0.004127596959777974,-0.001828434444317028,-8.144730395465511e-05,0.0,-0.0002739505681148017,0.0017755947711385598,-0.0003830199914765284,0.0003039896672664135,-0.0004482442837295283,-0.0002838256645170892,-2.133930994331201e-05,0.002148418276076071,-4.288103387416073e-05,-0.0007647026158130757,-0.0003227384885973409,0.0009686915466298475,-0.00016524568883937647,-0.0006420795831098625,-0.0008867463068042137,-0.00016006396649642033,-9.771636980407543e-05,-0.00014172254269883368,-0.0001841782592863177,0.0,-0.00041602915522284006,0.0,0.0004034068582017059,-0.00021328685673234498,0.0008273717552368484,-0.0003560805261262021,-0.0001967482899348035,-0.0001341421007972637,-4.800049892532344e-06,-2.2314261296383134e-05,1.8861057815815653e-05,0.0005160903409805731,3.601740816298503e-05,-0.001013015452821013,0.0,0.0,7.862568274302313e-05,0.00026457881185219166,-0.0024205851742846855,-0.0005495695981028745,6.002959673926003e-05,0.0,-6.100956970597145e-05,0.0,-3.453841505158548e-05,-5.661112664263658e-05,0.0004930267973108349,-0.00017823832338986656,6.574428380420072e-05,-2.752126252466333e-05,-3.39933881842774e-05,0.0,-0.0007896191439224781,-0.0008885214931666192,0.001615409216193032,-0.00016014088086652346,-0.00033652098893326014,3.3079368976202454e-06,0.0005402713650497631,0.0,0.0,0.0,0.0,0.0,0.0,0.0,0.0,6.487233898330825e-05,0.0,0.0
2024-03-06,0.00019731152978006686,-0.002124200745372366,0.0,0.0008887449117552683,-0.00017168057373517803,-0.00015342755410635014,-0.0007379808782128332,-0.00011042481011597728,-0.0007320643421440926,0.00010553128369332861,0.0007133026264761869,-1.784050081101855e-05,0.0,-0.014757648331663632,0.002458925406926394,5.163247584602836e-05,-0.00048492324672824944,-0.0004978828530421539,-0.0003053870397394381,-0.00028326091305859875,0.0005064122220056251,0.0015118589690306745,0.0007432188295859134,0.00044249245908428486,-8.592724947268591e-05,-0.0023555220010893947,3.9990148082464193e-05,-8.934902637793361e-05,0.0002714677246149148,5.903218878230977e-05,0.003238944685459212,-7.055974594911019e-06,4.9815926452466294e-05,0.000832945424793586,-0.0008462472606723223,0.0,-0.002960104917317636,-0.0069733523135968,-8.144730395465511e-05,0.0,6.584322221019102e-05,0.001646025451515528,0.0003807774811603648,0.0003039896672664135,0.00027500472278085743,-0.00014815709677636784,-2.133930994331201e-05,0.0008108744329085962,0.0012222009950891397,0.0006099810577778148,-0.0003227384885973409,0.0009229887766798215,-0.00016524568883937647,-0.0004671679574770081,0.002321273400598024,3.570114031673016e-05,-9.771636980407543e-05,-0.00014172254269883368,-0.0001841782592863177,0.0,-0.00041602915522284006,0.0,0.0004034068582017059,-0.00021328685673234498,-0.0004403540793652626,0.0017595831164293565,0.0005138525328204299,0.00013505608083496108,-4.800049892532344e-06,-0.00011267847809038791,1.8861057815815653e-05,0.0005160903409805731,3.601740816298503e-05,-0.0007787033431917817,0.0,0.0,7.862568274302313e-05,0.0006746867231937723,0.0048619496727670495,0.0011883449023747188,6.002959673926003e-05,0.0,0.00023665449252629133,0.0,-3.453841505158548e-05,-0.00039032821791039953,0.0004930267973108349,-0.000564834660807312,6.574428380420072e-05,-2.752126252466333e-05,-0.00011311314442747952,0.0,-0.0007896191439224781,-0.0006088169894839113,-7.345442066383357e-05,-0.00016014088086652346,-0.00033652098893326014,3.3079368976202454e-06,0.0005402713650497631,0.0,0.0,0.0,0.0,0.0,0.0,0.0,0.0,6.487233898330825e-05,0.0,0.0
2024-03-13,-0.0003645112598346618,0.0009438281450366049,0.0,0.0010198139161970066,-0.00017168057373517803,-0.00015342755410635014,-0.0007379808782128332,4.2786912725955965e-05,0.00030978677467460424,0.00010553128369332861,0.0007133026264761869,2.6356496935034607e-06,0.0,0.010604087093005922,0.004521131404210014,5.163247584602836e-05,0.0007303991317131767,-0.00040300406082644457,-5.132570308620487e-05,-0.00031820969981113587,0.0005064122220056251,0.0015118589690306745,0.0007432188295859134,-0.003010699722368584,-8.592724947268591e-05,-0.0015431986710733453,1.599503246197973e-05,-8.934902637793361e-05,0.0002714677246149148,-1.5349121551358976e-06,0.002951308375806988,-1.9466774217974547e-05,0.0002714546908452129,0.0008882503543287486,-0.0008462472606723223,0.0,-0.0029996293695857584,-0.006480817764191022,-8.144730395465511e-05,0.0,6.584322221019102e-05,0.0015797470654461759,0.00036426747164613907,0.00030489789168851127,0.00027500472278085743,-0.00014815709677636784,-2.133930994331201e-05,0.0006968240065559086,0.0012222009950891397,0.0007214815601138717,-0.0003227384885973409,0.0008929872776731023,-7.42762834433304e-05,-0.00035862199342199017,0.0023937096776042856,3.570114031673016e-05,-9.771636980407543e-05,-0.00014172254269883368,-0.0001841782592863177,0.0,-0.0005507119131718362,0.0,0.0004034068582017059,-0.00021328685673234498,-0.0005511351996912089,-0.00077586175975393,0.0005138525328204299,-0.00019266194575860688,-4.800049892532344e-06,-0.00014424301444730366,-6.063525694025571e-05,0.0007468453264332422,3.601740816298503e-05,-0.0007902988488646721,0.0,0.0,7.862568274302313e-05,0.00013100594660922488,0.005061302524369982,0.0005390870611732769,6.002959673926003e-05,0.0,-6.100956970597145e-05,0.0,-3.453841505158548e-05,-0.00039032821791039953,0.0004930267973108349,-0.000564834660807312,6.574428380420072e-05,-5.373868269618977e-05,0.0003417124861583201,0.0,-0.0007462956250409918,-0.000681053736494016,-0.0002072918121313443,-0.0003064593759809998,3.511979167995083e-05,3.3079368976202454e-06,-0.00016275273285191574,0.0,0.0,0.0,0.0,0.0,0.0,0.0,0.0,6.487233898330825e-05,0.0,0.0
2024-03-20,-0.0003645112598346618,0.0015729687085616253,0.0,0.0012615795576684616,-0.00017168057373517803,-0.0002406583941444778,0.00045183969671681585,4.2786912725955965e-05,0.0002963528248705247,0.00010553128369332861,0.0007526399409042553,2.6356496935034607e-06,0.0,0.03816536920556991,0.005288818232130233,5.163247584602836e-05,0.0007303991317131767,-0.00040300406082644457,0.0003241728920523206,-0.0003106988316317847,-0.0007577982551533513,0.0012714988755420649,0.0007432188295859134,-0.0010492499272944968,0.00014396867458819833,-0.0023555220010893947,1.599503246197973e-05,0.0001270803715736999,0.00026785120630532227,-1.5349121551358976e-06,0.0029594377943709185,-1.9466774217974547e-05,0.00047801651582597113,0.0008882503543287486,-0.0007500692127676298,0.0,-0.0029996293695857584,-0.007437019640949607,-8.144730395465511e-05,0.0,6.584322221019102e-05,0.001594358194501444,0.00036426747164613907,0.0003147568405531006,0.00027500472278085743,-0.00014815709677636784,-2.133930994331201e-05,0.0004429283913340206,0.0012222009950891397,0.000840112764996174,-0.00020699129209906028,0.0008063664666502697,-7.42762834433304e-05,-0.00035862199342199017,0.0024897858491109664,3.570114031673016e-05,-9.771636980407543e-05,-0.00014172254269883368,-0.0001841782592863177,0.0,-0.0005799576290824587,0.0,0.0005355426488123174,0.00021649989328219012,-0.0005511351996912089,0.00019561924103502385,-0.00018023511297851486,0.00013505608083496108,-4.800049892532344e-06,-0.00014424301444730366,-6.063525694025571e-05,0.0007468453264332422,3.601740816298503e-05,-0.0007902988488646721,0.0,0.0,-0.0002826050920386514,0.004063644067664937,0.012348370936677042,0.0011883449023747188,6.002959673926003e-05,0.0,-6.100956970597145e-05,0.0,-3.453841505158548e-05,-0.00039032821791039953,0.0009346190179013605,-0.000564834660807312,6.574428380420072e-05,-5.373868269618977e-05,0.0004208322424015222,0.0,-0.0007462956250409918,-0.00032906750815754203,0.00012476244886828482,-0.0003765042362384144,9.648607183447469e-05,3.3079368976202454e-06,-0.0004602888311012624,0.0,0.0,0.0,0.0,0.0,0.0,0.0,0.0,4.573726428754741e-05,0.0,0.0
2024-03-27,0.00010478873158383943,0.0009438281450366049,0.0,0.0010157564187632672,-0.00017168057373517803,-6.229640250399978e-05,0.0003303461319184815,4.2786912725955965e-05,-0.0006975337287285035,0.00010553128369332861,0.0007526399409042553,-1.784050081101855e-05,0.0,0.030556485922507752,-0.0029876658798310227,5.163247584602836e-05,-0.00048492324672824944,-0.00040300406082644457,-0.0003053870397394381,-0.0003414718341658718,-0.0007577982551533513,0.001614380219271193,0.0007432188295859134,0.0004804932973781857,0.00014396867458819833,0.0010762484736485574,3.9990148082464193e-05,0.0001270803715736999,-0.00034346552209766354,-1.5349121551358976e-06,0.00327136755928276,-1.9466774217974547e-05,0.0009132544895086177,0.0008882503543287486,-0.0007500692127676298,0.0,-0.0030583021027024895,-0.007437019640949607,-8.144730395465511e-05,0.0,6.584322221019102e-05,0.001594358194501444,0.0004241487249777451,0.00031384861613100286,0.00027500472278085743,-0.00014815709677636784,-2.133930994331201e-05,0.0001352863577575493,0.0012872559199427244,0.0007286122626601171,-0.0003227384885973409,0.0010045889454402474,-0.00016524568883937647,-0.00035862199342199017,0.0024897858491109664,3.570114031673016e-05,-9.771636980407543e-05,-0.00014172254269883368,-0.0001841782592863177,0.0,-0.0004452748711334625,0.0,0.0005355426488123174,0.00013595189944140237,0.0007864083148549344,0.0005470975401415052,0.0005138525328204299,0.00013505608083496108,1.2131469380131493e-05,-0.00014424301444730366,1.8861057815815653e-05,0.0007468453264332422,3.601740816298503e-05,-0.0007787033431917817,0.0,0.0,-0.0002826050920386514,0.004063644067664937,0.012383927473680813,0.0011883449023747188,-0.0001933095942615457,0.0,-6.100956970597145e-05,0.0,-3.453841505158548e-05,-0.00039032821791039953,0.0009346190179013605,-0.00017823832338986656,6.574428380420072e-05,-5.373868269618977e-05,0.0004208322424015222,0.0,-0.0007896191439224781,-0.00032906750815754203,0.00012476244886828482,-0.0003064593759809998,9.648607183447469e-05,3.3079368976202454e-06,-0.0004602888311012624,0.0,0.0,0.0,0.0,0.0,0.0,0.0,0.0,6.487233898330825e-05,0.0,0.0
2024-04-03,0.00010478873158383943,-0.002124200745372366,0.0,0.0008846874143215288,-0.00017168057373517803,-0.0001727231327816138,0.0002791951223955272,4.2786912725955965e-05,0.00033075953814455314,0.00010553128369332861,-0.0004644472551355119,-1.784050081101855e-05,0.0,-0.02896638672104686,-0.004156927436715143,-0.000938573944331678,-0.00048492324672824944,-0.00046676533213028303,-0.0003053870397394381,-0.000292275519184268,0.0017226177313943874,0.001617307044577453,0.0007432188295859134,0.000432603259648094,-5.04488151841496e-06,0.0022532930826632282,0.00020135563772350813,-8.934902637793361e-05,0.00026785120630532227,5.903218878230977e-05,0.0029777046099405337,-7.055974594911019e-06,0.0012977166595420785,0.000666672468902973,-0.0009396022595834012,0.0,-0.003337473889226536,-0.00924262217856288,-8.144730395465511e-05,0.0,6.584322221019102e-05,0.001646025451515528,0.00041618228916892445,0.0003039896672664135,0.00027500472278085743,-0.00031337210415429925,-4.734223736209845e-05,-0.0008585566219610767,-0.00012421984372712428,0.0018723828315322457,9.316665660724397e-05,-0.005701414683131875,-0.00016524568883937647,-0.0006420795831098625,-0.0009797406369236941,-0.00016006396649642033,-9.771636980407543e-05,-0.00014172254269883368,-0.0001841782592863177,0.0,-0.00041602915522284006,0.0,0.0004034068582017059,0.00013595189944140237,-0.0005511351996912089,0.0017671514056781892,0.0005138525328204299,8.67530637757568e-05,0.0003282920063702741,-0.00011267847809038791,1.8861057815815653e-05,0.0005160903409805731,3.564214122547179e-07,-0.001000681256002633,0.0,0.0,0.00023520770804311895,0.00013100594660922488,0.011262559141937408,0.0011883449023747188,-0.0001933095942615457,0.0,0.00023665449252629133,0.0,-3.453841505158548e-05,-0.00039032821791039953,0.0004930267973108349,-0.000564834660807312,6.574428380420072e-05,-2.752126252466333e-05,-0.00011311314442747952,0.0,-0.0007462956250409918,-0.0008173099017563597,-9.074942599225888e-06,-0.00016014088086652346,3.511979167995083e-05,3.3079368976202454e-06,6.30821417304211e-05,0.0,0.0,0.0,0.0,0.0,0.0,0.0,0.0,6.487233898330825e-05,0.0,0.0
2024-04-10,0.00010478873158383943,-0.002124200745372366,0.0,0.0006924570747172682,-0.0003532007351576445,-0.0002638542843839642,-0.00029650472141324366,-0.00011042481011597728,0.00033075953814455314,0.00010553128369332861,-0.0009301395680819528,-1.784050081101855e-05,0.0,-0.033891586001723116,-0.004052061617322544,-0.000938573944331678,-0.00048492324672824944,-0.0004978828530421539,-0.0003053870397394381,-0.0003239830875268789,0.0017226177313943874,0.0037916380033525023,0.0007432188295859134,0.0004706040979419948,-5.04488151841496e-06,-0.0022999114045393204,-0.00044106181387265273,-8.934902637793361e-05,0.00026785120630532227,5.903218878230977e-05,0.002843796812726754,-7.055974594911019e-06,0.0008624786858594318,0.000666672468902973,-0.0009396022595834012,0.0,-0.0032979494369584136,-0.00924262217856288,-8.144730395465511e-05,0.0,6.584322221019102e-05,0.001646025451515528,0.00041618228916892445,0.0003039896672664135,0.00027500472278085743,-0.00031337210415429925,-4.734223736209845e-05,-0.0008585566219610767,-0.00012421984372712428,0.0013654609978926264,0.00011688877553567666,-0.005501268074897691,-0.00016524568883937647,-0.0006420795831098625,-0.001352480746277346,-0.00016006396649642033,-9.771636980407543e-05,-0.00014172254269883368,-0.0001841782592863177,0.0,-0.00041602915522284006,0.0,0.0004034068582017059,0.00013595189944140237,-0.000537227894852586,-0.0007276784222016116,0.0005138525328204299,8.67530637757568e-05,0.0003282920063702741,-0.00011267847809038791,1.8861057815815653e-05,0.0005160903409805731,3.564214122547179e-07,-0.001000681256002633,0.0,0.0,0.00023520770804311895,0.00013100594660922488,0.011262559141937408,0.0011883449023747188,-0.0001933095942615457,0.0,-6.100956970597145e-05,0.0,-3.453841505158548e-05,-0.00039032821791039953,0.0004930267973108349,-0.000564834660807312,6.574428380420072e-05,-2.752126252466333e-05,-0.00010761181426947717,0.0,-0.0007462956250409918,-0.0008173099017563597,-9.074942599225888e-06,-0.00016014088086652346,3.511979167995083e-05,3.3079368976202454e-06,6.30821417304211e-05,0.0,0.0,0.0,0.0,0.0,0.0,0.0,0.0,6.487233898330825e-05,0.0,0.0
2024-04-17,0.00010478873158383943,-0.002124200745372366,0.0,-1.4378849166340763e-06,-0.0003532007351576445,-0.0003510851244220919,-0.00029650472141324366,-0.00011042481011597728,0.0003441934879486327,0.0001236510194153781,-0.000848215334990454,-1.784050081101855e-05,0.0,-0.033656153862771376,-0.0031844787776097575,-0.000938573944331678,-0.00048492324672824944,-0.0004978828530421539,-0.0003053870397394381,0.0003702557623126482,0.0017226177313943874,0.0037916380033525023,0.0007432188295859134,-0.002915940527771054,-5.04488151841496e-06,-0.0022999114045393204,-0.00044106181387265273,0.0001270803715736999,0.0002714677246149148,5.903218878230977e-05,0.002843796812726754,-7.055974594911019e-06,0.0008624786858594318,0.000666672468902973,-0.0009396022595834012,0.0,-0.0032979494369584136,-0.008286420301804294,-8.144730395465511e-05,0.0,0.00018306261862165033,0.0017755947711385598,0.00041618228916892445,0.0003039896672664135,0.00027500472278085743,-0.00031337210415429925,-4.734223736209845e-05,-0.0008128217741956139,-0.00012421984372712428,0.0022920783227167556,0.00011688877553567666,-0.005389431501712813,-7.42762834433304e-05,-0.0004671679574770081,-0.0014175341129641637,-0.00016006396649642033,-9.771636980407543e-05,-0.00014172254269883368,-0.0001841782592863177,0.0,-0.0005507119131718362,0.0,0.0004034068582017059,0.00013595189944140237,0.0006794084105755165,0.0001475283194475269,-0.0001967482899348035,8.67530637757568e-05,0.0003282920063702741,-0.00011267847809038791,1.8861057815815653e-05,0.0005160903409805731,3.564214122547179e-07,-0.001013015452821013,0.0,0.0,0.00023520770804311895,-0.0005360315573703823,-0.0022779722883849215,0.0011883449023747188,-0.0001933095942615457,0.0,-6.100956970597145e-05,0.0,-0.0003346381814822486,-0.00039032821791039953,0.0004930267973108349,-0.0012538499343137822,6.574428380420072e-05,-2.752126252466333e-05,-2.8492058026275046e-05,0.0,-0.0007462956250409918,-0.0008173099017563597,-0.00034538527031422145,-0.00016014088086652346,3.511979167995083e-05,3.3079368976202454e-06,-3.760702183631788e-05,0.0,0.0,0.0,0.0,0.0,0.0,0.0,0.0,6.487233898330825e-05,0.0,0.0
2024-04-24,-0.0003645112598346618,0.0009438281450366049,0.0,-1.4378849166340763e-06,-0.0003532007351576445,-0.0002638542843839642,-0.0005447061670956777,-0.00011042481011597728,0.00030978677467460424,0.0001236510194153781,-0.000848215334990454,2.6356496935034607e-06,0.0,-0.032026360136217784,0.005573488986082103,-0.000938573944331678,0.0007303991317131767,-0.0004978828530421539,0.0003241728920523206,0.00028448179087755084,0.0017226177313943874,0.0025769701669720968,0.0007432188295859134,-0.000885591908264627,8.452556204438607e-06,-0.0022999114045393204,0.00020135563772350813,-8.934902637793361e-05,-9.48311783508562e-06,5.903218878230977e-05,0.0028694169574289283,-7.055974594911019e-06,0.00039981966453969783,0.000666672468902973,-0.0009396022595834012,0.0,-0.0032979494369584136,-0.00924262217856288,-8.144730395465511e-05,0.0,0.00018306261862165033,0.0017755947711385598,0.0003563010358373184,0.00030489789168851127,0.00027500472278085743,-0.00031337210415429925,-5.14731772907665e-05,-0.0009601900828493731,-0.000101070231054851,0.002799000156356375,0.00011688877553567666,-0.005501268074897691,-7.42762834433304e-05,-0.0004671679574770081,-0.0010361914068054052,-0.00016006396649642033,-9.771636980407543e-05,-0.00014172254269883368,-0.0001841782592863177,0.0,-0.0005507119131718362,0.0,-0.00018587208521647804,0.00013595189944140237,-0.0006070455747966181,0.0019419993059057454,0.0005138525328204299,8.67530637757568e-05,0.0003282920063702741,-0.00014424301444730366,-6.063525694025571e-05,0.0007468453264332422,3.564214122547179e-07,-0.0010246109584939034,0.0,0.0,0.00023520770804311895,0.00013100594660922488,-0.0022922739890303633,0.0011883449023747188,-0.0001933095942615457,0.0,0.00023665449252629133,0.0,-0.00044262311355042916,-0.00039032821791039953,0.0004930267973108349,-0.0016404462717312276,6.574428380420072e-05,-2.752126252466333e-05,-0.00010761181426947717,0.0,-0.0007462956250409918,-0.0008173099017563597,-0.00034538527031422145,-0.0003765042362384144,3.511979167995083e-05,3.3079368976202454e-06,6.30821417304211e-05,0.0,0.0,0.0,0.0,0.0,0.0,0.0,0.0,4.573726428754741e-05,0.0,0.0
2024-05-01,-0.0003645112598346618,0.0011734589726961773,0.0,-6.665671751289595e-05,-0.00017168057373517803,-0.00015342755410635014,6.786900356832974e-05,4.2786912725955965e-05,0.0002963528248705247,0.00010553128369332861,-0.0008642030658021697,2.6356496935034607e-06,0.0,0.007015274703349932,0.005841495157833681,-0.000938573944331678,0.0007303991317131767,-0.00040300406082644457,0.0003241728920523206,-0.0003839000459247398,0.0005064122220056251,0.0014064900038228115,0.0007432188295859134,0.0004804932973781857,-8.592724947268591e-05,-0.002310796957502596,3.9990148082464193e-05,-8.934902637793361e-05,0.00026785120630532227,-1.5349121551358976e-06,0.0032033145796359656,-1.9466774217974547e-05,0.0003875116688960853,0.000666672468902973,-0.0008462472606723223,0.0,-0.003946622358638781,-0.007437019640949607,-8.144730395465511e-05,0.0,6.584322221019102e-05,0.0013414586803093648,0.0004986603077313137,0.00030489789168851127,-0.0007446373995918678,-0.00044904067189502063,-5.14731772907665e-05,-0.0019559051501721676,-0.0004649822706160999,-0.0006233558376224241,-8.724621675180257e-05,0.0006889542286642686,-0.00016524568883937647,-0.00041817720145562116,-0.0004901645150160366,3.570114031673016e-05,-9.771636980407543e-05,-0.00014172254269883368,-0.0001841782592863177,0.0,-0.00041602915522284006,0.0,-0.00018587208521647804,0.00013595189944140237,0.0007864083148549344,0.00018719261734981234,0.0005138525328204299,0.00013505608083496108,0.0003282920063702741,-0.00014424301444730366,-6.063525694025571e-05,0.0007468453264332422,3.601740816298503e-05,-0.000828877696339581,0.0,0.0,0.00023520770804311895,0.004063644067664937,0.012451668839839454,0.0011883449023747188,-0.0001933095942615457,0.0,-6.100956970597145e-05,0.0,-0.00044262311355042916,-0.00039032821791039953,-9.843851452229865e-05,-0.0012538499343137822,6.574428380420072e-05,-5.373868269618977e-05,-0.00010761181426947717,0.0,-0.0007462956250409918,-0.0005375604204299904,0.00012476244886828482,-0.0003765042362384144,9.648607183447469e-05,3.3079368976202454e-06,-0.0004602888311012624,0.0,0.0,0.0,0.0,0.0,0.0,0.0,0.0,4.573726428754741e-05,0.0,0.0
2024-05-08,0.00010478873158383943,0.0010465389813849911,0.0,-5.495382350373585e-06,-0.0003532007351576445,-0.0001727231327816138,0.00038061239016452916,4.2786912725955965e-05,0.00033075953814455314,0.00010553128369332861,-0.0008778600828608734,-1.784050081101855e-05,0.0,-0.03329216416969774,-0.004156927436715143,-0.000938573944331678,-0.00048492324672824944,-0.00046676533213028303,-0.0003053870397394381,-0.00034295633586279694,0.0017226177313943874,0.003686269038144639,0.0007432188295859134,-0.000550811282548752,-5.04488151841496e-06,0.002266652005966282,-0.0002746666756106609,0.0001270803715736999,0.00026785120630532227,5.903218878230977e-05,0.00322313529486063,-7.055974594911019e-06,0.0008350576382223445,0.000666672468902973,-0.0009855485689101542,0.0,-0.004225794145162828,-0.00924262217856288,-8.144730395465511e-05,0.0,6.584322221019102e-05,0.001407737066378717,0.0005505751252540991,0.0003039896672664135,-0.0007446373995918678,-0.00044904067189502063,-4.734223736209845e-05,-0.0019225872678710957,-0.00048813188328837315,-0.0006233558376224241,0.0002755050400353184,0.0007620413056325444,-0.00016524568883937647,-0.0007016347911434935,-0.0013610833430824528,-0.00016006396649642033,-9.771636980407543e-05,-0.00014172254269883368,-0.0001841782592863177,0.0,-0.0005507119131718362,0.0,-0.00018587208521647804,0.00013595189944140237,-0.000537227894852586,0.00046230646202160305,0.0005138525328204299,8.67530637757568e-05,0.0003282920063702741,-0.00014424301444730366,1.8861057815815653e-05,0.0007468453264332422,3.601740816298503e-05,-0.0008172821906666907,0.0,0.0,0.00023520770804311895,-0.0005360315573703823,0.011372742270569242,0.0011883449023747188,-0.0001933095942615457,0.0,-6.100956970597145e-05,0.0,-0.0007427228799810924,-0.00039032821791039953,-9.843851452229865e-05,-0.0016404462717312276,6.574428380420072e-05,-2.752126252466333e-05,-2.8492058026275046e-05,0.0,-0.0007462956250409918,-0.0008173099017563597,-0.0002072918121313443,-0.0003064593759809998,3.511979167995083e-05,3.3079368976202454e-06,6.30821417304211e-05,0.0,0.0,0.0,0.0,0.0,0.0,0.0,0.0,6.487233898330825e-05,0.0,0.0
2024-05-15,0.00010478873158383943,-0.00202148990902398,0.0,0.0008887449117552683,-0.0003532007351576445,-0.0003510851244220919,-0.0007379808782128332,4.2786912725955965e-05,0.0003441934879486327,0.00010553128369332861,-0.0007959358497693747,-1.784050081101855e-05,0.0,-0.031666696865926734,0.0008971638360026798,-0.000938573944331678,-0.00048492324672824944,-0.0004978828530421539,-0.0003053870397394381,0.0003452875906673243,0.0017226177313943874,0.0035837477879041204,0.0007432188295859134,0.0004804932973781857,-5.04488151841496e-06,-0.0006485860013564418,3.9990148082464193e-05,0.0001270803715736999,-0.0003469518056758858,5.903218878230977e-05,0.0034092799170885317,-7.055974594911019e-06,0.0008350576382223445,0.000666672468902973,-0.0009855485689101542,0.0,-0.004225794145162828,-0.00924262217856288,-8.144730395465511e-05,0.0,6.584322221019102e-05,0.0015373063860017488,0.0005505751252540991,0.0003039896672664135,-0.0007446373995918678,-0.00044904067189502063,-4.734223736209845e-05,-0.001796119876054017,-0.0004649822706160999,-0.0008762031181491326,0.000299227158963751,0.0006432514587142425,-0.00016524568883937647,-0.000526723165510639,-0.0010356834095657163,-0.00016006396649642033,-9.771636980407543e-05,-0.00014172254269883368,-0.0001841782592863177,0.0,-0.00041602915522284006,0.0,-0.00018587208521647804,0.00013595189944140237,-0.0006070455747966181,-0.0007276784222016116,-0.0001967482899348035,8.67530637757568e-05,0.0003282920063702741,-0.00011267847809038791,1.8861057815815653e-05,0.0005160903409805731,3.601740816298503e-05,-0.0008296163874850709,0.0,0.0,0.00023520770804311895,-0.0005360315573703823,-0.0024767726206238196,0.0011883449023747188,-0.0001933095942615457,0.0,-6.100956970597145e-05,0.0,-0.0007427228799810924,-0.00039032821791039953,-9.843851452229865e-05,-0.000564834660807312,6.574428380420072e-05,-2.752126252466333e-05,-2.8492058026275046e-05,0.0,-0.0007462956250409918,-0.0008173099017563597,-0.00034538527031422145,-0.00016014088086652346,3.511979167995083e-05,3.3079368976202454e-06,6.30821417304211e-05,0.0,0.0,0.0,0.0,0.0,0.0,0.0,0.0,6.487233898330825e-05,0.0,0.0
2024-05-22,0.00019731152978006686,0.0008613630509822145,0.0,0.0008887449117552683,-0.0003532007351576445,-0.0003510851244220919,0.0005021059549628636,5.4707340259767034e-05,0.0003441934879486327,0.00010553128369332861,-0.0007959358497693747,-1.784050081101855e-05,0.0,-0.031190092792675088,0.002745155918959572,-0.000938573944331678,-0.00048492324672824944,-0.0004978828530421539,-0.0003053870397394381,0.0002748010557841683,0.0017226177313943874,0.0024716012017642333,0.0007432188295859134,0.0004804932973781857,-5.04488151841496e-06,-0.002310796957502596,1.599503246197973e-05,0.0001270803715736999,0.0002714677246149148,5.903218878230977e-05,0.0003531200138033196,-7.055974594911019e-06,-0.00013685474897682452,0.000666672468902973,-0.0010296310010890096,0.0,0.0001567574310482141,-0.00924262217856288,-8.144730395465511e-05,0.0,6.584322221019102e-05,0.0015373063860017488,0.00040637201691247305,0.0003039896672664135,-0.0001010298344442356,-0.00044904067189502063,-4.734223736209845e-05,-0.0019101703024067046,-0.0004649822706160999,-0.0007647026158130757,0.0004751177737363281,0.0006889542286642686,-0.00016524568883937647,-0.0005540680979955516,-0.0010356834095657163,-0.00016006396649642033,-9.771636980407543e-05,-0.00014172254269883368,-0.0001841782592863177,0.0,-0.00041602915522284006,0.0,-0.00018587208521647804,0.00013595189944140237,-0.0006070455747966181,-0.0006069471390346777,-0.00046823685906314735,-0.0001572318598961098,0.0003282920063702741,-0.00014424301444730366,1.8861057815815653e-05,0.0007468453264332422,3.601740816298503e-05,-0.0008296163874850709,0.0,0.0,-7.600713685129269e-06,0.00013100594660922488,-0.002462470919978378,0.0011883449023747188,-0.00021353005393379975,0.0,0.00011184495929150953,0.0,-0.00044262311355042916,-0.00039032821791039953,-9.843851452229865e-05,-0.000564834660807312,6.574428380420072e-05,-2.752126252466333e-05,-6.536629217948853e-05,0.0,-0.0007462956250409918,-0.0008173099017563597,-0.00034538527031422145,-0.0002677278717705624,3.511979167995083e-05,3.3079368976202454e-06,6.30821417304211e-05,0.0,0.0,0.0,0.0,0.0,0.0,0.0,0.0,6.487233898330825e-05,0.0,0.0
2024-05-29,-0.0003645112598346618,0.0010465389813849911,0.0,-0.0002662945045204437,-0.00017168057373517803,-0.0003510851244220919,-0.0007379808782128332,5.4707340259767034e-05,0.00030978677467460424,0.0001361362093026441,-0.0007959358497693747,-1.784050081101855e-05,0.0,-0.028374527281079816,0.002390333915997128,-0.000938573944331678,0.0007303991317131767,-0.0004978828530421539,0.0003241728920523206,0.00022156104428026102,0.0017226177313943874,0.0014094168291290715,0.0007432188295859134,-0.000550811282548752,-5.04488151841496e-06,-0.0006485860013564418,3.9990148082464193e-05,-8.934902637793361e-05,0.0002714677246149148,5.903218878230977e-05,0.0003787401585054945,-7.055974594911019e-06,0.00029838322470582214,0.000666672468902973,-0.0010296310010890096,0.0,0.0001567574310482141,-0.00924262217856288,-8.144730395465511e-05,0.0,6.584322221019102e-05,0.0015373063860017488,0.000346490763580867,0.00030489789168851127,-0.0001010298344442356,-0.00044904067189502063,-4.734223736209845e-05,-0.0019101703024067046,-0.0004649822706160999,-0.0008762031181491326,0.0004751177737363281,0.0006432514587142425,-0.00016524568883937647,-0.0005910971649727505,-0.0010361914068054052,-0.00016006396649642033,-9.771636980407543e-05,-0.00014172254269883368,-0.0001841782592863177,0.0,-0.0005507119131718362,0.0,-0.0005229147240515932,0.00013595189944140237,-0.0006525902586077257,-0.00027204939949167326,-0.00046823685906314735,-0.0001572318598961098,0.0003282920063702741,-0.00014424301444730366,1.8861057815815653e-05,0.0007468453264332422,3.601740816298503e-05,-0.0008296163874850709,0.0,0.0,-7.600713685129269e-06,-0.0005360315573703823,-0.002462470919978378,-0.0004262562604008748,-0.00021353005393379975,0.0,0.00011184495929150953,0.0,-0.0007427228799810924,-0.00031142800755011617,-9.843851452229865e-05,-0.0006683868261420704,6.574428380420072e-05,-2.752126252466333e-05,-0.00014448604842269065,0.0,-0.0007462956250409918,-0.0008885214931666192,-0.00034538527031422145,-0.00041404636688503873,3.511979167995083e-05,3.3079368976202454e-06,6.30821417304211e-05,0.0,0.0,0.0,0.0,0.0,0.0,0.0,0.0,4.573726428754741e-05,0.0,0.0
2024-06-05,-0.00019358560854845842,0.0015729687085616253,0.0,-0.0005523045416791535,-0.00017168057373517803,-0.0003510851244220919,-0.0009851546268384763,5.4707340259767034e-05,0.0003441934879486327,0.0001361362093026441,-0.000848215334990454,0.0008254205041897918,0.0,-0.02875894235059471,-0.0026567450933032426,-0.000938573944331678,0.0007686645222090468,-9.659456744500388e-05,0.0003241728920523206,0.00023228168769651823,0.0017226177313943874,0.0015119380793695899,0.0007432188295859134,-8.018906521785606e-06,8.452556204438607e-06,-0.0006485860013564418,3.9990148082464193e-05,-8.934902637793361e-05,-0.0003469518056758858,5.903218878230977e-05,0.0004035447306268203,-7.055974594911019e-06,0.00029838322470582214,0.0006113675393678106,-0.0010296310010890096,0.0,0.0001567574310482141,-0.00924262217856288,-8.144730395465511e-05,0.0,0.00021822046039415927,0.0017755947711385598,-0.0005649083263263173,0.00030489789168851127,-0.0001010298344442356,-0.0002838256645170892,-4.734223736209845e-05,-0.0010886844480921096,-0.00048813188328837315,-0.0008762031181491326,0.00023010119881319483,0.0006432514587142425,-7.750426300366599e-05,-0.0005910971649727505,-0.0010356834095657163,-0.00016006396649642033,-9.771636980407543e-05,-0.00014172254269883368,-0.000148964831391458,0.0,-0.0005507119131718362,0.0,-0.0005229147240515932,0.00013595189944140237,0.0006849532559384177,-0.0010407138810970497,-0.00046823685906314735,0.00025440159778971694,-0.0001298950655126478,-0.00014424301444730366,1.8861057815815653e-05,0.0007468453264332422,3.601740816298503e-05,-0.0008713461643985537,0.0,0.0,-7.600713685129269e-06,-0.0005360315573703823,-0.0024767726206238196,-0.0004262562604008748,-0.00021353005393379975,0.0,0.00011184495929150953,0.0,-0.0007427228799810924,-0.00031142800755011617,-9.843851452229865e-05,-0.00028179048872462487,6.574428380420072e-05,-2.752126252466333e-05,-0.00014448604842269065,0.0,-0.0007462956250409918,-0.0010217588666644633,-0.00034538527031422145,-0.00041404636688503873,3.511979167995083e-05,3.3079368976202454e-06,0.0005402713650497631,0.0,0.0,0.0,0.0,0.0,0.0,0.0,0.0,4.573726428754741e-05,0.0,0.0
2024-06-12,-0.0003645112598346618,0.0015729687085616253,0.0,-0.0005523045416791535,-7.076793847299769e-05,-0.00014952724254212746,0.0005021059549628636,5.4707340259767034e-05,0.00030978677467460424,-0.0020727279656518804,-0.0008345583179317504,-0.0001219427258194272,0.0,-0.009345816959015773,0.005363573075976439,5.163247584602836e-05,0.0007686645222090468,3.511334878566703e-05,0.0003241728920523206,0.00027092293846155716,0.0005064122220056251,0.0014064900038228115,0.0007432188295859134,-0.003010699722368584,0.00014396867458819833,0.002266652005966282,3.9990148082464193e-05,-8.934902637793361e-05,-0.0003469518056758858,5.903218878230977e-05,0.0003581038706999815,-7.055974594911019e-06,0.00029838322470582214,0.0006113675393678106,-0.0008307761018368262,0.0,6.665161189026634e-05,-0.006480817764191022,-8.144730395465511e-05,0.0,0.00021822046039415927,0.0017755947711385598,-0.000600313134334877,0.00030489789168851127,-0.0001010298344442356,-0.0002838256645170892,-5.14731772907665e-05,-0.0011220023303931811,-0.0004649822706160999,-0.0008762031181491326,0.00020637907988476213,0.0010489668027492802,-7.42762834433304e-05,-0.0005910971649727505,-0.000682743006753155,3.570114031673016e-05,-9.771636980407543e-05,-0.00014172254269883368,-0.000148964831391458,0.0,-0.0005507119131718362,0.0,-0.0005229147240515932,-0.00021328685673234498,-0.0006525902586077257,0.000583037745188537,-0.00046823685906314735,0.00021897151192721984,-0.0001298950655126478,-0.00014424301444730366,-6.063525694025571e-05,0.0007468453264332422,3.601740816298503e-05,-0.0008829416700714441,0.0,0.0,-0.00014549859266082757,0.00013100594660922488,-0.0024767726206238196,-0.000549253672376956,-0.00021353005393379975,0.0,0.00011184495929150953,0.0,-0.00044262311355042916,-0.00031142800755011617,-9.843851452229865e-05,-0.0006683868261420704,6.574428380420072e-05,-2.752126252466333e-05,-0.00014448604842269065,0.0,-0.0007462956250409918,-0.0010217588666644633,-0.00034538527031422145,-0.00048409122714245336,3.511979167995083e-05,5.494193810398416e-06,0.0003144364904674263,0.0,0.0,0.0,0.0,0.0,0.0,0.0,0.0,4.573726428754741e-05,0.0,0.0
2024-06-19,-0.0003645112598346618,0.0015729687085616253,0.0,-0.0006530284973309413,-7.076793847299769e-05,-0.00014952724254212746,0.00045183969671681585,5.4707340259767034e-05,0.00030978677467460424,-0.0020727279656518804,-0.0005071042229197501,-0.0001219427258194272,0.0,0.0340921371118503,0.005241795509342247,5.163247584602836e-05,0.0007686645222090468,-3.210198835028124e-05,0.0003241728920523206,0.00025474869666633834,-0.0007577982551533513,0.0011661299103342018,0.0007432188295859134,-0.0010492499272944968,0.00014396867458819833,0.002266652005966282,3.9990148082464193e-05,-8.934902637793361e-05,-0.0002410458897376162,-1.5349121551358976e-06,0.0003967892511658455,-1.9466774217974547e-05,0.00028607522906220963,-0.0005449918612292471,-0.0007345980539321334,0.0,6.665161189026634e-05,-0.002794348139523245,-8.144730395465511e-05,0.0,6.584322221019102e-05,0.0017239275141244757,-0.000612627859273741,0.0003147568405531006,-0.0001010298344442356,-0.0002838256645170892,-5.14731772907665e-05,-0.001375897945615069,-0.0004649822706160999,-0.0008762031181491326,0.00020637907988476213,0.0008794535436185457,-7.42762834433304e-05,-0.00048255120091773255,-0.0006063918379758126,3.570114031673016e-05,-9.771636980407543e-05,-0.00014172254269883368,-0.000148964831391458,0.0,-0.0005799576290824587,0.0,-0.0008477753995040233,-0.0003396538180840155,-0.0005418091382817793,-0.0006862604002121451,-0.00018023511297851486,-0.00019266194575860688,-0.0001298950655126478,-0.00014424301444730366,-6.063525694025571e-05,0.0007468453264332422,3.601740816298503e-05,-0.0008829416700714441,0.0,0.0,-0.00014549859266082757,-0.00046900028961095356,-0.0025416946060518378,-0.000549253672376956,-0.00021353005393379975,0.0,0.00011184495929150953,0.0,-0.00111230267015208,-0.00031142800755011617,-0.00018660751964866414,-0.0006683868261420704,6.574428380420072e-05,-5.373868269618977e-05,-0.00028138534954202444,0.0,-0.0005255389999976473,-0.0007301962751170765,-0.00034538527031422145,-0.00048409122714245336,-0.00033652098893326014,5.494193810398416e-06,0.00044875447769863455,0.0,0.0,0.0,0.0,0.0,0.0,0.0,0.0,4.573726428754741e-05,0.0,0.0
2024-06-26,0.00010478873158383943,0.0015729687085616253,0.0,-0.0005760949594143157,-7.076793847299769e-05,-0.00014952724254212746,0.00038061239016452916,5.4707340259767034e-05,0.0003441934879486327,-0.0020727279656518804,-0.0008345583179317504,0.0008254205041897918,0.0,0.010779447329013925,-0.0027962503176824503,5.163247584602836e-05,-0.0005371819684117159,-3.210198835028124e-05,-0.00044293333422697174,0.00027322539775846103,0.0005064122220056251,0.0015090112540633296,0.0007432188295859134,0.0005549143683305994,0.00014396867458819833,0.0017579552117682963,-0.00011718680264901484,-8.934902637793361e-05,-0.0003469518056758858,-1.5349121551358976e-06,-0.0017732762524453943,-1.9466774217974547e-05,-0.002026178100473741,0.0006113675393678106,-0.0008307761018368262,0.0,0.0009091228692452523,0.0002728078918599734,-8.144730395465511e-05,0.0,0.00021822046039415927,0.0017093163850692076,-0.0006432707181214713,0.00031384861613100286,-0.0001010298344442356,-0.00030477802788297616,-4.734223736209845e-05,-0.0010886844480921096,-0.00048813188328837315,-0.0008762031181491326,0.00020637907988476213,0.0010045889454402474,-0.00016524568883937647,-0.00048255120091773255,-0.0006063918379758126,3.570114031673016e-05,-9.771636980407543e-05,-0.00014172254269883368,0.0002980022515432928,0.0,-0.000314290777252955,0.0,-0.0005229147240515932,-0.00021328685673234498,-0.0005418091382817793,-0.0006069471390346777,-0.00046823685906314735,0.00021897151192721984,-0.0001298950655126478,-0.00014424301444730366,1.8861057815815653e-05,0.0007468453264332422,3.601740816298503e-05,-0.0007278692273318803,0.0,0.0,-0.00014549859266082757,-0.00046900028961095356,-0.0025416946060518378,-0.000549253672376956,6.630877830106905e-05,0.0,0.00011184495929150953,0.0,-0.0007427228799810924,-0.00031142800755011617,-0.00018660751964866414,-0.0006683868261420704,6.574428380420072e-05,-5.373868269618977e-05,-0.0003182595836952379,0.0,-0.0007462956250409918,-0.0015301992447814094,-0.00034538527031422145,-0.00041404636688503873,-0.00033652098893326014,5.494193810398416e-06,0.0004151256540341653,0.0,0.0,0.0,0.0,0.0,0.0,0.0,0.0,6.487233898330825e-05,0.0,0.0
2024-07-03,-0.0003645112598346618,0.0009438281450366049,0.0,0.0010095845563595587,0.0007328450546939577,-0.00014952724254212746,-0.0008593511748568648,5.4707340259767034e-05,0.00030978677467460424,0.0001361362093026441,-0.0008198468095291624,-0.0001219427258194272,0.0,0.033669933114007115,0.0045263401321351945,5.163247584602836e-05,0.0007686645222090468,0.0007330677453165317,0.0004709424074530125,0.0002015086851624311,-0.0007577982551533513,0.0011661299103342018,0.0007432188295859134,6.640216443062816e-05,0.00014396867458819833,0.0017210194530589628,-5.175593862063764e-05,-8.934902637793361e-05,-9.48311783508562e-06,-1.5349121551358976e-06,-0.001730439187729235,-1.9466774217974547e-05,-0.002026178100473741,0.0006136988209202133,-0.0006362234273295631,0.0,0.0009091228692452523,0.0002728078918599734,-8.144730395465511e-05,0.0,6.584322221019102e-05,-0.0021397518262476368,-0.000612627859273741,0.0003147568405531006,-0.0001010298344442356,-0.00030477802788297616,-4.734223736209845e-05,-0.001375897945615069,-0.0004649822706160999,-0.0008762031181491326,-0.0005535554578398807,0.0008371532136764342,-0.00016524568883937647,-0.0010452036293103794,0.002647156519143895,3.570114031673016e-05,-9.771636980407543e-05,-0.00014172254269883368,0.0002980022515432928,0.0,-0.0004782192511125736,0.0,-0.0008477753995040233,-0.0003396538180840155,-0.0005418091382817793,0.00035008653936448276,-0.00018023511297851486,-0.00019266194575860688,-0.0001298950655126478,-0.00014424301444730366,-6.063525694025571e-05,0.0007468453264332422,3.601740816298503e-05,-0.0009228637983407129,0.0,0.0,-7.600713685129269e-06,0.00019803721436865366,-0.002678863784830625,-0.0004262562604008748,6.630877830106905e-05,0.0,0.00011184495929150953,0.0,-0.00044262311355042916,-0.00031142800755011617,-0.00018660751964866414,-0.0006683868261420704,6.574428380420072e-05,-5.373868269618977e-05,-0.00028138534954202444,0.0,-0.0007462956250409918,-0.001321706332508961,-0.00034538527031422145,-0.00048409122714245336,-0.00033652098893326014,3.3079368976202454e-06,0.0004151256540341653,0.0,0.0,0.0,0.0,0.0,0.0,0.0,0.0,4.573726428754741e-05,0.0,0.0
2024-07-10,0.00010478873158383943,0.0009438281450366049,0.0,0.002464763107341504,0.0007328450546939577,-6.229640250399978e-05,0.0003303461319184815,-0.00014118914582192396,0.00033075953814455314,0.0001361362093026441,-0.0009017710426206613,-1.784050081101855e-05,0.0,0.03386260020758131,-0.003000586647883607,5.163247584602836e-05,-0.0005371819684117159,-0.00040300406082644457,0.0025329010718212887,-0.00042331591137796985,-0.0007577982551533513,0.0012686511605747202,0.0007432188295859134,0.0005549143683305994,-8.592724947268591e-05,0.0014106336071960967,0.0001734749054236258,0.0001270803715736999,0.00026785120630532227,-1.5349121551358976e-06,-0.0017911491826548874,-1.9466774217974547e-05,-0.002026178100473741,0.0006136988209202133,-0.0006362234273295631,0.0,0.0009059625582736167,0.0002646717168230487,-5.053280848767778e-05,0.0,6.584322221019102e-05,-0.0020848257032566077,-0.0006432707181214713,0.00031384861613100286,0.00010090336170771752,-0.00030477802788297616,-4.734223736209845e-05,-0.0013883149110794604,-0.00048813188328837315,-0.0005118553352863672,-0.0005535554578398807,0.0008828559836264602,-0.00016524568883937647,-0.0010452036293103794,0.0024817425990654096,3.570114031673016e-05,-9.771636980407543e-05,-0.00014172254269883368,0.0002980022515432928,0.0,-0.00034353649316357744,0.0,-0.0008477753995040233,-0.0003396538180840155,0.002108591576331636,-0.00028553063685316296,0.00016052470028236134,-0.00019266194575860688,-0.0001298950655126478,-0.00014424301444730366,1.8861057815815653e-05,0.0007468453264332422,3.601740816298503e-05,-0.0009367375073462405,0.0,0.0,-7.600713685129269e-06,0.00019803721436865366,0.012210328686919356,-0.0004262562604008748,6.630877830106905e-05,0.0,0.00011184495929150953,0.0,-0.00044262311355042916,-0.00031142800755011617,-0.00018660751964866414,-0.00028179048872462487,6.574428380420072e-05,-5.373868269618977e-05,-0.00020226559329882232,0.0,-0.0007462956250409918,-0.001321706332508961,-0.0002072918121313443,-0.00041404636688503873,-0.00033652098893326014,3.3079368976202454e-06,0.0004151256540341653,0.0,0.0,0.0,0.0,0.0,0.0,0.0,0.0,6.487233898330825e-05,0.0,0.0
2024-07-17,0.00010478873158383943,0.0009438281450366049,0.0,0.002343870286096005,0.0007328450546939577,-6.229640250399978e-05,0.0003303461319184815,-0.00014118914582192396,0.00033075953814455314,0.00010553128369332861,-0.0009017710426206613,0.0008254205041897918,0.0,0.03421469210325233,-0.0007133868519951278,5.163247584602836e-05,0.000255023180057858,-0.00040300406082644457,0.0025329010718212887,-0.00042331591137796985,-0.0007577982551533513,0.0011661299103342018,0.0007432188295859134,-0.0008012816378760222,-8.592724947268591e-05,0.0014106336071960967,-5.175593862063764e-05,-8.934902637793361e-05,0.00026785120630532227,-1.5349121551358976e-06,-0.0019064673451058554,-1.9466774217974547e-05,-0.002026178100473741,0.0006136988209202133,-0.0006362234273295631,0.0,0.0008207901839228222,0.0002728078918599734,-8.144730395465511e-05,0.0,6.584322221019102e-05,-0.0020848257032566077,-0.000612627859273741,0.00031384861613100286,0.00010090336170771752,-0.00030477802788297616,-4.734223736209845e-05,-0.0014216327933805322,-0.00048813188328837315,-0.0006233558376224241,-0.0005535554578398807,0.0008828559836264602,-7.42762834433304e-05,-0.0010452036293103794,0.0025258379502523273,3.570114031673016e-05,-9.771636980407543e-05,-0.00014172254269883368,0.0002980022515432928,0.0,-0.0004782192511125736,0.0,-0.0008477753995040233,-0.0003396538180840155,0.000865552056208396,0.0019900902274932425,0.0004837209190914252,0.00013505608083496108,-0.0001298950655126478,-0.00014424301444730366,1.8861057815815653e-05,0.0007468453264332422,3.601740816298503e-05,-0.0009367375073462405,0.0,0.0,-7.600713685129269e-06,0.0034812918633414193,0.013607379041319298,0.0011883449023747188,-0.00021353005393379975,0.0,0.00023665449252629133,0.0,-0.00044262311355042916,-0.00039032821791039953,0.0009346190179013605,-0.00028179048872462487,6.574428380420072e-05,-5.373868269618977e-05,-0.00028138534954202444,0.0,-0.0007462956250409918,-0.000969720104172487,0.00012476244886828482,-0.00041404636688503873,-0.000924538180861683,3.3079368976202454e-06,0.0004151256540341653,0.0,0.0,0.0,0.0,0.0,0.0,0.0,0.0,6.487233898330825e-05,0.0,0.0
2024-07-24,0.00010478873158383943,0.0007586522146338281,0.0,0.00254169664525813,-7.076793847299769e-05,-6.229640250399978e-05,0.00038061239016452916,-0.00014118914582192396,0.00033075953814455314,0.00010553128369332861,-0.0009017710426206613,0.0008254205041897918,0.0,0.016698586106164728,-0.0028898822593730862,5.163247584602836e-05,-0.0005371819684117159,-0.00040300406082644457,0.0025329010718212887,-0.00040540428181238424,-0.0007577982551533513,0.0015090112540633296,0.0007432188295859134,0.0005169135300366986,-8.592724947268591e-05,0.0014106336071960967,-5.175593862063764e-05,6.0211556162066525e-05,-5.996834256863408e-06,-1.5349121551358976e-06,-0.0019014346554936308,-1.9466774217974547e-05,-0.002026178100473741,0.0006136988209202133,-0.0007324014752342556,0.0,0.0008207901839228222,0.0002646717168230487,7.467021226087472e-06,0.0,6.584322221019102e-05,-0.0019022757126309002,-0.0006432707181214713,0.00031384861613100286,0.00010090336170771752,-0.00030477802788297616,-4.734223736209845e-05,-0.0011344192958575722,-0.00048813188328837315,-0.0006233558376224241,-0.0005535554578398807,0.0010045889454402474,-0.00016524568883937647,-0.0010452036293103794,0.0025258379502523273,3.570114031673016e-05,-9.771636980407543e-05,-0.00014172254269883368,0.0002980022515432928,0.0,-0.000314290777252955,0.0,-0.0005229147240515932,-0.00021328685673234498,0.002108591576331636,0.001762547257799237,0.0005138525328204299,0.00013505608083496108,-0.0001298950655126478,-0.00014424301444730366,1.8861057815815653e-05,0.0007468453264332422,3.601740816298503e-05,-0.0009367375073462405,0.0,0.0,-7.600713685129269e-06,0.0034812918633414193,0.013087912633287282,0.0015110986893192382,-0.00021353005393379975,0.0,9.486132638870426e-05,0.0,-0.00044262311355042916,0.000939452959334532,0.0009346190179013605,-0.00028179048872462487,9.509373588647088e-05,-5.373868269618977e-05,-0.00028138534954202444,0.0,-0.0007462956250409918,-0.000969720104172487,0.00012476244886828482,-0.0002677278717705624,-0.000924538180861683,3.3079368976202454e-06,0.0004151256540341653,0.0,0.0,0.0,0.0,0.0,0.0,0.0,0.0,6.487233898330825e-05,0.0,0.0
2024-07-31,0.00010478873158383943,-0.0016581297088087083,0.0,-0.0005801524568480553,2.825886493627574e-05,-0.00015342755410635014,-5.362456123000469e-05,-0.00014118914582192396,-0.0006975337287285035,0.00010553128369332861,-0.0009017710426206613,-1.784050081101855e-05,0.0,0.004916159314596524,-0.0033272957643335835,5.163247584602836e-05,-0.0005371819684117159,-0.00040300406082644457,0.0025329010718212887,-0.00037674826223444867,0.0005064122220056251,0.0015090112540633296,0.0007432188295859134,0.0005169135300366986,-8.592724947268591e-05,-0.0012020078391412263,-5.175593862063764e-05,-8.934902637793361e-05,-5.996834256863408e-06,-1.5349121551358976e-06,-0.0019408312399104843,-1.9466774217974547e-05,-0.002026178100473741,0.0006136988209202133,-0.0007783477845610086,0.0,0.0008207901839228222,0.0002728078918599734,-8.144730395465511e-05,0.0,6.584322221019102e-05,-0.0019022757126309002,-0.0006432707181214713,0.0003039896672664135,0.00010090336170771752,-0.00030477802788297616,-4.734223736209845e-05,-0.0008585566219610767,-0.00048813188328837315,-0.0006233558376224241,-0.0005298333389114481,0.0009686915466298475,-0.00016524568883937647,-0.0010452036293103794,0.0024897858491109664,3.570114031673016e-05,-9.771636980407543e-05,-0.00014172254269883368,0.0002980022515432928,0.0,-0.000314290777252955,0.0,-0.003284061514322988,-0.00021328685673234498,-0.0004719914583377472,0.001762547257799237,0.0005138525328204299,0.00013505608083496108,0.0003282920063702741,-0.00014424301444730366,1.8861057815815653e-05,0.0005160903409805731,3.601740816298503e-05,-0.0007533384420102984,0.0,0.0,-7.600713685129269e-06,0.004063644067664937,0.012451828982632817,0.0011883449023747188,-0.00021353005393379975,0.0,9.486132638870426e-05,0.0,-0.00044262311355042916,-0.00039032821791039953,0.0004930267973108349,-0.0006683868261420704,6.574428380420072e-05,-5.373868269618977e-05,-0.00010761181426947717,0.0,-0.0007896191439224781,-0.000969720104172487,8.008145743250857e-05,-0.0002677278717705624,9.648607183447469e-05,3.3079368976202454e-06,0.0004151256540341653,0.0,0.0,0.0,0.0,0.0,0.0,0.0,0.0,6.487233898330825e-05,0.0,0.0
2024-08-07,-0.0003645112598346618,0.0009438281450366049,0.0,0.0010865180942761842,0.0007328450546939577,-6.229640250399978e-05,-0.0007379808782128332,-0.00014118914582192396,-0.0006835089974491372,0.00010553128369332861,-0.000782278832710671,-0.0001219427258194272,0.0,0.017063247791804306,0.00395880716320896,5.163247584602836e-05,0.0007686645222090468,-0.00037188653991457364,0.0025329010718212887,-0.0004217090798418406,-0.0007577982551533513,0.0014064900038228115,0.0007432188295859134,-0.0035276485428648316,0.00014396867458819833,0.0017579552117682963,-0.00011718680264901484,-8.934902637793361e-05,-0.0002410458897376162,-1.5349121551358976e-06,-0.0017338796680285407,-1.9466774217974547e-05,-0.0023640511492344224,0.0003130796095625389,-0.0007783477845610086,0.0,0.0007759452789395414,0.00025188867037297786,-8.144730395465511e-05,0.0,6.584322221019102e-05,-0.0020848257032566077,-0.000612627859273741,0.0003147568405531006,0.00018738032316086974,-0.00030477802788297616,-4.734223736209845e-05,-0.002117717397715976,-0.0002888629882989869,-0.0007419870425047264,-0.0005535554578398807,0.0009694767946492927,1.3465142392380084e-05,-0.00023050547734010916,-0.0008951181481475828,3.570114031673016e-05,-9.771636980407543e-05,-0.00014172254269883368,0.0002980022515432928,0.0,0.0006140105984958286,0.0,-0.0029098353320311005,-0.00021328685673234498,-0.0004719914583377472,-0.0011981453207963887,0.0005138525328204299,0.00013505608083496108,-0.0001298950655126478,-0.00014424301444730366,-6.063525694025571e-05,0.0007468453264332422,3.601740816298503e-05,-0.0007649339476831887,0.0,0.0,-7.600713685129269e-06,-0.0003784786225769479,0.005262755537080385,0.0011883449023747188,-0.00021353005393379975,0.0,-0.00020280273584355853,0.0,0.0006384745826021405,-0.00039032821791039953,-0.00018660751964866414,-0.0006683868261420704,6.574428380420072e-05,-5.373868269618977e-05,-0.00028138534954202444,0.0,-0.0005688625188791335,-0.0011663999062239178,-0.00025197280356712055,-0.00041404636688503873,-0.00033652098893326014,3.3079368976202454e-06,0.0003144364904674263,0.0,0.0,0.0,0.0,0.0,0.0,0.0,0.0,6.487233898330825e-05,0.0,0.0
2024-08-14,0.00010478873158383943,0.0009438281450366049,0.0,0.0010865180942761842,0.0007328450546939577,-0.00014952724254212746,0.00045183969671681585,5.4707340259767034e-05,-0.0007320643421440926,0.00010553128369332861,-0.000782278832710671,0.0008254205041897918,0.0,0.021915227399591987,0.001499815754064758,5.163247584602836e-05,0.000255023180057858,-0.00037188653991457364,0.0025329010718212887,0.0002638663963818187,-0.0007577982551533513,0.0014064900038228115,0.0007432188295859134,0.00040753184097739036,0.00014396867458819833,0.0017579552117682963,-5.175593862063764e-05,-8.934902637793361e-05,-9.48311783508562e-06,-1.5349121551358976e-06,-0.0019014346554936308,-1.9466774217974547e-05,-0.0023640511492344224,0.0003130796095625389,-0.0006821697366563161,0.0,0.000779105589911177,0.0002728078918599734,-8.144730395465511e-05,0.0,6.584322221019102e-05,-0.0021397518262476368,-0.000612627859273741,0.00031384861613100286,0.00018738032316086974,-0.00030477802788297616,-4.734223736209845e-05,-0.002071982549950513,-0.0002888629882989869,-0.0008762031181491326,-0.0005535554578398807,0.0010079913854481619,-0.00016524568883937647,-0.00023050547734010916,-0.0009115975890460295,3.570114031673016e-05,-9.771636980407543e-05,-0.00014172254269883368,0.0002980022515432928,0.0,0.00018631390638407372,0.0,-0.0032346960074835307,-0.00021328685673234498,-0.0005418091382817793,-0.0003560805261262021,-0.00046823685906314735,0.00013505608083496108,-0.0001298950655126478,-0.00014424301444730366,1.8861057815815653e-05,0.0007468453264332422,3.601740816298503e-05,-0.0007656726388286784,0.0,0.0,-7.600713685129269e-06,-0.0003784786225769479,-0.00273499478599203,0.0011883449023747188,-0.00021353005393379975,0.0,-0.00020280273584355853,0.0,0.0006384745826021405,-0.00039032821791039953,-0.00018660751964866414,-0.0006683868261420704,6.574428380420072e-05,-5.373868269618977e-05,-0.0003182595836952379,0.0,-0.0007896191439224781,-0.0014589876533711498,-0.00039006626174999766,-0.00041404636688503873,-0.00033652098893326014,3.3079368976202454e-06,0.0004151256540341653,0.0,0.0,0.0,0.0,0.0,0.0,0.0,0.0,6.487233898330825e-05,0.0,0.0
2024-08-21,0.00010478873158383943,0.0009438281450366049,0.0,0.0010865180942761842,0.0007328450546939577,-0.00014952724254212746,0.00038061239016452916,5.4707340259767034e-05,-0.0007320643421440926,0.0001361362093026441,-0.000782278832710671,0.0008254205041897918,0.0,0.003985272306379042,-0.0028221101411114286,5.163247584602836e-05,-0.0005371819684117159,-0.00040300406082644457,0.0025329010718212887,0.00028234309747394136,0.0005064122220056251,0.0015090112540633296,0.0007432188295859134,0.00040753184097739036,-8.592724947268591e-05,0.001919908744274102,-0.00011718680264901484,-8.934902637793361e-05,0.0003344387095571171,-1.5349121551358976e-06,-0.004246096373848291,-1.9466774217974547e-05,0.0002900624171766396,0.0006136988209202133,0.002093715817456237,0.0,0.000779105589911177,0.0002728078918599734,-8.144730395465511e-05,0.0,6.584322221019102e-05,-0.0019791339145372525,-0.0006432707181214713,0.0003039896672664135,0.00018738032316086974,-0.00030477802788297616,-4.734223736209845e-05,-0.0020059673647183722,-0.00031201260097126014,-0.0008762031181491326,-0.0005535554578398807,0.001045181063606038,-0.00016524568883937647,-0.00023050547734010916,-0.0009115975890460295,3.570114031673016e-05,-9.771636980407543e-05,-0.00014172254269883368,0.0002980022515432928,0.0,0.00045568148119992245,0.0,-0.003284061514322988,-0.00021328685673234498,-0.0005418091382817793,-0.0003560805261262021,-0.0001967482899348035,0.00013505608083496108,-0.0001298950655126478,-0.00014424301444730366,1.8861057815815653e-05,0.0007468453264332422,3.601740816298503e-05,-0.0006754208092278773,0.0,0.0,-7.600713685129269e-06,-0.00046900028961095356,-0.002720693085346588,-0.0004262562604008748,-0.00021353005393379975,0.0,-0.00020280273584355853,0.0,-0.0007427228799810924,-0.00031142800755011617,-9.843851452229865e-05,-0.0006683868261420704,6.574428380420072e-05,-5.373868269618977e-05,-0.00010761181426947717,0.0,-0.0007896191439224781,-0.0015301992447814094,-0.00039006626174999766,-0.00041404636688503873,-0.00033652098893326014,3.3079368976202454e-06,0.0004151256540341653,0.0,0.0,0.0,0.0,0.0,0.0,0.0,0.0,6.487233898330825e-05,0.0,0.0
2024-08-28,0.00010478873158383943,0.0009438281450366049,0.0,0.0010865180942761842,0.0007328450546939577,-0.00014952724254212746,0.00038061239016452916,5.4707340259767034e-05,-0.0007320643421440926,0.0001361362093026441,-0.000782278832710671,0.0008254205041897918,0.0,0.003942020351610904,-0.0016937253655289477,5.163247584602836e-05,0.000255023180057858,-0.00037188653991457364,0.0025329010718212887,0.0002638663963818187,0.0005064122220056251,0.0015090112540633296,0.0007432188295859134,0.00040753184097739036,-8.592724947268591e-05,0.002266652005966282,-0.00011718680264901484,0.0001270803715736999,0.0003344387095571171,-1.5349121551358976e-06,-0.004246096373848291,-1.9466774217974547e-05,0.0002900624171766396,0.0006136988209202133,0.002093715817456237,0.0,0.000779105589911177,0.0002728078918599734,-8.144730395465511e-05,0.0,0.00021822046039415927,-0.0019791339145372525,-0.000612627859273741,0.0003039896672664135,0.00018738032316086974,-0.00030477802788297616,-4.734223736209845e-05,-0.002039285247019444,-0.00031201260097126014,-0.0008762031181491326,-0.0005535554578398807,0.001045181063606038,-0.00016524568883937647,-0.00023050547734010916,-0.0009110895918063406,3.570114031673016e-05,-9.771636980407543e-05,-0.00014172254269883368,0.0002980022515432928,0.0,0.00045568148119992245,0.0,-0.003284061514322988,-0.00021328685673234498,-0.0005418091382817793,-0.0007276784222016116,-0.00046823685906314735,0.00021897151192721984,-0.0001298950655126478,-0.00014424301444730366,1.8861057815815653e-05,0.0007468453264332422,3.601740816298503e-05,-0.0006754208092278773,0.0,0.0,-7.600713685129269e-06,-0.00046900028961095356,-0.002720693085346588,-0.0004262562604008748,-0.00021353005393379975,0.0,-0.00020280273584355853,0.0,-0.0007427228799810924,-0.00031142800755011617,-9.843851452229865e-05,-0.0006683868261420704,6.574428380420072e-05,-5.373868269618977e-05,-6.536629217948853e-05,0.0,-0.0007896191439224781,-0.0015301992447814094,-0.00039006626174999766,-0.00041404636688503873,-0.00033652098893326014,3.3079368976202454e-06,0.0004151256540341653,0.0,0.0,0.0,0.0,0.0,0.0,0.0,0.0,6.487233898330825e-05,0.0,0.0
2024-09-04,0.00019731152978006686,0.0009438281450366049,0.0,-0.0005760949594143157,0.0007328450546939577,-0.00014952724254212746,0.0003504224289478139,5.4707340259767034e-05,-0.0006835089974491372,-0.00010362821681283025,-0.000782278832710671,2.6356496935034607e-06,0.0,0.02627600886855991,0.006459195125176306,5.163247584602836e-05,0.000255023180057858,-0.0006954910854064183,0.0029914393694724234,0.00024346298172354396,-0.0007577982551533513,0.0014064900038228115,0.0007432188295859134,-0.0005989668489813541,0.00014396867458819833,0.0019065498209710485,-5.175593862063764e-05,-8.934902637793361e-05,0.0003344387095571171,-1.5349121551358976e-06,-0.0042478311751569416,-1.9466774217974547e-05,0.00047673309260593043,0.0006690037504553757,0.0018556280027902086,0.0,0.0007524081863112959,0.0002806362645322057,-8.144730395465511e-05,0.0,-0.0005038760473712679,-0.0021067577821719304,-0.0005632096937340796,0.00031384861613100286,0.00018738032316086974,-0.00046999303526090757,-5.14731772907665e-05,-0.0021771034624629864,-0.00036995703698916864,-0.0008762031181491326,-0.0005535554578398807,-0.005252637820132148,-7.42762834433304e-05,-0.0005185776924129304,-0.0008951181481475828,3.570114031673016e-05,-9.771636980407543e-05,-0.00014172254269883368,0.0008535234587299184,0.0,0.002535200783714081,0.0,-0.003608922189775418,-0.0003396538180840155,0.000865552056208396,-0.000806991683379079,-0.00046823685906314735,-0.00019266194575860688,0.0003282920063702741,-0.00014424301444730366,-6.063525694025571e-05,0.0007468453264332422,3.564214122547179e-07,0.006757060387932994,0.0,0.0,6.587472706088714e-05,0.00019803721436865366,0.0029614553751250473,-0.0004262562604008748,-0.00021353005393379975,0.0,-0.00020280273584355853,0.0,-0.00044262311355042916,2.249040894497588e-05,-0.00018660751964866414,-0.00028179048872462487,6.574428380420072e-05,-5.373868269618977e-05,-0.0003182595836952379,0.0,-0.0005139956922793193,-0.00080622723620208,-0.00039006626174999766,-0.00048409122714245336,-0.00033652098893326014,3.3079368976202454e-06,-6.206356928517676e-05,0.0,0.0,0.0,0.0,0.0,0.0,0.0,0.0,-0.0007713910853651563,0.0,0.0
2024-09-11,0.00010478873158383943,0.0009438281450366049,0.0,-0.00045520213816881627,0.0007328450546939577,-6.229640250399978e-05,0.00022892886414947945,5.4707340259767034e-05,-0.0007320643421440926,-0.00010362821681283025,-0.000782278832710671,-1.784050081101855e-05,0.0,0.021170220715865225,-0.003047897125048987,5.163247584602836e-05,0.000255023180057858,-0.0006954910854064183,0.0029914393694724234,-0.00043460162632076414,-0.0007577982551533513,0.0015090112540633296,0.0007432188295859134,0.0003596418032472987,0.00014396867458819833,0.0019065498209710485,-5.175593862063764e-05,-8.934902637793361e-05,0.0003344387095571171,-1.5349121551358976e-06,-0.004322017951882406,-1.9466774217974547e-05,0.00047673309260593043,0.0006690037504553757,0.0018556280027902086,0.0,0.0007524081863112959,0.000272500089495281,-8.144730395465511e-05,0.0,-0.0005038760473712679,-0.0021067577821719304,-0.0005632096937340796,0.00031384861613100286,0.00018738032316086974,-0.00046999303526090757,-4.734223736209845e-05,-0.0018898899649400266,-0.0003931066496614419,-0.0007419870425047264,-0.0005535554578398807,-0.005252637820132148,-0.00016524568883937647,-0.0005185776924129304,-0.0008470522195989006,3.570114031673016e-05,-9.771636980407543e-05,-0.00014172254269883368,0.0008535234587299184,0.0,0.0021367498075129487,0.0,-0.003608922189775418,-0.00021328685673234498,0.0018683754475780326,0.0017671514056781892,0.0005138525328204299,-0.00019266194575860688,0.0003282920063702741,-0.00014424301444730366,1.8861057815815653e-05,0.0007468453264332422,3.564214122547179e-07,0.006677309076693893,0.0,0.0,6.587472706088714e-05,0.00019803721436865366,0.006598724991262711,-0.0004262562604008748,-0.00021353005393379975,0.0,9.486132638870426e-05,0.0,-0.00044262311355042916,2.249040894497588e-05,-0.00018660751964866414,-0.00028179048872462487,6.574428380420072e-05,-5.373868269618977e-05,-0.00028138534954202444,0.0,-0.0005139956922793193,-0.00080622723620208,-0.00025197280356712055,-0.00041404636688503873,-0.00033652098893326014,3.3079368976202454e-06,-0.0004602888311012624,0.0,0.0,0.0,0.0,0.0,0.0,0.0,0.0,-0.0007713910853651563,0.0,0.0
2024-09-18,0.00010478873158383943,0.0007586522146338281,0.0,-0.0005760949594143157,0.0007328450546939577,-6.229640250399978e-05,0.0002791951223955272,5.4707340259767034e-05,-0.0007320643421440926,-0.00013423314242214573,-0.000782278832710671,-1.784050081101855e-05,0.0,0.007895117999590275,-0.0029618993456411798,5.163247584602836e-05,-0.0005371819684117159,-0.0006643735644945475,0.0029914393694724234,-0.00040504672479142674,0.0005064122220056251,0.0015090112540633296,0.0007432188295859134,0.0003596418032472987,0.00014396867458819833,0.0022532930826632282,-5.175593862063764e-05,-8.934902637793361e-05,0.0003344387095571171,-1.5349121551358976e-06,-0.004361414536299259,-1.9466774217974547e-05,0.00047673309260593043,0.0006690037504553757,0.002093715817456237,0.0,0.0007524081863112959,0.0002806362645322057,-8.144730395465511e-05,0.0,-0.0005038760473712679,-0.001924207791546223,-0.0005938525525818098,0.0003039896672664135,0.00018738032316086974,-0.00046999303526090757,-4.734223736209845e-05,-0.0018898899649400266,-0.0003931066496614419,-0.0007419870425047264,-0.0005535554578398807,-0.005252637820132148,-0.00016524568883937647,-0.0005185776924129304,-0.0008956261453872717,3.570114031673016e-05,-9.771636980407543e-05,-0.00014172254269883368,0.0008535234587299184,0.0,0.0019220518460043785,0.0,-0.003284061514322988,-0.00021328685673234498,-0.0004719914583377472,0.0017671514056781892,0.0005138525328204299,0.00013505608083496108,0.0003282920063702741,-0.00014424301444730366,1.8861057815815653e-05,0.0007468453264332422,3.564214122547179e-07,0.006677309076693893,0.0,0.0,6.587472706088714e-05,0.00019803721436865366,0.005292433592376757,0.0011883449023747188,-0.00021353005393379975,0.0,9.486132638870426e-05,0.0,-0.00044262311355042916,-5.6409801415307484e-05,-0.00018660751964866414,-0.0006683868261420704,6.574428380420072e-05,-5.373868269618977e-05,-0.00028138534954202444,0.0,-0.0005139956922793193,-0.0007350156447918204,-0.00025197280356712055,-0.0002677278717705624,-0.00033652098893326014,3.3079368976202454e-06,-0.0004602888311012624,0.0,0.0,0.0,0.0,0.0,0.0,0.0,0.0,-0.0007713910853651563,0.0,0.0
2024-09-25,0.00010478873158383943,0.0007586522146338281,0.0,-0.0005760949594143157,0.0005505180788333752,-0.00014952724254212746,0.0002791951223955272,-0.00014118914582192396,-0.0007320643421440926,-0.00013423314242214573,-0.000782278832710671,-1.784050081101855e-05,0.0,0.007298047187268562,-0.0029542651833583513,5.163247584602836e-05,0.000255023180057858,-0.0006643735644945475,0.0029914393694724234,0.00024346298172354396,0.0005064122220056251,0.0014349514911243184,0.0007432188295859134,0.00039764264154119953,0.00014396867458819833,0.0022532930826632282,-5.175593862063764e-05,-8.934902637793361e-05,-0.000438466731889467,-1.5349121551358976e-06,-0.0034721201865005177,-1.9466774217974547e-05,0.00047673309260593043,0.0006690037504553757,0.002674642428367856,0.0,0.0007492478753396603,0.0002806362645322057,-8.144730395465511e-05,0.0,-0.0005038760473712679,-0.001924207791546223,-0.0005632096937340796,0.0003039896672664135,0.00018738032316086974,-0.00046999303526090757,-4.734223736209845e-05,-0.0018898899649400266,-0.0003931066496614419,-0.0008762031181491326,-0.0005535554578398807,-0.005252637820132148,-7.750426300366599e-05,-0.0005185776924129304,-0.0008951181481475828,3.570114031673016e-05,-9.771636980407543e-05,-0.00014172254269883368,0.0008535234587299184,0.0,0.0019220518460043785,0.0,-0.0005229147240515932,-0.00021328685673234498,-0.0004719914583377472,-0.0011614451642639836,-0.0001967482899348035,0.00013505608083496108,0.0003282920063702741,-0.00014424301444730366,1.8861057815815653e-05,0.0007468453264332422,3.564214122547179e-07,0.006677309076693893,0.0,0.0,6.587472706088714e-05,-0.00046900028961095356,0.0029471536744796055,0.0011883449023747188,-0.00021353005393379975,0.0,-0.00020280273584355853,0.0,-0.0007427228799810924,-5.6409801415307484e-05,-9.843851452229865e-05,-0.0006683868261420704,6.574428380420072e-05,-5.373868269618977e-05,-0.00028138534954202444,0.0,-0.0005139956922793193,-0.0007350156447918204,-0.00034538527031422145,-0.0002677278717705624,-0.00033652098893326014,3.3079368976202454e-06,-6.206356928517676e-05,0.0,0.0,0.0,0.0,0.0,0.0,0.0,0.0,-0.0007713910853651563,0.0,0.0
2024-10-02,-0.0003645112598346618,0.0009438281450366049,0.0,-0.0006530284973309413,0.0005505180788333752,-0.00014952724254212746,1.7602745322282053e-05,5.4707340259767034e-05,-0.0006835089974491372,-7.049251547687444e-05,-0.0008345583179317504,-0.0001219427258194272,0.0,0.03376392968317426,0.005298897743882253,5.163247584602836e-05,0.00013007981298797199,-0.00037188653991457364,0.0025329010718212887,0.00018054019897761921,-0.0007577982551533513,0.0010920701473951906,0.0007432188295859134,0.00040753184097739036,0.00014396867458819833,0.002266652005966282,-5.175593862063764e-05,-8.934902637793361e-05,-0.000438466731889467,-1.5349121551358976e-06,-0.0030749135599472495,-1.9466774217974547e-05,0.00047673309260593043,0.0006136988209202133,0.0026015045241953353,0.0,0.000779105589911177,0.0002728078918599734,-8.144730395465511e-05,0.0,-0.0006690998485381067,0.001919373662978478,-0.000612627859273741,-0.0028918928423559403,0.00018738032316086974,-0.00046999303526090757,-5.14731772907665e-05,-0.0011813883951401916,-0.0004649822706160999,-0.0008762031181491326,-0.0004592423211646713,0.0008828559836264602,-5.088141263391709e-05,-0.00048255120091773255,-0.0006068998352155014,3.570114031673016e-05,-9.771636980407543e-05,9.171821690411884e-05,0.0008535234587299184,0.0,0.0021367498075129487,0.0,-0.0008477753995040233,-0.0003396538180840155,-0.0005418091382817793,-0.0003986936307712644,-0.00045172368210685875,0.00019357592579630426,0.0003282920063702741,-0.00014424301444730366,-6.063525694025571e-05,0.0007468453264332422,3.601740816298503e-05,-0.0006870163149007677,0.0,0.0,7.862568274302313e-05,-0.00046900028961095356,-0.002546903733510109,-0.0004262562604008748,-0.00021353005393379975,0.0,-0.00020280273584355853,0.0,-0.0007427228799810924,-0.00031142800755011617,-0.00018660751964866414,-0.0003062314965583935,6.574428380420072e-05,-5.373868269618977e-05,-0.0003182595836952379,0.0,-0.0005139956922793193,-0.00080622723620208,-0.0009049862830224754,-0.00048409122714245336,-0.00033652098893326014,3.3079368976202454e-06,0.0004151256540341653,0.0,0.0,0.0,0.0,0.0,0.0,0.0,0.0,6.487233898330825e-05,0.0,0.0
2024-10-09,-0.0003645112598346618,0.0009438281450366049,0.0,-0.0006530284973309413,0.0005505180788333752,-0.00014952724254212746,0.00045183969671681585,5.4707340259767034e-05,-0.0006835089974491372,-7.049251547687444e-05,-0.0008345583179317504,-1.784050081101855e-05,0.0,0.03369194711044707,0.002578396431088864,-0.000938573944331678,-0.0006621253354816019,-0.00040300406082644457,0.0025329010718212887,0.00023378021048152644,-0.0007577982551533513,0.0010920701473951906,0.0007432188295859134,0.00040753184097739036,-8.592724947268591e-05,0.001919908744274102,0.0001734749054236258,0.0001270803715736999,0.0003344387095571171,-1.5349121551358976e-06,-0.00285734631135462,-1.9466774217974547e-05,0.00047673309260593043,0.0006136988209202133,0.0026015045241953353,0.0,0.000779105589911177,0.0002728078918599734,-8.144730395465511e-05,0.0,-0.0006690998485381067,0.001919373662978478,-0.0006432707181214713,-0.0028918928423559403,0.00018738032316086974,-0.00046999303526090757,-4.734223736209845e-05,-0.0011813883951401916,-0.0004649822706160999,-0.0007647026158130757,-0.0004592423211646713,0.0006031186656608812,-5.088141263391709e-05,-0.00048255120091773255,-0.0006063918379758126,3.570114031673016e-05,-9.771636980407543e-05,9.171821690411884e-05,0.0008535234587299184,0.0,0.0021367498075129487,0.0,-0.0008477753995040233,-0.0003396538180840155,0.0007957343762643638,-0.0007702915268466739,-0.00045172368210685875,-0.0001341421007972637,0.0003282920063702741,-0.00014424301444730366,1.8861057815815653e-05,0.0007468453264332422,3.601740816298503e-05,-0.0006754208092278773,0.0,0.0,7.862568274302313e-05,-0.00046900028961095356,-0.0025326020328646673,-0.0004262562604008748,-0.00021353005393379975,0.0,-0.00020280273584355853,0.0,-0.0007427228799810924,-0.00031142800755011617,-0.00018660751964866414,8.036484085905199e-05,6.574428380420072e-05,-5.373868269618977e-05,-0.0002391398274520358,0.0,-0.0005139956922793193,-0.00080622723620208,-0.0009049862830224754,-0.00041404636688503873,-0.00033652098893326014,3.3079368976202454e-06,0.0004151256540341653,0.0,0.0,0.0,0.0,0.0,0.0,0.0,0.0,6.487233898330825e-05,0.0,0.0
2024-10-16,0.00010478873158383943,0.0007586522146338281,0.0,-0.0006530284973309413,0.0005505180788333752,-0.00015342755410635014,0.0003303461319184815,5.4707340259767034e-05,-0.0007320643421440926,-7.049251547687444e-05,-0.0008345583179317504,-1.784050081101855e-05,0.0,0.034124031867444074,-0.0037328941849487885,5.163247584602836e-05,-0.0006621253354816019,0.0019220863527281773,0.0025329010718212887,-0.00016954736876015138,-0.0007577982551533513,-0.0003286474856761451,0.0007432188295859134,0.00036953100268348954,-8.592724947268591e-05,-0.0006384976373245241,-5.175593862063764e-05,-8.934902637793361e-05,-0.000438466731889467,-1.5349121551358976e-06,-0.0030749135599472495,-1.9466774217974547e-05,0.00047673309260593043,0.0006136988209202133,0.0026015045241953353,0.0,0.000779105589911177,0.0002728078918599734,-8.144730395465511e-05,0.0,-0.0006690998485381067,0.001919373662978478,-0.0006432707181214713,-0.0028918928423559403,0.00018738032316086974,-0.00046999303526090757,-4.734223736209845e-05,-0.0013098827603829286,-0.00048813188328837315,-0.0008118723032181218,-0.00043552020223623866,0.0008097689066581843,-5.088141263391709e-05,-0.00048255120091773255,-0.0005988052356500835,3.570114031673016e-05,-9.771636980407543e-05,9.171821690411884e-05,0.0008535234587299184,0.0,0.0021367498075129487,0.0,-0.0008477753995040233,-0.0003396538180840155,-7.902168915384819e-05,0.0018198464751446384,0.00016052470028236134,-0.0001341421007972637,-0.0001298950655126478,-0.00014424301444730366,1.8861057815815653e-05,0.000699768541792863,3.601740816298503e-05,-0.0007171505861413602,0.0,0.0,7.862568274302313e-05,-0.00046900028961095356,-0.0026819144241119566,-0.0004262562604008748,-0.00021353005393379975,0.0,9.486132638870426e-05,0.0,-0.0007427228799810924,-0.00031142800755011617,-0.00018660751964866414,-0.0003062314965583935,6.574428380420072e-05,-5.373868269618977e-05,-0.00028138534954202444,0.0,-0.00017235633879828384,-0.00080622723620208,-0.0009335217167550667,-0.0002677278717705624,-0.00033652098893326014,3.3079368976202454e-06,0.0004151256540341653,0.0,0.0,0.0,0.0,0.0,0.0,0.0,0.0,6.487233898330825e-05,0.0,0.0
2024-10-23,0.00010478873158383943,-0.002124200745372366,0.0,-0.0006570859947646809,0.0005505180788333752,-0.00015342755410635014,0.0003303461319184815,4.2786912725955965e-05,0.00033075953814455314,-7.049251547687444e-05,-0.0009164825510232491,-1.784050081101855e-05,0.0,0.0354762065443078,-0.00441525171144656,5.163247584602836e-05,-0.0006621253354816019,0.0019220863527281773,-0.00044293333422697174,-0.0004207582797136462,0.00014396246465810236,-0.0004327213532322811,0.0007432188295859134,0.00040753184097739036,-8.592724947268591e-05,-0.0023007085934706774,-5.175593862063764e-05,6.0211556162066525e-05,-0.00034346552209766354,-1.5349121551358976e-06,-0.0009781404564688928,-1.9466774217974547e-05,4.1495118923283664e-05,0.0006136988209202133,0.0026015045241953353,0.0,-0.0029996293695857584,0.0002728078918599734,-2.344747424088986e-05,0.0,-0.0006690998485381067,0.0017898043433554462,-0.0006432707181214713,-0.0028918928423559403,0.00027500472278085743,-0.00046999303526090757,-4.734223736209845e-05,-0.0012415671817957038,-0.00048813188328837315,-0.0005590250226914133,-0.00043552020223623866,0.0008097689066581843,-5.088141263391709e-05,-0.0006301178940656745,-0.0004901645150160366,3.570114031673016e-05,-9.771636980407543e-05,9.171821690411884e-05,0.0008535234587299184,0.0,0.0021367498075129487,0.0,-0.0008477753995040233,-0.0003396538180840155,-0.0004719914583377472,0.0005546658293903379,0.0004837209190914252,0.00019357592579630426,-0.0001298950655126478,-0.00011267847809038791,1.8861057815815653e-05,0.00046901355634019386,3.601740816298503e-05,-0.0006956556354187102,0.0,0.0,7.862568274302313e-05,0.0034812918633414193,0.013107711649645106,-6.97046964537842e-05,6.002959673926003e-05,0.0,-0.00020280273584355853,0.0,-0.00044262311355042916,-0.00039032821791039953,-0.00018660751964866414,-0.0003062314965583935,6.574428380420072e-05,-5.373868269618977e-05,-0.00028138534954202444,0.0,-0.0001290328199167976,-0.0005254525992758656,-0.00046337399757256063,-0.00016014088086652346,-0.000924538180861683,3.3079368976202454e-06,0.0004151256540341653,0.0,0.0,0.0,0.0,0.0,0.0,0.0,0.0,6.487233898330825e-05,0.0,0.0
2024-10-30,0.00010478873158383943,-0.002124200745372366,0.0,-0.0005801524568480553,0.0005505180788333752,-0.00015342755410635014,-0.0005400456907764467,4.2786912725955965e-05,-0.0006975337287285035,-0.00010109744108618992,-0.0009164825510232491,-1.784050081101855e-05,0.0,0.023924618771250534,-0.003468662875770153,5.163247584602836e-05,-0.0006621253354816019,0.0019220863527281773,9.544381231448697e-05,-0.0004739982912175535,0.00014396246465810236,-0.0012555834231647767,0.0007432188295859134,0.00040753184097739036,-8.592724947268591e-05,-0.0023007085934706774,-5.175593862063764e-05,-8.934902637793361e-05,-0.00034346552209766354,-1.5349121551358976e-06,-0.000797079609480048,-1.9466774217974547e-05,4.1495118923283664e-05,0.0006690037504553757,0.002753532589201971,0.0,-0.0029410634436707037,0.0002728078918599734,-8.144730395465511e-05,0.0,-0.0006690998485381067,0.0017898043433554462,-0.0006432707181214713,-0.0028918928423559403,0.00027500472278085743,-0.00046999303526090757,-4.734223736209845e-05,-0.0009876715665738157,-0.00048813188328837315,-0.0005590250226914133,-0.00043552020223623866,0.0008892015385298601,-5.088141263391709e-05,-0.00045520626843282007,-0.0005342598662029546,3.570114031673016e-05,-9.771636980407543e-05,9.171821690411884e-05,0.0008535234587299184,0.0,0.0021367498075129487,0.0,-0.0008477753995040233,-0.00021328685673234498,-0.0004719914583377472,-0.0003560805261262021,0.0005138525328204299,0.00019357592579630426,-0.0001298950655126478,-0.00011267847809038791,1.8861057815815653e-05,0.00046901355634019386,3.601740816298503e-05,9.544065654413944e-05,0.0,0.0,7.862568274302313e-05,0.00019803721436865366,0.013150467085406504,0.0011883449023747188,6.002959673926003e-05,0.0,-0.00020280273584355853,0.0,-0.00044262311355042916,-0.00039032821791039953,-0.00018660751964866414,-0.0003062314965583935,6.574428380420072e-05,-5.373868269618977e-05,-0.00028138534954202444,0.0,-0.00017235633879828384,-0.0007350156447918204,-0.0005972113890400714,-0.00016014088086652346,-0.00033652098893326014,3.3079368976202454e-06,-0.0004602888311012624,0.0,0.0,0.0,0.0,0.0,0.0,0.0,0.0,6.487233898330825e-05,0.0,0.0
2024-11-06,0.00019731152978006686,0.0009438281450366049,0.0,-0.0006570859947646809,0.0005505180788333752,-0.00015342755410635014,0.00045183969671681585,-0.00011042481011597728,-0.0006489783840335479,0.0001236510194153781,-0.0009164825510232491,2.6356496935034607e-06,0.0,0.036506144173500364,0.006381664799717887,0.0016976773730254793,0.0007303991317131767,0.0019220863527281773,9.544381231448697e-05,-0.0004903580093535247,0.00014396246465810236,0.0004645356952386729,0.0007432188295859134,0.00040753184097739036,-8.592724947268591e-05,-0.0023007085934706774,-5.175593862063764e-05,-8.934902637793361e-05,-0.000237559606159394,-1.5349121551358976e-06,-0.0008545202240359297,-1.9466774217974547e-05,4.1495118923283664e-05,0.0006690037504553757,0.0026015045241953353,0.0,-0.0029015389914025815,0.0002728078918599734,-8.144730395465511e-05,0.0,0.00018306261862165033,0.0017898043433554462,0.0003544571993896877,0.0003930444656484541,0.00027500472278085743,-0.00046999303526090757,-5.14731772907665e-05,-0.001388935490449463,-0.0004649822706160999,-0.0005590250226914133,-0.00043552020223623866,0.0008097689066581843,-5.088141263391709e-05,-0.00045520626843282007,-0.0005342598662029546,3.570114031673016e-05,-0.0001014223162527924,-0.00014172254269883368,0.0002980022515432928,0.0,0.0021367498075129487,0.0,-0.0008477753995040233,-0.0003396538180840155,-0.00031656066457496284,0.0002398876868162616,0.00016052470028236134,0.00013505608083496108,-0.0001298950655126478,-0.00014424301444730366,-6.063525694025571e-05,0.000699768541792863,3.601740816298503e-05,8.384515087124907e-05,0.0,0.0,7.862568274302313e-05,0.0023343542741617353,0.013150467085406504,0.0011883449023747188,6.002959673926003e-05,0.0,-0.00020280273584355853,0.0,-0.00044262311355042916,-0.00039032821791039953,-0.00018660751964866414,0.00032935178069261854,6.574428380420072e-05,-5.373868269618977e-05,-0.00028138534954202444,0.0,4.840028624506073e-05,-0.0011663999062239178,-0.0004348385638399693,-0.0003765042362384144,9.648607183447469e-05,3.3079368976202454e-06,-0.0004602888311012624,0.0,0.0,0.0,0.0,0.0,0.0,0.0,0.0,6.487233898330825e-05,0.0,0.0
2024-11-13,0.00010478873158383943,0.0009438281450366049,0.0,-0.0006530284973309413,0.0005505180788333752,-0.00015342755410635014,0.0003303461319184815,4.2786912725955965e-05,-0.0007320643421440926,0.0001236510194153781,-0.0008345583179317504,0.0008254205041897918,0.0,0.03650667369593693,-0.0007316125131412774,0.0016976773730254793,0.00021675778956198796,0.0019220863527281773,9.544381231448697e-05,-0.0006105458004743457,0.00014396246465810236,0.0004645356952386729,0.0007432188295859134,0.00040753184097739036,-8.592724947268591e-05,-0.0006384976373245241,-5.175593862063764e-05,-8.934902637793361e-05,-0.0004109176117122394,-1.5349121551358976e-06,-0.0008545202240359297,-1.9466774217974547e-05,0.00047673309260593043,0.0006690037504553757,0.0026015045241953353,0.0,-0.0029997361767874343,0.0002728078918599734,-8.144730395465511e-05,0.0,0.00018306261862165033,0.0017898043433554462,0.0003544571993896877,0.00031384861613100286,0.00027500472278085743,-0.00046999303526090757,-4.734223736209845e-05,-0.001388935490449463,-0.00048813188328837315,-0.0008118723032181218,-0.00043552020223623866,0.0008097689066581843,-5.088141263391709e-05,-0.00045520626843282007,-0.0005828337919913258,3.570114031673016e-05,-0.0001014223162527924,-0.00014172254269883368,0.0002980022515432928,0.0,0.0021367498075129487,0.0,-0.00047354921721213595,-0.0003396538180840155,-0.0004719914583377472,-0.0003986936307712644,0.00016052470028236134,0.00013505608083496108,-0.0001298950655126478,-0.00014424301444730366,1.8861057815815653e-05,0.000699768541792863,3.601740816298503e-05,9.544065654413944e-05,0.0,0.0,7.862568274302313e-05,-0.0005360315573703823,0.0028003622390946887,0.0011883449023747188,-0.0001933095942615457,0.0,-0.00020280273584355853,0.0,-0.00022618534492180531,-0.00039032821791039953,-0.00018660751964866414,-0.0006683868261420704,6.574428380420072e-05,-5.373868269618977e-05,-0.00028138534954202444,0.0,4.840028624506073e-05,-0.0014589876533711498,-0.0009049862830224754,-0.0003064593759809998,3.511979167995083e-05,3.3079368976202454e-06,-0.0004602888311012624,0.0,0.0,0.0,0.0,0.0,0.0,0.0,0.0,6.487233898330825e-05,0.0,0.0
2024-11-20,0.00010478873158383943,-0.00090662596593864,0.0,-0.0004513120104968157,0.0005505180788333752,-0.0002406583941444778,0.0003303461319184815,5.4707340259767034e-05,-0.0007320643421440926,0.00015425594502469357,-0.0008345583179317504,0.0008254205041897918,0.0,0.035746355991973636,-0.002908107920519236,0.0016976773730254793,-0.00048492324672824944,0.0019220863527281773,-0.00044293333422697174,-0.0005915040278556858,0.00014396246465810236,0.0009388642438079131,0.0007432188295859134,0.00040753184097739036,-8.592724947268591e-05,-0.0014883852634546286,0.0001734749054236258,0.0001270803715736999,-9.48311783508562e-06,-1.5349121551358976e-06,-0.0009150591190320472,-1.9466774217974547e-05,0.0002754418789596429,0.0006690037504553757,0.0026015045241953353,0.0,-0.0017950303088072707,0.0002728078918599734,-8.144730395465511e-05,0.0,0.00018306261862165033,0.001919373662978478,0.0004143384527212937,0.00031384861613100286,-1.4552872991083393e-05,-0.00046999303526090757,-4.734223736209845e-05,-0.001195832334030241,-0.00048813188328837315,-0.0007647026158130757,-0.00043552020223623866,0.0008097689066581843,3.686001320179339e-05,-0.00045520626843282007,-0.0005982972384103946,3.570114031673016e-05,-0.0001014223162527924,-0.00014172254269883368,0.0002980022515432928,0.0,0.0021367498075129487,0.0,-0.0008477753995040233,-0.0003396538180840155,-0.0005418091382817793,-0.0012040582689090457,-0.00045172368210685875,-0.00019266194575860688,-0.0001298950655126478,-0.00014424301444730366,1.8861057815815653e-05,0.00046901355634019386,3.601740816298503e-05,8.310645972575925e-05,0.0,0.0,7.862568274302313e-05,-0.0005360315573703823,-0.0026819144241119566,-0.0004262562604008748,6.002959673926003e-05,0.0,-6.100956970597145e-05,0.0,-0.0007427228799810924,-0.00031142800755011617,-0.00018660751964866414,-0.0006683868261420704,6.574428380420072e-05,-5.373868269618977e-05,-0.0002391398274520358,0.0,-0.00017235633879828384,-0.0015301992447814094,-0.0009049862830224754,-0.00016014088086652346,3.511979167995083e-05,3.3079368976202454e-06,-0.0004602888311012624,0.0,0.0,0.0,0.0,0.0,0.0,0.0,0.0,6.487233898330825e-05,0.0,0.0
2024-11-27,0.00010478873158383943,-0.002124200745372366,0.0,0.0010198139161970066,0.0005505180788333752,-0.0002406583941444778,0.00038061239016452916,5.4707340259767034e-05,0.0003441934879486327,0.00015425594502469357,-0.0008345583179317504,-1.784050081101855e-05,0.0,0.009484808723874371,-0.0032938017786217767,5.163247584602836e-05,-0.00048492324672824944,0.0019220863527281773,-0.00044293333422697174,-0.0005403809993079299,-3.5980846355873044e-06,0.0011792243372965227,0.0007432188295859134,0.00040753184097739036,-8.592724947268591e-05,-0.0023007085934706774,-5.175593862063764e-05,0.0001270803715736999,0.0002714677246149148,-1.5349121551358976e-06,-0.001069062661948879,-1.9466774217974547e-05,4.1495118923283664e-05,0.0006690037504553757,0.002839592338861364,0.0,-0.0017950303088072707,0.0002728078918599734,-8.144730395465511e-05,0.0,0.00018306261862165033,0.0019047625339232096,0.0004143384527212937,0.0003039896672664135,-1.4552872991083393e-05,-0.00046999303526090757,-4.734223736209845e-05,-0.0009419367188083529,-0.00048813188328837315,-0.0008762031181491326,-0.00043552020223623866,0.0009349043084798861,-5.088141263391709e-05,-0.00041817720145562116,-0.0005982972384103946,3.570114031673016e-05,-9.771636980407543e-05,-0.00014172254269883368,0.0002980022515432928,0.0,0.0019220518460043785,0.0,-0.0005229147240515932,-0.00021328685673234498,-0.0005101717593092947,-0.0007276784222016116,-0.00046823685906314735,-0.00019266194575860688,-0.0001298950655126478,-0.00011267847809038791,1.8861057815815653e-05,0.00046901355634019386,3.601740816298503e-05,8.310645972575925e-05,0.0,0.0,7.862568274302313e-05,-0.00046900028961095356,-0.0026624035960082434,-0.0004262562604008748,6.002959673926003e-05,0.0,-6.100956970597145e-05,0.0,-0.0007427228799810924,-0.00031142800755011617,-0.00018660751964866414,-0.000564834660807312,6.574428380420072e-05,-5.373868269618977e-05,-0.0002391398274520358,0.0,-0.0001290328199167976,-0.0015301992447814094,-0.0009049862830224754,-0.00016014088086652346,-0.00033652098893326014,3.3079368976202454e-06,-0.0004602888311012624,0.0,0.0,0.0,0.0,0.0,0.0,0.0,0.0,6.487233898330825e-05,0.0,0.0
2024-12-04,0.00010478873158383943,-0.002124200745372366,0.0,0.0008887449117552683,-0.00025309491433358013,-0.0002406583941444778,-0.0004897794325303992,-0.00014118914582192396,0.0003441934879486327,0.00011837839365279822,-0.0008198468095291624,-1.784050081101855e-05,0.0,-0.01120949433444244,-0.0031982952690633305,0.0016976773730254793,0.0007303991317131767,0.002083705151155796,-0.0004618403630568892,-0.0005936210108118373,-4.9266453801968814e-05,0.0011792243372965227,0.0007432188295859134,0.00040753184097739036,-8.592724947268591e-05,-0.0023454336370574763,-5.175593862063764e-05,-8.934902637793361e-05,-0.0003469518056758858,5.903218878230977e-05,-0.0006958903203411479,0.00011042605034483526,5.380311456689625e-05,0.0006690037504553757,0.002839592338861364,0.0,-0.0017981906197789064,0.00034434614570136367,-8.144730395465511e-05,0.0,0.00018306261862165033,0.0007662218346424963,0.0022421877449572813,0.00030489789168851127,-1.4552872991083393e-05,0.0020579339742318615,-4.734223736209845e-05,-0.0009419367188083529,-0.0003931066496614419,-0.0010067344129510072,-0.00043552020223623866,-0.0015899657706859643,-5.088141263391709e-05,-0.0004482247961437421,0.0025352612464648793,3.570114031673016e-05,-0.0001014223162527924,-0.00014172254269883368,0.0008535234587299184,0.0,0.0019220518460043785,0.0,-0.0005229147240515932,-0.00021328685673234498,-0.0005101717593092947,0.0001766601867310995,-0.00046823685906314735,-0.00019266194575860688,-0.0001298950655126478,-0.00011267847809038791,1.8861057815815653e-05,0.00046901355634019386,3.564214122547179e-07,0.0066731249020025914,0.0,0.0,6.587472706088714e-05,0.0006076554554343436,-0.002565127601530525,-0.0004262562604008748,6.002959673926003e-05,0.0,-6.100956970597145e-05,0.0,-0.00044262311355042916,-0.00031142800755011617,-9.843851452229865e-05,-0.000564834660807312,6.574428380420072e-05,-2.752126252466333e-05,-0.00014448604842269065,0.0,-0.0001290328199167976,-0.0005967091683297865,-0.000630491397208004,-0.00016014088086652346,3.511979167995083e-05,-0.00010329784766659596,-0.0004602888311012624,0.0,0.0,0.0,0.0,0.0,0.0,0.0,0.0,6.487233898330825e-05,0.0,0.0
2024-12-11,-0.0003645112598346618,0.0009438281450366049,0.0,0.0010157564187632672,-0.00025309491433358013,-0.0002406583941444778,-0.0007379808782128332,-0.00014118914582192396,0.0002963528248705247,0.00011837839365279822,-0.0009017710426206613,2.6356496935034607e-06,0.0,0.010229630617897618,0.004578934902618807,0.0016976773730254793,0.00021675778956198796,0.002016489814019848,7.653678348456946e-05,-0.000543032949330895,-4.9266453801968814e-05,0.0010767030870560046,0.0007432188295859134,0.00045215337122754773,0.00014396867458819833,-0.000683222680911323,0.0001734749054236258,-8.934902637793361e-05,0.00026785120630532227,-1.5349121551358976e-06,-0.00045678082552768186,9.801525072177173e-05,0.00047673309260593043,0.0006690037504553757,0.002839592338861364,0.0,-0.0017981906197789064,0.00034434614570136367,-8.144730395465511e-05,0.0,0.00033543985680561857,0.0007611701083390053,0.0022855589887746616,0.0003039896672664135,-1.4552872991083393e-05,0.0020579339742318615,-4.734223736209845e-05,-0.0011350398752275749,-0.00036995703698916864,-0.0006423866300882418,-0.00043552020223623866,-0.0014243286656597312,-5.088141263391709e-05,-0.00033967883208872415,0.002442283603392657,3.570114031673016e-05,-0.0001014223162527924,-0.00014172254269883368,0.0008535234587299184,0.0,0.002320502822205511,0.0,-0.00018587208521647804,-0.00021328685673234498,0.0008971894351808805,-0.0007391616032215247,-0.0001967482899348035,0.00021897151192721984,-0.0001298950655126478,-0.00014424301444730366,-6.063525694025571e-05,0.000699768541792863,3.564214122547179e-07,0.006596761876237072,0.0,0.0,6.587472706088714e-05,0.00013100594660922488,0.01294765387736332,-0.0004262562604008748,6.002959673926003e-05,0.0,-6.100956970597145e-05,0.0,-0.00044262311355042916,-0.00031142800755011617,-0.00018660751964866414,-0.00017823832338986656,6.574428380420072e-05,-5.373868269618977e-05,-0.00028138534954202444,0.0,-0.0001290328199167976,-0.0005977343239296316,-0.00042801846096051917,-0.0003064593759809998,3.511979167995083e-05,-0.00010329784766659596,-0.0004602888311012624,0.0,0.0,0.0,0.0,0.0,0.0,0.0,0.0,6.487233898330825e-05,0.0,0.0
2024-12-18,0.00010478873158383943,0.0007586522146338281,0.0,0.0010198139161970066,-0.00025309491433358013,-0.00014952724254212746,0.00038061239016452916,-0.00014118914582192396,0.0003441934879486327,0.00011837839365279822,-0.0008198468095291624,-1.784050081101855e-05,0.0,0.0018371542270253258,-0.0033152524323581786,0.0016976773730254793,-0.00048492324672824944,0.002016489814019848,-0.0004618403630568892,-0.0006228421019163101,-4.9266453801968814e-05,0.0011792243372965227,0.0007432188295859134,0.00040753184097739036,0.00014396867458819833,0.0010863368376804751,-5.175593862063764e-05,0.0001270803715736999,-0.0003469518056758858,-1.5349121551358976e-06,-0.0006958903203411479,0.00011042605034483526,0.00047673309260593043,0.0006690037504553757,0.002839592338861364,0.0,-0.0017981906197789064,0.00034434614570136367,-8.144730395465511e-05,0.0,0.00018306261862165033,0.0007611701083390053,0.0023454402421062676,0.0003039896672664135,-1.4552872991083393e-05,0.0020579339742318615,-4.734223736209845e-05,-0.0011017219929265031,-0.0003931066496614419,-0.0010067344129510072,-0.00043552020223623866,-0.001471175923767662,-5.088141263391709e-05,-0.00033967883208872415,0.0023971165721356773,3.570114031673016e-05,-0.0001014223162527924,-0.00014172254269883368,0.0008535234587299184,0.0,0.0019220518460043785,0.0,-0.00018587208521647804,-0.00021328685673234498,0.0008971894351808805,0.0004914383293051757,-0.0001967482899348035,-0.00019266194575860688,-0.0001298950655126478,-0.00014424301444730366,1.8861057815815653e-05,0.000699768541792863,3.564214122547179e-07,0.0065170105649979704,0.0,0.0,6.587472706088714e-05,0.00013100594660922488,0.002444170971368887,-0.0004262562604008748,6.002959673926003e-05,0.0,-0.00020280273584355853,0.0,-0.00044262311355042916,-0.00031142800755011617,-9.843851452229865e-05,-0.00017823832338986656,6.574428380420072e-05,-5.373868269618977e-05,-2.8492058026275046e-05,0.0,-0.0001290328199167976,-0.0005977343239296316,-0.0007643287886755148,-0.00016014088086652346,3.511979167995083e-05,-0.00010329784766659596,-0.0004602888311012624,0.0,0.0,0.0,0.0,0.0,0.0,0.0,0.0,6.487233898330825e-05,0.0,0.0
2024-12-25,0.00019731152978006686,-0.00090662596593864,0.0,0.0010198139161970066,-0.00025309491433358013,-6.229640250399978e-05,-0.0007379808782128332,5.4707340259767034e-05,-0.0006835089974491372,8.777346804348276e-05,-0.0008198468095291624,0.0008254205041897918,0.0,0.010480422169884094,0.00352392475009903,0.0016976773730254793,-0.00048492324672824944,0.002016489814019848,-0.0003242940685693556,-0.0006945588145123402,-4.9266453801968814e-05,0.0010767030870560046,0.0007432188295859134,0.00040753184097739036,-8.592724947268591e-05,0.0019294187654260002,-5.175593862063764e-05,-8.934902637793361e-05,-0.0003469518056758858,-1.5349121551358976e-06,0.00041705847195374685,9.801525072177173e-05,0.00040936830961253,3.300482353420871e-05,0.002839592338861364,0.0,-0.0007093100907705791,0.00034434614570136367,-8.144730395465511e-05,0.0,0.00018306261862165033,0.0007611701083390053,0.0023454402421062676,0.0003039896672664135,-1.4552872991083393e-05,0.0020579339742318615,-4.734223736209845e-05,-0.0010209894488748875,-0.00036995703698916864,-0.0010067344129510072,-0.0004592423211646713,-0.0013512415886914554,-5.088141263391709e-05,-0.0003670237645736366,0.0024331686732770386,3.570114031673016e-05,-0.0001014223162527924,-0.00014172254269883368,0.0007625402972943725,0.0,0.0019220518460043785,0.0,-0.00018587208521647804,-0.00021328685673234498,-0.0004403540793652626,0.0012880315899001025,0.0005138525328204299,0.00013505608083496108,-0.0001298950655126478,-0.00014424301444730366,1.8861057815815653e-05,0.00046901355634019386,3.564214122547179e-07,0.0065170105649979704,0.0,0.0,-0.0002953560477207874,0.00013100594660922488,0.0037374719548387853,0.0011883449023747188,6.630877830106905e-05,0.0,9.486132638870426e-05,0.0,-0.0008122029037214169,-0.00039032821791039953,0.0009346190179013605,-0.000564834660807312,6.574428380420072e-05,-5.373868269618977e-05,-0.00028138534954202444,0.0,-0.00017235633879828384,-0.0005265227325193721,-0.0006262353304926376,-0.00016014088086652346,3.511979167995083e-05,-0.00010329784766659596,-0.0004602888311012624,0.0,0.0,0.0,0.0,0.0,0.0,0.0,0.0,6.487233898330825e-05,0.0,0.0
2025-01-01,0.00010478873158383943,-0.002124200745372366,0.0,0.0008846874143215288,-2.2552211473969097e-05,-0.0002638542843839642,0.00038061239016452916,-0.00014118914582192396,0.00033075953814455314,0.00036001579869056924,-0.0009301395680819528,-1.784050081101855e-05,0.0,-0.03478152894230248,-0.002490305760735378,5.163247584602836e-05,-0.0005371819684117159,3.995827873796146e-06,-0.0003053870397394381,-0.0016942261785624258,0.0017226177313943874,0.00026455128265478675,0.0007432188295859134,0.00040753184097739036,-5.04488151841496e-06,-0.0014984736274865464,-5.175593862063764e-05,-8.934902637793361e-05,0.00026785120630532227,5.903218878230977e-05,8.932699027285431e-05,-7.055974594911019e-06,0.00022038509160985504,3.300482353420871e-05,0.0035503433182660295,0.0,-0.0010053632091980348,0.0002501788627915584,-8.144730395465511e-05,0.0,-0.0002739505681148017,0.00184147160036953,-0.0005955511851740476,0.0003039896672664135,-0.0001010298344442356,-0.00046999303526090757,-2.133930994331201e-05,0.0017920279875985338,-0.0004067930734354096,-0.0006233558376224241,-0.00043552020223623866,-0.0015442630007359384,-5.088141263391709e-05,-0.000728979723628406,-0.001352988743517035,-0.00016006396649642033,-9.771636980407543e-05,-0.00014172254269883368,0.0007625402972943725,0.0,0.00045568148119992245,0.0,-0.0002017998570393585,-0.00021328685673234498,-0.00042644677452663963,0.00018719261734981234,0.0005138525328204299,0.00014527290873709997,-4.800049892532344e-06,-0.00011267847809038791,1.8861057815815653e-05,0.0005160903409805731,3.564214122547179e-07,-0.0010752952628791574,0.0,0.0,-0.00026586174914787,0.0032863807499662963,0.012257525115694792,0.0011883449023747188,6.630877830106905e-05,0.0,-0.00020280273584355853,0.0,-0.0008122029037214169,-0.00039032821791039953,-9.843851452229865e-05,-0.000564834660807312,6.574428380420072e-05,-2.752126252466333e-05,-0.00010761181426947717,0.0,-0.0004046562715599563,-0.000453215852265761,-0.0027418762813358256,-0.00016014088086652346,9.648607183447469e-05,3.3079368976202454e-06,-0.0007127103928944258,0.0,0.0,0.0,0.0,0.0,0.0,0.0,0.0,6.487233898330825e-05,0.0,0.0
2025-01-08,0.00019731152978006686,-0.002124200745372366,0.0,0.0008887449117552683,-2.2552211473969097e-05,-0.0003510851244220919,-0.0012333560725209104,-0.00014118914582192396,0.00030978677467460424,0.0003572739486546297,-0.000848215334990454,2.6356496935034607e-06,0.0,-0.036329952235437495,0.00626110138587878,5.163247584602836e-05,-0.0005371819684117159,-0.0004978828530421539,-0.0003053870397394381,-0.0011015900026726624,-0.0001761913278347524,0.00016203003241426834,-6.621611692163285e-05,0.00040753184097739036,-5.04488151841496e-06,-0.002310796957502596,-5.175593862063764e-05,-8.934902637793361e-05,-0.0003469518056758858,-0.0005388795518842278,0.00014156381528697643,-7.055974594911019e-06,-1.3561668426504157e-05,3.300482353420871e-05,0.0035503433182660295,0.0,-0.0010053632091980348,0.0002501788627915584,-8.144730395465511e-05,0.0,-0.0002739505681148017,0.00184147160036953,-0.0005955511851740476,0.0003039896672664135,-0.0001010298344442356,-0.00046999303526090757,-2.5470249871980056e-05,0.0018202267161085556,-0.00038364346076313633,-0.0008762031181491326,-0.00043552020223623866,-0.0015899657706859643,-5.088141263391709e-05,-0.0005540680979955516,-0.001401054672065717,-0.00016006396649642033,-9.771636980407543e-05,-0.00014172254269883368,0.0007625402972943725,0.0,0.00045568148119992245,0.0,0.0001724263252525289,-0.00021328685673234498,-0.00042644677452663963,-0.0007276784222016116,-0.0001967482899348035,0.00014527290873709997,-4.800049892532344e-06,-0.00011267847809038791,-6.063525694025571e-05,0.0005160903409805731,3.564214122547179e-07,-0.001045160991638565,0.0,0.0,-0.00026586174914787,-0.0005360315573703823,0.002746438333010146,0.0011883449023747188,6.630877830106905e-05,0.0,-0.00020280273584355853,0.0,-0.000595765135092793,-0.00039032821791039953,-9.843851452229865e-05,-0.000564834660807312,3.338042661549808e-05,-2.752126252466333e-05,-0.00010761181426947717,0.0,-0.0004046562715599563,-0.0007339904891919754,-0.003212024000518332,-0.0002301857411239381,3.511979167995083e-05,-0.00010329784766659596,-0.0007127103928944258,0.0,0.0,0.0,0.0,0.0,0.0,0.0,0.0,6.487233898330825e-05,0.0,0.0
2025-01-15,-0.0003645112598346618,0.0007687910387098284,0.0,0.0008887449117552683,0.00015896794994849743,-0.0002406583941444778,-0.0012333560725209104,-0.00014118914582192396,0.00030978677467460424,-0.0007638832197345439,-0.0008345583179317504,-0.0001219427258194272,0.0,-0.014328354632732482,0.005178334330043146,5.163247584602836e-05,0.0007686645222090468,-9.659456744500388e-05,0.0003241728920523206,-0.0011656250991101728,-4.9266453801968814e-05,0.000796066637317227,-6.621611692163285e-05,-0.0035276485428648316,-8.592724947268591e-05,-0.002310796957502596,-0.00011718680264901484,0.0001270803715736999,0.0002714677246149148,5.903218878230977e-05,9.635750021221706e-05,-7.055974594911019e-06,-1.3561668426504157e-05,0.0003195454492360141,0.003094676990716978,0.0,-0.0007261914226739884,0.00023821650776375498,-8.144730395465511e-05,0.0,-0.0002739505681148017,0.0019710409199925616,-0.000600313134334877,0.0003831855167838647,-0.0001010298344442356,-0.00046999303526090757,-2.5470249871980056e-05,0.001751911137521331,-0.00038364346076313633,-0.0008762031181491326,-0.00043552020223623866,-0.0015827775915348073,4.0087992762128985e-05,-0.0005540680979955516,-0.0006746484071877371,3.570114031673016e-05,-9.771636980407543e-05,-0.00014172254269883368,0.0007625402972943725,0.0,0.0008541324574010548,0.0,0.0001724263252525289,-0.00021328685673234498,-0.0003547409655465104,-0.0003927806826586073,-0.0001967482899348035,0.00019357592579630426,-4.800049892532344e-06,-0.00014424301444730366,-6.063525694025571e-05,-0.0001916466949017316,3.564214122547179e-07,-0.001099224965370428,0.0,0.0,0.00022701196022333536,-1.275502435842059e-05,-0.002462470919978378,0.0015195410585811453,6.630877830106905e-05,0.0,-0.00020280273584355853,0.0,0.0008548404901602157,-0.00039032821791039953,-9.843851452229865e-05,0.0004329039460273769,3.338042661549808e-05,-2.752126252466333e-05,-2.8492058026275046e-05,0.0,-0.0004046562715599563,-0.0007339904891919754,-0.003212024000518332,-0.0003765042362384144,-0.00033652098893326014,5.494193810398416e-06,-3.760702183631788e-05,0.0,0.0,0.0,0.0,0.0,0.0,0.0,0.0,4.573726428754741e-05,0.0,0.0
2025-01-22,-0.0003645112598346618,0.0013979316022348486,0.0,0.0012656370551022012,-0.00017168057373517803,-0.0002406583941444778,0.00045183969671681585,5.4707340259767034e-05,0.00030978677467460424,-0.0011874718623077361,-0.002166662555798892,-0.0001219427258194272,0.0,0.038549006426624816,0.005309294610594877,5.163247584602836e-05,0.0007686645222090468,-6.321950926215213e-05,0.0004709424074530125,-0.0006234578683641004,0.00014396246465810236,0.0006297663067676287,-6.621611692163285e-05,-0.0035276485428648316,0.00014396867458819833,-0.002310796957502596,-5.175593862063764e-05,0.0001270803715736999,0.0002714677246149148,-1.5349121551358976e-06,-0.001730439187729235,-1.9466774217974547e-05,-2.5869664070116746e-05,-0.0003281240992464681,-0.0007368024586088956,0.0,0.0009091228692452523,0.00025188867037297786,-8.144730395465511e-05,0.0,-0.0002739505681148017,0.0017239275141244757,-0.000612627859273741,0.0003930444656484541,-0.0001010298344442356,-0.00046999303526090757,-2.5470249871980056e-05,0.002287526774799473,-0.00038364346076313633,-0.0008762031181491326,-0.00031977300573795804,-0.000792438198605754,4.0087992762128985e-05,-0.00044552213394053364,-0.0005699973871840045,3.570114031673016e-05,-9.771636980407543e-05,-0.00014172254269883368,0.0008535234587299184,0.0,0.0008248867414904324,0.0,0.0003045621158631404,-0.0003396538180840155,0.0003934954218455464,-0.000806991683379079,-0.00045172368210685875,-0.0001341421007972637,-4.800049892532344e-06,-0.00014424301444730366,-6.063525694025571e-05,-0.0001916466949017316,3.564214122547179e-07,-0.0009228637983407129,0.0,0.0,0.00022701196022333536,-0.0003784786225769479,-0.0026624035960082434,-0.000549253672376956,6.630877830106905e-05,0.0,-0.00020280273584355853,0.0,0.0008560546294906326,-0.00031142800755011617,-0.00018660751964866414,0.0002301931562907361,3.338042661549808e-05,-5.373868269618977e-05,-0.0002391398274520358,0.0,-0.0004046562715599563,-0.00080622723620208,-0.003212024000518332,-0.00048409122714245336,-0.00033652098893326014,5.494193810398416e-06,-0.0006546582458101238,0.0,0.0,0.0,0.0,0.0,0.0,0.0,0.0,4.573726428754741e-05,0.0,0.0
2025-01-29,-0.0003645112598346618,0.0013979316022348486,0.0,0.0012656370551022012,-0.00017168057373517803,-0.0002406583941444778,0.00045183969671681585,5.4707340259767034e-05,0.00030978677467460424,-0.0011874718623077361,-0.002166662555798892,-0.0001219427258194272,0.0,0.03916974027147603,0.004858668424475994,0.0016976773730254793,0.0007686645222090468,-6.321950926215213e-05,0.0004709424074530125,-0.0006396321101593192,0.00014396246465810236,0.0006297663067676287,-6.621611692163285e-05,0.00045215337122754773,0.00014396867458819833,-0.002310796957502596,-5.175593862063764e-05,-8.934902637793361e-05,-0.0003469518056758858,-1.5349121551358976e-06,-0.0017306102876587701,-1.9466774217974547e-05,-2.5869664070116746e-05,-0.0006146647249482735,-0.0007368024586088956,0.0,0.0009091228692452523,0.0002728078918599734,-8.144730395465511e-05,0.0,-0.0002739505681148017,0.0017239275141244757,-0.000612627859273741,0.0003930444656484541,-0.0001010298344442356,-0.00046999303526090757,-2.133930994331201e-05,0.002287526774799473,-0.00038364346076313633,-0.0008762031181491326,-0.00031977300573795804,-0.0007996263777569108,-5.088141263391709e-05,-0.00044552213394053364,-0.0005705053844236934,3.570114031673016e-05,-0.0001014223162527924,-0.00014172254269883368,0.0008535234587299184,0.0,0.0008248867414904324,0.0,-6.966406642874701e-05,-0.0003396538180840155,-0.0003547409655465104,0.0005517016880204576,-0.00018023511297851486,-0.0001341421007972637,-4.800049892532344e-06,-0.00014424301444730366,-6.063525694025571e-05,-0.0001916466949017316,3.564214122547179e-07,-0.0009228637983407129,0.0,0.0,0.00022701196022333536,0.00019803721436865366,-0.0026767052966536853,-0.000549253672376956,6.630877830106905e-05,0.0,-0.00020280273584355853,0.0,-0.0008122029037214169,-0.00031142800755011617,-0.00018660751964866414,0.0004329039460273769,3.338042661549808e-05,-5.373868269618977e-05,-0.00028138534954202444,0.0,-0.0004046562715599563,-0.00080622723620208,-0.003212024000518332,-0.00048409122714245336,-0.00033652098893326014,5.494193810398416e-06,-0.0005539690822433847,0.0,0.0,0.0,0.0,0.0,0.0,0.0,0.0,4.573726428754741e-05,0.0,0.0
2025-02-05,-0.00019358560854845842,0.0019661320198721306,0.0,0.0012656370551022012,-0.00017168057373517803,-6.229640250399978e-05,9.660065671985598e-05,5.4707340259767034e-05,0.0003441934879486327,-0.0014750920786409326,-0.002166662555798892,0.0008254205041897918,0.0,0.03866956842390424,-0.0035448969346349077,0.0016976773730254793,0.000255023180057858,2.9401745682576354e-05,-0.00039520010287815197,0.005430243854630044,0.00014396246465810236,-0.0011190672538912258,-6.621611692163285e-05,0.00040753184097739036,-8.592724947268591e-05,0.0023839764484059056,-5.175593862063764e-05,6.0211556162066525e-05,-0.0002410458897376162,-1.5349121551358976e-06,-0.001506780265960766,-1.9466774217974547e-05,0.00040936830961253,-0.0006146647249482735,-0.0007647208010975932,0.0,0.0009091228692452523,0.0002728078918599734,-2.344747424088986e-05,0.0,6.584322221019102e-05,0.001594358194501444,-0.000612627859273741,0.00039213624122635634,0.0001953632814181039,-0.00030477802788297616,-2.133930994331201e-05,0.003914486514153854,-4.288103387416073e-05,-0.0006776562275737155,-0.00034349512466639074,0.0008794535436185457,-0.00016524568883937647,-0.00038596692590690265,-0.0005626285403303535,3.570114031673016e-05,-0.0001014223162527924,-0.00014172254269883368,0.0008535234587299184,0.0,0.00042643576528929994,0.0,-5.3736294605866586e-05,-0.0003396538180840155,-0.0002849232856024782,0.00023692354544638133,0.0004837209190914252,-0.00019266194575860688,-4.800049892532344e-06,-0.00014424301444730366,1.8861057815815653e-05,-0.0001916466949017316,3.601740816298503e-05,-0.0008989340958494424,0.0,0.0,0.00022701196022333536,0.00019803721436865366,0.0061942458811298055,-0.000549253672376956,6.630877830106905e-05,0.0,-0.00020280273584355853,0.0,-0.0008122029037214169,-0.00031142800755011617,-0.00018660751964866414,0.0004329039460273769,3.338042661549808e-05,-5.373868269618977e-05,-0.00028138534954202444,0.0,-0.00018389964651661174,-0.000513639489054848,-0.00023582724586393563,-0.00041404636688503873,-0.00033652098893326014,5.494193810398416e-06,-0.0005539690822433847,0.0,0.0,0.0,0.0,0.0,0.0,0.0,0.0,6.487233898330825e-05,0.0,0.0
2025-02-12,-0.00019358560854845842,0.0013369914563471103,0.0,0.0010198139161970066,-0.00017168057373517803,-0.00014952724254212746,0.00014686691496590366,5.4707340259767034e-05,0.0003441934879486327,-0.0015482910264568593,-0.0019685031873133115,0.0008254205041897918,0.0,0.008874201308085123,-0.004326481994939887,0.0016976773730254793,0.000255023180057858,-3.210198835028124e-05,0.0005186756388018323,0.015864022842933336,-1.3001110339620697e-05,-0.0013614700677210985,-6.621611692163285e-05,0.0004351391566693114,-8.592724947268591e-05,0.0023839764484059056,-0.00011718680264901484,-8.934902637793361e-05,-0.0002410458897376162,-1.5349121551358976e-06,-0.0012497978409378068,-1.9466774217974547e-05,0.00040936830961253,-0.0006146647249482735,-0.0008608988490022858,0.0,0.0009091228692452523,0.0002728078918599734,-8.144730395465511e-05,0.0,6.584322221019102e-05,0.0017093163850692076,-0.000612627859273741,0.00038227729236176694,0.0001953632814181039,-0.0007883894826522875,-2.133930994331201e-05,0.003105941202020387,-4.288103387416073e-05,-0.0008118723032181218,-0.0004592423211646713,0.0010045889454402474,-0.00016524568883937647,-0.0005608785515397571,-0.0005780919867494225,3.570114031673016e-05,-0.0001014223162527924,-0.00014172254269883368,0.0008535234587299184,0.0,0.00045568148119992245,0.0,-0.00018587208521647804,-0.00021328685673234498,-0.0003547409655465104,-0.0007276784222016116,-0.0001967482899348035,-0.00019266194575860688,-4.800049892532344e-06,-0.00014424301444730366,1.8861057815815653e-05,-0.00021579309670144344,3.601740816298503e-05,-0.0009112682926678225,0.0,0.0,0.00022701196022333536,-0.0005360315573703823,-0.002741521469150811,-0.000549253672376956,6.630877830106905e-05,0.0,-0.0002455836925316475,0.0,-0.00111230267015208,-0.00031142800755011617,-9.843851452229865e-05,0.0004329039460273769,3.338042661549808e-05,-5.373868269618977e-05,-0.00028138534954202444,0.0,-0.00018389964651661174,-0.000513639489054848,-0.00037392070404681274,-0.00041404636688503873,3.511979167995083e-05,-0.0001715686885338048,-0.0005539690822433847,0.0,0.0,0.0,0.0,0.0,0.0,0.0,0.0,4.573726428754741e-05,0.0,0.0
2025-02-19,0.00010478873158383943,0.0013369914563471103,0.0,0.000827583576592746,-0.00017168057373517803,-0.0002406583941444778,0.00014686691496590366,5.4707340259767034e-05,-0.0007320643421440926,-0.0015482910264568593,-0.002166662555798892,0.0008254205041897918,0.0,0.0059265527289004485,-0.0026214640304497152,5.163247584602836e-05,-0.0005371819684117159,-1.715775229294529e-06,-0.00039520010287815197,0.005162934707411431,-4.9266453801968814e-05,-0.0013614700677210985,-6.621611692163285e-05,0.00040753184097739036,-8.592724947268591e-05,-0.0016460632923389392,-5.175593862063764e-05,-8.934902637793361e-05,-0.0002410458897376162,-1.5349121551358976e-06,-0.001541144160765395,-4.241738594787318e-05,0.00020807709596624247,-0.0006146647249482735,-0.0008608988490022858,0.0,0.0009091228692452523,0.0002728078918599734,-8.144730395465511e-05,0.0,6.584322221019102e-05,0.0017093163850692076,-0.0006432707181214713,0.00038227729236176694,0.0001953632814181039,-0.00030477802788297616,-2.133930994331201e-05,0.003127094231940349,-4.288103387416073e-05,-0.0008118723032181218,-0.00043552020223623866,0.0009686915466298475,-0.00016524568883937647,-0.00038596692590690265,-0.0005705053844236934,3.570114031673016e-05,-9.771636980407543e-05,-0.00014172254269883368,-9.319509785077175e-05,0.0,0.00045568148119992245,0.0,-0.00018587208521647804,-0.00021328685673234498,-0.0003547409655465104,0.00018422847597993208,-0.0001967482899348035,0.00013505608083496108,-4.800049892532344e-06,-0.00014424301444730366,1.8861057815815653e-05,-0.0001916466949017316,3.601740816298503e-05,-0.0009112682926678225,0.0,0.0,0.00022701196022333536,-0.0005360315573703823,-0.0027467305966090826,-0.0001927021084298653,6.630877830106905e-05,0.0,-0.00020280273584355853,0.0,-0.00111230267015208,-0.00039032821791039953,-9.843851452229865e-05,0.0004329039460273769,3.338042661549808e-05,-5.373868269618977e-05,-0.00010761181426947717,0.0,-0.00022722316539809797,-0.0005969589016192324,-0.00037392070404681274,-0.00041404636688503873,3.511979167995083e-05,-0.0001715686885338048,-0.0005539690822433847,0.0,0.0,0.0,0.0,0.0,0.0,0.0,0.0,6.487233898330825e-05,0.0,0.0
2025-02-26,0.00010478873158383943,0.0011518155259443337,0.0,-0.00033443117651663534,-0.00017168057373517803,-0.0002406583941444778,0.00014686691496590366,-0.00014118914582192396,-0.0007320643421440926,-0.0015482910264568593,-0.0005071042229197501,-1.784050081101855e-05,0.0,-0.0027930478028319584,-0.0031190154913890416,5.163247584602836e-05,-0.0005371819684117159,-9.659456744500388e-05,-0.0002576538083906183,0.004182048400902194,-4.9266453801968814e-05,-0.0013614700677210985,-6.621611692163285e-05,0.00040753184097739036,-8.592724947268591e-05,-0.002458386622354988,-5.175593862063764e-05,-8.934902637793361e-05,-0.0004109176117122394,5.903218878230977e-05,0.00022958014308098148,-6.54874610536486e-05,0.00044909735289322975,-0.0006146647249482735,-0.0008608988490022858,0.0,0.0008207901839228222,0.0002728078918599734,-8.144730395465511e-05,0.0,6.584322221019102e-05,0.0017093163850692076,-0.0006432707181214713,0.0003039896672664135,0.0001953632814181039,-0.00030477802788297616,-2.133930994331201e-05,0.003127094231940349,-4.288103387416073e-05,-0.0008118723032181218,-0.00043552020223623866,0.0009686915466298475,-0.00016524568883937647,-0.00042299599288410155,-0.0006741404099480482,3.570114031673016e-05,-9.771636980407543e-05,-0.00014172254269883368,-0.0001841782592863177,0.0,0.00045568148119992245,0.0,0.0004034068582017059,-0.00021328685673234498,0.0007957343762643638,-0.0007276784222016116,-0.00046823685906314735,-0.00019266194575860688,-4.800049892532344e-06,-0.00014424301444730366,1.8861057815815653e-05,-0.0001916466949017316,3.601740816298503e-05,-0.0009112682926678225,0.0,0.0,0.00022701196022333536,-0.00046900028961095356,-0.002681808611181065,-0.000549253672376956,-0.00021353005393379975,0.0,-0.00020280273584355853,0.0,-0.0007042179716532363,-0.00031142800755011617,-9.843851452229865e-05,-0.00028179048872462487,3.338042661549808e-05,-5.373868269618977e-05,-0.00014448604842269065,0.0,-0.00022722316539809797,-0.0008895466487664643,-0.00037392070404681274,-0.0002677278717705624,-0.00033652098893326014,-0.0001715686885338048,-0.0005539690822433847,0.0,0.0,0.0,0.0,0.0,0.0,0.0,0.0,6.487233898330825e-05,0.0,0.0
2025-03-05,0.00010478873158383943,0.0008486342688890433,0.0,-0.0002662945045204437,-0.00017168057373517803,-0.0002406583941444778,0.0002941230931005819,-0.00014118914582192396,-0.0007320643421440926,-0.0015482910264568593,-0.0005060497315758658,0.0008254205041897918,0.0,-0.024690587257294956,-0.003090838846935016,5.163247584602836e-05,0.0007303991317131767,-0.0004978828530421539,-0.0003053870397394381,0.005574613175247261,-0.0001761913278347524,-0.0014788177030581578,-6.621611692163285e-05,0.00040753184097739036,-5.04488151841496e-06,-0.0008409007097956334,-0.00011718680264901484,0.0001270803715736999,0.0002714677246149148,5.903218878230977e-05,0.0007849845078303358,-6.54874610536486e-05,0.0008843353265758763,-0.0006146647249482735,-0.0010575493435777074,0.0,0.0008660510980974892,0.00025913572925075057,-8.144730395465511e-05,0.0,6.584322221019102e-05,0.001646025451515528,0.0020017463015584917,0.0003831855167838647,-1.4552872991083393e-05,-0.00016910946014225478,-2.133930994331201e-05,0.000668625278045887,0.0012872559199427244,0.0009102511105483042,-0.00043552020223623866,0.0009686915466298475,-0.00016524568883937647,-0.0005315419569391195,0.0015365832747593648,-0.00016006396649642033,-9.771636980407543e-05,-0.00014172254269883368,-0.0001841782592863177,0.0,0.00045568148119992245,0.0,-0.00018587208521647804,-0.00021328685673234498,0.00043167572281709396,0.0004990066185540083,-0.0001967482899348035,-0.00019266194575860688,-4.800049892532344e-06,-0.00014424301444730366,1.8861057815815653e-05,-0.0001916466949017316,3.601740816298503e-05,-0.0006352264061251083,0.0,0.0,0.00022701196022333536,0.00019803721436865366,0.002498632638186485,-0.000549253672376956,-0.00021353005393379975,0.0,-0.00020280273584355853,0.0,-0.0008122029037214169,-0.00031142800755011617,-9.843851452229865e-05,0.00012664099095597778,3.338042661549808e-05,-2.752126252466333e-05,-2.8492058026275046e-05,0.0,-0.00044797979044144254,-0.0006800285808941708,-0.00023326320969985198,-0.00041404636688503873,-0.00033652098893326014,-0.0001715686885338048,-0.0008063906440365482,0.0,0.0,0.0,0.0,0.0,0.0,0.0,0.0,6.487233898330825e-05,0.0,0.0
2025-03-12,-0.0003645112598346618,0.00165281193874084,0.0,-0.000556362039112893,-0.00017168057373517803,-6.229640250399978e-05,-0.00039023322388224665,-0.00014118914582192396,0.0002963528248705247,-0.0011247023838836673,-0.0021854516919985706,-0.0001219427258194272,0.0,-0.007180040705278527,0.0046781680681198265,5.163247584602836e-05,0.00021675778956198796,-9.659456744500388e-05,0.0003241728920523206,0.016800449955479295,-1.3001110339620697e-05,-0.0013819818065849692,-6.621611692163285e-05,-0.0017302390178440196,0.00014396867458819833,0.0020366548438337058,-0.00011718680264901484,0.0001270803715736999,0.00026785120630532227,5.903218878230977e-05,0.0006312559953918916,-6.54874610536486e-05,0.0008843353265758763,-0.0006146647249482735,-0.0009182480353398755,0.0,0.0007759452789395414,0.0002728078918599734,-8.144730395465511e-05,0.0,6.584322221019102e-05,0.001646025451515528,0.0022421877449572813,0.00038227729236176694,-1.4552872991083393e-05,-0.0006527209149115661,-2.133930994331201e-05,0.0006756709766359466,0.0012222009950891397,0.0007446430464901756,-0.00034349512466639074,0.001003264032799254,-7.42762834433304e-05,-0.0005315419569391195,0.0017559666237225342,3.570114031673016e-05,-9.771636980407543e-05,-0.00014172254269883368,-0.0001841782592863177,0.0,0.0008541324574010548,0.0,-0.00018587208521647804,-0.00021328685673234498,-0.00031656066457496284,0.0019449634472756255,0.0005138525328204299,0.00013505608083496108,-4.800049892532344e-06,-0.00014424301444730366,-6.063525694025571e-05,0.0007831929135946458,3.601740816298503e-05,-0.0006885516887114815,0.0,0.0,0.00022701196022333536,0.0034812918633414193,0.012462255156828524,0.0015195410585811453,-0.00021353005393379975,0.0,5.2080369700615285e-05,0.0,-0.0008122029037214169,-0.00039032821791039953,-9.843851452229865e-05,0.00032935178069261854,3.338042661549808e-05,-5.373868269618977e-05,-2.8492058026275046e-05,0.0,-0.0004046562715599563,-0.00032906750815754203,0.00023688450948265423,-0.00048409122714245336,-0.000924538180861683,-0.0001715686885338048,-0.0006546582458101238,0.0,0.0,0.0,0.0,0.0,0.0,0.0,0.0,4.573726428754741e-05,0.0,0.0
2025-03-19,0.00010478873158383943,0.0010236713752158197,0.0,-0.0005523045416791535,-0.00017168057373517803,-0.00014952724254212746,0.00014686691496590366,5.4707340259767034e-05,-0.00037482390954672666,-0.0010515034360677404,-0.0004923927145171622,0.0008254205041897918,0.0,-0.009086345774498126,-0.002555171943697883,5.163247584602836e-05,-0.00048492324672824944,-9.659456744500388e-05,-0.0003053870397394381,0.006989907574557467,-4.9266453801968814e-05,-0.0014743333885710661,-6.621611692163285e-05,0.00040753184097739036,0.00014396867458819833,0.0020366548438337058,-5.175593862063764e-05,-8.934902637793361e-05,0.0002714677246149148,5.903218878230977e-05,0.000624225485452529,-6.54874610536486e-05,0.0008843353265758763,-0.0003281240992464681,-0.0009182480353398755,0.0,0.000779105589911177,0.0002728078918599734,-8.144730395465511e-05,0.0,6.584322221019102e-05,0.0017755947711385598,0.0023020689982888873,0.00038227729236176694,-1.4552872991083393e-05,-0.00016910946014225478,-2.133930994331201e-05,0.000647472248125925,0.0012872559199427244,0.0009102511105483042,-0.0004592423211646713,0.0010417786235981234,-7.750426300366599e-05,-0.0005315419569391195,0.0019992291186237483,3.570114031673016e-05,-9.771636980407543e-05,-0.00014172254269883368,-0.0001841782592863177,0.0,0.00045568148119992245,0.0,5.8591405683435774e-05,-0.00021328685673234498,-0.00031656066457496284,-0.0019377749228663423,-0.00046823685906314735,-0.00019266194575860688,-4.800049892532344e-06,-0.00014424301444730366,1.8861057815815653e-05,0.0007468453264332422,3.601740816298503e-05,-0.0006892903798569715,0.0,0.0,0.00022701196022333536,-0.00033388398630727087,0.00046929718708149133,0.0015195410585811453,-0.00021353005393379975,0.0,-0.00020280273584355853,0.0,0.0005450976931793187,-0.00039032821791039953,-9.843851452229865e-05,0.00032935178069261854,3.338042661549808e-05,-2.752126252466333e-05,-0.00014448604842269065,0.0,-0.00044797979044144254,-0.0006088169894839113,-0.00023326320969985198,-0.00041404636688503873,-0.00033652098893326014,5.494193810398416e-06,-0.0005539690822433847,0.0,0.0,0.0,0.0,0.0,0.0,0.0,0.0,6.487233898330825e-05,0.0,0.0
2025-03-26,0.00010478873158383943,0.000838495444813043,0.0,-0.0005523045416791535,-0.00017168057373517803,-0.00014952724254212746,0.00014686691496590366,5.4707340259767034e-05,0.0003441934879486327,-0.0014750920786409326,-0.0005060497315758658,0.0008254205041897918,0.0,-0.02466318613771595,-0.003057344861223209,5.163247584602836e-05,-0.00048492324672824944,-0.0004978828530421539,-0.0003053870397394381,0.00432926623668216,-0.0001761913278347524,-0.0014788177030581578,-6.621611692163285e-05,0.00040753184097739036,-5.04488151841496e-06,0.0020366548438337058,3.9990148082464193e-05,-8.934902637793361e-05,0.0002714677246149148,5.903218878230977e-05,0.0011348035633670047,-6.54874610536486e-05,0.0008843353265758763,-0.0006146647249482735,-0.0010134669113988518,0.0,-0.0002218150826405925,0.00025913572925075057,-8.144730395465511e-05,0.0,6.584322221019102e-05,0.0017755947711385598,0.0015055566645042384,0.00038227729236176694,-1.4552872991083393e-05,-0.00016910946014225478,-2.133930994331201e-05,0.0007143601258113499,0.0012872559199427244,0.0009102511105483042,-0.0004592423211646713,0.0010417786235981234,-0.00016524568883937647,-0.0005315419569391195,0.001787131219007271,-0.00016006396649642033,-9.771636980407543e-05,-0.00014172254269883368,-0.0001841782592863177,0.0,0.00045568148119992245,0.0,0.0004034068582017059,-0.00021328685673234498,-0.00038637834451899503,-0.0007276784222016116,-0.00046823685906314735,-0.00019266194575860688,-4.800049892532344e-06,-0.00014424301444730366,1.8861057815815653e-05,0.0007468453264332422,3.601740816298503e-05,-0.0007179330374494996,0.0,0.0,0.00022701196022333536,-0.00046900028961095356,-0.002489409898463595,-0.000549253672376956,6.630877830106905e-05,0.0,-6.100956970597145e-05,0.0,-0.0007042179716532363,-0.00031142800755011617,-9.843851452229865e-05,0.00032935178069261854,3.338042661549808e-05,-2.752126252466333e-05,-0.00014448604842269065,0.0,-0.0004046562715599563,-0.0006800285808941708,-0.00023326320969985198,-0.00016014088086652346,-0.00033652098893326014,5.494193810398416e-06,-0.0008063906440365482,0.0,0.0,0.0,0.0,0.0,0.0,0.0,0.0,6.487233898330825e-05,0.0,0.0
2025-04-02,-0.0003645112598346618,0.0010236713752158197,0.0,-0.0005523045416791535,-0.00017168057373517803,0.000810685862127208,-0.0008856084181903239,5.4707340259767034e-05,0.00030978677467460424,0.0001361362093026441,-0.00024195386081050235,-0.0001219427258194272,0.0,-0.009598829025432814,0.004041440199886787,5.163247584602836e-05,-0.00048492324672824944,-0.00046676533213028303,-5.132570308620487e-05,0.01748831074919195,-1.3001110339620697e-05,-0.0013819818065849692,-6.621611692163285e-05,0.0004351391566693114,-8.592724947268591e-05,0.002037884846935407,0.00020135563772350813,-8.934902637793361e-05,0.0002714677246149148,5.903218878230977e-05,0.0015137924367472936,-6.54874610536486e-05,0.0008843353265758763,-0.0006169960065006762,-0.0008282192938342672,0.0,-0.0003119209017985402,0.0002728078918599734,-8.144730395465511e-05,0.0,0.00021822046039415927,0.0017755947711385598,0.0005151703172455394,0.0003039896672664135,-1.4552872991083393e-05,-7.254348439505892e-05,-4.734223736209845e-05,-0.0019963775268817463,-0.000101070231054851,0.0026450986852295556,0.000269057271379821,0.0009960758536480974,-7.750426300366599e-05,-0.0005315419569391195,0.0019992291186237483,3.570114031673016e-05,-9.771636980407543e-05,-0.00014172254269883368,-0.0001841782592863177,0.0,0.00045568148119992245,0.0,-0.00018587208521647804,-0.00021328685673234498,-0.0005418091382817793,-0.0011614451642639836,-0.00021688340892563035,0.00021897151192721984,-0.0001298950655126478,-0.00014424301444730366,-6.063525694025571e-05,0.0007831929135946458,3.601740816298503e-05,-0.000951506455933241,0.0,0.0,-0.0002826050920386514,-0.00046900028961095356,-0.002373487472282032,-0.0005495695981028745,6.630877830106905e-05,0.0,-4.5905605989756735e-05,0.0,-0.00111230267015208,0.0005722860450482962,0.0004930267973108349,-0.0006683868261420704,6.272987869776822e-05,-2.752126252466333e-05,-0.00014448604842269065,0.0,-0.0004046562715599563,-0.0006800285808941708,-0.00037392070404681274,-0.0003064593759809998,-0.00033652098893326014,3.3079368976202454e-06,-0.0005539690822433847,0.0,0.0,0.0,0.0,0.0,0.0,0.0,0.0,6.487233898330825e-05,0.0,0.0
2025-04-09,-0.0003645112598346618,0.00165281193874084,0.0,0.001130477377605058,-7.076793847299769e-05,0.0013788606950765555,0.0002180942215181904,5.4707340259767034e-05,0.00030978677467460424,0.00015425594502469357,-0.00024195386081050235,-0.0001219427258194272,0.0,0.037426972735965486,0.005252119051643062,5.163247584602836e-05,0.0007303991317131767,-6.321950926215213e-05,0.0003241728920523206,0.01716207667685174,0.00018022780812045047,-0.0011395789927550967,-6.621611692163285e-05,0.0004351391566693114,0.00014396867458819833,-1.1852619134817383e-05,-0.00044106181387265273,0.0001270803715736999,0.0002714677246149148,-1.5349121551358976e-06,0.001418570019999378,-4.241738594787318e-05,0.0009172416776230478,-0.0006169960065006762,-0.0006724876549152227,0.0,-0.0003119209017985402,0.0002646717168230487,-5.053280848767778e-05,0.0,0.00033543985680561857,0.001594358194501444,0.0004986603077313137,0.0003147568405531006,-1.4552872991083393e-05,-7.254348439505892e-05,-5.14731772907665e-05,-0.002296007989869097,-0.000101070231054851,0.0015113836664683413,0.00040852658680653434,0.0008063664666502697,-0.00016524568883937647,-0.00042299599288410155,0.001917701620128473,3.570114031673016e-05,-9.771636980407543e-05,-0.00014172254269883368,-0.0001841782592863177,0.0,0.00042643576528929994,0.0,-5.3736294605866586e-05,-0.0003396538180840155,0.002108591576331636,-0.0007673273854767937,-0.00020037023196934175,0.00021897151192721984,-0.0001298950655126478,-0.00014424301444730366,-6.063525694025571e-05,0.0007831929135946458,3.601740816298503e-05,-0.0009809020360283438,0.0,0.0,-0.0002826050920386514,0.0034812918633414193,0.006423015293592109,-0.0005495695981028745,6.630877830106905e-05,0.0,-4.5905605989756735e-05,0.0,-0.0008122029037214169,0.0005722860450482962,0.0009346190179013605,-0.00028179048872462487,6.272987869776822e-05,-5.373868269618977e-05,-0.0002391398274520358,0.0,-0.0004046562715599563,-0.0004002790995678016,-0.00010198985439642491,-0.0003765042362384144,-0.000924538180861683,3.3079368976202454e-06,-0.00015574382042729903,0.0,0.0,0.0,0.0,0.0,0.0,0.0,0.0,4.573726428754741e-05,0.0,0.0
2025-04-16,0.00010478873158383943,0.0010236713752158197,0.0,-0.0005361931735191816,-7.076793847299769e-05,0.00033574131999656714,9.660065671985598e-05,5.4707340259767034e-05,0.00033075953814455314,0.00010553128369332861,-0.00032387809390200113,-1.784050081101855e-05,0.0,0.03675221064337944,-0.0031927701000922354,5.163247584602836e-05,-0.00048492324672824944,-1.715775229294529e-06,-0.0003053870397394381,0.0171036266849209,-0.0006257357939617678,-0.0012319305747411937,-6.621611692163285e-05,0.00039713831837541057,-8.592724947268591e-05,0.001691141585243227,0.00020135563772350813,0.0001270803715736999,0.00026785120630532227,-1.5349121551358976e-06,0.0016607654697247632,-4.241738594787318e-05,0.0009172416776230478,-0.0006169960065006762,-0.0006724876549152227,0.0,-0.0003970932761493346,0.0002646717168230487,-5.053280848767778e-05,0.0,6.584322221019102e-05,0.001594358194501444,0.0005585415610629197,0.00031384861613100286,-1.4552872991083393e-05,-7.254348439505892e-05,-4.734223736209845e-05,-0.0022626901075680256,-0.00012421984372712428,0.0017184813604054258,0.000269057271379821,0.0008794535436185457,-0.00016524568883937647,-0.00042299599288410155,0.0019532457240301455,3.570114031673016e-05,-9.771636980407543e-05,-0.00014172254269883368,-0.0001841782592863177,0.0,0.00042643576528929994,0.0,-5.3736294605866586e-05,-0.0003396538180840155,0.002108591576331636,0.0018228106165145185,0.00017289898706017383,0.00013505608083496108,-0.0001298950655126478,-0.00014424301444730366,1.8861057815815653e-05,0.0007831929135946458,3.601740816298503e-05,-0.0009693065303554534,0.0,0.0,-0.0002826050920386514,0.0034812918633414193,0.01149904453711436,0.0015110986893192382,-0.00021353005393379975,0.0,5.2080369700615285e-05,0.0,-0.0008122029037214169,0.000939452959334532,0.0009346190179013605,-0.00028179048872462487,6.272987869776822e-05,-5.373868269618977e-05,-0.00020226559329882232,0.0,-0.0004046562715599563,-0.00032906750815754203,9.622701513569349e-05,-0.0003064593759809998,-0.000924538180861683,3.3079368976202454e-06,-0.00015574382042729903,0.0,0.0,0.0,0.0,0.0,0.0,0.0,0.0,6.487233898330825e-05,0.0,0.0
2025-04-23,0.00010478873158383943,-0.002124200745372366,0.0,2.182486866207738e-05,-0.0003532007351576445,-0.0001727231327816138,0.00038061239016452916,-0.00014118914582192396,0.00033075953814455314,0.00010553128369332861,-0.0027470151835401885,-1.784050081101855e-05,0.0,-0.03164611445412993,-0.0026641575648811045,5.163247584602836e-05,-0.00048492324672824944,-0.0004978828530421539,-0.0003053870397394381,-0.0003555332736078933,0.0017226177313943874,-0.0016958330154389042,-6.621611692163285e-05,0.0005169135300366986,8.452556204438607e-06,0.0019193304013940824,0.00020135563772350813,-8.934902637793361e-05,0.00026785120630532227,5.903218878230977e-05,0.00335704309207441,-6.54874610536486e-05,0.0008803481384614465,-0.0006169960065006762,-0.0009675206020720988,0.0,0.0008660510980974892,0.0002501788627915584,-8.144730395465511e-05,0.0,6.584322221019102e-05,0.001646025451515528,0.0005505751252540991,0.0003039896672664135,-1.4552872991083393e-05,-0.0003343244675201862,-4.734223736209845e-05,-0.0018085368415184085,-0.00012421984372712428,0.0017184813604054258,9.316665660724397e-05,0.0010417786235981234,-0.00016524568883937647,-0.000706453582571974,0.001350328272917948,-0.00016006396649642033,-9.771636980407543e-05,-0.00014172254269883368,-0.0001841782592863177,0.0,-0.00041602915522284006,0.0,-0.00018587208521647804,-0.00021328685673234498,-0.00045808415349912426,0.0017671514056781892,0.0005138525328204299,8.67530637757568e-05,0.0003282920063702741,-0.00011267847809038791,1.8861057815815653e-05,0.0005160903409805731,3.601740816298503e-05,-0.0008572043189359595,0.0,0.0,-0.0002826050920386514,-0.00046900028961095356,0.01174676343467821,0.0011883449023747188,-0.00021353005393379975,0.0,9.486132638870426e-05,0.0,-0.00111230267015208,-0.00039032821791039953,0.0004930267973108349,-0.0002756287326191129,3.338042661549808e-05,-2.752126252466333e-05,-0.00010761181426947717,0.0,-0.0004046562715599563,-0.0006088169894839113,-3.761037633181723e-05,-0.0002677278717705624,-0.00033652098893326014,3.3079368976202454e-06,-3.059810941170117e-05,0.0,0.0,0.0,0.0,0.0,0.0,0.0,0.0,6.487233898330825e-05,0.0,0.0
2025-04-30,-0.0003645112598346618,-0.002305227792598973,0.0,2.588236609581689e-05,-0.00017168057373517803,-0.0002638542843839642,-0.0008856084181903239,-0.00014118914582192396,0.00030978677467460424,0.00010553128369332861,-0.0026650909504486895,2.6356496935034607e-06,0.0,-0.027461575868452187,0.0051484546668296915,5.163247584602836e-05,0.00021675778956198796,-0.0004978828530421539,0.0003241728920523206,0.0043168476672364635,-0.0001761913278347524,-0.0013864661210720608,-6.621611692163285e-05,0.0005549143683305994,-5.04488151841496e-06,-0.002503111665941787,0.00020135563772350813,-8.934902637793361e-05,-9.48311783508562e-06,5.903218878230977e-05,0.002340643600243541,-6.54874610536486e-05,0.0004451101647787998,-0.0006169960065006762,-0.0009675206020720988,0.0,0.0008660510980974892,0.0002501788627915584,-8.144730395465511e-05,0.0,6.584322221019102e-05,0.0017755947711385598,0.000490693871922493,0.0003039896672664135,-1.4552872991083393e-05,-0.0003343244675201862,-4.734223736209845e-05,-0.0019579321235978255,-0.000101070231054851,0.0026450986852295556,0.00011688877553567666,0.0009229887766798215,-0.00016524568883937647,-0.0005315419569391195,0.001629643189095952,-0.00016006396649642033,-9.771636980407543e-05,-0.00014172254269883368,-0.0001841782592863177,0.0,-0.00041602915522284006,0.0,-0.00018587208521647804,-0.00021328685673234498,-0.0005418091382817793,-0.0007276784222016116,0.0005138525328204299,8.67530637757568e-05,-0.0001298950655126478,-0.00011267847809038791,-6.063525694025571e-05,0.0005160903409805731,3.601740816298503e-05,-0.00088113402142723,0.0,0.0,-0.0002826050920386514,-0.00046900028961095356,-0.002387789172927474,0.0011883449023747188,-0.00021353005393379975,0.0,-0.00020280273584355853,0.0,-0.00111230267015208,-0.00039032821791039953,0.0004930267973108349,-0.0002756287326191129,3.338042661549808e-05,-2.752126252466333e-05,-0.00010761181426947717,0.0,-0.0004046562715599563,-0.0006088169894839113,-0.00037392070404681274,-0.00033777273202797704,-0.00033652098893326014,3.3079368976202454e-06,-3.059810941170117e-05,0.0,0.0,0.0,0.0,0.0,0.0,0.0,0.0,4.573726428754741e-05,0.0,0.0
2025-05-07,-0.0003645112598346618,0.0012533022028753922,0.0,-7.484158955597093e-05,-7.076793847299769e-05,0.0013788606950765555,-0.0005116035205262782,5.4707340259767034e-05,0.00030978677467460424,-0.001722338270894615,-0.0019162237020922321,-0.0001219427258194272,0.0,0.038151511612499,0.004979655698272064,5.163247584602836e-05,0.0007303991317131767,-6.321950926215213e-05,0.0003719061234011404,0.015573735625069529,0.00018022780812045047,-0.0010267156719051289,-6.621611692163285e-05,-0.004340992127587783,-8.592724947268591e-05,-0.00048238294024761545,1.599503246197973e-05,0.0001270803715736999,0.0002714677246149148,-1.5349121551358976e-06,0.0021170164367231947,-4.241738594787318e-05,0.0013306230105892497,-0.0006169960065006762,-0.0006724876549152227,0.0,0.0008239504948944578,0.00025188867037297786,-8.144730395465511e-05,0.0,6.584322221019102e-05,0.00028712058041243104,0.0004986603077313137,0.0003147568405531006,0.0001953632814181039,-0.0002082120521357803,-5.14731772907665e-05,-0.002250273142103634,-0.0004649822706160999,-0.0007003718008820649,-8.724621675180257e-05,0.0007678518758514006,1.3465142392380084e-05,-0.00048255120091773255,-0.0005699973871840045,3.570114031673016e-05,-9.771636980407543e-05,-0.00014172254269883368,-0.0001841782592863177,0.0,-0.0005799576290824587,0.0,-5.3736294605866586e-05,-0.0003396538180840155,-0.0005418091382817793,-0.001240758425441451,-0.00020037023196934175,0.00013505608083496108,-0.0001298950655126478,-0.00014424301444730366,-6.063525694025571e-05,0.0007831929135946458,3.601740816298503e-05,-0.0009228637983407129,0.0,0.0,9.730982906742065e-05,-0.00046900028961095356,-0.002714684384008625,0.0015195410585811453,-0.00021353005393379975,0.0,-0.0002455836925316475,0.0,-0.00111230267015208,-0.00039032821791039953,-0.00018660751964866414,-0.0002756287326191129,3.338042661549808e-05,-5.373868269618977e-05,-0.0002391398274520358,0.0,-0.0004046562715599563,-0.0008183350573562048,-0.00037392070404681274,-0.00048409122714245336,-0.00033652098893326014,-0.0001715686885338048,-0.000256432983994038,0.0,0.0,0.0,0.0,0.0,0.0,0.0,0.0,4.573726428754741e-05,0.0,0.0
2025-05-14,0.00010478873158383943,0.0012533022028753922,0.0,-7.484158955597093e-05,-7.076793847299769e-05,0.0013788606950765555,9.660065671985598e-05,5.4707340259767034e-05,0.0003441934879486327,-0.002145926913467807,-0.0019162237020922321,0.0008254205041897918,0.0,0.03368266568783708,-0.0032018487382976554,5.163247584602836e-05,-0.00048492324672824944,-6.321950926215213e-05,-0.0002576538083906183,0.015367933308677481,0.00018022780812045047,-0.0011190672538912258,-6.621611692163285e-05,0.0005825216840225205,0.00014396867458819833,-0.00048238294024761545,-0.0002746666756106609,0.0001270803715736999,0.0002714677246149148,-1.5349121551358976e-06,0.002295209504350792,-4.241738594787318e-05,0.0013306230105892497,-0.0006169960065006762,-0.0006724876549152227,0.0,0.0008239504948944578,0.0002728078918599734,-8.144730395465511e-05,0.0,6.584322221019102e-05,0.00028712058041243104,0.0005585415610629197,0.00031384861613100286,0.0001953632814181039,-0.0002082120521357803,-4.734223736209845e-05,-0.0022169552598025628,-0.00048813188328837315,-0.0008118723032181218,-8.724621675180257e-05,0.0009315018684719716,-0.00016524568883937647,-0.00048255120091773255,-0.0005699973871840045,3.570114031673016e-05,-9.771636980407543e-05,-0.00014172254269883368,-0.0001841782592863177,0.0,-0.0004452748711334625,0.0,-5.3736294605866586e-05,-0.0003396538180840155,-0.0005418091382817793,-0.0007702915268466739,-0.00021688340892563035,-0.00019266194575860688,-0.0001298950655126478,-0.00014424301444730366,1.8861057815815653e-05,0.0007831929135946458,3.601740816298503e-05,-0.0009112682926678225,0.0,0.0,9.730982906742065e-05,-0.00046900028961095356,-0.002714684384008625,-0.000549253672376956,-0.00021353005393379975,0.0,-0.0002455836925316475,0.0,-0.00111230267015208,-0.00031142800755011617,-0.00018660751964866414,-0.0002756287326191129,3.338042661549808e-05,-5.373868269618977e-05,-0.0002391398274520358,0.0,-0.0004046562715599563,-0.0008895466487664643,-0.00037392070404681274,-0.00041404636688503873,-0.00033652098893326014,-0.0001715686885338048,-0.0005539690822433847,0.0,0.0,0.0,0.0,0.0,0.0,0.0,0.0,6.487233898330825e-05,0.0,0.0
2025-05-21,0.00010478873158383943,-0.002202516956250587,0.0,2.588236609581689e-05,-7.076793847299769e-05,0.0013788606950765555,0.00014686691496590366,5.4707340259767034e-05,0.0003441934879486327,-0.0020727279656518804,-0.0019162237020922321,-1.784050081101855e-05,0.0,-0.02329663519372081,-0.004468893915639712,5.163247584602836e-05,-0.00048492324672824944,-9.659456744500388e-05,-0.0002576538083906183,0.01634114463543034,-0.00013992598437240428,-0.0013659543822081902,-6.621611692163285e-05,0.0005825216840225205,-5.04488151841496e-06,-0.0021445938963937693,3.9990148082464193e-05,0.0001270803715736999,0.0002714677246149148,5.903218878230977e-05,0.0016675209491857378,-6.54874610536486e-05,0.0008624786858594318,-0.0006169960065006762,-0.000907967011057747,0.0,0.0009140563140524056,0.00025913572925075057,-8.144730395465511e-05,0.0,0.00021822046039415927,0.0003324873006516832,0.0005505751252540991,0.0003039896672664135,0.0001953632814181039,-0.0002082120521357803,-4.734223736209845e-05,-0.0018490092182279867,-0.00048813188328837315,-0.0008118723032181218,0.0004751177737363281,0.0009686915466298475,-0.00016524568883937647,-0.000766008790605605,-0.0008579384583381346,-0.00016006396649642033,-9.771636980407543e-05,-0.00014172254269883368,-0.0001841782592863177,0.0,-0.00041602915522284006,0.0,-0.00018587208521647804,-0.00021328685673234498,-0.0005418091382817793,-0.0007276784222016116,-0.00021688340892563035,0.00021897151192721984,-0.0001298950655126478,-0.00011267847809038791,1.8861057815815653e-05,0.0005524379281419768,3.601740816298503e-05,-0.0009112682926678225,0.0,0.0,9.730982906742065e-05,-0.00046900028961095356,-0.0026497623985806073,-0.000549253672376956,-0.00021353005393379975,0.0,-0.0002455836925316475,0.0,-0.00111230267015208,-0.00031142800755011617,-9.843851452229865e-05,-0.0002756287326191129,3.338042661549808e-05,-2.752126252466333e-05,-6.536629217948853e-05,0.0,-0.0004046562715599563,-0.0008885214931666192,-0.00037392070404681274,-0.0002677278717705624,-0.00033652098893326014,5.494193810398416e-06,-0.0008063906440365482,0.0,0.0,0.0,0.0,0.0,0.0,0.0,0.0,6.487233898330825e-05,0.0,0.0
2025-05-28,-0.00019358560854845842,0.0009412062811614295,0.0,2.588236609581689e-05,-7.076793847299769e-05,0.000810685862127208,-0.0008856084181903239,5.4707340259767034e-05,0.0003441934879486327,-0.0020727279656518804,-0.0019162237020922321,0.0008254205041897918,0.0,-0.016701309263840985,0.0004152527386834295,5.163247584602836e-05,0.00021675778956198796,3.511334878566703e-05,-3.5924717373850885e-06,0.017429860757261113,-1.3001110339620697e-05,-0.0012691184857350016,-6.621611692163285e-05,9.40094801225492e-05,-8.592724947268591e-05,0.0020384631898154267,3.9990148082464193e-05,-8.934902637793361e-05,0.0002714677246149148,5.903218878230977e-05,0.0015592332966741325,-6.54874610536486e-05,0.0012977166595420785,-0.0006169960065006762,-0.0007686657028199152,0.0,0.0009140563140524056,0.00025913572925075057,-8.144730395465511e-05,0.0,0.00021822046039415927,0.0003324873006516832,0.00045528906391393344,0.0003039896672664135,0.0001953632814181039,-0.0002082120521357803,-4.734223736209845e-05,-0.0019963775268817463,-0.00048813188328837315,-0.0008118723032181218,0.00045139565480789546,0.0009960758536480974,-0.00016524568883937647,-0.0005910971649727505,-0.0008660330579035525,3.570114031673016e-05,-9.771636980407543e-05,-0.00014172254269883368,-0.0001841782592863177,0.0,-0.0005507119131718362,0.0,-0.0005229147240515932,-0.00021328685673234498,-0.0005418091382817793,-0.0007276784222016116,-0.00021688340892563035,0.00021897151192721984,-0.0001298950655126478,-0.00014424301444730366,1.8861057815815653e-05,0.0007831929135946458,3.601740816298503e-05,-0.0009112682926678225,0.0,0.0,9.730982906742065e-05,0.00019803721436865366,-0.0026497623985806073,-0.000549253672376956,-0.00021353005393379975,0.0,-0.0002455836925316475,0.0,-0.0008122029037214169,-0.00031142800755011617,-9.843851452229865e-05,-0.0002756287326191129,3.338042661549808e-05,-2.752126252466333e-05,-0.00014448604842269065,0.0,-0.0004046562715599563,-0.0008885214931666192,-0.00037392070404681274,-0.0002677278717705624,-0.00033652098893326014,5.494193810398416e-06,-0.0008063906440365482,0.0,0.0,0.0,0.0,0.0,0.0,0.0,0.0,6.487233898330825e-05,0.0,0.0
2025-06-04,-0.0003645112598346618,0.00165281193874084,0.0,-7.484158955597093e-05,2.825886493627574e-05,0.000810685862127208,-0.00044049948212829433,5.4707340259767034e-05,0.00030978677467460424,-0.0020727279656518804,-0.0019685031873133115,-0.0001219427258194272,0.0,0.0365863687056073,0.005124685124983112,-0.00015916980322205424,0.0007686645222090468,3.118395202951844e-05,0.0003052658632224031,0.016598430909794203,0.00018022780812045047,-0.0010267156719051289,-6.621611692163285e-05,0.0005825216840225205,0.00014396867458819833,0.0016917199281232468,3.9990148082464193e-05,-8.934902637793361e-05,0.0001170386819088019,-1.5349121551358976e-06,0.0015524778172131578,-4.241738594787318e-05,0.0013306230105892497,-0.0006169960065006762,-0.0007184339642419756,0.0,0.0007972530912945768,0.0002806362645322057,-8.144730395465511e-05,0.0,0.00021822046039415927,0.0005254089655492419,-0.0004684247509321149,0.0003147568405531006,-0.0001010298344442356,-0.0007883894826522875,-2.5470249871980056e-05,-0.000532256968516952,-0.00036995703698916864,-0.0008118723032181218,0.0003848044678781016,0.0012417754336510136,-0.00016524568883937647,-0.00040405283155083553,-0.0004962053215899453,3.570114031673016e-05,-9.771636980407543e-05,-0.00014172254269883368,-0.0001841782592863177,0.0,-0.000348788345307069,0.0,-0.0008477753995040233,-0.0003396538180840155,-0.0004719914583377472,-0.0007702915268466739,-0.00020037023196934175,0.00021897151192721984,-0.0001298950655126478,-0.00014424301444730366,-6.063525694025571e-05,0.0007831929135946458,3.601740816298503e-05,0.006647733488631968,0.0,0.0,6.781553049450327e-05,-0.00046900028961095356,-0.0003958158238344414,-0.0005010554818482599,-0.00021353005393379975,0.0,-0.0002455836925316475,0.0,-0.00111230267015208,-0.00031142800755011617,-0.00018660751964866414,-0.0002756287326191129,3.338042661549808e-05,-5.373868269618977e-05,-0.0003182595836952379,0.0,0.0004241769857452765,-5.3771028371191095e-05,-0.00037392070404681274,-0.00048409122714245336,-0.00033652098893326014,5.494193810398416e-06,-0.0005539690822433847,0.0,0.0,0.0,0.0,0.0,0.0,0.0,0.0,4.573726428754741e-05,0.0,0.0
2025-06-11,0.00010478873158383943,0.0010236713752158197,0.0,2.0919483606547543e-06,-7.076793847299769e-05,-0.00015342755410635014,9.660065671985598e-05,-0.00014118914582192396,0.0003441934879486327,-0.0016491393230786886,-0.0019685031873133115,-1.784050081101855e-05,0.0,0.027920867473348113,-0.0031929699388214437,-0.00015916980322205424,-0.0005371819684117159,3.118395202951844e-05,-0.0003242940685693556,0.015985779379661127,0.00018022780812045047,-0.0013614700677210985,-6.621611692163285e-05,0.0005825216840225205,-8.592724947268591e-05,-0.0016460632923389392,1.599503246197973e-05,0.0001270803715736999,0.0003979895243588022,-1.5349121551358976e-06,0.0015137992007813838,-4.241738594787318e-05,0.0011293317969429623,-0.0006169960065006762,-0.0007184339642419756,0.0,0.0008792651546737356,0.0002806362645322057,-8.144730395465511e-05,0.0,6.584322221019102e-05,0.0005803350885402713,-0.0004990676097798453,0.00031384861613100286,-0.0001010298344442356,-0.0007883894826522875,-2.133930994331201e-05,-0.0005604556970269735,-0.0003931066496614419,-0.0007003718008820649,0.0002927793903082537,0.0013395265284544655,-0.00016524568883937647,-0.00040405283155083553,-0.00047264727560545846,3.570114031673016e-05,-9.771636980407543e-05,-0.00014172254269883368,-0.0001841782592863177,0.0,-0.000348788345307069,0.0,-0.0008477753995040233,-0.00021328685673234498,-0.0004719914583377472,0.00018719261734981234,0.0001440115233260727,-0.00019266194575860688,-0.0001298950655126478,-0.00014424301444730366,1.8861057815815653e-05,0.0007831929135946458,3.601740816298503e-05,0.006411867840388245,0.0,0.0,6.781553049450327e-05,0.0017520020698382171,0.004896834393046563,0.0014114264989244728,6.630877830106905e-05,0.0,-0.0002455836925316475,0.0,-0.0008122029037214169,-0.00039032821791039953,-0.00018660751964866414,-0.0002756287326191129,3.338042661549808e-05,-5.373868269618977e-05,0.0004208322424015222,0.0,0.0004241769857452765,-0.0001388721871463001,-0.00010198985439642491,-0.00041404636688503873,-0.000924538180861683,5.494193810398416e-06,-0.00015574382042729903,0.0,0.0,0.0,0.0,0.0,0.0,0.0,0.0,6.487233898330825e-05,0.0,0.0
2025-06-18,0.00010478873158383943,-0.002305227792598973,0.0,2.588236609581689e-05,-0.0002522880998954642,-0.0002638542843839642,0.00014686691496590366,-0.00014118914582192396,0.0003441934879486327,-0.001722338270894615,-0.0023841867955904286,0.0008254205041897918,0.0,-0.03215812405706562,-0.003979176455712423,0.000608962786709305,-0.0005371819684117159,-2.191106153333309e-06,-0.0003242940685693556,0.015893598585371517,0.0012488727682155234,-0.0015829696945889365,-6.621611692163285e-05,0.0005825216840225205,-5.04488151841496e-06,6.51841937337964e-05,3.9990148082464193e-05,0.0001270803715736999,0.0003979895243588022,5.903218878230977e-05,0.0016675209491857378,-6.54874610536486e-05,0.0012977166595420785,-0.0006169960065006762,-0.0009539133203845,0.0,0.0008841985994808889,0.0002580072354637907,-8.144730395465511e-05,0.0,6.584322221019102e-05,0.0006257018087795236,-0.00045134807683242157,0.0003039896672664135,-0.0001010298344442356,-0.0007883894826522875,-2.133930994331201e-05,-0.00019250965545239803,-0.0003931066496614419,-0.0006776562275737155,0.0002927793903082537,0.0028831295019193454,-0.00016524568883937647,-0.000687510421238708,-0.0009100334467607803,-0.00016006396649642033,-9.771636980407543e-05,-0.00014172254269883368,-0.0001841782592863177,0.0,-0.00031954262939644644,0.0,-0.0005229147240515932,-0.00021328685673234498,-0.00045808415349912426,0.00018422847597993208,0.0005138525328204299,-0.0001572318598961098,-0.0001298950655126478,-0.00011267847809038791,1.8861057815815653e-05,0.0005524379281419768,3.601740816298503e-05,0.006411867840388245,0.0,0.0,6.781553049450327e-05,-0.00046900028961095356,0.0057553143372552525,0.0014114264989244728,-0.00021353005393379975,0.0,-0.0002455836925316475,0.0,-0.00111230267015208,-0.00039032821791039953,0.0004930267973108349,-0.0002756287326191129,3.338042661549808e-05,-2.752126252466333e-05,-3.39933881842774e-05,0.0,0.0004241769857452765,-0.00013784703154645493,-0.00023582724586393563,-0.0002677278717705624,-0.00033652098893326014,-0.0001715686885338048,-3.059810941170117e-05,0.0,0.0,0.0,0.0,0.0,0.0,0.0,0.0,6.487233898330825e-05,0.0,0.0
2025-06-25,-0.0003645112598346618,0.0010236713752158197,0.0,0.00011892727217241452,-7.076793847299769e-05,-0.0002406583941444778,-0.0008856084181903239,-0.00014118914582192396,0.0002963528248705247,-0.001722338270894615,-0.0020504274204048104,-0.0001219427258194272,0.0,0.01529446574927481,0.005254096853900132,-0.00015916980322205424,0.0007686645222090468,3.118395202951844e-05,0.0003052658632224031,0.016566308850721367,0.00018022780812045047,-0.0012691184857350016,-6.621611692163285e-05,0.0005825216840225205,-8.592724947268591e-05,-0.0016460632923389392,-5.175593862063764e-05,-8.934902637793361e-05,0.00012052496548702408,-1.5349121551358976e-06,0.0003526143070210001,-4.241738594787318e-05,8.478401541592211e-05,-0.0006169960065006762,0.0022307473854610467,0.0,-0.0018120184479123564,0.000272500089495281,-5.053280848767778e-05,0.0,6.584322221019102e-05,0.0007611701083390053,-0.000612627859273741,0.0003147568405531006,-0.0001010298344442356,-0.0007883894826522875,-2.5470249871980056e-05,-0.00024566405036399486,-0.00036995703698916864,-0.0005590250226914133,0.0002927793903082537,0.0012938237585044395,-0.00016524568883937647,-0.00037670789906592305,-0.00037947000139048053,3.570114031673016e-05,-9.771636980407543e-05,-0.00014172254269883368,-0.0001841782592863177,0.0,-0.00031954262939644644,0.0,-0.0005229147240515932,-0.00021328685673234498,0.002108591576331636,-0.0007247142808317314,-0.00046823685906314735,-0.00019266194575860688,-0.0001298950655126478,-0.00014424301444730366,-6.063525694025571e-05,0.0007831929135946458,3.601740816298503e-05,0.006596761876237072,0.0,0.0,-0.00017499289123374496,0.0034812918633414193,0.012677629772719665,0.0014114264989244728,-0.0001933095942615457,0.0,-0.0002455836925316475,0.0,-0.0008122029037214169,-0.00039032821791039953,0.0009346190179013605,0.00011096760479833263,3.338042661549808e-05,-5.373868269618977e-05,0.0003048382520051066,0.0,0.0004241769857452765,0.0001419024497799143,9.622701513569349e-05,-0.0003765042362384144,-0.000924538180861683,-0.0001715686885338048,-0.00015574382042729903,0.0,0.0,0.0,0.0,0.0,0.0,0.0,0.0,4.573726428754741e-05,0.0,0.0
2025-07-02,-0.0003645112598346618,0.00165281193874084,0.0,-7.889908698971044e-05,0.0007328450546939577,-6.229640250399978e-05,0.0002180942215181904,5.4707340259767034e-05,0.0002963528248705247,-0.001722338270894615,-0.0020504274204048104,-0.0001219427258194272,0.0,0.03498354161676157,0.004176857662057938,5.163247584602836e-05,0.0007686645222090468,0.0019220863527281773,0.0003241728920523206,0.014928592801089602,-0.001639823215791174,-0.0010267156719051289,-6.621611692163285e-05,-0.00486096389521738,0.00014396867458819833,0.0020473215507456435,-0.00011718680264901484,-8.934902637793361e-05,0.00026785120630532227,-1.5349121551358976e-06,0.0004370522748822095,-4.241738594787318e-05,0.00028607522906220963,-0.0006146647249482735,0.0016774154075037588,0.0,-0.0018674240628557756,0.00025188867037297786,-8.144730395465511e-05,0.0,6.584322221019102e-05,-0.0021067577821719304,-0.000612627859273741,0.0003147568405531006,-0.0001010298344442356,-0.0007883894826522875,-4.734223736209845e-05,-0.0012482762728256165,-0.0004649822706160999,-0.0005590250226914133,-0.00043780826134160014,0.0008900441627776171,-0.0002569157722663104,-0.0010178586968254669,-0.00046995926335506436,3.570114031673016e-05,-9.771636980407543e-05,-0.00014172254269883368,-0.0001841782592863177,0.0,-0.0005799576290824587,0.0,-0.0008477753995040233,-0.0003396538180840155,-0.0004719914583377472,0.0019976585167420747,0.0004837209190914252,0.00013505608083496108,0.0003282920063702741,-0.00014424301444730366,-6.063525694025571e-05,0.0007361161289542666,3.601740816298503e-05,-0.0010868907685520478,0.0,0.0,-0.00014549859266082757,0.0034812918633414193,0.013328956457580688,0.0015195410585811453,-0.0001933095942615457,0.0,5.2080369700615285e-05,0.0,-0.0008122029037214169,-0.00039032821791039953,-0.00018660751964866414,-0.0002756287326191129,3.338042661549808e-05,-5.373868269618977e-05,0.0003417124861583201,0.0,-0.0004046562715599563,-0.0005375604204299904,9.622701513569349e-05,-0.0003064593759809998,-0.000924538180861683,-0.0001715686885338048,-0.0006546582458101238,0.0,0.0,0.0,0.0,0.0,0.0,0.0,0.0,4.573726428754741e-05,0.0,0.0
2025-07-09,0.00010478873158383943,0.0010236713752158197,0.0,-0.0005760949594143157,0.0007328450546939577,-6.229640250399978e-05,9.660065671985598e-05,5.4707340259767034e-05,0.0003441934879486327,-0.001722338270894615,-0.0019685031873133115,0.0008254205041897918,0.0,0.02986479481162705,-0.0026875844768700806,5.163247584602836e-05,-0.0005371819684117159,0.0007330677453165317,-0.0003053870397394381,0.0160701777917689,0.00018022780812045047,-0.0013614700677210985,-6.621611692163285e-05,0.0007057883476641074,0.00014396867458819833,0.002347619032576592,-5.175593862063764e-05,0.0001270803715736999,-9.48311783508562e-06,-1.5349121551358976e-06,0.00041696329321324753,-4.241738594787318e-05,0.00028607522906220963,-0.0003281240992464681,0.0016774154075037588,0.0,-0.0018674240628557756,0.0002728078918599734,-8.144730395465511e-05,0.0,6.584322221019102e-05,-0.0021067577821719304,-0.0006432707181214713,0.00031384861613100286,-0.0001010298344442356,-0.0007883894826522875,-4.734223736209845e-05,-0.001214958390524545,-0.00048813188328837315,-0.0008118723032181218,-0.0005535554578398807,0.0010079913854481619,0.00046890047207488793,-0.0010178586968254669,-0.0005626285403303535,3.570114031673016e-05,-9.771636980407543e-05,-0.00014172254269883368,-0.0001841782592863177,0.0,-0.0004452748711334625,0.0,-0.00047354921721213595,-0.0003396538180840155,-0.0004719914583377472,0.00023692354544638133,0.0005138525328204299,0.00013505608083496108,0.0003282920063702741,-0.00014424301444730366,1.8861057815815653e-05,0.0007831929135946458,3.601740816298503e-05,-0.0010752952628791574,0.0,0.0,-0.00014549859266082757,-0.0003784786225769479,0.004042152407950146,0.0015195410585811453,-0.0001933095942615457,0.0,-0.0002455836925316475,0.0,0.0008560546294906326,-0.00039032821791039953,-0.00018660751964866414,-0.0006683868261420704,3.338042661549808e-05,-5.373868269618977e-05,0.0004208322424015222,0.0,-0.0004046562715599563,-0.0008183350573562048,-0.00023582724586393563,-0.0003064593759809998,-0.00033652098893326014,-0.0001715686885338048,-0.00015574382042729903,0.0,0.0,0.0,0.0,0.0,0.0,0.0,0.0,6.487233898330825e-05,0.0,0.0
2025-07-16,-0.0003645112598346618,0.0010236713752158197,0.0,-0.0006530284973309413,0.0007328450546939577,-6.229640250399978e-05,-0.00044049948212829433,5.4707340259767034e-05,0.00030978677467460424,-0.001722338270894615,-0.0019685031873133115,0.0008254205041897918,0.0,0.0365895492618984,0.0027567058464180016,5.163247584602836e-05,0.0007686645222090468,0.0019067580937788167,-5.132570308620487e-05,0.016598430909794203,0.00018022780812045047,-0.0010267156719051289,-6.621611692163285e-05,0.0007057883476641074,-8.592724947268591e-05,0.002347619032576592,-5.175593862063764e-05,-8.934902637793361e-05,0.0002714677246149148,-1.5349121551358976e-06,0.00032173411243124157,-4.241738594787318e-05,0.00028607522906220963,-0.0006146647249482735,0.0016774154075037588,0.0,-0.0018087513297390444,0.0002728078918599734,-8.144730395465511e-05,0.0,6.584322221019102e-05,-0.0021616839051629595,-0.000612627859273741,0.0003147568405531006,-0.0001010298344442356,-0.0007883894826522875,-4.734223736209845e-05,-0.001364353672603962,-0.0004649822706160999,-0.0008118723032181218,-0.0005535554578398807,0.0008371532136764342,0.00046890047207488793,-0.0010178586968254669,-0.0005780919867494225,3.570114031673016e-05,-9.771636980407543e-05,-0.00014172254269883368,0.0007625402972943725,0.0,-0.0004452748711334625,0.0,-0.0008477753995040233,-0.0003396538180840155,0.0007957343762643638,-0.0007702915268466739,0.00016052470028236134,0.00013505608083496108,-0.0001298950655126478,-0.00014424301444730366,1.8861057815815653e-05,0.0007361161289542666,3.601740816298503e-05,-0.0010876294596975375,0.0,0.0,-0.00014549859266082757,0.00019803721436865366,-0.002714684384008625,0.0015195410585811453,6.002959673926003e-05,0.0,-0.0002455836925316475,0.0,-0.0008122029037214169,-0.00039032821791039953,-0.00018660751964866414,-0.00028179048872462487,3.338042661549808e-05,-5.373868269618977e-05,0.0003417124861583201,0.0,-0.0004046562715599563,-0.0007350156447918204,-0.00037392070404681274,-0.0003064593759809998,-0.00033652098893326014,-0.0001715686885338048,-0.0005539690822433847,0.0,0.0,0.0,0.0,0.0,0.0,0.0,0.0,6.487233898330825e-05,0.0,0.0
2025-07-23,0.00010478873158383943,0.0010236713752158197,0.0,-0.0005760949594143157,0.0005505180788333752,-6.229640250399978e-05,0.00014686691496590366,4.2786912725955965e-05,-0.0007320643421440926,-0.001722338270894615,-0.0019685031873133115,0.0008254205041897918,0.0,0.0094869022351865,-0.004016927784314441,5.163247584602836e-05,-0.0005371819684117159,0.0019067580937788167,9.544381231448697e-05,0.015953603141579425,-1.3001110339620697e-05,-0.0012555834231647767,0.0007432188295859134,0.0002172761437641361,0.00014396867458819833,0.002347619032576592,-5.175593862063764e-05,-8.934902637793361e-05,0.0002714677246149148,-1.5349121551358976e-06,-0.0005455842504412916,-1.9466774217974547e-05,0.00028607522906220963,-0.0006146647249482735,0.00267637624057674,0.0,-0.003946622358638781,0.0002728078918599734,-8.144730395465511e-05,0.0,6.584322221019102e-05,-0.001924207791546223,-0.0006432707181214713,0.0003039896672664135,-0.0007446373995918678,-0.0007883894826522875,-4.734223736209845e-05,-0.0011228750228464651,-0.00048813188328837315,-0.0008118723032181218,-0.0005535554578398807,0.0010079913854481619,0.00046890047207488793,-0.0011927703224583212,-0.0005626285403303535,3.570114031673016e-05,-9.771636980407543e-05,-0.00014172254269883368,0.0008535234587299184,0.0,-0.0005507119131718362,0.0,-0.0005229147240515932,-0.00021328685673234498,-0.0004719914583377472,0.0012955998791489352,0.0005138525328204299,0.00013505608083496108,-0.0001298950655126478,-0.00014424301444730366,1.8861057815815653e-05,0.0007361161289542666,3.601740816298503e-05,-0.0010752952628791574,0.0,0.0,-0.00014549859266082757,0.00019803721436865366,0.004051244981137318,0.0015195410585811453,-0.0001933095942615457,0.0,5.2080369700615285e-05,0.0,-0.0008122029037214169,-0.00039032821791039953,-9.843851452229865e-05,-0.0006683868261420704,6.574428380420072e-05,-5.373868269618977e-05,0.0003417124861583201,0.0,-0.00044797979044144254,-0.0007350156447918204,-0.00023582724586393563,-0.0003064593759809998,-0.00033652098893326014,-0.0001715686885338048,-0.0005539690822433847,0.0,0.0,0.0,0.0,0.0,0.0,0.0,0.0,6.487233898330825e-05,0.0,0.0
2025-07-30,-0.0003645112598346618,0.00165281193874084,0.0,-0.0005760949594143157,0.0005505180788333752,-6.229640250399978e-05,-0.00039023322388224665,4.2786912725955965e-05,-0.0006835089974491372,-0.002145926913467807,-0.0019685031873133115,0.0008254205041897918,0.0,0.01987051893136383,0.002799991589504434,5.163247584602836e-05,0.0007686645222090468,0.002016489814019848,0.000452035378623095,0.016598430909794203,0.00018022780812045047,-0.0011632318411786797,0.0007432188295859134,0.0007057883476641074,0.00014396867458819833,0.0020473215507456435,-5.175593862063764e-05,-8.934902637793361e-05,-0.0004109176117122394,-1.5349121551358976e-06,-0.0004496293553490809,-1.9466774217974547e-05,0.00028607522906220963,-0.0006146647249482735,0.0028266704933744917,0.0,-0.0038880564327237258,0.0002806362645322057,-8.144730395465511e-05,0.0,6.584322221019102e-05,-0.0021616839051629595,-0.000612627859273741,0.0003147568405531006,-0.0007446373995918678,-0.0007883894826522875,-4.734223736209845e-05,-0.001110458057382074,-0.00036995703698916864,-0.0008118723032181218,-0.00043780826134160014,0.0009622886154981359,0.00046890047207488793,-0.0009393603274585699,-0.0005780919867494225,3.570114031673016e-05,-9.771636980407543e-05,-0.00014172254269883368,0.0008535234587299184,0.0,-0.00041602915522284006,0.0,-0.003284061514322988,-0.00021328685673234498,-0.0005418091382817793,-0.0007276784222016116,0.0005138525328204299,0.00013505608083496108,-0.0001298950655126478,-0.00014424301444730366,1.8861057815815653e-05,0.0007361161289542666,3.601740816298503e-05,0.0066731249020025914,0.0,0.0,-0.00017499289123374496,-0.00046900028961095356,-0.0026976069551183438,-0.000549253672376956,-0.0001933095942615457,0.0,-0.0002455836925316475,0.0,-0.00111230267015208,-0.00031142800755011617,-0.00018660751964866414,-0.0006683868261420704,6.574428380420072e-05,-5.373868269618977e-05,0.0003417124861583201,0.0,-0.00022722316539809797,-0.00080622723620208,-0.00041860169548258905,-0.0003064593759809998,-0.00033652098893326014,-0.0001715686885338048,-0.00015574382042729903,0.0,0.0,0.0,0.0,0.0,0.0,0.0,0.0,4.573726428754741e-05,0.0,0.0
2025-08-06,-0.0003645112598346618,0.00165281193874084,0.0,-0.0005286068669697182,0.0005505180788333752,0.000849202641360122,0.0002180942215181904,4.2786912725955965e-05,-0.0006835089974491372,0.00013339435926670455,-0.0019162237020922321,-0.0001219427258194272,0.0,0.0364711680479389,0.005302132042466547,0.0016976773730254793,0.0007686645222090468,0.0020011615550704874,0.000452035378623095,0.016176618615999644,0.00018022780812045047,-0.0009208290273488072,0.0007432188295859134,0.00047976068691946876,0.00014396867458819833,0.002347619032576592,0.0001734749054236258,0.0001270803715736999,0.0002714677246149148,-1.5349121551358976e-06,-0.0004439886324681168,-1.9466774217974547e-05,0.0002900624171766396,-0.0006146647249482735,0.002588582678708463,0.0,-0.003311634549990423,0.0002806362645322057,-8.144730395465511e-05,0.0,6.584322221019102e-05,-0.002411563136031644,-0.000612627859273741,0.0003147568405531006,0.00027500472278085743,-0.0007883894826522875,-5.14731772907665e-05,-0.0022175758391725646,-0.00019383775467205562,-0.0007003718008820649,-0.00043780826134160014,0.0008828559836264602,-0.00016524568883937647,0.004572077878821414,-0.0008827897405799504,3.570114031673016e-05,-0.0001014223162527924,-0.00014172254269883368,0.0008535234587299184,0.0,0.0008248867414904324,0.0,-0.003608922189775418,-0.0003396538180840155,0.0007957343762643638,-0.0007702915268466739,-0.00020037023196934175,-0.00019266194575860688,-0.0001298950655126478,-0.00014424301444730366,-6.063525694025571e-05,0.0007361161289542666,3.601740816298503e-05,0.006135608625649659,0.0,0.0,-3.709501225804664e-05,-0.00046900028961095356,-0.002683305254472902,-0.0004262562604008748,-0.0001933095942615457,0.0,-0.0002455836925316475,0.0,-0.00111230267015208,-0.00031142800755011617,-0.00018660751964866414,-0.00028179048872462487,6.574428380420072e-05,-5.373868269618977e-05,0.0003839580082483087,0.0,-0.00044797979044144254,-0.00080622723620208,-0.00041860169548258905,-0.0003765042362384144,-0.00033652098893326014,-0.00010329784766659596,-0.00015574382042729903,0.0,0.0,0.0,0.0,0.0,0.0,0.0,0.0,4.573726428754741e-05,0.0,0.0
2025-08-13,0.00010478873158383943,0.0010236713752158197,0.0,-0.0005326643644034578,0.0005505180788333752,-0.00014952724254212746,9.660065671985598e-05,4.2786912725955965e-05,0.00033075953814455314,0.00010278943365738907,-0.001998147935183731,0.0008254205041897918,0.0,0.03471489251244779,-0.003727775871481245,5.163247584602836e-05,-0.0005371819684117159,0.002016489814019848,-0.0004618403630568892,0.016262063011495263,0.00018022780812045047,-0.0010131806093349042,0.0007432188295859134,0.00039713831837541057,-8.592724947268591e-05,0.0020473215507456435,0.0001734749054236258,0.0001270803715736999,0.00026785120630532227,-1.5349121551358976e-06,-0.0005806673366306792,-1.9466774217974547e-05,0.0002900624171766396,-0.0006146647249482735,0.002588582678708463,0.0,-0.003311634549990423,0.0002806362645322057,-8.144730395465511e-05,0.0,6.584322221019102e-05,-0.002356637013040615,-0.0006432707181214713,0.00031384861613100286,0.00027500472278085743,-0.0007883894826522875,-4.734223736209845e-05,-0.002229992804636956,-0.00021698736734432892,-0.00044752452035535644,-0.0005535554578398807,0.0008828559836264602,-0.00016524568883937647,0.004844892182629096,-0.0007746570171855925,3.570114031673016e-05,-9.771636980407543e-05,-0.00014172254269883368,0.0008535234587299184,0.0,0.00042643576528929994,0.0,-0.003608922189775418,-0.0003396538180840155,-0.0004719914583377472,0.0018228106165145185,-0.00018023511297851486,-0.00019266194575860688,-0.0001298950655126478,-0.00014424301444730366,1.8861057815815653e-05,0.0007361161289542666,3.601740816298503e-05,0.005899742977405936,0.0,0.0,-3.709501225804664e-05,0.0034812918633414193,0.01319709618075168,0.0011883449023747188,-0.0001933095942615457,0.0,5.2080369700615285e-05,0.0,-0.0008122029037214169,-0.00039032821791039953,-0.00018660751964866414,-0.0006683868261420704,6.574428380420072e-05,-5.373868269618977e-05,0.0004208322424015222,0.0,-0.0004046562715599563,-0.00045424100786560604,5.154602369991723e-05,-0.0003064593759809998,-0.000924538180861683,-0.00010329784766659596,-0.0005539690822433847,0.0,0.0,0.0,0.0,0.0,0.0,0.0,0.0,6.487233898330825e-05,0.0,0.0
2025-08-20,0.00010478873158383943,-0.002305227792598973,0.0,-0.000496019583314122,0.0005505180788333752,-0.00015342755410635014,0.00014686691496590366,5.4707340259767034e-05,0.0003441934879486327,0.00010278943365738907,-0.0019162237020922321,0.0008254205041897918,0.0,-0.0038285283574937216,-0.003634143929790609,5.163247584602836e-05,-0.0005371819684117159,0.002083705151155796,-0.0004618403630568892,0.016052315762637197,-1.3001110339620697e-05,-0.0012555834231647767,0.0007432188295859134,0.0004351391566693114,-8.592724947268591e-05,7.527255776571413e-05,-5.175593862063764e-05,-8.934902637793361e-05,0.00026785120630532227,5.903218878230977e-05,-0.0007216124078179119,-7.055974594911019e-06,0.0003023704128202522,-0.0006146647249482735,0.0028266704933744917,0.0,0.0001742282900794531,0.0002806362645322057,-8.144730395465511e-05,0.0,6.584322221019102e-05,-0.0021740870224149075,-0.0006432707181214713,0.0003039896672664135,-1.4552872991083393e-05,-0.0007883894826522875,-4.734223736209845e-05,-0.001700234515518572,-0.00021698736734432892,-0.0006776562275737155,-0.0005298333389114481,0.000999905589801279,-0.00016524568883937647,0.005223301280604584,-0.000886500940344746,3.570114031673016e-05,-9.771636980407543e-05,-0.00014172254269883368,0.0008535234587299184,0.0,0.00045568148119992245,0.0,-0.0005229147240515932,-0.00021328685673234498,-0.0004719914583377472,0.00018422847597993208,0.0005138525328204299,-0.00019266194575860688,0.0003282920063702741,-0.00011267847809038791,1.8861057815815653e-05,0.0005053611435015976,3.601740816298503e-05,0.005899742977405936,0.0,0.0,-3.709501225804664e-05,-0.00046900028961095356,0.00857569467978244,0.0011883449023747188,-0.00021353005393379975,0.0,-0.0002455836925316475,0.0,-0.00111230267015208,-0.00039032821791039953,-9.843851452229865e-05,-0.0006683868261420704,6.574428380420072e-05,-5.373868269618977e-05,-0.00011311314442747952,0.0,-0.0004046562715599563,-0.0007350156447918204,-0.00023582724586393563,-0.0002677278717705624,-0.00033652098893326014,-0.00010329784766659596,-0.0005539690822433847,0.0,0.0,0.0,0.0,0.0,0.0,0.0,0.0,6.487233898330825e-05,0.0,0.0
2025-08-27,0.00010478873158383943,-0.002305227792598973,0.0,-0.00042788291131793033,0.0005505180788333752,-6.229640250399978e-05,-0.00014203177819981254,-0.00014118914582192396,0.0003441934879486327,0.00010553128369332861,-0.0019162237020922321,0.0008254205041897918,0.0,-0.014770043608013735,-0.003104964018506341,5.163247584602836e-05,-0.0005371819684117159,0.002083705151155796,-0.0004618403630568892,0.01637854983497741,-1.3001110339620697e-05,-0.0012555834231647767,0.0007432188295859134,0.0004351391566693114,0.00014396867458819833,0.0020473215507456435,0.0001734749054236258,-8.934902637793361e-05,0.0002714677246149148,5.903218878230977e-05,-0.0005608533854401052,-7.055974594911019e-06,0.0003023704128202522,-0.0005426605796768444,0.0028266704933744917,0.0,0.0001710679791078175,0.00026696410192298287,-8.144730395465511e-05,0.0,6.584322221019102e-05,-0.002169035296111417,-0.0006309559931826073,0.0003039896672664135,-1.4552872991083393e-05,-0.0007883894826522875,-4.734223736209845e-05,-0.0016544996677531091,-0.00021698736734432892,-0.0007003718008820649,-0.0005535554578398807,0.0009994782936560119,-0.00016524568883937647,0.00553526613449871,-0.0009591409093572928,3.570114031673016e-05,-9.771636980407543e-05,-0.00014172254269883368,0.0008535234587299184,0.0,0.0019220518460043785,0.0,-0.0005229147240515932,-0.00021328685673234498,-0.0005418091382817793,-0.0003560805261262021,0.0005138525328204299,-0.00019266194575860688,0.0003282920063702741,-0.00011267847809038791,1.8861057815815653e-05,0.0005053611435015976,3.601740816298503e-05,0.006055857314410557,0.0,0.0,-3.709501225804664e-05,-0.00046900028961095356,-0.0026131741415866125,0.0011883449023747188,-0.00021353005393379975,0.0,-0.0002455836925316475,0.0,-0.00111230267015208,-0.00039032821791039953,-9.843851452229865e-05,-0.0006683868261420704,6.574428380420072e-05,-2.752126252466333e-05,-0.00011311314442747952,0.0,-0.0001290328199167976,-0.0007339904891919754,-0.00037392070404681274,-0.0002677278717705624,-0.00033652098893326014,3.3079368976202454e-06,0.0005739001887142324,0.0,0.0,0.0,0.0,0.0,0.0,0.0,0.0,6.487233898330825e-05,0.0,0.0
2025-09-03,0.00019731152978006686,0.000838495444813043,0.0,-0.0005760949594143157,0.0005505180788333752,-0.00014952724254212746,0.00016694321199523608,-0.00014118914582192396,-0.0006835089974491372,0.00010278943365738907,-0.0019685031873133115,-0.0001219427258194272,0.0,0.010178746737069554,0.006051112151361305,5.163247584602836e-05,0.0007686645222090468,0.0019220863527281773,-2.6994165277749904e-05,0.01679516681500506,-1.3001110339620697e-05,-0.0011632318411786797,0.0007432188295859134,0.00042524995723312056,0.00014396867458819833,0.001235027400403844,-5.175593862063764e-05,0.0001270803715736999,0.0003702261443482342,-1.5349121551358976e-06,-0.0005455842504412916,-1.9466774217974547e-05,0.0002900624171766396,-0.0006146647249482735,0.00267637624057674,0.0,1.864639593534988e-05,0.0002728078918599734,-8.144730395465511e-05,0.0,6.584322221019102e-05,-0.0019791339145372525,-0.0005632096937340796,0.0003147568405531006,-1.4552872991083393e-05,-0.0002082120521357803,-5.14731772907665e-05,-0.0009486458098382658,-0.0004649822706160999,-0.0008118723032181218,-0.0005298333389114481,-0.005252637820132148,-7.750426300366599e-05,-0.0010452036293103794,0.00022436097405355575,3.570114031673016e-05,-9.771636980407543e-05,-0.00014172254269883368,0.0008535234587299184,0.0,0.0019220518460043785,0.0,-0.0005229147240515932,-0.00021328685673234498,-0.0005418091382817793,-0.0019377749228663423,-0.00046823685906314735,-0.00019266194575860688,0.0003282920063702741,-0.00014424301444730366,-6.063525694025571e-05,0.0007361161289542666,3.564214122547179e-07,-0.001099224965370428,0.0,0.0,-7.600713685129269e-06,-0.00039777034205765735,-0.0027198935114668963,0.0005872852517019728,-0.00021353005393379975,0.0,-0.0002455836925316475,0.0,-0.00111230267015208,-5.6409801415307484e-05,-0.00018660751964866414,-0.0006683868261420704,6.574428380420072e-05,-5.373868269618977e-05,0.0003839580082483087,0.0,-0.00017235633879828384,0.0004899132408025499,-0.00037392070404681274,-0.00033777273202797704,-0.00033652098893326014,-0.00010329784766659596,-0.0005539690822433847,0.0,0.0,0.0,0.0,0.0,0.0,0.0,0.0,-0.0007713910853651563,0.0,0.0
2025-09-10,0.00010478873158383943,-0.002124200745372366,0.0,-0.0005760949594143157,-0.00025309491433358013,-0.00014952724254212746,0.0002791951223955272,-0.00014118914582192396,-0.0007320643421440926,0.00013339435926670455,-0.002166662555798892,0.0008254205041897918,0.0,0.007714500989216568,-0.0026274465208912514,5.163247584602836e-05,-0.0005371819684117159,0.0019220863527281773,-0.0005653713118192086,-4.633441211552245e-05,0.0006022093397348604,-0.0012555834231647767,0.0007432188295859134,0.00039764264154119953,-8.592724947268591e-05,0.0019166381850029663,-5.175593862063764e-05,-8.934902637793361e-05,-0.00031215919197891996,-1.5349121551358976e-06,-0.0010168258369347568,-1.9466774217974547e-05,0.0002900624171766396,-0.0005426605796768444,0.00267637624057674,0.0,1.864639593534988e-05,0.0002728078918599734,-8.144730395465511e-05,0.0,6.584322221019102e-05,-0.0019791339145372525,-0.0005938525525818098,0.0003039896672664135,-1.4552872991083393e-05,-0.00046999303526090757,-4.734223736209845e-05,-0.0009419367188083529,-0.00048813188328837315,-0.0008118723032181218,-0.0005535554578398807,-0.005256040260140063,-0.00016524568883937647,-0.0010452036293103794,0.00021626637448813777,3.570114031673016e-05,-9.771636980407543e-05,-0.00014172254269883368,0.0008535234587299184,0.0,0.0019220518460043785,0.0,-0.0005229147240515932,-0.00021328685673234498,-0.0005418091382817793,-0.0007276784222016116,-0.00046823685906314735,-0.00019266194575860688,-0.0001298950655126478,-0.00011267847809038791,1.8861057815815653e-05,0.00046901355634019386,3.564214122547179e-07,-0.0010876294596975375,0.0,0.0,-7.600713685129269e-06,-0.0004423649783273344,-0.002722768845113942,-0.00037805806987217886,-0.00021353005393379975,0.0,-0.00020280273584355853,0.0,-0.00111230267015208,2.249040894497588e-05,-9.843851452229865e-05,-0.0006683868261420704,6.574428380420072e-05,-5.373868269618977e-05,0.0003048382520051066,0.0,4.840028624506073e-05,0.0004899132408025499,-0.00037392070404681274,-0.0002677278717705624,-0.00033652098893326014,-0.00010329784766659596,0.00044875447769863455,0.0,0.0,0.0,0.0,0.0,0.0,0.0,0.0,-0.0007713910853651563,0.0,0.0
2025-09-17,0.00010478873158383943,-0.002124200745372366,0.0,-0.0005760949594143157,-0.00025309491433358013,-0.0002406583941444778,0.0002791951223955272,-0.00014118914582192396,0.0003441934879486327,0.00013339435926670455,-0.002166662555798892,0.0008254205041897918,0.0,0.0034903566470966298,-0.0025772725589578347,5.163247584602836e-05,-0.0005371819684117159,0.0019220863527281773,-0.0005653713118192086,-0.0005896307029341398,-4.9266453801968814e-05,-0.0012555834231647767,0.0007432188295859134,0.00039764264154119953,-8.592724947268591e-05,-0.00037727082695366817,-0.00011718680264901484,0.0001270803715736999,0.0003702261443482342,-1.5349121551358976e-06,-0.0009537444994979112,-1.9466774217974547e-05,0.0002900624171766396,-0.0006146647249482735,0.00267637624057674,0.0,1.864639593534988e-05,0.0002728078918599734,-8.144730395465511e-05,0.0,0.00021822046039415927,-0.0019791339145372525,-0.0005938525525818098,0.0003039896672664135,-1.4552872991083393e-05,-0.00046999303526090757,-4.734223736209845e-05,-0.0009419367188083529,-0.00048813188328837315,-0.0008118723032181218,-0.0005298333389114481,-0.005470519965868243,-0.00016524568883937647,-0.0010452036293103794,0.00022436097405355575,3.570114031673016e-05,-9.771636980407543e-05,-0.00014172254269883368,0.0008535234587299184,0.0,0.0019220518460043785,0.0,-0.0005229147240515932,-0.00021328685673234498,-0.0005418091382817793,-0.0007276784222016116,-0.00046823685906314735,0.00021897151192721984,-0.0001298950655126478,-0.00011267847809038791,1.8861057815815653e-05,0.00046901355634019386,3.564214122547179e-07,-0.0010876294596975375,0.0,0.0,-7.600713685129269e-06,-0.0004423649783273344,-0.0027032580170102288,-0.00037805806987217886,-0.00021353005393379975,0.0,-6.100956970597145e-05,0.0,-0.00111230267015208,2.249040894497588e-05,-9.843851452229865e-05,-0.0006683868261420704,6.574428380420072e-05,-5.373868269618977e-05,-7.086762233749088e-05,0.0,-0.0001290328199167976,0.0004899132408025499,-0.00037392070404681274,-0.0002677278717705624,-0.00033652098893326014,-0.00010329784766659596,-0.0005539690822433847,0.0,0.0,0.0,0.0,0.0,0.0,0.0,0.0,-0.0007713910853651563,0.0,0.0
2025-09-24,0.00010478873158383943,-0.002124200745372366,0.0,-0.0002662945045204437,-0.00025309491433358013,-0.0002406583941444778,-0.00029650472141324366,-0.00014118914582192396,-0.0007320643421440926,0.00015151409498875403,-0.002166662555798892,-1.784050081101855e-05,0.0,-0.010331408641294016,-0.0030034521862163685,5.163247584602836e-05,-0.0005371819684117159,0.0019893016898641256,-0.0005653713118192086,-0.0006120977119039601,-4.9266453801968814e-05,-0.0012555834231647767,0.0007432188295859134,0.00039764264154119953,-8.592724947268591e-05,-0.002289823040507403,-5.175593862063764e-05,-8.934902637793361e-05,-0.0002481933859425664,5.903218878230977e-05,-0.0018005479992782994,-7.055974594911019e-06,-0.00013286756086239456,-0.0006146647249482735,0.00267637624057674,0.0,0.00010381877028614428,0.0002728078918599734,-8.144730395465511e-05,0.0,0.00033543985680561857,-0.0019191560652427322,-0.0005815378276429458,0.00038227729236176694,-1.4552872991083393e-05,-0.00046999303526090757,-4.734223736209845e-05,-0.0009419367188083529,-0.00048813188328837315,-0.0008118723032181218,-0.0005298333389114481,-0.005221530756932111,-0.00016524568883937647,-0.0011537495933653973,0.0017295629999878712,3.570114031673016e-05,-9.771636980407543e-05,-0.00014172254269883368,0.0008535234587299184,0.0,0.0019220518460043785,0.0,-0.0005229147240515932,-0.00021328685673234498,0.00036185804287306177,-0.0003560805261262021,-0.00046823685906314735,0.00021897151192721984,-0.0001298950655126478,-0.00011267847809038791,1.8861057815815653e-05,0.00046901355634019386,3.564214122547179e-07,-0.0010876294596975375,0.0,0.0,-7.600713685129269e-06,0.00022467252565227283,-0.002657846859685924,-0.00037805806987217886,6.630877830106905e-05,0.0,-6.100956970597145e-05,0.0,-0.0008122029037214169,2.249040894497588e-05,-9.843851452229865e-05,0.00012664099095597778,6.574428380420072e-05,-2.752126252466333e-05,-0.00014998737858069303,0.0,-0.00017235633879828384,0.000490938396402395,-0.00037392070404681274,-0.0002677278717705624,-0.00033652098893326014,-0.00010329784766659596,-0.0005539690822433847,0.0,0.0,0.0,0.0,0.0,0.0,0.0,0.0,-0.0007713910853651563,0.0,0.0
2025-10-01,0.00010478873158383943,-0.002124200745372366,0.0,0.0008887449117552683,-0.00025309491433358013,-0.00015342755410635014,0.00038061239016452916,-0.00014118914582192396,-0.0007320643421440926,-7.323436551281398e-05,-0.002166662555798892,-1.784050081101855e-05,0.0,-0.02113726391726897,-0.003475439571852697,5.163247584602836e-05,0.00013007981298797199,0.0019893016898641256,-0.00044293333422697174,-0.0005409460708344671,-0.0001761913278347524,-0.0012600677376518683,0.0007432188295859134,0.00040753184097739036,-8.592724947268591e-05,-0.0023007085934706774,-5.175593862063764e-05,-8.934902637793361e-05,-0.0003469518056758858,5.903218878230977e-05,-0.0017551071393514608,-7.055974594911019e-06,-0.00013286756086239456,-0.0006146647249482735,0.0032969924786192995,0.0,0.00019392458944409206,0.00025913572925075057,-8.144730395465511e-05,0.0,-0.0006690998485381067,0.0019710409199925616,-0.0005649083263263173,-0.003295044322652706,-1.4552872991083393e-05,-0.00046999303526090757,-4.734223736209845e-05,-0.0009419367188083529,-0.00048813188328837315,-0.0008118723032181218,-0.00043552020223623866,0.0009686915466298475,-0.00016524568883937647,-0.0005540680979955516,-0.0008584464555778235,0.0013436503239864477,-9.771636980407543e-05,9.171821690411884e-05,0.0008535234587299184,0.0,0.0019220518460043785,0.0,-0.0005229147240515932,-0.00021328685673234498,-0.0003547409655465104,0.0004990066185540083,0.0001440115233260727,-0.0001341421007972637,-0.0001298950655126478,-0.00011267847809038791,1.8861057815815653e-05,0.00046901355634019386,3.601740816298503e-05,-0.0010876294596975375,0.0,0.0,-7.600713685129269e-06,0.00019803721436865366,-0.0017351804532300878,-0.0004262562604008748,6.630877830106905e-05,0.0,-0.00020280273584355853,0.0,-0.0008122029037214169,-0.00031142800755011617,-9.843851452229865e-05,0.000281115514568409,6.574428380420072e-05,-2.752126252466333e-05,-0.00011311314442747952,0.0,-0.00017235633879828384,-0.0008052020806022348,-0.00037392070404681274,-0.0002677278717705624,-0.00033652098893326014,-0.00010329784766659596,-0.0008063906440365482,0.0,0.0,0.0,0.0,0.0,0.0,0.0,0.0,6.487233898330825e-05,0.0,0.0
2025-10-08,-0.0003645112598346618,0.0009438281450366049,0.0,0.0006965145721510077,-0.00025309491433358013,-0.00015342755410635014,-0.0007379808782128332,5.4707340259767034e-05,0.0003441934879486327,-7.323436551281398e-05,-0.002166662555798892,-1.784050081101855e-05,0.0,-0.01111382969377164,0.00188275976623036,5.163247584602836e-05,0.001149920282296585,0.0019893016898641256,9.544381231448697e-05,-0.0006637858119782532,-4.9266453801968814e-05,-0.0011632318411786797,0.0007432188295859134,0.00040753184097739036,-8.592724947268591e-05,-0.0023007085934706774,0.0001734749054236258,0.0001270803715736999,0.0002714677246149148,5.903218878230977e-05,-0.0015614385044648335,-7.055974594911019e-06,-0.00013286756086239456,-0.0006146647249482735,0.002841326151070247,0.0,0.00010697908125777986,0.0002728078918599734,-8.144730395465511e-05,0.0,-0.0006690998485381067,0.00184147160036953,-0.000600313134334877,-0.002787936971073184,-1.4552872991083393e-05,-0.00046999303526090757,-4.734223736209845e-05,-0.0011350398752275749,-0.0004649822706160999,-0.0007003718008820649,-0.00043552020223623866,0.0009229887766798215,-0.00016524568883937647,-0.0005540680979955516,-0.0006298691150629003,-8.130519004676088e-06,-9.771636980407543e-05,9.171821690411884e-05,0.0008535234587299184,0.0,0.0019220518460043785,0.0,-0.0005229147240515932,-0.00021328685673234498,-0.0002849232856024782,-0.0007276784222016116,0.0001440115233260727,-0.0001341421007972637,-0.0001298950655126478,-0.00014424301444730366,1.8861057815815653e-05,0.000699768541792863,3.601740816298503e-05,-0.0010752952628791574,0.0,0.0,-7.600713685129269e-06,0.00019803721436865366,0.0026257293430537406,-0.0004262562604008748,6.630877830106905e-05,0.0,-0.00020280273584355853,0.0,-0.0008122029037214169,-0.00031142800755011617,-9.843851452229865e-05,0.000281115514568409,6.574428380420072e-05,-2.752126252466333e-05,-3.39933881842774e-05,0.0,-0.0001290328199167976,-0.0008052020806022348,-0.00037392070404681274,-0.00041404636688503873,-0.00033652098893326014,-0.00010329784766659596,-0.0005539690822433847,0.0,0.0,0.0,0.0,0.0,0.0,0.0,0.0,6.487233898330825e-05,0.0,0.0
2025-10-15,-0.0003645112598346618,0.0015729687085616253,0.0,0.00010224404130130824,-0.00025309491433358013,-0.0002406583941444778,0.0005021059549628636,5.4707340259767034e-05,0.00030978677467460424,-7.323436551281398e-05,-0.002166662555798892,-0.0001219427258194272,0.0,0.0077624220487650915,0.004338217691762224,5.163247584602836e-05,0.001149920282296585,0.0019220863527281773,0.0004709424074530125,-0.0006105458004743457,-4.9266453801968814e-05,-0.0011632318411786797,0.0007432188295859134,0.00040753184097739036,-8.592724947268591e-05,-0.0023007085934706774,-5.175593862063764e-05,-8.934902637793361e-05,-0.0003469518056758858,-1.5349121551358976e-06,-0.001624519841901679,-1.9466774217974547e-05,-0.00014517555650600715,-0.0003281240992464681,0.002841326151070247,0.0,0.00010697908125777986,0.0002646717168230487,-8.144730395465511e-05,0.0,-0.0006690998485381067,0.0019047625339232096,-0.000612627859273741,-0.002787936971073184,-1.4552872991083393e-05,-0.00046999303526090757,-4.734223736209845e-05,-0.001089305027462112,-0.0004649822706160999,-0.0008118723032181218,-0.00031977300573795804,0.0009315018684719716,-0.00016524568883937647,-0.00044552213394053364,-0.0005699973871840045,-8.130519004676088e-06,-9.771636980407543e-05,9.171821690411884e-05,0.0008535234587299184,0.0,0.0019220518460043785,0.0,-0.00014868854175970576,-0.00021328685673234498,0.0017619860748398781,-0.0007276784222016116,-0.00046823685906314735,-0.0001341421007972637,-0.0001298950655126478,-0.00014424301444730366,-6.063525694025571e-05,0.000699768541792863,3.601740816298503e-05,-0.001099224965370428,0.0,0.0,-7.600713685129269e-06,-0.0003784786225769479,-0.0024818194476378037,-0.0004262562604008748,6.630877830106905e-05,0.0,-0.00020280273584355853,0.0,0.0008560546294906326,-0.00031142800755011617,-9.843851452229865e-05,7.840472483176825e-05,6.574428380420072e-05,-5.373868269618977e-05,0.0003048382520051066,0.0,-0.0001290328199167976,-0.00080622723620208,-0.00037392070404681274,-0.00041404636688503873,-0.00033652098893326014,-0.00010329784766659596,-0.0005539690822433847,0.0,0.0,0.0,0.0,0.0,0.0,0.0,0.0,4.573726428754741e-05,0.0,0.0
2025-10-22,0.00010478873158383943,0.0009438281450366049,0.0,0.000827583576592746,-0.00015406811092430673,-0.00015342755410635014,0.00038061239016452916,5.4707340259767034e-05,0.0003441934879486327,-0.00010383929112212946,-0.002166662555798892,-1.784050081101855e-05,0.0,0.007673667689124886,-0.0030824581821799896,5.163247584602836e-05,-0.0006621253354816019,0.0019220863527281773,-0.00044293333422697174,-0.0006413188030084328,-4.9266453801968814e-05,-0.0012555834231647767,0.0007432188295859134,0.0004141525329336469,0.00014396867458819833,-4.205188467390944e-05,-5.175593862063764e-05,6.0211556162066525e-05,-0.0003469518056758858,-1.5349121551358976e-06,-0.0018005479992782994,-1.9466774217974547e-05,0.000826736830693162,-0.0005426605796768444,0.002841326151070247,0.0,0.0008642779642619715,0.0002728078918599734,-2.344747424088986e-05,0.0,-0.0006690998485381067,0.0019047625339232096,-0.0006432707181214713,-0.003295044322652706,-1.4552872991083393e-05,-0.00046999303526090757,-4.734223736209845e-05,-0.0010559871451610405,-0.00048813188328837315,-0.0008118723032181218,-0.00043552020223623866,0.0009593134716354884,-0.00016524568883937647,-0.00044552213394053364,-0.0005705053844236934,-8.130519004676088e-06,-9.771636980407543e-05,9.171821690411884e-05,0.0008535234587299184,0.0,0.002320502822205511,0.0,-0.00014868854175970576,-0.00021328685673234498,-0.0003547409655465104,0.0017671514056781892,0.0005138525328204299,0.00019357592579630426,-0.0001298950655126478,-0.00014424301444730366,1.8861057815815653e-05,0.000699768541792863,3.601740816298503e-05,-0.0010172570251915265,0.0,0.0,0.00023520770804311895,0.00019803721436865366,-0.0026767052966536853,0.0011883449023747188,6.630877830106905e-05,0.0,9.486132638870426e-05,0.0,-0.00029566536866212987,-0.00039032821791039953,-9.843851452229865e-05,0.000281115514568409,6.574428380420072e-05,-5.373868269618977e-05,0.0003417124861583201,0.0,-0.0001290328199167976,-0.0007350156447918204,-0.00037392070404681274,-0.00041404636688503873,-0.00033652098893326014,-0.00010329784766659596,0.00044875447769863455,0.0,0.0,0.0,0.0,0.0,0.0,0.0,0.0,6.487233898330825e-05,0.0,0.0
2025-10-29,0.00010478873158383943,-0.002124200745372366,0.0,0.0008887449117552683,-0.00025309491433358013,-6.229640250399978e-05,0.00038061239016452916,5.4707340259767034e-05,0.0003441934879486327,-7.049251547687444e-05,-0.002166662555798892,-1.784050081101855e-05,0.0,-0.015933088668951077,-0.0034419455861408902,5.163247584602836e-05,-0.0006621253354816019,0.0019893016898641256,-0.00044293333422697174,-0.0005711540018420171,-4.9266453801968814e-05,-0.0012555834231647767,0.0007432188295859134,0.00040753184097739036,0.00014396867458819833,0.001131061881267274,-5.175593862063764e-05,-8.934902637793361e-05,-0.0003469518056758858,5.903218878230977e-05,-0.0017551071393514608,-7.055974594911019e-06,0.0008390448263367746,-0.0006146647249482735,0.002991620403867999,0.0,0.0008642779642619715,0.00025913572925075057,-8.144730395465511e-05,0.0,-0.0006690998485381067,0.0019710409199925616,-0.0006309559931826073,-0.003295044322652706,-1.4552872991083393e-05,-0.00046999303526090757,-4.734223736209845e-05,-0.0009419367188083529,-0.00048813188328837315,-0.0008118723032181218,-0.00043552020223623866,0.0010417786235981234,-7.750426300366599e-05,-0.0005540680979955516,-0.0006458405587216581,-8.130519004676088e-06,-9.771636980407543e-05,9.171821690411884e-05,0.0008535234587299184,0.0,0.0019220518460043785,0.0,-0.0005229147240515932,-0.00021328685673234498,-0.0003547409655465104,-0.0011614451642639836,0.0001440115233260727,-0.0001341421007972637,-0.0001298950655126478,-0.00011267847809038791,1.8861057815815653e-05,0.00046901355634019386,3.601740816298503e-05,-0.0006376173977310792,0.0,0.0,0.00023520770804311895,-0.00046900028961095356,-0.0026117833112256675,-0.0004262562604008748,6.630877830106905e-05,0.0,-6.100956970597145e-05,0.0,-0.00111230267015208,-0.00031142800755011617,-9.843851452229865e-05,0.000281115514568409,6.574428380420072e-05,-2.752126252466333e-05,-0.00011311314442747952,0.0,-0.0001290328199167976,-0.0008052020806022348,-0.00037392070404681274,-0.0002677278717705624,-0.00033652098893326014,3.3079368976202454e-06,-3.059810941170117e-05,0.0,0.0,0.0,0.0,0.0,0.0,0.0,0.0,6.487233898330825e-05,0.0,0.0
2025-11-05,0.00019731152978006686,-0.002124200745372366,0.0,0.0010198139161970066,0.00015896794994849743,-0.00014952724254212746,6.786900356832974e-05,5.4707340259767034e-05,0.00030978677467460424,0.00015425594502469357,-0.002166662555798892,2.6356496935034607e-06,0.0,0.010022351532920075,0.00652147339534753,5.163247584602836e-05,0.0007303991317131767,0.0019220863527281773,9.544381231448697e-05,-0.0006428707144380472,-4.9266453801968814e-05,0.0007048957887272826,0.0007432188295859134,0.00040753184097739036,-8.592724947268591e-05,0.0019299971083060199,-5.175593862063764e-05,-8.934902637793361e-05,-0.0007418244817309053,-1.5349121551358976e-06,-0.001624519841901679,-1.9466774217974547e-05,0.000826736830693162,-0.0006146647249482735,0.0032930142473912697,0.0,0.0008642779642619715,0.0002728078918599734,-8.144730395465511e-05,0.0,0.00018306261862165033,0.0019047625339232096,-2.1686272813867046e-05,0.0003831855167838647,-1.4552872991083393e-05,-0.00046999303526090757,-2.5470249871980056e-05,-6.47257463258824e-05,-0.0004649822706160999,-0.0008118723032181218,-0.0004592423211646713,0.0010045889454402474,-0.00016524568883937647,-0.00044552213394053364,-0.0004967133188296341,3.570114031673016e-05,-9.771636980407543e-05,-0.00014172254269883368,0.0008535234587299184,0.0,0.0011798386842127486,0.0,-0.0005229147240515932,-0.00021328685673234498,0.0003934954218455464,-0.0003560805261262021,-0.00046823685906314735,-0.00019266194575860688,-0.0001298950655126478,-0.00011267847809038791,-6.063525694025571e-05,0.00046901355634019386,3.601740816298503e-05,-0.0006492129034039696,0.0,0.0,0.00023520770804311895,-0.00046900028961095356,-0.0026767052966536853,-0.00037805806987217886,6.630877830106905e-05,0.0,-6.100956970597145e-05,0.0,-0.00111230267015208,-0.00031142800755011617,-0.00018660751964866414,0.0002301931562907361,6.574428380420072e-05,-5.373868269618977e-05,0.0003048382520051066,0.0,-0.0005454430169234203,0.0003221361313404253,-0.00034538527031422145,-0.00033777273202797704,-0.00033652098893326014,3.3079368976202454e-06,-0.00015574382042729903,0.0,0.0,0.0,0.0,0.0,0.0,0.0,0.0,6.487233898330825e-05,0.0,0.0
2025-11-12,-0.0003645112598346618,0.0009438281450366049,0.0,0.0010198139161970066,-0.00025309491433358013,-0.00015342755410635014,-0.0007882471364588808,5.4707340259767034e-05,-0.0007320643421440926,0.00015425594502469357,-0.002166662555798892,-1.784050081101855e-05,0.0,0.027475077451861712,0.0017527154720489108,0.0016976773730254793,0.00021675778956198796,0.0019220863527281773,9.544381231448697e-05,-0.000693993742985803,0.00014396246465810236,0.0007048957887272826,0.0007432188295859134,0.00036953100268348954,-8.592724947268591e-05,-0.00038815637991694357,-0.00011718680264901484,-8.934902637793361e-05,-0.00022043000593199828,-1.5349121551358976e-06,-0.0014878962563756816,-1.9466774217974547e-05,0.000826736830693162,-0.0006146647249482735,0.0026015045241953353,0.0,0.0008642779642619715,0.0002728078918599734,-8.144730395465511e-05,0.0,0.00018306261862165033,0.001919373662978478,-2.1686272813867046e-05,0.00039213624122635634,-1.4552872991083393e-05,-0.00046999303526090757,-2.133930994331201e-05,-0.00043267178790045796,-0.0004649822706160999,-0.0008118723032181218,-0.00043552020223623866,0.0008857990985219455,-0.00016524568883937647,-0.00044552213394053364,-0.0004886187192642162,3.570114031673016e-05,-0.0001014223162527924,-0.00014172254269883368,0.0008535234587299184,0.0,0.001394536645721319,0.0,-0.0008477753995040233,-0.00021328685673234498,-0.0003547409655465104,0.0017671514056781892,0.0005138525328204299,0.00013505608083496108,-0.0001298950655126478,-0.00014424301444730366,1.8861057815815653e-05,0.000699768541792863,3.601740816298503e-05,-0.0006376173977310792,0.0,0.0,0.00023520770804311895,-0.00046900028961095356,-0.0026819144241119566,-0.00037805806987217886,6.630877830106905e-05,0.0,0.00023665449252629133,0.0,-0.00111230267015208,-0.00031142800755011617,-0.00018660751964866414,0.0004329039460273769,6.574428380420072e-05,-5.373868269618977e-05,0.0003417124861583201,0.0,-0.0001822227691110747,2.9548384193193273e-05,-0.00034538527031422145,-0.00041404636688503873,-0.00033652098893326014,3.3079368976202454e-06,-0.0005539690822433847,0.0,0.0,0.0,0.0,0.0,0.0,0.0,0.0,6.487233898330825e-05,0.0,0.0
2025-11-19,0.00010478873158383943,0.0009438281450366049,0.0,0.0010198139161970066,-0.00025309491433358013,-0.00015342755410635014,0.00038061239016452916,-0.00014118914582192396,-0.0007320643421440926,0.00015425594502469357,-0.002166662555798892,-1.784050081101855e-05,0.0,0.018736390640889646,-0.0030204639808710486,5.163247584602836e-05,-0.00048492324672824944,0.0019220863527281773,-0.00044293333422697174,-0.0006099807289478086,0.00014396246465810236,0.0008074170389678007,0.0007432188295859134,0.00040753184097739036,-8.592724947268591e-05,-0.0023007085934706774,-5.175593862063764e-05,-8.934902637793361e-05,0.0003979895243588022,-1.5349121551358976e-06,-0.001813388239875568,-1.9466774217974547e-05,0.00039149885701051523,-0.0006146647249482735,0.002839592338861364,0.0,0.0008611176532903359,0.0002728078918599734,-8.144730395465511e-05,0.0,0.00018306261862165033,0.0019047625339232096,3.819498051773899e-05,0.00039213624122635634,-1.4552872991083393e-05,-0.00046999303526090757,-2.133930994331201e-05,-0.00020697490118859154,-0.00048813188328837315,-0.0008118723032181218,-0.00043552020223623866,0.0009315018684719716,-0.00016524568883937647,-0.00044552213394053364,-0.00048811072202452734,3.570114031673016e-05,-9.771636980407543e-05,-0.00014172254269883368,0.0008535234587299184,0.0,0.0011798386842127486,0.0,-0.0005229147240515932,-0.00021328685673234498,-0.0003547409655465104,-0.0007276784222016116,0.0005138525328204299,-0.00019266194575860688,-0.0001298950655126478,-0.00014424301444730366,1.8861057815815653e-05,0.000699768541792863,3.601740816298503e-05,-0.0006376173977310792,0.0,0.0,0.00023520770804311895,0.00019803721436865366,-0.0026676127234665148,-0.00037805806987217886,6.630877830106905e-05,0.0,-6.100956970597145e-05,0.0,-0.0008122029037214169,-0.00031142800755011617,-0.00018660751964866414,0.0004329039460273769,6.574428380420072e-05,-5.373868269618977e-05,0.0003417124861583201,0.0,-0.0001822227691110747,2.9548384193193273e-05,-0.00034538527031422145,-0.00041404636688503873,-0.00033652098893326014,3.3079368976202454e-06,-0.0005539690822433847,0.0,0.0,0.0,0.0,0.0,0.0,0.0,0.0,6.487233898330825e-05,0.0,0.0
2025-11-26,0.00010478873158383943,-0.002124200745372366,0.0,0.0008887449117552683,0.00015896794994849743,-0.0002406583941444778,0.00038061239016452916,-0.00011042481011597728,-0.0007320643421440926,0.00015151409498875403,-0.002166662555798892,-1.784050081101855e-05,0.0,-0.014601914174852045,-0.003309221929989799,5.163247584602836e-05,-0.00048492324672824944,0.0008156113414018405,-0.00044293333422697174,-0.0005409460708344671,-4.9266453801968814e-05,0.0008074170389678007,0.0007432188295859134,0.00040753184097739036,-8.592724947268591e-05,-0.0023007085934706774,-5.175593862063764e-05,-8.934902637793361e-05,-0.00022043000593199828,5.903218878230977e-05,-0.0009713849770079182,-7.055974594911019e-06,0.0008664658739738617,-0.0006146647249482735,0.0032930142473912697,0.0,-0.0023606535601916165,0.00025913572925075057,-8.144730395465511e-05,0.0,0.00018306261862165033,0.0019710409199925616,5.0509705456603006e-05,0.00038227729236176694,-1.4552872991083393e-05,-0.00046999303526090757,-2.133930994331201e-05,-0.00013865932260136686,-0.00048813188328837315,-0.0008118723032181218,-0.00043552020223623866,0.0009686915466298475,-0.00016524568883937647,-0.000526723165510639,-0.0005644618908018698,3.570114031673016e-05,-9.771636980407543e-05,-0.00014172254269883368,0.0008535234587299184,0.0,0.0011798386842127486,0.0,-0.00014868854175970576,-0.00021328685673234498,0.0004633131017895786,0.0004990066185540083,-0.0001967482899348035,0.00013505608083496108,-0.0001298950655126478,-0.00011267847809038791,1.8861057815815653e-05,0.0005160903409805731,3.601740816298503e-05,-0.0007079898322370902,0.0,0.0,0.00023520770804311895,0.00019803721436865366,-0.000497555999785568,-0.00037805806987217886,6.002959673926003e-05,0.0,-0.00020280273584355853,0.0,-0.00029566536866212987,-0.00031142800755011617,-9.843851452229865e-05,0.0002301931562907361,6.574428380420072e-05,-2.752126252466333e-05,-0.00011311314442747952,0.0,-0.0001822227691110747,3.057353979303836e-05,-0.00034538527031422145,-0.00016014088086652346,-0.00033652098893326014,-0.00010329784766659596,-0.0008063906440365482,0.0,0.0,0.0,0.0,0.0,0.0,0.0,0.0,6.487233898330825e-05,0.0,0.0
2025-12-03,-0.0003645112598346618,0.0007586522146338281,0.0,0.0012656370551022012,0.00015896794994849743,-0.00015342755410635014,-0.0006660764637397093,4.2786912725955965e-05,0.00030978677467460424,0.00015151409498875403,-0.002301686827392652,2.6356496935034607e-06,0.0,0.039176423104932405,0.005431985913262835,5.163247584602836e-05,0.0007303991317131767,0.0019220863527281773,9.544381231448697e-05,-0.0006637858119782532,0.00014396246465810236,0.0008363429935673949,0.0007432188295859134,0.00039764264154119953,-8.592724947268591e-05,-0.0023345480840942017,-5.175593862063764e-05,-8.934902637793361e-05,-0.00012167158619867885,-1.5349121551358976e-06,-0.0005335847074423206,9.801525072177173e-05,0.0008993722250210331,-0.0006146647249482735,0.003054926432725241,0.0,-0.0024001780124597387,0.00033651777302913137,-8.144730395465511e-05,0.0,0.00018306261862165033,0.001919373662978478,0.0022855589887746616,0.0003930444656484541,-1.4552872991083393e-05,0.0020579339742318615,-5.14731772907665e-05,-0.001343200642684,-0.0004649822706160999,-0.0010067344129510072,-0.00043552020223623866,-0.004476894133953083,-0.00016524568883937647,-0.00041817720145562116,0.0021107801893280108,3.570114031673016e-05,-9.771636980407543e-05,-0.00014172254269883368,0.0008535234587299184,0.0,0.00042643576528929994,0.0,-0.0008477753995040233,-0.0003396538180840155,-0.0003547409655465104,0.0005441333987716249,0.0004837209190914252,0.00013505608083496108,-0.0001298950655126478,-0.00014424301444730366,-6.063525694025571e-05,0.000699768541792863,3.564214122547179e-07,-0.0007195853379099806,0.0,0.0,0.00023520770804311895,-0.00046900028961095356,-0.002625783422950552,-0.00037805806987217886,6.002959673926003e-05,0.0,-0.00020280273584355853,0.0,-0.00111230267015208,-0.00031142800755011617,-0.00018660751964866414,0.0004329039460273769,6.574428380420072e-05,-5.373868269618977e-05,0.0003417124861583201,0.0,-3.6287915918934365e-05,0.00023763118801095644,-0.00020472777596726064,-0.0002301857411239381,-0.00033652098893326014,-0.00010329784766659596,-0.0005539690822433847,0.0,0.0,0.0,0.0,0.0,0.0,0.0,0.0,6.487233898330825e-05,0.0,0.0
2025-12-10,0.00010478873158383943,-0.0016581297088087083,0.0,0.0010198139161970066,0.00015896794994849743,-0.0002406583941444778,0.00022892886414947945,4.2786912725955965e-05,0.0003441934879486327,0.00015151409498875403,-0.002301686827392652,-1.784050081101855e-05,0.0,0.03009625646255797,-0.003379799558029584,5.163247584602836e-05,-0.00048492324672824944,0.0007483960042658922,-0.00044293333422697174,-0.0005403809993079299,0.00014396246465810236,0.0011792243372965227,0.0007432188295859134,0.00039764264154119953,-8.592724947268591e-05,-0.0006723371279480476,0.0001734749054236258,0.0001270803715736999,0.0004967479440921217,-1.5349121551358976e-06,-0.0006071820741680373,9.801525072177173e-05,0.0013346101987036798,-0.0006146647249482735,0.003054926432725241,0.0,-0.0024001780124597387,0.00033651777302913137,-8.144730395465511e-05,0.0,0.00018306261862165033,0.001919373662978478,0.0023454402421062676,0.00039213624122635634,-1.4552872991083393e-05,0.0020579339742318615,-4.734223736209845e-05,-0.001195832334030241,-0.00048813188328837315,-0.0008952339106149504,-0.00043552020223623866,-0.005304882860842009,-0.00016524568883937647,-0.00041817720145562116,0.002107373294796619,3.570114031673016e-05,-9.771636980407543e-05,-0.00014172254269883368,0.0008535234587299184,0.0,0.00042643576528929994,0.0,-0.0008477753995040233,-0.00021328685673234498,-0.0003547409655465104,-0.000781774707866587,-0.0001967482899348035,-0.00019266194575860688,-0.0001298950655126478,-0.00014424301444730366,1.8861057815815653e-05,0.0005160903409805731,3.564214122547179e-07,-0.0007079898322370902,0.0,0.0,0.00023520770804311895,-0.00046900028961095356,-0.00261148172230511,-0.00037805806987217886,6.002959673926003e-05,0.0,-6.100956970597145e-05,0.0,-0.00111230267015208,-0.00031142800755011617,-0.00018660751964866414,0.0004329039460273769,6.574428380420072e-05,-5.373868269618977e-05,0.0004208322424015222,0.0,-3.6287915918934365e-05,0.00023763118801095644,-0.00020472777596726064,-0.00016014088086652346,-0.00033652098893326014,-0.00010329784766659596,-0.0005539690822433847,0.0,0.0,0.0,0.0,0.0,0.0,0.0,0.0,6.487233898330825e-05,0.0,0.0
2025-12-17,0.00010478873158383943,-0.002124200745372366,0.0,0.0006681516363351938,0.00015896794994849743,-0.0002406583941444778,0.0002791951223955272,-0.00011042481011597728,0.0003441934879486327,0.00015151409498875403,-0.002717370435669769,-1.784050081101855e-05,0.0,-0.02349943884073081,-0.004156927436715143,5.163247584602836e-05,-0.00048492324672824944,3.995827873796146e-06,-0.00044293333422697174,-0.0010298732900766324,0.0012126074247531752,0.001182151162602783,0.0007432188295859134,0.00039764264154119953,-5.04488151841496e-06,-0.0006824254919799654,-5.175593862063764e-05,-8.934902637793361e-05,-0.00012167158619867885,5.903218878230977e-05,-0.0006504494604143092,0.00011042605034483526,0.0013017038476565083,-0.0006146647249482735,0.0037486805749403214,0.0,-0.002639825346715663,0.0003147094353829837,-5.053280848767778e-05,0.0,0.00018306261862165033,0.0019710409199925616,0.0020616275548900978,0.00038227729236176694,-1.4552872991083393e-05,0.0020579339742318615,-4.734223736209845e-05,-0.0009419367188083529,-0.00048813188328837315,-0.0010067344129510072,-0.00043552020223623866,-0.005470519965868243,-0.00016524568883937647,-0.0007016347911434935,0.0018228391181738805,-0.00016006396649642033,-9.771636980407543e-05,-0.00014172254269883368,0.0008535234587299184,0.0,0.00045568148119992245,0.0,-0.0005229147240515932,-0.00021328685673234498,0.0020022022035934817,0.0004914383293051757,-0.0001967482899348035,0.00013505608083496108,-0.0001298950655126478,-0.00011267847809038791,1.8861057815815653e-05,0.0005160903409805731,3.564214122547179e-07,-0.0007079898322370902,0.0,0.0,0.00023520770804311895,0.00019803721436865366,-0.002230964897904805,-0.00037805806987217886,6.002959673926003e-05,0.0,-0.00020280273584355853,0.0,-0.0008122029037214169,-0.00031142800755011617,-9.843851452229865e-05,0.0002301931562907361,6.574428380420072e-05,-2.752126252466333e-05,-0.00011311314442747952,0.0,-3.6287915918934365e-05,0.0002386563436108015,-0.00020472777596726064,-0.00016014088086652346,-0.00033652098893326014,-0.00010329784766659596,-3.059810941170117e-05,0.0,0.0,0.0,0.0,0.0,0.0,0.0,0.0,6.487233898330825e-05,0.0,0.0
2025-12-24,-0.0003645112598346618,0.0009438281450366049,0.0,0.0012615795576684616,0.00015896794994849743,-6.229640250399978e-05,-0.0006660764637397093,5.4707340259767034e-05,0.0002963528248705247,0.00010553128369332861,-0.002383611060484151,2.6356496935034607e-06,0.0,0.034593713985865575,0.005431985913262835,5.163247584602836e-05,0.0007303991317131767,0.0007483960042658922,0.0004709424074530125,-0.0005743710233915193,0.00014396246465810236,0.0008363429935673949,0.0007432188295859134,0.0004042633334974561,-8.592724947268591e-05,0.0019160598421229466,0.0001734749054236258,-8.934902637793361e-05,0.0004931314257825292,-1.5349121551358976e-06,-0.0012191975647961946,9.801525072177173e-05,0.0013346101987036798,-0.0005426605796768444,0.003054926432725241,0.0,0.0008642779642619715,0.00033651777302913137,-8.144730395465511e-05,0.0,6.584322221019102e-05,0.0017898043433554462,0.0022855589887746616,0.0003930444656484541,-1.4552872991083393e-05,0.0020579339742318615,-5.14731772907665e-05,-0.0012271232429056545,-0.0004649822706160999,-0.0006423866300882418,-0.0004592423211646713,-0.005007051051203931,-0.00016524568883937647,-0.00044552213394053364,0.0020255137215778054,3.570114031673016e-05,-9.771636980407543e-05,-0.00014172254269883368,0.0008535234587299184,0.0,0.0008248867414904324,0.0,-0.0008477753995040233,-0.0003396538180840155,-0.0002849232856024782,0.0018152423272656862,0.0004837209190914252,0.00013505608083496108,0.0003282920063702741,-0.00014424301444730366,-6.063525694025571e-05,0.0007468453264332422,3.564214122547179e-07,-0.0006368787065855895,0.0,0.0,0.00023520770804311895,0.0034812918633414193,0.012935873132580253,0.0010802303427180462,6.630877830106905e-05,0.0,9.486132638870426e-05,0.0,-0.0008122029037214169,-0.00039032821791039953,-0.00018660751964866414,0.0004329039460273769,6.574428380420072e-05,-5.373868269618977e-05,0.0003417124861583201,0.0,-3.6287915918934365e-05,0.00043330466616206184,0.0002654199432152456,-0.00048409122714245336,-0.000924538180861683,3.3079368976202454e-06,0.00044875447769863455,0.0,0.0,0.0,0.0,0.0,0.0,0.0,0.0,4.573726428754741e-05,0.0,0.0
2025-12-31,0.00010478873158383943,0.0007586522146338281,0.0,0.0008887449117552683,0.00015896794994849743,-0.0003510851244220919,0.0002791951223955272,-0.00014118914582192396,0.0003441934879486327,0.00010278943365738907,-0.002717370435669769,-1.784050081101855e-05,0.0,-0.027697115999143755,-0.004163109765885888,5.163247584602836e-05,-0.00048492324672824944,9.839928916546672e-05,-0.0004618403630568892,-0.0017584958551421595,0.0012126074247531752,0.001182151162602783,0.0007432188295859134,0.00039764264154119953,-5.04488151841496e-06,-0.0006824254919799654,-5.175593862063764e-05,-8.934902637793361e-05,0.0002157971016421213,5.903218878230977e-05,-0.0014864084477719738,0.00011042605034483526,0.0013017038476565083,-0.0006146647249482735,0.0037486805749403214,0.0,0.0009245260688484024,0.0003217171166329486,-8.144730395465511e-05,0.0,6.584322221019102e-05,0.00184147160036953,0.0020616275548900978,0.00038227729236176694,-1.4552872991083393e-05,0.0020579339742318615,-4.734223736209845e-05,-0.0011017219929265031,-0.0003931066496614419,-0.000872518337306601,-0.00043552020223623866,-0.005470519965868243,-7.750426300366599e-05,-0.0006504813542615091,0.0015045732035628124,-0.00016006396649642033,-9.771636980407543e-05,-0.00014172254269883368,0.0008535234587299184,0.0,0.00045568148119992245,0.0,-0.00018587208521647804,-0.00021328685673234498,-0.0002849232856024782,-0.0019492581038862554,-0.0001967482899348035,-0.0001572318598961098,-0.0001298950655126478,-0.00014424301444730366,1.8861057815815653e-05,0.0007468453264332422,3.564214122547179e-07,0.006502119669989046,0.0,0.0,0.00020571340947020156,-0.0004244056533412765,0.00658507776577071,0.0010802303427180462,6.630877830106905e-05,0.0,-6.100956970597145e-05,0.0,-0.00111230267015208,-0.00039032821791039953,-9.843851452229865e-05,0.0004329039460273769,6.574428380420072e-05,-2.752126252466333e-05,-0.00011311314442747952,0.0,-3.6287915918934365e-05,0.00015355518483569258,-6.663431778438354e-05,-0.0002677278717705624,-0.00033652098893326014,-0.00010329784766659596,-3.059810941170117e-05,0.0,0.0,0.0,0.0,0.0,0.0,0.0,0.0,6.487233898330825e-05,0.0,0.0
2026-01-07,-0.0003645112598346618,-0.002124200745372366,0.0,0.0010198139161970066,0.00015896794994849743,-0.0002406583941444778,-0.0012333560725209104,5.4707340259767034e-05,0.00030978677467460424,0.0003904096499905855,-0.002166662555798892,-0.0001219427258194272,0.0,0.010073503117071045,0.005243773311599317,5.163247584602836e-05,0.0007686645222090468,-0.0006954910854064183,-0.0004618403630568892,-0.0006120977119039601,-4.9266453801968814e-05,0.0007048957887272826,-6.621611692163285e-05,0.00040753184097739036,-8.592724947268591e-05,-0.002310796957502596,-0.00011718680264901484,-8.934902637793361e-05,-0.00012167158619867885,1.4011555244740402e-05,-0.0016852298368273315,-1.9466774217974547e-05,0.0008993722250210331,-0.0003281240992464681,0.00324497124351473,0.0,0.0008375805606620903,0.0002806362645322057,-8.144730395465511e-05,0.0,-0.0001087267669479629,0.0019047625339232096,-0.000612627859273741,0.0003831855167838647,-1.4552872991083393e-05,-0.00046999303526090757,-2.5470249871980056e-05,0.0015865182588075688,-0.00028861822713620506,-0.0008118723032181218,-0.00043552020223623866,0.0008857990985219455,-0.00016524568883937647,-0.0003670237645736366,-0.0004886187192642162,3.570114031673016e-05,-9.771636980407543e-05,-0.00014172254269883368,0.0008535234587299184,0.0,0.0005521680070263161,0.0,0.00018835409707540935,-0.00021328685673234498,-0.0003547409655465104,0.00018422847597993208,-0.00046823685906314735,0.00013505608083496108,1.2131469380131493e-05,-0.00011267847809038791,-6.063525694025571e-05,0.0005160903409805731,3.601740816298503e-05,0.006392824609274607,0.0,0.0,0.00020571340947020156,-0.0003245122592653261,-0.002640117039659691,0.0010802303427180462,6.630877830106905e-05,0.0,-6.100956970597145e-05,0.0,0.0008560546294906326,-0.00039032821791039953,-9.843851452229865e-05,0.0004329039460273769,3.338042661549808e-05,-5.373868269618977e-05,0.0003048382520051066,0.0,0.0004241769857452765,0.0007214311631978152,-0.00034538527031422145,-0.00033777273202797704,-0.00033652098893326014,-0.00010329784766659596,-0.00015574382042729903,0.0,0.0,0.0,0.0,0.0,0.0,0.0,0.0,6.487233898330825e-05,0.0,0.0
2026-01-14,-0.0003645112598346618,0.0015729687085616253,0.0,0.0010198139161970066,0.00015896794994849743,-0.0002406583941444778,0.00045183969671681585,5.4707340259767034e-05,0.00030978677467460424,0.0003904096499905855,-0.002166662555798892,2.6356496935034607e-06,0.0,0.028840509522029895,0.004824123309130668,5.163247584602836e-05,0.0007686645222090468,9.268768606237605e-05,0.000452035378623095,-0.0006099807289478086,0.00014396246465810236,-0.00047869871751992065,-6.621611692163285e-05,0.00045215337122754773,-8.592724947268591e-05,-0.002310796957502596,0.0001734749054236258,0.0001270803715736999,0.0004967479440921217,-1.5349121551358976e-06,-0.0015401330813898037,-1.9466774217974547e-05,0.0008993722250210331,-0.0003281240992464681,0.003006883428848701,0.0,0.0008375805606620903,0.0002806362645322057,-8.144730395465511e-05,0.0,-0.0001087267669479629,0.001919373662978478,-0.000612627859273741,0.0003930444656484541,-1.4552872991083393e-05,-0.00046999303526090757,-2.133930994331201e-05,0.002260778196843165,-0.00028861822713620506,-0.0007003718008820649,-0.00031977300573795804,0.0009315018684719716,-0.00016524568883937647,-0.0003670237645736366,-0.00048811072202452734,3.570114031673016e-05,-9.771636980407543e-05,-0.00014172254269883368,0.0008535234587299184,0.0,0.0009213732673168259,0.0,0.0003204898876860208,-0.00021328685673234498,-0.0003547409655465104,-0.0007276784222016116,-0.0001967482899348035,-0.00019266194575860688,-4.800049892532344e-06,-0.00014424301444730366,-6.063525694025571e-05,0.0007468453264332422,3.601740816298503e-05,0.006737985318232768,0.0,0.0,0.00020571340947020156,-0.0003245122592653261,-0.0026258153390142486,0.0005872852517019728,6.630877830106905e-05,0.0,-6.100956970597145e-05,0.0,0.0008560546294906326,-0.00039032821791039953,-0.00018660751964866414,0.0004329039460273769,3.338042661549808e-05,-5.373868269618977e-05,0.0004208322424015222,0.0,0.0004241769857452765,0.0008065323219729241,-0.00037392070404681274,-0.00041404636688503873,-0.00033652098893326014,-0.00010329784766659596,-0.00015574382042729903,0.0,0.0,0.0,0.0,0.0,0.0,0.0,0.0,4.573726428754741e-05,0.0,0.0
2026-01-21,-0.0003645112598346618,0.0015729687085616253,0.0,0.000245903778804757,-0.00017168057373517803,-0.0002406583941444778,-0.0007882471364588808,5.4707340259767034e-05,0.00030978677467460424,0.00042101457559990096,-0.002166662555798892,-1.784050081101855e-05,0.0,0.0383410677471362,0.0038122743158999564,5.163247584602836e-05,0.0007686645222090468,3.118395202951844e-05,0.000452035378623095,0.00021454922791433492,0.00014396246465810236,-0.0010267156719051289,-6.621611692163285e-05,-0.0035276485428648316,0.00014396867458819833,-0.002310796957502596,-5.175593862063764e-05,0.0001270803715736999,0.0004967479440921217,-1.5349121551358976e-06,-0.0009423955397244574,-1.9466774217974547e-05,0.0008993722250210331,-0.00025611995397503907,-0.0008106671104243463,0.0,0.0008375805606620903,0.00025971704304521016,-8.144730395465511e-05,0.0,4.3650471236005353e-05,0.0017239275141244757,-0.000612627859273741,0.0003930444656484541,-1.4552872991083393e-05,-0.00046999303526090757,-2.133930994331201e-05,0.002287526774799473,-0.00028861822713620506,-0.0008118723032181218,-0.00031977300573795804,0.0007678518758514006,-7.42762834433304e-05,-0.0003670237645736366,-0.00048811072202452734,3.570114031673016e-05,-9.771636980407543e-05,-0.00014172254269883368,0.0008535234587299184,0.0,0.0009213732673168259,0.0,0.0003204898876860208,-0.0003396538180840155,-0.0003547409655465104,-0.000806991683379079,-0.00045172368210685875,0.00021897151192721984,-4.800049892532344e-06,-0.00014424301444730366,-6.063525694025571e-05,0.0007468453264332422,3.601740816298503e-05,0.006647733488631968,0.0,0.0,0.00020571340947020156,-0.0003245122592653261,-0.002637241706012645,-0.00037805806987217886,6.630877830106905e-05,0.0,-6.100956970597145e-05,0.0,0.0008560546294906326,-0.00031142800755011617,-0.00018660751964866414,0.0004329039460273769,3.338042661549808e-05,-5.373868269618977e-05,0.0003839580082483087,0.0,0.0004241769857452765,0.0008065323219729241,-0.00037392070404681274,-0.00041404636688503873,-0.00033652098893326014,-0.00010329784766659596,0.00034806531413189557,0.0,0.0,0.0,0.0,0.0,0.0,0.0,0.0,4.573726428754741e-05,0.0,0.0
2026-01-28,0.00010478873158383943,0.0015729687085616253,0.0,-0.00037437847258019007,-0.00017168057373517803,-0.0002406583941444778,0.00038061239016452916,5.4707340259767034e-05,-0.0007320643421440926,0.0004237564256358405,-0.002166662555798892,0.0008254205041897918,0.0,0.020216677762788963,-0.0032355425627386704,5.163247584602836e-05,-0.0005371819684117159,3.118395202951844e-05,7.653678348456946e-05,-0.00018269401679212922,0.00014396246465810236,-0.0013614700677210985,-6.621611692163285e-05,0.00040753184097739036,0.00014396867458819833,-0.002310796957502596,-5.175593862063764e-05,-8.934902637793361e-05,0.0004967479440921217,-1.5349121551358976e-06,-0.0009373628501122327,-1.9466774217974547e-05,0.0008993722250210331,-0.00025611995397503907,-0.0009068451583290388,0.0,0.0008375805606620903,0.0002806362645322057,-8.144730395465511e-05,0.0,-0.0001087267669479629,0.0017239275141244757,-0.0006432707181214713,0.00039213624122635634,-1.4552872991083393e-05,-0.00046999303526090757,-2.133930994331201e-05,0.0017504609869676167,-0.0003117678398084783,-0.0008118723032181218,-0.00031977300573795804,0.0009315018684719716,-0.00016524568883937647,-0.00040405283155083553,-0.00048811072202452734,3.570114031673016e-05,-9.771636980407543e-05,-0.00014172254269883368,0.0008535234587299184,0.0,0.0005521680070263161,0.0,0.00018835409707540935,-0.00021328685673234498,-0.00038637834451899503,-0.0007276784222016116,-0.00046823685906314735,-0.00019266194575860688,-4.800049892532344e-06,-0.00014424301444730366,1.8861057815815653e-05,0.0007468453264332422,3.601740816298503e-05,0.006567982177392866,0.0,0.0,0.00020571340947020156,0.0002520035776802754,-0.0026310244664725204,-0.00037805806987217886,6.630877830106905e-05,0.0,-6.100956970597145e-05,0.0,0.0003413662235273055,-0.00031142800755011617,-0.00018660751964866414,0.00032935178069261854,3.338042661549808e-05,-5.373868269618977e-05,0.0003048382520051066,0.0,0.00038085346686379026,0.0008065323219729241,-0.00037392070404681274,-0.00041404636688503873,-0.00033652098893326014,3.3079368976202454e-06,0.00044875447769863455,0.0,0.0,0.0,0.0,0.0,0.0,0.0,0.0,6.487233898330825e-05,0.0,0.0
2026-02-04,0.00019731152978006686,0.0015120285626738865,0.0,-0.0006530284973309413,-0.00017168057373517803,-0.00014952724254212746,0.0002180942215181904,5.4707340259767034e-05,0.00030978677467460424,0.0004237564256358405,-0.002166662555798892,-0.0001219427258194272,0.0,0.03932568089132954,0.005932097289156909,0.0016976773730254793,0.0007686645222090468,2.9401745682576354e-05,-0.00039520010287815197,0.006979208415639723,0.00014396246465810236,-0.0005118287307132087,-6.621611692163285e-05,0.00040753184097739036,-8.592724947268591e-05,0.0023839764484059056,-5.175593862063764e-05,6.0211556162066525e-05,-0.000812937783972209,-1.5349121551358976e-06,-0.0007711445428996456,-1.9466774217974547e-05,0.0013346101987036798,-0.0005426605796768444,-0.0007647208010975932,0.0,0.0009091228692452523,0.0002728078918599734,-2.344747424088986e-05,0.0,4.3650471236005353e-05,0.0017239275141244757,-0.0005442997739178478,0.0003930444656484541,0.0001953632814181039,-0.00030477802788297616,-2.5470249871980056e-05,0.003643006989852244,-1.9731421201887446e-05,-0.0008118723032181218,-0.0004592423211646713,0.0008794535436185457,-7.750426300366599e-05,-0.00042299599288410155,-0.0004962053215899453,3.570114031673016e-05,-0.0001014223162527924,-0.00014172254269883368,0.0008535234587299184,0.0,0.0005229222911156935,0.0,-5.3736294605866586e-05,-0.0003396538180840155,-0.00038637834451899503,-0.0012040582689090457,-0.00045172368210685875,0.00021897151192721984,-4.800049892532344e-06,-4.789087064455365e-05,-6.063525694025571e-05,0.0007468453264332422,3.601740816298503e-05,-0.0009228637983407129,0.0,0.0,0.00023520770804311895,-0.00034849232881579376,-0.002595514755640622,-0.00037805806987217886,6.630877830106905e-05,0.0,-6.100956970597145e-05,0.0,-0.00111230267015208,-0.00031142800755011617,-0.00018660751964866414,0.00032935178069261854,3.338042661549808e-05,-5.373868269618977e-05,0.0003048382520051066,0.0,0.0005982927755945744,0.0014807182515790876,0.0015868737824604406,-0.00048409122714245336,-0.00033652098893326014,3.3079368976202454e-06,0.00044875447769863455,0.0,0.0,0.0,0.0,0.0,0.0,0.0,0.0,6.487233898330825e-05,0.0,0.0
2026-02-11,0.00010478873158383943,-0.0027285699401312646,0.0,0.0010198139161970066,-0.00017168057373517803,-0.00014952724254212746,0.00038061239016452916,5.4707340259767034e-05,0.0003441934879486327,-0.0017851077493186841,-0.002166662555798892,-1.784050081101855e-05,0.0,0.010646166615913062,-0.0023564621551056346,5.163247584602836e-05,-0.0005371819684117159,-0.00037188653991457364,-0.00039520010287815197,-0.0005483030980695086,0.0005064122220056251,-0.0013614700677210985,-6.621611692163285e-05,0.00040753184097739036,-8.592724947268591e-05,0.002266652005966282,0.0001734749054236258,-8.934902637793361e-05,-0.000812937783972209,-1.5349121551358976e-06,-0.0009895540901018517,-1.9466774217974547e-05,0.0013346101987036798,-0.0005426605796768444,-0.0008608988490022858,0.0,0.0009091228692452523,0.0002728078918599734,-8.144730395465511e-05,0.0,4.3650471236005353e-05,0.0017093163850692076,-0.000574942632765578,0.00038227729236176694,0.0001953632814181039,-0.00030477802788297616,-2.133930994331201e-05,0.002148418276076071,-4.288103387416073e-05,-0.0007003718008820649,-0.0004592423211646713,0.0010045889454402474,-0.00016524568883937647,-0.0005608785515397571,-0.0004962053215899453,3.570114031673016e-05,-9.771636980407543e-05,-0.00014172254269883368,0.0008535234587299184,0.0,0.0005521680070263161,0.0,-0.00018587208521647804,-0.00021328685673234498,-0.0003547409655465104,-0.0007276784222016116,-0.00046823685906314735,0.00021897151192721984,-4.800049892532344e-06,-1.6326334287637887e-05,1.8861057815815653e-05,0.0005160903409805731,3.601740816298503e-05,-0.0008695385157543396,0.0,0.0,9.730982906742065e-05,0.0003185451751638134,-0.0025840883886422256,-0.0005010554818482599,6.630877830106905e-05,0.0,-6.100956970597145e-05,0.0,-0.0008122029037214169,-0.00031142800755011617,-9.843851452229865e-05,0.0004329039460273769,3.338042661549808e-05,-5.373868269618977e-05,0.0003048382520051066,0.0,0.0005982927755945744,0.0014807182515790876,0.0015868737824604406,-0.0002677278717705624,-0.00033652098893326014,5.494193810398416e-06,0.00044875447769863455,0.0,0.0,0.0,0.0,0.0,0.0,0.0,0.0,6.487233898330825e-05,0.0,0.0
2026-02-18,0.00010478873158383943,-0.0027285699401312646,0.0,0.0008887449117552683,-0.00017168057373517803,-0.0002406583941444778,-0.0009851546268384763,-0.00014118914582192396,0.0003441934879486327,-0.0017851077493186841,-0.002166662555798892,-1.784050081101855e-05,0.0,-0.009118969300982358,-0.003350822782491831,5.163247584602836e-05,-0.0005371819684117159,-0.0004978828530421539,-0.00039520010287815197,-0.0005844818265978436,-4.9266453801968814e-05,-0.0013614700677210985,-6.621611692163285e-05,0.00040753184097739036,-8.592724947268591e-05,-0.002310796957502596,-5.175593862063764e-05,0.0001270803715736999,-0.000812937783972209,5.903218878230977e-05,-0.0011048722525528196,-7.055974594911019e-06,0.0008624786858594318,-0.0005426605796768444,-0.0008608988490022858,0.0,0.0009059625582736167,0.0002728078918599734,-8.144730395465511e-05,0.0,4.3650471236005353e-05,0.0017755947711385598,-0.0005626279078267141,0.00038227729236176694,0.0001953632814181039,-0.00030477802788297616,-2.133930994331201e-05,0.002148418276076071,-4.288103387416073e-05,-0.0008118723032181218,-0.00043552020223623866,0.0009229887766798215,-7.750426300366599e-05,-0.0004945128899619206,-0.0005639538935621809,3.570114031673016e-05,-9.771636980407543e-05,-0.00014172254269883368,0.0008535234587299184,0.0,-0.00025607356973831414,0.0,-0.00018587208521647804,-0.00021328685673234498,-0.0003547409655465104,-0.0011614451642639836,-0.00046823685906314735,0.00021897151192721984,-4.800049892532344e-06,-1.6326334287637887e-05,1.8861057815815653e-05,0.0005160903409805731,3.601740816298503e-05,-0.0008695385157543396,0.0,0.0,9.730982906742065e-05,-0.00034849232881579376,-0.002519166403214208,-0.0005010554818482599,6.630877830106905e-05,0.0,-6.100956970597145e-05,0.0,-0.00111230267015208,-0.00031142800755011617,-9.843851452229865e-05,0.0004329039460273769,3.338042661549808e-05,-2.752126252466333e-05,-7.086762233749088e-05,0.0,0.0005982927755945744,0.001478439610268523,0.0015868737824604406,-0.0002677278717705624,-0.00033652098893326014,5.494193810398416e-06,0.00044875447769863455,0.0,0.0,0.0,0.0,0.0,0.0,0.0,0.0,6.487233898330825e-05,0.0,0.0
2026-02-25,-0.0003645112598346618,0.002061325896019692,0.0,-0.0005760949594143157,-0.00017168057373517803,-0.0002406583941444778,-0.0008593511748568648,-0.00014118914582192396,0.00030978677467460424,-0.0017851077493186841,-0.002166662555798892,2.6356496935034607e-06,0.0,0.03208248182328391,0.0055174427190991075,5.163247584602836e-05,0.0007686645222090468,-0.00040300406082644457,0.0003719061234011404,-0.00011022019389256776,0.00014396246465810236,-0.0012691184857350016,-6.621611692163285e-05,0.00040753184097739036,-8.592724947268591e-05,-0.002310796957502596,3.9990148082464193e-05,-8.934902637793361e-05,-0.00140414997059458,-1.5349121551358976e-06,0.0012167736634739173,-1.9466774217974547e-05,0.000895385036906603,-0.0005426605796768444,-0.0007206383689187377,0.0,0.0009059625582736167,0.0002728078918599734,-8.144730395465511e-05,0.0,4.3650471236005353e-05,0.0017239275141244757,-0.00040009666557622175,0.0003930444656484541,0.0001953632814181039,-0.00030477802788297616,-2.5470249871980056e-05,0.0036641600197722056,-1.9731421201887446e-05,-0.0008118723032181218,-0.00031977300573795804,0.0008857990985219455,-0.00016524568883937647,-0.00042299599288410155,-0.00048811072202452734,3.570114031673016e-05,-9.771636980407543e-05,-0.00014172254269883368,0.0007625402972943725,0.0,-0.00028531928564893666,0.0,0.0005355426488123174,-0.0003396538180840155,-0.00038637834451899503,-0.0007702915268466739,-0.00046823685906314735,0.00021897151192721984,-4.800049892532344e-06,-4.789087064455365e-05,-6.063525694025571e-05,0.0007468453264332422,3.601740816298503e-05,-0.00088113402142723,0.0,0.0,9.730982906742065e-05,-0.00041552359657522254,-0.0025840883886422256,-0.0005010554818482599,6.630877830106905e-05,0.0,-6.100956970597145e-05,0.0,-0.0007042179716532363,-0.00031142800755011617,-0.00018660751964866414,0.00032935178069261854,3.338042661549808e-05,-5.373868269618977e-05,0.0003048382520051066,0.0,0.0005982927755945744,0.0010122220901293256,0.0015868737824604406,-0.00048409122714245336,3.511979167995083e-05,5.494193810398416e-06,0.00044875447769863455,0.0,0.0,0.0,0.0,0.0,0.0,0.0,0.0,4.573726428754741e-05,0.0,0.0
2026-03-04,-0.0003645112598346618,0.00165281193874084,0.0,-0.0006530284973309413,-0.00017168057373517803,-0.0002406583941444778,0.0002180942215181904,-0.00014118914582192396,0.00030978677467460424,-0.0020727279656518804,-0.002301686827392652,2.6356496935034607e-06,0.0,0.03961352978431263,0.005742133798267102,5.163247584602836e-05,0.00021675778956198796,-1.715775229294529e-06,-5.132570308620487e-05,0.005181321858178661,0.00014396246465810236,-0.0011395789927550967,-6.621611692163285e-05,0.0005549143683305994,-8.592724947268591e-05,-0.002503111665941787,-0.0002746666756106609,-8.934902637793361e-05,0.0004967479440921217,-1.5349121551358976e-06,0.0013387298421629246,-1.9466774217974547e-05,0.000895385036906603,-0.0005426605796768444,-0.0007206383689187377,0.0,0.0008611176532903359,0.0002728078918599734,-8.144730395465511e-05,0.0,6.584322221019102e-05,0.0017239275141244757,0.0005669883930872068,0.00039213624122635634,-1.4552872991083393e-05,-0.00016910946014225478,-2.5470249871980056e-05,0.00209982650389138,0.0012222009950891397,0.00032186351100658853,-0.00031977300573795804,0.0008063664666502697,-0.00016524568883937647,-0.00042299599288410155,0.0021107801893280108,3.570114031673016e-05,-9.771636980407543e-05,-0.00014172254269883368,0.0007625402972943725,0.0,-0.000348788345307069,0.0,0.0005355426488123174,-0.0003396538180840155,-0.00038637834451899503,0.00022935525619754876,-0.00018023511297851486,-0.00019266194575860688,-4.800049892532344e-06,-4.789087064455365e-05,-6.063525694025571e-05,0.0007468453264332422,3.601740816298503e-05,-0.000884284950865804,0.0,0.0,9.730982906742065e-05,-0.00034849232881579376,-0.002476901375793317,-0.0005010554818482599,6.630877830106905e-05,0.0,-6.100956970597145e-05,0.0,-0.0007042179716532363,-0.00031142800755011617,0.0009346190179013605,0.00032935178069261854,3.338042661549808e-05,-5.373868269618977e-05,0.0003417124861583201,0.0,0.0010048365422884063,0.0012284361987874941,0.0015868737824604406,-0.00048409122714245336,-0.00033652098893326014,5.494193810398416e-06,0.00044875447769863455,0.0,0.0,0.0,0.0,0.0,0.0,0.0,0.0,6.487233898330825e-05,0.0,0.0
2026-03-11,0.00010478873158383943,-0.002124200745372366,0.0,-0.0006530284973309413,-0.00017168057373517803,-0.0002406583941444778,0.0003303461319184815,5.4707340259767034e-05,0.0003441934879486327,-0.0020727279656518804,-0.002301686827392652,-1.784050081101855e-05,0.0,0.037243118134041284,-0.004361202795399341,5.163247584602836e-05,-0.00048492324672824944,-0.00040300406082644457,-0.0003053870397394381,-0.0005312418150939364,-0.0012678085617945636,-0.0012319305747411937,-6.621611692163285e-05,0.0005549143683305994,-8.592724947268591e-05,-0.0023555220010893947,-0.0002746666756106609,0.0001270803715736999,0.0004967479440921217,-1.5349121551358976e-06,0.0011519751654872198,-1.9466774217974547e-05,0.000895385036906603,-0.0005426605796768444,-0.0007206383689187377,0.0,0.0008642779642619715,0.0002728078918599734,-8.144730395465511e-05,0.0,6.584322221019102e-05,0.0017239275141244757,0.0006268696464188129,0.00031384861613100286,-1.4552872991083393e-05,-0.00016910946014225478,-2.133930994331201e-05,0.002185678201734046,0.0012872559199427244,0.00032186351100658853,-0.00043552020223623866,0.0008063664666502697,-0.00016524568883937647,-0.000597907618516956,0.002107373294796619,3.570114031673016e-05,-9.771636980407543e-05,-0.00014172254269883368,0.0007625402972943725,0.0,-0.000348788345307069,0.0,0.0005355426488123174,-0.0003396538180840155,-0.0005418091382817793,-0.0006610434246996531,-0.00018023511297851486,-0.00019266194575860688,-4.800049892532344e-06,-1.6326334287637887e-05,1.8861057815815653e-05,0.0005160903409805731,3.601740816298503e-05,-0.0008309596682794307,0.0,0.0,9.730982906742065e-05,-0.00034849232881579376,-0.002465475008794921,-0.0006243688195502595,6.630877830106905e-05,0.0,0.00011184495929150953,0.0,-0.0007042179716532363,0.0005722860450482962,0.0009346190179013605,-0.0006683868261420704,6.272987869776822e-05,-5.373868269618977e-05,0.0004208322424015222,0.0,0.0010048365422884063,0.0012284361987874941,0.0015868737824604406,-0.0002677278717705624,-0.00033652098893326014,5.494193810398416e-06,0.00044875447769863455,0.0,0.0,0.0,0.0,0.0,0.0,0.0,0.0,6.487233898330825e-05,0.0,0.0
2026-03-18,0.00010478873158383943,-0.002124200745372366,0.0,-0.0005523045416791535,-0.00017168057373517803,-0.0002406583941444778,0.00038061239016452916,5.4707340259767034e-05,0.0003441934879486327,-0.0020727279656518804,-0.002301686827392652,-1.784050081101855e-05,0.0,-0.014970328523275239,-0.004263113672089285,5.163247584602836e-05,-0.00048492324672824944,-0.0004978828530421539,-0.0003053870397394381,-0.0005312418150939364,-3.5980846355873044e-06,-0.0014743333885710661,-6.621611692163285e-05,0.0005549143683305994,-8.592724947268591e-05,-0.0023555220010893947,1.599503246197973e-05,0.0001270803715736999,0.0004967479440921217,5.903218878230977e-05,0.0011587306449481944,-7.055974594911019e-06,0.0008624786858594318,-0.0005426605796768444,-0.0008168164168234304,0.0,0.0008642779642619715,0.00025913572925075057,-8.144730395465511e-05,0.0,6.584322221019102e-05,0.0017755947711385598,0.0005834984026014326,0.00038227729236176694,-1.4552872991083393e-05,-0.00016910946014225478,-2.133930994331201e-05,0.0016768111424122112,0.0012872559199427244,0.00043336401334264545,-0.00043552020223623866,0.0009686915466298475,-0.00016524568883937647,-0.000706453582571974,0.0020315301232589657,3.570114031673016e-05,-9.771636980407543e-05,-0.00014172254269883368,0.0007625402972943725,0.0,-0.00031954262939644644,0.0,0.0004034068582017059,-0.00021328685673234498,-0.0005418091382817793,-0.0006184303200545908,-0.00046823685906314735,-0.00019266194575860688,-4.800049892532344e-06,-1.6326334287637887e-05,1.8861057815815653e-05,0.0005160903409805731,3.601740816298503e-05,-0.0008309596682794307,0.0,0.0,9.730982906742065e-05,-0.00034849232881579376,-0.0024005530233669027,-0.0006243688195502595,6.630877830106905e-05,0.0,0.00011184495929150953,0.0,-0.0007042179716532363,-5.661112664263658e-05,0.0004930267973108349,-0.00016049629195979484,3.338042661549808e-05,-2.752126252466333e-05,-7.086762233749088e-05,0.0,0.0010048365422884063,0.0012261575574769295,0.0015868737824604406,-0.0002677278717705624,-0.00033652098893326014,5.494193810398416e-06,0.0005739001887142324,0.0,0.0,0.0,0.0,0.0,0.0,0.0,0.0,6.487233898330825e-05,0.0,0.0
2026-03-25,0.00010478873158383943,-0.002124200745372366,0.0,1.1613889582995414e-05,-0.00017168057373517803,-0.0002406583941444778,-0.0004897794325303992,-0.00014118914582192396,0.0003441934879486327,-0.0020727279656518804,-0.002717370435669769,-1.784050081101855e-05,0.0,-0.024628514544303117,-0.003298299175266728,5.163247584602836e-05,-0.00048492324672824944,-0.0004978828530421539,-0.0003053870397394381,-0.0005118783087585362,-0.0001761913278347524,-0.0014788177030581578,-6.621611692163285e-05,0.0005549143683305994,-5.04488151841496e-06,-0.0023555220010893947,3.9990148082464193e-05,0.0001270803715736999,0.0004967479440921217,5.903218878230977e-05,0.003618283167593088,-7.055974594911019e-06,0.0008624786858594318,-0.0005426605796768444,-0.000956117725061262,0.0,0.0009512234724482836,0.00025099955421382583,-5.053280848767778e-05,0.0,0.00021822046039415927,0.0017755947711385598,0.0006189032106099922,0.0003039896672664135,-1.4552872991083393e-05,-0.00016910946014225478,-2.133930994331201e-05,0.0016768111424122112,0.0012872559199427244,0.00032186351100658853,-0.0003227384885973409,0.0009229887766798215,-7.750426300366599e-05,-0.0005315419569391195,0.0018194322236424888,-0.00016006396649642033,-9.771636980407543e-05,-0.00014172254269883368,0.0007625402972943725,0.0,-0.00031954262939644644,0.0,0.0004034068582017059,-0.00021328685673234498,0.002436078536984784,-0.0011729283452838967,-0.00046823685906314735,0.00021897151192721984,-4.800049892532344e-06,-1.6326334287637887e-05,1.8861057815815653e-05,0.0005160903409805731,3.601740816298503e-05,-0.0008309596682794307,0.0,0.0,9.730982906742065e-05,-0.00034849232881579376,-0.002205667174351021,-0.0006243688195502595,6.630877830106905e-05,0.0,-6.100956970597145e-05,0.0,-0.0007042179716532363,0.0005722860450482962,0.0004930267973108349,-0.00017823832338986656,6.272987869776822e-05,-2.752126252466333e-05,-7.086762233749088e-05,0.0,0.0010048365422884063,0.0012261575574769295,0.0015868737824604406,-0.0002677278717705624,-0.00033652098893326014,5.494193810398416e-06,0.0005739001887142324,0.0,0.0,0.0,0.0,0.0,0.0,0.0,0.0,6.487233898330825e-05,0.0,0.0
