,∆ Salmon (NOK/KG) 1w,∆ Salmon (NOK/KG) 2w,∆ Salmon (NOK/KG) 1m,∆ Salmon (NOK/KG) 3m,∆ Salmon (NOK/KG) 6m,∆ Salmon (NOK/KG) 12m,Acc 1w,Acc 1m,RVol 4w,RVol 13w,RVol 52w,Spread (FP - SSB),∆ Spread (FP - SSB),FWD 1m,∆ FWD 1m,FWD 3m,∆ FWD 3m,FWD 6m,∆ FWD 6m,FWD 12m,∆ FWD 12m,FWD Slope,FWD Curvature,∆ Export Volume 1w,∆ Export Volume 2w,∆ Export Volume 1m,∆ Chilean Exports 1w,∆ Chilean Exports 2w,∆ Chilean Exports 1m,∆ Chilean Exports 3m,∆ Total Biomass Monthly,∆YOY Total Biomass Monthly,Avg Weight (KG) Monthly,YOY Avg Weight (KG) Monthly,Harvest Intensity 1m Monthly,Harvest Intensity 3m Monthly,Loss Rate 1m Monthly,Loss Rate 3m Monthly,Loss Rate 6m Monthly,Smolt Release 2m Monthly,Smolt Release 3m Monthly,Smolt Release 4m Monthly,Smolt Release 5m Monthly,Smolt Release 6m Monthly,Smolt Release 7m Monthly,Smolt Release 8m Monthly,Smolt Release 9m Monthly,Smolt Release 10m Monthly,Smolt Release 11m Monthly,Smolt Release 12m Monthly,Smolt Release 13m Monthly,Smolt Release 14m Monthly,Smolt Release 15m Monthly,Smolt Release 16m Monthly,Smolt Release 17m Monthly,Smolt Release 18m Monthly,ISA Outbreak,ISA Outbreak 1m,ISA Outbreak 3m,Lice Outbreak,Lice Outbreak 1m,Lice Outbreak 3m,Sea Temp,Sea Temp 12m Avg,∆ EURNOK,∆ EURNOK 1w,∆ EURNOK 2w,∆ EURNOK 1m,∆ EURNOK 3m,∆ EURNOK 6m,∆ EURNOK 12m,CPI NO Monthly,NIBOR 3m,∆ Shrimp Price (Global) 1m Monthly,∆ Shrimp Price (Global) 3m Monthly,∆ Shrimp Price (Global) 6m Monthly,∆ Shrimp Price (Global) 12m Monthly,∆ Broiler Price (EU) 1w,∆ Broiler Price (EU) 2w,∆ Broiler Price (EU) 1m,∆ Broiler Price (EU) 3m,∆ Broiler Price (EU) 6m,∆ Broiler Price (EU) 12m,∆ Pig Price (EU),∆ Pig Price (EU) 1w,∆ Pig Price (EU) 2w,∆ Pig Price (EU) 1m,∆ Pig Price (EU) 3m,∆ Pig Price (EU) 6m,∆ Pig Price (EU) 12m,Meat CPI (EU) Monthly,∆ Fishmeal 1m Monthly,∆ Fishmeal 3m Monthly,∆ Fishmeal 6m Monthly,∆ Fishmeal 12m Monthly,Brent FWD Slope,Brent FWD Curvature,Soybean FWD Slope,Soybean FWD Curvature,Month_01,Month_02,Month_03,Month_04,Month_05,Month_06,Month_07,Month_08,Month_09,Month_10,Month_11
2022-01-05,0.0,0.0,0.0,0.0005594013414092909,0.0,0.0,0.0,0.0,0.0,0.0,0.007475611462192097,0.004258268159734144,0.0,0.0027503077241668172,0.0,0.0026580769257085178,0.0,0.0006277359884888155,0.0,0.023040807125923178,0.0,-0.007473473037913726,0.0006898999653113447,0.0,0.0,0.0,0.0,0.0,0.0,0.0,0.0,0.0022334072934358812,0.0,-0.0010326030500014557,0.005411754426072254,0.005521290640710858,0.0,0.0,0.0,0.0,0.0,0.0,0.0,0.0002725455347148773,0.0,0.0,0.0,-0.0010024400957874544,-0.000255134533438495,-0.0011005242446800127,-0.0003475990926196783,3.55569019740676e-05,0.0,0.000807438748636221,0.000882642537496369,0.0,0.03426779577527149,0.014467909739614196,0.009484850798041511,0.0,-0.0005862463035136911,0.0,0.0004219198034635182,0.0,0.0,0.0,0.0,0.0,0.0,0.0,0.0,-0.004508224497163421,0.0010966580822190349,0.0,-0.010779461562516584,-0.006109347115288851,-0.009656089882664521,0.0,0.0,0.0,0.0,0.0,0.0,0.0,0.0,0.0,0.0,0.0,0.0,0.0,-0.013837810561166007,0.0,0.0040256982874129835,0.0,0.001361256357680473,-0.00288062511016332,-0.0006219369853434636,0.0006582438259559583,0.0009662684097591508,0.0,0.0,0.0,0.0,0.0,0.0,0.0,0.0,0.0,0.0,0.0
2022-01-12,0.0,0.0,0.0,0.0005594013414092909,0.0,0.0,0.0,0.0,0.0,0.0,0.007475611462192097,0.004258268159734144,0.0,0.0005698727036058497,0.0,0.0026580769257085178,0.0,0.0006277359884888155,0.0,0.005947137359301923,0.0,-0.007736093622278756,0.0006898999653113447,0.0,0.0,0.0,0.0,0.0,0.0,0.0,0.0,0.0022334072934358812,0.0,-0.0010326030500014557,0.004650923357211151,0.005521290640710858,0.0,0.0,0.0,0.0,0.0,0.0,0.0,0.0008092905912718334,0.0,0.0,0.0,-0.0010024400957874544,-0.000255134533438495,-0.0011005242446800127,-0.0003475990926196783,3.55569019740676e-05,0.0,0.000807438748636221,0.000882642537496369,0.0,0.03426779577527149,0.014467909739614196,0.009457962729681035,0.0,-0.0005862463035136911,0.0,0.0004219198034635182,0.0,0.0,0.0,0.0,0.0,0.0,0.0,0.0,-0.004508224497163421,0.0010966580822190349,0.0,-0.010779461562516584,-0.0058321465836907345,-0.009656089882664521,0.0,0.0,0.0,0.0,0.0,0.0,0.0,0.0,0.0,0.0,0.0,0.0,0.0,-0.01452342558407446,0.0,0.0040256982874129835,0.0,0.001361256357680473,-0.00288062511016332,-0.0006219369853434636,0.0006582438259559583,0.005916058173505151,0.0,0.0,0.0,0.0,0.0,0.0,0.0,0.0,0.0,0.0,0.0
2022-01-19,0.0,0.0,0.0,0.00023180182144891666,0.0,0.0,0.0,0.0,0.0,0.0,0.007633061270481864,0.004258268159734144,0.0,0.0005698727036058497,0.0,0.0026580769257085178,0.0,-0.003147598745077568,0.0,-0.025137663215913948,0.0,-0.007452571686391464,0.0006898999653113447,0.0,0.0,0.0,0.0,0.0,0.0,0.0,0.0,0.0022334072934358812,0.0,-0.0010326030500014557,0.004650923357211151,0.005521290640710858,0.0,0.0,0.0,0.0,0.0,0.0,0.0,0.0008092905912718334,0.0,0.0,0.0,-0.0010024400957874544,-0.000255134533438495,-0.0011005242446800127,-0.0003475990926196783,3.55569019740676e-05,0.0,0.0018261172839750342,0.000882642537496369,0.0,0.03426779577527149,0.014643545829779952,0.010029285631601631,0.0,-0.0005862463035136911,0.0,0.0004219198034635182,0.0,0.0,0.0,0.0,0.0,0.0,0.0,0.0,-0.002337643561355358,0.0010966580822190349,0.0,-0.013831385405563045,-0.0058321465836907345,-0.009656089882664521,0.0,0.0,0.0,0.0,0.0,0.0,0.0,0.0,0.0,0.0,0.0,0.0,0.0,-0.01452342558407446,0.0,0.0040256982874129835,0.0,0.001361256357680473,-0.00288062511016332,-0.0006219369853434636,0.0006582438259559583,0.005910135237300317,0.0,0.0,0.0,0.0,0.0,0.0,0.0,0.0,0.0,0.0,0.0
2022-01-26,0.0,0.0,0.0,0.00023180182144891666,0.0,0.0,0.0,0.0,0.0,0.0,0.007633061270481864,0.004258268159734144,0.0,0.0005698727036058497,0.0,0.0026580769257085178,0.0,-0.003147598745077568,0.0,-0.025137663215913948,0.0,-0.007452571686391464,0.0006898999653113447,0.0,0.0,0.0,0.0,0.0,0.0,0.0,0.0,0.0022334072934358812,0.0,-0.0010326030500014557,0.00042977661047234757,0.005521290640710858,0.0,0.0,0.0,0.0,0.0,0.0,0.0,0.0008092905912718334,0.0,0.0,0.0,-0.0010024400957874544,-0.000255134533438495,-0.0011005242446800127,-0.0003475990926196783,3.55569019740676e-05,0.0,0.0018261172839750342,0.000882642537496369,0.0,0.03426779577527149,0.014643545829779952,0.010029285631601631,0.0,-0.0005862463035136911,0.0,0.0004219198034635182,0.0,0.0,0.0,0.0,0.0,0.0,0.0,0.0,-0.002337643561355358,0.0010966580822190349,0.0,-0.013831385405563045,-0.0058321465836907345,-0.010750905376413895,0.0,0.0,0.0,0.0,0.0,0.0,0.0,0.0,0.0,0.0,0.0,0.0,0.0,-0.01452342558407446,0.0,0.0040256982874129835,0.0,0.001361256357680473,-0.00288062511016332,-0.0006219369853434636,0.0006582438259559583,0.005910135237300317,0.0,0.0,0.0,0.0,0.0,0.0,0.0,0.0,0.0,0.0,0.0
2022-02-02,0.0,0.0,0.0,0.00023180182144891666,0.0,0.0,0.0,0.0,0.0,0.0,0.007732149711220075,-0.007600042078845024,0.0,0.0005698727036058497,0.0,0.0026580769257085178,0.0,-0.003147598745077568,0.0,-0.024891264429389204,0.0,-0.007452571686391464,0.0006898999653113447,0.0,0.0,0.0,0.0,0.0,0.0,0.0,0.0,0.0022334072934358812,0.0,-0.0010326030500014557,0.00042977661047234757,0.005521290640710858,0.0,0.0,0.0,0.0,0.0,0.0,0.0,0.0008092905912718334,0.0,0.0,0.0,0.0018222322080204147,-0.000255134533438495,-0.0011005242446800127,-0.0003475990926196783,3.55569019740676e-05,0.0,0.0018261172839750342,0.000882642537496369,0.0,0.03426779577527149,0.014643545829779952,0.010029285631601631,0.0,-0.0005862463035136911,0.0,0.0004219198034635182,0.0,0.0,0.0,0.0,0.0,0.0,0.0,0.0,-0.002337643561355358,0.0010966580822190349,0.0,-0.012892788346696321,-0.0058321465836907345,-0.01021371501115694,0.0,0.0,0.0,0.0,0.0,0.0,0.0,0.0,0.0,0.0,0.0,0.0,0.0,-0.01452342558407446,0.0,0.002082925830258985,0.0,0.001361256357680473,-0.003146865391098293,-0.0006219369853434636,0.0006582438259559583,0.005910135237300317,0.0,0.0,0.0,0.0,0.0,0.0,0.0,0.0,0.0,0.0,0.0
2022-02-09,0.0,0.0,0.0,0.00023180182144891666,0.0,0.0,0.0,0.0,0.0,0.0,0.007633061270481864,0.004258268159734144,0.0,0.0005698727036058497,0.0,0.0026580769257085178,0.0,-0.003147598745077568,0.0,-0.028307665734364964,0.0,-0.007452571686391464,0.0006898999653113447,0.0,0.0,0.0,0.0,0.0,0.0,0.0,0.0,0.0022334072934358812,0.0,-0.0010326030500014557,0.00042977661047234757,0.005521290640710858,0.0,0.0,0.0,0.0,0.0,0.0,0.0,0.0008092905912718334,0.0,0.0,0.0,0.0018222322080204147,-0.000255134533438495,-0.0011005242446800127,-0.0003475990926196783,3.55569019740676e-05,0.0,0.0018261172839750342,0.000882642537496369,0.0,0.03426779577527149,0.014643545829779952,0.010029285631601631,0.0,0.0005914159394708126,0.0,0.0004219198034635182,0.0,0.0,0.0,0.0,0.0,0.0,0.0,0.0,-0.002337643561355358,0.0010966580822190349,0.0,-0.009840864503649861,-0.00609832380183154,-0.010750905376413895,0.0,0.0,0.0,0.0,0.0,0.0,0.0,0.0,0.0,0.0,0.0,0.0,0.0,-0.01452342558407446,0.0,0.002082925830258985,0.0,0.001361256357680473,-0.00288062511016332,-0.0006219369853434636,0.0002284639955942436,0.005740949443222959,0.0,0.0,0.0,0.0,0.0,0.0,0.0,0.0,0.0,0.0,0.0
2022-02-16,0.0,0.0,0.0,0.00023180182144891666,0.0,0.0,0.0,0.0,0.0,0.0,0.007732149711220075,-0.007600042078845024,0.0,0.0005698727036058497,0.0,-0.00951068628992447,0.0,-0.003147598745077568,0.0,-0.04295291792508798,0.0,-0.007452571686391464,0.0006898999653113447,0.0,0.0,0.0,0.0,0.0,0.0,0.0,0.0,0.0022334072934358812,0.0,-0.0010326030500014557,0.0011906076793334508,0.005521290640710858,0.0,0.0,0.0,0.0,0.0,0.0,0.0,0.0008092905912718334,0.0,0.0,0.0,0.0018222322080204147,-0.000255134533438495,-0.0011005242446800127,-0.0003117058433052269,3.55569019740676e-05,0.0,0.0018261172839750342,0.000882642537496369,0.0,0.03426779577527149,0.014643545829779952,0.010029285631601631,0.0,0.0008032751355293883,0.0,0.0004219198034635182,0.0,0.0,0.0,0.0,0.0,0.0,0.0,0.0,-0.002337643561355358,0.0010966580822190349,0.0,-0.0064152940100715775,-0.005472531408371445,-0.01021371501115694,0.0,0.0,0.0,0.0,0.0,0.0,0.0,0.0,0.0,0.0,0.0,0.0,0.0,-0.01452342558407446,0.0,-0.00022508050777982286,0.0,0.001361256357680473,-0.003146865391098293,-0.0006219369853434636,0.0002284639955942436,-0.006630873017272793,0.0,0.0,0.0,0.0,0.0,0.0,0.0,0.0,0.0,0.0,0.0
2022-02-23,0.0,0.0,0.0,0.00023180182144891666,0.0,0.0,0.0,0.0,0.0,0.0,0.007732149711220075,-0.007600042078845024,0.0,-0.006134179538395814,0.0,-0.00951068628992447,0.0,-0.003147598745077568,0.0,-0.04852554037642242,0.0,-0.007452571686391464,0.0006898999653113447,0.0,0.0,0.0,0.0,0.0,0.0,0.0,0.0,0.0030604781719603385,0.0,-0.0010326030500014557,-0.0008812761397573726,0.005521290640710858,0.0,0.0,0.0,0.0,0.0,0.0,0.0,0.0008092905912718334,0.0,0.0,0.0,0.0018222322080204147,-0.000255134533438495,-0.0011005242446800127,-0.0003117058433052269,3.55569019740676e-05,0.0,0.0018261172839750342,0.000882642537496369,0.0,0.03426779577527149,0.014643545829779952,0.010029285631601631,0.0,0.0008032751355293883,0.0,0.0004219198034635182,0.0,0.0,0.0,0.0,0.0,0.0,0.0,0.0,-0.002337643561355358,0.0010966580822190349,0.0,-0.010682371477153408,-0.00609832380183154,-0.01021371501115694,0.0,0.0,0.0,0.0,0.0,0.0,0.0,0.0,0.0,0.0,0.0,0.0,0.0,-0.01452342558407446,0.0,-0.00022508050777982286,0.0,0.001361256357680473,-0.003146865391098293,-0.0006219369853434636,0.0002284639955942436,0.006402104602658234,0.0,0.0,0.0,0.0,0.0,0.0,0.0,0.0,0.0,0.0,0.0
2022-03-02,0.0,0.0,0.0,0.00023180182144891666,0.0,0.0,0.0,0.0,0.0,0.0,0.007732149711220075,-0.007600042078845024,0.0,-0.006134179538395814,0.0,-0.00951068628992447,0.0,-0.003147598745077568,0.0,-0.04877193916294717,0.0,-0.007452571686391464,0.0006898999653113447,0.0,0.0,0.0,0.0,0.0,0.0,0.0,0.0,0.0030604781719603385,0.0,-0.0010326030500014557,-0.0008812761397573726,0.005521290640710858,0.0,0.0,0.0,0.0,0.0,0.0,0.0,0.0008092905912718334,0.0,0.0,0.0,0.0018222322080204147,-0.000255134533438495,-0.0011005242446800127,-0.0003117058433052269,3.55569019740676e-05,0.0,0.0018261172839750342,0.000882642537496369,0.0,0.03426779577527149,0.014643545829779952,0.010029285631601631,0.0,0.0008032751355293883,0.0,0.0004219198034635182,0.0,0.0,0.0,0.0,0.0,0.0,0.0,0.0,-0.002337643561355358,0.0010966580822190349,0.0,-0.004787610920515613,-0.00609832380183154,-0.01021371501115694,0.0,0.0,0.0,0.0,0.0,0.0,0.0,0.0,0.0,0.0,0.0,0.0,0.0,-0.01452342558407446,0.0,0.001717691949374176,0.0,0.001361256357680473,-0.003146865391098293,-0.0006219369853434636,0.0002284639955942436,0.010932075261302264,0.0,0.0,0.0,0.0,0.0,0.0,0.0,0.0,0.0,0.0,0.0
2022-03-09,0.0,0.0,0.0,0.00023180182144891666,0.0,0.0,0.0,0.0,0.0,0.0,0.007732149711220075,-0.007600042078845024,0.0,-0.006134179538395814,0.0,-0.00951068628992447,0.0,-0.003147598745077568,0.0,-0.04877193916294717,0.0,-0.007452571686391464,0.0006898999653113447,0.0,0.0,0.0,0.0,0.0,0.0,0.0,0.0,0.0030604781719603385,0.0,-0.0010326030500014557,-0.0008812761397573726,0.005521290640710858,0.0,0.0,0.0,0.0,0.0,0.0,0.0,0.0008092905912718334,0.0,0.0,0.0,0.0018222322080204147,-0.000255134533438495,-0.0011005242446800127,-0.0003117058433052269,3.55569019740676e-05,0.0,0.0018261172839750342,0.000882642537496369,0.0,0.03426779577527149,0.014643545829779952,0.010029285631601631,0.0,0.0008032751355293883,0.0,0.0004219198034635182,0.0,0.0,0.0,0.0,0.0,0.0,0.0,0.0,-0.002337643561355358,0.0010966580822190349,0.0,-0.0060909002869667835,-0.00609832380183154,-0.01021371501115694,0.0,0.0,0.0,0.0,0.0,0.0,0.0,0.0,0.0,0.0,0.0,0.0,0.0,-0.01452342558407446,0.0,0.001717691949374176,0.0,0.001361256357680473,-0.003146865391098293,-0.0006219369853434636,0.0002284639955942436,0.006407676257727275,0.0,0.0,0.0,0.0,0.0,0.0,0.0,0.0,0.0,0.0,0.0
2022-03-16,0.0,0.0,0.0,0.00023180182144891666,0.0,0.0,0.0,0.0,0.0,0.0,0.007633061270481864,0.001273251142182975,0.0,0.0005698727036058497,0.0,-0.0063117179130326665,0.0,-0.003147598745077568,0.0,-0.041903065040226395,0.0,-0.007452571686391464,0.0006898999653113447,0.0,0.0,0.0,0.0,0.0,0.0,0.0,0.0,0.0022334072934358812,0.0,-0.0010326030500014557,-0.0015660241017323659,0.005521290640710858,0.0,0.0,0.0,0.0,0.0,0.0,0.0,0.0008092905912718334,0.0,0.0,0.0,0.0018222322080204147,-0.000255134533438495,-0.0011005242446800127,-0.0003117058433052269,3.55569019740676e-05,0.0,0.0018261172839750342,0.000882642537496369,0.0,0.03426779577527149,0.014643545829779952,0.010029285631601631,0.0,0.0008032751355293883,0.0,0.0004219198034635182,0.0,0.0,0.0,0.0,0.0,0.0,0.0,0.0,-0.002337643561355358,0.0010966580822190349,0.0,-0.005884961587198785,-0.005472531408371445,-0.010750905376413895,0.0,0.0,0.0,0.0,0.0,0.0,0.0,0.0,0.0,0.0,0.0,0.0,0.0,0.0014538212343809564,0.0,0.001717691949374176,0.0,0.001361256357680473,-0.0008229891907411142,-0.0006219369853434636,0.0002284639955942436,-0.011338901406357803,0.0,0.0,0.0,0.0,0.0,0.0,0.0,0.0,0.0,0.0,0.0
2022-03-23,0.0,0.0,0.0,0.00023180182144891666,0.0,0.0,0.0,0.0,0.0,0.0,0.007732149711220075,-0.007600042078845024,0.0,0.0005698727036058497,0.0,-0.0013292849624920071,0.0,-0.003147598745077568,0.0,-0.027757603906530422,0.0,-0.007452571686391464,0.0006898999653113447,0.0,0.0,0.0,0.0,0.0,0.0,0.0,0.0,0.0022334072934358812,0.0,-0.0010326030500014557,-0.0015660241017323659,-0.0007056737595967811,0.0,0.0,0.0,0.0,0.0,0.0,0.0,0.0008092905912718334,0.0,0.0,0.0,0.0018222322080204147,-0.000255134533438495,-0.0011005242446800127,-0.0003475990926196783,3.55569019740676e-05,0.0,0.0018261172839750342,0.000882642537496369,0.0,0.03426779577527149,0.014643545829779952,0.010029285631601631,0.0,0.0005914159394708126,0.0,0.0004219198034635182,0.0,0.0,0.0,0.0,0.0,0.0,0.0,0.0,-0.002337643561355358,0.0010966580822190349,0.0,-0.005249393313463236,-0.00609832380183154,-0.01021371501115694,0.0,0.0,0.0,0.0,0.0,0.0,0.0,0.0,0.0,0.0,0.0,0.0,0.0,0.0014538212343809564,0.0,0.0026535929529110207,0.0,0.001361256357680473,-0.0008229891907411142,-0.0006219369853434636,0.0002284639955942436,0.003288293452648824,0.0,0.0,0.0,0.0,0.0,0.0,0.0,0.0,0.0,0.0,0.0
2022-03-30,0.0,0.0,0.0,0.00023180182144891666,0.0,0.0,0.0,0.0,0.0,0.0,0.007732149711220075,-0.007600042078845024,0.0,0.0005698727036058497,0.0,-0.0013292849624920071,0.0,-0.003147598745077568,0.0,-0.04795968969223083,0.0,-0.007452571686391464,0.0006898999653113447,0.0,0.0,0.0,0.0,0.0,0.0,0.0,0.0,0.0030604781719603385,0.0,-0.0010326030500014557,-0.0008812761397573726,-0.0007056737595967811,0.0,0.0,0.0,0.0,0.0,0.0,0.0,0.0008092905912718334,0.0,0.0,0.0,0.0018222322080204147,-0.000255134533438495,-0.0011005242446800127,-0.0003475990926196783,3.55569019740676e-05,0.0,0.0018261172839750342,0.000882642537496369,0.0,0.03426779577527149,0.014643545829779952,0.010029285631601631,0.0,0.0008032751355293883,0.0,0.0004219198034635182,0.0,0.0,0.0,0.0,0.0,0.0,0.0,0.0,-0.002337643561355358,0.0010966580822190349,0.0,-0.005249393313463236,-0.00609832380183154,-0.01021371501115694,0.0,0.0,0.0,0.0,0.0,0.0,0.0,0.0,0.0,0.0,0.0,0.0,0.0,0.0014538212343809564,0.0,0.001717691949374176,0.0,0.001361256357680473,-0.0008229891907411142,-0.0006219369853434636,0.0002284639955942436,0.006407676257727275,0.0,0.0,0.0,0.0,0.0,0.0,0.0,0.0,0.0,0.0,0.0
2022-04-06,0.0,0.0,0.0,0.00023180182144891666,0.0,0.0,0.0,0.0,0.0,0.0,0.007922522879934087,-0.007600042078845024,0.0,0.00012827786588265366,0.0,-0.00951068628992447,0.0,-0.003147598745077568,0.0,-0.047975478548587885,0.0,-0.007756969730513104,0.0006898999653113447,0.0,0.0,0.0,0.0,0.0,0.0,0.0,0.0,0.0030604781719603385,0.0,-0.0010326030500014557,-0.0008812761397573726,-0.0007056737595967811,0.0,0.0,0.0,0.0,0.0,0.0,0.0,0.0008092905912718334,0.0,0.0,0.0,5.9528744088306775e-05,0.00022791076868371572,-0.0011005242446800127,-0.0003117058433052269,3.55569019740676e-05,0.0,0.0018261172839750342,0.000882642537496369,0.0,0.03426779577527149,0.014643545829779952,0.010029285631601631,0.0,-0.00037438710745511545,0.0,0.0004219198034635182,0.0,0.0,0.0,0.0,0.0,0.0,0.0,0.0,-0.002337643561355358,0.0010966580822190349,0.0,0.022619521805178937,-0.0058321465836907345,-0.01021371501115694,0.0,0.0,0.0,0.0,0.0,0.0,0.0,0.0,0.0,0.0,0.0,0.0,0.0,0.0019985744644888327,0.0,0.001717691949374176,0.0,0.001361256357680473,-0.0008229891907411142,-0.0006219369853434636,0.0002284639955942436,0.012403266629528793,0.0,0.0,0.0,0.0,0.0,0.0,0.0,0.0,0.0,0.0,0.0
2022-04-13,0.0,0.0,0.0,0.00023180182144891666,0.0,0.0,0.0,0.0,0.0,0.0,0.007922522879934087,-0.007600042078845024,0.0,-0.003985023740101144,0.0,-0.00951068628992447,0.0,-0.003147598745077568,0.0,-0.047975478548587885,0.0,-0.007756969730513104,0.0006898999653113447,0.0,0.0,0.0,0.0,0.0,0.0,0.0,0.0,0.0030604781719603385,0.0,-0.0010326030500014557,-0.0008812761397573726,-0.0007056737595967811,0.0,0.0,0.0,0.0,0.0,0.0,0.0,0.0008092905912718334,0.0,0.0,0.0,5.9528744088306775e-05,0.00022791076868371572,-0.0011005242446800127,-0.0003117058433052269,3.55569019740676e-05,0.0,0.0018261172839750342,0.000882642537496369,0.0,0.03426779577527149,0.014643545829779952,0.010029285631601631,0.0,-0.00037438710745511545,0.0,0.0004219198034635182,0.0,0.0,0.0,0.0,0.0,0.0,0.0,0.0,-0.002337643561355358,0.0010966580822190349,0.0,0.023065476101242086,-0.0058321465836907345,-0.01021371501115694,0.0,0.0,0.0,0.0,0.0,0.0,0.0,0.0,0.0,0.0,0.0,0.0,0.0,0.0019985744644888327,0.0,0.001717691949374176,0.0,0.001361256357680473,-0.0008229891907411142,-0.0006219369853434636,0.0002284639955942436,0.007878867625953806,0.0,0.0,0.0,0.0,0.0,0.0,0.0,0.0,0.0,0.0,0.0
2022-04-20,0.0,0.0,0.0,0.00023180182144891666,0.0,0.0,0.0,0.0,0.0,0.0,0.007922522879934087,-0.007600042078845024,0.0,-0.003985023740101144,0.0,-0.00951068628992447,0.0,-0.003147598745077568,0.0,-0.047975478548587885,0.0,-0.007756969730513104,0.0006898999653113447,0.0,0.0,0.0,0.0,0.0,0.0,0.0,0.0,0.0030604781719603385,0.0,-0.0010326030500014557,0.00042977661047234757,-0.0007056737595967811,0.0,0.0,0.0,0.0,0.0,0.0,0.0,0.0008092905912718334,0.0,0.0,0.0,5.9528744088306775e-05,0.00022791076868371572,-0.0011005242446800127,-0.0003117058433052269,3.55569019740676e-05,0.0,0.0018261172839750342,0.000882642537496369,0.0,0.03426779577527149,0.014643545829779952,0.010029285631601631,0.0,-0.00037438710745511545,0.0,0.0004219198034635182,0.0,0.0,0.0,0.0,0.0,0.0,0.0,0.0,-0.002337643561355358,0.0010966580822190349,0.0,0.023065476101242086,-0.0058321465836907345,-0.007867120443186397,0.0,0.0,0.0,0.0,0.0,0.0,0.0,0.0,0.0,0.0,0.0,0.0,0.0,0.0019985744644888327,0.0,0.001717691949374176,0.0,0.001361256357680473,-0.0008229891907411142,0.0014357152298475982,0.0002284639955942436,0.007085749871957928,0.0,0.0,0.0,0.0,0.0,0.0,0.0,0.0,0.0,0.0,0.0
2022-04-27,0.0,0.0,0.0,0.00023180182144891666,0.0,0.0,0.0,0.0,0.0,0.0,0.007922522879934087,-0.007600042078845024,0.0,-0.003985023740101144,0.0,-0.00951068628992447,0.0,-0.003147598745077568,0.0,-0.047975478548587885,0.0,-0.007756969730513104,0.0006898999653113447,0.0,0.0,0.0,0.0,0.0,0.0,0.0,0.0,0.0030604781719603385,0.0,-0.0010326030500014557,0.00042977661047234757,-0.0007056737595967811,0.0,0.0,0.0,0.0,0.0,0.0,0.0,0.0008092905912718334,0.0,0.0,0.0,5.9528744088306775e-05,0.00022791076868371572,-0.0011005242446800127,-0.0003117058433052269,3.55569019740676e-05,0.0,0.0018261172839750342,0.000882642537496369,0.0,0.03426779577527149,0.014643545829779952,0.010029285631601631,0.0,-0.00037438710745511545,0.0,0.0004219198034635182,0.0,0.0,0.0,0.0,0.0,0.0,0.0,0.0,-0.002337643561355358,0.0010966580822190349,0.0,0.024368765467693256,-0.0058321465836907345,-0.007867120443186397,0.0,0.0,0.0,0.0,0.0,0.0,0.0,0.0,0.0,0.0,0.0,0.0,0.0,0.0019985744644888327,0.0,0.001717691949374176,0.0,0.001361256357680473,-0.0008229891907411142,0.0014357152298475982,0.0002284639955942436,0.011610148875532916,0.0,0.0,0.0,0.0,0.0,0.0,0.0,0.0,0.0,0.0,0.0
2022-05-04,0.0,0.0,0.0,0.00023180182144891666,0.0,0.0,0.0,0.0,0.0,0.0,0.007694508786648289,-0.007600042078845024,0.0,-0.003985023740101144,0.0,-0.00951068628992447,0.0,-0.003147598745077568,0.0,-0.0485674035034165,0.0,-0.007756969730513104,0.0006898999653113447,0.0,0.0,0.0,0.0,0.0,0.0,0.0,0.0,0.0030604781719603385,0.0,-0.0010326030500014557,0.00042977661047234757,-0.0007056737595967811,0.0,0.0,0.0,0.0,0.0,0.0,0.0,0.0008092905912718334,0.0,0.0,0.0,5.9528744088306775e-05,0.00022791076868371572,-0.00042101784882747243,-0.0003117058433052269,-9.614006298050664e-05,0.0,-0.0013864964563514155,0.000882642537496369,0.0,0.03426779577527149,0.014643545829779952,0.010029285631601631,0.0,-0.0007064703145480033,0.0,0.0004219198034635182,0.0,0.0,0.0,0.0,0.0,0.0,0.0,0.0,-0.002337643561355358,0.0010966580822190349,0.0,0.024368765467693256,0.01258474396329886,-0.01021371501115694,0.0,0.0,0.0,0.0,0.0,0.0,0.0,0.0,0.0,0.0,0.0,0.0,0.0,0.0019985744644888327,0.0,0.001717691949374176,0.0,0.001361256357680473,-0.0008229891907411142,-0.0006219369853434636,0.0002284639955942436,0.012343638517513576,0.0,0.0,0.0,0.0,0.0,0.0,0.0,0.0,0.0,0.0,0.0
2022-05-11,0.0,0.0,0.0,0.00023180182144891666,0.0,0.0,0.0,0.0,0.0,0.0,0.007694508786648289,-0.007600042078845024,0.0,-0.003985023740101144,0.0,-0.00951068628992447,0.0,-0.003147598745077568,0.0,-0.0485674035034165,0.0,-0.008066729651741059,0.0006898999653113447,0.0,0.0,0.0,0.0,0.0,0.0,0.0,0.0,0.0030604781719603385,0.0,-0.0010326030500014557,0.00042977661047234757,-0.0007056737595967811,0.0,0.0,0.0,0.0,0.0,0.0,0.0,0.0008092905912718334,0.0,0.0,0.0,5.9528744088306775e-05,0.00022791076868371572,-0.00042101784882747243,-0.0003117058433052269,-9.614006298050664e-05,0.0,-0.0013864964563514155,0.000882642537496369,0.0,-0.004794222120591344,0.014643545829779952,0.010029285631601631,0.0,-0.0007064703145480033,0.0,0.00021642617096211863,0.0,0.0,0.0,0.0,0.0,0.0,0.0,0.0,-0.0038215085172429867,0.0010966580822190349,0.0,0.023065476101242086,0.01258474396329886,-0.01021371501115694,0.0,0.0,0.0,0.0,0.0,0.0,0.0,0.0,0.0,0.0,0.0,0.0,0.0,0.0019985744644888327,0.0,0.001717691949374176,0.0,0.001361256357680473,-0.0008229891907411142,-0.0006219369853434636,0.0002284639955942436,0.007819239513938588,0.0,0.0,0.0,0.0,0.0,0.0,0.0,0.0,0.0,0.0,0.0
2022-05-18,0.0,0.0,0.0,0.00023180182144891666,0.0,0.0,0.0,0.0,0.0,0.0,0.007694508786648289,-0.007600042078845024,0.0,0.00012827786588265366,0.0,-0.00951068628992447,0.0,-0.003147598745077568,0.0,-0.04888151793036419,0.0,-0.008066729651741059,0.0006898999653113447,0.0,0.0,0.0,0.0,0.0,0.0,0.0,0.0,0.0030604781719603385,0.0,-0.0010326030500014557,0.0011906076793334508,-0.0007056737595967811,0.0,0.0,0.0,0.0,0.0,0.0,0.0,0.0008092905912718334,0.0,0.0,0.0,5.9528744088306775e-05,0.00022791076868371572,-0.00042101784882747243,-0.0003117058433052269,-9.614006298050664e-05,0.0,-0.0013864964563514155,0.000882642537496369,0.0,-0.004794222120591344,0.005093404668515073,0.010029285631601631,0.0,-0.0007064703145480033,0.0,0.00021642617096211863,0.0,0.0,0.0,0.0,0.0,0.0,0.0,0.0,-0.0038215085172429867,0.0010966580822190349,0.0,0.018314971233556805,0.01141726204824006,-0.01021371501115694,0.0,0.0,0.0,0.0,0.0,0.0,0.0,0.0,0.0,0.0,0.0,0.0,0.0,0.0019985744644888327,0.0,0.001717691949374176,0.0,0.001361256357680473,-0.0008229891907411142,-0.0006219369853434636,0.0002284639955942436,-0.012640726359264703,0.0,0.0,0.0,0.0,0.0,0.0,0.0,0.0,0.0,0.0,0.0
2022-05-25,0.0,0.0,0.0,0.00023180182144891666,0.0,0.0,0.0,0.0,0.0,0.0,0.007694508786648289,-0.007600042078845024,0.0,0.00012827786588265366,0.0,-0.00951068628992447,0.0,-0.003147598745077568,0.0,-0.043567274358538875,0.0,-0.008066729651741059,0.0006898999653113447,0.0,0.0,0.0,0.0,0.0,0.0,0.0,0.0,0.0022334072934358812,0.0,-0.0010326030500014557,-0.0015660241017323659,-0.0007056737595967811,0.0,0.0,0.0,0.0,0.0,0.0,0.0,0.0008092905912718334,0.0,0.0,0.0,5.9528744088306775e-05,0.00022791076868371572,-0.00042101784882747243,-0.0003117058433052269,-9.614006298050664e-05,0.0,-0.0013864964563514155,0.000882642537496369,0.0,-0.004794222120591344,0.005093404668515073,0.010029285631601631,0.0,-0.0007064703145480033,0.0,0.00021642617096211863,0.0,0.0,0.0,0.0,0.0,0.0,0.0,0.0,-0.0038215085172429867,0.0010966580822190349,0.0,0.018314971233556805,0.01141726204824006,-0.01021371501115694,0.0,0.0,0.0,0.0,0.0,0.0,0.0,0.0,0.0,0.0,0.0,0.0,0.0,0.0019985744644888327,0.0,0.001717691949374176,0.0,0.001361256357680473,-0.0008229891907411142,-0.0006219369853434636,0.0002284639955942436,-0.013293187636104924,0.0,0.0,0.0,0.0,0.0,0.0,0.0,0.0,0.0,0.0,0.0
2022-06-01,0.0,0.0,0.0,0.00023180182144891666,0.0,0.0,0.0,0.0,0.0,0.0,0.007732149711220075,-0.007600042078845024,0.0,-0.006134179538395814,0.0,-0.00951068628992447,0.0,-0.003147598745077568,0.0,-0.04897058048376547,0.0,-0.007762331607619421,0.0006898999653113447,0.0,0.0,0.0,0.0,0.0,0.0,0.0,0.0,0.0030604781719603385,0.0,-0.0010326030500014557,-0.0015660241017323659,-0.0007056737595967811,0.0,0.0,0.0,0.0,0.0,0.0,0.0,0.0008092905912718334,0.0,0.0,0.0,-0.0010024400957874544,-0.000255134533438495,-0.0011005242446800127,-0.0003117058433052269,3.55569019740676e-05,0.0,-0.0013864964563514155,0.000882642537496369,0.0,-0.004794222120591344,0.005093404668515073,0.010029285631601631,0.0,-0.00037438710745511545,0.0,0.00021642617096211863,0.0,0.0,0.0,0.0,0.0,0.0,0.0,0.0,-0.0038215085172429867,0.0010966580822190349,0.0,-0.0072695135873041385,-0.00520635419023064,-0.01021371501115694,0.0,0.0,0.0,0.0,0.0,0.0,0.0,0.0,0.0,0.0,0.0,0.0,0.0,0.0014538212343809564,0.0,0.001717691949374176,0.0,0.001361256357680473,-0.0008229891907411142,-0.0006219369853434636,0.0002284639955942436,-0.012659291994416812,0.0,0.0,0.0,0.0,0.0,0.0,0.0,0.0,0.0,0.0,0.0
2022-06-08,0.0,0.0,0.0,0.00023180182144891666,0.0,0.0,0.0,0.0,0.0,0.0,0.007732149711220075,-0.007600042078845024,0.0,-0.006134179538395814,0.0,-0.00951068628992447,0.0,-0.003147598745077568,0.0,-0.04897058048376547,0.0,-0.007762331607619421,0.0006898999653113447,0.0,0.0,0.0,0.0,0.0,0.0,0.0,0.0,0.0030604781719603385,0.0,-0.0010326030500014557,-0.0015660241017323659,-0.0007056737595967811,0.0,0.0,0.0,0.0,0.0,0.0,0.0,0.0008092905912718334,0.0,0.0,0.0,-0.0010024400957874544,-0.000255134533438495,-0.0011005242446800127,-0.0003117058433052269,3.55569019740676e-05,0.0,-0.0013864964563514155,0.000882642537496369,0.0,-0.004794222120591344,0.005093404668515073,0.010029285631601631,0.0,-0.00037438710745511545,0.0,0.00021642617096211863,0.0,0.0,0.0,0.0,0.0,0.0,0.0,0.0,-0.0038215085172429867,0.0010966580822190349,0.0,-0.0072695135873041385,-0.00520635419023064,-0.01021371501115694,0.0,0.0,0.0,0.0,0.0,0.0,0.0,0.0,0.0,0.0,0.0,0.0,0.0,0.0014538212343809564,0.0,0.001717691949374176,0.0,0.001361256357680473,-0.0008229891907411142,-0.0006219369853434636,0.0002284639955942436,-0.012659291994416812,0.0,0.0,0.0,0.0,0.0,0.0,0.0,0.0,0.0,0.0,0.0
2022-06-15,0.0,0.0,0.0,0.00023180182144891666,0.0,0.0,0.0,0.0,0.0,0.0,0.007732149711220075,-0.007600042078845024,0.0,-0.006134179538395814,0.0,-0.00951068628992447,0.0,-0.003147598745077568,0.0,-0.0492289593632746,0.0,-0.007762331607619421,0.0006898999653113447,0.0,0.0,0.0,0.0,0.0,0.0,0.0,0.0,0.0030604781719603385,0.0,-0.0010326030500014557,-0.0015660241017323659,-0.0007056737595967811,0.0,0.0,0.0,0.0,0.0,0.0,0.0,0.0008092905912718334,0.0,0.0,0.0,-0.0010024400957874544,-0.000255134533438495,-0.0011005242446800127,-0.0003117058433052269,3.55569019740676e-05,0.0,-0.0013864964563514155,0.000882642537496369,0.0,-0.004794222120591344,0.005093404668515073,0.010029285631601631,0.0,-0.00037438710745511545,0.0,0.00021642617096211863,0.0,0.0,0.0,0.0,0.0,0.0,0.0,0.0,-0.0038215085172429867,0.0010966580822190349,0.0,-0.007029497345833505,-0.0058321465836907345,-0.01021371501115694,0.0,0.0,0.0,0.0,0.0,0.0,0.0,0.0,0.0,0.0,0.0,0.0,0.0,0.0014538212343809564,0.0,0.001717691949374176,0.0,0.001361256357680473,-0.0008229891907411142,-0.0006219369853434636,0.0002284639955942436,0.0031563308580882217,0.0,0.0,0.0,0.0,0.0,0.0,0.0,0.0,0.0,0.0,0.0
2022-06-22,0.0,0.0,0.0,0.00023180182144891666,0.0,0.0,0.0,0.0,0.0,0.0,0.007732149711220075,-0.007600042078845024,0.0,-0.006134179538395814,0.0,-0.00951068628992447,0.0,-0.003147598745077568,0.0,-0.04956285299853729,0.0,-0.006372910325234517,0.0006898999653113447,0.0,0.0,0.0,0.0,0.0,0.0,0.0,0.0,0.0015935417213298927,0.0,-0.0010326030500014557,-0.0008812761397573726,-0.0007056737595967811,0.0,0.0,0.0,0.0,0.0,0.0,0.0,0.0008092905912718334,0.0,0.0,0.0,-0.0010024400957874544,-0.000255134533438495,-0.0011005242446800127,-0.0003117058433052269,3.55569019740676e-05,0.0,-0.0013864964563514155,0.000882642537496369,0.0,-0.004794222120591344,0.005093404668515073,0.004373646408497055,0.0,-0.00037438710745511545,0.0,0.00021642617096211863,0.0,0.0,0.0,0.0,0.0,0.0,0.0,0.0,-0.0038215085172429867,0.0010966580822190349,0.0,-0.007029497345833505,-0.0058321465836907345,-0.01021371501115694,0.0,0.0,0.0,0.0,0.0,0.0,0.0,0.0,0.0,0.0,0.0,0.0,0.0,0.0014538212343809564,0.0,0.001717691949374176,0.0,0.001361256357680473,-0.0008229891907411142,-0.0006219369853434636,0.0002284639955942436,0.006407676257727275,0.0,0.0,0.0,0.0,0.0,0.0,0.0,0.0,0.0,0.0,0.0
2022-06-29,0.0,0.0,0.0,0.00023180182144891666,0.0,0.0,0.0,0.0,0.0,0.0,0.007732149711220075,-0.007600042078845024,0.0,-0.006134179538395814,0.0,-0.00951068628992447,0.0,-0.003147598745077568,0.0,-0.04956285299853729,0.0,-0.007762331607619421,0.0006898999653113447,0.0,0.0,0.0,0.0,0.0,0.0,0.0,0.0,0.0030604781719603385,0.0,-0.0010326030500014557,-0.0008812761397573726,-0.0007056737595967811,0.0,0.0,0.0,0.0,0.0,0.0,0.0,0.0008092905912718334,0.0,0.0,0.0,-0.0010024400957874544,-0.000255134533438495,-0.0011005242446800127,-0.0003117058433052269,3.55569019740676e-05,0.0,-0.0013864964563514155,0.000882642537496369,0.0,-0.00504217431629228,0.005093404668515073,0.004373646408497055,0.0,-0.00037438710745511545,0.0,-0.001003263690815923,0.0,0.0,0.0,0.0,0.0,0.0,0.0,0.0,-0.0038215085172429867,0.0010966580822190349,0.0,-0.005726207979382335,-0.0058321465836907345,-0.01021371501115694,0.0,0.0,0.0,0.0,0.0,0.0,0.0,0.0,0.0,0.0,0.0,0.0,0.0,0.0014538212343809564,0.0,0.001717691949374176,0.0,0.001361256357680473,-0.0008229891907411142,-0.0006219369853434636,0.0002284639955942436,0.010932075261302264,0.0,0.0,0.0,0.0,0.0,0.0,0.0,0.0,0.0,0.0,0.0
2022-07-06,0.0,0.0,0.0,0.00023180182144891666,0.0,0.0,0.0,0.0,0.0,0.0,0.007732149711220075,-0.007600042078845024,0.0,-0.006134179538395814,0.0,-0.00951068628992447,0.0,0.0006277359884888155,0.0,-0.05047129115404881,0.0,-0.008045853543506712,-0.0010156148188226488,0.0,0.0,0.0,0.0,0.0,0.0,0.0,0.0,0.0030604781719603385,0.0,-0.0010326030500014557,-0.0008812761397573726,-0.0007056737595967811,0.0,0.0,0.0,0.0,0.0,0.0,0.0,0.0008092905912718334,0.0,0.0,0.0,-0.0010024400957874544,-0.000255134533438495,-0.0011005242446800127,-0.0003117058433052269,3.55569019740676e-05,0.0,-0.0013864964563514155,0.000882642537496369,0.0,-0.00504217431629228,0.005093404668515073,0.004373646408497055,0.0,-0.00037438710745511545,0.0,-0.001003263690815923,0.0,0.0,0.0,0.0,0.0,0.0,0.0,0.0,-0.0038215085172429867,0.0010966580822190349,0.0,-0.014672892379066592,-0.0058321465836907345,-0.01021371501115694,0.0,0.0,0.0,0.0,0.0,0.0,0.0,0.0,0.0,0.0,0.0,0.0,0.0,0.0014538212343809564,0.0,0.001717691949374176,0.0,0.001361256357680473,-0.0008229891907411142,-0.0006219369853434636,0.0002284639955942436,0.006571290396735592,0.0,0.0,0.0,0.0,0.0,0.0,0.0,0.0,0.0,0.0,0.0
2022-07-13,0.0,0.0,0.0,0.00023180182144891666,0.0,0.0,0.0,0.0,0.0,0.0,0.007732149711220075,-0.007600042078845024,0.0,-0.006134179538395814,0.0,-0.00951068628992447,0.0,0.0006277359884888155,0.0,-0.05047129115404881,0.0,-0.008045853543506712,-0.0010156148188226488,0.0,0.0,0.0,0.0,0.0,0.0,0.0,0.0,0.0030604781719603385,0.0,-0.0010326030500014557,-0.0008812761397573726,-0.0007056737595967811,0.0,0.0,0.0,0.0,0.0,0.0,0.0,0.0008092905912718334,0.0,0.0,0.0,-0.0010024400957874544,-0.000255134533438495,-0.0011005242446800127,-0.0003117058433052269,3.55569019740676e-05,0.0,-0.0013864964563514155,0.000882642537496369,0.0,-0.00504217431629228,0.005093404668515073,0.004373646408497055,0.0,-0.00037438710745511545,0.0,-0.001003263690815923,0.0,0.0,0.0,0.0,0.0,0.0,0.0,0.0,-0.0038215085172429867,0.0010966580822190349,0.0,-0.014672892379066592,-0.0058321465836907345,-0.01021371501115694,0.0,0.0,0.0,0.0,0.0,0.0,0.0,0.0,0.0,0.0,0.0,0.0,0.0,0.0014538212343809564,0.0,0.001717691949374176,0.0,0.001361256357680473,-0.0008229891907411142,-0.0006219369853434636,0.0002284639955942436,0.006571290396735592,0.0,0.0,0.0,0.0,0.0,0.0,0.0,0.0,0.0,0.0,0.0
2022-07-20,0.0,0.0,0.0,0.00023180182144891666,0.0,0.0,0.0,0.0,0.0,0.0,0.007732149711220075,-0.007600042078845024,0.0,-0.006134179538395814,0.0,-0.00951068628992447,0.0,0.0006277359884888155,0.0,-0.05047129115404881,0.0,-0.008045853543506712,-0.0010156148188226488,0.0,0.0,0.0,0.0,0.0,0.0,0.0,0.0,0.0030604781719603385,0.0,-0.0010326030500014557,-0.0008812761397573726,-0.0007056737595967811,0.0,0.0,0.0,0.0,0.0,0.0,0.0,0.0008092905912718334,0.0,0.0,0.0,-0.0010024400957874544,-0.000255134533438495,-0.0011005242446800127,-0.0003117058433052269,3.55569019740676e-05,0.0,-0.0013864964563514155,0.000882642537496369,0.0,-0.00504217431629228,0.005093404668515073,0.004373646408497055,0.0,-0.00037438710745511545,0.0,-0.001003263690815923,0.0,0.0,0.0,0.0,0.0,0.0,0.0,0.0,-0.0038215085172429867,0.0010966580822190349,0.0,-0.014672892379066592,-0.0058321465836907345,-0.01021371501115694,0.0,0.0,0.0,0.0,0.0,0.0,0.0,0.0,0.0,0.0,0.0,0.0,0.0,0.0014538212343809564,0.0,0.001717691949374176,0.0,0.001361256357680473,-0.0008229891907411142,-0.0006219369853434636,0.0002284639955942436,0.006571290396735592,0.0,0.0,0.0,0.0,0.0,0.0,0.0,0.0,0.0,0.0,0.0
2022-07-27,0.0,0.0,0.0,-0.0048604132954447425,0.0,0.0,0.0,0.0,0.0,0.0,0.007633061270481864,0.004258268159734144,0.0,0.0005698727036058497,0.0,0.0026580769257085178,0.0,0.0006277359884888155,0.0,-0.02693836029007631,0.0,-0.0017788116904744625,-0.0010156148188226488,0.0,0.0,0.0,0.0,0.0,0.0,0.0,0.0,0.0007664708428054359,0.0,-0.0010326030500014557,-0.0008812761397573726,-0.0007056737595967811,0.0,0.0,0.0,0.0,0.0,0.0,0.0,0.0008092905912718334,0.0,0.0,0.0,-0.0010024400957874544,-0.000255134533438495,-0.0011005242446800127,-0.0003475990926196783,3.55569019740676e-05,0.0,-0.0013864964563514155,0.000882642537496369,0.0,-0.00504217431629228,0.005093404668515073,-0.0005128139342234474,0.0,-0.0005862463035136911,0.0,-0.001003263690815923,0.0,0.0,0.0,0.0,0.0,0.0,0.0,0.0,-0.0038215085172429867,0.0010966580822190349,0.0,-0.013831385405563045,-0.0058321465836907345,-0.010750905376413895,0.0,0.0,0.0,0.0,0.0,0.0,0.0,0.0,0.0,0.0,0.0,0.0,0.0,0.0014538212343809564,0.0,0.0040256982874129835,0.0,0.001361256357680473,-0.0005567489098061407,-0.0006219369853434636,0.0006582438259559583,0.006703252991296194,0.0,0.0,0.0,0.0,0.0,0.0,0.0,0.0,0.0,0.0,0.0
2022-08-03,0.0,0.0,0.0,-0.003092954669786852,0.0,0.0,0.0,0.0,0.0,0.0,0.007475611462192097,0.004258268159734144,0.0,0.0027503077241668172,0.0,0.0026580769257085178,0.0,0.0006277359884888155,0.0,0.01825995301478296,0.0,-0.006809972651922642,-0.0010156148188226488,0.0,0.0,0.0,0.0,0.0,0.0,0.0,0.0,0.0022334072934358812,0.0,-0.0010326030500014557,-0.0008812761397573726,-0.0007056737595967811,0.0,0.0,0.0,0.0,0.0,0.0,0.0,0.0002725455347148773,0.0,0.0,0.0,-0.0010024400957874544,-0.000255134533438495,-0.0011005242446800127,-0.0003475990926196783,3.55569019740676e-05,0.0,-0.0006130553461867604,0.000882642537496369,0.0,-0.00504217431629228,-0.0022709606193661545,-0.0004739521949931978,0.0,-0.0005862463035136911,0.0,-0.001003263690815923,0.0,0.0,0.0,0.0,0.0,0.0,0.0,0.0,-0.00599208945305105,0.0010966580822190349,0.0,-0.013831385405563045,-0.006109347115288851,-0.010750905376413895,0.0,0.0,0.0,0.0,0.0,0.0,0.0,0.0,0.0,0.0,0.0,0.0,0.0,-0.001628613248777711,0.0,0.0040256982874129835,0.0,0.001361256357680473,-0.0005567489098061407,-0.0006219369853434636,0.0006582438259559583,0.006878361721578387,0.0,0.0,0.0,0.0,0.0,0.0,0.0,0.0,0.0,0.0,0.0
2022-08-10,0.0,0.0,0.0,-0.003092954669786852,0.0,0.0,0.0,0.0,0.0,0.0,0.007475611462192097,0.004258268159734144,0.0,0.0005698727036058497,0.0,0.0026580769257085178,0.0,0.0006277359884888155,0.0,0.004847408928048006,0.0,-0.007072593236287672,-0.0010156148188226488,0.0,0.0,0.0,0.0,0.0,0.0,0.0,0.0,0.0022334072934358812,0.0,-0.0010326030500014557,-0.0008812761397573726,-0.0007056737595967811,0.0,0.0,0.0,0.0,0.0,0.0,0.0,0.0008092905912718334,0.0,0.0,0.0,-0.0010024400957874544,-0.000255134533438495,-0.0011005242446800127,-0.0003475990926196783,3.55569019740676e-05,0.0,-0.0006130553461867604,0.000882642537496369,0.0,-0.00504217431629228,-0.0022709606193661545,-0.0004724584134176159,0.0,-0.0005862463035136911,0.0,-0.001003263690815923,0.0,0.0,0.0,0.0,0.0,0.0,0.0,0.0,-0.00599208945305105,0.0010966580822190349,0.0,-0.013831385405563045,-0.0058321465836907345,-0.010750905376413895,0.0,0.0,0.0,0.0,0.0,0.0,0.0,0.0,0.0,0.0,0.0,0.0,0.0,0.0014538212343809564,0.0,0.0040256982874129835,0.0,0.001361256357680473,-0.0005567489098061407,-0.0006219369853434636,0.0006582438259559583,0.006878361721578387,0.0,0.0,0.0,0.0,0.0,0.0,0.0,0.0,0.0,0.0,0.0
2022-08-17,0.0,0.0,0.0,-0.00622160199853591,0.0,0.0,0.0,0.0,0.0,0.0,0.007475611462192097,0.004258268159734144,0.0,0.0005698727036058497,0.0,0.0026580769257085178,0.0,0.0006277359884888155,0.0,0.004847408928048006,0.0,-0.0017788116904744625,-0.0010156148188226488,0.0,0.0,0.0,0.0,0.0,0.0,0.0,0.0,0.0007664708428054359,0.0,-0.0010326030500014557,-0.0008812761397573726,-0.0007056737595967811,0.0,0.0,0.0,0.0,0.0,0.0,0.0,0.0008092905912718334,0.0,0.0,0.0,-0.0010024400957874544,-0.000255134533438495,-0.0011005242446800127,-0.0003475990926196783,3.55569019740676e-05,0.0,-0.0006130553461867604,0.000882642537496369,0.0,-0.00504217431629228,-0.0022709606193661545,-0.0004724584134176159,0.0,0.0005914159394708126,0.0,-0.001003263690815923,0.0,0.0,0.0,0.0,0.0,0.0,0.0,0.0,-0.00599208945305105,0.0010966580822190349,0.0,-0.013831385405563045,-0.00609832380183154,-0.010750905376413895,0.0,0.0,0.0,0.0,0.0,0.0,0.0,0.0,0.0,0.0,0.0,0.0,0.0,0.0014538212343809564,0.0,0.0040256982874129835,0.0,0.001361256357680473,-0.0005567489098061407,-0.0006219369853434636,0.0006582438259559583,0.006878361721578387,0.0,0.0,0.0,0.0,0.0,0.0,0.0,0.0,0.0,0.0,0.0
2022-08-24,0.0,0.0,0.0,-0.00622160199853591,0.0,0.0,0.0,0.0,0.0,0.0,0.007475611462192097,0.004258268159734144,0.0,0.0027503077241668172,0.0,0.0026580769257085178,0.0,0.0006277359884888155,0.0,0.05433031150237281,0.0,0.004907497451660726,-0.00022082693316618742,0.0,0.0,0.0,0.0,0.0,0.0,0.0,0.0,0.0007664708428054359,0.0,-0.0010326030500014557,-0.0008812761397573726,-0.0006204165388375327,0.0,0.0,0.0,0.0,0.0,0.0,0.0,0.0002725455347148773,0.0,0.0,0.0,-0.0010024400957874544,-0.000255134533438495,-0.0011005242446800127,-0.0003475990926196783,3.55569019740676e-05,0.0,-0.0006130553461867604,0.0005596342757951398,0.0,-0.005097151053118308,-0.0022278740108271793,-0.0004739521949931978,0.0,-0.0005862463035136911,0.0,-0.001003263690815923,0.0,0.0,0.0,0.0,0.0,0.0,0.0,0.0,-0.005802858254209987,-0.0015892373893178593,0.0,-0.013831385405563045,-0.006109347115288851,-0.010750905376413895,0.0,0.0,0.0,0.0,0.0,0.0,0.0,0.0,0.0,0.0,0.0,0.0,0.0,-0.001546366302142471,0.0,0.004167908508331498,0.0,0.001361256357680473,-0.00011151242601562054,-0.0006219369853434636,0.0006582438259559583,0.006878361721578387,0.0,0.0,0.0,0.0,0.0,0.0,0.0,0.0,0.0,0.0,0.0
2022-08-31,0.0,0.0,0.0,-0.00622160199853591,0.0,0.0,0.0,0.0,0.0,0.0,0.007475611462192097,0.004258268159734144,0.0,0.0011323585915853653,0.0,0.0023528430072206033,0.0,0.00029404739348876563,0.0,0.0644948378886692,0.0,0.03461314510295749,-0.00022082693316618742,0.0,0.0,0.0,0.0,0.0,0.0,0.0,0.0,0.0007664708428054359,0.0,-0.0010326030500014557,-0.0008812761397573726,-0.0006204165388375327,0.0,0.0,0.0,0.0,0.0,0.0,0.0,0.0002725455347148773,0.0,0.0,0.0,-0.0010024400957874544,-0.000255134533438495,-0.0012985899714511662,-0.0003475990926196783,3.55569019740676e-05,0.0,-0.0006130553461867604,0.0005596342757951398,0.0,-0.005097151053118308,-0.0022278740108271793,-0.0004739521949931978,0.0,0.0005914159394708126,0.0,-0.001003263690815923,0.0,0.0,0.0,0.0,0.0,0.0,0.0,0.0,-0.005802858254209987,-0.0015892373893178593,0.0,-0.013831971184117305,-0.006375524333429656,-0.010750905376413895,0.0,0.0,0.0,0.0,0.0,0.0,0.0,0.0,0.0,0.0,0.0,0.0,0.0,-0.001546366302142471,0.0,0.004434419283863439,0.0,0.001361256357680473,0.00042564441933906654,-0.0006219369853434636,0.0006582438259559583,0.006878361721578387,0.0,0.0,0.0,0.0,0.0,0.0,0.0,0.0,0.0,0.0,0.0
2022-09-07,0.0,0.0,0.0,-0.00622160199853591,0.0,0.0,0.0,0.0,0.0,0.0,0.006183172357254345,0.004258268159734144,0.0,0.0027503077241668172,0.0,0.001399816642342068,0.0,0.0006277359884888155,0.0,0.06417088390615298,0.0,0.004907497451660726,-0.00022082693316618742,0.0,0.0,0.0,0.0,0.0,0.0,0.0,0.0,0.0007664708428054359,0.0,-0.0010326030500014557,-0.0008812761397573726,-0.0006204165388375327,0.0,0.0,0.0,0.0,0.0,0.0,0.0,0.0002725455347148773,0.0,0.0,0.0,-0.0010024400957874544,-0.000255134533438495,-0.0012985899714511662,-0.0003475990926196783,-0.00025280090062050495,0.0,-0.0006130553461867604,-0.0010240116535825965,0.0,-0.005097151053118308,-0.0022278740108271793,-0.0004739521949931978,0.0,0.0005914159394708126,0.0,-0.001003263690815923,0.0,0.0,0.0,0.0,0.0,0.0,0.0,0.0,-0.005802858254209987,-0.0015892373893178593,0.0,-0.013831385405563045,-0.006620084849205404,-0.010750905376413895,0.0,0.0,0.0,0.0,0.0,0.0,0.0,0.0,0.0,0.0,0.0,0.0,0.0,-0.001546366302142471,0.0,-0.005560900201105507,0.0,-0.00030006636189063745,-0.00011151242601562054,-0.0006219369853434636,0.0006582438259559583,0.006878361721578387,0.0,0.0,0.0,0.0,0.0,0.0,0.0,0.0,0.0,0.0,0.0
2022-09-14,0.0,0.0,0.0,-0.00622160199853591,0.0,0.0,0.0,0.0,0.0,0.0,0.006183172357254345,0.004258268159734144,0.0,0.0012337139859231788,0.0,0.001399816642342068,0.0,0.00029404739348876563,0.0,0.06417088390615298,0.0,0.03279668606109937,-0.00022082693316618742,0.0,0.0,0.0,0.0,0.0,0.0,0.0,0.0,0.0007664708428054359,0.0,-0.0010326030500014557,-0.0008812761397573726,-0.0006204165388375327,0.0,0.0,0.0,0.0,0.0,0.0,0.0,0.0002725455347148773,0.0,0.0,0.0,-0.0010024400957874544,-0.000255134533438495,-0.0012985899714511662,-0.0003475990926196783,-0.00025280090062050495,0.0,-0.0006130553461867604,-0.0010240116535825965,0.0,-0.005097151053118308,-0.0022278740108271793,-0.0004739521949931978,0.0,0.0005914159394708126,0.0,-0.001003263690815923,0.0,0.0,0.0,0.0,0.0,0.0,0.0,0.0,-0.005802858254209987,-0.0015892373893178593,0.0,-0.013831971184117305,-0.006620084849205404,-0.010750905376413895,0.0,0.0,0.0,0.0,0.0,0.0,0.0,0.0,0.0,0.0,0.0,0.0,0.0,-0.001546366302142471,0.0,-0.005560900201105507,0.0,-0.00030006636189063745,0.00042564441933906654,-0.0006219369853434636,0.0006582438259559583,0.006878361721578387,0.0,0.0,0.0,0.0,0.0,0.0,0.0,0.0,0.0,0.0,0.0
2022-09-21,0.0,0.0,0.0,-0.00622160199853591,0.0,0.0,0.0,0.0,0.0,0.0,0.006183172357254345,0.004258268159734144,0.0,0.0012337139859231788,0.0,0.001399816642342068,0.0,0.00029404739348876563,0.0,0.06417088390615298,0.0,0.03279668606109937,-0.00022082693316618742,0.0,0.0,0.0,0.0,0.0,0.0,0.0,0.0,0.0007664708428054359,0.0,-0.0010326030500014557,0.004650923357211151,-0.0006204165388375327,0.0,0.0,0.0,0.0,0.0,0.0,0.0,0.0002725455347148773,0.0,0.0,0.0,-0.0010024400957874544,-0.000255134533438495,-0.0012985899714511662,-0.0003475990926196783,-0.00025280090062050495,0.0,-0.0006130553461867604,-0.0010240116535825965,0.0,-0.005097151053118308,-0.0022278740108271793,-0.0004739521949931978,0.0,0.0005914159394708126,0.0,-0.001003263690815923,0.0,0.0,0.0,0.0,0.0,0.0,0.0,0.0,-0.005802858254209987,-0.0015892373893178593,0.0,-0.013831971184117305,-0.006620084849205404,-0.009656089882664521,0.0,0.0,0.0,0.0,0.0,0.0,0.0,0.0,0.0,0.0,0.0,0.0,0.0,-0.001546366302142471,0.0,-0.005560900201105507,0.0,-0.00030006636189063745,0.00042564441933906654,-0.0006219369853434636,0.0006582438259559583,0.0060852439675825095,0.0,0.0,0.0,0.0,0.0,0.0,0.0,0.0,0.0,0.0,0.0
2022-09-28,0.0,0.0,0.0,-0.00622160199853591,0.0,0.0,0.0,0.0,0.0,0.0,0.006183172357254345,0.004258268159734144,0.0,0.0012337139859231788,0.0,0.001399816642342068,0.0,0.00029404739348876563,0.0,0.06417088390615298,0.0,0.03279668606109937,-0.00022082693316618742,0.0,0.0,0.0,0.0,0.0,0.0,0.0,0.0,0.0007664708428054359,0.0,-0.0010326030500014557,0.004650923357211151,-0.0006204165388375327,0.0,0.0,0.0,0.0,0.0,0.0,0.0,0.0002725455347148773,0.0,0.0,0.0,-0.0010024400957874544,-0.000255134533438495,-0.0012985899714511662,-0.0003475990926196783,-0.00025280090062050495,0.0,-0.0006130553461867604,-0.0010240116535825965,0.0,-0.005097151053118308,-0.0022278740108271793,-0.0004739521949931978,0.0,0.0005914159394708126,0.0,-0.001003263690815923,0.0,0.0,0.0,0.0,0.0,0.0,0.0,0.0,-0.005802858254209987,-0.0015892373893178593,0.0,-0.010780047341070844,-0.006620084849205404,-0.009656089882664521,0.0,0.0,0.0,0.0,0.0,0.0,0.0,0.0,0.0,0.0,0.0,0.0,0.0,-0.001546366302142471,0.0,-0.005560900201105507,0.0,-0.00030006636189063745,0.00042564441933906654,-0.0006219369853434636,0.0006582438259559583,0.005916058173505151,0.0,0.0,0.0,0.0,0.0,0.0,0.0,0.0,0.0,0.0,0.0
2022-10-05,0.0,0.0,0.0,-0.00622160199853591,0.0,0.0,0.0,0.0,0.0,0.0,0.007475611462192097,0.004258268159734144,0.0,0.0012337139859231788,0.0,0.0023528430072206033,0.0,0.00029404739348876563,0.0,0.0638729182138285,0.0,0.03279668606109937,-0.00022082693316618742,0.0,0.0,0.0,0.0,0.0,0.0,0.0,0.0,0.0007664708428054359,0.0,-0.0010326030500014557,0.005411754426072254,-0.0006204165388375327,0.0,0.0,0.0,0.0,0.0,0.0,0.0,-0.0006246959533316248,0.0,0.0,0.0,-0.0010024400957874544,-0.000255134533438495,-0.0012985899714511662,-0.0003475990926196783,3.55569019740676e-05,0.0,0.000807438748636221,0.0005596342757951398,0.0,-0.005097151053118308,-0.0022278740108271793,-0.0004739521949931978,0.0,0.0005914159394708126,0.0,-0.001003263690815923,0.0,0.0,0.0,0.0,0.0,0.0,0.0,0.0,-0.005802858254209987,-0.0015892373893178593,0.0,-0.010780047341070844,-0.006375524333429656,-0.009656089882664521,0.0,0.0,0.0,0.0,0.0,0.0,0.0,0.0,0.0,0.0,0.0,0.0,0.0,-0.001546366302142471,0.0,0.004434419283863439,0.0,0.001361256357680473,0.00042564441933906654,-0.0006219369853434636,0.0006582438259559583,0.004110291804702195,0.0,0.0,0.0,0.0,0.0,0.0,0.0,0.0,0.0,0.0,0.0
2022-10-12,0.0,0.0,0.0,-0.00622160199853591,0.0,0.0,0.0,0.0,0.0,0.0,0.007475611462192097,0.004258268159734144,0.0,0.0027503077241668172,0.0,0.0023528430072206033,0.0,0.0006277359884888155,0.0,0.0638729182138285,0.0,0.004907497451660726,-0.00022082693316618742,0.0,0.0,0.0,0.0,0.0,0.0,0.0,0.0,0.0007664708428054359,0.0,-0.0010326030500014557,0.004650923357211151,-0.0006204165388375327,0.0,0.0,0.0,0.0,0.0,0.0,0.0,-0.0006246959533316248,0.0,0.0,0.0,-0.0010024400957874544,-0.000255134533438495,-0.0012985899714511662,-0.0003475990926196783,3.55569019740676e-05,0.0,0.000807438748636221,0.0005596342757951398,0.0,-0.005097151053118308,-0.0022278740108271793,-0.0004739521949931978,0.0,0.0005914159394708126,0.0,-0.001003263690815923,0.0,0.0,0.0,0.0,0.0,0.0,0.0,0.0,-0.005802858254209987,-0.0015892373893178593,0.0,-0.010779461562516584,-0.006375524333429656,-0.009656089882664521,0.0,0.0,0.0,0.0,0.0,0.0,0.0,0.0,0.0,0.0,0.0,0.0,0.0,-0.001546366302142471,0.0,0.004434419283863439,0.0,0.001361256357680473,-0.00011151242601562054,-0.0006219369853434636,0.0006582438259559583,0.005916058173505151,0.0,0.0,0.0,0.0,0.0,0.0,0.0,0.0,0.0,0.0,0.0
2022-10-19,0.0,0.0,0.0,-0.0017530623264473385,0.0,0.0,0.0,0.0,0.0,0.0,0.007475611462192097,0.004258268159734144,0.0,0.0027503077241668172,0.0,0.0023528430072206033,0.0,0.0006277359884888155,0.0,0.0638729182138285,0.0,-0.006393811676756779,-0.00022082693316618742,0.0,0.0,0.0,0.0,0.0,0.0,0.0,0.0,0.0007664708428054359,0.0,-0.0010326030500014557,0.004650923357211151,-0.0006204165388375327,0.0,0.0,0.0,0.0,0.0,0.0,0.0,-0.0006246959533316248,0.0,0.0,0.0,-0.0010024400957874544,-0.000255134533438495,-0.0012985899714511662,-0.0003475990926196783,3.55569019740676e-05,0.0,0.000807438748636221,0.0005596342757951398,0.0,-0.00504217431629228,-0.0022278740108271793,-0.0004739521949931978,0.0,0.0005914159394708126,0.0,-0.001003263690815923,0.0,0.0,0.0,0.0,0.0,0.0,0.0,0.0,-0.005802858254209987,-0.0015892373893178593,0.0,-0.010779461562516584,-0.006375524333429656,-0.009656089882664521,0.0,0.0,0.0,0.0,0.0,0.0,0.0,0.0,0.0,0.0,0.0,0.0,0.0,-0.001546366302142471,0.0,0.004434419283863439,0.0,0.001361256357680473,-0.00011151242601562054,-0.0006219369853434636,0.0006582438259559583,0.005916058173505151,0.0,0.0,0.0,0.0,0.0,0.0,0.0,0.0,0.0,0.0,0.0
2022-10-26,0.0,0.0,0.0,0.0008414924940014191,0.0,0.0,0.0,0.0,0.0,0.0,0.007475611462192097,0.004258268159734144,0.0,0.0027503077241668172,0.0,0.0023528430072206033,0.0,0.0006277359884888155,0.0,0.06370944132215223,0.0,0.0073449756257828736,-0.00022082693316618742,0.0,0.0,0.0,0.0,0.0,0.0,0.0,0.0,0.0007664708428054359,0.0,-0.0010326030500014557,0.004650923357211151,0.003239919453782305,0.0,0.0,0.0,0.0,0.0,0.0,0.0,-0.0006246959533316248,0.0,0.0,0.0,-0.0010024400957874544,-0.000255134533438495,-0.0012985899714511662,-0.0003475990926196783,3.55569019740676e-05,0.0,0.000807438748636221,0.0005596342757951398,0.0,-0.004849198857417372,-0.0022278740108271793,-0.0004739521949931978,0.0,0.0005914159394708126,0.0,0.00021642617096211863,0.0,0.0,0.0,0.0,0.0,0.0,0.0,0.0,-0.005802858254209987,-0.0015892373893178593,0.0,-0.010779461562516584,-0.006375524333429656,-0.009656089882664521,0.0,0.0,0.0,0.0,0.0,0.0,0.0,0.0,0.0,0.0,0.0,0.0,0.0,-0.001546366302142471,0.0,0.004434419283863439,0.0,0.001361256357680473,-0.00011151242601562054,-0.0006219369853434636,0.0006582438259559583,0.005916058173505151,0.0,0.0,0.0,0.0,0.0,0.0,0.0,0.0,0.0,0.0,0.0
2022-11-02,0.0,0.0,0.0,0.0008414924940014191,0.0,0.0,0.0,0.0,0.0,0.0,0.007475611462192097,0.004258268159734144,0.0,0.0012337139859231788,0.0,0.0023528430072206033,0.0,0.0006277359884888155,0.0,0.06322022885971934,0.0,0.026620853410437607,-0.00022082693316618742,0.0,0.0,0.0,0.0,0.0,0.0,0.0,0.0,0.0007664708428054359,0.0,-0.0010326030500014557,0.004650923357211151,0.003239919453782305,0.0,0.0,0.0,0.0,0.0,0.0,0.0,0.0002725455347148773,0.0,0.0,0.0,-0.0010024400957874544,-0.000255134533438495,-0.0012985899714511662,-0.0003475990926196783,3.55569019740676e-05,0.0,0.000807438748636221,0.0005596342757951398,0.0,-0.004849198857417372,-0.0022278740108271793,-0.0004739521949931978,0.0,0.0005914159394708126,0.0,0.00021642617096211863,0.0,0.0,0.0,0.0,0.0,0.0,0.0,0.0,-0.005802858254209987,-0.0015892373893178593,0.0,-0.010780047341070844,-0.006375524333429656,-0.009656089882664521,0.0,0.0,0.0,0.0,0.0,0.0,0.0,0.0,0.0,0.0,0.0,0.0,0.0,-0.001546366302142471,0.0,0.004434419283863439,0.0,0.001361256357680473,0.00042564441933906654,-0.0006219369853434636,0.0006582438259559583,0.005916058173505151,0.0,0.0,0.0,0.0,0.0,0.0,0.0,0.0,0.0,0.0,0.0
2022-11-09,0.0,0.0,0.0,0.0008414924940014191,0.0,0.0,0.0,0.0,0.0,0.0,0.007475611462192097,0.004258268159734144,0.0,0.0012337139859231788,0.0,0.0023528430072206033,0.0,0.00029404739348876563,0.0,0.06322022885971934,0.0,0.035234164235221514,-0.00022082693316618742,0.0,0.0,0.0,0.0,0.0,0.0,0.0,0.0,0.0007664708428054359,0.0,-0.0010326030500014557,0.004650923357211151,0.003239919453782305,0.0,0.0,0.0,0.0,0.0,0.0,0.0,0.0002725455347148773,0.0,0.0,0.0,-0.0010024400957874544,-0.000255134533438495,-0.0012985899714511662,-0.0003475990926196783,3.55569019740676e-05,0.0,0.000807438748636221,0.0005596342757951398,0.0,-0.004849198857417372,-0.0022278740108271793,-0.0004739521949931978,0.0,0.0005914159394708126,0.0,0.00021642617096211863,0.0,0.0,0.0,0.0,0.0,0.0,0.0,0.0,-0.005802858254209987,-0.0015892373893178593,0.0,-0.010780047341070844,-0.006375524333429656,-0.009656089882664521,0.0,0.0,0.0,0.0,0.0,0.0,0.0,0.0,0.0,0.0,0.0,0.0,0.0,-0.001546366302142471,0.0,0.004434419283863439,0.0,0.001361256357680473,0.00042564441933906654,-0.0006219369853434636,0.0006582438259559583,0.005916058173505151,0.0,0.0,0.0,0.0,0.0,0.0,0.0,0.0,0.0,0.0,0.0
2022-11-16,0.0,0.0,0.0,0.0008414924940014191,0.0,0.0,0.0,0.0,0.0,0.0,0.007475611462192097,0.004258268159734144,0.0,0.0012337139859231788,0.0,0.0023528430072206033,0.0,0.00029404739348876563,0.0,0.06322022885971934,0.0,0.035234164235221514,-0.00022082693316618742,0.0,0.0,0.0,0.0,0.0,0.0,0.0,0.0,0.0007664708428054359,0.0,-0.0010326030500014557,0.005411754426072254,0.003239919453782305,0.0,0.0,0.0,0.0,0.0,0.0,0.0,0.0002725455347148773,0.0,0.0,0.0,-0.0010024400957874544,-0.000255134533438495,-0.0012985899714511662,-0.0003475990926196783,3.55569019740676e-05,0.0,0.000807438748636221,0.0005596342757951398,0.0,-0.004849198857417372,-0.0022278740108271793,-0.0004739521949931978,0.0,0.0005914159394708126,0.0,0.00021642617096211863,0.0,0.0,0.0,0.0,0.0,0.0,0.0,0.0,-0.005802858254209987,-0.0015892373893178593,0.0,-0.010780047341070844,-0.006375524333429656,-0.009656089882664521,0.0,0.0,0.0,0.0,0.0,0.0,0.0,0.0,0.0,0.0,0.0,0.0,0.0,-0.001546366302142471,0.0,0.004434419283863439,0.0,0.001361256357680473,0.00042564441933906654,-0.0006219369853434636,0.0006582438259559583,0.004110291804702195,0.0,0.0,0.0,0.0,0.0,0.0,0.0,0.0,0.0,0.0,0.0
2022-11-23,0.0,0.0,0.0,0.0008414924940014191,0.0,0.0,0.0,0.0,0.0,0.0,0.007574699902930308,-0.007600042078845024,0.0,0.0027503077241668172,0.0,0.0023528430072206033,0.0,0.0006277359884888155,0.0,0.06322022885971934,0.0,0.000921287068012713,-0.00022082693316618742,0.0,0.0,0.0,0.0,0.0,0.0,0.0,0.0,0.0007664708428054359,0.0,-0.0010326030500014557,0.005411754426072254,0.003239919453782305,0.0,0.0,0.0,0.0,0.0,0.0,0.0,0.0002725455347148773,0.0,0.0,0.0,-0.0010024400957874544,-0.000255134533438495,-0.0012985899714511662,-0.0003475990926196783,3.55569019740676e-05,0.0,0.000807438748636221,0.0005596342757951398,0.0,-0.004794222120591344,-0.0022278740108271793,-0.0004739521949931978,0.0,0.0005914159394708126,0.0,0.00021642617096211863,0.0,0.0,0.0,0.0,0.0,0.0,0.0,0.0,-0.005802858254209987,-0.0015892373893178593,0.0,-0.010779461562516584,-0.006375524333429656,-0.009118899517407566,0.0,0.0,0.0,0.0,0.0,0.0,0.0,0.0,0.0,0.0,0.0,0.0,0.0,-0.001546366302142471,0.0,0.004434419283863439,0.0,0.001361256357680473,-0.00037775270695059406,-0.0006219369853434636,0.0006582438259559583,0.004110291804702195,0.0,0.0,0.0,0.0,0.0,0.0,0.0,0.0,0.0,0.0,0.0
2022-11-30,0.0,0.0,0.0,0.0005594013414092909,0.0,0.0,0.0,0.0,0.0,0.0,0.007574699902930308,-0.007600042078845024,0.0,0.0005698727036058497,0.0,0.0026580769257085178,0.0,0.0006277359884888155,0.0,0.005447329053212215,0.0,-0.008045853543506712,-0.0010156148188226488,0.0,0.0,0.0,0.0,0.0,0.0,0.0,0.0,0.0022334072934358812,0.0,-0.0010326030500014557,0.005411754426072254,0.005521290640710858,0.0,0.0,0.0,0.0,0.0,0.0,0.0,0.0008092905912718334,0.0,0.0,0.0,-0.0010024400957874544,-0.000255134533438495,-0.0011005242446800127,-0.0003475990926196783,3.55569019740676e-05,0.0,0.000807438748636221,0.000882642537496369,0.0,-0.004794222120591344,-0.0022709606193661545,-0.0004724584134176159,0.0,0.0005914159394708126,0.0,0.00021642617096211863,0.0,0.0,0.0,0.0,0.0,0.0,0.0,0.0,-0.005802858254209987,-0.0015892373893178593,0.0,-0.007353891068938299,-0.005472531408371445,-0.006772304949437023,0.0,0.0,0.0,0.0,0.0,0.0,0.0,0.0,0.0,0.0,0.0,0.0,0.0,0.0014538212343809564,0.0,0.0040256982874129835,0.0,0.001361256357680473,-0.0008229891907411142,0.0014357152298475982,0.0006582438259559583,-0.007074279825512877,0.0,0.0,0.0,0.0,0.0,0.0,0.0,0.0,0.0,0.0,0.0
2022-12-07,0.0,0.0,0.0,0.0005594013414092909,0.0,0.0,0.0,0.0,0.0,0.0,0.007574699902930308,-0.007600042078845024,0.0,0.0027503077241668172,0.0,0.0017050505608299823,0.0,0.0006277359884888155,0.0,0.0005806123606532795,0.0,-0.007473473037913726,-0.0010156148188226488,0.0,0.0,0.0,0.0,0.0,0.0,0.0,0.0,0.0022334072934358812,0.0,-0.0010326030500014557,0.005411754426072254,0.005521290640710858,0.0,0.0,0.0,0.0,0.0,0.0,0.0,0.0008092905912718334,0.0,0.0,0.0,-0.0010024400957874544,-0.000255134533438495,-0.0011005242446800127,-0.0003475990926196783,-0.00025280090062050495,0.0,0.000807438748636221,0.000882642537496369,0.0,0.01190723002787744,0.004917768578349316,-0.0004724584134176159,0.0,0.0005914159394708126,0.0,0.00021642617096211863,0.0,0.0,0.0,0.0,0.0,0.0,0.0,0.0,-0.005073927164282021,-0.0015892373893178593,0.0,-0.006958339036673383,-0.005717091924147192,-0.006772304949437023,0.0,0.0,0.0,0.0,0.0,0.0,0.0,0.0,0.0,0.0,0.0,0.0,0.0,0.0014538212343809564,0.0,-0.0019586415108011107,0.0,0.001361256357680473,-0.0008229891907411142,0.0014357152298475982,0.0006582438259559583,-0.008121904891401546,0.0,0.0,0.0,0.0,0.0,0.0,0.0,0.0,0.0,0.0,0.0
2022-12-14,0.0,0.0,0.0,0.0005594013414092909,0.0,0.0,0.0,0.0,0.0,0.0,0.007574699902930308,-0.007600042078845024,0.0,0.0027503077241668172,0.0,0.0017050505608299823,0.0,0.0006277359884888155,0.0,0.022414995131962885,0.0,-0.007473473037913726,-0.00022082693316618742,0.0,0.0,0.0,0.0,0.0,0.0,0.0,0.0,0.0022334072934358812,0.0,-0.0010326030500014557,0.005411754426072254,0.005521290640710858,0.0,0.0,0.0,0.0,0.0,0.0,0.0,0.0002725455347148773,0.0,0.0,0.0,-0.0010024400957874544,-0.000255134533438495,-0.0011005242446800127,-0.0003475990926196783,-0.00025280090062050495,0.0,0.000807438748636221,0.000882642537496369,0.0,0.01190723002787744,0.004917768578349316,-0.0004739521949931978,0.0,0.0005914159394708126,0.0,0.00021642617096211863,0.0,0.0,0.0,0.0,0.0,0.0,0.0,0.0,-0.005073927164282021,-0.0015892373893178593,0.0,-0.006958339036673383,-0.00599429245574531,-0.006772304949437023,0.0,0.0,0.0,0.0,0.0,0.0,0.0,0.0,0.0,0.0,0.0,0.0,0.0,-0.001628613248777711,0.0,-0.0019586415108011107,0.0,0.001361256357680473,-0.0008229891907411142,0.0014357152298475982,0.0006582438259559583,-0.008394670413571885,0.0,0.0,0.0,0.0,0.0,0.0,0.0,0.0,0.0,0.0,0.0
2022-12-21,0.0,0.0,0.0,0.0005594013414092909,0.0,0.0,0.0,0.0,0.0,0.0,0.007574699902930308,-0.007600042078845024,0.0,0.0027503077241668172,0.0,0.0017050505608299823,0.0,0.0006277359884888155,0.0,0.022907094385536633,0.0,-0.007473473037913726,-0.00022082693316618742,0.0,0.0,0.0,0.0,0.0,0.0,0.0,0.0,0.0022334072934358812,0.0,-0.0010326030500014557,0.004650923357211151,0.005521290640710858,0.0,0.0,0.0,0.0,0.0,0.0,0.0,0.0002725455347148773,0.0,0.0,0.0,-0.0010024400957874544,-0.000255134533438495,-0.0011005242446800127,-0.0003475990926196783,-0.00025280090062050495,0.0,0.000807438748636221,0.000882642537496369,0.0,0.01190723002787744,0.004917768578349316,-0.0004739521949931978,0.0,0.0005914159394708126,0.0,0.00021642617096211863,0.0,0.0,0.0,0.0,0.0,0.0,0.0,0.0,-0.005073927164282021,-0.0015892373893178593,0.0,-0.010779461562516584,-0.006620084849205404,-0.006772304949437023,0.0,0.0,0.0,0.0,0.0,0.0,0.0,0.0,0.0,0.0,0.0,0.0,0.0,-0.001628613248777711,0.0,-0.0019586415108011107,0.0,0.001361256357680473,-0.0008229891907411142,0.0014357152298475982,0.0006582438259559583,0.005916058173505151,0.0,0.0,0.0,0.0,0.0,0.0,0.0,0.0,0.0,0.0,0.0
2022-12-28,0.0,0.0,0.0,0.0005594013414092909,0.0,0.0,0.0,0.0,0.0,0.0,0.007574699902930308,-0.007600042078845024,0.0,0.0027503077241668172,0.0,0.0017050505608299823,0.0,0.0006277359884888155,0.0,0.03735472074803657,0.0,-0.007473473037913726,-0.00022082693316618742,0.0,0.0,0.0,0.0,0.0,0.0,0.0,0.0,0.0022334072934358812,0.0,-0.0010326030500014557,0.004650923357211151,0.005521290640710858,0.0,0.0,0.0,0.0,0.0,0.0,0.0,0.0002725455347148773,0.0,0.0,0.0,-0.0010024400957874544,-0.000255134533438495,-0.0011005242446800127,-0.0003475990926196783,-0.00025280090062050495,0.0,0.000807438748636221,0.000882642537496369,0.0,0.01190723002787744,0.004917768578349316,-0.0004739521949931978,0.0,0.0005914159394708126,0.0,0.00021642617096211863,0.0,0.0,0.0,0.0,0.0,0.0,0.0,0.0,-0.005073927164282021,-0.0015892373893178593,0.0,-0.010779461562516584,-0.006620084849205404,-0.006772304949437023,0.0,0.0,0.0,0.0,0.0,0.0,0.0,0.0,0.0,0.0,0.0,0.0,0.0,-0.001628613248777711,0.0,-0.001816431289882596,0.0,0.001361256357680473,-0.00037775270695059406,0.0014357152298475982,0.0006582438259559583,0.005916058173505151,0.0,0.0,0.0,0.0,0.0,0.0,0.0,0.0,0.0,0.0,0.0
2023-01-04,0.0,0.0,0.0,0.0005594013414092909,0.0,0.0,0.0,0.0,0.0,0.0,0.006472633966706567,-0.008305605005069057,0.0,0.0023087128864436213,0.0,0.0017050505608299823,0.0,0.0006277359884888155,0.0,0.0018001828858312814,0.0,-0.007777871082035365,0.0006898999653113447,0.0,0.0,0.0,0.0,0.0,0.0,0.0,0.0,0.0022334072934358812,0.0,-0.0010326030500014557,0.0032012974233686427,0.005521290640710858,0.0,0.0,0.0,0.0,0.0,0.0,0.0,0.0008092905912718334,0.0,0.0,0.0,5.9528744088306775e-05,0.00022791076868371572,-0.0011005242446800127,-0.0003475990926196783,3.55569019740676e-05,0.0,0.000807438748636221,0.000882642537496369,0.0,0.01190723002787744,0.004917768578349316,-0.0004724584134176159,0.0,-0.0005862463035136911,0.0,0.00021642617096211863,0.0,0.0,0.0,0.0,0.0,0.0,0.0,0.0,-0.005073927164282021,-0.0015892373893178593,0.0,0.022619521805178937,-0.0058321465836907345,0.0039058756978698874,0.0,0.0,0.0,0.0,0.0,0.0,0.0,0.0,0.0,0.0,0.0,0.0,0.0,0.0019985744644888327,0.0,-0.00505696481574006,0.0,-0.00030006636189063745,-0.0005797070400157538,-0.0013248288839416249,0.0006582438259559583,0.01174211147009352,0.0,0.0,0.0,0.0,0.0,0.0,0.0,0.0,0.0,0.0,0.0
2023-01-11,0.0,0.0,0.0,0.00023180182144891666,0.0,0.0,0.0,0.0,0.0,0.0,0.006530995334258124,0.004415583477219953,0.0,0.00012827786588265366,0.0,0.0017050505608299823,0.0,0.0006277359884888155,0.0,-0.01326551832487746,0.0,-0.008040491666400395,0.0006898999653113447,0.0,0.0,0.0,0.0,0.0,0.0,0.0,0.0,0.0022334072934358812,0.0,-0.0010326030500014557,0.0032012974233686427,0.005521290640710858,0.0,0.0,0.0,0.0,0.0,0.0,0.0,0.0008092905912718334,0.0,0.0,0.0,5.9528744088306775e-05,0.00022791076868371572,-0.0011005242446800127,-0.0003475990926196783,3.55569019740676e-05,0.0,0.000807438748636221,0.000882642537496369,0.0,0.01190723002787744,0.004917768578349316,-0.0004724584134176159,0.0,-0.0005862463035136911,0.0,0.00021642617096211863,0.0,0.0,0.0,0.0,0.0,0.0,0.0,0.0,-0.0029033462284739583,-0.0015892373893178593,0.0,0.022619521805178937,-0.0058321465836907345,0.004231563576322775,0.0,0.0,0.0,0.0,0.0,0.0,0.0,0.0,0.0,0.0,0.0,0.0,0.0,0.0019985744644888327,0.0,-0.00505696481574006,0.0,-0.00030006636189063745,-0.00031346675908078026,-0.0013248288839416249,0.0006582438259559583,0.01174211147009352,0.0,0.0,0.0,0.0,0.0,0.0,0.0,0.0,0.0,0.0,0.0
2023-01-18,0.0,0.0,0.0,0.00023180182144891666,0.0,0.0,0.0,0.0,0.0,0.0,0.006530995334258124,0.004415583477219953,0.0,0.00012827786588265366,0.0,0.0017050505608299823,0.0,0.0006277359884888155,0.0,-0.028154063779875282,0.0,-0.008040491666400395,0.0006898999653113447,0.0,0.0,0.0,0.0,0.0,0.0,0.0,0.0,0.0022334072934358812,0.0,-0.0010326030500014557,0.0032012974233686427,0.005521290640710858,0.0,0.0,0.0,0.0,0.0,0.0,0.0,0.0008092905912718334,0.0,0.0,0.0,5.9528744088306775e-05,0.00022791076868371572,-0.0011005242446800127,-0.0003475990926196783,3.55569019740676e-05,0.0,0.0018261172839750342,0.000882642537496369,0.0,0.03426779577527149,0.005093404668515073,0.004373646408497055,0.0,-0.0005862463035136911,0.0,0.0004219198034635182,0.0,0.0,0.0,0.0,0.0,0.0,0.0,0.0,-0.002148412362514296,-0.0015892373893178593,0.0,0.022619521805178937,-0.0058321465836907345,0.004231563576322775,0.0,0.0,0.0,0.0,0.0,0.0,0.0,0.0,0.0,0.0,0.0,0.0,0.0,0.0019985744644888327,0.0,-0.00505696481574006,0.0,-0.00030006636189063745,-0.00031346675908078026,-0.0013248288839416249,0.0002284639955942436,0.01174211147009352,0.0,0.0,0.0,0.0,0.0,0.0,0.0,0.0,0.0,0.0,0.0
2023-01-25,0.0,0.0,0.0,0.00023180182144891666,0.0,0.0,0.0,0.0,0.0,0.0,0.006530995334258124,0.004415583477219953,0.0,0.00012827786588265366,0.0,0.0017050505608299823,0.0,0.0006277359884888155,0.0,-0.024737662474899523,0.0,-0.008040491666400395,0.0006898999653113447,0.0,0.0,0.0,0.0,0.0,0.0,0.0,0.0,0.0022334072934358812,0.0,-0.0010326030500014557,0.0005250244683049482,0.005521290640710858,0.0,0.0,0.0,0.0,0.0,0.0,0.0,0.0008092905912718334,0.0,0.0,0.0,5.9528744088306775e-05,0.00022791076868371572,-0.0011005242446800127,-0.0003475990926196783,3.55569019740676e-05,0.0,0.0018261172839750342,0.000882642537496369,0.0,0.03426779577527149,0.005093404668515073,0.004373646408497055,0.0,-0.0005862463035136911,0.0,0.0004219198034635182,0.0,0.0,0.0,0.0,0.0,0.0,0.0,0.0,-0.002148412362514296,-0.0015892373893178593,0.0,0.022619521805178937,-0.0058321465836907345,0.004681621874248511,0.0,0.0,0.0,0.0,0.0,0.0,0.0,0.0,0.0,0.0,0.0,0.0,0.0,0.0019985744644888327,0.0,-0.00505696481574006,0.0,-0.00030006636189063745,-0.00031346675908078026,-0.0013248288839416249,0.0006582438259559583,0.01174211147009352,0.0,0.0,0.0,0.0,0.0,0.0,0.0,0.0,0.0,0.0,0.0
2023-02-01,0.0,0.0,0.0,0.0005594013414092909,0.0,0.0,0.0,0.0,0.0,0.0,0.0074379705376203115,0.004415583477219953,0.0,0.0023087128864436213,0.0,0.0017050505608299823,0.0,0.0006277359884888155,0.0,0.001693322061458015,0.0,-0.007777871082035365,0.0006898999653113447,0.0,0.0,0.0,0.0,0.0,0.0,0.0,0.0,0.0022334072934358812,0.0,-0.0010326030500014557,0.0005250244683049482,0.005521290640710858,0.0,0.0,0.0,0.0,0.0,0.0,0.0,0.0008092905912718334,0.0,0.0,0.0,-0.00010821114921137111,0.00022791076868371572,-0.00042101784882747243,-0.0003475990926196783,-9.614006298050664e-05,0.0,0.000807438748636221,0.000882642537496369,0.0,0.03426779577527149,0.004917768578349316,0.004414001929302886,0.0,-0.0009183295106065789,0.0,0.0004219198034635182,0.0,0.0,0.0,0.0,0.0,0.0,0.0,0.0,-0.004318993298322358,-0.0015892373893178593,0.0,0.020565706666938112,0.01258474396329886,0.006291410572807779,0.0,0.0,0.0,0.0,0.0,0.0,0.0,0.0,0.0,0.0,0.0,0.0,0.0,0.0019985744644888327,0.0,-0.0019586415108011107,0.0,0.001361256357680473,-0.00031346675908078026,0.0005739021673971264,0.0006582438259559583,0.01247560111207418,0.0,0.0,0.0,0.0,0.0,0.0,0.0,0.0,0.0,0.0,0.0
2023-02-08,0.0,0.0,0.0,0.00023180182144891666,0.0,0.0,0.0,0.0,0.0,0.0,0.007595420345910079,0.004415583477219953,0.0,0.0023087128864436213,0.0,0.0017050505608299823,0.0,0.0006277359884888155,0.0,-0.009080381147426838,0.0,-0.007777871082035365,0.0006898999653113447,0.0,0.0,0.0,0.0,0.0,0.0,0.0,0.0,0.0022334072934358812,0.0,-0.0010326030500014557,0.0005250244683049482,0.005521290640710858,0.0,0.0,0.0,0.0,0.0,0.0,0.0,0.0008092905912718334,0.0,0.0,0.0,-0.00010821114921137111,0.00022791076868371572,-0.00042101784882747243,-0.0003475990926196783,-9.614006298050664e-05,0.0,0.000807438748636221,0.000882642537496369,0.0,0.03426779577527149,0.014467909739614196,0.004414001929302886,0.0,-0.0009183295106065789,0.0,0.0004219198034635182,0.0,0.0,0.0,0.0,0.0,0.0,0.0,0.0,-0.004318993298322358,-0.0015892373893178593,0.0,0.020565706666938112,0.01258474396329886,0.006291410572807779,0.0,0.0,0.0,0.0,0.0,0.0,0.0,0.0,0.0,0.0,0.0,0.0,0.0,0.0019985744644888327,0.0,-0.0019586415108011107,0.0,0.001361256357680473,-0.00031346675908078026,0.0005739021673971264,0.0006582438259559583,0.01247560111207418,0.0,0.0,0.0,0.0,0.0,0.0,0.0,0.0,0.0,0.0,0.0
2023-02-15,0.0,0.0,0.0,0.00023180182144891666,0.0,0.0,0.0,0.0,0.0,0.0,0.007595420345910079,0.004415583477219953,0.0,0.0023087128864436213,0.0,0.0017050505608299823,0.0,0.0006277359884888155,0.0,-0.009080381147426838,0.0,-0.007777871082035365,0.0006898999653113447,0.0,0.0,0.0,0.0,0.0,0.0,0.0,0.0,0.0022334072934358812,0.0,-0.0010326030500014557,0.0005250244683049482,0.005521290640710858,0.0,0.0,0.0,0.0,0.0,0.0,0.0,0.0008092905912718334,0.0,0.0,0.0,-0.00010821114921137111,0.00022791076868371572,-0.00042101784882747243,-0.0003475990926196783,-9.614006298050664e-05,0.0,0.000807438748636221,0.000882642537496369,0.0,0.03426779577527149,0.014467909739614196,0.004414001929302886,0.0,-0.0009183295106065789,0.0,0.0004219198034635182,0.0,0.0,0.0,0.0,0.0,0.0,0.0,0.0,-0.004318993298322358,-0.0015892373893178593,0.0,0.020565706666938112,0.01258474396329886,0.006291410572807779,0.0,0.0,0.0,0.0,0.0,0.0,0.0,0.0,0.0,0.0,0.0,0.0,0.0,0.0019985744644888327,0.0,-0.0019586415108011107,0.0,0.001361256357680473,-0.00031346675908078026,0.0005739021673971264,0.0006582438259559583,0.01247560111207418,0.0,0.0,0.0,0.0,0.0,0.0,0.0,0.0,0.0,0.0,0.0
2023-02-22,0.0,0.0,0.0,0.00023180182144891666,0.0,0.0,0.0,0.0,0.0,0.0,0.007595420345910079,0.004415583477219953,0.0,0.00012827786588265366,0.0,0.0017050505608299823,0.0,-0.003147598745077568,0.0,-0.02742552165329975,0.0,-0.007756969730513104,0.0006898999653113447,0.0,0.0,0.0,0.0,0.0,0.0,0.0,0.0,0.0022334072934358812,0.0,-0.0010326030500014557,-0.000786028281924772,0.005521290640710858,0.0,0.0,0.0,0.0,0.0,0.0,0.0,0.0008092905912718334,0.0,0.0,0.0,-0.00010821114921137111,0.00022791076868371572,-0.00042101784882747243,-0.0003475990926196783,-9.614006298050664e-05,0.0,0.0018261172839750342,0.000882642537496369,0.0,0.03426779577527149,0.014643545829779952,0.010029285631601631,0.0,-0.0009183295106065789,0.0,0.0004219198034635182,0.0,0.0,0.0,0.0,0.0,0.0,0.0,0.0,-0.002148412362514296,-0.0015892373893178593,0.0,0.020565706666938112,0.01258474396329886,0.006291410572807779,0.0,0.0,0.0,0.0,0.0,0.0,0.0,0.0,0.0,0.0,0.0,0.0,0.0,0.0019985744644888327,0.0,-0.0019586415108011107,0.0,0.001361256357680473,-0.00031346675908078026,0.0005739021673971264,0.0002284639955942436,0.013268718866070056,0.0,0.0,0.0,0.0,0.0,0.0,0.0,0.0,0.0,0.0,0.0
2023-03-01,0.0,0.0,0.0,0.00023180182144891666,0.0,0.0,0.0,0.0,0.0,0.0,0.007694508786648289,-0.008305605005069057,0.0,-0.003985023740101144,0.0,-0.00951068628992447,0.0,-0.003147598745077568,0.0,-0.04740241379451661,0.0,-0.007756969730513104,0.0006898999653113447,0.0,0.0,0.0,0.0,0.0,0.0,0.0,0.0,0.0030604781719603385,0.0,-0.0010326030500014557,-0.000786028281924772,0.005521290640710858,0.0,0.0,0.0,0.0,0.0,0.0,0.0,0.0008092905912718334,0.0,0.0,0.0,5.9528744088306775e-05,0.00022791076868371572,-0.00042101784882747243,-0.0003117058433052269,-9.614006298050664e-05,0.0,0.0018261172839750342,0.000882642537496369,0.0,0.03426779577527149,0.014643545829779952,0.010029285631601631,0.0,-0.0007064703145480033,0.0,0.0004219198034635182,0.0,0.0,0.0,0.0,0.0,0.0,0.0,0.0,-0.002148412362514296,-0.0015892373893178593,0.0,0.024368765467693256,0.01258474396329886,0.005965722694354893,0.0,0.0,0.0,0.0,0.0,0.0,0.0,0.0,0.0,0.0,0.0,0.0,0.0,0.0019985744644888327,0.0,0.001717691949374176,0.0,0.001361256357680473,-0.0005797070400157538,0.0005739021673971264,0.0002284639955942436,0.013136756271509453,0.0,0.0,0.0,0.0,0.0,0.0,0.0,0.0,0.0,0.0,0.0
2023-03-08,0.0,0.0,0.0,0.00023180182144891666,0.0,0.0,0.0,0.0,0.0,0.0,0.007694508786648289,-0.008305605005069057,0.0,-0.003985023740101144,0.0,-0.00951068628992447,0.0,-0.003147598745077568,0.0,-0.04740241379451661,0.0,-0.007756969730513104,0.0006898999653113447,0.0,0.0,0.0,0.0,0.0,0.0,0.0,0.0,0.0030604781719603385,0.0,-0.0010326030500014557,-0.000786028281924772,0.005521290640710858,0.0,0.0,0.0,0.0,0.0,0.0,0.0,0.0008092905912718334,0.0,0.0,0.0,5.9528744088306775e-05,0.00022791076868371572,-0.00042101784882747243,-0.0003117058433052269,-9.614006298050664e-05,0.0,0.0018261172839750342,0.000882642537496369,0.0,0.03426779577527149,0.014643545829779952,0.010029285631601631,0.0,-0.0007064703145480033,0.0,0.0004219198034635182,0.0,0.0,0.0,0.0,0.0,0.0,0.0,0.0,-0.002148412362514296,-0.0015892373893178593,0.0,0.024368765467693256,0.01258474396329886,0.005965722694354893,0.0,0.0,0.0,0.0,0.0,0.0,0.0,0.0,0.0,0.0,0.0,0.0,0.0,0.0019985744644888327,0.0,0.001717691949374176,0.0,0.001361256357680473,-0.0005797070400157538,0.0005739021673971264,0.0002284639955942436,0.013136756271509453,0.0,0.0,0.0,0.0,0.0,0.0,0.0,0.0,0.0,0.0,0.0
2023-03-15,0.0,0.0,0.0,0.00023180182144891666,0.0,0.0,0.0,0.0,0.0,0.0,0.007694508786648289,-0.008305605005069057,0.0,-0.003985023740101144,0.0,-0.00951068628992447,0.0,-0.003147598745077568,0.0,-0.04740241379451661,0.0,-0.007756969730513104,0.0006898999653113447,0.0,0.0,0.0,0.0,0.0,0.0,0.0,0.0,0.0030604781719603385,0.0,-0.0010326030500014557,-0.000786028281924772,0.005521290640710858,0.0,0.0,0.0,0.0,0.0,0.0,0.0,0.0008092905912718334,0.0,0.0,0.0,5.9528744088306775e-05,0.00022791076868371572,-0.00042101784882747243,-0.0003117058433052269,-9.614006298050664e-05,0.0,0.0018261172839750342,0.000882642537496369,0.0,0.03426779577527149,0.014643545829779952,0.010029285631601631,0.0,-0.0007064703145480033,0.0,0.0004219198034635182,0.0,0.0,0.0,0.0,0.0,0.0,0.0,0.0,-0.002148412362514296,-0.0015892373893178593,0.0,0.024368765467693256,0.01258474396329886,0.005965722694354893,0.0,0.0,0.0,0.0,0.0,0.0,0.0,0.0,0.0,0.0,0.0,0.0,0.0,0.0019985744644888327,0.0,0.001717691949374176,0.0,0.001361256357680473,-0.0005797070400157538,0.0005739021673971264,0.0002284639955942436,0.013136756271509453,0.0,0.0,0.0,0.0,0.0,0.0,0.0,0.0,0.0,0.0,0.0
2023-03-22,0.0,0.0,0.0,0.00023180182144891666,0.0,0.0,0.0,0.0,0.0,0.0,0.007694508786648289,-0.008305605005069057,0.0,-0.003985023740101144,0.0,-0.00951068628992447,0.0,-0.003147598745077568,0.0,-0.0478864159951866,0.0,-0.007756969730513104,0.0006898999653113447,0.0,0.0,0.0,0.0,0.0,0.0,0.0,0.0,0.0030604781719603385,0.0,-0.0010326030500014557,-0.000786028281924772,-0.0007056737595967811,0.0,0.0,0.0,0.0,0.0,0.0,0.0,0.0008092905912718334,0.0,0.0,0.0,5.9528744088306775e-05,0.00022791076868371572,-0.00042101784882747243,-0.0003117058433052269,-9.614006298050664e-05,0.0,0.0018261172839750342,0.000882642537496369,0.0,0.03426779577527149,0.014643545829779952,0.010029285631601631,0.0,-0.0007064703145480033,0.0,0.0004219198034635182,0.0,0.0,0.0,0.0,0.0,0.0,0.0,0.0,-0.002148412362514296,-0.0015892373893178593,0.0,0.024368765467693256,0.01258474396329886,0.005965722694354893,0.0,0.0,0.0,0.0,0.0,0.0,0.0,0.0,0.0,0.0,0.0,0.0,0.0,0.0019985744644888327,0.0,0.001717691949374176,0.0,0.001361256357680473,-0.0005797070400157538,0.0005739021673971264,0.0002284639955942436,0.013136756271509453,0.0,0.0,0.0,0.0,0.0,0.0,0.0,0.0,0.0,0.0,0.0
2023-03-29,0.0,0.0,0.0,0.00023180182144891666,0.0,0.0,0.0,0.0,0.0,0.0,0.007694508786648289,-0.008305605005069057,0.0,0.00012827786588265366,0.0,-0.0013292849624920071,0.0,-0.003147598745077568,0.0,-0.047870627138829544,0.0,-0.007756969730513104,0.0006898999653113447,0.0,0.0,0.0,0.0,0.0,0.0,0.0,0.0,0.0030604781719603385,0.0,-0.0010326030500014557,-0.000786028281924772,-0.0007056737595967811,0.0,0.0,0.0,0.0,0.0,0.0,0.0,0.0008092905912718334,0.0,0.0,0.0,5.9528744088306775e-05,0.00022791076868371572,-0.00042101784882747243,-0.0003475990926196783,-9.614006298050664e-05,0.0,0.0018261172839750342,0.000882642537496369,0.0,0.03426779577527149,0.014643545829779952,0.010029285631601631,0.0,-0.0007064703145480033,0.0,0.0004219198034635182,0.0,0.0,0.0,0.0,0.0,0.0,0.0,0.0,-0.002148412362514296,-0.0015892373893178593,0.0,0.021316232438727767,0.01258474396329886,0.005965722694354893,0.0,0.0,0.0,0.0,0.0,0.0,0.0,0.0,0.0,0.0,0.0,0.0,0.0,0.0019985744644888327,0.0,0.001717691949374176,0.0,0.001361256357680473,-0.0005797070400157538,0.0005739021673971264,0.0002284639955942436,0.008612357267934466,0.0,0.0,0.0,0.0,0.0,0.0,0.0,0.0,0.0,0.0,0.0
2023-04-05,0.0,0.0,0.0,0.00023180182144891666,0.0,0.0,0.0,0.0,0.0,0.0,0.007504135617934278,-0.008305605005069057,0.0,0.0005698727036058497,0.0,-0.00951068628992447,0.0,-0.003147598745077568,0.0,-0.027684330209486196,0.0,-0.007452571686391464,0.0006898999653113447,0.0,0.0,0.0,0.0,0.0,0.0,0.0,0.0,0.0022334072934358812,0.0,-0.0010326030500014557,-0.000786028281924772,-0.0007056737595967811,0.0,0.0,0.0,0.0,0.0,0.0,0.0,0.0008092905912718334,0.0,0.0,0.0,-0.0010024400957874544,-0.000255134533438495,-0.00042101784882747243,-0.0003117058433052269,-9.614006298050664e-05,0.0,0.0018261172839750342,0.000882642537496369,0.0,0.03426779577527149,0.014643545829779952,0.010029285631601631,0.0,-0.0009183295106065789,0.0,0.0004219198034635182,0.0,0.0,0.0,0.0,0.0,0.0,0.0,0.0,-0.002148412362514296,-0.0015892373893178593,0.0,-0.006187990372329958,0.01258474396329886,0.005965722694354893,0.0,0.0,0.0,0.0,0.0,0.0,0.0,0.0,0.0,0.0,0.0,0.0,0.0,0.0014538212343809564,0.0,0.0026535929529110207,0.0,0.001361256357680473,-0.0005797070400157538,0.0005739021673971264,0.0002284639955942436,0.007273128494268537,0.0,0.0,0.0,0.0,0.0,0.0,0.0,0.0,0.0,0.0,0.0
2023-04-12,0.0,0.0,0.0,0.00023180182144891666,0.0,0.0,0.0,0.0,0.0,0.0,0.007504135617934278,-0.008305605005069057,0.0,0.0005698727036058497,0.0,-0.00951068628992447,0.0,-0.003147598745077568,0.0,-0.027684330209486196,0.0,-0.007452571686391464,0.0006898999653113447,0.0,0.0,0.0,0.0,0.0,0.0,0.0,0.0,0.0022334072934358812,0.0,-0.0010326030500014557,-0.000786028281924772,-0.0007056737595967811,0.0,0.0,0.0,0.0,0.0,0.0,0.0,0.0008092905912718334,0.0,0.0,0.0,-0.0010024400957874544,-0.000255134533438495,-0.00042101784882747243,-0.0003117058433052269,-9.614006298050664e-05,0.0,0.0018261172839750342,0.000882642537496369,0.0,0.03426779577527149,0.014643545829779952,0.010029285631601631,0.0,-0.0009183295106065789,0.0,0.0004219198034635182,0.0,0.0,0.0,0.0,0.0,0.0,0.0,0.0,-0.002148412362514296,-0.0015892373893178593,0.0,-0.004884701005878788,0.01258474396329886,0.005965722694354893,0.0,0.0,0.0,0.0,0.0,0.0,0.0,0.0,0.0,0.0,0.0,0.0,0.0,0.0014538212343809564,0.0,0.0026535929529110207,0.0,0.001361256357680473,-0.0005797070400157538,0.0005739021673971264,0.0002284639955942436,0.011797527497843525,0.0,0.0,0.0,0.0,0.0,0.0,0.0,0.0,0.0,0.0,0.0
2023-04-19,0.0,0.0,0.0,0.00023180182144891666,0.0,0.0,0.0,0.0,0.0,0.0,0.007504135617934278,-0.008305605005069057,0.0,-0.006134179538395814,0.0,-0.00951068628992447,0.0,-0.003147598745077568,0.0,-0.0478864159951866,0.0,-0.008213092566885969,0.0006898999653113447,0.0,0.0,0.0,0.0,0.0,0.0,0.0,0.0,-0.0001705827304319477,0.0,-0.0010326030500014557,-0.000786028281924772,-0.0007056737595967811,0.0,0.0,0.0,0.0,0.0,0.0,0.0,0.0008092905912718334,0.0,0.0,0.0,-0.0010024400957874544,-0.000255134533438495,-0.00042101784882747243,-0.0003117058433052269,-9.614006298050664e-05,0.0,0.0018261172839750342,0.000882642537496369,0.0,0.03426779577527149,0.014643545829779952,0.010029285631601631,0.0,-0.0007064703145480033,0.0,0.0004219198034635182,0.0,0.0,0.0,0.0,0.0,0.0,0.0,0.0,-0.002148412362514296,-0.0015892373893178593,0.0,-0.005726207979382335,0.01258474396329886,0.005965722694354893,0.0,0.0,0.0,0.0,0.0,0.0,0.0,0.0,0.0,0.0,0.0,0.0,0.0,0.0014538212343809564,0.0,0.001717691949374176,0.0,0.001361256357680473,-0.0005797070400157538,0.0005739021673971264,0.0002284639955942436,0.011665564903282924,0.0,0.0,0.0,0.0,0.0,0.0,0.0,0.0,0.0,0.0,0.0
2023-04-26,0.0,0.0,0.0,0.00023180182144891666,0.0,0.0,0.0,0.0,0.0,0.0,0.007504135617934278,-0.008305605005069057,0.0,-0.006134179538395814,0.0,-0.00951068628992447,0.0,-0.003147598745077568,0.0,-0.0478864159951866,0.0,-0.008213092566885969,0.0006898999653113447,0.0,0.0,0.0,0.0,0.0,0.0,0.0,0.0,-0.0001705827304319477,0.0,-0.0010326030500014557,0.0005250244683049482,-0.0007056737595967811,0.0,0.0,0.0,0.0,0.0,0.0,0.0,0.0008092905912718334,0.0,0.0,0.0,-0.0010024400957874544,-0.000255134533438495,-0.00042101784882747243,-0.0003117058433052269,-9.614006298050664e-05,0.0,0.0018261172839750342,0.000882642537496369,0.0,0.01190723002787744,0.014643545829779952,0.010029285631601631,0.0,-0.0007064703145480033,0.0,0.00021642617096211863,0.0,0.0,0.0,0.0,0.0,0.0,0.0,0.0,-0.0029033462284739583,-0.0015892373893178593,0.0,-0.007029497345833505,0.01258474396329886,0.005965722694354893,0.0,0.0,0.0,0.0,0.0,0.0,0.0,0.0,0.0,0.0,0.0,0.0,0.0,0.0014538212343809564,0.0,0.001717691949374176,0.0,0.001361256357680473,-0.0005797070400157538,0.0005739021673971264,0.0002284639955942436,0.006348048145712057,0.0,0.0,0.0,0.0,0.0,0.0,0.0,0.0,0.0,0.0,0.0
2023-05-03,0.0,0.0,0.0,0.00023180182144891666,0.0,0.0,0.0,0.0,0.0,0.0,0.007504135617934278,-0.007600042078845024,0.0,0.0005698727036058497,0.0,-0.009046010254772203,0.0,-0.003147598745077568,0.0,-0.028365317717716092,0.0,-0.008522852488113925,0.0006898999653113447,0.0,0.0,0.0,0.0,0.0,0.0,0.0,0.0,-0.0009976536089564047,0.0,-0.0010326030500014557,0.00042977661047234757,-0.0007056737595967811,0.0,0.0,0.0,0.0,0.0,0.0,0.0,0.0008092905912718334,0.0,0.0,0.0,-0.0010024400957874544,-0.000255134533438495,-0.00042101784882747243,0.0009522233383897467,-9.614006298050664e-05,0.0,-0.0013864964563514155,0.000882642537496369,0.0,-0.004794222120591344,0.014643545829779952,0.010029285631601631,0.0,-0.0009183295106065789,0.0,0.00021642617096211863,0.0,0.0,0.0,0.0,0.0,0.0,0.0,0.0,-0.0036322773184019248,-0.0015892373893178593,0.0,-0.013831385405563045,0.01258474396329886,-0.01021371501115694,0.0,0.0,0.0,0.0,0.0,0.0,0.0,0.0,0.0,0.0,0.0,0.0,0.0,0.0014538212343809564,0.0,0.0026535929529110207,0.0,0.001361256357680473,-0.0008229891907411142,-0.0006219369853434636,0.0002284639955942436,0.006643624879280977,0.0,0.0,0.0,0.0,0.0,0.0,0.0,0.0,0.0,0.0,0.0
2023-05-10,0.0,0.0,0.0,0.00023180182144891666,0.0,0.0,0.0,0.0,0.0,0.0,0.007504135617934278,-0.007600042078845024,0.0,0.0005698727036058497,0.0,-0.009046010254772203,0.0,-0.003147598745077568,0.0,-0.028365317717716092,0.0,-0.008522852488113925,0.0006898999653113447,0.0,0.0,0.0,0.0,0.0,0.0,0.0,0.0,-0.0009976536089564047,0.0,-0.0010326030500014557,0.00042977661047234757,-0.0007056737595967811,0.0,0.0,0.0,0.0,0.0,0.0,0.0,0.0008092905912718334,0.0,0.0,0.0,-0.0010024400957874544,-0.000255134533438495,-0.00042101784882747243,0.0009522233383897467,-9.614006298050664e-05,0.0,-0.0013864964563514155,0.000882642537496369,0.0,-0.004794222120591344,0.014643545829779952,0.010029285631601631,0.0,-0.0009183295106065789,0.0,0.00021642617096211863,0.0,0.0,0.0,0.0,0.0,0.0,0.0,0.0,-0.0036322773184019248,-0.0015892373893178593,0.0,-0.010779461562516584,0.01258474396329886,-0.01021371501115694,0.0,0.0,0.0,0.0,0.0,0.0,0.0,0.0,0.0,0.0,0.0,0.0,0.0,0.0014538212343809564,0.0,0.0026535929529110207,0.0,0.001361256357680473,-0.0008229891907411142,-0.0006219369853434636,0.0002284639955942436,0.006474439085203619,0.0,0.0,0.0,0.0,0.0,0.0,0.0,0.0,0.0,0.0,0.0
2023-05-17,0.0,0.0,0.0,0.00023180182144891666,0.0,0.0,0.0,0.0,0.0,0.0,0.007405047177196067,0.004258268159734144,0.0,0.0005698727036058497,0.0,-0.009046010254772203,0.0,-0.003147598745077568,0.0,-0.012797840355627333,0.0,-0.008522852488113925,0.0006898999653113447,0.0,0.0,0.0,0.0,0.0,0.0,0.0,0.0,-0.0009976536089564047,0.0,-0.0010326030500014557,0.00042977661047234757,-0.0007056737595967811,0.0,0.0,0.0,0.0,0.0,0.0,0.0,0.0008092905912718334,0.0,0.0,0.0,-0.0010024400957874544,-0.000255134533438495,-0.00042101784882747243,0.0009522233383897467,-9.614006298050664e-05,0.0,-0.0006130553461867604,0.000882642537496369,0.0,-0.004794222120591344,0.004917768578349316,0.009457962729681035,0.0,-0.0009183295106065789,0.0,0.00021642617096211863,0.0,0.0,0.0,0.0,0.0,0.0,0.0,0.0,-0.0036322773184019248,-0.0015892373893178593,0.0,-0.013831385405563045,0.01258474396329886,-0.010750905376413895,0.0,0.0,0.0,0.0,0.0,0.0,0.0,0.0,0.0,0.0,0.0,0.0,0.0,0.0014538212343809564,0.0,0.0026535929529110207,0.0,0.001361256357680473,-0.0005567489098061407,-0.0006219369853434636,0.0006582438259559583,0.006643624879280977,0.0,0.0,0.0,0.0,0.0,0.0,0.0,0.0,0.0,0.0,0.0
2023-05-24,0.0,0.0,0.0,0.0005138929740410449,0.0,0.0,0.0,0.0,0.0,0.0,0.007504135617934278,-0.007600042078845024,0.0,0.0005698727036058497,0.0,-0.009046010254772203,0.0,-0.003147598745077568,0.0,-0.02552140971919715,0.0,0.001929898255293599,0.0006898999653113447,0.0,0.0,0.0,0.0,0.0,0.0,0.0,0.0,-0.0007163593433337205,0.0,-0.0010326030500014557,-0.0008812761397573726,-0.0007056737595967811,0.0,0.0,0.0,0.0,0.0,0.0,0.0,0.0008092905912718334,0.0,0.0,0.0,-0.0010024400957874544,-0.000255134533438495,-0.00042101784882747243,0.0009522233383897467,-9.614006298050664e-05,0.0,-0.0013864964563514155,0.000882642537496369,0.0,-0.004794222120591344,0.005093404668515073,0.010029285631601631,0.0,-0.0009183295106065789,0.0,0.00021642617096211863,0.0,0.0,0.0,0.0,0.0,0.0,0.0,0.0,-0.0036322773184019248,-0.0015892373893178593,0.0,-0.010779461562516584,0.01258474396329886,-0.01021371501115694,0.0,0.0,0.0,0.0,0.0,0.0,0.0,0.0,0.0,0.0,0.0,0.0,0.0,0.0014538212343809564,0.0,0.0026535929529110207,0.0,0.001361256357680473,-0.0008229891907411142,-0.0006219369853434636,0.0006582438259559583,0.007267556839199496,0.0,0.0,0.0,0.0,0.0,0.0,0.0,0.0,0.0,0.0,0.0
2023-05-31,0.0,0.0,0.0,0.0005138929740410449,0.0,0.0,0.0,0.0,0.0,0.0,0.007504135617934278,-0.007600042078845024,0.0,0.0005698727036058497,0.0,-0.009046010254772203,0.0,-0.003147598745077568,0.0,-0.02552140971919715,0.0,0.001929898255293599,0.0006898999653113447,0.0,0.0,0.0,0.0,0.0,0.0,0.0,0.0,-0.0007163593433337205,0.0,-0.0010326030500014557,-0.0008812761397573726,-0.0007056737595967811,0.0,0.0,0.0,0.0,0.0,0.0,0.0,0.0008092905912718334,0.0,0.0,0.0,-0.0010024400957874544,-0.000255134533438495,-0.00042101784882747243,0.0009522233383897467,-9.614006298050664e-05,0.0,-0.0013864964563514155,0.000882642537496369,0.0,-0.004794222120591344,0.005093404668515073,0.010029285631601631,0.0,-0.0009183295106065789,0.0,0.00021642617096211863,0.0,0.0,0.0,0.0,0.0,0.0,0.0,0.0,-0.0036322773184019248,-0.0015892373893178593,0.0,-0.013831385405563045,0.01258474396329886,-0.01021371501115694,0.0,0.0,0.0,0.0,0.0,0.0,0.0,0.0,0.0,0.0,0.0,0.0,0.0,0.0014538212343809564,0.0,0.0026535929529110207,0.0,0.001361256357680473,-0.0008229891907411142,-0.0006219369853434636,0.0006582438259559583,0.007436742633276854,0.0,0.0,0.0,0.0,0.0,0.0,0.0,0.0,0.0,0.0,0.0
2023-06-07,0.0,0.0,0.0,0.0005138929740410449,0.0,0.0,0.0,0.0,0.0,0.0,0.007504135617934278,-0.008305605005069057,0.0,-0.005571693650416298,0.0,-0.00951068628992447,0.0,-0.0058678960409010205,0.0,-0.032585139338689464,0.0,0.03478408181794862,0.0006898999653113447,0.0,0.0,0.0,0.0,0.0,0.0,0.0,0.0,-0.0007163593433337205,0.0,-0.0010326030500014557,-0.000786028281924772,-0.0007056737595967811,0.0,0.0,0.0,0.0,0.0,0.0,0.0,0.0008092905912718334,0.0,0.0,0.0,-0.0010024400957874544,-0.000255134533438495,-0.00042101784882747243,-0.0003117058433052269,-9.614006298050664e-05,0.0,-0.0013864964563514155,0.000882642537496369,0.0,0.010391328839869922,0.005093404668515073,0.010029285631601631,0.0,-0.0007064703145480033,0.0,0.00021642617096211863,0.0,0.0,0.0,0.0,0.0,0.0,0.0,0.0,-0.0029033462284739583,-0.0015892373893178593,0.0,-0.014673478157620852,0.01258474396329886,0.005965722694354893,0.0,0.0,0.0,0.0,0.0,0.0,0.0,0.0,0.0,0.0,0.0,0.0,0.0,0.0014538212343809564,0.0,0.0026535929529110207,0.0,0.001361256357680473,-4.25501946610667e-05,0.0005739021673971264,0.0002284639955942436,0.007436742633276854,0.0,0.0,0.0,0.0,0.0,0.0,0.0,0.0,0.0,0.0,0.0
2023-06-14,0.0,0.0,0.0,0.0005138929740410449,0.0,0.0,0.0,0.0,0.0,0.0,0.007504135617934278,-0.008305605005069057,0.0,-0.005571693650416298,0.0,-0.00951068628992447,0.0,-0.0058678960409010205,0.0,-0.02893781102417291,0.0,0.03478408181794862,0.0006898999653113447,0.0,0.0,0.0,0.0,0.0,0.0,0.0,0.0,-0.0007163593433337205,0.0,-0.0010326030500014557,-0.000786028281924772,-0.0007056737595967811,0.0,0.0,0.0,0.0,0.0,0.0,0.0,0.0008092905912718334,0.0,0.0,0.0,-0.0010024400957874544,-0.000255134533438495,-0.00042101784882747243,-0.0003117058433052269,-9.614006298050664e-05,0.0,-0.0013864964563514155,0.000882642537496369,0.0,0.03275189458726397,0.005093404668515073,0.010029285631601631,0.0,-0.0009183295106065789,0.0,0.0004219198034635182,0.0,0.0,0.0,0.0,0.0,0.0,0.0,0.0,-0.002148412362514296,-0.0015892373893178593,0.0,-0.011621554314574392,0.01258474396329886,0.005965722694354893,0.0,0.0,0.0,0.0,0.0,0.0,0.0,0.0,0.0,0.0,0.0,0.0,0.0,0.0014538212343809564,0.0,0.0026535929529110207,0.0,0.001361256357680473,-4.25501946610667e-05,0.0005739021673971264,0.0002284639955942436,0.007267556839199496,0.0,0.0,0.0,0.0,0.0,0.0,0.0,0.0,0.0,0.0,0.0
2023-06-21,0.0,0.0,0.0,-0.0014709711738552101,0.0,0.0,0.0,0.0,0.0,0.0,0.0072475973689063,0.004415583477219953,0.0,0.0011323585915853653,0.0,-0.00951068628992447,0.0,0.00029404739348876563,0.0,0.035224908785297764,0.0,0.036887168582884725,0.00015000617429723333,0.0,0.0,0.0,0.0,0.0,0.0,0.0,0.0,-0.0007163593433337205,0.0,-0.0010326030500014557,-0.0014707762438997652,-0.0007056737595967811,0.0,0.0,0.0,0.0,0.0,0.0,0.0,0.0002725455347148773,0.0,0.0,0.0,-0.0010024400957874544,-0.000255134533438495,-0.00042101784882747243,-0.0003117058433052269,-9.614006298050664e-05,0.0,-0.0006130553461867604,0.000882642537496369,0.0,0.03275189458726397,0.004917768578349316,0.009484850798041511,0.0,-0.0009183295106065789,0.0,0.0004219198034635182,0.0,0.0,0.0,0.0,0.0,0.0,0.0,0.0,-0.004318993298322358,-0.0015892373893178593,0.0,-0.006958924815227642,0.010884774456246027,0.006291410572807779,0.0,0.0,0.0,0.0,0.0,0.0,0.0,0.0,0.0,0.0,0.0,0.0,0.0,-0.001628613248777711,0.0,0.0027958031738295353,0.0,0.001361256357680473,0.0006689265700644269,0.0005739021673971264,0.0006582438259559583,-0.010106916356950338,0.0,0.0,0.0,0.0,0.0,0.0,0.0,0.0,0.0,0.0,0.0
2023-06-28,0.0,0.0,0.0,-0.00622160199853591,0.0,0.0,0.0,0.0,0.0,0.0,0.0072475973689063,0.004415583477219953,0.0,0.0011323585915853653,0.0,-0.0016345188809799216,0.0,0.00029404739348876563,0.0,0.06338620817479435,0.0,0.034449690408762584,0.00015000617429723333,0.0,0.0,0.0,0.0,0.0,0.0,0.0,0.0,-0.0007163593433337205,0.0,-0.0010326030500014557,-0.000786028281924772,-0.0006204165388375327,0.0,0.0,0.0,0.0,0.0,0.0,0.0,0.0002725455347148773,0.0,0.0,0.0,-0.0010024400957874544,-0.000255134533438495,-0.0006190835755986261,-0.0003475990926196783,-9.614006298050664e-05,0.0,-0.0006130553461867604,0.0005596342757951398,0.0,0.03134586386941532,0.013586719100462254,0.009484850798041511,0.0,-0.0009183295106065789,0.0,-0.0019558485804622413,0.0,0.0,0.0,0.0,0.0,0.0,0.0,0.0,-0.004318993298322358,-0.0015892373893178593,0.0,-0.013831971184117305,0.012052256371304824,0.004681621874248511,0.0,0.0,0.0,0.0,0.0,0.0,0.0,0.0,0.0,0.0,0.0,0.0,0.0,-0.001546366302142471,0.0,0.003062313949361476,0.0,0.001361256357680473,0.0006689265700644269,-0.0013248288839416249,0.0006582438259559583,0.007611851363559047,0.0,0.0,0.0,0.0,0.0,0.0,0.0,0.0,0.0,0.0,0.0
2023-07-05,0.0,0.0,0.0,-0.00010978247076404287,0.0,0.0,0.0,0.0,0.0,0.0,0.007633061270481864,0.004415583477219953,0.0,-0.005571693650416298,0.0,-0.00951068628992447,0.0,0.00029404739348876563,0.0,-0.02597677821394313,0.0,0.036887168582884725,-0.0010156148188226488,0.0,0.0,0.0,0.0,0.0,0.0,0.0,0.0,-0.0007163593433337205,0.0,-0.0010326030500014557,-0.000786028281924772,-0.0007056737595967811,0.0,0.0,0.0,0.0,0.0,0.0,0.0,0.0008092905912718334,0.0,0.0,0.0,-0.0010024400957874544,-0.000255134533438495,-0.0011005242446800127,-0.0003117058433052269,3.55569019740676e-05,0.0,-0.0013864964563514155,0.000882642537496369,0.0,0.03134586386941532,0.014643545829779952,0.010029285631601631,0.0,-0.0005862463035136911,0.0,-0.0019558485804622413,0.0,0.0,0.0,0.0,0.0,0.0,0.0,0.0,-0.002148412362514296,-0.0015892373893178593,0.0,-0.011621554314574392,-0.0058321465836907345,0.006291410572807779,0.0,0.0,0.0,0.0,0.0,0.0,0.0,0.0,0.0,0.0,0.0,0.0,0.0,0.0014538212343809564,0.0,0.0026535929529110207,0.0,0.001361256357680473,0.00022369008627390682,0.0005739021673971264,0.0006582438259559583,0.006534067197218836,0.0,0.0,0.0,0.0,0.0,0.0,0.0,0.0,0.0,0.0,0.0
2023-07-12,0.0,0.0,0.0,0.0005138929740410449,0.0,0.0,0.0,0.0,0.0,0.0,0.007732149711220075,-0.008305605005069057,0.0,-0.005571693650416298,0.0,-0.00951068628992447,0.0,0.00029404739348876563,0.0,-0.029362818426628887,0.0,0.036887168582884725,-0.0010156148188226488,0.0,0.0,0.0,0.0,0.0,0.0,0.0,0.0,-0.0007163593433337205,0.0,-0.0010326030500014557,-0.000786028281924772,-0.0007056737595967811,0.0,0.0,0.0,0.0,0.0,0.0,0.0,0.0008092905912718334,0.0,0.0,0.0,-0.0010024400957874544,-0.000255134533438495,-0.0011005242446800127,-0.0003117058433052269,3.55569019740676e-05,0.0,-0.0013864964563514155,0.000882642537496369,0.0,0.03134586386941532,0.014643545829779952,0.010029285631601631,0.0,-0.0005862463035136911,0.0,-0.0019558485804622413,0.0,0.0,0.0,0.0,0.0,0.0,0.0,0.0,-0.002148412362514296,-0.0015892373893178593,0.0,-0.011621554314574392,-0.0058321465836907345,0.005965722694354893,0.0,0.0,0.0,0.0,0.0,0.0,0.0,0.0,0.0,0.0,0.0,0.0,0.0,0.0014538212343809564,0.0,0.0026535929529110207,0.0,0.001361256357680473,-4.25501946610667e-05,0.0005739021673971264,0.0002284639955942436,0.006534067197218836,0.0,0.0,0.0,0.0,0.0,0.0,0.0,0.0,0.0,0.0,0.0
2023-07-19,0.0,0.0,0.0,-0.00010978247076404287,0.0,0.0,0.0,0.0,0.0,0.0,0.007732149711220075,-0.008305605005069057,0.0,-0.005571693650416298,0.0,-0.00951068628992447,0.0,0.00029404739348876563,0.0,-0.02939317951891889,0.0,0.036887168582884725,-0.0010156148188226488,0.0,0.0,0.0,0.0,0.0,0.0,0.0,0.0,-0.0007163593433337205,0.0,-0.0010326030500014557,-0.000786028281924772,-0.0007056737595967811,0.0,0.0,0.0,0.0,0.0,0.0,0.0,0.0008092905912718334,0.0,0.0,0.0,-0.0010024400957874544,-0.000255134533438495,-0.0011005242446800127,-0.0003117058433052269,3.55569019740676e-05,0.0,-0.0013864964563514155,0.000882642537496369,0.0,0.03134586386941532,0.014643545829779952,0.010029285631601631,0.0,-0.0005862463035136911,0.0,-0.0019558485804622413,0.0,0.0,0.0,0.0,0.0,0.0,0.0,0.0,-0.002148412362514296,-0.0015892373893178593,0.0,-0.014673478157620852,-0.0058321465836907345,0.005965722694354893,0.0,0.0,0.0,0.0,0.0,0.0,0.0,0.0,0.0,0.0,0.0,0.0,0.0,0.0014538212343809564,0.0,0.0026535929529110207,0.0,0.001361256357680473,-4.25501946610667e-05,0.0005739021673971264,0.0002284639955942436,0.006703252991296194,0.0,0.0,0.0,0.0,0.0,0.0,0.0,0.0,0.0,0.0,0.0
2023-07-26,0.0,0.0,0.0,-0.00622160199853591,0.0,0.0,0.0,0.0,0.0,0.0,0.007475611462192097,0.004415583477219953,0.0,-0.005571693650416298,0.0,-0.0063117179130326665,0.0,0.00029404739348876563,0.0,0.00013949299364095268,0.0,0.034449690408762584,-0.0010156148188226488,0.0,0.0,0.0,0.0,0.0,0.0,0.0,0.0,-0.0007163593433337205,0.0,-0.0010326030500014557,0.0005250244683049482,-0.0007056737595967811,0.0,0.0,0.0,0.0,0.0,0.0,0.0,0.0008092905912718334,0.0,0.0,0.0,-0.0010024400957874544,-0.000255134533438495,-0.0011005242446800127,-0.0003117058433052269,3.55569019740676e-05,0.0,-0.0006130553461867604,0.000882642537496369,0.0,0.03134586386941532,0.014467909739614196,0.009457962729681035,0.0,-0.0005862463035136911,0.0,-0.0019558485804622413,0.0,0.0,0.0,0.0,0.0,0.0,0.0,0.0,-0.004318993298322358,-0.0015892373893178593,0.0,-0.014673478157620852,-0.0058321465836907345,0.006291410572807779,0.0,0.0,0.0,0.0,0.0,0.0,0.0,0.0,0.0,0.0,0.0,0.0,0.0,0.0014538212343809564,0.0,0.0026535929529110207,0.0,0.001361256357680473,0.00022369008627390682,0.0005739021673971264,0.0006582438259559583,0.005910135237300317,0.0,0.0,0.0,0.0,0.0,0.0,0.0,0.0,0.0,0.0,0.0
2023-08-02,0.0,0.0,0.0,-0.00622160199853591,0.0,0.0,0.0,0.0,0.0,0.0,0.007475611462192097,0.004415583477219953,0.0,-0.005571693650416298,0.0,0.0026580769257085178,0.0,0.00029404739348876563,0.0,0.018668068576752732,0.0,0.034449690408762584,-0.0010156148188226488,0.0,0.0,0.0,0.0,0.0,0.0,0.0,0.0,-0.0007163593433337205,0.0,-0.0010326030500014557,0.0005250244683049482,-0.0007056737595967811,0.0,0.0,0.0,0.0,0.0,0.0,0.0,0.0002725455347148773,0.0,0.0,0.0,-0.0010024400957874544,-0.000255134533438495,-0.0011005242446800127,-0.0003475990926196783,3.55569019740676e-05,0.0,-0.0006130553461867604,0.000882642537496369,0.0,0.03134586386941532,0.014467909739614196,0.009484850798041511,0.0,-0.0005862463035136911,0.0,-0.0019558485804622413,0.0,0.0,0.0,0.0,0.0,0.0,0.0,0.0,-0.004318993298322358,-0.0015892373893178593,0.0,-0.005726793757936594,-0.006109347115288851,0.006291410572807779,0.0,0.0,0.0,0.0,0.0,0.0,0.0,0.0,0.0,0.0,0.0,0.0,0.0,-0.001628613248777711,0.0,0.0040256982874129835,0.0,0.001361256357680473,0.00022369008627390682,0.0005739021673971264,0.0006582438259559583,0.01044602883214918,0.0,0.0,0.0,0.0,0.0,0.0,0.0,0.0,0.0,0.0,0.0
2023-08-09,0.0,0.0,0.0,-0.00622160199853591,0.0,0.0,0.0,0.0,0.0,0.0,0.007475611462192097,0.004415583477219953,0.0,-0.005571693650416298,0.0,0.0026580769257085178,0.0,0.00029404739348876563,0.0,0.018668068576752732,0.0,0.034449690408762584,-0.0010156148188226488,0.0,0.0,0.0,0.0,0.0,0.0,0.0,0.0,-0.0007163593433337205,0.0,-0.0010326030500014557,0.0005250244683049482,-0.0007056737595967811,0.0,0.0,0.0,0.0,0.0,0.0,0.0,0.0002725455347148773,0.0,0.0,0.0,-0.0010024400957874544,-0.000255134533438495,-0.0011005242446800127,-0.0003475990926196783,3.55569019740676e-05,0.0,-0.0006130553461867604,0.000882642537496369,0.0,0.03134586386941532,0.014467909739614196,0.009484850798041511,0.0,-0.0005862463035136911,0.0,-0.0019558485804622413,0.0,0.0,0.0,0.0,0.0,0.0,0.0,0.0,-0.004318993298322358,-0.0015892373893178593,0.0,-0.005726793757936594,-0.006109347115288851,0.006291410572807779,0.0,0.0,0.0,0.0,0.0,0.0,0.0,0.0,0.0,0.0,0.0,0.0,0.0,-0.001628613248777711,0.0,0.0040256982874129835,0.0,0.001361256357680473,0.00022369008627390682,0.0005739021673971264,0.0006582438259559583,0.01044602883214918,0.0,0.0,0.0,0.0,0.0,0.0,0.0,0.0,0.0,0.0,0.0
2023-08-16,0.0,0.0,0.0,-0.00622160199853591,0.0,0.0,0.0,0.0,0.0,0.0,0.007475611462192097,0.004415583477219953,0.0,0.0011323585915853653,0.0,0.0026580769257085178,0.0,0.00029404739348876563,0.0,0.05381414981665166,0.0,0.034449690408762584,-0.00022082693316618742,0.0,0.0,0.0,0.0,0.0,0.0,0.0,0.0,-0.0007163593433337205,0.0,-0.0010326030500014557,0.0005250244683049482,-0.0006204165388375327,0.0,0.0,0.0,0.0,0.0,0.0,0.0,0.0002725455347148773,0.0,0.0,0.0,-0.0010024400957874544,-0.000255134533438495,-0.0011005242446800127,-0.0003475990926196783,3.55569019740676e-05,0.0,-0.0006130553461867604,0.0005596342757951398,0.0,0.03134586386941532,0.013586719100462254,0.009484850798041511,0.0,-0.0005862463035136911,0.0,-0.0019558485804622413,0.0,0.0,0.0,0.0,0.0,0.0,0.0,0.0,-0.004318993298322358,-0.0015892373893178593,0.0,-0.004885286784433046,-0.006109347115288851,0.006291410572807779,0.0,0.0,0.0,0.0,0.0,0.0,0.0,0.0,0.0,0.0,0.0,0.0,0.0,-0.001546366302142471,0.0,0.004167908508331498,0.0,0.001361256357680473,0.0006689265700644269,0.0005739021673971264,0.0006582438259559583,0.01044602883214918,0.0,0.0,0.0,0.0,0.0,0.0,0.0,0.0,0.0,0.0,0.0
2023-08-23,0.0,0.0,0.0,-0.00622160199853591,0.0,0.0,0.0,0.0,0.0,0.0,0.007475611462192097,0.004415583477219953,0.0,0.0011323585915853653,0.0,0.0023528430072206033,0.0,0.00029404739348876563,0.0,0.060176788936383466,0.0,0.034449690408762584,-0.00022082693316618742,0.0,0.0,0.0,0.0,0.0,0.0,0.0,0.0,-0.0007163593433337205,0.0,-0.0010326030500014557,-0.000786028281924772,-0.0006204165388375327,0.0,0.0,0.0,0.0,0.0,0.0,0.0,0.0002725455347148773,0.0,0.0,0.0,-0.0010024400957874544,-0.000255134533438495,-0.0011005242446800127,-0.0003475990926196783,3.55569019740676e-05,0.0,-0.0006130553461867604,0.0005596342757951398,0.0,0.03134586386941532,0.013586719100462254,0.009484850798041511,0.0,-0.0005862463035136911,0.0,-0.0019558485804622413,0.0,0.0,0.0,0.0,0.0,0.0,0.0,0.0,-0.004318993298322358,-0.0015892373893178593,0.0,-0.004885286784433046,-0.006109347115288851,0.006291410572807779,0.0,0.0,0.0,0.0,0.0,0.0,0.0,0.0,0.0,0.0,0.0,0.0,0.0,-0.001546366302142471,0.0,0.004434419283863439,0.0,0.001361256357680473,0.0006689265700644269,0.0005739021673971264,0.0006582438259559583,0.011239146586145058,0.0,0.0,0.0,0.0,0.0,0.0,0.0,0.0,0.0,0.0,0.0
2023-08-30,0.0,0.0,0.0,-0.00622160199853591,0.0,0.0,0.0,0.0,0.0,0.0,0.007475611462192097,0.004415583477219953,0.0,0.0011323585915853653,0.0,0.0023528430072206033,0.0,0.00029404739348876563,0.0,0.06397867620294805,0.0,0.034449690408762584,-0.00022082693316618742,0.0,0.0,0.0,0.0,0.0,0.0,0.0,0.0,-0.0007163593433337205,0.0,-0.0010326030500014557,-0.000786028281924772,-0.0006204165388375327,0.0,0.0,0.0,0.0,0.0,0.0,0.0,0.0002725455347148773,0.0,0.0,0.0,-0.0010024400957874544,-0.000255134533438495,-0.0012985899714511662,-0.0003475990926196783,3.55569019740676e-05,0.0,-0.0006130553461867604,0.0005596342757951398,0.0,0.03134586386941532,0.013586719100462254,0.009484850798041511,0.0,-0.0005862463035136911,0.0,-0.0019558485804622413,0.0,0.0,0.0,0.0,0.0,0.0,0.0,0.0,-0.004318993298322358,-0.0015892373893178593,0.0,-0.006188576150884217,-0.006109347115288851,0.006291410572807779,0.0,0.0,0.0,0.0,0.0,0.0,0.0,0.0,0.0,0.0,0.0,0.0,0.0,-0.001546366302142471,0.0,0.004434419283863439,0.0,0.001361256357680473,0.0006689265700644269,0.0005739021673971264,0.0006582438259559583,0.0067147475825700695,0.0,0.0,0.0,0.0,0.0,0.0,0.0,0.0,0.0,0.0,0.0
2023-09-06,0.0,0.0,0.0,-0.00622160199853591,0.0,0.0,0.0,0.0,0.0,0.0,0.007665984630906109,0.004415583477219953,0.0,0.0006907637538621691,0.0,0.0023528430072206033,0.0,0.00029404739348876563,0.0,0.06503066619697596,0.0,0.034148565833032385,-0.00022082693316618742,0.0,0.0,0.0,0.0,0.0,0.0,0.0,0.0,-0.0007163593433337205,0.0,-0.0010326030500014557,-0.000786028281924772,-0.0006204165388375327,0.0,0.0,0.0,0.0,0.0,0.0,0.0,-0.0006246959533316248,0.0,0.0,0.0,5.9528744088306775e-05,0.00022791076868371572,-0.0012985899714511662,-0.0003475990926196783,-0.00025280090062050495,0.0,-0.0006130553461867604,-0.0010240116535825965,0.0,0.03134586386941532,0.013586719100462254,0.009484850798041511,0.0,-0.0005862463035136911,0.0,-0.0019558485804622413,0.0,0.0,0.0,0.0,0.0,0.0,0.0,0.0,-0.004318993298322358,-0.0015892373893178593,0.0,0.021318920128564952,-0.006353907631064599,0.006291410572807779,0.0,0.0,0.0,0.0,0.0,0.0,0.0,0.0,0.0,0.0,0.0,0.0,0.0,-0.0010016130720345946,0.0,0.004434419283863439,0.0,0.001361256357680473,0.0006689265700644269,0.0005739021673971264,0.0006582438259559583,0.0081859389507966,0.0,0.0,0.0,0.0,0.0,0.0,0.0,0.0,0.0,0.0,0.0
2023-09-13,0.0,0.0,0.0,-0.00622160199853591,0.0,0.0,0.0,0.0,0.0,0.0,0.007665984630906109,0.004415583477219953,0.0,0.0006907637538621691,0.0,0.0023528430072206033,0.0,0.00029404739348876563,0.0,0.061228778930411384,0.0,0.034148565833032385,-0.00022082693316618742,0.0,0.0,0.0,0.0,0.0,0.0,0.0,0.0,-0.0007163593433337205,0.0,-0.0010326030500014557,-0.000786028281924772,-0.0006204165388375327,0.0,0.0,0.0,0.0,0.0,0.0,0.0,-0.0006246959533316248,0.0,0.0,0.0,5.9528744088306775e-05,0.00022791076868371572,-0.0011005242446800127,-0.0003475990926196783,-0.00025280090062050495,0.0,-0.0006130553461867604,-0.0010240116535825965,0.0,0.03134586386941532,0.013586719100462254,0.009484850798041511,0.0,-0.0005862463035136911,0.0,-0.0019558485804622413,0.0,0.0,0.0,0.0,0.0,0.0,0.0,0.0,-0.004318993298322358,-0.0015892373893178593,0.0,0.021318920128564952,-0.006353907631064599,0.006291410572807779,0.0,0.0,0.0,0.0,0.0,0.0,0.0,0.0,0.0,0.0,0.0,0.0,0.0,-0.0010016130720345946,0.0,0.004434419283863439,0.0,0.001361256357680473,0.0006689265700644269,0.0005739021673971264,0.0006582438259559583,0.0081859389507966,0.0,0.0,0.0,0.0,0.0,0.0,0.0,0.0,0.0,0.0,0.0
2023-09-20,0.0,0.0,0.0,-0.0014709711738552101,0.0,0.0,0.0,0.0,0.0,0.0,0.007665984630906109,0.004415583477219953,0.0,0.0006907637538621691,0.0,0.0026580769257085178,0.0,0.00029404739348876563,0.0,0.04962323571598184,0.0,0.036586044007154525,-0.00022082693316618742,0.0,0.0,0.0,0.0,0.0,0.0,0.0,0.0,-0.0007163593433337205,0.0,-0.0010326030500014557,0.0032012974233686427,-0.0006204165388375327,0.0,0.0,0.0,0.0,0.0,0.0,0.0,-0.0006246959533316248,0.0,0.0,0.0,5.9528744088306775e-05,0.00022791076868371572,-0.0011005242446800127,-0.0003475990926196783,-0.00025280090062050495,0.0,-0.0006130553461867604,-0.0010240116535825965,0.0,0.03134586386941532,0.013586719100462254,0.009484850798041511,0.0,-0.0005862463035136911,0.0,-0.0019558485804622413,0.0,0.0,0.0,0.0,0.0,0.0,0.0,0.0,-0.004318993298322358,-0.0015892373893178593,0.0,0.021318920128564952,-0.006353907631064599,0.005841352274882044,0.0,0.0,0.0,0.0,0.0,0.0,0.0,0.0,0.0,0.0,0.0,0.0,0.0,-0.0010838600186698346,0.0,0.004167908508331498,0.0,0.001361256357680473,0.0006689265700644269,0.0005739021673971264,0.0006582438259559583,0.007392821196800722,0.0,0.0,0.0,0.0,0.0,0.0,0.0,0.0,0.0,0.0,0.0
2023-09-27,0.0,0.0,0.0,0.0008414924940014191,0.0,0.0,0.0,0.0,0.0,0.0,0.007665984630906109,0.004415583477219953,0.0,0.0006907637538621691,0.0,0.0026580769257085178,0.0,0.00029404739348876563,0.0,0.03875485288375614,0.0,0.036586044007154525,-0.00022082693316618742,0.0,0.0,0.0,0.0,0.0,0.0,0.0,0.0,-0.0007163593433337205,0.0,-0.0010326030500014557,0.0032012974233686427,-0.0007056737595967811,0.0,0.0,0.0,0.0,0.0,0.0,0.0,-0.0006246959533316248,0.0,0.0,0.0,5.9528744088306775e-05,0.00022791076868371572,-0.0011005242446800127,-0.0003475990926196783,-0.00025280090062050495,0.0,-0.0006130553461867604,-0.001615048047333782,0.0,0.03134586386941532,0.014467909739614196,0.009484850798041511,0.0,-0.0005862463035136911,0.0,-0.0019558485804622413,0.0,0.0,0.0,0.0,0.0,0.0,0.0,0.0,-0.004318993298322358,-0.0015892373893178593,0.0,0.021318920128564952,-0.006353907631064599,0.005841352274882044,0.0,0.0,0.0,0.0,0.0,0.0,0.0,0.0,0.0,0.0,0.0,0.0,0.0,-0.0010838600186698346,0.0,0.004167908508331498,0.0,0.001361256357680473,0.0006689265700644269,0.0005739021673971264,0.0006582438259559583,0.007392821196800722,0.0,0.0,0.0,0.0,0.0,0.0,0.0,0.0,0.0,0.0,0.0
2023-10-04,0.0,0.0,0.0,0.0008414924940014191,0.0,0.0,0.0,0.0,0.0,0.0,0.007475611462192097,0.004415583477219953,0.0,0.00012827786588265366,0.0,0.0026580769257085178,0.0,0.0006277359884888155,0.0,0.003565172023327753,0.0,0.0019561362406342628,-0.0010156148188226488,0.0,0.0,0.0,0.0,0.0,0.0,0.0,0.0,-0.0007163593433337205,0.0,-0.0010326030500014557,0.003962128492229746,-0.0007056737595967811,0.0,0.0,0.0,0.0,0.0,0.0,0.0,-0.0018549581374200938,0.0,0.0,0.0,-0.0010024400957874544,-0.000255134533438495,-0.0011005242446800127,-0.0003475990926196783,3.55569019740676e-05,0.0,0.000807438748636221,0.000882642537496369,0.0,0.03286176505742284,0.014467909739614196,0.009457962729681035,0.0,-0.0005862463035136911,0.0,-0.0019558485804622413,0.0,0.0,0.0,0.0,0.0,0.0,0.0,0.0,-0.004318993298322358,-0.0015892373893178593,0.0,-0.0037734325035719304,-0.00520635419023064,0.005841352274882044,0.0,0.0,0.0,0.0,0.0,0.0,0.0,0.0,0.0,0.0,0.0,0.0,0.0,0.0014538212343809564,0.0,0.0040256982874129835,0.0,0.001361256357680473,-0.00031346675908078026,0.0005739021673971264,-0.0010997165927617613,-0.011129846937757669,0.0,0.0,0.0,0.0,0.0,0.0,0.0,0.0,0.0,0.0,0.0
2023-10-11,0.0,0.0,0.0,0.0008414924940014191,0.0,0.0,0.0,0.0,0.0,0.0,0.007475611462192097,0.004415583477219953,0.0,0.00012827786588265366,0.0,0.0026580769257085178,0.0,0.0006277359884888155,0.0,0.00406526578636341,0.0,0.006918900347222931,-0.0010156148188226488,0.0,0.0,0.0,0.0,0.0,0.0,0.0,0.0,-0.0007163593433337205,0.0,-0.0010326030500014557,0.003962128492229746,-0.0007056737595967811,0.0,0.0,0.0,0.0,0.0,0.0,0.0,-0.0018549581374200938,0.0,0.0,0.0,-0.0010024400957874544,-0.000255134533438495,-0.0011005242446800127,-0.0003475990926196783,3.55569019740676e-05,0.0,0.000807438748636221,0.000882642537496369,0.0,0.03134586386941532,0.014467909739614196,0.009457962729681035,0.0,0.0005914159394708126,0.0,-0.0019558485804622413,0.0,0.0,0.0,0.0,0.0,0.0,0.0,0.0,-0.004318993298322358,-0.0015892373893178593,0.0,-0.0037734325035719304,-0.005472531408371445,0.005841352274882044,0.0,0.0,0.0,0.0,0.0,0.0,0.0,0.0,0.0,0.0,0.0,0.0,0.0,0.0014538212343809564,0.0,0.0040256982874129835,0.0,0.001361256357680473,-0.00031346675908078026,0.0005739021673971264,0.0006582438259559583,-0.011129846937757669,0.0,0.0,0.0,0.0,0.0,0.0,0.0,0.0,0.0,0.0,0.0
2023-10-18,0.0,0.0,0.0,-0.0014709711738552101,0.0,0.0,0.0,0.0,0.0,0.0,0.007574699902930308,-0.008305605005069057,0.0,0.00012827786588265366,0.0,0.0026580769257085178,0.0,0.0006277359884888155,0.0,0.006402973585437536,0.0,0.0019561362406342628,-0.0010156148188226488,0.0,0.0,0.0,0.0,0.0,0.0,0.0,0.0,-0.0007163593433337205,0.0,-0.0010326030500014557,0.0032012974233686427,0.005521290640710858,0.0,0.0,0.0,0.0,0.0,0.0,0.0,-0.0018549581374200938,0.0,0.0,0.0,-0.0010024400957874544,-0.000255134533438495,-0.0011005242446800127,-0.0003475990926196783,3.55569019740676e-05,0.0,0.000807438748636221,0.000882642537496369,0.0,0.03286176505742284,0.014467909739614196,0.009484850798041511,0.0,0.0005914159394708126,0.0,-0.0019558485804622413,0.0,0.0,0.0,0.0,0.0,0.0,0.0,0.0,-0.004318993298322358,-0.0015892373893178593,0.0,-0.0018345748633852113,-0.00609832380183154,0.005515664396429157,0.0,0.0,0.0,0.0,0.0,0.0,0.0,0.0,0.0,0.0,0.0,0.0,0.0,0.0014538212343809564,0.0,0.0040256982874129835,0.0,0.001361256357680473,-0.0005797070400157538,0.0005739021673971264,0.0006582438259559583,0.01044602883214918,0.0,0.0,0.0,0.0,0.0,0.0,0.0,0.0,0.0,0.0,0.0
2023-10-25,0.0,0.0,0.0,0.0005594013414092909,0.0,0.0,0.0,0.0,0.0,0.0,0.007475611462192097,0.004415583477219953,0.0,0.00012827786588265366,0.0,0.0026580769257085178,0.0,0.0006277359884888155,0.0,-4.628240583362661e-05,0.0,-0.0053589625041352285,-0.0010156148188226488,0.0,0.0,0.0,0.0,0.0,0.0,0.0,0.0,-0.0007163593433337205,0.0,-0.0010326030500014557,0.0032012974233686427,0.005521290640710858,0.0,0.0,0.0,0.0,0.0,0.0,0.0,-0.0018549581374200938,0.0,0.0,0.0,-0.0010024400957874544,-0.000255134533438495,-0.0011005242446800127,-0.0003475990926196783,3.55569019740676e-05,0.0,0.000807438748636221,0.000882642537496369,0.0,0.03426779577527149,0.014467909739614196,0.009457962729681035,0.0,0.0005914159394708126,0.0,0.0004219198034635182,0.0,0.0,0.0,0.0,0.0,0.0,0.0,0.0,-0.004318993298322358,-0.0015892373893178593,0.0,-0.0018345748633852113,-0.00609832380183154,0.005841352274882044,0.0,0.0,0.0,0.0,0.0,0.0,0.0,0.0,0.0,0.0,0.0,0.0,0.0,0.0014538212343809564,0.0,0.0040256982874129835,0.0,0.001361256357680473,-0.00031346675908078026,0.0005739021673971264,0.0006582438259559583,0.010270920101866988,0.0,0.0,0.0,0.0,0.0,0.0,0.0,0.0,0.0,0.0,0.0
2023-11-01,0.0,0.0,0.0,0.0005594013414092909,0.0,0.0,0.0,0.0,0.0,0.0,0.007475611462192097,0.004415583477219953,0.0,0.0027503077241668172,0.0,0.0026580769257085178,0.0,0.0006277359884888155,0.0,0.03798977760857704,0.0,-0.00823399391840823,-0.00022082693316618742,0.0,0.0,0.0,0.0,0.0,0.0,0.0,0.0,-0.0009976536089564047,0.0,-0.0010326030500014557,0.0032012974233686427,0.005521290640710858,0.0,0.0,0.0,0.0,0.0,0.0,0.0,0.0002725455347148773,0.0,0.0,0.0,-0.0010024400957874544,-0.000255134533438495,-0.0011005242446800127,-0.0003475990926196783,3.55569019740676e-05,0.0,0.000807438748636221,0.000882642537496369,0.0,0.01190723002787744,0.014467909739614196,0.009484850798041511,0.0,0.0005914159394708126,0.0,0.00021642617096211863,0.0,0.0,0.0,0.0,0.0,0.0,0.0,0.0,-0.005073927164282021,-0.0015892373893178593,0.0,-0.013831385405563045,-0.006375524333429656,0.005841352274882044,0.0,0.0,0.0,0.0,0.0,0.0,0.0,0.0,0.0,0.0,0.0,0.0,0.0,-0.001628613248777711,0.0,0.004167908508331498,0.0,0.001361256357680473,0.00013176972470973987,0.0005739021673971264,0.0006582438259559583,0.0060852439675825095,0.0,0.0,0.0,0.0,0.0,0.0,0.0,0.0,0.0,0.0,0.0
2023-11-08,0.0,0.0,0.0,0.0005594013414092909,0.0,0.0,0.0,0.0,0.0,0.0,0.007475611462192097,0.004415583477219953,0.0,0.0027503077241668172,0.0,0.0026580769257085178,0.0,0.0006277359884888155,0.0,0.05253954078770181,0.0,-0.00823399391840823,-0.00022082693316618742,0.0,0.0,0.0,0.0,0.0,0.0,0.0,0.0,-0.0009976536089564047,0.0,-0.0010326030500014557,0.0032012974233686427,0.003239919453782305,0.0,0.0,0.0,0.0,0.0,0.0,0.0,0.0002725455347148773,0.0,0.0,0.0,-0.0010024400957874544,-0.000255134533438495,-0.0011005242446800127,-0.0003475990926196783,3.55569019740676e-05,0.0,0.000807438748636221,0.0005596342757951398,0.0,0.01190723002787744,0.013586719100462254,0.009484850798041511,0.0,0.0005914159394708126,0.0,0.00021642617096211863,0.0,0.0,0.0,0.0,0.0,0.0,0.0,0.0,-0.005073927164282021,-0.0015892373893178593,0.0,-0.013831385405563045,-0.006375524333429656,0.005841352274882044,0.0,0.0,0.0,0.0,0.0,0.0,0.0,0.0,0.0,0.0,0.0,0.0,0.0,-0.001546366302142471,0.0,0.004167908508331498,0.0,0.001361256357680473,0.00013176972470973987,0.0005739021673971264,0.0006582438259559583,0.0060852439675825095,0.0,0.0,0.0,0.0,0.0,0.0,0.0,0.0,0.0,0.0,0.0
2023-11-15,0.0,0.0,0.0,0.0008414924940014191,0.0,0.0,0.0,0.0,0.0,0.0,0.007475611462192097,0.004415583477219953,0.0,0.0027503077241668172,0.0,0.0023528430072206033,0.0,0.0006277359884888155,0.0,0.0627040671739982,0.0,0.0071815209315879616,-0.00022082693316618742,0.0,0.0,0.0,0.0,0.0,0.0,0.0,0.0,-0.0007163593433337205,0.0,-0.0010326030500014557,0.0032012974233686427,0.003239919453782305,0.0,0.0,0.0,0.0,0.0,0.0,0.0,0.0002725455347148773,0.0,0.0,0.0,-0.0010024400957874544,-0.000255134533438495,-0.0012985899714511662,-0.0003475990926196783,3.55569019740676e-05,0.0,0.000807438748636221,0.0005596342757951398,0.0,0.010391328839869922,0.013586719100462254,0.009484850798041511,0.0,0.0005914159394708126,0.0,0.00021642617096211863,0.0,0.0,0.0,0.0,0.0,0.0,0.0,0.0,-0.005073927164282021,-0.0015892373893178593,0.0,-0.013831385405563045,-0.006375524333429656,0.005841352274882044,0.0,0.0,0.0,0.0,0.0,0.0,0.0,0.0,0.0,0.0,0.0,0.0,0.0,-0.001546366302142471,0.0,0.004434419283863439,0.0,0.001361256357680473,0.00013176972470973987,0.0005739021673971264,0.0006582438259559583,0.0060852439675825095,0.0,0.0,0.0,0.0,0.0,0.0,0.0,0.0,0.0,0.0,0.0
2023-11-22,0.0,0.0,0.0,0.0008414924940014191,0.0,0.0,0.0,0.0,0.0,0.0,0.007475611462192097,0.004415583477219953,0.0,0.0027503077241668172,0.0,0.0023528430072206033,0.0,0.0006277359884888155,0.0,0.06305585111523229,0.0,0.0022187568249992925,-0.00022082693316618742,0.0,0.0,0.0,0.0,0.0,0.0,0.0,0.0,-0.0007163593433337205,0.0,-0.0010326030500014557,0.0032012974233686427,0.003239919453782305,0.0,0.0,0.0,0.0,0.0,0.0,0.0,0.0002725455347148773,0.0,0.0,0.0,-0.0010024400957874544,-0.000255134533438495,-0.0012985899714511662,-0.0003475990926196783,3.55569019740676e-05,0.0,0.000807438748636221,0.0005596342757951398,0.0,0.01190723002787744,0.004960855186888291,0.009484850798041511,0.0,0.0005914159394708126,0.0,0.00021642617096211863,0.0,0.0,0.0,0.0,0.0,0.0,0.0,0.0,-0.005073927164282021,-0.0015892373893178593,0.0,-0.013831385405563045,-0.006375524333429656,0.005841352274882044,0.0,0.0,0.0,0.0,0.0,0.0,0.0,0.0,0.0,0.0,0.0,0.0,0.0,-0.001546366302142471,0.0,0.004434419283863439,0.0,0.001361256357680473,0.00013176972470973987,0.0005739021673971264,0.0006582438259559583,0.0060852439675825095,0.0,0.0,0.0,0.0,0.0,0.0,0.0,0.0,0.0,0.0,0.0
2023-11-29,0.0,0.0,0.0,0.0008414924940014191,0.0,0.0,0.0,0.0,0.0,0.0,0.007475611462192097,0.004415583477219953,0.0,0.0027503077241668172,0.0,0.0023528430072206033,0.0,0.0006277359884888155,0.0,0.05925396384866771,0.0,0.0019089969037713373,-0.00022082693316618742,0.0,0.0,0.0,0.0,0.0,0.0,0.0,0.0,-0.0007163593433337205,0.0,-0.0010326030500014557,0.0032012974233686427,0.003239919453782305,0.0,0.0,0.0,0.0,0.0,0.0,0.0,0.0002725455347148773,0.0,0.0,0.0,-0.0010024400957874544,-0.000255134533438495,-0.0011005242446800127,-0.0003475990926196783,3.55569019740676e-05,0.0,0.000807438748636221,0.0005596342757951398,0.0,-0.004794222120591344,0.004960855186888291,0.009484850798041511,0.0,0.0005914159394708126,0.0,0.00021642617096211863,0.0,0.0,0.0,0.0,0.0,0.0,0.0,0.0,-0.005802858254209987,-0.0015892373893178593,0.0,-0.013831385405563045,-0.006375524333429656,0.005841352274882044,0.0,0.0,0.0,0.0,0.0,0.0,0.0,0.0,0.0,0.0,0.0,0.0,0.0,-0.001546366302142471,0.0,0.004434419283863439,0.0,0.001361256357680473,0.00013176972470973987,0.0005739021673971264,0.0006582438259559583,0.0060852439675825095,0.0,0.0,0.0,0.0,0.0,0.0,0.0,0.0,0.0,0.0,0.0
2023-12-06,0.0,0.0,0.0,0.0005594013414092909,0.0,0.0,0.0,0.0,0.0,0.0,0.007475611462192097,0.004415583477219953,0.0,0.0027503077241668172,0.0,0.0026580769257085178,0.0,0.0006277359884888155,0.0,0.03741728430212022,0.0,-0.008543753839636186,-0.00022082693316618742,0.0,0.0,0.0,0.0,0.0,0.0,0.0,0.0,-0.0009976536089564047,0.0,-0.0010326030500014557,0.0032012974233686427,0.005521290640710858,0.0,0.0,0.0,0.0,0.0,0.0,0.0,0.0002725455347148773,0.0,0.0,0.0,-0.0010024400957874544,-0.000255134533438495,-0.0011005242446800127,-0.0003475990926196783,-0.00025280090062050495,0.0,0.000807438748636221,0.000882642537496369,0.0,-0.004794222120591344,0.004917768578349316,0.009484850798041511,0.0,-0.0005862463035136911,0.0,0.00021642617096211863,0.0,0.0,0.0,0.0,0.0,0.0,0.0,0.0,-0.005802858254209987,-0.0015892373893178593,0.0,-0.013831385405563045,-0.006353907631064599,0.004231563576322775,0.0,0.0,0.0,0.0,0.0,0.0,0.0,0.0,0.0,0.0,0.0,0.0,0.0,-0.001628613248777711,0.0,0.004167908508331498,0.0,0.001361256357680473,0.00013176972470973987,-0.0013248288839416249,0.0006582438259559583,0.0060852439675825095,0.0,0.0,0.0,0.0,0.0,0.0,0.0,0.0,0.0,0.0,0.0
2023-12-13,0.0,0.0,0.0,0.0005594013414092909,0.0,0.0,0.0,0.0,0.0,0.0,0.007475611462192097,0.004415583477219953,0.0,0.0027503077241668172,0.0,0.0026580769257085178,0.0,0.0006277359884888155,0.0,0.03741728430212022,0.0,-0.008543753839636186,-0.00022082693316618742,0.0,0.0,0.0,0.0,0.0,0.0,0.0,0.0,-0.0009976536089564047,0.0,-0.0010326030500014557,0.0032012974233686427,0.005521290640710858,0.0,0.0,0.0,0.0,0.0,0.0,0.0,0.0002725455347148773,0.0,0.0,0.0,-0.0010024400957874544,-0.000255134533438495,-0.0011005242446800127,-0.0003475990926196783,-0.00025280090062050495,0.0,0.000807438748636221,0.000882642537496369,0.0,-0.004794222120591344,0.004917768578349316,0.009484850798041511,0.0,-0.0005862463035136911,0.0,0.00021642617096211863,0.0,0.0,0.0,0.0,0.0,0.0,0.0,0.0,-0.005802858254209987,-0.0015892373893178593,0.0,-0.013831385405563045,-0.006353907631064599,0.004231563576322775,0.0,0.0,0.0,0.0,0.0,0.0,0.0,0.0,0.0,0.0,0.0,0.0,0.0,-0.001628613248777711,0.0,0.004167908508331498,0.0,0.001361256357680473,0.00013176972470973987,-0.0013248288839416249,0.0006582438259559583,0.0060852439675825095,0.0,0.0,0.0,0.0,0.0,0.0,0.0,0.0,0.0,0.0,0.0
2023-12-20,0.0,0.0,0.0,0.0005594013414092909,0.0,0.0,0.0,0.0,0.0,0.0,0.007475611462192097,0.004415583477219953,0.0,0.0027503077241668172,0.0,0.0026580769257085178,0.0,0.0006277359884888155,0.0,0.03741728430212022,0.0,-0.008543753839636186,-0.00022082693316618742,0.0,0.0,0.0,0.0,0.0,0.0,0.0,0.0,-0.0009976536089564047,0.0,-0.0010326030500014557,0.0032012974233686427,0.005521290640710858,0.0,0.0,0.0,0.0,0.0,0.0,0.0,0.0002725455347148773,0.0,0.0,0.0,-0.0010024400957874544,-0.000255134533438495,-0.0011005242446800127,-0.0003475990926196783,-0.00025280090062050495,0.0,0.000807438748636221,0.000882642537496369,0.0,-0.004794222120591344,0.004917768578349316,0.009484850798041511,0.0,-0.0005862463035136911,0.0,0.00021642617096211863,0.0,0.0,0.0,0.0,0.0,0.0,0.0,0.0,-0.005802858254209987,-0.0015892373893178593,0.0,-0.013831385405563045,-0.006353907631064599,0.004231563576322775,0.0,0.0,0.0,0.0,0.0,0.0,0.0,0.0,0.0,0.0,0.0,0.0,0.0,-0.001628613248777711,0.0,0.004167908508331498,0.0,0.001361256357680473,0.00013176972470973987,-0.0013248288839416249,0.0006582438259559583,0.0060852439675825095,0.0,0.0,0.0,0.0,0.0,0.0,0.0,0.0,0.0,0.0,0.0
2023-12-27,0.0,0.0,0.0,0.0005594013414092909,0.0,0.0,0.0,0.0,0.0,0.0,0.007475611462192097,0.004415583477219953,0.0,0.0027503077241668172,0.0,0.0026580769257085178,0.0,0.0006277359884888155,0.0,0.022969657939620282,0.0,-0.008543753839636186,-0.00022082693316618742,0.0,0.0,0.0,0.0,0.0,0.0,0.0,0.0,-0.0009976536089564047,0.0,-0.0010326030500014557,0.0032012974233686427,0.005521290640710858,0.0,0.0,0.0,0.0,0.0,0.0,0.0,0.0002725455347148773,0.0,0.0,0.0,-0.0010024400957874544,-0.000255134533438495,-0.0011005242446800127,-0.0003475990926196783,-0.00025280090062050495,0.0,0.000807438748636221,0.000882642537496369,0.0,-0.004794222120591344,0.004917768578349316,0.009484850798041511,0.0,-0.0005862463035136911,0.0,0.00021642617096211863,0.0,0.0,0.0,0.0,0.0,0.0,0.0,0.0,-0.005802858254209987,-0.0015892373893178593,0.0,-0.013831385405563045,-0.006353907631064599,0.004231563576322775,0.0,0.0,0.0,0.0,0.0,0.0,0.0,0.0,0.0,0.0,0.0,0.0,0.0,-0.001628613248777711,0.0,0.0040256982874129835,0.0,0.001361256357680473,-0.00031346675908078026,-0.0013248288839416249,0.0006582438259559583,0.0060852439675825095,0.0,0.0,0.0,0.0,0.0,0.0,0.0,0.0,0.0,0.0,0.0
2024-01-03,0.0,0.0,0.0,0.00023180182144891666,0.0,0.0,0.0,0.0,0.0,0.0,0.007732149711220075,-0.008305605005069057,0.0,0.0027503077241668172,0.0,0.0026580769257085178,0.0,0.0006277359884888155,0.0,-0.028179988647579955,0.0,-0.008543753839636186,0.0006898999653113447,0.0,0.0,0.0,0.0,0.0,0.0,0.0,0.0,-0.0009976536089564047,0.0,-0.0010326030500014557,0.0032012974233686427,0.005521290640710858,0.0,0.0,0.0,0.0,0.0,0.0,0.0,0.0008092905912718334,0.0,0.0,0.0,0.0018222322080204147,-0.000255134533438495,-0.0011005242446800127,-0.0003475990926196783,3.55569019740676e-05,0.0,0.0018261172839750342,0.000882642537496369,0.0,-0.004794222120591344,0.005093404668515073,0.004373646408497055,0.0,-0.0005862463035136911,0.0,0.00021642617096211863,0.0,0.0,0.0,0.0,0.0,0.0,0.0,0.0,-0.0036322773184019248,-0.0015892373893178593,0.0,-0.005249393313463236,-0.0058321465836907345,0.005515664396429157,0.0,0.0,0.0,0.0,0.0,0.0,0.0,0.0,0.0,0.0,0.0,0.0,0.0,0.0014538212343809564,0.0,0.0040256982874129835,0.0,0.001361256357680473,-0.0005797070400157538,0.0005739021673971264,0.0002284639955942436,0.005746521098292,0.0,0.0,0.0,0.0,0.0,0.0,0.0,0.0,0.0,0.0,0.0
2024-01-10,0.0,0.0,0.0,0.00023180182144891666,0.0,0.0,0.0,0.0,0.0,0.0,0.007732149711220075,-0.008305605005069057,0.0,0.0005698727036058497,0.0,0.0026580769257085178,0.0,-0.003147598745077568,0.0,-0.048455502576267705,0.0,-0.008522852488113925,-0.0010156148188226488,0.0,0.0,0.0,0.0,0.0,0.0,0.0,0.0,-0.0001705827304319477,0.0,-0.0010326030500014557,0.003962128492229746,0.005521290640710858,0.0,0.0,0.0,0.0,0.0,0.0,0.0,0.0008092905912718334,0.0,0.0,0.0,0.0018222322080204147,-0.000255134533438495,-0.0011005242446800127,-0.0003475990926196783,3.55569019740676e-05,0.0,0.0018261172839750342,0.000882642537496369,0.0,-0.004794222120591344,0.005093404668515073,0.004373646408497055,0.0,-0.00037438710745511545,0.0,0.00021642617096211863,0.0,0.0,0.0,0.0,0.0,0.0,0.0,0.0,-0.0036322773184019248,-0.0015892373893178593,0.0,-0.005249393313463236,-0.0058321465836907345,0.005515664396429157,0.0,0.0,0.0,0.0,0.0,0.0,0.0,0.0,0.0,0.0,0.0,0.0,0.0,0.0014538212343809564,0.0,0.003089797283876139,0.0,0.001361256357680473,-0.0005797070400157538,0.0005739021673971264,-0.0003816908520771297,0.0009673726206157439,0.0,0.0,0.0,0.0,0.0,0.0,0.0,0.0,0.0,0.0,0.0
2024-01-17,0.0,0.0,0.0,0.00023180182144891666,0.0,0.0,0.0,0.0,0.0,0.0,0.007633061270481864,0.004415583477219953,0.0,0.0005698727036058497,0.0,0.0026580769257085178,0.0,0.0006277359884888155,0.0,-0.04884492249828495,0.0,-0.008806374424001217,-0.0010156148188226488,0.0,0.0,0.0,0.0,0.0,0.0,0.0,0.0,-0.0001705827304319477,0.0,-0.0010326030500014557,0.0032012974233686427,0.005521290640710858,0.0,0.0,0.0,0.0,0.0,0.0,0.0,0.0008092905912718334,0.0,0.0,0.0,0.0018222322080204147,-0.000255134533438495,-0.0011005242446800127,-0.0003475990926196783,3.55569019740676e-05,0.0,0.0018261172839750342,0.000882642537496369,0.0,-0.004794222120591344,-0.0022834050444342597,0.004373646408497055,0.0,-0.00037438710745511545,0.0,0.00021642617096211863,0.0,0.0,0.0,0.0,0.0,0.0,0.0,0.0,-0.0036322773184019248,-0.0015892373893178593,0.0,-0.005249393313463236,-0.0058321465836907345,0.005841352274882044,0.0,0.0,0.0,0.0,0.0,0.0,0.0,0.0,0.0,0.0,0.0,0.0,0.0,0.0014538212343809564,0.0,0.003089797283876139,0.0,0.001361256357680473,-0.00031346675908078026,0.0005739021673971264,-0.0003816908520771297,0.005614558503731397,0.0,0.0,0.0,0.0,0.0,0.0,0.0,0.0,0.0,0.0,0.0
2024-01-24,0.0,0.0,0.0,0.00023180182144891666,0.0,0.0,0.0,0.0,0.0,0.0,0.007633061270481864,0.0014305664596687838,0.0,0.0027503077241668172,0.0,0.0026580769257085178,0.0,0.0006277359884888155,0.0,-0.048915906489055666,0.0,-0.008543753839636186,-0.0010156148188226488,0.0,0.0,0.0,0.0,0.0,0.0,0.0,0.0,-0.0001705827304319477,0.0,-0.0010326030500014557,0.0005250244683049482,0.005521290640710858,0.0,0.0,0.0,0.0,0.0,0.0,0.0,0.0008092905912718334,0.0,0.0,0.0,0.0018222322080204147,-0.000255134533438495,-0.0011005242446800127,-0.0003475990926196783,3.55569019740676e-05,0.0,0.0018261172839750342,0.000882642537496369,0.0,-0.004794222120591344,-0.0022834050444342597,-0.0005128139342234474,0.0,-0.00037438710745511545,0.0,0.00021642617096211863,0.0,0.0,0.0,0.0,0.0,0.0,0.0,0.0,-0.0036322773184019248,-0.0015892373893178593,0.0,-0.005249393313463236,-0.0058321465836907345,0.006291410572807779,0.0,0.0,0.0,0.0,0.0,0.0,0.0,0.0,0.0,0.0,0.0,0.0,0.0,0.0014538212343809564,0.0,0.003089797283876139,0.0,0.001361256357680473,-0.0005797070400157538,0.0005739021673971264,-0.0003816908520771297,0.005614558503731397,0.0,0.0,0.0,0.0,0.0,0.0,0.0,0.0,0.0,0.0,0.0
2024-01-31,0.0,0.0,0.0,0.00023180182144891666,0.0,0.0,0.0,0.0,0.0,0.0,0.007633061270481864,0.004415583477219953,0.0,0.0005698727036058497,0.0,0.0026580769257085178,0.0,0.0006277359884888155,0.0,-0.048915906489055666,0.0,-0.008806374424001217,-0.0010156148188226488,0.0,0.0,0.0,0.0,0.0,0.0,0.0,0.0,-0.0001705827304319477,0.0,-0.0010326030500014557,0.0005250244683049482,0.005521290640710858,0.0,0.0,0.0,0.0,0.0,0.0,0.0,0.0008092905912718334,0.0,0.0,0.0,0.0018222322080204147,-0.000255134533438495,-0.0011005242446800127,-0.0003475990926196783,3.55569019740676e-05,0.0,0.0018261172839750342,0.000882642537496369,0.0,-0.004794222120591344,-0.0022834050444342597,-0.0005128139342234474,0.0,-0.00037438710745511545,0.0,0.00021642617096211863,0.0,0.0,0.0,0.0,0.0,0.0,0.0,0.0,-0.0036322773184019248,-0.0015892373893178593,0.0,-0.005249393313463236,-0.0058321465836907345,0.006291410572807779,0.0,0.0,0.0,0.0,0.0,0.0,0.0,0.0,0.0,0.0,0.0,0.0,0.0,0.0014538212343809564,0.0,0.003089797283876139,0.0,0.001361256357680473,-0.00031346675908078026,0.0005739021673971264,-0.0003816908520771297,0.005614558503731397,0.0,0.0,0.0,0.0,0.0,0.0,0.0,0.0,0.0,0.0,0.0
2024-02-07,0.0,0.0,0.0,0.00023180182144891666,0.0,0.0,0.0,0.0,0.0,0.0,0.007823434439195876,0.0014305664596687838,0.0,0.00012827786588265366,0.0,0.0017050505608299823,0.0,-0.003147598745077568,0.0,-0.04688232301698969,0.0,-0.008522852488113925,-0.0010156148188226488,0.0,0.0,0.0,0.0,0.0,0.0,0.0,0.0,-0.0001705827304319477,0.0,-0.0010326030500014557,0.0005250244683049482,0.005521290640710858,0.0,0.0,0.0,0.0,0.0,0.0,0.0,0.0008092905912718334,0.0,0.0,0.0,-0.00010821114921137111,-0.000255134533438495,-0.0011005242446800127,-0.0003475990926196783,3.55569019740676e-05,0.0,0.0018261172839750342,0.000882642537496369,0.0,-0.004794222120591344,-0.0022834050444342597,-0.0005128139342234474,0.0,-0.00037438710745511545,0.0,0.00021642617096211863,0.0,0.0,0.0,0.0,0.0,0.0,0.0,0.0,-0.0036322773184019248,-0.0015892373893178593,0.0,0.009797213659439342,-0.0058321465836907345,-0.002723548516427882,0.0,0.0,0.0,0.0,0.0,0.0,0.0,0.0,0.0,0.0,0.0,0.0,0.0,0.0019985744644888327,0.0,-0.003985207214915608,0.0,0.001361256357680473,-0.0008229891907411142,-0.0006219369853434636,-0.0003816908520771297,0.006564393109285166,0.0,0.0,0.0,0.0,0.0,0.0,0.0,0.0,0.0,0.0,0.0
2024-02-14,0.0,0.0,0.0,0.00023180182144891666,0.0,0.0,0.0,0.0,0.0,0.0,0.007922522879934087,-0.008305605005069057,0.0,0.00012827786588265366,0.0,0.0017050505608299823,0.0,-0.003147598745077568,0.0,-0.04688232301698969,0.0,-0.008522852488113925,-0.0010156148188226488,0.0,0.0,0.0,0.0,0.0,0.0,0.0,0.0,-0.0001705827304319477,0.0,-0.0010326030500014557,0.0005250244683049482,0.005521290640710858,0.0,0.0,0.0,0.0,0.0,0.0,0.0,0.0008092905912718334,0.0,0.0,0.0,-0.00010821114921137111,-0.000255134533438495,-0.0011005242446800127,-0.0003475990926196783,3.55569019740676e-05,0.0,0.0018261172839750342,0.000882642537496369,0.0,-0.004794222120591344,-0.0022834050444342597,-0.0005128139342234474,0.0,-0.00037438710745511545,0.0,0.00021642617096211863,0.0,0.0,0.0,0.0,0.0,0.0,0.0,0.0,-0.0036322773184019248,-0.0015892373893178593,0.0,0.011100503025890513,-0.0058321465836907345,-0.0030492363948807694,0.0,0.0,0.0,0.0,0.0,0.0,0.0,0.0,0.0,0.0,0.0,0.0,0.0,0.0019985744644888327,0.0,-0.003985207214915608,0.0,0.001361256357680473,-0.0008229891907411142,-0.0006219369853434636,-0.0003816908520771297,0.011088792112860155,0.0,0.0,0.0,0.0,0.0,0.0,0.0,0.0,0.0,0.0,0.0
2024-02-21,0.0,0.0,0.0,0.00023180182144891666,0.0,0.0,0.0,0.0,0.0,0.0,0.007922522879934087,-0.008305605005069057,0.0,0.00012827786588265366,0.0,0.0017050505608299823,0.0,-0.003147598745077568,0.0,-0.04688232301698969,0.0,-0.007762331607619421,-0.0010156148188226488,0.0,0.0,0.0,0.0,0.0,0.0,0.0,0.0,0.0030604781719603385,0.0,-0.0010326030500014557,-0.000786028281924772,0.005521290640710858,0.0,0.0,0.0,0.0,0.0,0.0,0.0,0.0008092905912718334,0.0,0.0,0.0,-0.00010821114921137111,-0.000255134533438495,-0.0011005242446800127,-0.0003475990926196783,3.55569019740676e-05,0.0,0.0018261172839750342,0.000882642537496369,0.0,-0.004794222120591344,-0.0022834050444342597,-0.0005128139342234474,0.0,-0.00037438710745511545,0.0,0.00021642617096211863,0.0,0.0,0.0,0.0,0.0,0.0,0.0,0.0,-0.0036322773184019248,-0.0015892373893178593,0.0,0.011100503025890513,-0.0058321465836907345,-0.0030492363948807694,0.0,0.0,0.0,0.0,0.0,0.0,0.0,0.0,0.0,0.0,0.0,0.0,0.0,0.0019985744644888327,0.0,-0.003985207214915608,0.0,0.001361256357680473,-0.0008229891907411142,-0.0006219369853434636,-0.0003816908520771297,0.011881909866856033,0.0,0.0,0.0,0.0,0.0,0.0,0.0,0.0,0.0,0.0,0.0
2024-02-28,0.0,0.0,0.0,0.00023180182144891666,0.0,0.0,0.0,0.0,0.0,0.0,0.007922522879934087,-0.008305605005069057,0.0,0.00012827786588265366,0.0,0.0017050505608299823,0.0,-0.003147598745077568,0.0,-0.04688232301698969,0.0,-0.007762331607619421,-0.0010156148188226488,0.0,0.0,0.0,0.0,0.0,0.0,0.0,0.0,0.0030604781719603385,0.0,-0.0010326030500014557,-0.000786028281924772,0.005521290640710858,0.0,0.0,0.0,0.0,0.0,0.0,0.0,0.0008092905912718334,0.0,0.0,0.0,-0.00010821114921137111,-0.000255134533438495,-0.0011005242446800127,-0.0003475990926196783,3.55569019740676e-05,0.0,0.0018261172839750342,0.000882642537496369,0.0,-0.004794222120591344,-0.0022834050444342597,-0.0005128139342234474,0.0,-0.00037438710745511545,0.0,0.00021642617096211863,0.0,0.0,0.0,0.0,0.0,0.0,0.0,0.0,-0.0036322773184019248,-0.0015892373893178593,0.0,0.011100503025890513,-0.0058321465836907345,-0.0030492363948807694,0.0,0.0,0.0,0.0,0.0,0.0,0.0,0.0,0.0,0.0,0.0,0.0,0.0,0.0019985744644888327,0.0,-0.003985207214915608,0.0,0.001361256357680473,-0.0008229891907411142,-0.0006219369853434636,-0.0003816908520771297,0.011881909866856033,0.0,0.0,0.0,0.0,0.0,0.0,0.0,0.0,0.0,0.0,0.0
2024-03-06,0.0,0.0,0.0,0.00023180182144891666,0.0,0.0,0.0,0.0,0.0,0.0,0.007732149711220075,-0.007600042078845024,0.0,0.0005698727036058497,0.0,0.0017050505608299823,0.0,-0.003147598745077568,0.0,-0.04688232301698969,0.0,-0.007762331607619421,-0.0010156148188226488,0.0,0.0,0.0,0.0,0.0,0.0,0.0,0.0,0.0030604781719603385,0.0,-0.0010326030500014557,-0.0008812761397573726,0.005521290640710858,0.0,0.0,0.0,0.0,0.0,0.0,0.0,0.0008092905912718334,0.0,0.0,0.0,-0.0010024400957874544,0.0027745880511436324,-0.0011005242446800127,-0.0003475990926196783,3.55569019740676e-05,0.0,0.0018261172839750342,0.000882642537496369,0.0,-0.004794222120591344,-0.0022834050444342597,-0.0005128139342234474,0.0,-0.00037438710745511545,0.0,0.00021642617096211863,0.0,0.0,0.0,0.0,0.0,0.0,0.0,0.0,-0.0036322773184019248,-0.0015892373893178593,0.0,-0.0038905613110427084,-0.0058321465836907345,-0.01021371501115694,0.0,0.0,0.0,0.0,0.0,0.0,0.0,0.0,0.0,0.0,0.0,0.0,0.0,0.0014538212343809564,0.0,-0.003985207214915608,0.0,0.001361256357680473,-0.0008229891907411142,-0.0006219369853434636,-0.0003816908520771297,0.010932075261302264,0.0,0.0,0.0,0.0,0.0,0.0,0.0,0.0,0.0,0.0,0.0
2024-03-13,0.0,0.0,0.0,0.00023180182144891666,0.0,0.0,0.0,0.0,0.0,0.0,0.007732149711220075,-0.007600042078845024,0.0,0.0005698727036058497,0.0,0.0017050505608299823,0.0,-0.003147598745077568,0.0,-0.04790440695250983,0.0,-0.007762331607619421,-0.0010156148188226488,0.0,0.0,0.0,0.0,0.0,0.0,0.0,0.0,0.0030604781719603385,0.0,-0.0010326030500014557,-0.0015660241017323659,0.005521290640710858,0.0,0.0,0.0,0.0,0.0,0.0,0.0,0.0008092905912718334,0.0,0.0,0.0,-0.0010024400957874544,0.0027745880511436324,-0.0011005242446800127,-0.0003475990926196783,3.55569019740676e-05,0.0,0.0018261172839750342,0.000882642537496369,0.0,-0.004794222120591344,-0.0022834050444342597,-0.0005128139342234474,0.0,-0.00037438710745511545,0.0,0.00021642617096211863,0.0,0.0,0.0,0.0,0.0,0.0,0.0,0.0,-0.0036322773184019248,-0.0015892373893178593,0.0,-0.005829418951229428,-0.00520635419023064,-0.01021371501115694,0.0,0.0,0.0,0.0,0.0,0.0,0.0,0.0,0.0,0.0,0.0,0.0,0.0,-0.009295315378105047,0.0,-0.003985207214915608,0.0,0.001361256357680473,-0.0008229891907411142,-0.0006219369853434636,-0.0003816908520771297,-0.011338901406357803,0.0,0.0,0.0,0.0,0.0,0.0,0.0,0.0,0.0,0.0,0.0
2024-03-20,0.0,0.0,0.0,0.00023180182144891666,0.0,0.0,0.0,0.0,0.0,0.0,0.007732149711220075,-0.007600042078845024,0.0,0.0027503077241668172,0.0,0.0017050505608299823,0.0,-0.003147598745077568,0.0,-0.04838840915317982,0.0,-0.007499711023254391,-0.0010156148188226488,0.0,0.0,0.0,0.0,0.0,0.0,0.0,0.0,0.0030604781719603385,0.0,-0.0010326030500014557,-0.0015660241017323659,-0.0007056737595967811,0.0,0.0,0.0,0.0,0.0,0.0,0.0,0.0008092905912718334,0.0,0.0,0.0,-0.0010024400957874544,0.0027745880511436324,-0.0011005242446800127,-0.0003475990926196783,3.55569019740676e-05,0.0,0.0018261172839750342,0.000882642537496369,0.0,-0.004794222120591344,-0.0022834050444342597,-0.0005128139342234474,0.0,-0.00037438710745511545,0.0,0.00021642617096211863,0.0,0.0,0.0,0.0,0.0,0.0,0.0,0.0,-0.0036322773184019248,-0.0015892373893178593,0.0,-0.005829418951229428,-0.00520635419023064,-0.01021371501115694,0.0,0.0,0.0,0.0,0.0,0.0,0.0,0.0,0.0,0.0,0.0,0.0,0.0,-0.009295315378105047,0.0,-0.003985207214915608,0.0,0.001361256357680473,-0.0008229891907411142,-0.0006219369853434636,-0.0003816908520771297,-0.011338901406357803,0.0,0.0,0.0,0.0,0.0,0.0,0.0,0.0,0.0,0.0,0.0
2024-03-27,0.0,0.0,0.0,0.00023180182144891666,0.0,0.0,0.0,0.0,0.0,0.0,0.007732149711220075,-0.007600042078845024,0.0,0.0027503077241668172,0.0,0.0017050505608299823,0.0,-0.003147598745077568,0.0,-0.04838840915317982,0.0,-0.007499711023254391,-0.0010156148188226488,0.0,0.0,0.0,0.0,0.0,0.0,0.0,0.0,0.0030604781719603385,0.0,-0.0010326030500014557,-0.0015660241017323659,-0.0007056737595967811,0.0,0.0,0.0,0.0,0.0,0.0,0.0,0.0008092905912718334,0.0,0.0,0.0,-0.0010024400957874544,0.0027745880511436324,-0.0011005242446800127,-0.0003475990926196783,3.55569019740676e-05,0.0,0.0018261172839750342,0.000882642537496369,0.0,-0.004794222120591344,-0.0022834050444342597,-0.0005128139342234474,0.0,-0.00037438710745511545,0.0,0.00021642617096211863,0.0,0.0,0.0,0.0,0.0,0.0,0.0,0.0,-0.0036322773184019248,-0.0015892373893178593,0.0,-0.005829418951229428,-0.00520635419023064,-0.01021371501115694,0.0,0.0,0.0,0.0,0.0,0.0,0.0,0.0,0.0,0.0,0.0,0.0,0.0,-0.009295315378105047,0.0,-0.003985207214915608,0.0,0.001361256357680473,-0.0008229891907411142,-0.0006219369853434636,-0.0003816908520771297,-0.011338901406357803,0.0,0.0,0.0,0.0,0.0,0.0,0.0,0.0,0.0,0.0,0.0
2024-04-03,0.0,0.0,0.0,0.00023180182144891666,0.0,0.0,0.0,0.0,0.0,0.0,0.007732149711220075,-0.008305605005069057,0.0,0.0005698727036058497,0.0,-0.007520325404984278,0.0,-0.003147598745077568,0.0,-0.04831686127425051,0.0,-0.007762331607619421,-0.0010156148188226488,0.0,0.0,0.0,0.0,0.0,0.0,0.0,0.0,0.0030604781719603385,0.0,-0.0010326030500014557,-0.0014707762438997652,-0.0007056737595967811,0.0,0.0,0.0,0.0,0.0,0.0,0.0,0.0008092905912718334,0.0,0.0,0.0,-0.0010024400957874544,-0.000255134533438495,0.004609387046547675,-0.0003117058433052269,-0.00025280090062050495,0.0,0.0018261172839750342,0.000882642537496369,0.0,-0.004794222120591344,-0.0022834050444342597,-0.0005128139342234474,0.0,-0.00037438710745511545,0.0,0.00021642617096211863,0.0,0.0,0.0,0.0,0.0,0.0,0.0,0.0,-0.0036322773184019248,-0.0015892373893178593,0.0,-0.005504451918637254,-0.004380088103214325,0.005965722694354893,0.0,0.0,0.0,0.0,0.0,0.0,0.0,0.0,0.0,0.0,0.0,0.0,0.0,-0.009295315378105047,0.0,-0.0024139252995988435,0.0,0.001361256357680473,-0.0005797070400157538,0.0005739021673971264,-0.0003816908520771297,-0.003007330096389757,0.0,0.0,0.0,0.0,0.0,0.0,0.0,0.0,0.0,0.0,0.0
2024-04-10,0.0,0.0,0.0,0.00023180182144891666,0.0,0.0,0.0,0.0,0.0,0.0,0.007732149711220075,-0.008305605005069057,0.0,-0.006134179538395814,0.0,-0.007520325404984278,0.0,-0.003147598745077568,0.0,-0.04850415947876398,0.0,-0.007762331607619421,-0.0010156148188226488,0.0,0.0,0.0,0.0,0.0,0.0,0.0,0.0,0.0030604781719603385,0.0,-0.0010326030500014557,-0.0014707762438997652,-0.0007056737595967811,0.0,0.0,0.0,0.0,0.0,0.0,0.0,0.0008092905912718334,0.0,0.0,0.0,-0.0010024400957874544,-0.000255134533438495,0.004609387046547675,-0.0003117058433052269,-0.00025280090062050495,0.0,0.0018261172839750342,0.000882642537496369,0.0,-0.004794222120591344,-0.0022834050444342597,-0.0005128139342234474,0.0,-0.00037438710745511545,0.0,0.00021642617096211863,0.0,0.0,0.0,0.0,0.0,0.0,0.0,0.0,-0.0036322773184019248,-0.0015892373893178593,0.0,-0.007029497345833505,-0.005005880496674419,0.005965722694354893,0.0,0.0,0.0,0.0,0.0,0.0,0.0,0.0,0.0,0.0,0.0,0.0,0.0,-0.01452342558407446,0.0,-0.0024139252995988435,0.0,0.001361256357680473,-0.002903583240372933,0.0005739021673971264,-0.0003816908520771297,0.0031563308580882217,0.0,0.0,0.0,0.0,0.0,0.0,0.0,0.0,0.0,0.0,0.0
2024-04-17,0.0,0.0,0.0,0.00023180182144891666,0.0,0.0,0.0,0.0,0.0,0.0,0.007732149711220075,-0.008305605005069057,0.0,-0.006134179538395814,0.0,-0.007520325404984278,0.0,-0.003147598745077568,0.0,-0.04850415947876398,0.0,-0.007762331607619421,-0.0010156148188226488,0.0,0.0,0.0,0.0,0.0,0.0,0.0,0.0,0.0030604781719603385,0.0,-0.0010326030500014557,-0.0014707762438997652,-0.0007056737595967811,0.0,0.0,0.0,0.0,0.0,0.0,0.0,0.0008092905912718334,0.0,0.0,0.0,-0.0010024400957874544,-0.000255134533438495,0.004609387046547675,-0.0003117058433052269,-0.00025280090062050495,0.0,0.0018261172839750342,0.000882642537496369,0.0,-0.004794222120591344,-0.0022834050444342597,-0.0005128139342234474,0.0,-0.00037438710745511545,0.0,0.00021642617096211863,0.0,0.0,0.0,0.0,0.0,0.0,0.0,0.0,-0.0036322773184019248,-0.0015892373893178593,0.0,-0.007029497345833505,-0.005005880496674419,0.005965722694354893,0.0,0.0,0.0,0.0,0.0,0.0,0.0,0.0,0.0,0.0,0.0,0.0,0.0,-0.01452342558407446,0.0,-0.0024139252995988435,0.0,0.001361256357680473,-0.002903583240372933,0.0005739021673971264,-0.0003816908520771297,0.0031563308580882217,0.0,0.0,0.0,0.0,0.0,0.0,0.0,0.0,0.0,0.0,0.0
2024-04-24,0.0,0.0,0.0,0.00023180182144891666,0.0,0.0,0.0,0.0,0.0,0.0,0.007732149711220075,-0.008305605005069057,0.0,-0.006134179538395814,0.0,-0.007520325404984278,0.0,-0.003147598745077568,0.0,-0.04824578059925485,0.0,-0.007762331607619421,-0.0010156148188226488,0.0,0.0,0.0,0.0,0.0,0.0,0.0,0.0,0.0030604781719603385,0.0,-0.0010326030500014557,-0.0014707762438997652,-0.0007056737595967811,0.0,0.0,0.0,0.0,0.0,0.0,0.0,0.0008092905912718334,0.0,0.0,0.0,-0.0010024400957874544,-0.000255134533438495,0.004609387046547675,-0.0003117058433052269,-0.00025280090062050495,0.0,0.0018261172839750342,0.000882642537496369,0.0,-0.004794222120591344,-0.0022834050444342597,-0.0005128139342234474,0.0,-0.00037438710745511545,0.0,0.00021642617096211863,0.0,0.0,0.0,0.0,0.0,0.0,0.0,0.0,-0.0036322773184019248,-0.0015892373893178593,0.0,-0.0076650656195690545,-0.004380088103214325,0.005965722694354893,0.0,0.0,0.0,0.0,0.0,0.0,0.0,0.0,0.0,0.0,0.0,0.0,0.0,-0.01452342558407446,0.0,-0.0024139252995988435,0.0,0.001361256357680473,-0.002903583240372933,0.0005739021673971264,-0.0003816908520771297,-0.011338901406357803,0.0,0.0,0.0,0.0,0.0,0.0,0.0,0.0,0.0,0.0,0.0
2024-05-01,0.0,0.0,0.0,0.00023180182144891666,0.0,0.0,0.0,0.0,0.0,0.0,0.007732149711220075,-0.008305605005069057,0.0,0.0005698727036058497,0.0,-0.00705564936983201,0.0,-0.003147598745077568,0.0,-0.04867110537808215,0.0,-0.007762331607619421,-0.0010156148188226488,0.0,0.0,0.0,0.0,0.0,0.0,0.0,0.0,0.0030604781719603385,0.0,-0.0010326030500014557,-0.0014707762438997652,-0.0007056737595967811,0.0,0.0,0.0,0.0,0.0,0.0,0.0,0.0008092905912718334,0.0,0.0,0.0,-0.0010024400957874544,-0.000255134533438495,-0.0011005242446800127,0.0009522233383897467,3.55569019740676e-05,0.0,0.0018261172839750342,0.000882642537496369,0.0,-0.004794222120591344,-0.0022834050444342597,-0.0005128139342234474,0.0,-0.00037438710745511545,0.0,0.00021642617096211863,0.0,0.0,0.0,0.0,0.0,0.0,0.0,0.0,-0.0036322773184019248,-0.0015892373893178593,0.0,-0.006958339036673383,-0.00520635419023064,0.005965722694354893,0.0,0.0,0.0,0.0,0.0,0.0,0.0,0.0,0.0,0.0,0.0,0.0,0.0,-0.01452342558407446,0.0,0.0006843980053401059,0.0,0.001361256357680473,-0.002903583240372933,0.0005739021673971264,-0.0003816908520771297,-0.008603724882172021,0.0,0.0,0.0,0.0,0.0,0.0,0.0,0.0,0.0,0.0,0.0
2024-05-08,0.0,0.0,0.0,0.00023180182144891666,0.0,0.0,0.0,0.0,0.0,0.0,0.007732149711220075,-0.008305605005069057,0.0,-0.006134179538395814,0.0,-0.00705564936983201,0.0,-0.003147598745077568,0.0,-0.04892948425759128,0.0,-0.007762331607619421,-0.0010156148188226488,0.0,0.0,0.0,0.0,0.0,0.0,0.0,0.0,0.0030604781719603385,0.0,-0.0010326030500014557,-0.0014707762438997652,-0.0007056737595967811,0.0,0.0,0.0,0.0,0.0,0.0,0.0,0.0008092905912718334,0.0,0.0,0.0,-0.0010024400957874544,-0.000255134533438495,-0.0011005242446800127,0.0009522233383897467,3.55569019740676e-05,0.0,0.0018261172839750342,0.000882642537496369,0.0,-0.004794222120591344,-0.0022834050444342597,-0.0005128139342234474,0.0,-0.00037438710745511545,0.0,0.00021642617096211863,0.0,0.0,0.0,0.0,0.0,0.0,0.0,0.0,-0.0036322773184019248,-0.0015892373893178593,0.0,-0.011620968536020132,-0.0058321465836907345,0.005965722694354893,0.0,0.0,0.0,0.0,0.0,0.0,0.0,0.0,0.0,0.0,0.0,0.0,0.0,-0.01452342558407446,0.0,0.0006843980053401059,0.0,0.001361256357680473,-0.002903583240372933,0.0005739021673971264,-0.0003816908520771297,0.003150759203019181,0.0,0.0,0.0,0.0,0.0,0.0,0.0,0.0,0.0,0.0,0.0
2024-05-15,0.0,0.0,0.0,0.00023180182144891666,0.0,0.0,0.0,0.0,0.0,0.0,0.007732149711220075,-0.008305605005069057,0.0,-0.006134179538395814,0.0,-0.00705564936983201,0.0,-0.003147598745077568,0.0,-0.049318817186092836,0.0,-0.007762331607619421,-0.0010156148188226488,0.0,0.0,0.0,0.0,0.0,0.0,0.0,0.0,0.0030604781719603385,0.0,-0.0010326030500014557,-0.0014707762438997652,-0.0007056737595967811,0.0,0.0,0.0,0.0,0.0,0.0,0.0,0.0008092905912718334,0.0,0.0,0.0,-0.0010024400957874544,-0.000255134533438495,-0.0011005242446800127,0.0009522233383897467,3.55569019740676e-05,0.0,0.0018261172839750342,0.000882642537496369,0.0,-0.004794222120591344,-0.0022834050444342597,-0.0005128139342234474,0.0,-0.00037438710745511545,0.0,0.00021642617096211863,0.0,0.0,0.0,0.0,0.0,0.0,0.0,0.0,-0.0036322773184019248,-0.0015892373893178593,0.0,-0.008195398042441846,-0.00520635419023064,0.005965722694354893,0.0,0.0,0.0,0.0,0.0,0.0,0.0,0.0,0.0,0.0,0.0,0.0,0.0,-0.01452342558407446,0.0,0.0006843980053401059,0.0,0.001361256357680473,-0.002903583240372933,0.0005739021673971264,0.0002284639955942436,-0.007283334294113012,0.0,0.0,0.0,0.0,0.0,0.0,0.0,0.0,0.0,0.0,0.0
2024-05-22,0.0,0.0,0.0,0.00023180182144891666,0.0,0.0,0.0,0.0,0.0,0.0,0.007732149711220075,-0.008305605005069057,0.0,-0.006134179538395814,0.0,-0.00705564936983201,0.0,-0.003147598745077568,0.0,-0.049389897861088494,0.0,-0.007762331607619421,-0.0010156148188226488,0.0,0.0,0.0,0.0,0.0,0.0,0.0,0.0,0.0030604781719603385,0.0,-0.0010326030500014557,-0.0014707762438997652,-0.0007056737595967811,0.0,0.0,0.0,0.0,0.0,0.0,0.0,0.0008092905912718334,0.0,0.0,0.0,-0.0010024400957874544,-0.000255134533438495,-0.0011005242446800127,0.0009522233383897467,3.55569019740676e-05,0.0,0.0018261172839750342,0.000882642537496369,0.0,-0.004794222120591344,-0.0022834050444342597,-0.0005128139342234474,0.0,-0.00037438710745511545,0.0,0.00021642617096211863,0.0,0.0,0.0,0.0,0.0,0.0,0.0,0.0,-0.0036322773184019248,-0.0015892373893178593,0.0,-0.011620968536020132,-0.0058321465836907345,0.005965722694354893,0.0,0.0,0.0,0.0,0.0,0.0,0.0,0.0,0.0,0.0,0.0,0.0,0.0,-0.01452342558407446,0.0,0.0006843980053401059,0.0,0.001361256357680473,-0.002903583240372933,0.0005739021673971264,0.0002284639955942436,0.0003093396887064836,0.0,0.0,0.0,0.0,0.0,0.0,0.0,0.0,0.0,0.0,0.0
2024-05-29,0.0,0.0,0.0,0.00023180182144891666,0.0,0.0,0.0,0.0,0.0,0.0,0.007732149711220075,-0.008305605005069057,0.0,0.0005698727036058497,0.0,-0.00705564936983201,0.0,-0.003147598745077568,0.0,-0.04918777614358473,0.0,-0.007452571686391464,-0.0010156148188226488,0.0,0.0,0.0,0.0,0.0,0.0,0.0,0.0,0.0030604781719603385,0.0,-0.0010326030500014557,-0.0014707762438997652,-0.0007056737595967811,0.0,0.0,0.0,0.0,0.0,0.0,0.0,0.0008092905912718334,0.0,0.0,0.0,-0.0010024400957874544,-0.000255134533438495,-0.0011005242446800127,0.0009522233383897467,3.55569019740676e-05,0.0,0.0018261172839750342,0.000882642537496369,0.0,0.01190723002787744,0.005093404668515073,-0.0005128139342234474,0.0,-0.00037438710745511545,0.0,0.00021642617096211863,0.0,0.0,0.0,0.0,0.0,0.0,0.0,0.0,-0.0029033462284739583,-0.0015892373893178593,0.0,-0.010779461562516584,-0.0058321465836907345,0.005965722694354893,0.0,0.0,0.0,0.0,0.0,0.0,0.0,0.0,0.0,0.0,0.0,0.0,0.0,-0.01452342558407446,0.0,0.0006843980053401059,0.0,0.001361256357680473,-0.002903583240372933,0.0005739021673971264,0.0002284639955942436,0.0003093396887064836,0.0,0.0,0.0,0.0,0.0,0.0,0.0,0.0,0.0,0.0,0.0
2024-06-05,0.0,0.0,0.0,0.00023180182144891666,0.0,0.0,0.0,0.0,0.0,0.0,0.006340622165544112,0.004415583477219953,0.0,0.0005698727036058497,0.0,-0.007520325404984278,0.0,0.0006277359884888155,0.0,-0.0493750743480982,0.0,-0.007736093622278756,-0.0010156148188226488,0.0,0.0,0.0,0.0,0.0,0.0,0.0,0.0,0.0030604781719603385,0.0,-0.0010326030500014557,-0.000786028281924772,-0.0007056737595967811,0.0,0.0,0.0,0.0,0.0,0.0,0.0,0.0008092905912718334,0.0,0.0,0.0,-0.0010024400957874544,-0.000255134533438495,-0.0011005242446800127,-0.0003117058433052269,3.55569019740676e-05,0.0,0.0018261172839750342,0.000882642537496369,0.0,0.03426779577527149,0.005093404668515073,-0.0005128139342234474,0.0,-0.00037438710745511545,0.0,0.0004219198034635182,0.0,0.0,0.0,0.0,0.0,0.0,0.0,0.0,-0.002148412362514296,-0.0015892373893178593,0.0,-0.010779461562516584,-0.0058321465836907345,0.006291410572807779,0.0,0.0,0.0,0.0,0.0,0.0,0.0,0.0,0.0,0.0,0.0,0.0,0.0,-0.01452342558407446,0.0,0.0006843980053401059,0.0,-0.00030006636189063745,-0.002637342959437959,0.0005739021673971264,0.0002284639955942436,0.006402104602658234,0.0,0.0,0.0,0.0,0.0,0.0,0.0,0.0,0.0,0.0,0.0
2024-06-12,0.0,0.0,0.0,-0.0003918736233561711,0.0,0.0,0.0,0.0,0.0,0.0,0.006340622165544112,0.004415583477219953,0.0,0.0005698727036058497,0.0,0.0017050505608299823,0.0,0.0006277359884888155,0.0,-0.049389646584031145,0.0,-0.007736093622278756,-0.0010156148188226488,0.0,0.0,0.0,0.0,0.0,0.0,0.0,0.0,0.0030604781719603385,0.0,-0.0010326030500014557,-0.000786028281924772,-0.0007056737595967811,0.0,0.0,0.0,0.0,0.0,0.0,0.0,0.0008092905912718334,0.0,0.0,0.0,-0.0010024400957874544,-0.000255134533438495,-0.0011005242446800127,-0.0003475990926196783,3.55569019740676e-05,0.0,0.0018261172839750342,0.000882642537496369,0.0,0.03286176505742284,0.005093404668515073,-0.0005128139342234474,0.0,-0.00037438710745511545,0.0,-0.0019558485804622413,0.0,0.0,0.0,0.0,0.0,0.0,0.0,0.0,-0.002148412362514296,-0.0015892373893178593,0.0,-0.010779461562516584,-0.0058321465836907345,0.006291410572807779,0.0,0.0,0.0,0.0,0.0,0.0,0.0,0.0,0.0,0.0,0.0,0.0,0.0,-0.01452342558407446,0.0,-0.0008868839099766589,0.0,-0.00030006636189063745,-0.002637342959437959,0.0005739021673971264,0.0002284639955942436,0.006402104602658234,0.0,0.0,0.0,0.0,0.0,0.0,0.0,0.0,0.0,0.0,0.0
2024-06-19,0.0,0.0,0.0,-0.0017317659666956848,0.0,0.0,0.0,0.0,0.0,0.0,0.006340622165544112,0.004415583477219953,0.0,0.0027503077241668172,0.0,0.0017050505608299823,0.0,0.0006277359884888155,0.0,-0.04881715327757432,0.0,-0.006500212730694686,-0.0010156148188226488,0.0,0.0,0.0,0.0,0.0,0.0,0.0,0.0,0.0030604781719603385,0.0,-0.0010326030500014557,-0.000786028281924772,-0.0007056737595967811,0.0,0.0,0.0,0.0,0.0,0.0,0.0,0.0008092905912718334,0.0,0.0,0.0,-0.0010024400957874544,-0.000255134533438495,-0.0011005242446800127,-0.0003475990926196783,3.55569019740676e-05,0.0,0.0018261172839750342,0.000882642537496369,0.0,0.03286176505742284,0.014643545829779952,-0.0005128139342234474,0.0,-0.00037438710745511545,0.0,-0.0019558485804622413,0.0,0.0,0.0,0.0,0.0,0.0,0.0,0.0,-0.002148412362514296,-0.0015892373893178593,0.0,-0.013831385405563045,-0.0058321465836907345,0.006291410572807779,0.0,0.0,0.0,0.0,0.0,0.0,0.0,0.0,0.0,0.0,0.0,0.0,0.0,-0.01452342558407446,0.0,-0.0008868839099766589,0.0,-0.00030006636189063745,-0.002637342959437959,0.0005739021673971264,0.0002284639955942436,0.006571290396735592,0.0,0.0,0.0,0.0,0.0,0.0,0.0,0.0,0.0,0.0,0.0
2024-06-26,0.0,0.0,0.0,-0.0003918736233561711,0.0,0.0,0.0,0.0,0.0,0.0,0.006340622165544112,0.004415583477219953,0.0,0.0005698727036058497,0.0,0.0017050505608299823,0.0,0.0006277359884888155,0.0,-0.04881715327757432,0.0,-0.00849661450277326,-0.0010156148188226488,0.0,0.0,0.0,0.0,0.0,0.0,0.0,0.0,-0.0001705827304319477,0.0,-0.0010326030500014557,-0.000786028281924772,-0.0007056737595967811,0.0,0.0,0.0,0.0,0.0,0.0,0.0,0.0008092905912718334,0.0,0.0,0.0,-0.0010024400957874544,-0.000255134533438495,-0.0011005242446800127,-0.0003475990926196783,3.55569019740676e-05,0.0,0.0018261172839750342,0.000882642537496369,0.0,0.03286176505742284,0.014643545829779952,-0.0005128139342234474,0.0,-0.00037438710745511545,0.0,-0.0019558485804622413,0.0,0.0,0.0,0.0,0.0,0.0,0.0,0.0,-0.002148412362514296,-0.0015892373893178593,0.0,-0.013831385405563045,-0.0058321465836907345,0.006291410572807779,0.0,0.0,0.0,0.0,0.0,0.0,0.0,0.0,0.0,0.0,0.0,0.0,0.0,-0.01452342558407446,0.0,-0.0008868839099766589,0.0,-0.00030006636189063745,-0.002637342959437959,0.0005739021673971264,0.0002284639955942436,0.006571290396735592,0.0,0.0,0.0,0.0,0.0,0.0,0.0,0.0,0.0,0.0,0.0
2024-07-03,0.0,0.0,0.0,-0.0017317659666956848,0.0,0.0,0.0,0.0,0.0,0.0,0.005164129379756813,0.004415583477219953,0.0,0.0027503077241668172,0.0,0.0017050505608299823,0.0,0.0006277359884888155,0.0,-0.04916024942648822,0.0,-0.0072607336111891905,-0.0010156148188226488,0.0,0.0,0.0,0.0,0.0,0.0,0.0,0.0,-0.0001705827304319477,0.0,-0.0010326030500014557,-0.000786028281924772,-0.0007056737595967811,0.0,0.0,0.0,0.0,0.0,0.0,0.0,0.0008092905912718334,0.0,0.0,0.0,-0.0010024400957874544,-0.000255134533438495,-0.0011005242446800127,-0.0003475990926196783,3.55569019740676e-05,0.0,-0.0013864964563514155,0.000882642537496369,0.0,0.03286176505742284,0.014643545829779952,0.004373646408497055,0.0,-0.00037438710745511545,0.0,-0.0019558485804622413,0.0,0.0,0.0,0.0,0.0,0.0,0.0,0.0,-0.002148412362514296,-0.0015892373893178593,0.0,-0.004884701005878788,-0.0058321465836907345,0.006291410572807779,0.0,0.0,0.0,0.0,0.0,0.0,0.0,0.0,0.0,0.0,0.0,0.0,0.0,-0.01452342558407446,0.0,-0.003985207214915608,0.0,-0.001848271738375204,-0.002637342959437959,0.0005739021673971264,0.0002284639955942436,0.010932075261302264,0.0,0.0,0.0,0.0,0.0,0.0,0.0,0.0,0.0,0.0,0.0
2024-07-10,0.0,0.0,0.0,-0.0017317659666956848,0.0,0.0,0.0,0.0,0.0,0.0,0.005164129379756813,0.004415583477219953,0.0,0.0027503077241668172,0.0,0.0017050505608299823,0.0,-0.003147598745077568,0.0,-0.04916024942648822,0.0,-0.006977211675301899,-0.0010156148188226488,0.0,0.0,0.0,0.0,0.0,0.0,0.0,0.0,-0.0001705827304319477,0.0,-0.0010326030500014557,-0.000786028281924772,-0.0007056737595967811,0.0,0.0,0.0,0.0,0.0,0.0,0.0,0.0008092905912718334,0.0,0.0,0.0,-0.0010024400957874544,-0.000255134533438495,-0.0011005242446800127,-0.0003475990926196783,3.55569019740676e-05,0.0,-0.0013864964563514155,0.000882642537496369,0.0,0.03286176505742284,0.014643545829779952,0.004373646408497055,0.0,-0.00037438710745511545,0.0,-0.0019558485804622413,0.0,0.0,0.0,0.0,0.0,0.0,0.0,0.0,-0.002148412362514296,-0.0015892373893178593,0.0,-0.004884701005878788,-0.0058321465836907345,0.006291410572807779,0.0,0.0,0.0,0.0,0.0,0.0,0.0,0.0,0.0,0.0,0.0,0.0,0.0,-0.01452342558407446,0.0,-0.003985207214915608,0.0,-0.001848271738375204,-0.002637342959437959,0.0005739021673971264,0.0002284639955942436,0.010932075261302264,0.0,0.0,0.0,0.0,0.0,0.0,0.0,0.0,0.0,0.0,0.0
2024-07-17,0.0,0.0,0.0,-0.0017317659666956848,0.0,0.0,0.0,0.0,0.0,0.0,0.005164129379756813,0.004415583477219953,0.0,0.0027503077241668172,0.0,0.0017050505608299823,0.0,-0.003147598745077568,0.0,-0.04916024942648822,0.0,-0.006977211675301899,-0.0010156148188226488,0.0,0.0,0.0,0.0,0.0,0.0,0.0,0.0,-0.0001705827304319477,0.0,-0.0010326030500014557,-0.000786028281924772,-0.0007056737595967811,0.0,0.0,0.0,0.0,0.0,0.0,0.0,0.0008092905912718334,0.0,0.0,0.0,-0.0010024400957874544,-0.000255134533438495,-0.0011005242446800127,-0.0003475990926196783,3.55569019740676e-05,0.0,-0.0013864964563514155,0.000882642537496369,0.0,0.03286176505742284,0.014643545829779952,0.004373646408497055,0.0,-0.00037438710745511545,0.0,-0.0019558485804622413,0.0,0.0,0.0,0.0,0.0,0.0,0.0,0.0,-0.002148412362514296,-0.0015892373893178593,0.0,-0.004884701005878788,-0.0058321465836907345,0.006291410572807779,0.0,0.0,0.0,0.0,0.0,0.0,0.0,0.0,0.0,0.0,0.0,0.0,0.0,-0.01452342558407446,0.0,-0.003985207214915608,0.0,-0.001848271738375204,-0.002637342959437959,0.0005739021673971264,0.0002284639955942436,0.010932075261302264,0.0,0.0,0.0,0.0,0.0,0.0,0.0,0.0,0.0,0.0,0.0
2024-07-24,0.0,0.0,0.0,-0.0017317659666956848,0.0,0.0,0.0,0.0,0.0,0.0,0.005164129379756813,0.004415583477219953,0.0,0.0005698727036058497,0.0,0.0017050505608299823,0.0,-0.003147598745077568,0.0,-0.04882635579122553,0.0,-0.0072398322596669284,-0.0010156148188226488,0.0,0.0,0.0,0.0,0.0,0.0,0.0,0.0,-0.0001705827304319477,0.0,-0.0010326030500014557,-0.000786028281924772,-0.0007056737595967811,0.0,0.0,0.0,0.0,0.0,0.0,0.0,0.0008092905912718334,0.0,0.0,0.0,-0.0010024400957874544,-0.000255134533438495,-0.0011005242446800127,-0.0003475990926196783,3.55569019740676e-05,0.0,-0.0013864964563514155,0.000882642537496369,0.0,0.03286176505742284,0.014643545829779952,0.010029285631601631,0.0,-0.00037438710745511545,0.0,-0.0019558485804622413,0.0,0.0,0.0,0.0,0.0,0.0,0.0,0.0,-0.002148412362514296,-0.0015892373893178593,0.0,-0.004884701005878788,-0.0058321465836907345,0.006291410572807779,0.0,0.0,0.0,0.0,0.0,0.0,0.0,0.0,0.0,0.0,0.0,0.0,0.0,-0.01452342558407446,0.0,-0.003985207214915608,0.0,-0.001848271738375204,-0.002637342959437959,0.0005739021673971264,0.0002284639955942436,0.010932075261302264,0.0,0.0,0.0,0.0,0.0,0.0,0.0,0.0,0.0,0.0,0.0
2024-07-31,0.0,0.0,0.0,-0.0017317659666956848,0.0,0.0,0.0,0.0,0.0,0.0,0.005164129379756813,0.004415583477219953,0.0,0.0005698727036058497,0.0,0.0017050505608299823,0.0,-0.003147598745077568,0.0,-0.04882635579122553,0.0,-0.0072398322596669284,-0.0010156148188226488,0.0,0.0,0.0,0.0,0.0,0.0,0.0,0.0,-0.0001705827304319477,0.0,-0.0010326030500014557,-0.000786028281924772,-0.0007056737595967811,0.0,0.0,0.0,0.0,0.0,0.0,0.0,0.0008092905912718334,0.0,0.0,0.0,-0.0010024400957874544,-0.000255134533438495,-0.0011005242446800127,-0.0003475990926196783,3.55569019740676e-05,0.0,-0.0013864964563514155,0.000882642537496369,0.0,0.03286176505742284,0.014643545829779952,0.010029285631601631,0.0,-0.00037438710745511545,0.0,-0.0019558485804622413,0.0,0.0,0.0,0.0,0.0,0.0,0.0,0.0,-0.002148412362514296,-0.0015892373893178593,0.0,-0.004884701005878788,-0.0058321465836907345,0.006291410572807779,0.0,0.0,0.0,0.0,0.0,0.0,0.0,0.0,0.0,0.0,0.0,0.0,0.0,-0.01452342558407446,0.0,-0.003985207214915608,0.0,-0.001848271738375204,-0.002637342959437959,0.0005739021673971264,0.0002284639955942436,0.010932075261302264,0.0,0.0,0.0,0.0,0.0,0.0,0.0,0.0,0.0,0.0,0.0
2024-08-07,0.0,0.0,0.0,-0.0017317659666956848,0.0,0.0,0.0,0.0,0.0,0.0,0.005354502548470825,0.004415583477219953,0.0,0.00012827786588265366,0.0,0.0017050505608299823,0.0,-0.003147598745077568,0.0,-0.04917762291508291,0.0,-0.0072398322596669284,-0.0010156148188226488,0.0,0.0,0.0,0.0,0.0,0.0,0.0,0.0,-0.0001705827304319477,0.0,-0.0010326030500014557,-0.000786028281924772,-0.0007056737595967811,0.0,0.0,0.0,0.0,0.0,0.0,0.0,0.0008092905912718334,0.0,0.0,0.0,5.9528744088306775e-05,-0.000255134533438495,-0.0011005242446800127,-0.0003475990926196783,3.55569019740676e-05,0.0,-0.0013864964563514155,-0.001615048047333782,0.0,0.03286176505742284,0.014643545829779952,0.010029285631601631,0.0,-0.00037438710745511545,0.0,-0.0019558485804622413,0.0,0.0,0.0,0.0,0.0,0.0,0.0,0.0,-0.002148412362514296,-0.0015892373893178593,0.0,0.015865915976588443,-0.0058321465836907345,0.006291410572807779,0.0,0.0,0.0,0.0,0.0,0.0,0.0,0.0,0.0,0.0,0.0,0.0,0.0,-0.013978672353966584,0.0,-0.003985207214915608,0.0,-0.001848271738375204,-0.002637342959437959,0.0005739021673971264,0.0002284639955942436,0.012403266629528793,0.0,0.0,0.0,0.0,0.0,0.0,0.0,0.0,0.0,0.0,0.0
2024-08-14,0.0,0.0,0.0,-0.0017317659666956848,0.0,0.0,0.0,0.0,0.0,0.0,0.005354502548470825,0.004415583477219953,0.0,0.0023087128864436213,0.0,0.0017050505608299823,0.0,-0.003147598745077568,0.0,-0.04852991110707222,0.0,-0.006977211675301899,-0.0010156148188226488,0.0,0.0,0.0,0.0,0.0,0.0,0.0,0.0,-0.0001705827304319477,0.0,-0.0010326030500014557,-0.000786028281924772,-0.0007056737595967811,0.0,0.0,0.0,0.0,0.0,0.0,0.0,0.0008092905912718334,0.0,0.0,0.0,5.9528744088306775e-05,-0.000255134533438495,-0.0011005242446800127,-0.0003475990926196783,3.55569019740676e-05,0.0,-0.0013864964563514155,-0.001615048047333782,0.0,0.03286176505742284,0.014643545829779952,0.010029285631601631,0.0,0.0008032751355293883,0.0,-0.0019558485804622413,0.0,0.0,0.0,0.0,0.0,0.0,0.0,0.0,-0.002148412362514296,-0.0015892373893178593,0.0,0.015865915976588443,-0.00609832380183154,0.006291410572807779,0.0,0.0,0.0,0.0,0.0,0.0,0.0,0.0,0.0,0.0,0.0,0.0,0.0,-0.013978672353966584,0.0,-0.003985207214915608,0.0,-0.001848271738375204,-0.002637342959437959,0.0005739021673971264,-0.0003816908520771297,0.012403266629528793,0.0,0.0,0.0,0.0,0.0,0.0,0.0,0.0,0.0,0.0,0.0
2024-08-21,0.0,0.0,0.0,-0.0017317659666956848,0.0,0.0,0.0,0.0,0.0,0.0,0.005354502548470825,0.004415583477219953,0.0,0.00012827786588265366,0.0,0.0017050505608299823,0.0,-0.003147598745077568,0.0,-0.04852991110707222,0.0,-0.0072398322596669284,-0.0010156148188226488,0.0,0.0,0.0,0.0,0.0,0.0,0.0,0.0,-0.0001705827304319477,0.0,-0.0010326030500014557,0.0005250244683049482,-0.0007056737595967811,0.0,0.0,0.0,0.0,0.0,0.0,0.0,0.0008092905912718334,0.0,0.0,0.0,5.9528744088306775e-05,-0.000255134533438495,-0.0011005242446800127,-0.0003475990926196783,3.55569019740676e-05,0.0,-0.0013864964563514155,-0.001615048047333782,0.0,0.03286176505742284,0.014643545829779952,0.010029285631601631,0.0,0.0008032751355293883,0.0,-0.0019558485804622413,0.0,0.0,0.0,0.0,0.0,0.0,0.0,0.0,-0.002148412362514296,-0.0015892373893178593,0.0,0.014562626610137273,-0.00609832380183154,0.006291410572807779,0.0,0.0,0.0,0.0,0.0,0.0,0.0,0.0,0.0,0.0,0.0,0.0,0.0,-0.013978672353966584,0.0,-0.003985207214915608,0.0,-0.001848271738375204,-0.002637342959437959,0.0005739021673971264,-0.0003816908520771297,0.007085749871957928,0.0,0.0,0.0,0.0,0.0,0.0,0.0,0.0,0.0,0.0,0.0
2024-08-28,0.0,0.0,0.0,-0.0017317659666956848,0.0,0.0,0.0,0.0,0.0,0.0,0.005354502548470825,0.004415583477219953,0.0,0.00012827786588265366,0.0,0.0017050505608299823,0.0,-0.003147598745077568,0.0,-0.04852991110707222,0.0,-0.0072398322596669284,-0.0010156148188226488,0.0,0.0,0.0,0.0,0.0,0.0,0.0,0.0,-0.0001705827304319477,0.0,-0.0010326030500014557,0.0005250244683049482,-0.0007056737595967811,0.0,0.0,0.0,0.0,0.0,0.0,0.0,0.0008092905912718334,0.0,0.0,0.0,5.9528744088306775e-05,-0.000255134533438495,-0.0011005242446800127,-0.0003475990926196783,3.55569019740676e-05,0.0,-0.0013864964563514155,-0.001615048047333782,0.0,0.03286176505742284,0.014643545829779952,0.010029285631601631,0.0,0.0008032751355293883,0.0,-0.0019558485804622413,0.0,0.0,0.0,0.0,0.0,0.0,0.0,0.0,-0.002148412362514296,-0.0015892373893178593,0.0,0.014562626610137273,-0.00609832380183154,0.006291410572807779,0.0,0.0,0.0,0.0,0.0,0.0,0.0,0.0,0.0,0.0,0.0,0.0,0.0,-0.013978672353966584,0.0,-0.003985207214915608,0.0,-0.001848271738375204,-0.002637342959437959,0.0005739021673971264,-0.0003816908520771297,0.007085749871957928,0.0,0.0,0.0,0.0,0.0,0.0,0.0,0.0,0.0,0.0,0.0
2024-09-04,0.0,0.0,0.0,-0.0017317659666956848,0.0,0.0,0.0,0.0,0.0,0.0,0.005164129379756813,0.004258268159734144,0.0,0.0027503077241668172,0.0,0.0017050505608299823,0.0,-0.003147598745077568,0.0,-0.051235033622910875,0.0,-0.006977211675301899,-0.0010156148188226488,0.0,0.0,0.0,0.0,0.0,0.0,0.0,0.0,-0.0001705827304319477,0.0,-0.0010326030500014557,0.0011906076793334508,-0.0007056737595967811,0.0,0.0,0.0,0.0,0.0,0.0,0.0,-0.0018549581374200938,0.0,0.0,0.0,-0.0010024400957874544,-0.000255134533438495,-0.0011005242446800127,-0.0003475990926196783,-0.00025280090062050495,0.0,-0.0013864964563514155,-0.001615048047333782,0.0,0.03286176505742284,0.014643545829779952,0.010029285631601631,0.0,0.0012712872738330672,0.0,-0.0019558485804622413,0.0,0.0,0.0,0.0,0.0,0.0,0.0,0.0,-0.002148412362514296,-0.0015892373893178593,0.0,-0.006823558646065507,-0.005717091924147192,-0.010750905376413895,0.0,0.0,0.0,0.0,0.0,0.0,0.0,0.0,0.0,0.0,0.0,0.0,0.0,-0.01452342558407446,0.0,-0.003985207214915608,0.0,-0.001848271738375204,-0.00288062511016332,-0.0006219369853434636,-0.0003816908520771297,-0.010686440129517583,0.0,0.0,0.0,0.0,0.0,0.0,0.0,0.0,0.0,0.0,0.0
2024-09-11,0.0,0.0,0.0,-0.0003918736233561711,0.0,0.0,0.0,0.0,0.0,0.0,0.005164129379756813,0.004258268159734144,0.0,0.0027503077241668172,0.0,0.0017050505608299823,0.0,-0.003147598745077568,0.0,-0.051235033622910875,0.0,-0.007950471982520938,-0.0010156148188226488,0.0,0.0,0.0,0.0,0.0,0.0,0.0,0.0,-0.0001705827304319477,0.0,-0.0010326030500014557,0.0011906076793334508,-0.0007056737595967811,0.0,0.0,0.0,0.0,0.0,0.0,0.0,-0.0018549581374200938,0.0,0.0,0.0,-0.0010024400957874544,-0.000255134533438495,-0.0011005242446800127,-0.0003475990926196783,-0.00025280090062050495,0.0,-0.0013864964563514155,-0.001615048047333782,0.0,0.03286176505742284,0.014643545829779952,0.010029285631601631,0.0,0.0012712872738330672,0.0,-0.0019558485804622413,0.0,0.0,0.0,0.0,0.0,0.0,0.0,0.0,-0.002148412362514296,-0.0015892373893178593,0.0,-0.006428006613800591,-0.005717091924147192,-0.010750905376413895,0.0,0.0,0.0,0.0,0.0,0.0,0.0,0.0,0.0,0.0,0.0,0.0,0.0,-0.01452342558407446,0.0,-0.003985207214915608,0.0,-0.001848271738375204,-0.00288062511016332,-0.0006219369853434636,-0.0003816908520771297,-0.012006830717576591,0.0,0.0,0.0,0.0,0.0,0.0,0.0,0.0,0.0,0.0,0.0
2024-09-18,0.0,0.0,0.0,0.00023180182144891666,0.0,0.0,0.0,0.0,0.0,0.0,0.005164129379756813,0.004258268159734144,0.0,0.0005698727036058497,0.0,0.0017050505608299823,0.0,-0.003147598745077568,0.0,-0.05120467253062087,0.0,-0.007452571686391464,-0.0010156148188226488,0.0,0.0,0.0,0.0,0.0,0.0,0.0,0.0,0.0030604781719603385,0.0,-0.0010326030500014557,0.0011906076793334508,-0.0007056737595967811,0.0,0.0,0.0,0.0,0.0,0.0,0.0,-0.0018549581374200938,0.0,0.0,0.0,-0.0010024400957874544,-0.000255134533438495,-0.0011005242446800127,-0.0003475990926196783,-0.00025280090062050495,0.0,-0.0013864964563514155,-0.001615048047333782,0.0,0.03286176505742284,0.014643545829779952,0.010029285631601631,0.0,0.0012712872738330672,0.0,-0.0019558485804622413,0.0,0.0,0.0,0.0,0.0,0.0,0.0,0.0,-0.002148412362514296,-0.0015892373893178593,0.0,-0.006428006613800591,-0.005717091924147192,-0.010750905376413895,0.0,0.0,0.0,0.0,0.0,0.0,0.0,0.0,0.0,0.0,0.0,0.0,0.0,-0.01452342558407446,0.0,-0.003985207214915608,0.0,-0.001848271738375204,-0.00288062511016332,-0.0006219369853434636,-0.0003816908520771297,-0.012006830717576591,0.0,0.0,0.0,0.0,0.0,0.0,0.0,0.0,0.0,0.0,0.0
2024-09-25,0.0,0.0,0.0,0.00023180182144891666,0.0,0.0,0.0,0.0,0.0,0.0,0.005164129379756813,0.004258268159734144,0.0,0.0005698727036058497,0.0,0.0017050505608299823,0.0,-0.003147598745077568,0.0,-0.05120467253062087,0.0,-0.008213092566885969,-0.0010156148188226488,0.0,0.0,0.0,0.0,0.0,0.0,0.0,0.0,-0.0001705827304319477,0.0,-0.0010326030500014557,0.005411754426072254,-0.0007056737595967811,0.0,0.0,0.0,0.0,0.0,0.0,0.0,-0.0018549581374200938,0.0,0.0,0.0,-0.0010024400957874544,-0.000255134533438495,-0.0011005242446800127,-0.0003475990926196783,-0.00025280090062050495,0.0,-0.0013864964563514155,-0.001615048047333782,0.0,0.03286176505742284,0.014643545829779952,0.010029285631601631,0.0,0.0012712872738330672,0.0,-0.0019558485804622413,0.0,0.0,0.0,0.0,0.0,0.0,0.0,0.0,-0.002148412362514296,-0.0015892373893178593,0.0,-0.006823558646065507,-0.005717091924147192,-0.009656089882664521,0.0,0.0,0.0,0.0,0.0,0.0,0.0,0.0,0.0,0.0,0.0,0.0,0.0,-0.01452342558407446,0.0,-0.003985207214915608,0.0,-0.001848271738375204,-0.00288062511016332,-0.0006219369853434636,-0.0003816908520771297,-0.010686440129517583,0.0,0.0,0.0,0.0,0.0,0.0,0.0,0.0,0.0,0.0,0.0
2024-10-02,0.0,0.0,0.0,0.00023180182144891666,0.0,0.0,0.0,0.0,0.0,0.0,0.005164129379756813,0.004258268159734144,0.0,0.0027503077241668172,0.0,0.0026580769257085178,0.0,-0.003147598745077568,0.0,-0.0524643802501087,0.0,-0.007950471982520938,-0.0010156148188226488,0.0,0.0,0.0,0.0,0.0,0.0,0.0,0.0,-0.0001705827304319477,0.0,-0.0010326030500014557,0.005411754426072254,-0.0007056737595967811,0.0,0.0,0.0,0.0,0.0,0.0,0.0,-0.0018549581374200938,0.0,0.0,0.0,-0.0010024400957874544,-0.000255134533438495,-0.0011005242446800127,-0.0003475990926196783,3.55569019740676e-05,0.0,0.0018261172839750342,0.000882642537496369,0.0,0.03286176505742284,0.014643545829779952,0.010029285631601631,0.0,0.0012712872738330672,0.0,-0.0019558485804622413,0.0,0.0,0.0,0.0,0.0,0.0,0.0,0.0,-0.002148412362514296,-0.0015892373893178593,0.0,-0.010779461562516584,-0.00609832380183154,-0.009656089882664521,0.0,0.0,0.0,0.0,0.0,0.0,0.0,0.0,0.0,0.0,0.0,0.0,0.0,-0.01452342558407446,0.0,0.003089797283876139,0.0,-0.001848271738375204,-0.00288062511016332,-0.0006219369853434636,-0.0003816908520771297,0.0038032204798594,0.0,0.0,0.0,0.0,0.0,0.0,0.0,0.0,0.0,0.0,0.0
2024-10-09,0.0,0.0,0.0,0.00023180182144891666,0.0,0.0,0.0,0.0,0.0,0.0,0.005164129379756813,0.004258268159734144,0.0,0.0027503077241668172,0.0,-0.00951068628992447,0.0,-0.003147598745077568,0.0,-0.05248016910646576,0.0,-0.007950471982520938,-0.0010156148188226488,0.0,0.0,0.0,0.0,0.0,0.0,0.0,0.0,-0.0001705827304319477,0.0,-0.0010326030500014557,0.004650923357211151,-0.0007056737595967811,0.0,0.0,0.0,0.0,0.0,0.0,0.0,-0.0018549581374200938,0.0,0.0,0.0,-0.0010024400957874544,-0.000255134533438495,-0.0011005242446800127,-0.0003117058433052269,3.55569019740676e-05,0.0,0.0018261172839750342,0.000882642537496369,0.0,0.03286176505742284,0.014643545829779952,0.010029285631601631,0.0,0.0012712872738330672,0.0,-0.0019558485804622413,0.0,0.0,0.0,0.0,0.0,0.0,0.0,0.0,-0.002148412362514296,-0.0015892373893178593,0.0,-0.010779461562516584,-0.00609832380183154,-0.009656089882664521,0.0,0.0,0.0,0.0,0.0,0.0,0.0,0.0,0.0,0.0,0.0,0.0,0.0,-0.01452342558407446,0.0,0.001717691949374176,0.0,-0.001848271738375204,-0.00288062511016332,-0.0006219369853434636,-0.0003816908520771297,0.005608986848662356,0.0,0.0,0.0,0.0,0.0,0.0,0.0,0.0,0.0,0.0,0.0
2024-10-16,0.0,0.0,0.0,0.0005594013414092909,0.0,0.0,0.0,0.0,0.0,0.0,0.0050066795714670456,0.004258268159734144,0.0,0.0027503077241668172,0.0,0.0023528430072206033,0.0,0.0006277359884888155,0.0,0.06539893574971631,0.0,-0.00823399391840823,-0.00022082693316618742,0.0,0.0,0.0,0.0,0.0,0.0,0.0,0.0,-0.0009976536089564047,0.0,-0.0010326030500014557,0.005411754426072254,0.003239919453782305,0.0,0.0,0.0,0.0,0.0,0.0,0.0,-0.0006246959533316248,0.0,0.0,0.0,-0.0010024400957874544,-0.000255134533438495,-0.0012985899714511662,-0.0003475990926196783,3.55569019740676e-05,0.0,0.000807438748636221,0.0005596342757951398,0.0,0.03286176505742284,0.013586719100462254,0.009484850798041511,0.0,0.0029632978801927713,0.0,-0.0019558485804622413,0.0,0.0,0.0,0.0,0.0,0.0,0.0,0.0,-0.004318993298322358,-0.0015892373893178593,0.0,-0.010779461562516584,-0.006375524333429656,-0.009656089882664521,0.0,0.0,0.0,0.0,0.0,0.0,0.0,0.0,0.0,0.0,0.0,0.0,0.0,-0.013755563614530767,0.0,0.004434419283863439,0.0,-0.001848271738375204,-0.0024353886263727997,-0.0006219369853434636,-0.0010997165927617613,0.004110291804702195,0.0,0.0,0.0,0.0,0.0,0.0,0.0,0.0,0.0,0.0,0.0
2024-10-23,0.0,0.0,0.0,0.0005594013414092909,0.0,0.0,0.0,0.0,0.0,0.0,0.0050066795714670456,0.004258268159734144,0.0,0.0027503077241668172,0.0,0.0026580769257085178,0.0,0.0006277359884888155,0.0,0.04068464618429515,0.0,-0.007473473037913726,-0.00022082693316618742,0.0,0.0,0.0,0.0,0.0,0.0,0.0,0.0,0.0022334072934358812,0.0,-0.0010326030500014557,0.004650923357211151,0.005521290640710858,0.0,0.0,0.0,0.0,0.0,0.0,0.0,-0.0006246959533316248,0.0,0.0,0.0,-0.0010024400957874544,-0.000255134533438495,-0.0011005242446800127,-0.0003475990926196783,3.55569019740676e-05,0.0,0.000807438748636221,0.000882642537496369,0.0,0.03286176505742284,0.014467909739614196,0.009484850798041511,0.0,0.0029632978801927713,0.0,-0.0019558485804622413,0.0,0.0,0.0,0.0,0.0,0.0,0.0,0.0,-0.004318993298322358,-0.0015892373893178593,0.0,-0.010779461562516584,-0.006375524333429656,-0.009656089882664521,0.0,0.0,0.0,0.0,0.0,0.0,0.0,0.0,0.0,0.0,0.0,0.0,0.0,-0.013837810561166007,0.0,0.004167908508331498,0.0,-0.001848271738375204,-0.0024353886263727997,-0.0006219369853434636,-0.0010997165927617613,0.005916058173505151,0.0,0.0,0.0,0.0,0.0,0.0,0.0,0.0,0.0,0.0,0.0
2024-10-30,0.0,0.0,0.0,0.0005594013414092909,0.0,0.0,0.0,0.0,0.0,0.0,0.0050066795714670456,0.004258268159734144,0.0,0.0027503077241668172,0.0,0.0026580769257085178,0.0,0.0006277359884888155,0.0,0.040192546930721405,0.0,-0.006084051755528824,-0.00022082693316618742,0.0,0.0,0.0,0.0,0.0,0.0,0.0,0.0,0.0007664708428054359,0.0,-0.0010326030500014557,0.005411754426072254,0.005521290640710858,0.0,0.0,0.0,0.0,0.0,0.0,0.0,-0.0006246959533316248,0.0,0.0,0.0,-0.0010024400957874544,-0.000255134533438495,-0.0011005242446800127,-0.0003475990926196783,3.55569019740676e-05,0.0,0.000807438748636221,0.000882642537496369,0.0,0.03286176505742284,0.014467909739614196,0.009484850798041511,0.0,0.0029632978801927713,0.0,-0.0019558485804622413,0.0,0.0,0.0,0.0,0.0,0.0,0.0,0.0,-0.004318993298322358,-0.0015892373893178593,0.0,-0.006958339036673383,-0.0057497319399695615,-0.009656089882664521,0.0,0.0,0.0,0.0,0.0,0.0,0.0,0.0,0.0,0.0,0.0,0.0,0.0,-0.013837810561166007,0.0,0.004167908508331498,0.0,-0.001848271738375204,-0.0024353886263727997,-0.0006219369853434636,-0.0010997165927617613,-0.008394670413571885,0.0,0.0,0.0,0.0,0.0,0.0,0.0,0.0,0.0,0.0,0.0
2024-11-06,0.0,0.0,0.0,0.0005594013414092909,0.0,0.0,0.0,0.0,0.0,0.0,0.0050066795714670456,0.004258268159734144,0.0,0.0027503077241668172,0.0,0.0017050505608299823,0.0,0.0006277359884888155,0.0,0.028625466497750753,0.0,-0.007473473037913726,-0.00022082693316618742,0.0,0.0,0.0,0.0,0.0,0.0,0.0,0.0,0.0022334072934358812,0.0,-0.0010326030500014557,0.005411754426072254,0.005521290640710858,0.0,0.0,0.0,0.0,0.0,0.0,0.0,0.0002725455347148773,0.0,0.0,0.0,-0.0010024400957874544,-0.000255134533438495,-0.0011005242446800127,-0.0003475990926196783,3.55569019740676e-05,0.0,0.000807438748636221,0.000882642537496369,0.0,0.03426779577527149,0.014467909739614196,0.009484850798041511,0.0,0.0029632978801927713,0.0,0.0004219198034635182,0.0,0.0,0.0,0.0,0.0,0.0,0.0,0.0,-0.004318993298322358,-0.0015892373893178593,0.0,-0.006958339036673383,-0.0057497319399695615,-0.009656089882664521,0.0,0.0,0.0,0.0,0.0,0.0,0.0,0.0,0.0,0.0,0.0,0.0,0.0,-0.013837810561166007,0.0,-0.0019586415108011107,0.0,-0.001848271738375204,-0.002678882576316598,-0.0006219369853434636,-0.0010997165927617613,-0.008394670413571885,0.0,0.0,0.0,0.0,0.0,0.0,0.0,0.0,0.0,0.0,0.0
2024-11-13,0.0,0.0,0.0,0.0005594013414092909,0.0,0.0,0.0,0.0,0.0,0.0,0.0050066795714670456,0.004258268159734144,0.0,0.0027503077241668172,0.0,0.0017050505608299823,0.0,0.0006277359884888155,0.0,0.03946235196744792,0.0,-0.007473473037913726,-0.00022082693316618742,0.0,0.0,0.0,0.0,0.0,0.0,0.0,0.0,0.0022334072934358812,0.0,-0.0010326030500014557,0.005411754426072254,0.005521290640710858,0.0,0.0,0.0,0.0,0.0,0.0,0.0,0.0002725455347148773,0.0,0.0,0.0,-0.0010024400957874544,-0.000255134533438495,-0.0011005242446800127,-0.0003475990926196783,3.55569019740676e-05,0.0,0.000807438748636221,0.000882642537496369,0.0,0.03426779577527149,0.014467909739614196,0.009484850798041511,0.0,0.0029632978801927713,0.0,0.0004219198034635182,0.0,0.0,0.0,0.0,0.0,0.0,0.0,0.0,-0.004318993298322358,-0.0015892373893178593,0.0,-0.006958339036673383,-0.0057497319399695615,-0.009656089882664521,0.0,0.0,0.0,0.0,0.0,0.0,0.0,0.0,0.0,0.0,0.0,0.0,0.0,-0.013837810561166007,0.0,-0.001816431289882596,0.0,-0.001848271738375204,-0.0024353886263727997,-0.0006219369853434636,-0.0010997165927617613,-0.008394670413571885,0.0,0.0,0.0,0.0,0.0,0.0,0.0,0.0,0.0,0.0,0.0
2024-11-20,0.0,0.0,0.0,0.0005594013414092909,0.0,0.0,0.0,0.0,0.0,0.0,0.0050066795714670456,0.004258268159734144,0.0,0.0027503077241668172,0.0,0.0017050505608299823,0.0,0.0006277359884888155,0.0,-0.0006160885223647978,0.0,-0.007473473037913726,-0.0010156148188226488,0.0,0.0,0.0,0.0,0.0,0.0,0.0,0.0,0.0022334072934358812,0.0,-0.0010326030500014557,0.005411754426072254,0.005521290640710858,0.0,0.0,0.0,0.0,0.0,0.0,0.0,0.0008092905912718334,0.0,0.0,0.0,-0.0010024400957874544,-0.000255134533438495,-0.0011005242446800127,-0.0003475990926196783,3.55569019740676e-05,0.0,0.000807438748636221,0.000882642537496369,0.0,0.03426779577527149,0.014467909739614196,0.009457962729681035,0.0,0.0029632978801927713,0.0,0.0004219198034635182,0.0,0.0,0.0,0.0,0.0,0.0,0.0,0.0,-0.004318993298322358,-0.0015892373893178593,0.0,-0.006958339036673383,-0.005472531408371445,-0.009656089882664521,0.0,0.0,0.0,0.0,0.0,0.0,0.0,0.0,0.0,0.0,0.0,0.0,0.0,-0.01452342558407446,0.0,-0.0019586415108011107,0.0,-0.001848271738375204,-0.00288062511016332,-0.0006219369853434636,-0.0010997165927617613,-0.008121904891401546,0.0,0.0,0.0,0.0,0.0,0.0,0.0,0.0,0.0,0.0,0.0
2024-11-27,0.0,0.0,0.0,0.00023180182144891666,0.0,0.0,0.0,0.0,0.0,0.0,0.005164129379756813,0.004258268159734144,0.0,0.0005698727036058497,0.0,0.0017050505608299823,0.0,0.0006277359884888155,0.0,-0.02888183518506931,0.0,-0.007736093622278756,-0.0010156148188226488,0.0,0.0,0.0,0.0,0.0,0.0,0.0,0.0,0.0022334072934358812,0.0,-0.0010326030500014557,0.005411754426072254,0.005521290640710858,0.0,0.0,0.0,0.0,0.0,0.0,0.0,0.0008092905912718334,0.0,0.0,0.0,-0.0010024400957874544,-0.000255134533438495,-0.0011005242446800127,-0.0003475990926196783,3.55569019740676e-05,0.0,0.0018261172839750342,0.000882642537496369,0.0,0.03426779577527149,0.014643545829779952,0.010029285631601631,0.0,0.0029632978801927713,0.0,0.0004219198034635182,0.0,0.0,0.0,0.0,0.0,0.0,0.0,0.0,-0.002148412362514296,-0.0015892373893178593,0.0,-0.006958339036673383,-0.005472531408371445,-0.009656089882664521,0.0,0.0,0.0,0.0,0.0,0.0,0.0,0.0,0.0,0.0,0.0,0.0,0.0,-0.01452342558407446,0.0,-0.0019586415108011107,0.0,-0.001848271738375204,-0.00288062511016332,-0.0006219369853434636,-0.0003816908520771297,-0.008121904891401546,0.0,0.0,0.0,0.0,0.0,0.0,0.0,0.0,0.0,0.0,0.0
2024-12-04,0.0,0.0,0.0,0.00023180182144891666,0.0,0.0,0.0,0.0,0.0,0.0,0.005164129379756813,0.004258268159734144,0.0,0.0005698727036058497,0.0,0.0017050505608299823,0.0,0.0006277359884888155,0.0,-0.028614927816524034,0.0,-0.007736093622278756,-0.0010156148188226488,0.0,0.0,0.0,0.0,0.0,0.0,0.0,0.0,0.0022334072934358812,0.0,-0.0010326030500014557,0.005411754426072254,0.005521290640710858,0.0,0.0,0.0,0.0,0.0,0.0,0.0,0.0008092905912718334,0.0,0.0,0.0,-0.0010024400957874544,-0.000255134533438495,-0.0011005242446800127,-0.0003475990926196783,3.55569019740676e-05,0.0,0.0018261172839750342,0.000882642537496369,0.0,0.03426779577527149,0.014643545829779952,0.010029285631601631,0.0,0.0029632978801927713,0.0,0.0004219198034635182,0.0,0.0,0.0,0.0,0.0,0.0,0.0,0.0,-0.002148412362514296,-0.0015892373893178593,0.0,-0.006958339036673383,-0.005472531408371445,-0.009656089882664521,0.0,0.0,0.0,0.0,0.0,0.0,0.0,0.0,0.0,0.0,0.0,0.0,0.0,-0.01452342558407446,0.0,-0.00505696481574006,0.0,-0.001848271738375204,-0.00288062511016332,-0.0006219369853434636,-0.0003816908520771297,-0.008121904891401546,0.0,0.0,0.0,0.0,0.0,0.0,0.0,0.0,0.0,0.0,0.0
2024-12-11,0.0,0.0,0.0,0.00023180182144891666,0.0,0.0,0.0,0.0,0.0,0.0,0.005164129379756813,0.004258268159734144,0.0,0.0005698727036058497,0.0,0.0017050505608299823,0.0,0.0006277359884888155,0.0,-0.028614927816524034,0.0,-0.007736093622278756,-0.0010156148188226488,0.0,0.0,0.0,0.0,0.0,0.0,0.0,0.0,0.0022334072934358812,0.0,-0.0010326030500014557,0.005411754426072254,0.005521290640710858,0.0,0.0,0.0,0.0,0.0,0.0,0.0,0.0008092905912718334,0.0,0.0,0.0,-0.0010024400957874544,-0.000255134533438495,-0.0011005242446800127,-0.0003475990926196783,3.55569019740676e-05,0.0,0.0018261172839750342,0.000882642537496369,0.0,0.03426779577527149,0.014643545829779952,0.010029285631601631,0.0,0.0029632978801927713,0.0,0.0004219198034635182,0.0,0.0,0.0,0.0,0.0,0.0,0.0,0.0,-0.002148412362514296,-0.0015892373893178593,0.0,-0.006958339036673383,-0.005472531408371445,-0.009656089882664521,0.0,0.0,0.0,0.0,0.0,0.0,0.0,0.0,0.0,0.0,0.0,0.0,0.0,-0.01452342558407446,0.0,-0.00505696481574006,0.0,-0.001848271738375204,-0.00288062511016332,-0.0006219369853434636,-0.0003816908520771297,-0.008121904891401546,0.0,0.0,0.0,0.0,0.0,0.0,0.0,0.0,0.0,0.0,0.0
2024-12-18,0.0,0.0,0.0,0.00023180182144891666,0.0,0.0,0.0,0.0,0.0,0.0,0.005164129379756813,0.004258268159734144,0.0,0.0005698727036058497,0.0,0.0017050505608299823,0.0,0.0006277359884888155,0.0,-0.028614927816524034,0.0,-0.00849661450277326,-0.0010156148188226488,0.0,0.0,0.0,0.0,0.0,0.0,0.0,0.0,-0.0009976536089564047,0.0,-0.0010326030500014557,0.005411754426072254,0.005521290640710858,0.0,0.0,0.0,0.0,0.0,0.0,0.0,0.0008092905912718334,0.0,0.0,0.0,-0.0010024400957874544,-0.000255134533438495,-0.0011005242446800127,-0.0003475990926196783,3.55569019740676e-05,0.0,0.0018261172839750342,0.000882642537496369,0.0,0.03426779577527149,0.014643545829779952,0.010029285631601631,0.0,0.0029632978801927713,0.0,0.0004219198034635182,0.0,0.0,0.0,0.0,0.0,0.0,0.0,0.0,-0.002148412362514296,-0.0015892373893178593,0.0,-0.006958339036673383,-0.005472531408371445,-0.009656089882664521,0.0,0.0,0.0,0.0,0.0,0.0,0.0,0.0,0.0,0.0,0.0,0.0,0.0,-0.01452342558407446,0.0,-0.00505696481574006,0.0,-0.001848271738375204,-0.00288062511016332,-0.0006219369853434636,-0.0003816908520771297,-0.008121904891401546,0.0,0.0,0.0,0.0,0.0,0.0,0.0,0.0,0.0,0.0,0.0
2024-12-25,0.0,0.0,0.0,0.00023180182144891666,0.0,0.0,0.0,0.0,0.0,0.0,0.005164129379756813,0.004258268159734144,0.0,0.0005698727036058497,0.0,0.0017050505608299823,0.0,0.0006277359884888155,0.0,-0.028833091001807074,0.0,-0.008806374424001217,-0.0010156148188226488,0.0,0.0,0.0,0.0,0.0,0.0,0.0,0.0,-0.0009976536089564047,0.0,-0.0010326030500014557,0.005411754426072254,0.005521290640710858,0.0,0.0,0.0,0.0,0.0,0.0,0.0,0.0008092905912718334,0.0,0.0,0.0,-0.0010024400957874544,-0.000255134533438495,-0.0011005242446800127,-0.0003475990926196783,3.55569019740676e-05,0.0,0.0018261172839750342,0.000882642537496369,0.0,-0.004794222120591344,0.014643545829779952,0.010029285631601631,0.0,0.0005914159394708126,0.0,0.00021642617096211863,0.0,0.0,0.0,0.0,0.0,0.0,0.0,0.0,-0.0036322773184019248,-0.0015892373893178593,0.0,-0.006958339036673383,-0.005472531408371445,-0.009656089882664521,0.0,0.0,0.0,0.0,0.0,0.0,0.0,0.0,0.0,0.0,0.0,0.0,0.0,-0.01452342558407446,0.0,-0.00505696481574006,0.0,-0.001848271738375204,-0.00288062511016332,-0.0006219369853434636,-0.0003816908520771297,-0.008121904891401546,0.0,0.0,0.0,0.0,0.0,0.0,0.0,0.0,0.0,0.0,0.0
2025-01-01,0.0,0.0,0.0,0.00023180182144891666,0.0,0.0,0.0,0.0,0.0,0.0,0.0052632178204950215,-0.007600042078845024,0.0,-0.006134179538395814,0.0,0.0017050505608299823,0.0,0.0006277359884888155,0.0,-0.04729740760897266,0.0,-0.008806374424001217,-0.0010156148188226488,0.0,0.0,0.0,0.0,0.0,0.0,0.0,0.0,-0.0001705827304319477,0.0,-0.0010326030500014557,0.005411754426072254,0.005521290640710858,0.0,0.0,0.0,0.0,0.0,0.0,0.0,0.0008092905912718334,0.0,0.0,0.0,0.0018222322080204147,-0.000255134533438495,-0.0011005242446800127,-0.0003475990926196783,3.55569019740676e-05,0.0,0.0018261172839750342,0.000882642537496369,0.0,-0.004794222120591344,0.005093404668515073,0.010029285631601631,0.0,0.0008032751355293883,0.0,0.00021642617096211863,0.0,0.0,0.0,0.0,0.0,0.0,0.0,0.0,-0.0036322773184019248,-0.0015892373893178593,0.0,-0.006861248951310209,-0.005472531408371445,-0.009118899517407566,0.0,0.0,0.0,0.0,0.0,0.0,0.0,0.0,0.0,0.0,0.0,0.0,0.0,-0.01452342558407446,0.0,-0.003985207214915608,0.0,-0.001848271738375204,-0.003146865391098293,-0.0006219369853434636,-0.0003816908520771297,-0.007951263605331802,0.0,0.0,0.0,0.0,0.0,0.0,0.0,0.0,0.0,0.0,0.0
2025-01-08,0.0,0.0,0.0,0.00023180182144891666,0.0,0.0,0.0,0.0,0.0,0.0,0.0052632178204950215,-0.007600042078845024,0.0,-0.006134179538395814,0.0,0.0017050505608299823,0.0,0.0006277359884888155,0.0,-0.04729740760897266,0.0,-0.008806374424001217,-0.0010156148188226488,0.0,0.0,0.0,0.0,0.0,0.0,0.0,0.0,-0.0001705827304319477,0.0,-0.0010326030500014557,0.005411754426072254,0.005521290640710858,0.0,0.0,0.0,0.0,0.0,0.0,0.0,0.0008092905912718334,0.0,0.0,0.0,0.0018222322080204147,-0.000255134533438495,-0.0011005242446800127,-0.0003475990926196783,3.55569019740676e-05,0.0,0.0018261172839750342,0.000882642537496369,0.0,-0.004794222120591344,0.005093404668515073,0.010029285631601631,0.0,0.0008032751355293883,0.0,0.00021642617096211863,0.0,0.0,0.0,0.0,0.0,0.0,0.0,0.0,-0.0036322773184019248,-0.0015892373893178593,0.0,-0.006861248951310209,-0.005472531408371445,-0.009118899517407566,0.0,0.0,0.0,0.0,0.0,0.0,0.0,0.0,0.0,0.0,0.0,0.0,0.0,-0.01452342558407446,0.0,-0.003985207214915608,0.0,-0.001848271738375204,-0.003146865391098293,-0.0006219369853434636,-0.0003816908520771297,-0.007951263605331802,0.0,0.0,0.0,0.0,0.0,0.0,0.0,0.0,0.0,0.0,0.0
2025-01-15,0.0,0.0,0.0,0.00023180182144891666,0.0,0.0,0.0,0.0,0.0,0.0,0.005164129379756813,0.004258268159734144,0.0,0.0005698727036058497,0.0,0.0017050505608299823,0.0,0.0006277359884888155,0.0,-0.04986947703241869,0.0,-0.008806374424001217,-0.0010156148188226488,0.0,0.0,0.0,0.0,0.0,0.0,0.0,0.0,-0.0001705827304319477,0.0,-0.0010326030500014557,0.005411754426072254,0.005521290640710858,0.0,0.0,0.0,0.0,0.0,0.0,0.0,0.0008092905912718334,0.0,0.0,0.0,0.0018222322080204147,-0.000255134533438495,-0.0011005242446800127,-0.0003475990926196783,3.55569019740676e-05,0.0,0.0018261172839750342,0.000882642537496369,0.0,-0.004794222120591344,-0.0022834050444342597,0.010029285631601631,0.0,0.0008032751355293883,0.0,0.00021642617096211863,0.0,0.0,0.0,0.0,0.0,0.0,0.0,0.0,-0.0046192330308314124,-0.0015892373893178593,0.0,-0.0064152940100715775,-0.005472531408371445,-0.009656089882664521,0.0,0.0,0.0,0.0,0.0,0.0,0.0,0.0,0.0,0.0,0.0,0.0,0.0,-0.01452342558407446,0.0,-0.003985207214915608,0.0,-0.001848271738375204,-0.00288062511016332,-0.0006219369853434636,-0.0003816908520771297,-0.006630873017272793,0.0,0.0,0.0,0.0,0.0,0.0,0.0,0.0,0.0,0.0,0.0
2025-01-22,0.0,0.0,0.0,0.00023180182144891666,0.0,0.0,0.0,0.0,0.0,0.0,0.005164129379756813,0.004258268159734144,0.0,0.0027503077241668172,0.0,0.0017050505608299823,0.0,0.0006277359884888155,0.0,-0.023293847617954645,0.0,-0.008543753839636186,-0.0010156148188226488,0.0,0.0,0.0,0.0,0.0,0.0,0.0,0.0,-0.0009976536089564047,0.0,-0.0010326030500014557,-0.0015660241017323659,0.005521290640710858,0.0,0.0,0.0,0.0,0.0,0.0,0.0,0.0008092905912718334,0.0,0.0,0.0,0.0018222322080204147,-0.000255134533438495,-0.0011005242446800127,-0.0003475990926196783,3.55569019740676e-05,0.0,0.0018261172839750342,0.000882642537496369,0.0,-0.004794222120591344,-0.0022709606193661545,0.009457962729681035,0.0,0.0005914159394708126,0.0,0.00021642617096211863,0.0,0.0,0.0,0.0,0.0,0.0,0.0,0.0,-0.0046192330308314124,-0.0015892373893178593,0.0,-0.0060197419778066615,-0.005472531408371445,-0.010750905376413895,0.0,0.0,0.0,0.0,0.0,0.0,0.0,0.0,0.0,0.0,0.0,0.0,0.0,-0.01452342558407446,0.0,-0.00505696481574006,0.0,-0.001848271738375204,-0.00288062511016332,-0.0006219369853434636,-0.0010997165927617613,-0.008774366168241765,0.0,0.0,0.0,0.0,0.0,0.0,0.0,0.0,0.0,0.0,0.0
2025-01-29,0.0,0.0,0.0,0.0005594013414092909,0.0,0.0,0.0,0.0,0.0,0.0,0.0050066795714670456,0.004258268159734144,0.0,0.0027503077241668172,0.0,0.0017050505608299823,0.0,0.0006277359884888155,0.0,0.025813362200226724,0.0,-0.008543753839636186,-0.00022082693316618742,0.0,0.0,0.0,0.0,0.0,0.0,0.0,0.0,-0.0009976536089564047,0.0,-0.0010326030500014557,-0.0015660241017323659,0.005521290640710858,0.0,0.0,0.0,0.0,0.0,0.0,0.0,0.0002725455347148773,0.0,0.0,0.0,0.0018222322080204147,-0.000255134533438495,-0.0011005242446800127,-0.0003475990926196783,3.55569019740676e-05,0.0,0.000807438748636221,0.000882642537496369,0.0,-0.004794222120591344,-0.0022709606193661545,0.004440889997663362,0.0,0.0005914159394708126,0.0,0.00021642617096211863,0.0,0.0,0.0,0.0,0.0,0.0,0.0,0.0,-0.0033612241274177126,-0.0015892373893178593,0.0,-0.0060197419778066615,-0.0057497319399695615,-0.010750905376413895,0.0,0.0,0.0,0.0,0.0,0.0,0.0,0.0,0.0,0.0,0.0,0.0,0.0,-0.013837810561166007,0.0,-0.00505696481574006,0.0,-0.001848271738375204,-0.00288062511016332,-0.0006219369853434636,-0.0010997165927617613,-0.009047131690412104,0.0,0.0,0.0,0.0,0.0,0.0,0.0,0.0,0.0,0.0,0.0
2025-02-05,0.0,0.0,0.0,0.0008414924940014191,0.0,0.0,0.0,0.0,0.0,0.0,0.0050066795714670456,0.004258268159734144,0.0,0.0012337139859231788,0.0,0.001399816642342068,0.0,0.00029404739348876563,0.0,0.06466607013940043,0.0,0.03622187407098013,0.00015000617429723333,0.0,0.0,0.0,0.0,0.0,0.0,0.0,0.0,-0.0007163593433337205,0.0,-0.0010326030500014557,-0.0015660241017323659,0.003239919453782305,0.0,0.0,0.0,0.0,0.0,0.0,0.0,0.0002725455347148773,0.0,0.0,0.0,0.0018222322080204147,-0.000255134533438495,-0.0012985899714511662,-0.0003475990926196783,3.55569019740676e-05,0.0,0.000807438748636221,0.0005596342757951398,0.0,-0.004849198857417372,-0.0022278740108271793,0.004440889997663362,0.0,0.0005914159394708126,0.0,0.00021642617096211863,0.0,0.0,0.0,0.0,0.0,0.0,0.0,0.0,-0.0033612241274177126,-0.0015892373893178593,0.0,-0.005489995333488127,-0.0057497319399695615,-0.010750905376413895,0.0,0.0,0.0,0.0,0.0,0.0,0.0,0.0,0.0,0.0,0.0,0.0,0.0,-0.013755563614530767,0.0,-0.00209025486108462,0.0,-0.001848271738375204,-0.0018982317810181124,-0.0006219369853434636,-0.0010997165927617613,-0.013102698802656897,0.0,0.0,0.0,0.0,0.0,0.0,0.0,0.0,0.0,0.0,0.0
2025-02-12,0.0,0.0,0.0,0.0008414924940014191,0.0,0.0,0.0,0.0,0.0,0.0,0.0050066795714670456,0.004258268159734144,0.0,0.0011323585915853653,0.0,0.001399816642342068,0.0,0.00029404739348876563,0.0,0.06456670429869364,0.0,0.03803833311283826,0.00015000617429723333,0.0,0.0,0.0,0.0,0.0,0.0,0.0,0.0,-0.0007163593433337205,0.0,-0.0010326030500014557,-0.0015660241017323659,0.003239919453782305,0.0,0.0,0.0,0.0,0.0,0.0,0.0,0.0002725455347148773,0.0,0.0,0.0,0.0018222322080204147,-0.000255134533438495,-0.0012985899714511662,-0.0003475990926196783,3.55569019740676e-05,0.0,0.000807438748636221,0.0005596342757951398,0.0,-0.004849198857417372,-0.0022278740108271793,-0.0004739521949931978,0.0,0.0005914159394708126,0.0,0.00021642617096211863,0.0,0.0,0.0,0.0,0.0,0.0,0.0,0.0,-0.0033612241274177126,-0.0015892373893178593,0.0,-0.005489995333488127,-0.0057497319399695615,-0.010750905376413895,0.0,0.0,0.0,0.0,0.0,0.0,0.0,0.0,0.0,0.0,0.0,0.0,0.0,-0.013755563614530767,0.0,-0.00209025486108462,0.0,-0.001848271738375204,-0.0018982317810181124,-0.0006219369853434636,-0.0010997165927617613,-0.013102698802656897,0.0,0.0,0.0,0.0,0.0,0.0,0.0,0.0,0.0,0.0,0.0
2025-02-19,0.0,0.0,0.0,0.0008414924940014191,0.0,0.0,0.0,0.0,0.0,0.0,0.0050066795714670456,0.004258268159734144,0.0,0.0011323585915853653,0.0,0.001399816642342068,0.0,0.00029404739348876563,0.0,0.06470566383324027,0.0,0.03803833311283826,0.00015000617429723333,0.0,0.0,0.0,0.0,0.0,0.0,0.0,0.0,0.0008111220672433677,0.0,-0.0010326030500014557,-0.0015660241017323659,0.003239919453782305,0.0,0.0,0.0,0.0,0.0,0.0,0.0,0.0002725455347148773,0.0,0.0,0.0,0.0018222322080204147,-0.000255134533438495,-0.0012985899714511662,-0.0003475990926196783,3.55569019740676e-05,0.0,0.000807438748636221,0.0005596342757951398,0.0,-0.004849198857417372,-0.0022278740108271793,-0.0004739521949931978,0.0,0.0005914159394708126,0.0,0.00021642617096211863,0.0,0.0,0.0,0.0,0.0,0.0,0.0,0.0,-0.0033612241274177126,-0.0015892373893178593,0.0,-0.005489995333488127,-0.0057497319399695615,-0.010750905376413895,0.0,0.0,0.0,0.0,0.0,0.0,0.0,0.0,0.0,0.0,0.0,0.0,0.0,-0.013755563614530767,0.0,-0.00209025486108462,0.0,-0.001848271738375204,-0.0018982317810181124,-0.0006219369853434636,-0.0010997165927617613,-0.013102698802656897,0.0,0.0,0.0,0.0,0.0,0.0,0.0,0.0,0.0,0.0,0.0
2025-02-26,0.0,0.0,0.0,0.0008414924940014191,0.0,0.0,0.0,0.0,0.0,0.0,0.0050066795714670456,0.004258268159734144,0.0,0.0011323585915853653,0.0,0.001399816642342068,0.0,0.00029404739348876563,0.0,0.06470566383324027,0.0,0.03803833311283826,0.00015000617429723333,0.0,0.0,0.0,0.0,0.0,0.0,0.0,0.0,0.0008111220672433677,0.0,0.00710002538380158,-0.0015660241017323659,0.003239919453782305,0.0,0.0,0.0,0.0,0.0,0.0,0.0,0.0002725455347148773,0.0,0.0,0.0,0.0018222322080204147,-0.000255134533438495,-0.0012985899714511662,-0.0003475990926196783,3.55569019740676e-05,0.0,0.000807438748636221,0.0005596342757951398,0.0,-0.004849198857417372,-0.0022278740108271793,-0.0004739521949931978,0.0,0.0005914159394708126,0.0,0.00021642617096211863,0.0,0.0,0.0,0.0,0.0,0.0,0.0,0.0,-0.0033612241274177126,-0.0015892373893178593,0.0,-0.005489995333488127,-0.0057497319399695615,-0.010750905376413895,0.0,0.0,0.0,0.0,0.0,0.0,0.0,0.0,0.0,0.0,0.0,0.0,0.0,-0.012165568589589748,0.0,-0.00209025486108462,0.0,-0.001848271738375204,-0.0018982317810181124,-0.0006219369853434636,-0.0010997165927617613,-0.013102698802656897,0.0,0.0,0.0,0.0,0.0,0.0,0.0,0.0,0.0,0.0,0.0
2025-03-05,0.0,0.0,0.0,0.0008414924940014191,0.0,0.0,0.0,0.0,0.0,0.0,0.005197052740181058,0.004258268159734144,0.0,0.0006907637538621691,0.0,0.001399816642342068,0.0,-0.0058678960409010205,0.0,0.06470566383324027,0.0,0.035634121772171956,0.00015000617429723333,0.0,0.0,0.0,0.0,0.0,0.0,0.0,0.0,0.0008111220672433677,0.0,0.00710002538380158,-0.0015660241017323659,0.003239919453782305,0.0,0.0,0.0,0.0,0.0,0.0,0.0,0.0002725455347148773,0.0,0.0,0.0,-0.00010821114921137111,-0.002478529609435408,-0.0012985899714511662,-0.0003475990926196783,3.55569019740676e-05,0.0,0.000807438748636221,0.0005596342757951398,0.0,-0.004849198857417372,-0.0022278740108271793,-0.0004739521949931978,0.0,0.0005914159394708126,0.0,0.00021642617096211863,0.0,0.0,0.0,0.0,0.0,0.0,0.0,0.0,-0.0033612241274177126,-0.0015892373893178593,0.0,0.011521820517287992,-0.0057497319399695615,-0.010750905376413895,0.0,0.0,0.0,0.0,0.0,0.0,0.0,0.0,0.0,0.0,0.0,0.0,0.0,-0.011620815359481873,0.0,-0.00209025486108462,0.0,-0.001848271738375204,-0.0018982317810181124,-0.0006219369853434636,-0.0010997165927617613,-0.012676809777806775,0.0,0.0,0.0,0.0,0.0,0.0,0.0,0.0,0.0,0.0,0.0
2025-03-12,0.0,0.0,0.0,0.0008414924940014191,0.0,0.0,0.0,0.0,0.0,0.0,0.005197052740181058,0.004258268159734144,0.0,0.0006907637538621691,0.0,0.001399816642342068,0.0,0.00029404739348876563,0.0,0.06552964790697859,0.0,0.03773720853710806,0.00015000617429723333,0.0,0.0,0.0,0.0,0.0,0.0,0.0,0.0,0.0008111220672433677,0.0,0.00710002538380158,-0.0015660241017323659,-0.0006204165388375327,0.0,0.0,0.0,0.0,0.0,0.0,0.0,0.0002725455347148773,0.0,0.0,0.0,-0.00010821114921137111,-0.002478529609435408,-0.0012985899714511662,-0.0003475990926196783,3.55569019740676e-05,0.0,0.000807438748636221,0.0005596342757951398,0.0,-0.004849198857417372,-0.0022278740108271793,-0.0004739521949931978,0.0,0.0005914159394708126,0.0,0.00021642617096211863,0.0,0.0,0.0,0.0,0.0,0.0,0.0,0.0,-0.005802858254209987,-0.0015892373893178593,0.0,0.011521820517287992,-0.0057497319399695615,-0.010750905376413895,0.0,0.0,0.0,0.0,0.0,0.0,0.0,0.0,0.0,0.0,0.0,0.0,0.0,-0.011620815359481873,0.0,-0.00209025486108462,0.0,-0.001848271738375204,-0.0018982317810181124,-0.0006219369853434636,-0.0010997165927617613,-0.012676809777806775,0.0,0.0,0.0,0.0,0.0,0.0,0.0,0.0,0.0,0.0,0.0
2025-03-19,0.0,0.0,0.0,0.0008414924940014191,0.0,0.0,0.0,0.0,0.0,0.0,0.005197052740181058,0.004258268159734144,0.0,0.0006907637538621691,0.0,0.001399816642342068,0.0,0.00029404739348876563,0.0,0.06552964790697859,0.0,0.03773720853710806,0.00015000617429723333,0.0,0.0,0.0,0.0,0.0,0.0,0.0,0.0,0.0008111220672433677,0.0,-0.0010326030500014557,-0.0015660241017323659,-0.0006204165388375327,0.0,0.0,0.0,0.0,0.0,0.0,0.0,0.0002725455347148773,0.0,0.0,0.0,-0.00010821114921137111,-0.002478529609435408,-0.0012985899714511662,-0.0003475990926196783,3.55569019740676e-05,0.0,0.000807438748636221,0.0005596342757951398,0.0,-0.004849198857417372,-0.0022278740108271793,-0.0004739521949931978,0.0,0.0005914159394708126,0.0,0.00021642617096211863,0.0,0.0,0.0,0.0,0.0,0.0,0.0,0.0,-0.005802858254209987,-0.0015892373893178593,0.0,0.010274233937337807,-0.0057497319399695615,-0.010750905376413895,0.0,0.0,0.0,0.0,0.0,0.0,0.0,0.0,0.0,0.0,0.0,0.0,0.0,-0.013210810384422891,0.0,-0.00209025486108462,0.0,-0.001848271738375204,-0.0018982317810181124,-0.0006219369853434636,-0.0010997165927617613,-0.015640338978080884,0.0,0.0,0.0,0.0,0.0,0.0,0.0,0.0,0.0,0.0,0.0
2025-03-26,0.0,0.0,0.0,0.0008414924940014191,0.0,0.0,0.0,0.0,0.0,0.0,0.005197052740181058,0.004258268159734144,0.0,0.0006907637538621691,0.0,0.001399816642342068,0.0,0.00029404739348876563,0.0,0.06552964790697859,0.0,0.03773720853710806,0.00015000617429723333,0.0,0.0,0.0,0.0,0.0,0.0,0.0,0.0,0.0008111220672433677,0.0,0.00710002538380158,-0.0015660241017323659,-0.0006204165388375327,0.0,0.0,0.0,0.0,0.0,0.0,0.0,0.0002725455347148773,0.0,0.0,0.0,-0.00010821114921137111,-0.002478529609435408,-0.0012985899714511662,-0.0003475990926196783,3.55569019740676e-05,0.0,0.000807438748636221,0.0005596342757951398,0.0,-0.004849198857417372,-0.0022278740108271793,-0.0004739521949931978,0.0,0.0005914159394708126,0.0,0.00021642617096211863,0.0,0.0,0.0,0.0,0.0,0.0,0.0,0.0,-0.005802858254209987,-0.0015892373893178593,0.0,0.010274233937337807,-0.0057497319399695615,-0.010750905376413895,0.0,0.0,0.0,0.0,0.0,0.0,0.0,0.0,0.0,0.0,0.0,0.0,0.0,-0.011620815359481873,0.0,-0.00209025486108462,0.0,-0.001848271738375204,-0.0018982317810181124,-0.0006219369853434636,-0.0010997165927617613,-0.015640338978080884,0.0,0.0,0.0,0.0,0.0,0.0,0.0,0.0,0.0,0.0,0.0
2025-04-02,0.0,0.0,0.0,-0.00622160199853591,0.0,0.0,0.0,0.0,0.0,0.0,0.005197052740181058,0.004258268159734144,0.0,0.0006907637538621691,0.0,0.0023528430072206033,0.0,0.00029404739348876563,0.0,0.06575568100447697,0.0,0.03529973036298592,0.00015000617429723333,0.0,0.0,0.0,0.0,0.0,0.0,0.0,0.0,0.0008111220672433677,0.0,0.00710002538380158,-0.0015660241017323659,-0.0006204165388375327,0.0,0.0,0.0,0.0,0.0,0.0,0.0,0.0002725455347148773,0.0,0.0,0.0,5.9528744088306775e-05,0.00022791076868371572,0.005416769474759859,-0.0003475990926196783,3.55569019740676e-05,0.0,0.000807438748636221,0.0005596342757951398,0.0,-0.004849198857417372,-0.0022278740108271793,-0.0004739521949931978,0.0,0.0005914159394708126,0.0,0.00021642617096211863,0.0,0.0,0.0,0.0,0.0,0.0,0.0,0.0,-0.005802858254209987,-0.0015892373893178593,0.0,0.017070072343443803,-0.0046789053371775,-0.010750905376413895,0.0,0.0,0.0,0.0,0.0,0.0,0.0,0.0,0.0,0.0,0.0,0.0,0.0,-0.011620815359481873,0.0,0.004434419283863439,0.0,-0.001848271738375204,-0.0018982317810181124,-0.0006219369853434636,-0.0010997165927617613,-0.015640338978080884,0.0,0.0,0.0,0.0,0.0,0.0,0.0,0.0,0.0,0.0,0.0
